batch_id,buy_order_id,sell_order_id,symbol,execution_price,executed_quantity,execution_timestamp
batch_0001,order_00000028,order_00000040,ETH-USD,1800.23,225,2026-01-01T00:00:39Z
batch_0001,order_00000081,order_00000040,ETH-USD,1800.23,577,2026-01-01T00:01:20Z
batch_0001,order_00000066,order_00000040,ETH-USD,1800.23,3,2026-01-01T00:01:05Z
batch_0001,order_00000015,order_00000040,ETH-USD,1800.23,136,2026-01-01T00:00:39Z
batch_0001,order_00000015,order_00000096,ETH-USD,1814.41,161,2026-01-01T00:01:35Z
batch_0001,order_00000080,order_00000096,ETH-USD,1814.41,398,2026-01-01T00:01:35Z
batch_0001,order_00000080,order_00000014,ETH-USD,1827.82,372,2026-01-01T00:01:19Z
batch_0001,order_00000098,order_00000014,ETH-USD,1827.82,350,2026-01-01T00:01:37Z
batch_0001,order_00000098,order_00000095,ETH-USD,1830.1,115,2026-01-01T00:01:37Z
batch_0001,order_00000098,order_00000012,ETH-USD,1831.52,388,2026-01-01T00:01:37Z
batch_0001,order_00000098,order_00000058,ETH-USD,1839.37,68,2026-01-01T00:01:37Z
batch_0001,order_00000041,order_00000058,ETH-USD,1839.37,115,2026-01-01T00:00:57Z
batch_0001,order_00000046,order_00000058,ETH-USD,1839.37,217,2026-01-01T00:00:57Z
batch_0001,order_00000075,order_00000058,ETH-USD,1839.37,262,2026-01-01T00:01:14Z
batch_0001,order_00000075,order_00000009,ETH-USD,1840.88,345,2026-01-01T00:01:14Z
batch_0001,order_00000075,order_00000044,ETH-USD,1851.36,129,2026-01-01T00:01:14Z
batch_0001,order_00000075,order_00000069,ETH-USD,1861.92,229,2026-01-01T00:01:14Z
batch_0001,order_00000042,order_00000069,ETH-USD,1861.92,247,2026-01-01T00:01:08Z
batch_0001,order_00000065,order_00000069,ETH-USD,1861.92,23,2026-01-01T00:01:08Z
batch_0001,order_00000065,order_00000024,ETH-USD,1885.05,196,2026-01-01T00:01:04Z
batch_0001,order_00000057,order_00000024,ETH-USD,1885.05,127,2026-01-01T00:00:56Z
batch_0001,order_00000057,order_00000064,ETH-USD,1894.55,352,2026-01-01T00:01:03Z
batch_0001,order_00000052,order_00000064,ETH-USD,1894.55,33,2026-01-01T00:01:03Z
batch_0001,order_00000062,order_00000064,ETH-USD,1894.55,485,2026-01-01T00:01:03Z
batch_0001,order_00000062,order_00000083,ETH-USD,1897.71,398,2026-01-01T00:01:22Z
batch_0001,order_00000072,order_00000083,ETH-USD,1897.71,503,2026-01-01T00:01:22Z
batch_0001,order_00000072,order_00000090,ETH-USD,1905.59,439,2026-01-01T00:01:29Z
batch_0001,order_00000091,order_00000090,ETH-USD,1905.59,435,2026-01-01T00:01:30Z
batch_0001,order_00000091,order_00000045,ETH-USD,1906.02,170,2026-01-01T00:01:30Z
batch_0001,order_00000091,order_00000082,ETH-USD,1906.08,325,2026-01-01T00:01:30Z
batch_0001,order_00000063,order_00000082,ETH-USD,1906.08,194,2026-01-01T00:01:21Z
batch_0001,order_00000063,order_00000092,ETH-USD,1910.67,360,2026-01-01T00:01:31Z
batch_0001,order_00000043,order_00000092,ETH-USD,1910.67,490,2026-01-01T00:01:31Z
batch_0001,order_00000043,order_00000008,ETH-USD,1911.15,8,2026-01-01T00:00:42Z
batch_0001,order_00000030,order_00000008,ETH-USD,1911.15,164,2026-01-01T00:00:29Z
batch_0001,order_00000026,order_00000008,ETH-USD,1911.15,177,2026-01-01T00:00:25Z
batch_0001,order_00000026,order_00000016,ETH-USD,1911.19,76,2026-01-01T00:00:25Z
batch_0001,order_00000089,order_00000016,ETH-USD,1911.19,216,2026-01-01T00:01:28Z
batch_0001,order_00000005,order_00000016,ETH-USD,1911.19,98,2026-01-01T00:00:15Z
batch_0001,order_00000005,order_00000086,ETH-USD,1919.75,106,2026-01-01T00:01:25Z
batch_0001,order_00000074,order_00000086,ETH-USD,1919.75,70,2026-01-01T00:01:25Z
batch_0001,order_00000056,order_00000086,ETH-USD,1919.75,100,2026-01-01T00:01:25Z
batch_0001,order_00000079,order_00000086,ETH-USD,1919.75,292,2026-01-01T00:01:25Z
batch_0001,order_00000079,order_00000017,ETH-USD,1948.07,167,2026-01-01T00:01:18Z
batch_0001,order_00000079,order_00000048,ETH-USD,1949.37,229,2026-01-01T00:01:18Z
batch_0001,order_00000025,order_00000048,ETH-USD,1949.37,437,2026-01-01T00:00:47Z
batch_0001,order_00000025,order_00000031,ETH-USD,1952.65,395,2026-01-01T00:00:30Z
batch_0001,order_00000025,order_00000097,ETH-USD,1971.91,105,2026-01-01T00:01:36Z
batch_0001,order_00000093,order_00000097,ETH-USD,1971.91,47,2026-01-01T00:01:36Z
batch_0001,order_00000093,order_00000006,ETH-USD,1979.68,87,2026-01-01T00:01:32Z
batch_0001,order_00000051,order_00000006,ETH-USD,1979.68,139,2026-01-01T00:00:50Z
batch_0001,order_00000051,order_00000067,ETH-USD,1982.0,586,2026-01-01T00:01:06Z
batch_0001,order_00000070,order_00000067,ETH-USD,1982.0,60,2026-01-01T00:01:09Z
batch_0001,order_00000100,order_00000067,ETH-USD,1982.0,158,2026-01-01T00:01:39Z
batch_0001,order_00000100,order_00000011,ETH-USD,1983.77,641,2026-01-01T00:01:39Z
batch_0001,order_00000094,order_00000011,ETH-USD,1983.77,107,2026-01-01T00:01:33Z
batch_0001,order_00000094,order_00000077,ETH-USD,2009.11,346,2026-01-01T00:01:33Z
batch_0001,order_00000084,order_00000077,ETH-USD,2009.11,233,2026-01-01T00:01:23Z
batch_0002,order_00000215,order_00000219,ETH-USD,1801.07,161,2026-01-01T00:03:38Z
batch_0002,order_00000215,order_00000330,ETH-USD,1805.94,135,2026-01-01T00:05:29Z
batch_0002,order_00000215,order_00000160,ETH-USD,1810.79,307,2026-01-01T00:03:34Z
batch_0002,order_00000328,order_00000160,ETH-USD,1810.79,240,2026-01-01T00:05:27Z
batch_0002,order_00000328,order_00000161,ETH-USD,1810.84,640,2026-01-01T00:05:27Z
batch_0002,order_00000113,order_00000161,ETH-USD,1810.84,39,2026-01-01T00:02:40Z
batch_0002,order_00000113,order_00000239,ETH-USD,1814.68,564,2026-01-01T00:03:58Z
batch_0002,order_00000113,order_00000295,ETH-USD,1815.77,383,2026-01-01T00:04:54Z
batch_0002,order_00000320,order_00000295,ETH-USD,1815.77,279,2026-01-01T00:05:19Z
batch_0002,order_00000320,order_00000233,ETH-USD,1816.09,591,2026-01-01T00:05:19Z
batch_0002,order_00000320,order_00000514,ETH-USD,1816.48,54,2026-01-01T00:08:33Z
batch_0002,order_00000205,order_00000514,ETH-USD,1816.48,47,2026-01-01T00:08:33Z
batch_0002,order_00000246,order_00000514,ETH-USD,1816.48,30,2026-01-01T00:08:33Z
batch_0002,order_00000364,order_00000514,ETH-USD,1816.48,447,2026-01-01T00:08:33Z
batch_0002,order_00000364,order_00000571,ETH-USD,1816.83,202,2026-01-01T00:09:30Z
batch_0002,order_00000268,order_00000571,ETH-USD,1816.83,96,2026-01-01T00:09:30Z
batch_0002,order_00000268,order_00000261,ETH-USD,1817.46,421,2026-01-01T00:04:27Z
batch_0002,order_00000268,order_00000460,ETH-USD,1817.73,137,2026-01-01T00:07:39Z
batch_0002,order_00000268,order_00000536,ETH-USD,1818.1,147,2026-01-01T00:08:55Z
batch_0002,order_00000389,order_00000536,ETH-USD,1818.1,228,2026-01-01T00:08:55Z
batch_0002,order_00000389,order_00000244,ETH-USD,1820.64,517,2026-01-01T00:06:28Z
batch_0002,order_00000200,order_00000244,ETH-USD,1820.64,262,2026-01-01T00:04:03Z
batch_0002,order_00000200,order_00000225,ETH-USD,1823.86,74,2026-01-01T00:03:44Z
batch_0002,order_00000200,order_00000494,ETH-USD,1825.98,213,2026-01-01T00:08:13Z
batch_0002,order_00000168,order_00000494,ETH-USD,1825.98,32,2026-01-01T00:08:13Z
batch_0002,order_00000483,order_00000494,ETH-USD,1825.98,393,2026-01-01T00:08:13Z
batch_0002,order_00000300,order_00000494,ETH-USD,1825.98,89,2026-01-01T00:08:13Z
batch_0002,order_00000300,order_00000325,ETH-USD,1827.44,211,2026-01-01T00:05:24Z
batch_0002,order_00000300,order_00000133,ETH-USD,1829.13,545,2026-01-01T00:04:59Z
batch_0002,order_00000123,order_00000133,ETH-USD,1829.13,242,2026-01-01T00:02:12Z
batch_0002,order_00000123,order_00000283,ETH-USD,1829.54,162,2026-01-01T00:04:42Z
batch_0002,order_00000123,order_00000509,ETH-USD,1831.54,277,2026-01-01T00:08:28Z
batch_0002,order_00000415,order_00000509,ETH-USD,1831.54,590,2026-01-01T00:08:28Z
batch_0002,order_00000415,order_00000400,ETH-USD,1836.12,136,2026-01-01T00:06:54Z
batch_0002,order_00000568,order_00000400,ETH-USD,1836.12,740,2026-01-01T00:09:27Z
batch_0002,order_00000568,order_00000130,ETH-USD,1837.35,217,2026-01-01T00:09:27Z
batch_0002,order_00000222,order_00000130,ETH-USD,1837.35,127,2026-01-01T00:03:41Z
batch_0002,order_00000222,order_00000474,ETH-USD,1841.04,113,2026-01-01T00:07:53Z
batch_0002,order_00000107,order_00000474,ETH-USD,1841.04,216,2026-01-01T00:07:53Z
batch_0002,order_00000107,order_00000390,ETH-USD,1841.12,242,2026-01-01T00:06:29Z
batch_0002,order_00000107,order_00000294,ETH-USD,1854.71,379,2026-01-01T00:04:53Z
batch_0002,order_00000488,order_00000294,ETH-USD,1854.71,397,2026-01-01T00:08:07Z
batch_0002,order_00000477,order_00000294,ETH-USD,1854.71,83,2026-01-01T00:07:56Z
batch_0002,order_00000477,order_00000169,ETH-USD,1860.95,637,2026-01-01T00:07:56Z
batch_0002,order_00000477,order_00000101,ETH-USD,1861.82,171,2026-01-01T00:07:56Z
batch_0002,order_00000335,order_00000101,ETH-USD,1861.82,597,2026-01-01T00:05:34Z
batch_0002,order_00000335,order_00000579,ETH-USD,1863.18,206,2026-01-01T00:09:38Z
batch_0002,order_00000313,order_00000579,ETH-USD,1863.18,241,2026-01-01T00:09:38Z
batch_0002,order_00000394,order_00000579,ETH-USD,1863.18,505,2026-01-01T00:09:38Z
batch_0002,order_00000394,order_00000247,ETH-USD,1863.35,442,2026-01-01T00:06:33Z
batch_0002,order_00000265,order_00000247,ETH-USD,1863.35,103,2026-01-01T00:04:24Z
batch_0002,order_00000108,order_00000247,ETH-USD,1863.35,182,2026-01-01T00:04:06Z
batch_0002,order_00000108,order_00000407,ETH-USD,1863.5,625,2026-01-01T00:06:46Z
batch_0002,order_00000108,order_00000105,ETH-USD,1863.68,8,2026-01-01T00:01:47Z
batch_0002,order_00000506,order_00000105,ETH-USD,1863.68,266,2026-01-01T00:08:25Z
batch_0002,order_00000506,order_00000480,ETH-USD,1863.99,667,2026-01-01T00:08:25Z
batch_0002,order_00000380,order_00000480,ETH-USD,1863.99,29,2026-01-01T00:07:59Z
batch_0002,order_00000380,order_00000433,ETH-USD,1864.82,51,2026-01-01T00:07:12Z
batch_0002,order_00000237,order_00000433,ETH-USD,1864.82,108,2026-01-01T00:07:12Z
batch_0002,order_00000491,order_00000433,ETH-USD,1864.82,139,2026-01-01T00:08:10Z
batch_0002,order_00000495,order_00000433,ETH-USD,1864.82,308,2026-01-01T00:08:14Z
batch_0002,order_00000337,order_00000433,ETH-USD,1864.82,384,2026-01-01T00:07:12Z
batch_0002,order_00000337,order_00000507,ETH-USD,1865.86,107,2026-01-01T00:08:26Z
batch_0002,order_00000533,order_00000507,ETH-USD,1865.86,205,2026-01-01T00:08:52Z
batch_0002,order_00000533,order_00000331,ETH-USD,1869.7,17,2026-01-01T00:08:52Z
batch_0002,order_00000533,order_00000329,ETH-USD,1869.8,682,2026-01-01T00:08:52Z
batch_0002,order_00000442,order_00000329,ETH-USD,1869.8,102,2026-01-01T00:07:21Z
batch_0002,order_00000256,order_00000329,ETH-USD,1869.8,34,2026-01-01T00:05:28Z
batch_0002,order_00000256,order_00000183,ETH-USD,1870.45,272,2026-01-01T00:04:15Z
batch_0002,order_00000450,order_00000183,ETH-USD,1870.45,114,2026-01-01T00:07:29Z
batch_0002,order_00000231,order_00000183,ETH-USD,1870.45,60,2026-01-01T00:03:50Z
batch_0002,order_00000231,order_00000103,ETH-USD,1871.74,26,2026-01-01T00:03:50Z
batch_0002,order_00000231,order_00000278,ETH-USD,1872.02,605,2026-01-01T00:04:37Z
batch_0002,order_00000151,order_00000278,ETH-USD,1872.02,207,2026-01-01T00:04:37Z
batch_0002,order_00000151,order_00000505,ETH-USD,1872.79,5,2026-01-01T00:08:24Z
batch_0002,order_00000399,order_00000505,ETH-USD,1872.79,378,2026-01-01T00:08:24Z
batch_0002,order_00000241,order_00000505,ETH-USD,1872.79,219,2026-01-01T00:08:24Z
batch_0002,order_00000241,order_00000556,ETH-USD,1876.31,113,2026-01-01T00:09:15Z
batch_0002,order_00000241,order_00000593,ETH-USD,1877.26,195,2026-01-01T00:09:52Z
batch_0002,order_00000502,order_00000593,ETH-USD,1877.26,420,2026-01-01T00:09:52Z
batch_0002,order_00000570,order_00000593,ETH-USD,1877.26,161,2026-01-01T00:09:52Z
batch_0002,order_00000570,order_00000203,ETH-USD,1877.65,244,2026-01-01T00:09:29Z
batch_0002,order_00000262,order_00000203,ETH-USD,1877.65,609,2026-01-01T00:04:21Z
batch_0002,order_00000262,order_00000134,ETH-USD,1877.77,327,2026-01-01T00:04:21Z
batch_0002,order_00000211,order_00000134,ETH-USD,1877.77,153,2026-01-01T00:03:30Z
batch_0002,order_00000213,order_00000134,ETH-USD,1877.77,110,2026-01-01T00:03:32Z
batch_0002,order_00000213,order_00000573,ETH-USD,1880.83,220,2026-01-01T00:09:32Z
batch_0002,order_00000213,order_00000326,ETH-USD,1886.38,281,2026-01-01T00:05:25Z
batch_0002,order_00000327,order_00000326,ETH-USD,1886.38,152,2026-01-01T00:05:26Z
batch_0002,order_00000430,order_00000326,ETH-USD,1886.38,168,2026-01-01T00:07:09Z
batch_0002,order_00000430,order_00000292,ETH-USD,1887.6,361,2026-01-01T00:07:09Z
batch_0002,order_00000430,order_00000429,ETH-USD,1893.6,300,2026-01-01T00:07:09Z
batch_0002,order_00000167,order_00000429,ETH-USD,1893.6,71,2026-01-01T00:07:08Z
batch_0002,order_00000432,order_00000429,ETH-USD,1893.6,89,2026-01-01T00:07:11Z
batch_0002,order_00000432,order_00000146,ETH-USD,1895.7,200,2026-01-01T00:07:11Z
batch_0002,order_00000333,order_00000146,ETH-USD,1895.7,442,2026-01-01T00:05:32Z
batch_0002,order_00000333,order_00000192,ETH-USD,1896.54,18,2026-01-01T00:05:32Z
batch_0002,order_00000177,order_00000192,ETH-USD,1896.54,70,2026-01-01T00:03:11Z
batch_0002,order_00000177,order_00000527,ETH-USD,1899.31,429,2026-01-01T00:08:46Z
batch_0002,order_00000177,order_00000230,ETH-USD,1900.15,215,2026-01-01T00:03:49Z
batch_0002,order_00000578,order_00000230,ETH-USD,1900.15,404,2026-01-01T00:09:37Z
batch_0002,order_00000578,order_00000165,ETH-USD,1900.91,294,2026-01-01T00:09:37Z
batch_0002,order_00000516,order_00000165,ETH-USD,1900.91,138,2026-01-01T00:08:35Z
batch_0002,order_00000516,order_00000457,ETH-USD,1901.46,78,2026-01-01T00:08:35Z
batch_0002,order_00000171,order_00000457,ETH-USD,1901.46,263,2026-01-01T00:07:36Z
batch_0002,order_00000306,order_00000457,ETH-USD,1901.46,42,2026-01-01T00:07:36Z
batch_0002,order_00000306,order_00000375,ETH-USD,1902.21,647,2026-01-01T00:06:14Z
batch_0002,order_00000376,order_00000375,ETH-USD,1902.21,136,2026-01-01T00:06:15Z
batch_0002,order_00000376,order_00000446,ETH-USD,1902.37,20,2026-01-01T00:07:25Z
batch_0002,order_00000376,order_00000305,ETH-USD,1905.78,15,2026-01-01T00:06:15Z
batch_0002,order_00000376,order_00000472,ETH-USD,1906.69,339,2026-01-01T00:07:51Z
batch_0002,order_00000386,order_00000472,ETH-USD,1906.69,193,2026-01-01T00:07:51Z
batch_0002,order_00000386,order_00000299,ETH-USD,1909.01,125,2026-01-01T00:06:25Z
batch_0002,order_00000546,order_00000299,ETH-USD,1909.01,632,2026-01-01T00:09:05Z
batch_0002,order_00000201,order_00000299,ETH-USD,1909.01,179,2026-01-01T00:04:58Z
batch_0002,order_00000201,order_00000590,ETH-USD,1909.13,43,2026-01-01T00:09:49Z
batch_0002,order_00000296,order_00000590,ETH-USD,1909.13,374,2026-01-01T00:09:49Z
batch_0002,order_00000411,order_00000590,ETH-USD,1909.13,63,2026-01-01T00:09:49Z
batch_0002,order_00000411,order_00000370,ETH-USD,1909.27,196,2026-01-01T00:06:50Z
batch_0002,order_00000199,order_00000370,ETH-USD,1909.27,124,2026-01-01T00:06:09Z
batch_0002,order_00000501,order_00000370,ETH-USD,1909.27,105,2026-01-01T00:08:20Z
batch_0002,order_00000501,order_00000510,ETH-USD,1909.78,565,2026-01-01T00:08:29Z
batch_0002,order_00000501,order_00000397,ETH-USD,1909.87,65,2026-01-01T00:08:20Z
batch_0002,order_00000522,order_00000397,ETH-USD,1909.87,751,2026-01-01T00:08:41Z
batch_0002,order_00000522,order_00000291,ETH-USD,1914.48,132,2026-01-01T00:08:41Z
batch_0002,order_00000381,order_00000291,ETH-USD,1914.48,415,2026-01-01T00:06:20Z
batch_0002,order_00000116,order_00000291,ETH-USD,1914.48,46,2026-01-01T00:04:50Z
batch_0002,order_00000489,order_00000291,ETH-USD,1914.48,267,2026-01-01T00:08:08Z
batch_0002,order_00000377,order_00000291,ETH-USD,1914.48,65,2026-01-01T00:06:16Z
batch_0002,order_00000377,order_00000245,ETH-USD,1915.21,481,2026-01-01T00:06:16Z
batch_0002,order_00000221,order_00000245,ETH-USD,1915.21,290,2026-01-01T00:04:04Z
batch_0002,order_00000414,order_00000245,ETH-USD,1915.21,179,2026-01-01T00:06:53Z
batch_0002,order_00000414,order_00000220,ETH-USD,1916.5,482,2026-01-01T00:06:53Z
batch_0002,order_00000414,order_00000587,ETH-USD,1919.36,10,2026-01-01T00:09:46Z
batch_0002,order_00000414,order_00000121,ETH-USD,1923.71,1,2026-01-01T00:06:53Z
batch_0002,order_00000574,order_00000121,ETH-USD,1923.71,519,2026-01-01T00:09:33Z
batch_0002,order_00000574,order_00000174,ETH-USD,1924.78,57,2026-01-01T00:09:33Z
batch_0002,order_00000176,order_00000174,ETH-USD,1924.78,607,2026-01-01T00:02:55Z
batch_0002,order_00000227,order_00000174,ETH-USD,1924.78,288,2026-01-01T00:03:46Z
batch_0002,order_00000227,order_00000486,ETH-USD,1925.75,192,2026-01-01T00:08:05Z
batch_0002,order_00000289,order_00000486,ETH-USD,1925.75,216,2026-01-01T00:08:05Z
batch_0002,order_00000289,order_00000395,ETH-USD,1929.28,640,2026-01-01T00:06:34Z
batch_0002,order_00000289,order_00000309,ETH-USD,1931.2,30,2026-01-01T00:05:08Z
batch_0002,order_00000519,order_00000309,ETH-USD,1931.2,545,2026-01-01T00:08:38Z
batch_0002,order_00000519,order_00000258,ETH-USD,1932.98,282,2026-01-01T00:08:38Z
batch_0002,order_00000539,order_00000258,ETH-USD,1932.98,72,2026-01-01T00:08:58Z
batch_0002,order_00000539,order_00000508,ETH-USD,1938.41,231,2026-01-01T00:08:58Z
batch_0002,order_00000539,order_00000236,ETH-USD,1939.18,336,2026-01-01T00:08:58Z
batch_0002,order_00000158,order_00000236,ETH-USD,1939.18,146,2026-01-01T00:03:55Z
batch_0002,order_00000158,order_00000439,ETH-USD,1939.83,539,2026-01-01T00:07:18Z
batch_0002,order_00000481,order_00000439,ETH-USD,1939.83,367,2026-01-01T00:08:00Z
batch_0002,order_00000481,order_00000352,ETH-USD,1941.44,256,2026-01-01T00:08:00Z
batch_0002,order_00000314,order_00000352,ETH-USD,1941.44,165,2026-01-01T00:05:51Z
batch_0002,order_00000314,order_00000537,ETH-USD,1945.01,200,2026-01-01T00:08:56Z
batch_0002,order_00000314,order_00000419,ETH-USD,1945.04,15,2026-01-01T00:06:58Z
batch_0002,order_00000140,order_00000419,ETH-USD,1945.04,4,2026-01-01T00:06:58Z
batch_0002,order_00000140,order_00000319,ETH-USD,1945.07,472,2026-01-01T00:05:18Z
batch_0002,order_00000347,order_00000319,ETH-USD,1945.07,321,2026-01-01T00:05:46Z
batch_0002,order_00000119,order_00000319,ETH-USD,1945.07,83,2026-01-01T00:05:18Z
batch_0002,order_00000119,order_00000435,ETH-USD,1948.48,889,2026-01-01T00:07:14Z
batch_0002,order_00000369,order_00000435,ETH-USD,1948.48,7,2026-01-01T00:07:14Z
batch_0002,order_00000369,order_00000365,ETH-USD,1950.48,221,2026-01-01T00:06:08Z
batch_0002,order_00000369,order_00000188,ETH-USD,1951.6,226,2026-01-01T00:06:08Z
batch_0002,order_00000288,order_00000188,ETH-USD,1951.6,459,2026-01-01T00:04:47Z
batch_0002,order_00000288,order_00000341,ETH-USD,1952.36,333,2026-01-01T00:05:40Z
batch_0002,order_00000288,order_00000175,ETH-USD,1958.66,58,2026-01-01T00:04:47Z
batch_0002,order_00000360,order_00000175,ETH-USD,1958.66,327,2026-01-01T00:05:59Z
batch_0002,order_00000360,order_00000595,ETH-USD,1960.33,89,2026-01-01T00:09:54Z
batch_0002,order_00000360,order_00000594,ETH-USD,1962.2,536,2026-01-01T00:09:53Z
batch_0002,order_00000267,order_00000594,ETH-USD,1962.2,383,2026-01-01T00:09:53Z
batch_0002,order_00000267,order_00000317,ETH-USD,1963.25,509,2026-01-01T00:05:16Z
batch_0002,order_00000234,order_00000317,ETH-USD,1963.25,122,2026-01-01T00:05:16Z
batch_0002,order_00000234,order_00000408,ETH-USD,1963.51,397,2026-01-01T00:06:47Z
batch_0002,order_00000234,order_00000316,ETH-USD,1965.95,13,2026-01-01T00:05:15Z
batch_0002,order_00000249,order_00000316,ETH-USD,1965.95,121,2026-01-01T00:05:15Z
batch_0002,order_00000224,order_00000316,ETH-USD,1965.95,231,2026-01-01T00:05:15Z
batch_0002,order_00000180,order_00000316,ETH-USD,1965.95,519,2026-01-01T00:05:15Z
batch_0002,order_00000503,order_00000316,ETH-USD,1965.95,23,2026-01-01T00:08:22Z
batch_0002,order_00000503,order_00000346,ETH-USD,1966.4,302,2026-01-01T00:08:22Z
batch_0002,order_00000515,order_00000346,ETH-USD,1966.4,107,2026-01-01T00:08:34Z
batch_0002,order_00000515,order_00000584,ETH-USD,1967.15,180,2026-01-01T00:09:43Z
batch_0002,order_00000515,order_00000315,ETH-USD,1967.65,554,2026-01-01T00:08:34Z
batch_0002,order_00000515,order_00000137,ETH-USD,1970.06,131,2026-01-01T00:08:34Z
batch_0002,order_00000449,order_00000137,ETH-USD,1970.06,430,2026-01-01T00:07:28Z
batch_0002,order_00000310,order_00000137,ETH-USD,1970.06,65,2026-01-01T00:05:09Z
batch_0002,order_00000340,order_00000137,ETH-USD,1970.06,172,2026-01-01T00:05:39Z
batch_0002,order_00000340,order_00000371,ETH-USD,1971.97,110,2026-01-01T00:06:10Z
batch_0002,order_00000243,order_00000371,ETH-USD,1971.97,244,2026-01-01T00:06:10Z
batch_0002,order_00000243,order_00000473,ETH-USD,1972.24,81,2026-01-01T00:07:52Z
batch_0002,order_00000243,order_00000185,ETH-USD,1974.23,46,2026-01-01T00:04:02Z
batch_0002,order_00000383,order_00000185,ETH-USD,1974.23,431,2026-01-01T00:06:22Z
batch_0002,order_00000383,order_00000384,ETH-USD,1974.68,91,2026-01-01T00:06:23Z
batch_0002,order_00000383,order_00000143,ETH-USD,1978.37,449,2026-01-01T00:06:22Z
batch_0002,order_00000424,order_00000143,ETH-USD,1978.37,113,2026-01-01T00:07:03Z
batch_0002,order_00000424,order_00000475,ETH-USD,1978.37,314,2026-01-01T00:07:54Z
batch_0002,order_00000424,order_00000194,ETH-USD,1979.27,358,2026-01-01T00:07:03Z
batch_0002,order_00000368,order_00000194,ETH-USD,1979.27,145,2026-01-01T00:06:07Z
batch_0002,order_00000368,order_00000445,ETH-USD,1979.44,481,2026-01-01T00:07:24Z
batch_0002,order_00000368,order_00000484,ETH-USD,1979.97,147,2026-01-01T00:08:03Z
batch_0002,order_00000545,order_00000484,ETH-USD,1979.97,549,2026-01-01T00:09:04Z
batch_0002,order_00000545,order_00000144,ETH-USD,1980.03,405,2026-01-01T00:09:04Z
batch_0002,order_00000558,order_00000144,ETH-USD,1980.03,82,2026-01-01T00:09:17Z
batch_0002,order_00000558,order_00000214,ETH-USD,1980.21,390,2026-01-01T00:09:17Z
batch_0002,order_00000558,order_00000322,ETH-USD,1981.89,322,2026-01-01T00:09:17Z
batch_0002,order_00000428,order_00000322,ETH-USD,1981.89,455,2026-01-01T00:07:07Z
batch_0002,order_00000354,order_00000322,ETH-USD,1981.89,67,2026-01-01T00:05:53Z
batch_0002,order_00000354,order_00000242,ETH-USD,1984.79,228,2026-01-01T00:05:53Z
batch_0002,order_00000323,order_00000242,ETH-USD,1984.79,328,2026-01-01T00:05:22Z
batch_0002,order_00000323,order_00000159,ETH-USD,1986.96,327,2026-01-01T00:05:22Z
batch_0002,order_00000575,order_00000159,ETH-USD,1986.96,534,2026-01-01T00:09:34Z
batch_0002,order_00000575,order_00000551,ETH-USD,1989.84,225,2026-01-01T00:09:34Z
batch_0002,order_00000280,order_00000551,ETH-USD,1989.84,387,2026-01-01T00:09:10Z
batch_0002,order_00000280,order_00000580,ETH-USD,1990.28,548,2026-01-01T00:09:39Z
batch_0002,order_00000512,order_00000580,ETH-USD,1990.28,352,2026-01-01T00:09:39Z
batch_0002,order_00000512,order_00000462,ETH-USD,1991.41,613,2026-01-01T00:08:31Z
batch_0002,order_00000126,order_00000462,ETH-USD,1991.41,100,2026-01-01T00:07:41Z
batch_0002,order_00000126,order_00000553,ETH-USD,1992.18,598,2026-01-01T00:09:12Z
batch_0002,order_00000126,order_00000286,ETH-USD,1993.28,107,2026-01-01T00:04:45Z
batch_0002,order_00000210,order_00000286,ETH-USD,1993.28,76,2026-01-01T00:04:45Z
batch_0002,order_00000287,order_00000286,ETH-USD,1993.28,368,2026-01-01T00:04:46Z
batch_0002,order_00000569,order_00000286,ETH-USD,1993.28,125,2026-01-01T00:09:28Z
batch_0002,order_00000431,order_00000286,ETH-USD,1993.28,198,2026-01-01T00:07:10Z
batch_0002,order_00000431,order_00000372,ETH-USD,1994.65,608,2026-01-01T00:07:10Z
batch_0002,order_00000431,order_00000181,ETH-USD,1996.08,164,2026-01-01T00:07:10Z
batch_0002,order_00000170,order_00000181,ETH-USD,1996.08,118,2026-01-01T00:03:00Z
batch_0002,order_00000393,order_00000181,ETH-USD,1996.08,561,2026-01-01T00:06:32Z
batch_0002,order_00000393,order_00000517,ETH-USD,1999.22,32,2026-01-01T00:08:36Z
batch_0002,order_00000393,order_00000542,ETH-USD,2000.03,180,2026-01-01T00:09:01Z
batch_0002,order_00000351,order_00000542,ETH-USD,2000.03,232,2026-01-01T00:09:01Z
batch_0002,order_00000351,order_00000334,ETH-USD,2001.54,463,2026-01-01T00:05:50Z
batch_0002,order_00000351,order_00000405,ETH-USD,2001.82,87,2026-01-01T00:06:44Z
batch_0002,order_00000351,order_00000342,ETH-USD,2002.22,198,2026-01-01T00:05:50Z
batch_0002,order_00000560,order_00000342,ETH-USD,2002.22,213,2026-01-01T00:09:19Z
batch_0002,order_00000455,order_00000342,ETH-USD,2002.22,54,2026-01-01T00:07:34Z
batch_0002,order_00000455,order_00000422,ETH-USD,2003.08,104,2026-01-01T00:07:34Z
batch_0002,order_00000455,order_00000138,ETH-USD,2007.18,381,2026-01-01T00:07:34Z
batch_0002,order_00000466,order_00000138,ETH-USD,2007.18,332,2026-01-01T00:07:45Z
batch_0002,order_00000466,order_00000454,ETH-USD,2009.39,88,2026-01-01T00:07:45Z
batch_0002,order_00000466,order_00000202,ETH-USD,2009.85,415,2026-01-01T00:07:45Z
batch_0002,order_00000166,order_00000202,ETH-USD,2009.85,364,2026-01-01T00:03:21Z
batch_0002,order_00000166,order_00000423,ETH-USD,2010.61,404,2026-01-01T00:07:02Z
batch_0002,order_00000298,order_00000423,ETH-USD,2010.61,501,2026-01-01T00:07:02Z
batch_0002,order_00000298,order_00000179,ETH-USD,2013.1,305,2026-01-01T00:04:57Z
batch_0003,order_00000924,order_00000626,ETH-USD,1801.39,599,2026-01-01T00:15:23Z
batch_0003,order_00001237,order_00000626,ETH-USD,1801.39,256,2026-01-01T00:20:36Z
batch_0003,order_00001237,order_00001185,ETH-USD,1803.52,660,2026-01-01T00:20:36Z
batch_0003,order_00001493,order_00001185,ETH-USD,1803.52,5,2026-01-01T00:24:52Z
batch_0003,order_00001493,order_00000855,ETH-USD,1804.54,626,2026-01-01T00:24:52Z
batch_0003,order_00001069,order_00000855,ETH-USD,1804.54,93,2026-01-01T00:17:48Z
batch_0003,order_00001069,order_00000677,ETH-USD,1804.74,422,2026-01-01T00:17:48Z
batch_0003,order_00001069,order_00001507,ETH-USD,1807.36,189,2026-01-01T00:25:06Z
batch_0003,order_00001468,order_00001507,ETH-USD,1807.36,139,2026-01-01T00:25:06Z
batch_0003,order_00001291,order_00001507,ETH-USD,1807.36,283,2026-01-01T00:25:06Z
batch_0003,order_00000928,order_00001507,ETH-USD,1807.36,74,2026-01-01T00:25:06Z
batch_0003,order_00000928,order_00001234,ETH-USD,1807.45,786,2026-01-01T00:20:33Z
batch_0003,order_00000923,order_00001234,ETH-USD,1807.45,128,2026-01-01T00:20:33Z
batch_0003,order_00000923,order_00001516,ETH-USD,1808.6,701,2026-01-01T00:25:15Z
batch_0003,order_00000683,order_00001516,ETH-USD,1808.6,29,2026-01-01T00:25:15Z
batch_0003,order_00000683,order_00000702,ETH-USD,1811.85,221,2026-01-01T00:11:41Z
batch_0003,order_00000784,order_00000702,ETH-USD,1811.85,114,2026-01-01T00:13:03Z
batch_0003,order_00000784,order_00000901,ETH-USD,1812.43,110,2026-01-01T00:15:00Z
batch_0003,order_00001545,order_00000901,ETH-USD,1812.43,69,2026-01-01T00:25:44Z
batch_0003,order_00001545,order_00000619,ETH-USD,1812.69,484,2026-01-01T00:25:44Z
batch_0003,order_00001545,order_00000671,ETH-USD,1813.53,135,2026-01-01T00:25:44Z
batch_0003,order_00001337,order_00000671,ETH-USD,1813.53,402,2026-01-01T00:22:16Z
batch_0003,order_00001337,order_00001586,ETH-USD,1814.34,518,2026-01-01T00:26:25Z
batch_0003,order_00000986,order_00001586,ETH-USD,1814.34,436,2026-01-01T00:26:25Z
batch_0003,order_00000986,order_00001478,ETH-USD,1814.95,308,2026-01-01T00:24:37Z
batch_0003,order_00000986,order_00001000,ETH-USD,1815.51,228,2026-01-01T00:16:39Z
batch_0003,order_00001467,order_00001000,ETH-USD,1815.51,36,2026-01-01T00:24:26Z
batch_0003,order_00000872,order_00001000,ETH-USD,1815.51,148,2026-01-01T00:16:39Z
batch_0003,order_00000872,order_00000783,ETH-USD,1816.64,381,2026-01-01T00:14:31Z
batch_0003,order_00001598,order_00000783,ETH-USD,1816.64,298,2026-01-01T00:26:37Z
batch_0003,order_00001530,order_00000783,ETH-USD,1816.64,96,2026-01-01T00:25:29Z
batch_0003,order_00001530,order_00000987,ETH-USD,1817.07,130,2026-01-01T00:25:29Z
batch_0003,order_00001530,order_00001508,ETH-USD,1817.39,540,2026-01-01T00:25:29Z
batch_0003,order_00001530,order_00001499,ETH-USD,1817.95,165,2026-01-01T00:25:29Z
batch_0003,order_00001413,order_00001499,ETH-USD,1817.95,287,2026-01-01T00:24:58Z
batch_0003,order_00001413,order_00000810,ETH-USD,1819.36,503,2026-01-01T00:23:32Z
batch_0003,order_00000699,order_00000810,ETH-USD,1819.36,278,2026-01-01T00:13:29Z
batch_0003,order_00000699,order_00000672,ETH-USD,1819.41,486,2026-01-01T00:11:38Z
batch_0003,order_00001023,order_00000672,ETH-USD,1819.41,199,2026-01-01T00:17:02Z
batch_0003,order_00001023,order_00001555,ETH-USD,1819.72,601,2026-01-01T00:25:54Z
batch_0003,order_00001030,order_00001555,ETH-USD,1819.72,385,2026-01-01T00:25:54Z
batch_0003,order_00001030,order_00000965,ETH-USD,1821.42,161,2026-01-01T00:17:09Z
batch_0003,order_00001030,order_00001114,ETH-USD,1821.83,133,2026-01-01T00:18:33Z
batch_0003,order_00000947,order_00001114,ETH-USD,1821.83,495,2026-01-01T00:18:33Z
batch_0003,order_00000947,order_00000791,ETH-USD,1823.74,295,2026-01-01T00:15:46Z
batch_0003,order_00001130,order_00000791,ETH-USD,1823.74,530,2026-01-01T00:18:49Z
batch_0003,order_00001130,order_00000916,ETH-USD,1824.39,119,2026-01-01T00:18:49Z
batch_0003,order_00000655,order_00000916,ETH-USD,1824.39,195,2026-01-01T00:15:15Z
batch_0003,order_00001416,order_00000916,ETH-USD,1824.39,177,2026-01-01T00:23:35Z
batch_0003,order_00001416,order_00000609,ETH-USD,1824.7,115,2026-01-01T00:23:35Z
batch_0003,order_00001416,order_00001032,ETH-USD,1825.53,406,2026-01-01T00:23:35Z
batch_0003,order_00001138,order_00001032,ETH-USD,1825.53,88,2026-01-01T00:18:57Z
batch_0003,order_00001138,order_00000906,ETH-USD,1833.62,516,2026-01-01T00:18:57Z
batch_0003,order_00000946,order_00000906,ETH-USD,1833.62,2,2026-01-01T00:15:45Z
batch_0003,order_00001243,order_00000906,ETH-USD,1833.62,143,2026-01-01T00:20:42Z
batch_0003,order_00001243,order_00000767,ETH-USD,1833.9,437,2026-01-01T00:20:42Z
batch_0003,order_00001532,order_00000767,ETH-USD,1833.9,168,2026-01-01T00:25:31Z
batch_0003,order_00001532,order_00000705,ETH-USD,1834.28,378,2026-01-01T00:25:31Z
batch_0003,order_00000640,order_00000705,ETH-USD,1834.28,12,2026-01-01T00:11:44Z
batch_0003,order_00000640,order_00001267,ETH-USD,1834.3,559,2026-01-01T00:21:06Z
batch_0003,order_00001456,order_00001267,ETH-USD,1834.3,411,2026-01-01T00:24:15Z
batch_0003,order_00001456,order_00000874,ETH-USD,1834.55,230,2026-01-01T00:24:15Z
batch_0003,order_00000892,order_00000874,ETH-USD,1834.55,77,2026-01-01T00:14:51Z
batch_0003,order_00000666,order_00000874,ETH-USD,1834.55,29,2026-01-01T00:14:33Z
batch_0003,order_00000666,order_00000990,ETH-USD,1834.81,69,2026-01-01T00:16:29Z
batch_0003,order_00000666,order_00001301,ETH-USD,1835.26,446,2026-01-01T00:21:40Z
batch_0003,order_00000666,order_00001487,ETH-USD,1836.03,127,2026-01-01T00:24:46Z
batch_0003,order_00001470,order_00001487,ETH-USD,1836.03,390,2026-01-01T00:24:46Z
batch_0003,order_00001470,order_00001019,ETH-USD,1836.16,452,2026-01-01T00:24:29Z
batch_0003,order_00001374,order_00001019,ETH-USD,1836.16,254,2026-01-01T00:22:53Z
batch_0003,order_00001374,order_00000801,ETH-USD,1837.24,4,2026-01-01T00:22:53Z
batch_0003,order_00001306,order_00000801,ETH-USD,1837.24,673,2026-01-01T00:21:45Z
batch_0003,order_00001134,order_00000801,ETH-USD,1837.24,111,2026-01-01T00:18:53Z
batch_0003,order_00001134,order_00000689,ETH-USD,1838.14,13,2026-01-01T00:18:53Z
batch_0003,order_00001546,order_00000689,ETH-USD,1838.14,182,2026-01-01T00:25:45Z
batch_0003,order_00000890,order_00000689,ETH-USD,1838.14,323,2026-01-01T00:14:49Z
batch_0003,order_00000852,order_00000689,ETH-USD,1838.14,89,2026-01-01T00:14:11Z
batch_0003,order_00000948,order_00000689,ETH-USD,1838.14,326,2026-01-01T00:15:47Z
batch_0003,order_00001448,order_00000689,ETH-USD,1838.14,65,2026-01-01T00:24:07Z
batch_0003,order_00001448,order_00001283,ETH-USD,1839.09,590,2026-01-01T00:24:07Z
batch_0003,order_00001448,order_00000995,ETH-USD,1840.08,298,2026-01-01T00:24:07Z
batch_0003,order_00000848,order_00000995,ETH-USD,1840.08,524,2026-01-01T00:16:34Z
batch_0003,order_00001071,order_00000995,ETH-USD,1840.08,141,2026-01-01T00:17:50Z
batch_0003,order_00001071,order_00001454,ETH-USD,1840.49,100,2026-01-01T00:24:13Z
batch_0003,order_00001071,order_00001459,ETH-USD,1841.64,688,2026-01-01T00:24:18Z
batch_0003,order_00000935,order_00001459,ETH-USD,1841.64,217,2026-01-01T00:24:18Z
batch_0003,order_00000935,order_00000748,ETH-USD,1841.82,123,2026-01-01T00:15:34Z
batch_0003,order_00001007,order_00000748,ETH-USD,1841.82,217,2026-01-01T00:16:46Z
batch_0003,order_00000622,order_00000748,ETH-USD,1841.82,155,2026-01-01T00:12:27Z
batch_0003,order_00000622,order_00001133,ETH-USD,1842.78,420,2026-01-01T00:18:52Z
batch_0003,order_00000622,order_00001427,ETH-USD,1842.96,365,2026-01-01T00:23:46Z
batch_0003,order_00001216,order_00001427,ETH-USD,1842.96,423,2026-01-01T00:23:46Z
batch_0003,order_00001186,order_00001427,ETH-USD,1842.96,23,2026-01-01T00:23:46Z
batch_0003,order_00001186,order_00000893,ETH-USD,1843.59,224,2026-01-01T00:19:45Z
batch_0003,order_00000871,order_00000893,ETH-USD,1843.59,375,2026-01-01T00:14:52Z
batch_0003,order_00000871,order_00001565,ETH-USD,1845.67,94,2026-01-01T00:26:04Z
batch_0003,order_00000871,order_00000749,ETH-USD,1846.43,88,2026-01-01T00:14:30Z
batch_0003,order_00000871,order_00000602,ETH-USD,1846.97,133,2026-01-01T00:14:30Z
batch_0003,order_00000984,order_00000602,ETH-USD,1846.97,574,2026-01-01T00:16:23Z
batch_0003,order_00000984,order_00001083,ETH-USD,1847.09,11,2026-01-01T00:18:02Z
batch_0003,order_00001529,order_00001083,ETH-USD,1847.09,622,2026-01-01T00:25:28Z
batch_0003,order_00001529,order_00001137,ETH-USD,1849.29,101,2026-01-01T00:25:28Z
batch_0003,order_00001587,order_00001137,ETH-USD,1849.29,378,2026-01-01T00:26:26Z
batch_0003,order_00000885,order_00001137,ETH-USD,1849.29,124,2026-01-01T00:18:56Z
batch_0003,order_00000885,order_00001213,ETH-USD,1849.29,114,2026-01-01T00:20:12Z
batch_0003,order_00001562,order_00001213,ETH-USD,1849.29,31,2026-01-01T00:26:01Z
batch_0003,order_00001562,order_00000710,ETH-USD,1853.0,105,2026-01-01T00:26:01Z
batch_0003,order_00001562,order_00001295,ETH-USD,1855.23,469,2026-01-01T00:26:01Z
batch_0003,order_00001322,order_00001295,ETH-USD,1855.23,285,2026-01-01T00:22:01Z
batch_0003,order_00001322,order_00001037,ETH-USD,1855.97,187,2026-01-01T00:22:01Z
batch_0003,order_00000963,order_00001037,ETH-USD,1855.97,511,2026-01-01T00:17:16Z
batch_0003,order_00000963,order_00000669,ETH-USD,1855.98,118,2026-01-01T00:16:02Z
batch_0003,order_00001054,order_00000669,ETH-USD,1855.98,56,2026-01-01T00:17:33Z
batch_0003,order_00001054,order_00001132,ETH-USD,1856.18,505,2026-01-01T00:18:51Z
batch_0003,order_00001054,order_00001558,ETH-USD,1856.9,23,2026-01-01T00:25:57Z
batch_0003,order_00001473,order_00001558,ETH-USD,1856.9,376,2026-01-01T00:25:57Z
batch_0003,order_00000670,order_00001558,ETH-USD,1856.9,527,2026-01-01T00:25:57Z
batch_0003,order_00000670,order_00000826,ETH-USD,1857.14,412,2026-01-01T00:13:45Z
batch_0003,order_00000961,order_00000826,ETH-USD,1857.14,175,2026-01-01T00:16:00Z
batch_0003,order_00001255,order_00000826,ETH-USD,1857.14,107,2026-01-01T00:20:54Z
batch_0003,order_00001255,order_00001352,ETH-USD,1858.34,201,2026-01-01T00:22:31Z
batch_0003,order_00001255,order_00001409,ETH-USD,1858.44,186,2026-01-01T00:23:28Z
batch_0003,order_00001211,order_00001409,ETH-USD,1858.44,694,2026-01-01T00:23:28Z
batch_0003,order_00001233,order_00001409,ETH-USD,1858.44,95,2026-01-01T00:23:28Z
batch_0003,order_00001233,order_00000985,ETH-USD,1858.98,636,2026-01-01T00:20:32Z
batch_0003,order_00001233,order_00001502,ETH-USD,1859.07,21,2026-01-01T00:25:01Z
batch_0003,order_00001379,order_00001502,ETH-USD,1859.07,928,2026-01-01T00:25:01Z
batch_0003,order_00001379,order_00001274,ETH-USD,1859.82,26,2026-01-01T00:22:58Z
batch_0003,order_00000824,order_00001274,ETH-USD,1859.82,377,2026-01-01T00:21:13Z
batch_0003,order_00001534,order_00001274,ETH-USD,1859.82,327,2026-01-01T00:25:33Z
batch_0003,order_00001533,order_00001274,ETH-USD,1859.82,117,2026-01-01T00:25:32Z
batch_0003,order_00001533,order_00001522,ETH-USD,1860.68,231,2026-01-01T00:25:32Z
batch_0003,order_00001533,order_00001536,ETH-USD,1860.78,281,2026-01-01T00:25:35Z
batch_0003,order_00001533,order_00000847,ETH-USD,1861.07,231,2026-01-01T00:25:32Z
batch_0003,order_00001376,order_00000847,ETH-USD,1861.07,400,2026-01-01T00:22:55Z
batch_0003,order_00001376,order_00001176,ETH-USD,1861.48,41,2026-01-01T00:22:55Z
batch_0003,order_00001376,order_00001333,ETH-USD,1862.4,365,2026-01-01T00:22:55Z
batch_0003,order_00001376,order_00001299,ETH-USD,1864.3,54,2026-01-01T00:22:55Z
batch_0003,order_00001376,order_00001375,ETH-USD,1866.76,100,2026-01-01T00:22:55Z
batch_0003,order_00001093,order_00001375,ETH-USD,1866.76,116,2026-01-01T00:22:54Z
batch_0003,order_00001093,order_00000687,ETH-USD,1868.55,63,2026-01-01T00:18:12Z
batch_0003,order_00000873,order_00000687,ETH-USD,1868.55,477,2026-01-01T00:14:32Z
batch_0003,order_00000865,order_00000687,ETH-USD,1868.55,180,2026-01-01T00:14:24Z
batch_0003,order_00000865,order_00001316,ETH-USD,1870.01,268,2026-01-01T00:21:55Z
batch_0003,order_00000865,order_00000854,ETH-USD,1870.26,432,2026-01-01T00:14:24Z
batch_0003,order_00001105,order_00000854,ETH-USD,1870.26,30,2026-01-01T00:18:24Z
batch_0003,order_00001382,order_00000854,ETH-USD,1870.26,297,2026-01-01T00:23:01Z
batch_0003,order_00001382,order_00001152,ETH-USD,1871.13,69,2026-01-01T00:23:01Z
batch_0003,order_00000867,order_00001152,ETH-USD,1871.13,913,2026-01-01T00:19:11Z
batch_0003,order_00000867,order_00001338,ETH-USD,1873.15,71,2026-01-01T00:22:17Z
batch_0003,order_00000991,order_00001338,ETH-USD,1873.15,334,2026-01-01T00:22:17Z
batch_0003,order_00001020,order_00001338,ETH-USD,1873.15,98,2026-01-01T00:22:17Z
batch_0003,order_00001020,order_00001180,ETH-USD,1873.55,69,2026-01-01T00:19:39Z
batch_0003,order_00000896,order_00001180,ETH-USD,1873.55,272,2026-01-01T00:19:39Z
batch_0003,order_00001354,order_00001180,ETH-USD,1873.55,639,2026-01-01T00:22:33Z
batch_0003,order_00001354,order_00000975,ETH-USD,1873.95,276,2026-01-01T00:22:33Z
batch_0003,order_00000684,order_00000975,ETH-USD,1873.95,121,2026-01-01T00:16:14Z
batch_0003,order_00000684,order_00001400,ETH-USD,1875.2,423,2026-01-01T00:23:19Z
batch_0003,order_00000684,order_00000836,ETH-USD,1875.46,304,2026-01-01T00:13:55Z
batch_0003,order_00001594,order_00000836,ETH-USD,1875.46,218,2026-01-01T00:26:33Z
batch_0003,order_00001594,order_00001040,ETH-USD,1875.97,406,2026-01-01T00:26:33Z
batch_0003,order_00000765,order_00001040,ETH-USD,1875.97,361,2026-01-01T00:17:19Z
batch_0003,order_00000700,order_00001040,ETH-USD,1875.97,69,2026-01-01T00:17:19Z
batch_0003,order_00000700,order_00001455,ETH-USD,1877.25,169,2026-01-01T00:24:14Z
batch_0003,order_00001381,order_00001455,ETH-USD,1877.25,26,2026-01-01T00:24:14Z
batch_0003,order_00001381,order_00001171,ETH-USD,1877.4,514,2026-01-01T00:23:00Z
batch_0003,order_00001018,order_00001171,ETH-USD,1877.4,168,2026-01-01T00:19:30Z
batch_0003,order_00000977,order_00001171,ETH-USD,1877.4,232,2026-01-01T00:19:30Z
batch_0003,order_00001449,order_00001171,ETH-USD,1877.4,74,2026-01-01T00:24:08Z
batch_0003,order_00001449,order_00001084,ETH-USD,1879.46,510,2026-01-01T00:24:08Z
batch_0003,order_00001449,order_00001515,ETH-USD,1879.55,191,2026-01-01T00:25:14Z
batch_0003,order_00001449,order_00001414,ETH-USD,1879.67,35,2026-01-01T00:24:08Z
batch_0003,order_00001449,order_00000971,ETH-USD,1879.87,102,2026-01-01T00:24:08Z
batch_0003,order_00001434,order_00000971,ETH-USD,1879.87,390,2026-01-01T00:23:53Z
batch_0003,order_00001434,order_00000988,ETH-USD,1880.77,446,2026-01-01T00:23:53Z
batch_0003,order_00001434,order_00001528,ETH-USD,1880.92,53,2026-01-01T00:25:27Z
batch_0003,order_00000904,order_00001528,ETH-USD,1880.92,64,2026-01-01T00:25:27Z
batch_0003,order_00000909,order_00001528,ETH-USD,1880.92,703,2026-01-01T00:25:27Z
batch_0003,order_00000909,order_00000813,ETH-USD,1880.93,165,2026-01-01T00:15:08Z
batch_0003,order_00000628,order_00000813,ETH-USD,1880.93,274,2026-01-01T00:13:32Z
batch_0003,order_00000628,order_00001573,ETH-USD,1881.14,115,2026-01-01T00:26:12Z
batch_0003,order_00001300,order_00001573,ETH-USD,1881.14,94,2026-01-01T00:26:12Z
batch_0003,order_00001480,order_00001573,ETH-USD,1881.14,775,2026-01-01T00:26:12Z
batch_0003,order_00001480,order_00001160,ETH-USD,1881.6,126,2026-01-01T00:24:39Z
batch_0003,order_00000728,order_00001160,ETH-USD,1881.6,177,2026-01-01T00:19:19Z
batch_0003,order_00000728,order_00000657,ETH-USD,1881.81,111,2026-01-01T00:12:07Z
batch_0003,order_00000616,order_00000657,ETH-USD,1881.81,261,2026-01-01T00:10:56Z
batch_0003,order_00001314,order_00000657,ETH-USD,1881.81,349,2026-01-01T00:21:53Z
batch_0003,order_00001314,order_00001579,ETH-USD,1883.06,638,2026-01-01T00:26:18Z
batch_0003,order_00000723,order_00001579,ETH-USD,1883.06,208,2026-01-01T00:26:18Z
batch_0003,order_00000723,order_00001087,ETH-USD,1883.08,233,2026-01-01T00:18:06Z
batch_0003,order_00001390,order_00001087,ETH-USD,1883.08,536,2026-01-01T00:23:09Z
batch_0003,order_00000775,order_00001087,ETH-USD,1883.08,164,2026-01-01T00:18:06Z
batch_0003,order_00000775,order_00000788,ETH-USD,1883.95,36,2026-01-01T00:13:07Z
batch_0003,order_00000979,order_00000788,ETH-USD,1883.95,207,2026-01-01T00:16:18Z
batch_0003,order_00000979,order_00000690,ETH-USD,1884.57,146,2026-01-01T00:16:18Z
batch_0003,order_00001388,order_00000690,ETH-USD,1884.57,90,2026-01-01T00:23:07Z
batch_0003,order_00001388,order_00000807,ETH-USD,1884.74,143,2026-01-01T00:23:07Z
batch_0003,order_00001503,order_00000807,ETH-USD,1884.74,702,2026-01-01T00:25:02Z
batch_0003,order_00001503,order_00001195,ETH-USD,1885.27,9,2026-01-01T00:25:02Z
batch_0003,order_00000903,order_00001195,ETH-USD,1885.27,105,2026-01-01T00:19:54Z
batch_0003,order_00001119,order_00001195,ETH-USD,1885.27,455,2026-01-01T00:19:54Z
batch_0003,order_00001407,order_00001195,ETH-USD,1885.27,224,2026-01-01T00:23:26Z
batch_0003,order_00001407,order_00000819,ETH-USD,1885.37,2,2026-01-01T00:23:26Z
batch_0003,order_00001407,order_00001297,ETH-USD,1885.78,103,2026-01-01T00:23:26Z
batch_0003,order_00001407,order_00000898,ETH-USD,1886.01,42,2026-01-01T00:23:26Z
batch_0003,order_00001407,order_00000674,ETH-USD,1887.49,10,2026-01-01T00:23:26Z
batch_0003,order_00001407,order_00001245,ETH-USD,1887.53,42,2026-01-01T00:23:26Z
batch_0003,order_00001407,order_00000639,ETH-USD,1888.42,382,2026-01-01T00:23:26Z
batch_0003,order_00001393,order_00000639,ETH-USD,1888.42,152,2026-01-01T00:23:12Z
batch_0003,order_00001393,order_00001021,ETH-USD,1888.54,289,2026-01-01T00:23:12Z
batch_0003,order_00000778,order_00001021,ETH-USD,1888.54,32,2026-01-01T00:17:00Z
batch_0003,order_00000733,order_00001021,ETH-USD,1888.54,557,2026-01-01T00:17:00Z
batch_0003,order_00000733,order_00001126,ETH-USD,1889.17,312,2026-01-01T00:18:45Z
batch_0003,order_00001421,order_00001126,ETH-USD,1889.17,172,2026-01-01T00:23:40Z
batch_0003,order_00001200,order_00001126,ETH-USD,1889.17,183,2026-01-01T00:19:59Z
batch_0003,order_00000738,order_00001126,ETH-USD,1889.17,38,2026-01-01T00:18:45Z
batch_0003,order_00001509,order_00001126,ETH-USD,1889.17,132,2026-01-01T00:25:08Z
batch_0003,order_00001509,order_00001025,ETH-USD,1889.51,9,2026-01-01T00:25:08Z
batch_0003,order_00001509,order_00000980,ETH-USD,1891.01,65,2026-01-01T00:25:08Z
batch_0003,order_00001428,order_00000980,ETH-USD,1891.01,539,2026-01-01T00:23:47Z
batch_0003,order_00001428,order_00000864,ETH-USD,1891.36,33,2026-01-01T00:23:47Z
batch_0003,order_00000954,order_00000864,ETH-USD,1891.36,86,2026-01-01T00:15:53Z
batch_0003,order_00000954,order_00001332,ETH-USD,1891.68,177,2026-01-01T00:22:11Z
batch_0003,order_00001307,order_00001332,ETH-USD,1891.68,35,2026-01-01T00:22:11Z
batch_0003,order_00000837,order_00001272,ETH-USD,1891.93,56,2026-01-01T00:21:11Z
batch_0003,order_00001135,order_00001272,ETH-USD,1891.93,15,2026-01-01T00:21:11Z
batch_0003,order_00001135,order_00001351,ETH-USD,1894.32,824,2026-01-01T00:22:30Z
batch_0003,order_00001135,order_00000645,ETH-USD,1896.39,6,2026-01-01T00:18:54Z
batch_0003,order_00001371,order_00000645,ETH-USD,1896.39,456,2026-01-01T00:22:50Z
batch_0003,order_00001310,order_00000645,ETH-USD,1896.39,23,2026-01-01T00:21:49Z
batch_0003,order_00001310,order_00001145,ETH-USD,1899.3,260,2026-01-01T00:21:49Z
batch_0003,order_00001090,order_00001145,ETH-USD,1899.3,93,2026-01-01T00:19:04Z
batch_0003,order_00001342,order_00001145,ETH-USD,1899.3,428,2026-01-01T00:22:21Z
batch_0003,order_00001342,order_00000797,ETH-USD,1899.87,136,2026-01-01T00:22:21Z
batch_0003,order_00001342,order_00001563,ETH-USD,1900.03,93,2026-01-01T00:26:02Z
batch_0003,order_00001342,order_00001159,ETH-USD,1900.22,46,2026-01-01T00:22:21Z
batch_0003,order_00001230,order_00001159,ETH-USD,1900.22,368,2026-01-01T00:20:29Z
batch_0003,order_00000620,order_00001159,ETH-USD,1900.22,139,2026-01-01T00:19:18Z
batch_0003,order_00001335,order_00001159,ETH-USD,1900.22,7,2026-01-01T00:22:14Z
batch_0003,order_00001059,order_00001159,ETH-USD,1900.22,140,2026-01-01T00:19:18Z
batch_0003,order_00001059,order_00001038,ETH-USD,1903.77,303,2026-01-01T00:17:38Z
batch_0003,order_00001059,order_00000663,ETH-USD,1904.31,17,2026-01-01T00:17:38Z
batch_0003,order_00001059,order_00001378,ETH-USD,1904.98,107,2026-01-01T00:22:57Z
batch_0003,order_00001059,order_00001158,ETH-USD,1906.79,205,2026-01-01T00:19:17Z
batch_0003,order_00001059,order_00001544,ETH-USD,1907.94,33,2026-01-01T00:25:43Z
batch_0003,order_00000798,order_00001544,ETH-USD,1907.94,254,2026-01-01T00:25:43Z
batch_0003,order_00001095,order_00001544,ETH-USD,1907.94,661,2026-01-01T00:25:43Z
batch_0003,order_00001095,order_00000921,ETH-USD,1908.17,211,2026-01-01T00:18:14Z
batch_0003,order_00000825,order_00000921,ETH-USD,1908.17,187,2026-01-01T00:15:20Z
batch_0003,order_00000825,order_00000691,ETH-USD,1908.44,487,2026-01-01T00:13:44Z
batch_0003,order_00000825,order_00000815,ETH-USD,1909.61,159,2026-01-01T00:13:44Z
batch_0003,order_00000760,order_00000815,ETH-USD,1909.61,286,2026-01-01T00:13:34Z
batch_0003,order_00000604,order_00000815,ETH-USD,1909.61,453,2026-01-01T00:13:34Z
batch_0003,order_00000604,order_00001033,ETH-USD,1910.75,13,2026-01-01T00:17:12Z
batch_0003,order_00001489,order_00001033,ETH-USD,1910.75,586,2026-01-01T00:24:48Z
batch_0003,order_00001047,order_00001033,ETH-USD,1910.75,229,2026-01-01T00:17:26Z
batch_0003,order_00001286,order_00001033,ETH-USD,1910.75,55,2026-01-01T00:21:25Z
batch_0003,order_00001286,order_00000658,ETH-USD,1913.22,672,2026-01-01T00:21:25Z
batch_0003,order_00001550,order_00000658,ETH-USD,1913.22,123,2026-01-01T00:25:49Z
batch_0003,order_00001550,order_00001223,ETH-USD,1914.05,103,2026-01-01T00:25:49Z
batch_0003,order_00001550,order_00000793,ETH-USD,1915.73,300,2026-01-01T00:25:49Z
batch_0003,order_00001550,order_00001146,ETH-USD,1917.67,436,2026-01-01T00:25:49Z
batch_0003,order_00001215,order_00001146,ETH-USD,1917.67,558,2026-01-01T00:20:14Z
batch_0003,order_00001215,order_00000915,ETH-USD,1918.04,209,2026-01-01T00:20:14Z
batch_0003,order_00001282,order_00000915,ETH-USD,1918.04,454,2026-01-01T00:21:21Z
batch_0003,order_00001282,order_00000664,ETH-USD,1918.08,370,2026-01-01T00:21:21Z
batch_0003,order_00000941,order_00000664,ETH-USD,1918.08,58,2026-01-01T00:15:40Z
batch_0003,order_00000941,order_00000724,ETH-USD,1920.17,104,2026-01-01T00:15:40Z
batch_0003,order_00001072,order_00000724,ETH-USD,1920.17,36,2026-01-01T00:17:51Z
batch_0003,order_00001072,order_00001080,ETH-USD,1920.45,10,2026-01-01T00:17:59Z
batch_0003,order_00001072,order_00000638,ETH-USD,1920.71,184,2026-01-01T00:17:51Z
batch_0003,order_00001405,order_00000638,ETH-USD,1920.71,59,2026-01-01T00:23:24Z
batch_0003,order_00001405,order_00001453,ETH-USD,1921.56,390,2026-01-01T00:24:12Z
batch_0003,order_00001102,order_00001453,ETH-USD,1921.56,465,2026-01-01T00:24:12Z
batch_0003,order_00001102,order_00000882,ETH-USD,1923.0,248,2026-01-01T00:18:21Z
batch_0003,order_00001189,order_00000882,ETH-USD,1923.0,497,2026-01-01T00:19:48Z
batch_0003,order_00001189,order_00000659,ETH-USD,1923.37,57,2026-01-01T00:19:48Z
batch_0003,order_00001055,order_00000659,ETH-USD,1923.37,311,2026-01-01T00:17:34Z
batch_0003,order_00001055,order_00001387,ETH-USD,1923.86,547,2026-01-01T00:23:06Z
batch_0003,order_00001055,order_00000840,ETH-USD,1926.59,26,2026-01-01T00:17:34Z
batch_0003,order_00000735,order_00000840,ETH-USD,1926.59,158,2026-01-01T00:13:59Z
batch_0003,order_00001150,order_00000840,ETH-USD,1926.59,640,2026-01-01T00:19:09Z
batch_0003,order_00000706,order_00000840,ETH-USD,1926.59,133,2026-01-01T00:13:59Z
batch_0003,order_00000706,order_00000752,ETH-USD,1927.56,120,2026-01-01T00:12:31Z
batch_0003,order_00000707,order_00000752,ETH-USD,1927.56,344,2026-01-01T00:12:31Z
batch_0003,order_00000707,order_00000726,ETH-USD,1927.66,46,2026-01-01T00:12:05Z
batch_0003,order_00000766,order_00000726,ETH-USD,1927.66,690,2026-01-01T00:12:45Z
batch_0003,order_00000633,order_00000726,ETH-USD,1927.66,256,2026-01-01T00:12:05Z
batch_0003,order_00000633,order_00001192,ETH-USD,1928.13,198,2026-01-01T00:19:51Z
batch_0003,order_00000633,order_00000713,ETH-USD,1929.77,235,2026-01-01T00:11:52Z
batch_0003,order_00001348,order_00000713,ETH-USD,1929.77,430,2026-01-01T00:22:27Z
batch_0003,order_00001147,order_00000713,ETH-USD,1929.77,139,2026-01-01T00:19:06Z
batch_0003,order_00001147,order_00000891,ETH-USD,1930.5,478,2026-01-01T00:19:06Z
batch_0003,order_00000978,order_00000891,ETH-USD,1930.5,276,2026-01-01T00:16:17Z
batch_0003,order_00000978,order_00001175,ETH-USD,1932.23,6,2026-01-01T00:19:34Z
batch_0003,order_00000978,order_00000697,ETH-USD,1932.69,489,2026-01-01T00:16:17Z
batch_0003,order_00001589,order_00000697,ETH-USD,1932.69,65,2026-01-01T00:26:28Z
batch_0003,order_00001589,order_00001517,ETH-USD,1933.43,60,2026-01-01T00:26:28Z
batch_0003,order_00000880,order_00001517,ETH-USD,1933.43,253,2026-01-01T00:25:16Z
batch_0003,order_00000880,order_00001046,ETH-USD,1934.25,607,2026-01-01T00:17:25Z
batch_0003,order_00000771,order_00001046,ETH-USD,1934.25,315,2026-01-01T00:17:25Z
batch_0003,order_00000771,order_00001460,ETH-USD,1935.01,236,2026-01-01T00:24:19Z
batch_0003,order_00001100,order_00001460,ETH-USD,1935.01,281,2026-01-01T00:24:19Z
batch_0003,order_00001100,order_00001002,ETH-USD,1935.15,21,2026-01-01T00:18:19Z
batch_0003,order_00001100,order_00001321,ETH-USD,1935.86,93,2026-01-01T00:22:00Z
batch_0003,order_00000945,order_00001321,ETH-USD,1935.86,683,2026-01-01T00:22:00Z
batch_0003,order_00000945,order_00000920,ETH-USD,1937.61,69,2026-01-01T00:15:44Z
batch_0003,order_00001271,order_00000920,ETH-USD,1937.61,428,2026-01-01T00:21:10Z
batch_0003,order_00001271,order_00001360,ETH-USD,1937.66,264,2026-01-01T00:22:39Z
batch_0003,order_00001271,order_00001518,ETH-USD,1938.71,19,2026-01-01T00:25:17Z
batch_0003,order_00001271,order_00001433,ETH-USD,1939.07,31,2026-01-01T00:23:52Z
batch_0003,order_00000912,order_00001433,ETH-USD,1939.07,392,2026-01-01T00:23:52Z
batch_0003,order_00001361,order_00001433,ETH-USD,1939.07,134,2026-01-01T00:23:52Z
batch_0003,order_00001361,order_00000831,ETH-USD,1940.61,394,2026-01-01T00:22:40Z
batch_0003,order_00001361,order_00001595,ETH-USD,1941.54,361,2026-01-01T00:26:34Z
batch_0003,order_00000900,order_00001595,ETH-USD,1941.54,51,2026-01-01T00:26:34Z
batch_0003,order_00001334,order_00001595,ETH-USD,1941.54,81,2026-01-01T00:26:34Z
batch_0003,order_00001327,order_00001595,ETH-USD,1941.54,146,2026-01-01T00:26:34Z
batch_0003,order_00001327,order_00001426,ETH-USD,1942.21,62,2026-01-01T00:23:45Z
batch_0003,order_00001327,order_00001042,ETH-USD,1943.4,201,2026-01-01T00:22:06Z
batch_0003,order_00000651,order_00001042,ETH-USD,1943.4,387,2026-01-01T00:17:21Z
batch_0003,order_00001203,order_00001042,ETH-USD,1943.4,100,2026-01-01T00:20:02Z
batch_0003,order_00001203,order_00000774,ETH-USD,1943.62,299,2026-01-01T00:20:02Z
batch_0003,order_00001218,order_00000774,ETH-USD,1943.62,186,2026-01-01T00:20:17Z
batch_0003,order_00001110,order_00000774,ETH-USD,1943.62,402,2026-01-01T00:18:29Z
batch_0003,order_00001110,order_00001070,ETH-USD,1943.7,502,2026-01-01T00:18:29Z
batch_0003,order_00001110,order_00001183,ETH-USD,1944.32,75,2026-01-01T00:19:42Z
batch_0003,order_00001096,order_00001183,ETH-USD,1944.32,142,2026-01-01T00:19:42Z
batch_0003,order_00001241,order_00001183,ETH-USD,1944.32,11,2026-01-01T00:20:40Z
batch_0003,order_00000623,order_00001183,ETH-USD,1944.32,112,2026-01-01T00:19:42Z
batch_0003,order_00000623,order_00001450,ETH-USD,1944.37,63,2026-01-01T00:24:09Z
batch_0003,order_00000623,order_00001345,ETH-USD,1944.64,334,2026-01-01T00:22:24Z
batch_0003,order_00000623,order_00001496,ETH-USD,1946.11,434,2026-01-01T00:24:55Z
batch_0003,order_00000623,order_00001238,ETH-USD,1946.33,45,2026-01-01T00:20:37Z
batch_0003,order_00000974,order_00001238,ETH-USD,1946.33,108,2026-01-01T00:20:37Z
batch_0003,order_00000974,order_00001347,ETH-USD,1946.37,352,2026-01-01T00:22:26Z
batch_0003,order_00000974,order_00001436,ETH-USD,1946.85,457,2026-01-01T00:23:55Z
batch_0003,order_00001208,order_00001436,ETH-USD,1946.85,98,2026-01-01T00:23:55Z
batch_0003,order_00001208,order_00001014,ETH-USD,1947.34,281,2026-01-01T00:20:07Z
batch_0003,order_00001208,order_00001062,ETH-USD,1949.24,463,2026-01-01T00:20:07Z
batch_0003,order_00001576,order_00001062,ETH-USD,1949.24,286,2026-01-01T00:26:15Z
batch_0003,order_00001576,order_00000621,ETH-USD,1949.78,317,2026-01-01T00:26:15Z
batch_0003,order_00001497,order_00000621,ETH-USD,1949.78,114,2026-01-01T00:24:56Z
batch_0003,order_00001497,order_00001320,ETH-USD,1950.83,495,2026-01-01T00:24:56Z
batch_0003,order_00001309,order_00001320,ETH-USD,1950.83,245,2026-01-01T00:21:59Z
batch_0003,order_00001510,order_00001320,ETH-USD,1950.83,250,2026-01-01T00:25:09Z
batch_0003,order_00001510,order_00001173,ETH-USD,1950.88,123,2026-01-01T00:25:09Z
batch_0003,order_00001510,order_00001437,ETH-USD,1951.62,104,2026-01-01T00:25:09Z
batch_0003,order_00000964,order_00001437,ETH-USD,1951.62,415,2026-01-01T00:23:56Z
batch_0003,order_00000964,order_00001549,ETH-USD,1952.15,551,2026-01-01T00:25:48Z
batch_0003,order_00001074,order_00001549,ETH-USD,1952.15,294,2026-01-01T00:25:48Z
batch_0003,order_00001074,order_00001157,ETH-USD,1952.35,26,2026-01-01T00:19:16Z
batch_0003,order_00001074,order_00001165,ETH-USD,1952.63,409,2026-01-01T00:19:24Z
batch_0003,order_00001362,order_00001165,ETH-USD,1952.63,540,2026-01-01T00:22:41Z
batch_0003,order_00001362,order_00001483,ETH-USD,1952.99,50,2026-01-01T00:24:42Z
batch_0003,order_00001396,order_00001483,ETH-USD,1952.99,598,2026-01-01T00:24:42Z
batch_0003,order_00001396,order_00000770,ETH-USD,1953.48,157,2026-01-01T00:23:15Z
batch_0003,order_00001442,order_00000770,ETH-USD,1953.48,420,2026-01-01T00:24:01Z
batch_0003,order_00000675,order_00000770,ETH-USD,1953.48,12,2026-01-01T00:12:49Z
batch_0003,order_00000675,order_00001113,ETH-USD,1953.95,621,2026-01-01T00:18:32Z
batch_0003,order_00001060,order_00001113,ETH-USD,1953.95,36,2026-01-01T00:18:32Z
batch_0003,order_00001060,order_00001440,ETH-USD,1955.0,409,2026-01-01T00:23:59Z
batch_0003,order_00001056,order_00001440,ETH-USD,1955.0,341,2026-01-01T00:23:59Z
batch_0003,order_00000673,order_00001440,ETH-USD,1955.0,89,2026-01-01T00:23:59Z
batch_0003,order_00000673,order_00000648,ETH-USD,1955.37,138,2026-01-01T00:11:12Z
batch_0003,order_00000673,order_00001163,ETH-USD,1955.55,575,2026-01-01T00:19:22Z
batch_0003,order_00000673,order_00001492,ETH-USD,1958.13,61,2026-01-01T00:24:51Z
batch_0003,order_00001202,order_00001492,ETH-USD,1958.13,439,2026-01-01T00:24:51Z
batch_0003,order_00001202,order_00001029,ETH-USD,1958.86,23,2026-01-01T00:20:01Z
batch_0003,order_00000828,order_00001029,ETH-USD,1958.86,219,2026-01-01T00:17:08Z
batch_0003,order_00001064,order_00001029,ETH-USD,1958.86,5,2026-01-01T00:17:43Z
batch_0003,order_00001520,order_00001029,ETH-USD,1958.86,64,2026-01-01T00:25:19Z
batch_0003,order_00000817,order_00001029,ETH-USD,1958.86,328,2026-01-01T00:17:08Z
batch_0003,order_00000817,order_00001339,ETH-USD,1959.15,78,2026-01-01T00:22:18Z
batch_0003,order_00001599,order_00001339,ETH-USD,1959.15,209,2026-01-01T00:26:38Z
batch_0003,order_00001599,order_00000695,ETH-USD,1959.32,268,2026-01-01T00:26:38Z
batch_0003,order_00001506,order_00000695,ETH-USD,1959.32,495,2026-01-01T00:25:05Z
batch_0003,order_00001127,order_00000695,ETH-USD,1959.32,78,2026-01-01T00:18:46Z
batch_0003,order_00001127,order_00001548,ETH-USD,1961.95,438,2026-01-01T00:25:47Z
batch_0003,order_00001127,order_00000776,ETH-USD,1963.65,270,2026-01-01T00:18:46Z
batch_0003,order_00001425,order_00000776,ETH-USD,1963.65,237,2026-01-01T00:23:44Z
batch_0003,order_00001425,order_00000997,ETH-USD,1964.36,466,2026-01-01T00:23:44Z
batch_0003,order_00001204,order_00000997,ETH-USD,1964.36,433,2026-01-01T00:20:03Z
batch_0003,order_00001204,order_00000647,ETH-USD,1965.07,305,2026-01-01T00:20:03Z
batch_0003,order_00001498,order_00000647,ETH-USD,1965.07,271,2026-01-01T00:24:57Z
batch_0003,order_00001498,order_00000956,ETH-USD,1965.61,88,2026-01-01T00:24:57Z
batch_0003,order_00001275,order_00000956,ETH-USD,1965.61,818,2026-01-01T00:21:14Z
batch_0003,order_00001275,order_00001181,ETH-USD,1966.37,106,2026-01-01T00:21:14Z
batch_0003,order_00000758,order_00001181,ETH-USD,1966.37,58,2026-01-01T00:19:40Z
batch_0003,order_00000758,order_00001144,ETH-USD,1967.47,394,2026-01-01T00:19:03Z
batch_0003,order_00000758,order_00000883,ETH-USD,1967.93,244,2026-01-01T00:14:42Z
batch_0003,order_00000758,order_00000841,ETH-USD,1968.35,60,2026-01-01T00:14:00Z
batch_0003,order_00001303,order_00000841,ETH-USD,1968.35,411,2026-01-01T00:21:42Z
batch_0003,order_00000764,order_00000841,ETH-USD,1968.35,112,2026-01-01T00:14:00Z
batch_0003,order_00000764,order_00001367,ETH-USD,1968.73,286,2026-01-01T00:22:46Z
batch_0003,order_00001302,order_00001367,ETH-USD,1968.73,60,2026-01-01T00:22:46Z
batch_0003,order_00001302,order_00000818,ETH-USD,1971.69,22,2026-01-01T00:21:41Z
batch_0003,order_00001370,order_00000818,ETH-USD,1971.69,218,2026-01-01T00:22:49Z
batch_0003,order_00001370,order_00000704,ETH-USD,1972.74,56,2026-01-01T00:22:49Z
batch_0003,order_00001006,order_00000704,ETH-USD,1972.74,329,2026-01-01T00:16:45Z
batch_0003,order_00001006,order_00001228,ETH-USD,1974.45,98,2026-01-01T00:20:27Z
batch_0003,order_00001258,order_00001228,ETH-USD,1974.45,371,2026-01-01T00:20:57Z
batch_0003,order_00001577,order_00001228,ETH-USD,1974.45,82,2026-01-01T00:26:16Z
batch_0003,order_00000833,order_00001228,ETH-USD,1974.45,106,2026-01-01T00:20:27Z
batch_0003,order_00000833,order_00000787,ETH-USD,1975.63,90,2026-01-01T00:13:52Z
batch_0003,order_00000833,order_00001256,ETH-USD,1975.96,143,2026-01-01T00:20:55Z
batch_0003,order_00000833,order_00000812,ETH-USD,1976.51,162,2026-01-01T00:13:52Z
batch_0003,order_00000833,order_00001461,ETH-USD,1977.2,66,2026-01-01T00:24:20Z
batch_0003,order_00001269,order_00001461,ETH-USD,1977.2,421,2026-01-01T00:24:20Z
batch_0003,order_00001143,order_00001461,ETH-USD,1977.2,128,2026-01-01T00:24:20Z
batch_0003,order_00001143,order_00001535,ETH-USD,1977.2,311,2026-01-01T00:25:34Z
batch_0003,order_00001143,order_00001384,ETH-USD,1977.94,235,2026-01-01T00:23:03Z
batch_0003,order_00001304,order_00001384,ETH-USD,1977.94,327,2026-01-01T00:23:03Z
batch_0003,order_00001304,order_00000786,ETH-USD,1979.89,34,2026-01-01T00:21:43Z
batch_0003,order_00001304,order_00000800,ETH-USD,1980.8,385,2026-01-01T00:21:43Z
batch_0003,order_00001304,order_00001315,ETH-USD,1981.9,200,2026-01-01T00:21:54Z
batch_0003,order_00001304,order_00000861,ETH-USD,1982.08,41,2026-01-01T00:21:43Z
batch_0003,order_00001068,order_00000861,ETH-USD,1982.08,468,2026-01-01T00:17:47Z
batch_0003,order_00001068,order_00001552,ETH-USD,1982.76,65,2026-01-01T00:25:51Z
batch_0003,order_00001103,order_00001552,ETH-USD,1982.76,398,2026-01-01T00:25:51Z
batch_0003,order_00001103,order_00001574,ETH-USD,1983.46,13,2026-01-01T00:26:13Z
batch_0003,order_00001103,order_00000811,ETH-USD,1983.83,523,2026-01-01T00:18:22Z
batch_0003,order_00001073,order_00000811,ETH-USD,1983.83,23,2026-01-01T00:17:52Z
batch_0003,order_00001066,order_00000811,ETH-USD,1983.83,311,2026-01-01T00:17:45Z
batch_0003,order_00001066,order_00000668,ETH-USD,1984.33,205,2026-01-01T00:17:45Z
batch_0003,order_00000694,order_00000668,ETH-USD,1984.33,213,2026-01-01T00:11:33Z
batch_0003,order_00000937,order_00000668,ETH-USD,1984.33,85,2026-01-01T00:15:36Z
batch_0003,order_00000937,order_00000756,ETH-USD,1984.82,67,2026-01-01T00:15:36Z
batch_0003,order_00001050,order_00000756,ETH-USD,1984.82,650,2026-01-01T00:17:29Z
batch_0003,order_00001154,order_00000756,ETH-USD,1984.82,265,2026-01-01T00:19:13Z
batch_0003,order_00001154,order_00000876,ETH-USD,1985.57,227,2026-01-01T00:19:13Z
batch_0003,order_00001294,order_00000876,ETH-USD,1985.57,22,2026-01-01T00:21:33Z
batch_0003,order_00001294,order_00000660,ETH-USD,1986.4,293,2026-01-01T00:21:33Z
batch_0003,order_00000799,order_00000660,ETH-USD,1986.4,146,2026-01-01T00:13:18Z
batch_0003,order_00001495,order_00000660,ETH-USD,1986.4,71,2026-01-01T00:24:54Z
batch_0003,order_00001495,order_00000842,ETH-USD,1988.41,782,2026-01-01T00:24:54Z
batch_0003,order_00001495,order_00000982,ETH-USD,1989.93,94,2026-01-01T00:24:54Z
batch_0003,order_00001329,order_00000982,ETH-USD,1989.93,865,2026-01-01T00:22:08Z
batch_0003,order_00001329,order_00001423,ETH-USD,1990.11,51,2026-01-01T00:23:42Z
batch_0003,order_00001262,order_00001423,ETH-USD,1990.11,131,2026-01-01T00:23:42Z
batch_0003,order_00001525,order_00001423,ETH-USD,1990.11,247,2026-01-01T00:25:24Z
batch_0003,order_00001445,order_00001423,ETH-USD,1990.11,33,2026-01-01T00:24:04Z
batch_0003,order_00001251,order_00001423,ETH-USD,1990.11,246,2026-01-01T00:23:42Z
batch_0003,order_00001251,order_00000751,ETH-USD,1990.47,312,2026-01-01T00:20:50Z
batch_0003,order_00000665,order_00000751,ETH-USD,1990.47,45,2026-01-01T00:12:30Z
batch_0003,order_00000665,order_00000656,ETH-USD,1991.57,344,2026-01-01T00:11:04Z
batch_0003,order_00001356,order_00000656,ETH-USD,1991.57,429,2026-01-01T00:22:35Z
batch_0003,order_00001356,order_00000725,ETH-USD,1991.6,206,2026-01-01T00:22:35Z
batch_0003,order_00001356,order_00001418,ETH-USD,1992.49,245,2026-01-01T00:23:37Z
batch_0003,order_00000862,order_00001418,ETH-USD,1992.49,15,2026-01-01T00:23:37Z
batch_0003,order_00000862,order_00001336,ETH-USD,1992.92,865,2026-01-01T00:22:15Z
batch_0003,order_00000994,order_00001336,ETH-USD,1992.92,4,2026-01-01T00:22:15Z
batch_0003,order_00000994,order_00001476,ETH-USD,1993.01,148,2026-01-01T00:24:35Z
batch_0003,order_00000780,order_00001476,ETH-USD,1993.01,469,2026-01-01T00:24:35Z
batch_0003,order_00000729,order_00001476,ETH-USD,1993.01,195,2026-01-01T00:24:35Z
batch_0003,order_00000729,order_00001106,ETH-USD,1993.23,134,2026-01-01T00:18:25Z
batch_0003,order_00000729,order_00001224,ETH-USD,1994.34,326,2026-01-01T00:20:23Z
batch_0003,order_00000729,order_00001191,ETH-USD,1994.72,300,2026-01-01T00:19:50Z
batch_0003,order_00000943,order_00001191,ETH-USD,1994.72,157,2026-01-01T00:19:50Z
batch_0003,order_00000943,order_00000942,ETH-USD,1994.88,835,2026-01-01T00:15:42Z
batch_0003,order_00001293,order_00000942,ETH-USD,1994.88,149,2026-01-01T00:21:32Z
batch_0003,order_00001293,order_00000676,ETH-USD,1995.14,231,2026-01-01T00:21:32Z
batch_0003,order_00001045,order_00000676,ETH-USD,1995.14,445,2026-01-01T00:17:24Z
batch_0003,order_00001045,order_00000933,ETH-USD,1996.17,180,2026-01-01T00:17:24Z
batch_0003,order_00001045,order_00001178,ETH-USD,1996.22,203,2026-01-01T00:19:37Z
batch_0003,order_00001122,order_00001178,ETH-USD,1996.22,37,2026-01-01T00:19:37Z
batch_0003,order_00000711,order_00001178,ETH-USD,1996.22,69,2026-01-01T00:19:37Z
batch_0003,order_00000711,order_00000703,ETH-USD,1996.24,462,2026-01-01T00:11:50Z
batch_0003,order_00000711,order_00000969,ETH-USD,1996.38,40,2026-01-01T00:16:08Z
batch_0003,order_00000686,order_00000969,ETH-USD,1996.38,387,2026-01-01T00:16:08Z
batch_0003,order_00000755,order_00000969,ETH-USD,1996.38,179,2026-01-01T00:16:08Z
batch_0003,order_00000605,order_00000969,ETH-USD,1996.38,255,2026-01-01T00:16:08Z
batch_0003,order_00000605,order_00001305,ETH-USD,1997.75,464,2026-01-01T00:21:44Z
batch_0003,order_00001394,order_00001305,ETH-USD,1997.75,8,2026-01-01T00:23:13Z
batch_0003,order_00001285,order_00001305,ETH-USD,1997.75,184,2026-01-01T00:21:44Z
batch_0003,order_00001285,order_00000747,ETH-USD,2000.19,708,2026-01-01T00:21:24Z
batch_0003,order_00001285,order_00001276,ETH-USD,2001.33,6,2026-01-01T00:21:24Z
batch_0003,order_00000918,order_00001276,ETH-USD,2001.33,539,2026-01-01T00:21:15Z
batch_0003,order_00000918,order_00001124,ETH-USD,2003.34,283,2026-01-01T00:18:43Z
batch_0003,order_00000782,order_00001124,ETH-USD,2003.34,629,2026-01-01T00:18:43Z
batch_0003,order_00000782,order_00000781,ETH-USD,2004.32,165,2026-01-01T00:13:01Z
batch_0003,order_00001290,order_00000781,ETH-USD,2004.32,398,2026-01-01T00:21:29Z
batch_0003,order_00001290,order_00001567,ETH-USD,2004.67,478,2026-01-01T00:26:06Z
batch_0003,order_00001391,order_00001567,ETH-USD,2004.67,481,2026-01-01T00:26:06Z
batch_0003,order_00001590,order_00001567,ETH-USD,2004.67,40,2026-01-01T00:26:29Z
batch_0003,order_00001590,order_00001318,ETH-USD,2005.31,384,2026-01-01T00:26:29Z
batch_0003,order_00000680,order_00001318,ETH-USD,2005.31,99,2026-01-01T00:21:57Z
batch_0003,order_00000611,order_00001318,ETH-USD,2005.31,340,2026-01-01T00:21:57Z
batch_0003,order_00000611,order_00001242,ETH-USD,2005.65,535,2026-01-01T00:20:41Z
batch_0003,order_00000820,order_00001242,ETH-USD,2005.65,232,2026-01-01T00:20:41Z
batch_0004,order_00005070,order_00004424,ETH-USD,1800.09,204,2026-01-01T01:24:29Z
batch_0004,order_00006251,order_00004424,ETH-USD,1800.09,64,2026-01-01T01:44:10Z
batch_0004,order_00002407,order_00004424,ETH-USD,1800.09,362,2026-01-01T01:13:43Z
batch_0004,order_00002407,order_00005153,ETH-USD,1800.17,257,2026-01-01T01:25:52Z
batch_0004,order_00003261,order_00005153,ETH-USD,1800.17,659,2026-01-01T01:25:52Z
batch_0004,order_00003261,order_00005905,ETH-USD,1800.25,49,2026-01-01T01:38:24Z
batch_0004,order_00003261,order_00005589,ETH-USD,1800.57,73,2026-01-01T01:33:08Z
batch_0004,order_00002087,order_00005589,ETH-USD,1800.57,106,2026-01-01T01:33:08Z
batch_0004,order_00002087,order_00006588,ETH-USD,1800.59,257,2026-01-01T01:49:47Z
batch_0004,order_00004423,order_00006588,ETH-USD,1800.59,40,2026-01-01T01:49:47Z
batch_0004,order_00002577,order_00006588,ETH-USD,1800.59,40,2026-01-01T01:49:47Z
batch_0004,order_00002577,order_00004419,ETH-USD,1800.83,53,2026-01-01T01:13:38Z
batch_0004,order_00002577,order_00002815,ETH-USD,1800.87,597,2026-01-01T00:46:54Z
batch_0004,order_00005442,order_00002815,ETH-USD,1800.87,211,2026-01-01T01:30:41Z
batch_0004,order_00005442,order_00006515,ETH-USD,1801.29,687,2026-01-01T01:48:34Z
batch_0004,order_00001742,order_00006515,ETH-USD,1801.29,294,2026-01-01T01:48:34Z
batch_0004,order_00001742,order_00005288,ETH-USD,1801.46,36,2026-01-01T01:28:07Z
batch_0004,order_00001742,order_00004044,ETH-USD,1801.54,11,2026-01-01T01:07:23Z
batch_0004,order_00004361,order_00004044,ETH-USD,1801.54,83,2026-01-01T01:12:40Z
batch_0004,order_00004361,order_00005338,ETH-USD,1802.02,287,2026-01-01T01:28:57Z
batch_0004,order_00004361,order_00005932,ETH-USD,1802.44,245,2026-01-01T01:38:51Z
batch_0004,order_00004298,order_00005932,ETH-USD,1802.44,76,2026-01-01T01:38:51Z
batch_0004,order_00004298,order_00001604,ETH-USD,1802.45,745,2026-01-01T01:11:37Z
batch_0004,order_00006396,order_00001604,ETH-USD,1802.45,41,2026-01-01T01:46:35Z
batch_0004,order_00006396,order_00005210,ETH-USD,1802.45,62,2026-01-01T01:46:35Z
batch_0004,order_00006396,order_00004788,ETH-USD,1802.61,2,2026-01-01T01:46:35Z
batch_0004,order_00006396,order_00001898,ETH-USD,1802.65,91,2026-01-01T01:46:35Z
batch_0004,order_00006396,order_00003877,ETH-USD,1802.71,312,2026-01-01T01:46:35Z
batch_0004,order_00005341,order_00003877,ETH-USD,1802.71,140,2026-01-01T01:29:00Z
batch_0004,order_00003564,order_00003877,ETH-USD,1802.71,217,2026-01-01T01:04:36Z
batch_0004,order_00001991,order_00003877,ETH-USD,1802.71,215,2026-01-01T01:04:36Z
batch_0004,order_00001991,order_00003590,ETH-USD,1802.75,72,2026-01-01T00:59:49Z
batch_0004,order_00001991,order_00004056,ETH-USD,1802.79,67,2026-01-01T01:07:35Z
batch_0004,order_00005212,order_00004056,ETH-USD,1802.79,477,2026-01-01T01:26:51Z
batch_0004,order_00005212,order_00004948,ETH-USD,1802.83,30,2026-01-01T01:26:51Z
batch_0004,order_00004893,order_00004948,ETH-USD,1802.83,631,2026-01-01T01:22:27Z
batch_0004,order_00004893,order_00002313,ETH-USD,1802.85,215,2026-01-01T01:21:32Z
batch_0004,order_00004893,order_00004449,ETH-USD,1802.98,36,2026-01-01T01:21:32Z
batch_0004,order_00005536,order_00004449,ETH-USD,1802.98,153,2026-01-01T01:32:15Z
batch_0004,order_00005536,order_00002889,ETH-USD,1803.18,331,2026-01-01T01:32:15Z
batch_0004,order_00002439,order_00002889,ETH-USD,1803.18,8,2026-01-01T00:48:08Z
batch_0004,order_00005491,order_00002889,ETH-USD,1803.18,166,2026-01-01T01:31:30Z
batch_0004,order_00005035,order_00002889,ETH-USD,1803.18,70,2026-01-01T01:23:54Z
batch_0004,order_00005035,order_00002308,ETH-USD,1803.75,75,2026-01-01T01:23:54Z
batch_0004,order_00003282,order_00002308,ETH-USD,1803.75,171,2026-01-01T00:54:41Z
batch_0004,order_00004257,order_00002308,ETH-USD,1803.75,210,2026-01-01T01:10:56Z
batch_0004,order_00004257,order_00006134,ETH-USD,1803.87,316,2026-01-01T01:42:13Z
batch_0004,order_00001896,order_00006134,ETH-USD,1803.87,487,2026-01-01T01:42:13Z
batch_0004,order_00003674,order_00006134,ETH-USD,1803.87,127,2026-01-01T01:42:13Z
batch_0004,order_00003674,order_00002910,ETH-USD,1803.97,160,2026-01-01T01:01:13Z
batch_0004,order_00001796,order_00002910,ETH-USD,1803.97,683,2026-01-01T00:48:29Z
batch_0004,order_00001796,order_00006438,ETH-USD,1803.97,97,2026-01-01T01:47:17Z
batch_0004,order_00002912,order_00006438,ETH-USD,1803.97,267,2026-01-01T01:47:17Z
batch_0004,order_00002912,order_00005478,ETH-USD,1804.08,414,2026-01-01T01:31:17Z
batch_0004,order_00006451,order_00005478,ETH-USD,1804.08,304,2026-01-01T01:47:30Z
batch_0004,order_00006451,order_00006014,ETH-USD,1804.17,82,2026-01-01T01:47:30Z
batch_0004,order_00006451,order_00003455,ETH-USD,1804.18,218,2026-01-01T01:47:30Z
batch_0004,order_00005428,order_00003455,ETH-USD,1804.18,218,2026-01-01T01:30:27Z
batch_0004,order_00005269,order_00003455,ETH-USD,1804.18,116,2026-01-01T01:27:48Z
batch_0004,order_00004742,order_00003455,ETH-USD,1804.18,256,2026-01-01T01:19:01Z
batch_0004,order_00004742,order_00004813,ETH-USD,1804.26,285,2026-01-01T01:20:12Z
batch_0004,order_00003892,order_00004813,ETH-USD,1804.26,191,2026-01-01T01:20:12Z
batch_0004,order_00003892,order_00006375,ETH-USD,1804.31,702,2026-01-01T01:46:14Z
batch_0004,order_00003892,order_00006471,ETH-USD,1804.58,94,2026-01-01T01:47:50Z
batch_0004,order_00003178,order_00006471,ETH-USD,1804.58,515,2026-01-01T01:47:50Z
batch_0004,order_00003178,order_00002792,ETH-USD,1804.72,425,2026-01-01T00:52:57Z
batch_0004,order_00006015,order_00002792,ETH-USD,1804.72,403,2026-01-01T01:40:14Z
batch_0004,order_00006015,order_00006173,ETH-USD,1804.82,185,2026-01-01T01:42:52Z
batch_0004,order_00001951,order_00006173,ETH-USD,1804.82,496,2026-01-01T01:42:52Z
batch_0004,order_00001951,order_00003623,ETH-USD,1804.88,284,2026-01-01T01:00:22Z
batch_0004,order_00004221,order_00003623,ETH-USD,1804.88,619,2026-01-01T01:10:20Z
batch_0004,order_00004420,order_00003623,ETH-USD,1804.88,26,2026-01-01T01:13:39Z
batch_0004,order_00004420,order_00006492,ETH-USD,1804.97,118,2026-01-01T01:48:11Z
batch_0004,order_00004420,order_00003812,ETH-USD,1805.17,86,2026-01-01T01:13:39Z
batch_0004,order_00004420,order_00005417,ETH-USD,1805.22,69,2026-01-01T01:30:16Z
batch_0004,order_00003277,order_00005417,ETH-USD,1805.22,518,2026-01-01T01:30:16Z
batch_0004,order_00002147,order_00005417,ETH-USD,1805.22,5,2026-01-01T01:30:16Z
batch_0004,order_00002147,order_00005479,ETH-USD,1805.22,753,2026-01-01T01:31:18Z
batch_0004,order_00002147,order_00006068,ETH-USD,1805.57,7,2026-01-01T01:41:07Z
batch_0004,order_00004021,order_00006068,ETH-USD,1805.57,287,2026-01-01T01:41:07Z
batch_0004,order_00004295,order_00006068,ETH-USD,1805.57,53,2026-01-01T01:41:07Z
batch_0004,order_00005546,order_00006068,ETH-USD,1805.57,114,2026-01-01T01:41:07Z
batch_0004,order_00005546,order_00004827,ETH-USD,1805.61,77,2026-01-01T01:32:25Z
batch_0004,order_00005546,order_00003760,ETH-USD,1805.73,187,2026-01-01T01:32:25Z
batch_0004,order_00005546,order_00001774,ETH-USD,1805.75,134,2026-01-01T01:32:25Z
batch_0004,order_00005546,order_00003360,ETH-USD,1805.9,21,2026-01-01T01:32:25Z
batch_0004,order_00005546,order_00004780,ETH-USD,1805.97,222,2026-01-01T01:32:25Z
batch_0004,order_00005546,order_00004750,ETH-USD,1806.31,136,2026-01-01T01:32:25Z
batch_0004,order_00004783,order_00004750,ETH-USD,1806.31,345,2026-01-01T01:19:42Z
batch_0004,order_00005529,order_00004750,ETH-USD,1806.31,383,2026-01-01T01:32:08Z
batch_0004,order_00005226,order_00004750,ETH-USD,1806.31,94,2026-01-01T01:27:05Z
batch_0004,order_00005226,order_00004019,ETH-USD,1806.38,507,2026-01-01T01:27:05Z
batch_0004,order_00005226,order_00003041,ETH-USD,1806.64,170,2026-01-01T01:27:05Z
batch_0004,order_00002271,order_00003041,ETH-USD,1806.64,77,2026-01-01T00:50:40Z
batch_0004,order_00002271,order_00003442,ETH-USD,1806.67,41,2026-01-01T00:57:21Z
batch_0004,order_00005175,order_00003442,ETH-USD,1806.67,268,2026-01-01T01:26:14Z
batch_0004,order_00002881,order_00003442,ETH-USD,1806.67,447,2026-01-01T00:57:21Z
batch_0004,order_00002881,order_00005606,ETH-USD,1806.75,38,2026-01-01T01:33:25Z
batch_0004,order_00004026,order_00005606,ETH-USD,1806.75,483,2026-01-01T01:33:25Z
batch_0004,order_00004026,order_00004342,ETH-USD,1806.87,242,2026-01-01T01:12:21Z
batch_0004,order_00004026,order_00003368,ETH-USD,1806.89,168,2026-01-01T01:07:05Z
batch_0004,order_00001961,order_00003368,ETH-USD,1806.89,224,2026-01-01T00:56:07Z
batch_0004,order_00001961,order_00005066,ETH-USD,1806.97,26,2026-01-01T01:24:25Z
batch_0004,order_00001961,order_00003005,ETH-USD,1807.13,292,2026-01-01T00:50:04Z
batch_0004,order_00001961,order_00004492,ETH-USD,1807.29,63,2026-01-01T01:14:51Z
batch_0004,order_00005944,order_00004492,ETH-USD,1807.29,119,2026-01-01T01:39:03Z
batch_0004,order_00005627,order_00004492,ETH-USD,1807.29,439,2026-01-01T01:33:46Z
batch_0004,order_00001795,order_00004492,ETH-USD,1807.29,122,2026-01-01T01:14:51Z
batch_0004,order_00001795,order_00003703,ETH-USD,1807.55,400,2026-01-01T01:01:42Z
batch_0004,order_00001795,order_00004094,ETH-USD,1807.76,21,2026-01-01T01:08:13Z
batch_0004,order_00002358,order_00004094,ETH-USD,1807.76,201,2026-01-01T01:08:13Z
batch_0004,order_00004817,order_00004094,ETH-USD,1807.76,588,2026-01-01T01:20:16Z
batch_0004,order_00005634,order_00004094,ETH-USD,1807.76,102,2026-01-01T01:33:53Z
batch_0004,order_00005634,order_00005913,ETH-USD,1807.8,344,2026-01-01T01:38:32Z
batch_0004,order_00006536,order_00005913,ETH-USD,1807.8,298,2026-01-01T01:48:55Z
batch_0004,order_00003547,order_00005913,ETH-USD,1807.8,293,2026-01-01T01:38:32Z
batch_0004,order_00003547,order_00004622,ETH-USD,1808.01,517,2026-01-01T01:17:01Z
batch_0004,order_00006224,order_00004622,ETH-USD,1808.01,339,2026-01-01T01:43:43Z
batch_0004,order_00006224,order_00006010,ETH-USD,1808.27,84,2026-01-01T01:43:43Z
batch_0004,order_00003649,order_00006010,ETH-USD,1808.27,685,2026-01-01T01:40:09Z
batch_0004,order_00003649,order_00004726,ETH-USD,1808.5,230,2026-01-01T01:18:45Z
batch_0004,order_00004830,order_00004726,ETH-USD,1808.5,416,2026-01-01T01:20:29Z
batch_0004,order_00004830,order_00003682,ETH-USD,1808.74,537,2026-01-01T01:20:29Z
batch_0004,order_00002821,order_00003682,ETH-USD,1808.74,170,2026-01-01T01:01:21Z
batch_0004,order_00002821,order_00005109,ETH-USD,1808.97,541,2026-01-01T01:25:08Z
batch_0004,order_00005293,order_00005109,ETH-USD,1808.97,444,2026-01-01T01:28:12Z
batch_0004,order_00003386,order_00005109,ETH-USD,1808.97,1,2026-01-01T01:25:08Z
batch_0004,order_00003386,order_00004687,ETH-USD,1809.0,890,2026-01-01T01:18:06Z
batch_0004,order_00002921,order_00004687,ETH-USD,1809.0,51,2026-01-01T01:18:06Z
batch_0004,order_00002921,order_00004206,ETH-USD,1809.4,145,2026-01-01T01:10:05Z
batch_0004,order_00002355,order_00004206,ETH-USD,1809.4,51,2026-01-01T01:10:05Z
batch_0004,order_00002355,order_00004378,ETH-USD,1809.66,327,2026-01-01T01:12:57Z
batch_0004,order_00002038,order_00004378,ETH-USD,1809.66,54,2026-01-01T01:12:57Z
batch_0004,order_00002038,order_00004325,ETH-USD,1809.71,166,2026-01-01T01:12:04Z
batch_0004,order_00003414,order_00004325,ETH-USD,1809.71,818,2026-01-01T01:12:04Z
batch_0004,order_00003414,order_00005571,ETH-USD,1809.83,65,2026-01-01T01:32:50Z
batch_0004,order_00003414,order_00004377,ETH-USD,1809.87,35,2026-01-01T01:12:56Z
batch_0004,order_00002569,order_00004377,ETH-USD,1809.87,27,2026-01-01T01:12:56Z
batch_0004,order_00002569,order_00003959,ETH-USD,1810.12,20,2026-01-01T01:05:58Z
batch_0004,order_00001856,order_00003959,ETH-USD,1810.12,427,2026-01-01T01:05:58Z
batch_0004,order_00003784,order_00003959,ETH-USD,1810.12,3,2026-01-01T01:05:58Z
batch_0004,order_00003784,order_00005564,ETH-USD,1810.13,693,2026-01-01T01:32:43Z
batch_0004,order_00003784,order_00002346,ETH-USD,1810.39,287,2026-01-01T01:03:03Z
batch_0004,order_00004849,order_00002346,ETH-USD,1810.39,408,2026-01-01T01:20:48Z
batch_0004,order_00006361,order_00002346,ETH-USD,1810.39,107,2026-01-01T01:46:00Z
batch_0004,order_00006361,order_00003850,ETH-USD,1810.54,17,2026-01-01T01:46:00Z
batch_0004,order_00003468,order_00003850,ETH-USD,1810.54,264,2026-01-01T01:04:09Z
batch_0004,order_00003468,order_00002455,ETH-USD,1810.69,453,2026-01-01T00:57:47Z
batch_0004,order_00003013,order_00002455,ETH-USD,1810.69,21,2026-01-01T00:50:12Z
batch_0004,order_00003013,order_00006574,ETH-USD,1810.71,461,2026-01-01T01:49:33Z
batch_0004,order_00003013,order_00003501,ETH-USD,1810.76,175,2026-01-01T00:58:20Z
batch_0004,order_00006338,order_00003501,ETH-USD,1810.76,426,2026-01-01T01:45:37Z
batch_0004,order_00006338,order_00004733,ETH-USD,1810.91,136,2026-01-01T01:45:37Z
batch_0004,order_00003366,order_00004733,ETH-USD,1810.91,228,2026-01-01T01:18:52Z
batch_0004,order_00004040,order_00004733,ETH-USD,1810.91,418,2026-01-01T01:18:52Z
batch_0004,order_00004040,order_00005103,ETH-USD,1810.97,224,2026-01-01T01:25:02Z
batch_0004,order_00003828,order_00005103,ETH-USD,1810.97,452,2026-01-01T01:25:02Z
batch_0004,order_00003828,order_00002531,ETH-USD,1811.3,545,2026-01-01T01:03:47Z
batch_0004,order_00004091,order_00002531,ETH-USD,1811.3,131,2026-01-01T01:08:10Z
batch_0004,order_00005496,order_00002531,ETH-USD,1811.3,17,2026-01-01T01:31:35Z
batch_0004,order_00005496,order_00003826,ETH-USD,1811.35,822,2026-01-01T01:31:35Z
batch_0004,order_00005496,order_00003740,ETH-USD,1811.4,24,2026-01-01T01:31:35Z
batch_0004,order_00005852,order_00003740,ETH-USD,1811.4,313,2026-01-01T01:37:31Z
batch_0004,order_00002122,order_00003740,ETH-USD,1811.4,3,2026-01-01T01:02:19Z
batch_0004,order_00002122,order_00004965,ETH-USD,1811.71,243,2026-01-01T01:22:44Z
batch_0004,order_00005563,order_00004965,ETH-USD,1811.71,659,2026-01-01T01:32:42Z
batch_0004,order_00003770,order_00004965,ETH-USD,1811.71,27,2026-01-01T01:22:44Z
batch_0004,order_00006283,order_00004965,ETH-USD,1811.71,20,2026-01-01T01:44:42Z
batch_0004,order_00006283,order_00004708,ETH-USD,1811.76,385,2026-01-01T01:44:42Z
batch_0004,order_00004866,order_00004708,ETH-USD,1811.76,80,2026-01-01T01:21:05Z
batch_0004,order_00003808,order_00004708,ETH-USD,1811.76,366,2026-01-01T01:18:27Z
batch_0004,order_00003808,order_00005998,ETH-USD,1811.87,353,2026-01-01T01:39:57Z
batch_0004,order_00002013,order_00005998,ETH-USD,1811.87,301,2026-01-01T01:39:57Z
batch_0004,order_00002013,order_00006558,ETH-USD,1811.9,376,2026-01-01T01:49:17Z
batch_0004,order_00002274,order_00006558,ETH-USD,1811.9,78,2026-01-01T01:49:17Z
batch_0004,order_00002274,order_00004638,ETH-USD,1811.98,346,2026-01-01T01:17:17Z
batch_0004,order_00002274,order_00006342,ETH-USD,1812.08,206,2026-01-01T01:45:41Z
batch_0004,order_00005554,order_00006342,ETH-USD,1812.08,107,2026-01-01T01:45:41Z
batch_0004,order_00002049,order_00006342,ETH-USD,1812.08,398,2026-01-01T01:45:41Z
batch_0004,order_00002049,order_00002304,ETH-USD,1812.38,534,2026-01-01T00:38:23Z
batch_0004,order_00005257,order_00002304,ETH-USD,1812.38,18,2026-01-01T01:27:36Z
batch_0004,order_00005257,order_00004157,ETH-USD,1812.48,450,2026-01-01T01:27:36Z
batch_0004,order_00005904,order_00004157,ETH-USD,1812.48,424,2026-01-01T01:38:23Z
batch_0004,order_00005904,order_00005399,ETH-USD,1812.8,348,2026-01-01T01:38:23Z
batch_0004,order_00005904,order_00002429,ETH-USD,1812.82,176,2026-01-01T01:38:23Z
batch_0004,order_00002945,order_00002429,ETH-USD,1812.82,6,2026-01-01T00:49:04Z
batch_0004,order_00002945,order_00005075,ETH-USD,1812.83,20,2026-01-01T01:24:34Z
batch_0004,order_00002945,order_00001711,ETH-USD,1813.24,149,2026-01-01T00:49:04Z
batch_0004,order_00002299,order_00001711,ETH-USD,1813.24,471,2026-01-01T00:38:18Z
batch_0004,order_00004944,order_00001711,ETH-USD,1813.24,263,2026-01-01T01:22:23Z
batch_0004,order_00004944,order_00005242,ETH-USD,1813.28,200,2026-01-01T01:27:21Z
batch_0004,order_00004944,order_00001825,ETH-USD,1813.45,510,2026-01-01T01:22:23Z
batch_0004,order_00005750,order_00001825,ETH-USD,1813.45,7,2026-01-01T01:35:49Z
batch_0004,order_00005750,order_00003356,ETH-USD,1813.51,254,2026-01-01T01:35:49Z
batch_0004,order_00005750,order_00004854,ETH-USD,1813.56,534,2026-01-01T01:35:49Z
batch_0004,order_00006265,order_00004854,ETH-USD,1813.56,211,2026-01-01T01:44:24Z
batch_0004,order_00002989,order_00004854,ETH-USD,1813.56,35,2026-01-01T01:20:53Z
batch_0004,order_00002258,order_00004854,ETH-USD,1813.56,38,2026-01-01T01:20:53Z
batch_0004,order_00002258,order_00002044,ETH-USD,1813.92,9,2026-01-01T00:37:37Z
batch_0004,order_00004000,order_00002044,ETH-USD,1813.92,155,2026-01-01T01:06:39Z
batch_0004,order_00004586,order_00002044,ETH-USD,1813.92,442,2026-01-01T01:16:25Z
batch_0004,order_00004102,order_00002044,ETH-USD,1813.92,15,2026-01-01T01:08:21Z
batch_0004,order_00004102,order_00006063,ETH-USD,1814.05,265,2026-01-01T01:41:02Z
batch_0004,order_00006033,order_00006063,ETH-USD,1814.05,403,2026-01-01T01:41:02Z
batch_0004,order_00005422,order_00006063,ETH-USD,1814.05,181,2026-01-01T01:41:02Z
batch_0004,order_00005422,order_00002703,ETH-USD,1814.17,731,2026-01-01T01:30:21Z
batch_0004,order_00006219,order_00002703,ETH-USD,1814.17,79,2026-01-01T01:43:38Z
batch_0004,order_00001866,order_00002703,ETH-USD,1814.17,105,2026-01-01T00:45:02Z
batch_0004,order_00001866,order_00003606,ETH-USD,1814.3,362,2026-01-01T01:00:05Z
batch_0004,order_00006101,order_00003606,ETH-USD,1814.3,247,2026-01-01T01:41:40Z
batch_0004,order_00006101,order_00003007,ETH-USD,1814.8,95,2026-01-01T01:41:40Z
batch_0004,order_00002555,order_00003007,ETH-USD,1814.8,318,2026-01-01T00:50:06Z
batch_0004,order_00002555,order_00005016,ETH-USD,1814.81,220,2026-01-01T01:23:35Z
batch_0004,order_00002555,order_00003822,ETH-USD,1814.91,232,2026-01-01T01:03:41Z
batch_0004,order_00004076,order_00003822,ETH-USD,1814.91,304,2026-01-01T01:07:55Z
batch_0004,order_00004076,order_00005696,ETH-USD,1814.92,129,2026-01-01T01:34:55Z
batch_0004,order_00004076,order_00003155,ETH-USD,1814.97,118,2026-01-01T01:07:55Z
batch_0004,order_00004076,order_00004988,ETH-USD,1815.06,178,2026-01-01T01:23:07Z
batch_0004,order_00004076,order_00001750,ETH-USD,1815.13,121,2026-01-01T01:07:55Z
batch_0004,order_00004966,order_00001750,ETH-USD,1815.13,591,2026-01-01T01:22:45Z
batch_0004,order_00001915,order_00001750,ETH-USD,1815.13,244,2026-01-01T00:31:54Z
batch_0004,order_00001915,order_00003964,ETH-USD,1815.37,380,2026-01-01T01:06:03Z
batch_0004,order_00001915,order_00004453,ETH-USD,1815.38,310,2026-01-01T01:14:12Z
batch_0004,order_00002578,order_00004453,ETH-USD,1815.38,118,2026-01-01T01:14:12Z
batch_0004,order_00002578,order_00004467,ETH-USD,1815.48,339,2026-01-01T01:14:26Z
batch_0004,order_00003508,order_00004467,ETH-USD,1815.48,534,2026-01-01T01:14:26Z
batch_0004,order_00003508,order_00002498,ETH-USD,1815.84,448,2026-01-01T00:58:27Z
batch_0004,order_00006294,order_00002498,ETH-USD,1815.84,331,2026-01-01T01:44:53Z
batch_0004,order_00006294,order_00002883,ETH-USD,1815.84,500,2026-01-01T01:44:53Z
batch_0004,order_00006294,order_00006473,ETH-USD,1815.9,133,2026-01-01T01:47:52Z
batch_0004,order_00005640,order_00006473,ETH-USD,1815.9,322,2026-01-01T01:47:52Z
batch_0004,order_00005640,order_00004301,ETH-USD,1815.97,210,2026-01-01T01:33:59Z
batch_0004,order_00005640,order_00003481,ETH-USD,1816.05,48,2026-01-01T01:33:59Z
batch_0004,order_00003328,order_00003481,ETH-USD,1816.05,260,2026-01-01T00:58:00Z
batch_0004,order_00003328,order_00004422,ETH-USD,1816.17,90,2026-01-01T01:13:41Z
batch_0004,order_00003328,order_00005241,ETH-USD,1816.68,323,2026-01-01T01:27:20Z
batch_0004,order_00004810,order_00005241,ETH-USD,1816.68,136,2026-01-01T01:27:20Z
batch_0004,order_00005801,order_00005241,ETH-USD,1816.68,388,2026-01-01T01:36:40Z
batch_0004,order_00005801,order_00004212,ETH-USD,1816.75,395,2026-01-01T01:36:40Z
batch_0004,order_00005064,order_00004212,ETH-USD,1816.75,213,2026-01-01T01:24:23Z
batch_0004,order_00005064,order_00004730,ETH-USD,1816.86,331,2026-01-01T01:24:23Z
batch_0004,order_00005549,order_00004730,ETH-USD,1816.86,631,2026-01-01T01:32:28Z
batch_0004,order_00005549,order_00004177,ETH-USD,1817.65,53,2026-01-01T01:32:28Z
batch_0004,order_00002366,order_00004177,ETH-USD,1817.65,613,2026-01-01T01:09:36Z
batch_0004,order_00002366,order_00006161,ETH-USD,1817.89,174,2026-01-01T01:42:40Z
batch_0004,order_00002758,order_00006161,ETH-USD,1817.89,459,2026-01-01T01:42:40Z
batch_0004,order_00002758,order_00003149,ETH-USD,1817.97,70,2026-01-01T00:52:28Z
batch_0004,order_00002758,order_00005409,ETH-USD,1818.24,425,2026-01-01T01:30:08Z
batch_0004,order_00002273,order_00005409,ETH-USD,1818.24,14,2026-01-01T01:30:08Z
batch_0004,order_00002273,order_00002860,ETH-USD,1818.27,301,2026-01-01T00:47:39Z
batch_0004,order_00003580,order_00002860,ETH-USD,1818.27,94,2026-01-01T00:59:39Z
batch_0004,order_00002583,order_00002860,ETH-USD,1818.27,101,2026-01-01T00:47:39Z
batch_0004,order_00002583,order_00004584,ETH-USD,1818.32,333,2026-01-01T01:16:23Z
batch_0004,order_00002583,order_00004728,ETH-USD,1818.54,54,2026-01-01T01:18:47Z
batch_0004,order_00003645,order_00004728,ETH-USD,1818.54,291,2026-01-01T01:18:47Z
batch_0004,order_00003231,order_00004728,ETH-USD,1818.54,417,2026-01-01T01:18:47Z
batch_0004,order_00003231,order_00006482,ETH-USD,1818.71,282,2026-01-01T01:48:01Z
batch_0004,order_00004558,order_00006482,ETH-USD,1818.71,430,2026-01-01T01:48:01Z
batch_0004,order_00004558,order_00002672,ETH-USD,1819.19,71,2026-01-01T01:15:57Z
batch_0004,order_00004408,order_00002672,ETH-USD,1819.19,493,2026-01-01T01:13:27Z
batch_0004,order_00002717,order_00002672,ETH-USD,1819.19,204,2026-01-01T00:45:16Z
batch_0004,order_00002743,order_00002672,ETH-USD,1819.19,151,2026-01-01T00:45:42Z
batch_0004,order_00002743,order_00005975,ETH-USD,1819.29,108,2026-01-01T01:39:34Z
batch_0004,order_00005223,order_00005975,ETH-USD,1819.29,7,2026-01-01T01:39:34Z
batch_0004,order_00005223,order_00003091,ETH-USD,1819.96,1,2026-01-01T01:27:02Z
batch_0004,order_00005223,order_00004335,ETH-USD,1820.03,264,2026-01-01T01:27:02Z
batch_0004,order_00003308,order_00004335,ETH-USD,1820.03,303,2026-01-01T01:12:14Z
batch_0004,order_00003308,order_00006093,ETH-USD,1820.1,221,2026-01-01T01:41:32Z
batch_0004,order_00003308,order_00003988,ETH-USD,1820.35,423,2026-01-01T01:06:27Z
batch_0004,order_00003308,order_00002947,ETH-USD,1820.63,18,2026-01-01T00:55:07Z
batch_0004,order_00003871,order_00002947,ETH-USD,1820.63,259,2026-01-01T01:04:30Z
batch_0004,order_00004078,order_00002947,ETH-USD,1820.63,446,2026-01-01T01:07:57Z
batch_0004,order_00003957,order_00002947,ETH-USD,1820.63,126,2026-01-01T01:05:56Z
batch_0004,order_00003957,order_00006250,ETH-USD,1821.15,31,2026-01-01T01:44:09Z
batch_0004,order_00004680,order_00006250,ETH-USD,1821.15,364,2026-01-01T01:44:09Z
batch_0004,order_00003648,order_00001675,ETH-USD,1821.25,775,2026-01-01T01:00:47Z
batch_0004,order_00001851,order_00001675,ETH-USD,1821.25,217,2026-01-01T00:30:50Z
batch_0004,order_00001851,order_00004746,ETH-USD,1821.36,128,2026-01-01T01:19:05Z
batch_0004,order_00001851,order_00005010,ETH-USD,1821.4,143,2026-01-01T01:23:29Z
batch_0004,order_00001851,order_00002045,ETH-USD,1821.87,202,2026-01-01T00:34:04Z
batch_0004,order_00005339,order_00002045,ETH-USD,1821.87,668,2026-01-01T01:28:58Z
batch_0004,order_00003081,order_00002045,ETH-USD,1821.87,94,2026-01-01T00:51:20Z
batch_0004,order_00003081,order_00006178,ETH-USD,1823.42,98,2026-01-01T01:42:57Z
batch_0004,order_00003081,order_00005177,ETH-USD,1823.44,185,2026-01-01T01:26:16Z
batch_0004,order_00003081,order_00006389,ETH-USD,1823.8,51,2026-01-01T01:46:28Z
batch_0004,order_00005227,order_00006389,ETH-USD,1823.8,389,2026-01-01T01:46:28Z
batch_0004,order_00005227,order_00006532,ETH-USD,1823.92,304,2026-01-01T01:48:51Z
batch_0004,order_00002787,order_00006532,ETH-USD,1823.92,503,2026-01-01T01:48:51Z
batch_0004,order_00004357,order_00006532,ETH-USD,1823.92,154,2026-01-01T01:48:51Z
batch_0004,order_00004357,order_00006100,ETH-USD,1823.97,31,2026-01-01T01:41:39Z
batch_0004,order_00004357,order_00003246,ETH-USD,1824.33,234,2026-01-01T01:12:36Z
batch_0004,order_00004357,order_00006436,ETH-USD,1824.43,244,2026-01-01T01:47:15Z
batch_0004,order_00005311,order_00006436,ETH-USD,1824.43,23,2026-01-01T01:47:15Z
batch_0004,order_00005056,order_00006436,ETH-USD,1824.43,10,2026-01-01T01:47:15Z
batch_0004,order_00005056,order_00005691,ETH-USD,1824.48,133,2026-01-01T01:34:50Z
batch_0004,order_00005056,order_00005896,ETH-USD,1824.48,639,2026-01-01T01:38:15Z
batch_0004,order_00005418,order_00005896,ETH-USD,1824.48,285,2026-01-01T01:38:15Z
batch_0004,order_00005418,order_00003446,ETH-USD,1824.59,154,2026-01-01T01:30:17Z
batch_0004,order_00004957,order_00003446,ETH-USD,1824.59,532,2026-01-01T01:22:36Z
batch_0004,order_00004957,order_00005281,ETH-USD,1824.68,53,2026-01-01T01:28:00Z
batch_0004,order_00003374,order_00005281,ETH-USD,1824.68,243,2026-01-01T01:28:00Z
batch_0004,order_00003374,order_00003182,ETH-USD,1824.93,643,2026-01-01T00:56:13Z
batch_0004,order_00002572,order_00003182,ETH-USD,1824.93,257,2026-01-01T00:53:01Z
batch_0004,order_00002572,order_00001778,ETH-USD,1825.24,226,2026-01-01T00:42:51Z
batch_0004,order_00002572,order_00003769,ETH-USD,1825.25,270,2026-01-01T01:02:48Z
batch_0004,order_00002572,order_00004962,ETH-USD,1825.33,180,2026-01-01T01:22:41Z
batch_0004,order_00002572,order_00002169,ETH-USD,1825.4,21,2026-01-01T00:42:51Z
batch_0004,order_00005982,order_00002169,ETH-USD,1825.4,546,2026-01-01T01:39:41Z
batch_0004,order_00005982,order_00005807,ETH-USD,1825.69,161,2026-01-01T01:39:41Z
batch_0004,order_00005982,order_00001962,ETH-USD,1825.88,63,2026-01-01T01:39:41Z
batch_0004,order_00001791,order_00001962,ETH-USD,1825.88,110,2026-01-01T00:32:41Z
batch_0004,order_00001791,order_00006240,ETH-USD,1825.91,135,2026-01-01T01:43:59Z
batch_0004,order_00005827,order_00006240,ETH-USD,1825.91,498,2026-01-01T01:43:59Z
batch_0004,order_00006255,order_00006240,ETH-USD,1825.91,109,2026-01-01T01:44:14Z
batch_0004,order_00006255,order_00006288,ETH-USD,1826.52,366,2026-01-01T01:44:47Z
batch_0004,order_00006255,order_00002057,ETH-USD,1826.55,467,2026-01-01T01:44:14Z
batch_0004,order_00003735,order_00002057,ETH-USD,1826.55,52,2026-01-01T01:02:14Z
batch_0004,order_00003735,order_00003789,ETH-USD,1826.73,127,2026-01-01T01:03:08Z
batch_0004,order_00003900,order_00003789,ETH-USD,1826.73,40,2026-01-01T01:04:59Z
batch_0004,order_00004918,order_00003789,ETH-USD,1826.73,141,2026-01-01T01:21:57Z
batch_0004,order_00002961,order_00003789,ETH-USD,1826.73,85,2026-01-01T01:03:08Z
batch_0004,order_00005709,order_00003789,ETH-USD,1826.73,229,2026-01-01T01:35:08Z
batch_0004,order_00002477,order_00003789,ETH-USD,1826.73,213,2026-01-01T01:03:08Z
batch_0004,order_00004880,order_00003789,ETH-USD,1826.73,148,2026-01-01T01:21:19Z
batch_0004,order_00004880,order_00001842,ETH-USD,1826.8,39,2026-01-01T01:21:19Z
batch_0004,order_00002914,order_00001842,ETH-USD,1826.8,470,2026-01-01T00:48:33Z
batch_0004,order_00004346,order_00001842,ETH-USD,1826.8,213,2026-01-01T01:12:25Z
batch_0004,order_00004346,order_00004343,ETH-USD,1826.95,79,2026-01-01T01:12:25Z
batch_0004,order_00004346,order_00005744,ETH-USD,1827.24,255,2026-01-01T01:35:43Z
batch_0004,order_00004518,order_00005744,ETH-USD,1827.24,141,2026-01-01T01:35:43Z
batch_0004,order_00005162,order_00005744,ETH-USD,1827.24,74,2026-01-01T01:35:43Z
batch_0004,order_00005162,order_00001971,ETH-USD,1827.29,851,2026-01-01T01:26:01Z
batch_0004,order_00005162,order_00005960,ETH-USD,1827.33,9,2026-01-01T01:39:19Z
batch_0004,order_00005519,order_00005960,ETH-USD,1827.33,562,2026-01-01T01:39:19Z
batch_0004,order_00005519,order_00002359,ETH-USD,1827.36,76,2026-01-01T01:31:58Z
batch_0004,order_00006128,order_00002359,ETH-USD,1827.36,729,2026-01-01T01:42:07Z
batch_0004,order_00006128,order_00006111,ETH-USD,1827.36,250,2026-01-01T01:42:07Z
batch_0004,order_00006095,order_00006111,ETH-USD,1827.36,738,2026-01-01T01:41:50Z
batch_0004,order_00006095,order_00004484,ETH-USD,1827.44,219,2026-01-01T01:41:34Z
batch_0004,order_00003711,order_00004484,ETH-USD,1827.44,323,2026-01-01T01:14:43Z
batch_0004,order_00003402,order_00004484,ETH-USD,1827.44,15,2026-01-01T01:14:43Z
batch_0004,order_00001875,order_00004484,ETH-USD,1827.44,98,2026-01-01T01:14:43Z
batch_0004,order_00001875,order_00004225,ETH-USD,1827.64,372,2026-01-01T01:10:24Z
batch_0004,order_00006582,order_00004225,ETH-USD,1827.64,84,2026-01-01T01:49:41Z
batch_0004,order_00006582,order_00005247,ETH-USD,1827.65,528,2026-01-01T01:49:41Z
batch_0004,order_00006582,order_00003894,ETH-USD,1827.76,269,2026-01-01T01:49:41Z
batch_0004,order_00003146,order_00003894,ETH-USD,1827.76,611,2026-01-01T01:04:53Z
batch_0004,order_00003146,order_00001754,ETH-USD,1828.04,115,2026-01-01T00:52:25Z
batch_0004,order_00002103,order_00001754,ETH-USD,1828.04,690,2026-01-01T00:35:02Z
batch_0004,order_00002103,order_00003941,ETH-USD,1828.21,227,2026-01-01T01:05:40Z
batch_0004,order_00002189,order_00003941,ETH-USD,1828.21,2,2026-01-01T01:05:40Z
batch_0004,order_00002189,order_00004255,ETH-USD,1828.37,50,2026-01-01T01:10:54Z
batch_0004,order_00002403,order_00004255,ETH-USD,1828.37,284,2026-01-01T01:10:54Z
batch_0004,order_00006050,order_00004255,ETH-USD,1828.37,217,2026-01-01T01:40:49Z
batch_0004,order_00002529,order_00004255,ETH-USD,1828.37,273,2026-01-01T01:10:54Z
batch_0004,order_00002529,order_00002524,ETH-USD,1828.49,122,2026-01-01T00:42:08Z
batch_0004,order_00005135,order_00002524,ETH-USD,1828.49,481,2026-01-01T01:25:34Z
batch_0004,order_00005135,order_00002612,ETH-USD,1828.73,139,2026-01-01T01:25:34Z
batch_0004,order_00004409,order_00002612,ETH-USD,1828.73,262,2026-01-01T01:13:28Z
batch_0004,order_00004409,order_00004549,ETH-USD,1828.88,60,2026-01-01T01:15:48Z
batch_0004,order_00004405,order_00004549,ETH-USD,1828.88,157,2026-01-01T01:15:48Z
batch_0004,order_00004476,order_00004549,ETH-USD,1828.88,241,2026-01-01T01:15:48Z
batch_0004,order_00002751,order_00004549,ETH-USD,1828.88,291,2026-01-01T01:15:48Z
batch_0004,order_00002751,order_00005238,ETH-USD,1829.11,166,2026-01-01T01:27:17Z
batch_0004,order_00003022,order_00005238,ETH-USD,1829.11,175,2026-01-01T01:27:17Z
batch_0004,order_00004393,order_00005238,ETH-USD,1829.11,170,2026-01-01T01:27:17Z
batch_0004,order_00006461,order_00005238,ETH-USD,1829.11,313,2026-01-01T01:47:40Z
batch_0004,order_00001623,order_00005238,ETH-USD,1829.11,16,2026-01-01T01:27:17Z
batch_0004,order_00001623,order_00005990,ETH-USD,1829.59,333,2026-01-01T01:39:49Z
batch_0004,order_00005441,order_00005990,ETH-USD,1829.59,526,2026-01-01T01:39:49Z
batch_0004,order_00005441,order_00003787,ETH-USD,1829.95,1,2026-01-01T01:30:40Z
batch_0004,order_00005441,order_00005824,ETH-USD,1830.04,184,2026-01-01T01:37:03Z
batch_0004,order_00005441,order_00003062,ETH-USD,1830.79,288,2026-01-01T01:30:40Z
batch_0004,order_00001928,order_00003062,ETH-USD,1830.79,135,2026-01-01T00:51:01Z
batch_0004,order_00002613,order_00003062,ETH-USD,1830.79,480,2026-01-01T00:51:01Z
batch_0004,order_00002613,order_00005527,ETH-USD,1831.02,234,2026-01-01T01:32:06Z
batch_0004,order_00006122,order_00005527,ETH-USD,1831.02,13,2026-01-01T01:42:01Z
batch_0004,order_00006122,order_00004156,ETH-USD,1831.07,218,2026-01-01T01:42:01Z
batch_0004,order_00002584,order_00004156,ETH-USD,1831.07,37,2026-01-01T01:09:15Z
batch_0004,order_00002584,order_00003313,ETH-USD,1831.63,103,2026-01-01T00:55:12Z
batch_0004,order_00001800,order_00003313,ETH-USD,1831.63,687,2026-01-01T00:55:12Z
batch_0004,order_00003584,order_00003313,ETH-USD,1831.63,33,2026-01-01T00:59:43Z
batch_0004,order_00003584,order_00004794,ETH-USD,1832.04,286,2026-01-01T01:19:53Z
batch_0004,order_00003584,order_00004025,ETH-USD,1832.1,411,2026-01-01T01:07:04Z
batch_0004,order_00006264,order_00004025,ETH-USD,1832.1,265,2026-01-01T01:44:23Z
batch_0004,order_00006264,order_00002536,ETH-USD,1832.14,109,2026-01-01T01:44:23Z
batch_0004,order_00003287,order_00002536,ETH-USD,1832.14,757,2026-01-01T00:54:46Z
batch_0004,order_00001947,order_00002536,ETH-USD,1832.14,57,2026-01-01T00:42:15Z
batch_0004,order_00001947,order_00001759,ETH-USD,1832.18,163,2026-01-01T00:32:26Z
batch_0004,order_00003998,order_00001759,ETH-USD,1832.18,9,2026-01-01T01:06:37Z
batch_0004,order_00001939,order_00001759,ETH-USD,1832.18,127,2026-01-01T00:32:18Z
batch_0004,order_00005917,order_00001759,ETH-USD,1832.18,50,2026-01-01T01:38:36Z
batch_0004,order_00005917,order_00004043,ETH-USD,1832.46,228,2026-01-01T01:38:36Z
batch_0004,order_00002443,order_00004043,ETH-USD,1832.46,721,2026-01-01T01:07:22Z
batch_0004,order_00002443,order_00006545,ETH-USD,1832.51,182,2026-01-01T01:49:04Z
batch_0004,order_00006474,order_00006545,ETH-USD,1832.51,269,2026-01-01T01:49:04Z
batch_0004,order_00002326,order_00006545,ETH-USD,1832.51,285,2026-01-01T01:49:04Z
batch_0004,order_00004592,order_00006545,ETH-USD,1832.51,12,2026-01-01T01:49:04Z
batch_0004,order_00004703,order_00006545,ETH-USD,1832.51,47,2026-01-01T01:49:04Z
batch_0004,order_00004703,order_00003383,ETH-USD,1832.57,39,2026-01-01T01:18:22Z
batch_0004,order_00002138,order_00003383,ETH-USD,1832.57,79,2026-01-01T00:56:22Z
batch_0004,order_00001649,order_00003383,ETH-USD,1832.57,633,2026-01-01T00:56:22Z
batch_0004,order_00001649,order_00004193,ETH-USD,1832.7,84,2026-01-01T01:09:52Z
batch_0004,order_00002520,order_00004193,ETH-USD,1832.7,159,2026-01-01T01:09:52Z
batch_0004,order_00004334,order_00004193,ETH-USD,1832.7,163,2026-01-01T01:12:13Z
batch_0004,order_00004334,order_00004678,ETH-USD,1832.87,258,2026-01-01T01:17:57Z
batch_0004,order_00004334,order_00006163,ETH-USD,1832.88,304,2026-01-01T01:42:42Z
batch_0004,order_00004667,order_00006163,ETH-USD,1832.88,570,2026-01-01T01:42:42Z
batch_0004,order_00004034,order_00006163,ETH-USD,1832.88,100,2026-01-01T01:42:42Z
batch_0004,order_00004034,order_00005005,ETH-USD,1833.06,482,2026-01-01T01:23:24Z
batch_0004,order_00004034,order_00004416,ETH-USD,1833.15,101,2026-01-01T01:13:35Z
batch_0004,order_00003495,order_00004416,ETH-USD,1833.15,218,2026-01-01T01:13:35Z
batch_0004,order_00006186,order_00004416,ETH-USD,1833.15,555,2026-01-01T01:43:05Z
batch_0004,order_00006186,order_00004018,ETH-USD,1833.23,254,2026-01-01T01:43:05Z
batch_0004,order_00002965,order_00004018,ETH-USD,1833.23,371,2026-01-01T01:06:57Z
batch_0004,order_00004330,order_00004018,ETH-USD,1833.23,181,2026-01-01T01:12:09Z
batch_0004,order_00004330,order_00002143,ETH-USD,1833.32,47,2026-01-01T01:12:09Z
batch_0004,order_00004330,order_00002886,ETH-USD,1833.4,148,2026-01-01T01:12:09Z
batch_0004,order_00006302,order_00002886,ETH-USD,1833.4,235,2026-01-01T01:45:01Z
batch_0004,order_00006302,order_00003373,ETH-USD,1833.45,143,2026-01-01T01:45:01Z
batch_0004,order_00005098,order_00003373,ETH-USD,1833.45,843,2026-01-01T01:24:57Z
batch_0004,order_00001923,order_00003373,ETH-USD,1833.45,14,2026-01-01T00:56:12Z
batch_0004,order_00001923,order_00005105,ETH-USD,1833.48,819,2026-01-01T01:25:04Z
batch_0004,order_00001923,order_00002134,ETH-USD,1833.59,111,2026-01-01T00:35:33Z
batch_0004,order_00004982,order_00002134,ETH-USD,1833.59,427,2026-01-01T01:23:01Z
batch_0004,order_00004982,order_00002067,ETH-USD,1833.76,113,2026-01-01T01:23:01Z
batch_0004,order_00003351,order_00002067,ETH-USD,1833.76,91,2026-01-01T00:55:50Z
batch_0004,order_00003351,order_00001684,ETH-USD,1833.87,75,2026-01-01T00:55:50Z
batch_0004,order_00004110,order_00001684,ETH-USD,1833.87,65,2026-01-01T01:08:29Z
batch_0004,order_00004110,order_00002809,ETH-USD,1833.92,730,2026-01-01T01:08:29Z
batch_0004,order_00003544,order_00002809,ETH-USD,1833.92,212,2026-01-01T00:59:03Z
batch_0004,order_00003544,order_00001763,ETH-USD,1833.94,197,2026-01-01T00:59:03Z
batch_0004,order_00002742,order_00001763,ETH-USD,1833.94,287,2026-01-01T00:45:41Z
batch_0004,order_00005045,order_00001763,ETH-USD,1833.94,15,2026-01-01T01:24:04Z
batch_0004,order_00005045,order_00001993,ETH-USD,1833.98,357,2026-01-01T01:24:04Z
batch_0004,order_00004713,order_00001993,ETH-USD,1833.98,250,2026-01-01T01:18:32Z
batch_0004,order_00004713,order_00003452,ETH-USD,1834.44,493,2026-01-01T01:18:32Z
batch_0004,order_00005375,order_00003452,ETH-USD,1834.44,221,2026-01-01T01:29:34Z
batch_0004,order_00005375,order_00005347,ETH-USD,1834.47,596,2026-01-01T01:29:34Z
batch_0004,order_00003367,order_00005347,ETH-USD,1834.47,77,2026-01-01T01:29:06Z
batch_0004,order_00003367,order_00006197,ETH-USD,1834.67,215,2026-01-01T01:43:16Z
batch_0004,order_00005593,order_00006197,ETH-USD,1834.67,94,2026-01-01T01:43:16Z
batch_0004,order_00004789,order_00006197,ETH-USD,1834.67,161,2026-01-01T01:43:16Z
batch_0004,order_00004789,order_00001886,ETH-USD,1834.95,240,2026-01-01T01:19:48Z
batch_0004,order_00002081,order_00001886,ETH-USD,1834.95,462,2026-01-01T00:34:40Z
batch_0004,order_00005455,order_00001886,ETH-USD,1834.95,279,2026-01-01T01:30:54Z
batch_0004,order_00005455,order_00005512,ETH-USD,1835.38,83,2026-01-01T01:31:51Z
batch_0004,order_00001699,order_00005512,ETH-USD,1835.38,38,2026-01-01T01:31:51Z
batch_0004,order_00001699,order_00002259,ETH-USD,1835.41,487,2026-01-01T00:37:38Z
batch_0004,order_00004278,order_00002259,ETH-USD,1835.41,175,2026-01-01T01:11:17Z
batch_0004,order_00004278,order_00003883,ETH-USD,1835.64,340,2026-01-01T01:11:17Z
batch_0004,order_00004278,order_00005011,ETH-USD,1835.69,435,2026-01-01T01:23:30Z
batch_0004,order_00004567,order_00005011,ETH-USD,1835.69,255,2026-01-01T01:23:30Z
batch_0004,order_00004567,order_00005296,ETH-USD,1836.12,194,2026-01-01T01:28:15Z
batch_0004,order_00005740,order_00005296,ETH-USD,1836.12,532,2026-01-01T01:35:39Z
batch_0004,order_00005740,order_00006028,ETH-USD,1836.14,433,2026-01-01T01:40:27Z
batch_0004,order_00005438,order_00006028,ETH-USD,1836.14,8,2026-01-01T01:40:27Z
batch_0004,order_00005438,order_00006566,ETH-USD,1836.17,475,2026-01-01T01:49:25Z
batch_0004,order_00005438,order_00001758,ETH-USD,1836.27,425,2026-01-01T01:30:37Z
batch_0004,order_00004058,order_00001758,ETH-USD,1836.27,238,2026-01-01T01:07:37Z
batch_0004,order_00004058,order_00005451,ETH-USD,1836.33,115,2026-01-01T01:30:50Z
batch_0004,order_00002785,order_00005451,ETH-USD,1836.33,3,2026-01-01T01:30:50Z
batch_0004,order_00002785,order_00006244,ETH-USD,1836.44,149,2026-01-01T01:44:03Z
batch_0004,order_00003956,order_00006244,ETH-USD,1836.44,38,2026-01-01T01:44:03Z
batch_0004,order_00003956,order_00003412,ETH-USD,1836.54,168,2026-01-01T01:05:55Z
batch_0004,order_00003938,order_00003412,ETH-USD,1836.54,54,2026-01-01T01:05:37Z
batch_0004,order_00003938,order_00005936,ETH-USD,1836.56,809,2026-01-01T01:38:55Z
batch_0004,order_00004367,order_00005936,ETH-USD,1836.56,17,2026-01-01T01:38:55Z
batch_0004,order_00002213,order_00005936,ETH-USD,1836.56,144,2026-01-01T01:38:55Z
batch_0004,order_00002213,order_00004862,ETH-USD,1836.67,143,2026-01-01T01:21:01Z
batch_0004,order_00003615,order_00004862,ETH-USD,1836.67,309,2026-01-01T01:21:01Z
batch_0004,order_00003615,order_00002506,ETH-USD,1836.7,129,2026-01-01T01:00:14Z
batch_0004,order_00003615,order_00002005,ETH-USD,1836.78,196,2026-01-01T01:00:14Z
batch_0004,order_00006495,order_00002005,ETH-USD,1836.78,283,2026-01-01T01:48:14Z
batch_0004,order_00004954,order_00002005,ETH-USD,1836.78,186,2026-01-01T01:22:33Z
batch_0004,order_00002277,order_00002005,ETH-USD,1836.78,316,2026-01-01T00:37:56Z
batch_0004,order_00002277,order_00003694,ETH-USD,1836.86,532,2026-01-01T01:01:33Z
batch_0004,order_00003714,order_00003694,ETH-USD,1836.86,47,2026-01-01T01:01:53Z
batch_0004,order_00003714,order_00006169,ETH-USD,1836.99,326,2026-01-01T01:42:48Z
batch_0004,order_00003714,order_00004450,ETH-USD,1837.29,426,2026-01-01T01:14:09Z
batch_0004,order_00003714,order_00002428,ETH-USD,1837.3,100,2026-01-01T01:01:53Z
batch_0004,order_00003972,order_00002428,ETH-USD,1837.3,212,2026-01-01T01:06:11Z
batch_0004,order_00003972,order_00003843,ETH-USD,1837.35,204,2026-01-01T01:06:11Z
batch_0004,order_00003972,order_00003429,ETH-USD,1837.64,337,2026-01-01T01:06:11Z
batch_0004,order_00003972,order_00003818,ETH-USD,1837.97,189,2026-01-01T01:06:11Z
batch_0004,order_00001863,order_00003818,ETH-USD,1837.97,136,2026-01-01T01:03:37Z
batch_0004,order_00002203,order_00003818,ETH-USD,1837.97,265,2026-01-01T01:03:37Z
batch_0004,order_00002203,order_00005978,ETH-USD,1838.08,155,2026-01-01T01:39:37Z
batch_0004,order_00002958,order_00005978,ETH-USD,1838.08,13,2026-01-01T01:39:37Z
batch_0004,order_00002958,order_00002670,ETH-USD,1838.22,502,2026-01-01T00:49:17Z
batch_0004,order_00002958,order_00003361,ETH-USD,1838.22,154,2026-01-01T00:56:00Z
batch_0004,order_00005108,order_00003361,ETH-USD,1838.22,2,2026-01-01T01:25:07Z
batch_0004,order_00005108,order_00006369,ETH-USD,1838.26,15,2026-01-01T01:46:08Z
batch_0004,order_00005108,order_00004310,ETH-USD,1838.27,128,2026-01-01T01:25:07Z
batch_0004,order_00005108,order_00002342,ETH-USD,1838.33,6,2026-01-01T01:25:07Z
batch_0004,order_00003254,order_00002342,ETH-USD,1838.33,406,2026-01-01T00:54:13Z
batch_0004,order_00003254,order_00005469,ETH-USD,1838.39,12,2026-01-01T01:31:08Z
batch_0004,order_00005771,order_00005469,ETH-USD,1838.39,662,2026-01-01T01:36:10Z
batch_0004,order_00005771,order_00004429,ETH-USD,1838.45,246,2026-01-01T01:36:10Z
batch_0004,order_00005407,order_00004429,ETH-USD,1838.45,282,2026-01-01T01:30:06Z
batch_0004,order_00005407,order_00003768,ETH-USD,1838.6,425,2026-01-01T01:30:06Z
batch_0004,order_00005719,order_00003768,ETH-USD,1838.6,255,2026-01-01T01:35:18Z
batch_0004,order_00005719,order_00003331,ETH-USD,1838.61,303,2026-01-01T01:35:18Z
batch_0004,order_00005719,order_00002556,ETH-USD,1838.74,43,2026-01-01T01:35:18Z
batch_0004,order_00005719,order_00002544,ETH-USD,1838.75,2,2026-01-01T01:35:18Z
batch_0004,order_00005719,order_00003997,ETH-USD,1838.83,122,2026-01-01T01:35:18Z
batch_0004,order_00002492,order_00003997,ETH-USD,1838.83,571,2026-01-01T01:06:36Z
batch_0004,order_00002492,order_00002614,ETH-USD,1838.93,207,2026-01-01T00:43:33Z
batch_0004,order_00001762,order_00002614,ETH-USD,1838.93,197,2026-01-01T00:43:33Z
batch_0004,order_00001762,order_00004908,ETH-USD,1838.95,203,2026-01-01T01:21:47Z
batch_0004,order_00002302,order_00004908,ETH-USD,1838.95,335,2026-01-01T01:21:47Z
batch_0004,order_00002302,order_00002876,ETH-USD,1838.96,235,2026-01-01T00:47:55Z
batch_0004,order_00001957,order_00002876,ETH-USD,1838.96,72,2026-01-01T00:47:55Z
batch_0004,order_00006497,order_00002876,ETH-USD,1838.96,203,2026-01-01T01:48:16Z
batch_0004,order_00006497,order_00002918,ETH-USD,1838.98,472,2026-01-01T01:48:16Z
batch_0004,order_00002183,order_00002918,ETH-USD,1838.98,121,2026-01-01T00:48:37Z
batch_0004,order_00002183,order_00004215,ETH-USD,1839.2,760,2026-01-01T01:10:14Z
batch_0004,order_00003585,order_00004215,ETH-USD,1839.2,29,2026-01-01T01:10:14Z
batch_0004,order_00003585,order_00005855,ETH-USD,1839.66,38,2026-01-01T01:37:34Z
batch_0004,order_00002249,order_00005855,ETH-USD,1839.66,119,2026-01-01T01:37:34Z
batch_0004,order_00002249,order_00003743,ETH-USD,1840.05,162,2026-01-01T01:02:22Z
batch_0004,order_00002249,order_00002562,ETH-USD,1840.07,679,2026-01-01T00:42:41Z
batch_0004,order_00005047,order_00002562,ETH-USD,1840.07,147,2026-01-01T01:24:06Z
batch_0004,order_00005047,order_00002056,ETH-USD,1840.16,287,2026-01-01T01:24:06Z
batch_0004,order_00002276,order_00002056,ETH-USD,1840.16,423,2026-01-01T00:37:55Z
batch_0004,order_00006058,order_00002056,ETH-USD,1840.16,130,2026-01-01T01:40:57Z
batch_0004,order_00006058,order_00003534,ETH-USD,1840.45,637,2026-01-01T01:40:57Z
batch_0004,order_00002466,order_00003534,ETH-USD,1840.45,36,2026-01-01T00:58:53Z
batch_0004,order_00005194,order_00003534,ETH-USD,1840.45,231,2026-01-01T01:26:33Z
batch_0004,order_00005194,order_00002345,ETH-USD,1840.51,320,2026-01-01T01:26:33Z
batch_0004,order_00003177,order_00002345,ETH-USD,1840.51,315,2026-01-01T00:52:56Z
batch_0004,order_00003177,order_00006214,ETH-USD,1840.62,400,2026-01-01T01:43:33Z
batch_0004,order_00003071,order_00006214,ETH-USD,1840.62,342,2026-01-01T01:43:33Z
batch_0004,order_00002051,order_00006214,ETH-USD,1840.62,34,2026-01-01T01:43:33Z
batch_0004,order_00002051,order_00004824,ETH-USD,1840.65,847,2026-01-01T01:20:23Z
batch_0004,order_00002706,order_00004824,ETH-USD,1840.65,5,2026-01-01T01:20:23Z
batch_0004,order_00002706,order_00004960,ETH-USD,1840.9,354,2026-01-01T01:22:39Z
batch_0004,order_00001802,order_00004960,ETH-USD,1840.9,394,2026-01-01T01:22:39Z
batch_0004,order_00001802,order_00004829,ETH-USD,1840.94,187,2026-01-01T01:20:28Z
batch_0004,order_00001802,order_00004497,ETH-USD,1841.43,244,2026-01-01T01:14:56Z
batch_0004,order_00003338,order_00004497,ETH-USD,1841.43,199,2026-01-01T01:14:56Z
batch_0004,order_00003338,order_00005769,ETH-USD,1841.43,22,2026-01-01T01:36:08Z
batch_0004,order_00005907,order_00005769,ETH-USD,1841.43,339,2026-01-01T01:38:26Z
batch_0004,order_00005907,order_00005997,ETH-USD,1841.92,268,2026-01-01T01:39:56Z
batch_0004,order_00005916,order_00005997,ETH-USD,1841.92,268,2026-01-01T01:39:56Z
batch_0004,order_00005916,order_00002113,ETH-USD,1842.43,114,2026-01-01T01:38:35Z
batch_0004,order_00002235,order_00002113,ETH-USD,1842.43,436,2026-01-01T00:37:14Z
batch_0004,order_00005034,order_00002113,ETH-USD,1842.43,77,2026-01-01T01:23:53Z
batch_0004,order_00002111,order_00002113,ETH-USD,1842.43,97,2026-01-01T00:35:12Z
batch_0004,order_00004164,order_00002113,ETH-USD,1842.43,251,2026-01-01T01:09:23Z
batch_0004,order_00004164,order_00003257,ETH-USD,1842.49,27,2026-01-01T01:09:23Z
batch_0004,order_00004164,order_00004403,ETH-USD,1842.6,264,2026-01-01T01:13:22Z
batch_0004,order_00004164,order_00001654,ETH-USD,1842.79,413,2026-01-01T01:09:23Z
batch_0004,order_00004760,order_00001654,ETH-USD,1842.79,403,2026-01-01T01:19:19Z
batch_0004,order_00004760,order_00003114,ETH-USD,1842.82,110,2026-01-01T01:19:19Z
batch_0004,order_00004372,order_00003114,ETH-USD,1842.82,396,2026-01-01T01:12:51Z
batch_0004,order_00006372,order_00003114,ETH-USD,1842.82,160,2026-01-01T01:46:11Z
batch_0004,order_00006372,order_00004573,ETH-USD,1842.85,745,2026-01-01T01:46:11Z
batch_0004,order_00002482,order_00004573,ETH-USD,1842.85,69,2026-01-01T01:16:12Z
batch_0004,order_00002372,order_00004573,ETH-USD,1842.85,93,2026-01-01T01:16:12Z
batch_0004,order_00002372,order_00005254,ETH-USD,1842.86,132,2026-01-01T01:27:33Z
batch_0004,order_00004732,order_00005254,ETH-USD,1842.86,408,2026-01-01T01:27:33Z
batch_0004,order_00005219,order_00005254,ETH-USD,1842.86,26,2026-01-01T01:27:33Z
batch_0004,order_00005219,order_00004312,ETH-USD,1842.95,287,2026-01-01T01:26:58Z
batch_0004,order_00005219,order_00004299,ETH-USD,1842.98,285,2026-01-01T01:26:58Z
batch_0004,order_00005219,order_00003286,ETH-USD,1843.11,180,2026-01-01T01:26:58Z
batch_0004,order_00005114,order_00003286,ETH-USD,1843.11,452,2026-01-01T01:25:13Z
batch_0004,order_00005114,order_00004296,ETH-USD,1843.23,450,2026-01-01T01:25:13Z
batch_0004,order_00006530,order_00004296,ETH-USD,1843.23,160,2026-01-01T01:48:49Z
batch_0004,order_00006530,order_00005200,ETH-USD,1843.36,56,2026-01-01T01:48:49Z
batch_0004,order_00006530,order_00002712,ETH-USD,1843.48,89,2026-01-01T01:48:49Z
batch_0004,order_00006352,order_00002712,ETH-USD,1843.48,187,2026-01-01T01:45:51Z
batch_0004,order_00006352,order_00004812,ETH-USD,1843.49,411,2026-01-01T01:45:51Z
batch_0004,order_00006352,order_00002551,ETH-USD,1843.68,12,2026-01-01T01:45:51Z
batch_0004,order_00004967,order_00002551,ETH-USD,1843.68,422,2026-01-01T01:22:46Z
batch_0004,order_00005245,order_00002551,ETH-USD,1843.68,206,2026-01-01T01:27:24Z
batch_0004,order_00005245,order_00006137,ETH-USD,1843.81,30,2026-01-01T01:42:16Z
batch_0004,order_00002217,order_00006137,ETH-USD,1843.81,203,2026-01-01T01:42:16Z
batch_0004,order_00003677,order_00006137,ETH-USD,1843.81,138,2026-01-01T01:42:16Z
batch_0004,order_00005460,order_00006137,ETH-USD,1843.81,208,2026-01-01T01:42:16Z
batch_0004,order_00005460,order_00001676,ETH-USD,1843.88,368,2026-01-01T01:30:59Z
batch_0004,order_00005460,order_00005476,ETH-USD,1843.88,27,2026-01-01T01:31:15Z
batch_0004,order_00006450,order_00005476,ETH-USD,1843.88,214,2026-01-01T01:47:29Z
batch_0004,order_00005145,order_00005476,ETH-USD,1843.88,43,2026-01-01T01:31:15Z
batch_0004,order_00001978,order_00005476,ETH-USD,1843.88,441,2026-01-01T01:31:15Z
batch_0004,order_00005348,order_00005476,ETH-USD,1843.88,41,2026-01-01T01:31:15Z
batch_0004,order_00005348,order_00002829,ETH-USD,1844.06,725,2026-01-01T01:29:07Z
batch_0004,order_00004067,order_00002829,ETH-USD,1844.06,219,2026-01-01T01:07:46Z
batch_0004,order_00004067,order_00002245,ETH-USD,1844.13,258,2026-01-01T01:07:46Z
batch_0004,order_00003977,order_00002245,ETH-USD,1844.13,161,2026-01-01T01:06:16Z
batch_0004,order_00003977,order_00003050,ETH-USD,1844.43,567,2026-01-01T01:06:16Z
batch_0004,order_00003054,order_00003050,ETH-USD,1844.43,415,2026-01-01T00:50:53Z
batch_0004,order_00003054,order_00006312,ETH-USD,1844.47,429,2026-01-01T01:45:11Z
batch_0004,order_00005252,order_00006312,ETH-USD,1844.47,456,2026-01-01T01:45:11Z
batch_0004,order_00005252,order_00004302,ETH-USD,1844.57,11,2026-01-01T01:27:31Z
batch_0004,order_00005252,order_00003527,ETH-USD,1844.67,81,2026-01-01T01:27:31Z
batch_0004,order_00005748,order_00003527,ETH-USD,1844.67,530,2026-01-01T01:35:47Z
batch_0004,order_00005748,order_00005810,ETH-USD,1845.06,304,2026-01-01T01:36:49Z
batch_0004,order_00004931,order_00005810,ETH-USD,1845.06,601,2026-01-01T01:36:49Z
batch_0004,order_00004931,order_00003803,ETH-USD,1845.14,62,2026-01-01T01:22:10Z
batch_0004,order_00002092,order_00003803,ETH-USD,1845.14,200,2026-01-01T01:03:22Z
batch_0004,order_00002092,order_00005915,ETH-USD,1845.2,32,2026-01-01T01:38:34Z
batch_0004,order_00002092,order_00001777,ETH-USD,1845.67,109,2026-01-01T00:34:51Z
batch_0004,order_00002092,order_00003215,ETH-USD,1845.7,7,2026-01-01T00:53:34Z
batch_0004,order_00003456,order_00003215,ETH-USD,1845.7,84,2026-01-01T00:57:35Z
batch_0004,order_00005780,order_00003215,ETH-USD,1845.7,454,2026-01-01T01:36:19Z
batch_0004,order_00005502,order_00003215,ETH-USD,1845.7,431,2026-01-01T01:31:41Z
batch_0004,order_00005502,order_00005551,ETH-USD,1846.54,341,2026-01-01T01:32:30Z
batch_0004,order_00005984,order_00005551,ETH-USD,1846.54,496,2026-01-01T01:39:43Z
batch_0004,order_00005984,order_00002534,ETH-USD,1846.69,13,2026-01-01T01:39:43Z
batch_0004,order_00005984,order_00002971,ETH-USD,1846.88,33,2026-01-01T01:39:43Z
batch_0004,order_00005984,order_00004285,ETH-USD,1846.88,178,2026-01-01T01:39:43Z
batch_0004,order_00005984,order_00001937,ETH-USD,1847.57,213,2026-01-01T01:39:43Z
batch_0004,order_00003358,order_00001937,ETH-USD,1847.57,268,2026-01-01T00:55:57Z
batch_0004,order_00003358,order_00001960,ETH-USD,1847.69,88,2026-01-01T00:55:57Z
batch_0004,order_00003358,order_00003003,ETH-USD,1847.7,403,2026-01-01T00:55:57Z
batch_0004,order_00003804,order_00003003,ETH-USD,1847.7,29,2026-01-01T01:03:23Z
batch_0004,order_00003804,order_00005495,ETH-USD,1847.73,144,2026-01-01T01:31:34Z
batch_0004,order_00002575,order_00005495,ETH-USD,1847.73,80,2026-01-01T01:31:34Z
batch_0004,order_00002575,order_00001911,ETH-USD,1847.83,453,2026-01-01T00:42:54Z
batch_0004,order_00002363,order_00001911,ETH-USD,1847.83,385,2026-01-01T00:39:22Z
batch_0004,order_00002363,order_00004547,ETH-USD,1847.99,81,2026-01-01T01:15:46Z
batch_0004,order_00005198,order_00004547,ETH-USD,1847.99,415,2026-01-01T01:26:37Z
batch_0004,order_00002669,order_00004547,ETH-USD,1847.99,99,2026-01-01T01:15:46Z
batch_0004,order_00002669,order_00001780,ETH-USD,1848.32,333,2026-01-01T00:44:28Z
batch_0004,order_00002669,order_00003593,ETH-USD,1848.39,314,2026-01-01T00:59:52Z
batch_0004,order_00005565,order_00003593,ETH-USD,1848.39,237,2026-01-01T01:32:44Z
batch_0004,order_00005565,order_00006155,ETH-USD,1848.53,93,2026-01-01T01:42:34Z
batch_0004,order_00005565,order_00001734,ETH-USD,1848.72,20,2026-01-01T01:32:44Z
batch_0004,order_00003583,order_00001734,ETH-USD,1848.72,634,2026-01-01T00:59:42Z
batch_0004,order_00003583,order_00004084,ETH-USD,1848.74,107,2026-01-01T01:08:03Z
batch_0004,order_00001891,order_00004084,ETH-USD,1848.74,457,2026-01-01T01:08:03Z
batch_0004,order_00003388,order_00004084,ETH-USD,1848.74,63,2026-01-01T01:08:03Z
batch_0004,order_00003388,order_00006013,ETH-USD,1848.74,125,2026-01-01T01:40:12Z
batch_0004,order_00003388,order_00003025,ETH-USD,1848.95,579,2026-01-01T00:56:27Z
batch_0004,order_00005950,order_00003025,ETH-USD,1848.95,106,2026-01-01T01:39:09Z
batch_0004,order_00005950,order_00006019,ETH-USD,1849.21,343,2026-01-01T01:40:18Z
batch_0004,order_00005956,order_00006019,ETH-USD,1849.21,86,2026-01-01T01:40:18Z
batch_0004,order_00005996,order_00006019,ETH-USD,1849.21,306,2026-01-01T01:40:18Z
batch_0004,order_00005996,order_00002937,ETH-USD,1849.78,473,2026-01-01T01:39:55Z
batch_0004,order_00005159,order_00002937,ETH-USD,1849.78,33,2026-01-01T01:25:58Z
batch_0004,order_00006452,order_00002937,ETH-USD,1849.78,367,2026-01-01T01:47:31Z
batch_0004,order_00003320,order_00002937,ETH-USD,1849.78,101,2026-01-01T00:55:19Z
batch_0004,order_00003320,order_00002690,ETH-USD,1849.88,285,2026-01-01T00:55:19Z
batch_0004,order_00003767,order_00002690,ETH-USD,1849.88,430,2026-01-01T01:02:46Z
batch_0004,order_00003767,order_00002226,ETH-USD,1849.9,397,2026-01-01T01:02:46Z
batch_0004,order_00002550,order_00002226,ETH-USD,1849.9,567,2026-01-01T00:42:29Z
batch_0004,order_00002550,order_00002307,ETH-USD,1849.91,9,2026-01-01T00:42:29Z
batch_0004,order_00002550,order_00002337,ETH-USD,1849.93,348,2026-01-01T00:42:29Z
batch_0004,order_00001833,order_00002337,ETH-USD,1849.93,245,2026-01-01T00:38:56Z
batch_0004,order_00001833,order_00003193,ETH-USD,1850.09,564,2026-01-01T00:53:12Z
batch_0004,order_00003816,order_00003193,ETH-USD,1850.09,149,2026-01-01T01:03:35Z
batch_0004,order_00003816,order_00002917,ETH-USD,1850.29,383,2026-01-01T01:03:35Z
batch_0004,order_00006486,order_00002917,ETH-USD,1850.29,447,2026-01-01T01:48:05Z
batch_0004,order_00001720,order_00002917,ETH-USD,1850.29,48,2026-01-01T00:48:36Z
batch_0004,order_00001720,order_00003309,ETH-USD,1850.47,496,2026-01-01T00:55:08Z
batch_0004,order_00004557,order_00003309,ETH-USD,1850.47,38,2026-01-01T01:15:56Z
batch_0004,order_00004557,order_00001870,ETH-USD,1850.59,155,2026-01-01T01:15:56Z
batch_0004,order_00005229,order_00001870,ETH-USD,1850.59,150,2026-01-01T01:27:08Z
batch_0004,order_00005331,order_00001870,ETH-USD,1850.59,284,2026-01-01T01:28:50Z
batch_0004,order_00005331,order_00005584,ETH-USD,1851.13,353,2026-01-01T01:33:03Z
batch_0004,order_00005331,order_00006142,ETH-USD,1851.14,228,2026-01-01T01:42:21Z
batch_0004,order_00002564,order_00006142,ETH-USD,1851.14,126,2026-01-01T01:42:21Z
batch_0004,order_00004128,order_00006142,ETH-USD,1851.14,287,2026-01-01T01:42:21Z
batch_0004,order_00004128,order_00003748,ETH-USD,1851.28,264,2026-01-01T01:08:47Z
batch_0004,order_00004128,order_00004546,ETH-USD,1851.28,383,2026-01-01T01:15:45Z
batch_0004,order_00003403,order_00004546,ETH-USD,1851.28,325,2026-01-01T01:15:45Z
batch_0004,order_00003403,order_00003497,ETH-USD,1851.4,397,2026-01-01T00:58:16Z
batch_0004,order_00003403,order_00005024,ETH-USD,1851.52,212,2026-01-01T01:23:43Z
batch_0004,order_00003522,order_00005024,ETH-USD,1851.52,125,2026-01-01T01:23:43Z
batch_0004,order_00003037,order_00005024,ETH-USD,1851.52,48,2026-01-01T01:23:43Z
batch_0004,order_00003037,order_00005591,ETH-USD,1851.68,231,2026-01-01T01:33:10Z
batch_0004,order_00003037,order_00003147,ETH-USD,1851.77,185,2026-01-01T00:52:26Z
batch_0004,order_00005003,order_00003147,ETH-USD,1851.77,81,2026-01-01T01:23:22Z
batch_0004,order_00005003,order_00003546,ETH-USD,1851.91,589,2026-01-01T01:23:22Z
batch_0004,order_00002029,order_00003546,ETH-USD,1851.91,84,2026-01-01T00:59:05Z
batch_0004,order_00002029,order_00006273,ETH-USD,1851.91,159,2026-01-01T01:44:32Z
batch_0004,order_00002029,order_00006444,ETH-USD,1852.52,63,2026-01-01T01:47:23Z
batch_0004,order_00002962,order_00006444,ETH-USD,1852.52,594,2026-01-01T01:47:23Z
batch_0004,order_00005635,order_00006444,ETH-USD,1852.52,224,2026-01-01T01:47:23Z
batch_0004,order_00005635,order_00005918,ETH-USD,1852.61,259,2026-01-01T01:38:37Z
batch_0004,order_00005635,order_00005475,ETH-USD,1852.67,155,2026-01-01T01:33:54Z
batch_0004,order_00002830,order_00005475,ETH-USD,1852.67,594,2026-01-01T01:31:14Z
batch_0004,order_00002830,order_00001645,ETH-USD,1852.72,276,2026-01-01T00:47:09Z
batch_0004,order_00005174,order_00001645,ETH-USD,1852.72,306,2026-01-01T01:26:13Z
batch_0004,order_00005174,order_00005743,ETH-USD,1852.72,608,2026-01-01T01:35:42Z
batch_0004,order_00006297,order_00005743,ETH-USD,1852.72,204,2026-01-01T01:44:56Z
batch_0004,order_00006297,order_00003458,ETH-USD,1853.09,348,2026-01-01T01:44:56Z
batch_0004,order_00006086,order_00003458,ETH-USD,1853.09,262,2026-01-01T01:41:25Z
batch_0004,order_00003809,order_00003458,ETH-USD,1853.09,108,2026-01-01T01:03:28Z
batch_0004,order_00001627,order_00003458,ETH-USD,1853.09,38,2026-01-01T00:57:37Z
batch_0004,order_00001627,order_00003158,ETH-USD,1853.29,387,2026-01-01T00:52:37Z
batch_0004,order_00001627,order_00001785,ETH-USD,1853.35,42,2026-01-01T00:29:44Z
batch_0004,order_00001627,order_00005815,ETH-USD,1853.43,264,2026-01-01T01:36:54Z
batch_0004,order_00005702,order_00005815,ETH-USD,1853.43,403,2026-01-01T01:36:54Z
batch_0004,order_00005042,order_00005815,ETH-USD,1853.43,102,2026-01-01T01:36:54Z
batch_0004,order_00005042,order_00004715,ETH-USD,1853.57,355,2026-01-01T01:24:01Z
batch_0004,order_00005042,order_00002497,ETH-USD,1853.71,337,2026-01-01T01:24:01Z
batch_0004,order_00005042,order_00004986,ETH-USD,1853.89,101,2026-01-01T01:24:01Z
batch_0004,order_00005042,order_00004349,ETH-USD,1853.98,81,2026-01-01T01:24:01Z
batch_0004,order_00004920,order_00004349,ETH-USD,1853.98,323,2026-01-01T01:21:59Z
batch_0004,order_00004920,order_00005392,ETH-USD,1854.09,10,2026-01-01T01:29:51Z
batch_0004,order_00003831,order_00005392,ETH-USD,1854.09,673,2026-01-01T01:29:51Z
batch_0004,order_00003831,order_00001608,ETH-USD,1854.3,117,2026-01-01T01:03:50Z
batch_0004,order_00005246,order_00001608,ETH-USD,1854.3,545,2026-01-01T01:27:25Z
batch_0004,order_00005246,order_00005878,ETH-USD,1854.6,398,2026-01-01T01:37:57Z
batch_0004,order_00005767,order_00005878,ETH-USD,1854.6,51,2026-01-01T01:37:57Z
batch_0004,order_00004922,order_00005878,ETH-USD,1854.6,306,2026-01-01T01:37:57Z
batch_0004,order_00004214,order_00005878,ETH-USD,1854.6,153,2026-01-01T01:37:57Z
batch_0004,order_00004214,order_00004803,ETH-USD,1854.88,332,2026-01-01T01:20:02Z
batch_0004,order_00004190,order_00004803,ETH-USD,1854.88,279,2026-01-01T01:20:02Z
batch_0004,order_00004190,order_00004243,ETH-USD,1855.01,662,2026-01-01T01:10:42Z
batch_0004,order_00005067,order_00004243,ETH-USD,1855.01,235,2026-01-01T01:24:26Z
batch_0004,order_00005067,order_00006181,ETH-USD,1855.11,310,2026-01-01T01:43:00Z
batch_0004,order_00002157,order_00006181,ETH-USD,1855.11,633,2026-01-01T01:43:00Z
batch_0004,order_00002157,order_00003275,ETH-USD,1855.26,9,2026-01-01T00:54:34Z
batch_0004,order_00005608,order_00003275,ETH-USD,1855.26,673,2026-01-01T01:33:27Z
batch_0004,order_00005608,order_00002822,ETH-USD,1855.29,14,2026-01-01T01:33:27Z
batch_0004,order_00004457,order_00002822,ETH-USD,1855.29,328,2026-01-01T01:14:16Z
batch_0004,order_00004457,order_00002423,ETH-USD,1855.65,347,2026-01-01T01:14:16Z
batch_0004,order_00006047,order_00002423,ETH-USD,1855.65,598,2026-01-01T01:40:46Z
batch_0004,order_00006047,order_00005943,ETH-USD,1855.98,355,2026-01-01T01:40:46Z
batch_0004,order_00006047,order_00003688,ETH-USD,1856.11,4,2026-01-01T01:40:46Z
batch_0004,order_00004543,order_00003688,ETH-USD,1856.11,20,2026-01-01T01:15:42Z
batch_0004,order_00004543,order_00006321,ETH-USD,1856.54,480,2026-01-01T01:45:20Z
batch_0004,order_00004543,order_00004696,ETH-USD,1856.57,132,2026-01-01T01:18:15Z
batch_0004,order_00002318,order_00004696,ETH-USD,1856.57,584,2026-01-01T01:18:15Z
batch_0004,order_00003424,order_00004696,ETH-USD,1856.57,111,2026-01-01T01:18:15Z
batch_0004,order_00003424,order_00001636,ETH-USD,1856.62,264,2026-01-01T00:57:03Z
batch_0004,order_00006298,order_00001636,ETH-USD,1856.62,14,2026-01-01T01:44:57Z
batch_0004,order_00006298,order_00005605,ETH-USD,1856.65,157,2026-01-01T01:44:57Z
batch_0004,order_00006298,order_00004825,ETH-USD,1856.71,384,2026-01-01T01:44:57Z
batch_0004,order_00006429,order_00004825,ETH-USD,1856.71,434,2026-01-01T01:47:08Z
batch_0004,order_00004702,order_00004825,ETH-USD,1856.71,132,2026-01-01T01:20:24Z
batch_0004,order_00004702,order_00004386,ETH-USD,1856.88,148,2026-01-01T01:18:21Z
batch_0004,order_00004702,order_00006107,ETH-USD,1857.01,137,2026-01-01T01:41:46Z
batch_0004,order_00001889,order_00006107,ETH-USD,1857.01,371,2026-01-01T01:41:46Z
batch_0004,order_00001889,order_00004739,ETH-USD,1857.04,363,2026-01-01T01:18:58Z
batch_0004,order_00004030,order_00004739,ETH-USD,1857.04,525,2026-01-01T01:18:58Z
batch_0004,order_00001979,order_00004739,ETH-USD,1857.04,37,2026-01-01T01:18:58Z
batch_0004,order_00001979,order_00006421,ETH-USD,1857.06,121,2026-01-01T01:47:00Z
batch_0004,order_00001979,order_00002834,ETH-USD,1857.23,165,2026-01-01T00:47:13Z
batch_0004,order_00006378,order_00002834,ETH-USD,1857.23,230,2026-01-01T01:46:17Z
batch_0004,order_00005216,order_00002834,ETH-USD,1857.23,270,2026-01-01T01:26:55Z
batch_0004,order_00003555,order_00002834,ETH-USD,1857.23,56,2026-01-01T00:59:14Z
batch_0004,order_00003555,order_00004798,ETH-USD,1857.46,621,2026-01-01T01:19:57Z
batch_0004,order_00006207,order_00004798,ETH-USD,1857.46,22,2026-01-01T01:43:26Z
batch_0004,order_00006207,order_00004050,ETH-USD,1857.56,203,2026-01-01T01:43:26Z
batch_0004,order_00005693,order_00004050,ETH-USD,1857.56,67,2026-01-01T01:34:52Z
batch_0004,order_00005693,order_00006206,ETH-USD,1857.73,854,2026-01-01T01:43:25Z
batch_0004,order_00004929,order_00006206,ETH-USD,1857.73,62,2026-01-01T01:43:25Z
batch_0004,order_00004929,order_00004203,ETH-USD,1857.74,508,2026-01-01T01:22:08Z
batch_0004,order_00004929,order_00005775,ETH-USD,1857.74,154,2026-01-01T01:36:14Z
batch_0004,order_00004929,order_00006083,ETH-USD,1857.78,231,2026-01-01T01:41:22Z
batch_0004,order_00006586,order_00006083,ETH-USD,1857.78,667,2026-01-01T01:49:45Z
batch_0004,order_00002699,order_00006083,ETH-USD,1857.78,48,2026-01-01T01:41:22Z
batch_0004,order_00002699,order_00002356,ETH-USD,1857.84,505,2026-01-01T00:44:58Z
batch_0004,order_00005516,order_00002356,ETH-USD,1857.84,190,2026-01-01T01:31:55Z
batch_0004,order_00005516,order_00002042,ETH-USD,1857.96,338,2026-01-01T01:31:55Z
batch_0004,order_00003563,order_00002042,ETH-USD,1857.96,622,2026-01-01T00:59:22Z
batch_0004,order_00003563,order_00006292,ETH-USD,1858.08,350,2026-01-01T01:44:51Z
batch_0004,order_00006527,order_00006292,ETH-USD,1858.08,425,2026-01-01T01:48:46Z
batch_0004,order_00002164,order_00006292,ETH-USD,1858.08,69,2026-01-01T01:44:51Z
batch_0004,order_00002164,order_00006226,ETH-USD,1858.23,357,2026-01-01T01:43:45Z
batch_0004,order_00004834,order_00006226,ETH-USD,1858.23,118,2026-01-01T01:43:45Z
batch_0004,order_00003236,order_00006226,ETH-USD,1858.23,271,2026-01-01T01:43:45Z
batch_0004,order_00006286,order_00006226,ETH-USD,1858.23,251,2026-01-01T01:44:45Z
batch_0004,order_00006286,order_00002734,ETH-USD,1858.48,110,2026-01-01T01:44:45Z
batch_0004,order_00005575,order_00002734,ETH-USD,1858.48,679,2026-01-01T01:32:54Z
batch_0004,order_00006138,order_00002734,ETH-USD,1858.48,163,2026-01-01T01:42:17Z
batch_0004,order_00006138,order_00003128,ETH-USD,1858.5,443,2026-01-01T01:42:17Z
batch_0004,order_00006138,order_00005415,ETH-USD,1858.6,29,2026-01-01T01:42:17Z
batch_0004,order_00002982,order_00005415,ETH-USD,1858.6,320,2026-01-01T01:30:14Z
batch_0004,order_00002982,order_00006490,ETH-USD,1858.65,384,2026-01-01T01:48:09Z
batch_0004,order_00001941,order_00006490,ETH-USD,1858.65,150,2026-01-01T01:48:09Z
batch_0004,order_00003439,order_00006490,ETH-USD,1858.65,141,2026-01-01T01:48:09Z
batch_0004,order_00003439,order_00004776,ETH-USD,1858.9,714,2026-01-01T01:19:35Z
batch_0004,order_00002684,order_00004776,ETH-USD,1858.9,89,2026-01-01T01:19:35Z
batch_0004,order_00002684,order_00005217,ETH-USD,1858.91,78,2026-01-01T01:26:56Z
batch_0004,order_00002684,order_00003447,ETH-USD,1859.01,154,2026-01-01T00:57:26Z
batch_0004,order_00005401,order_00003447,ETH-USD,1859.01,196,2026-01-01T01:30:00Z
batch_0004,order_00006221,order_00003447,ETH-USD,1859.01,164,2026-01-01T01:43:40Z
batch_0004,order_00006221,order_00001872,ETH-USD,1859.18,353,2026-01-01T01:43:40Z
batch_0004,order_00006221,order_00001668,ETH-USD,1859.69,360,2026-01-01T01:43:40Z
batch_0004,order_00001963,order_00001668,ETH-USD,1859.69,317,2026-01-01T00:32:42Z
batch_0004,order_00001963,order_00005124,ETH-USD,1860.17,293,2026-01-01T01:25:23Z
batch_0004,order_00005309,order_00005124,ETH-USD,1860.17,224,2026-01-01T01:28:28Z
batch_0004,order_00005309,order_00004650,ETH-USD,1860.23,79,2026-01-01T01:28:28Z
batch_0004,order_00005309,order_00003378,ETH-USD,1860.24,162,2026-01-01T01:28:28Z
batch_0004,order_00005446,order_00003378,ETH-USD,1860.24,693,2026-01-01T01:30:45Z
batch_0004,order_00005446,order_00003699,ETH-USD,1860.88,284,2026-01-01T01:30:45Z
batch_0004,order_00002374,order_00003699,ETH-USD,1860.88,181,2026-01-01T01:01:38Z
batch_0004,order_00005704,order_00003699,ETH-USD,1860.88,292,2026-01-01T01:35:03Z
batch_0004,order_00005704,order_00006229,ETH-USD,1860.94,402,2026-01-01T01:43:48Z
batch_0004,order_00002696,order_00006229,ETH-USD,1860.94,159,2026-01-01T01:43:48Z
batch_0004,order_00002696,order_00006218,ETH-USD,1861.06,217,2026-01-01T01:43:37Z
batch_0004,order_00003418,order_00006218,ETH-USD,1861.06,320,2026-01-01T01:43:37Z
batch_0004,order_00006034,order_00006218,ETH-USD,1861.06,138,2026-01-01T01:43:37Z
batch_0004,order_00004620,order_00006218,ETH-USD,1861.06,301,2026-01-01T01:43:37Z
batch_0004,order_00004620,order_00003035,ETH-USD,1861.6,325,2026-01-01T01:16:59Z
batch_0004,order_00001779,order_00003035,ETH-USD,1861.6,347,2026-01-01T00:50:34Z
batch_0004,order_00001779,order_00005755,ETH-USD,1861.63,452,2026-01-01T01:35:54Z
batch_0004,order_00001779,order_00005260,ETH-USD,1862.0,32,2026-01-01T01:27:39Z
batch_0004,order_00001776,order_00005260,ETH-USD,1862.0,175,2026-01-01T01:27:39Z
batch_0004,order_00002831,order_00005260,ETH-USD,1862.0,148,2026-01-01T01:27:39Z
batch_0004,order_00004488,order_00005260,ETH-USD,1862.0,441,2026-01-01T01:27:39Z
batch_0004,order_00004488,order_00002514,ETH-USD,1862.35,344,2026-01-01T01:14:47Z
batch_0004,order_00005329,order_00002514,ETH-USD,1862.35,435,2026-01-01T01:28:48Z
batch_0004,order_00005329,order_00003314,ETH-USD,1862.69,335,2026-01-01T01:28:48Z
batch_0004,order_00005329,order_00003572,ETH-USD,1862.79,84,2026-01-01T01:28:48Z
batch_0004,order_00002095,order_00003572,ETH-USD,1862.79,377,2026-01-01T00:59:31Z
batch_0004,order_00002095,order_00001786,ETH-USD,1863.1,620,2026-01-01T00:34:54Z
batch_0004,order_00003661,order_00001786,ETH-USD,1863.1,177,2026-01-01T01:01:00Z
batch_0004,order_00003661,order_00002837,ETH-USD,1863.27,700,2026-01-01T01:01:00Z
batch_0004,order_00002162,order_00002837,ETH-USD,1863.27,192,2026-01-01T00:47:16Z
batch_0004,order_00002162,order_00003695,ETH-USD,1863.29,545,2026-01-01T01:01:34Z
batch_0004,order_00002162,order_00004415,ETH-USD,1863.68,113,2026-01-01T01:13:34Z
batch_0004,order_00004560,order_00004415,ETH-USD,1863.68,232,2026-01-01T01:15:59Z
batch_0004,order_00004560,order_00003839,ETH-USD,1863.69,679,2026-01-01T01:15:59Z
batch_0004,order_00005897,order_00003839,ETH-USD,1863.69,94,2026-01-01T01:38:16Z
batch_0004,order_00005897,order_00003589,ETH-USD,1863.71,454,2026-01-01T01:38:16Z
batch_0004,order_00003949,order_00003589,ETH-USD,1863.71,39,2026-01-01T01:05:48Z
batch_0004,order_00004116,order_00003589,ETH-USD,1863.71,323,2026-01-01T01:08:35Z
batch_0004,order_00005964,order_00003589,ETH-USD,1863.71,115,2026-01-01T01:39:23Z
batch_0004,order_00005964,order_00005303,ETH-USD,1863.72,220,2026-01-01T01:39:23Z
batch_0004,order_00005074,order_00005303,ETH-USD,1863.72,195,2026-01-01T01:28:22Z
batch_0004,order_00005074,order_00005788,ETH-USD,1863.98,52,2026-01-01T01:36:27Z
batch_0004,order_00002019,order_00005788,ETH-USD,1863.98,163,2026-01-01T01:36:27Z
batch_0004,order_00002019,order_00006423,ETH-USD,1864.02,285,2026-01-01T01:47:02Z
batch_0004,order_00002019,order_00003975,ETH-USD,1864.13,433,2026-01-01T01:06:14Z
batch_0004,order_00005353,order_00003975,ETH-USD,1864.13,471,2026-01-01T01:29:12Z
batch_0004,order_00005353,order_00006480,ETH-USD,1864.13,138,2026-01-01T01:47:59Z
batch_0004,order_00005353,order_00002969,ETH-USD,1864.44,109,2026-01-01T01:29:12Z
batch_0004,order_00006222,order_00002969,ETH-USD,1864.44,479,2026-01-01T01:43:41Z
batch_0004,order_00003009,order_00002969,ETH-USD,1864.44,98,2026-01-01T00:50:08Z
batch_0004,order_00003396,order_00002969,ETH-USD,1864.44,142,2026-01-01T00:56:35Z
batch_0004,order_00003396,order_00005836,ETH-USD,1864.52,591,2026-01-01T01:37:15Z
batch_0004,order_00002234,order_00005836,ETH-USD,1864.52,175,2026-01-01T01:37:15Z
batch_0004,order_00002234,order_00002713,ETH-USD,1864.73,261,2026-01-01T00:45:12Z
batch_0004,order_00002925,order_00002713,ETH-USD,1864.73,189,2026-01-01T00:48:44Z
batch_0004,order_00002925,order_00005726,ETH-USD,1864.79,168,2026-01-01T01:35:25Z
batch_0004,order_00002925,order_00004053,ETH-USD,1864.97,4,2026-01-01T01:07:32Z
batch_0004,order_00004905,order_00004053,ETH-USD,1864.97,230,2026-01-01T01:21:44Z
batch_0004,order_00004905,order_00003087,ETH-USD,1865.04,105,2026-01-01T01:21:44Z
batch_0004,order_00005335,order_00003087,ETH-USD,1865.04,217,2026-01-01T01:28:54Z
batch_0004,order_00003273,order_00003087,ETH-USD,1865.04,359,2026-01-01T00:54:32Z
batch_0004,order_00003273,order_00002799,ETH-USD,1865.26,489,2026-01-01T00:54:32Z
batch_0004,order_00003089,order_00002799,ETH-USD,1865.26,290,2026-01-01T00:51:28Z
batch_0004,order_00004307,order_00002799,ETH-USD,1865.26,57,2026-01-01T01:11:46Z
batch_0004,order_00004307,order_00005774,ETH-USD,1865.42,187,2026-01-01T01:36:13Z
batch_0004,order_00004307,order_00001893,ETH-USD,1865.52,296,2026-01-01T01:11:46Z
batch_0004,order_00004307,order_00005894,ETH-USD,1865.61,33,2026-01-01T01:38:13Z
batch_0004,order_00004307,order_00002330,ETH-USD,1865.79,202,2026-01-01T01:11:46Z
batch_0004,order_00004307,order_00004637,ETH-USD,1865.85,215,2026-01-01T01:17:16Z
batch_0004,order_00006119,order_00004637,ETH-USD,1865.85,257,2026-01-01T01:41:58Z
batch_0004,order_00006119,order_00005921,ETH-USD,1865.93,384,2026-01-01T01:41:58Z
batch_0004,order_00006119,order_00001784,ETH-USD,1866.0,119,2026-01-01T01:41:58Z
batch_0004,order_00005004,order_00001784,ETH-USD,1866.0,448,2026-01-01T01:23:23Z
batch_0004,order_00005004,order_00006510,ETH-USD,1866.2,12,2026-01-01T01:48:29Z
batch_0004,order_00005004,order_00003780,ETH-USD,1866.7,167,2026-01-01T01:23:23Z
batch_0004,order_00005699,order_00003780,ETH-USD,1866.7,56,2026-01-01T01:34:58Z
batch_0004,order_00002050,order_00003780,ETH-USD,1866.7,321,2026-01-01T01:02:59Z
batch_0004,order_00002050,order_00003279,ETH-USD,1866.71,16,2026-01-01T00:54:38Z
batch_0004,order_00002050,order_00006005,ETH-USD,1866.77,622,2026-01-01T01:40:04Z
batch_0004,order_00003307,order_00006005,ETH-USD,1866.77,245,2026-01-01T01:40:04Z
batch_0004,order_00003307,order_00005510,ETH-USD,1866.91,386,2026-01-01T01:31:49Z
batch_0004,order_00003307,order_00004943,ETH-USD,1867.08,222,2026-01-01T01:22:22Z
batch_0004,order_00004604,order_00004943,ETH-USD,1867.08,177,2026-01-01T01:22:22Z
batch_0004,order_00001775,order_00004943,ETH-USD,1867.08,315,2026-01-01T01:22:22Z
batch_0004,order_00006062,order_00004943,ETH-USD,1867.08,7,2026-01-01T01:41:01Z
batch_0004,order_00006062,order_00006466,ETH-USD,1867.2,416,2026-01-01T01:47:45Z
batch_0004,order_00006062,order_00006147,ETH-USD,1867.27,10,2026-01-01T01:42:26Z
batch_0004,order_00006062,order_00006463,ETH-USD,1867.51,402,2026-01-01T01:47:42Z
batch_0004,order_00006062,order_00003600,ETH-USD,1867.58,18,2026-01-01T01:41:01Z
batch_0004,order_00002988,order_00003600,ETH-USD,1867.58,648,2026-01-01T00:59:59Z
batch_0004,order_00006042,order_00003600,ETH-USD,1867.58,74,2026-01-01T01:40:41Z
batch_0004,order_00006042,order_00003387,ETH-USD,1868.29,508,2026-01-01T01:40:41Z
batch_0004,order_00006042,order_00006129,ETH-USD,1868.29,94,2026-01-01T01:42:08Z
batch_0004,order_00006042,order_00005444,ETH-USD,1868.4,90,2026-01-01T01:40:41Z
batch_0004,order_00006042,order_00003574,ETH-USD,1868.91,128,2026-01-01T01:40:41Z
batch_0004,order_00001643,order_00003574,ETH-USD,1868.91,341,2026-01-01T00:59:33Z
batch_0004,order_00003763,order_00003574,ETH-USD,1868.91,203,2026-01-01T01:02:42Z
batch_0004,order_00003763,order_00006090,ETH-USD,1868.96,220,2026-01-01T01:41:29Z
batch_0004,order_00003763,order_00001660,ETH-USD,1869.23,242,2026-01-01T01:02:42Z
batch_0004,order_00003763,order_00002179,ETH-USD,1869.32,133,2026-01-01T01:02:42Z
batch_0004,order_00003763,order_00001782,ETH-USD,1869.38,93,2026-01-01T01:02:42Z
batch_0004,order_00005349,order_00001782,ETH-USD,1869.38,515,2026-01-01T01:29:08Z
batch_0004,order_00005349,order_00003435,ETH-USD,1869.51,455,2026-01-01T01:29:08Z
batch_0004,order_00006563,order_00003435,ETH-USD,1869.51,48,2026-01-01T01:49:22Z
batch_0004,order_00006563,order_00004228,ETH-USD,1869.57,503,2026-01-01T01:49:22Z
batch_0004,order_00006563,order_00003157,ETH-USD,1869.63,30,2026-01-01T01:49:22Z
batch_0004,order_00005377,order_00003157,ETH-USD,1869.63,457,2026-01-01T01:29:36Z
batch_0004,order_00002310,order_00003157,ETH-USD,1869.63,93,2026-01-01T00:52:36Z
batch_0004,order_00003899,order_00003157,ETH-USD,1869.63,153,2026-01-01T01:04:58Z
batch_0004,order_00003033,order_00003157,ETH-USD,1869.63,213,2026-01-01T00:52:36Z
batch_0004,order_00003033,order_00001708,ETH-USD,1869.85,1,2026-01-01T00:50:32Z
batch_0004,order_00004291,order_00001708,ETH-USD,1869.85,386,2026-01-01T01:11:30Z
batch_0004,order_00006105,order_00001708,ETH-USD,1869.85,232,2026-01-01T01:41:44Z
batch_0004,order_00006105,order_00001899,ETH-USD,1869.96,322,2026-01-01T01:41:44Z
batch_0004,order_00005492,order_00001899,ETH-USD,1869.96,103,2026-01-01T01:31:31Z
batch_0004,order_00005492,order_00005203,ETH-USD,1869.96,122,2026-01-01T01:31:31Z
batch_0004,order_00005492,order_00002487,ETH-USD,1870.13,341,2026-01-01T01:31:31Z
batch_0004,order_00005492,order_00001606,ETH-USD,1870.25,339,2026-01-01T01:31:31Z
batch_0004,order_00006317,order_00001606,ETH-USD,1870.25,514,2026-01-01T01:45:16Z
batch_0004,order_00006317,order_00005020,ETH-USD,1870.45,174,2026-01-01T01:45:16Z
batch_0004,order_00004292,order_00005020,ETH-USD,1870.45,115,2026-01-01T01:23:39Z
batch_0004,order_00004292,order_00006344,ETH-USD,1870.55,79,2026-01-01T01:45:43Z
batch_0004,order_00006227,order_00006344,ETH-USD,1870.55,161,2026-01-01T01:45:43Z
batch_0004,order_00006227,order_00002546,ETH-USD,1870.56,118,2026-01-01T01:43:46Z
batch_0004,order_00004251,order_00002546,ETH-USD,1870.56,57,2026-01-01T01:10:50Z
batch_0004,order_00004251,order_00002778,ETH-USD,1870.69,287,2026-01-01T01:10:50Z
batch_0004,order_00004251,order_00005374,ETH-USD,1870.75,558,2026-01-01T01:29:33Z
batch_0004,order_00005633,order_00005374,ETH-USD,1870.75,1,2026-01-01T01:33:52Z
batch_0004,order_00005362,order_00005374,ETH-USD,1870.75,319,2026-01-01T01:29:33Z
batch_0004,order_00002814,order_00005374,ETH-USD,1870.75,113,2026-01-01T01:29:33Z
batch_0004,order_00002814,order_00004477,ETH-USD,1870.89,159,2026-01-01T01:14:36Z
batch_0004,order_00003163,order_00004477,ETH-USD,1870.89,35,2026-01-01T01:14:36Z
batch_0004,order_00005351,order_00004477,ETH-USD,1870.89,73,2026-01-01T01:29:10Z
batch_0004,order_00003340,order_00004477,ETH-USD,1870.89,70,2026-01-01T01:14:36Z
batch_0004,order_00003340,order_00003842,ETH-USD,1871.16,331,2026-01-01T01:04:01Z
batch_0004,order_00002980,order_00003842,ETH-USD,1871.16,221,2026-01-01T01:04:01Z
batch_0004,order_00002980,order_00001743,ETH-USD,1871.17,272,2026-01-01T00:49:39Z
batch_0004,order_00002980,order_00005610,ETH-USD,1871.46,189,2026-01-01T01:33:29Z
batch_0004,order_00002980,order_00002608,ETH-USD,1871.61,82,2026-01-01T00:49:39Z
batch_0004,order_00001704,order_00002608,ETH-USD,1871.61,299,2026-01-01T00:43:27Z
batch_0004,order_00006433,order_00002608,ETH-USD,1871.61,414,2026-01-01T01:47:12Z
batch_0004,order_00006433,order_00005447,ETH-USD,1871.67,46,2026-01-01T01:47:12Z
batch_0004,order_00005131,order_00005447,ETH-USD,1871.67,858,2026-01-01T01:30:46Z
batch_0004,order_00005131,order_00006367,ETH-USD,1871.67,58,2026-01-01T01:46:06Z
batch_0004,order_00004235,order_00006367,ETH-USD,1871.67,456,2026-01-01T01:46:06Z
batch_0004,order_00002328,order_00006367,ETH-USD,1871.67,312,2026-01-01T01:46:06Z
batch_0004,order_00002328,order_00001958,ETH-USD,1871.72,274,2026-01-01T00:38:47Z
batch_0004,order_00004491,order_00001958,ETH-USD,1871.72,103,2026-01-01T01:14:50Z
batch_0004,order_00004491,order_00004605,ETH-USD,1871.76,295,2026-01-01T01:16:44Z
batch_0004,order_00003950,order_00004605,ETH-USD,1871.76,456,2026-01-01T01:16:44Z
batch_0004,order_00003950,order_00001792,ETH-USD,1872.0,255,2026-01-01T01:05:49Z
batch_0004,order_00003689,order_00001792,ETH-USD,1872.0,356,2026-01-01T01:01:28Z
batch_0004,order_00003689,order_00006386,ETH-USD,1872.07,50,2026-01-01T01:46:25Z
batch_0004,order_00005504,order_00006386,ETH-USD,1872.07,456,2026-01-01T01:46:25Z
batch_0004,order_00005504,order_00006468,ETH-USD,1872.11,69,2026-01-01T01:47:47Z
batch_0004,order_00004444,order_00006468,ETH-USD,1872.11,833,2026-01-01T01:47:47Z
batch_0004,order_00004444,order_00003990,ETH-USD,1872.13,41,2026-01-01T01:14:03Z
batch_0004,order_00005308,order_00003990,ETH-USD,1872.13,380,2026-01-01T01:28:27Z
batch_0004,order_00003733,order_00003990,ETH-USD,1872.13,22,2026-01-01T01:06:29Z
batch_0004,order_00003733,order_00006447,ETH-USD,1872.13,589,2026-01-01T01:47:26Z
batch_0004,order_00006131,order_00006447,ETH-USD,1872.13,16,2026-01-01T01:47:26Z
batch_0004,order_00006131,order_00004978,ETH-USD,1872.18,120,2026-01-01T01:42:10Z
batch_0004,order_00006131,order_00002673,ETH-USD,1872.27,399,2026-01-01T01:42:10Z
batch_0004,order_00006131,order_00001949,ETH-USD,1872.34,87,2026-01-01T01:42:10Z
batch_0004,order_00005886,order_00001949,ETH-USD,1872.34,23,2026-01-01T01:38:05Z
batch_0004,order_00005886,order_00005787,ETH-USD,1872.66,600,2026-01-01T01:38:05Z
batch_0004,order_00002135,order_00005787,ETH-USD,1872.66,326,2026-01-01T01:36:26Z
batch_0004,order_00002135,order_00005134,ETH-USD,1872.69,408,2026-01-01T01:25:33Z
batch_0004,order_00002135,order_00006278,ETH-USD,1872.82,8,2026-01-01T01:44:37Z
batch_0004,order_00002135,order_00005962,ETH-USD,1873.58,187,2026-01-01T01:39:21Z
batch_0004,order_00001966,order_00005962,ETH-USD,1873.58,259,2026-01-01T01:39:21Z
batch_0004,order_00001966,order_00001737,ETH-USD,1873.71,550,2026-01-01T00:32:45Z
batch_0004,order_00005695,order_00001737,ETH-USD,1873.71,163,2026-01-01T01:34:54Z
batch_0004,order_00005695,order_00001940,ETH-USD,1873.91,205,2026-01-01T01:34:54Z
batch_0004,order_00005695,order_00004145,ETH-USD,1873.93,116,2026-01-01T01:34:54Z
batch_0004,order_00003133,order_00004145,ETH-USD,1873.93,94,2026-01-01T01:09:04Z
batch_0004,order_00003133,order_00004762,ETH-USD,1873.98,111,2026-01-01T01:19:21Z
batch_0004,order_00003133,order_00005762,ETH-USD,1874.52,510,2026-01-01T01:36:01Z
batch_0004,order_00001622,order_00005762,ETH-USD,1874.52,26,2026-01-01T01:36:01Z
batch_0004,order_00005204,order_00005762,ETH-USD,1874.52,278,2026-01-01T01:36:01Z
batch_0004,order_00005204,order_00004888,ETH-USD,1874.64,336,2026-01-01T01:26:43Z
batch_0004,order_00005204,order_00002430,ETH-USD,1874.68,28,2026-01-01T01:26:43Z
batch_0004,order_00005204,order_00005314,ETH-USD,1874.71,139,2026-01-01T01:28:33Z
batch_0004,order_00001826,order_00005314,ETH-USD,1874.71,755,2026-01-01T01:28:33Z
batch_0004,order_00001826,order_00004052,ETH-USD,1874.82,75,2026-01-01T01:07:31Z
batch_0004,order_00005768,order_00004052,ETH-USD,1874.82,37,2026-01-01T01:36:07Z
batch_0004,order_00004657,order_00004052,ETH-USD,1874.82,81,2026-01-01T01:17:36Z
batch_0004,order_00004657,order_00001616,ETH-USD,1874.95,72,2026-01-01T01:17:36Z
batch_0004,order_00005053,order_00001616,ETH-USD,1874.95,122,2026-01-01T01:24:12Z
batch_0004,order_00002351,order_00001616,ETH-USD,1874.95,141,2026-01-01T00:39:10Z
batch_0004,order_00003587,order_00001616,ETH-USD,1874.95,64,2026-01-01T00:59:46Z
batch_0004,order_00003587,order_00002567,ETH-USD,1875.17,184,2026-01-01T00:59:46Z
batch_0004,order_00002966,order_00002567,ETH-USD,1875.17,493,2026-01-01T00:49:25Z
batch_0004,order_00002966,order_00004104,ETH-USD,1875.28,10,2026-01-01T01:08:23Z
batch_0004,order_00002941,order_00004104,ETH-USD,1875.28,652,2026-01-01T01:08:23Z
batch_0004,order_00002941,order_00006504,ETH-USD,1875.51,273,2026-01-01T01:48:23Z
batch_0004,order_00004486,order_00006504,ETH-USD,1875.51,306,2026-01-01T01:48:23Z
batch_0004,order_00004486,order_00006044,ETH-USD,1875.56,39,2026-01-01T01:40:43Z
batch_0004,order_00004486,order_00002383,ETH-USD,1875.64,444,2026-01-01T01:14:45Z
batch_0004,order_00002571,order_00002383,ETH-USD,1875.64,158,2026-01-01T00:42:50Z
batch_0004,order_00002571,order_00006103,ETH-USD,1875.8,92,2026-01-01T01:41:42Z
batch_0004,order_00002571,order_00003166,ETH-USD,1876.05,378,2026-01-01T00:52:45Z
batch_0004,order_00001936,order_00003166,ETH-USD,1876.05,34,2026-01-01T00:52:45Z
batch_0004,order_00005616,order_00003166,ETH-USD,1876.05,97,2026-01-01T01:33:35Z
batch_0004,order_00005616,order_00004782,ETH-USD,1876.11,604,2026-01-01T01:33:35Z
batch_0004,order_00003021,order_00004782,ETH-USD,1876.11,181,2026-01-01T01:19:41Z
batch_0004,order_00003021,order_00005703,ETH-USD,1876.13,402,2026-01-01T01:35:02Z
batch_0004,order_00003021,order_00003722,ETH-USD,1876.39,45,2026-01-01T01:02:01Z
batch_0004,order_00005725,order_00003722,ETH-USD,1876.39,381,2026-01-01T01:35:24Z
batch_0004,order_00005725,order_00001945,ETH-USD,1876.62,432,2026-01-01T01:35:24Z
batch_0004,order_00003354,order_00001945,ETH-USD,1876.62,301,2026-01-01T00:55:53Z
batch_0004,order_00003354,order_00002319,ETH-USD,1876.74,107,2026-01-01T00:55:53Z
batch_0004,order_00003942,order_00002319,ETH-USD,1876.74,174,2026-01-01T01:05:41Z
batch_0004,order_00003942,order_00006350,ETH-USD,1876.74,322,2026-01-01T01:45:49Z
batch_0004,order_00003942,order_00006456,ETH-USD,1876.84,428,2026-01-01T01:47:35Z
batch_0004,order_00002387,order_00006456,ETH-USD,1876.84,116,2026-01-01T01:47:35Z
batch_0004,order_00002387,order_00004261,ETH-USD,1877.04,29,2026-01-01T01:11:00Z
batch_0004,order_00002387,order_00004032,ETH-USD,1877.16,337,2026-01-01T01:07:11Z
batch_0004,order_00002766,order_00004032,ETH-USD,1877.16,229,2026-01-01T01:07:11Z
batch_0004,order_00002766,order_00003582,ETH-USD,1877.21,722,2026-01-01T00:59:41Z
batch_0004,order_00006230,order_00003582,ETH-USD,1877.21,163,2026-01-01T01:43:49Z
batch_0004,order_00006230,order_00003903,ETH-USD,1877.26,182,2026-01-01T01:43:49Z
batch_0004,order_00005192,order_00003903,ETH-USD,1877.26,328,2026-01-01T01:26:31Z
batch_0004,order_00005192,order_00003047,ETH-USD,1877.57,433,2026-01-01T01:26:31Z
batch_0004,order_00005192,order_00002457,ETH-USD,1877.76,79,2026-01-01T01:26:31Z
batch_0004,order_00005128,order_00002457,ETH-USD,1877.76,798,2026-01-01T01:25:27Z
batch_0004,order_00005128,order_00003983,ETH-USD,1877.84,129,2026-01-01T01:25:27Z
batch_0004,order_00004246,order_00003983,ETH-USD,1877.84,454,2026-01-01T01:10:45Z
batch_0004,order_00004246,order_00005955,ETH-USD,1878.09,228,2026-01-01T01:39:14Z
batch_0004,order_00004246,order_00003159,ETH-USD,1878.29,205,2026-01-01T01:10:45Z
batch_0004,order_00004246,order_00004142,ETH-USD,1878.31,108,2026-01-01T01:10:45Z
batch_0004,order_00005191,order_00004142,ETH-USD,1878.31,235,2026-01-01T01:26:30Z
batch_0004,order_00005191,order_00005729,ETH-USD,1879.59,100,2026-01-01T01:35:28Z
batch_0004,order_00004651,order_00005729,ETH-USD,1879.59,64,2026-01-01T01:35:28Z
batch_0004,order_00004651,order_00005664,ETH-USD,1879.67,482,2026-01-01T01:34:23Z
batch_0004,order_00004651,order_00004581,ETH-USD,1879.79,91,2026-01-01T01:17:30Z
batch_0004,order_00005160,order_00004581,ETH-USD,1879.79,29,2026-01-01T01:25:59Z
batch_0004,order_00006073,order_00004581,ETH-USD,1879.79,271,2026-01-01T01:41:12Z
batch_0004,order_00004698,order_00004581,ETH-USD,1879.79,210,2026-01-01T01:18:17Z
batch_0004,order_00004698,order_00002987,ETH-USD,1879.89,440,2026-01-01T01:18:17Z
batch_0004,order_00004698,order_00004947,ETH-USD,1880.07,130,2026-01-01T01:22:26Z
batch_0004,order_00004698,order_00003913,ETH-USD,1880.37,120,2026-01-01T01:18:17Z
batch_0004,order_00004963,order_00003913,ETH-USD,1880.37,454,2026-01-01T01:22:42Z
batch_0004,order_00004392,order_00003913,ETH-USD,1880.37,85,2026-01-01T01:13:11Z
batch_0004,order_00004392,order_00004565,ETH-USD,1880.37,410,2026-01-01T01:16:04Z
batch_0004,order_00005752,order_00004565,ETH-USD,1880.37,51,2026-01-01T01:35:51Z
batch_0004,order_00005752,order_00005854,ETH-USD,1880.45,161,2026-01-01T01:37:33Z
batch_0004,order_00005752,order_00006141,ETH-USD,1880.64,426,2026-01-01T01:42:20Z
batch_0004,order_00006114,order_00006141,ETH-USD,1880.64,572,2026-01-01T01:42:20Z
batch_0004,order_00006114,order_00004456,ETH-USD,1880.69,306,2026-01-01T01:41:53Z
batch_0004,order_00003657,order_00004456,ETH-USD,1880.69,208,2026-01-01T01:14:15Z
batch_0004,order_00003657,order_00001621,ETH-USD,1880.84,198,2026-01-01T01:00:56Z
batch_0004,order_00003055,order_00001621,ETH-USD,1880.84,176,2026-01-01T00:50:54Z
batch_0004,order_00006455,order_00001621,ETH-USD,1880.84,423,2026-01-01T01:47:34Z
batch_0004,order_00006455,order_00005779,ETH-USD,1880.94,93,2026-01-01T01:47:34Z
batch_0004,order_00002817,order_00005779,ETH-USD,1880.94,108,2026-01-01T01:36:18Z
batch_0004,order_00002817,order_00004809,ETH-USD,1881.07,204,2026-01-01T01:20:08Z
batch_0004,order_00002817,order_00006425,ETH-USD,1881.26,504,2026-01-01T01:47:04Z
batch_0004,order_00003092,order_00006425,ETH-USD,1881.26,76,2026-01-01T01:47:04Z
batch_0004,order_00003092,order_00004972,ETH-USD,1881.27,215,2026-01-01T01:22:51Z
batch_0004,order_00002230,order_00004972,ETH-USD,1881.27,339,2026-01-01T01:22:51Z
batch_0004,order_00002230,order_00005908,ETH-USD,1881.32,344,2026-01-01T01:38:27Z
batch_0004,order_00001934,order_00005908,ETH-USD,1881.32,317,2026-01-01T01:38:27Z
batch_0004,order_00001934,order_00005218,ETH-USD,1881.56,55,2026-01-01T01:26:57Z
batch_0004,order_00001934,order_00004608,ETH-USD,1881.67,410,2026-01-01T01:16:47Z
batch_0004,order_00005367,order_00004608,ETH-USD,1881.67,332,2026-01-01T01:29:26Z
batch_0004,order_00005367,order_00003123,ETH-USD,1881.72,254,2026-01-01T01:29:26Z
batch_0004,order_00005367,order_00001626,ETH-USD,1882.07,136,2026-01-01T01:29:26Z
batch_0004,order_00005367,order_00002367,ETH-USD,1882.13,181,2026-01-01T01:29:26Z
batch_0004,order_00002668,order_00002367,ETH-USD,1882.13,108,2026-01-01T00:44:27Z
batch_0004,order_00002730,order_00002367,ETH-USD,1882.13,96,2026-01-01T00:45:29Z
batch_0004,order_00002730,order_00002193,ETH-USD,1882.15,628,2026-01-01T00:45:29Z
batch_0004,order_00006379,order_00002193,ETH-USD,1882.15,264,2026-01-01T01:46:18Z
batch_0004,order_00006379,order_00006337,ETH-USD,1882.61,22,2026-01-01T01:46:18Z
batch_0004,order_00003234,order_00006337,ETH-USD,1882.61,257,2026-01-01T01:45:36Z
batch_0004,order_00002286,order_00006337,ETH-USD,1882.61,173,2026-01-01T01:45:36Z
batch_0004,order_00004892,order_00006337,ETH-USD,1882.61,272,2026-01-01T01:45:36Z
batch_0004,order_00004892,order_00001635,ETH-USD,1882.63,105,2026-01-01T01:21:31Z
batch_0004,order_00004892,order_00005182,ETH-USD,1882.86,246,2026-01-01T01:26:21Z
batch_0004,order_00003189,order_00005182,ETH-USD,1882.86,159,2026-01-01T01:26:21Z
batch_0004,order_00003189,order_00004127,ETH-USD,1882.9,152,2026-01-01T01:08:46Z
batch_0004,order_00006508,order_00004127,ETH-USD,1882.9,439,2026-01-01T01:48:27Z
batch_0004,order_00003207,order_00004127,ETH-USD,1882.9,243,2026-01-01T01:08:46Z
batch_0004,order_00003207,order_00003788,ETH-USD,1883.5,133,2026-01-01T01:03:07Z
batch_0004,order_00006362,order_00003788,ETH-USD,1883.5,59,2026-01-01T01:46:01Z
batch_0004,order_00006269,order_00003788,ETH-USD,1883.5,128,2026-01-01T01:44:28Z
batch_0004,order_00006269,order_00003411,ETH-USD,1883.72,13,2026-01-01T01:44:28Z
batch_0004,order_00005530,order_00003411,ETH-USD,1883.72,472,2026-01-01T01:32:09Z
batch_0004,order_00005530,order_00001801,ETH-USD,1883.84,7,2026-01-01T01:32:09Z
batch_0004,order_00005420,order_00001801,ETH-USD,1883.84,46,2026-01-01T01:30:19Z
batch_0004,order_00005922,order_00001801,ETH-USD,1883.84,239,2026-01-01T01:38:41Z
batch_0004,order_00005922,order_00005971,ETH-USD,1883.96,230,2026-01-01T01:39:30Z
batch_0004,order_00005922,order_00006356,ETH-USD,1884.02,338,2026-01-01T01:45:55Z
batch_0004,order_00004098,order_00006356,ETH-USD,1884.02,151,2026-01-01T01:45:55Z
batch_0004,order_00004098,order_00005271,ETH-USD,1884.04,248,2026-01-01T01:27:50Z
batch_0004,order_00006345,order_00005271,ETH-USD,1884.04,333,2026-01-01T01:45:44Z
batch_0004,order_00006345,order_00004551,ETH-USD,1884.08,47,2026-01-01T01:45:44Z
batch_0004,order_00004222,order_00004551,ETH-USD,1884.08,566,2026-01-01T01:15:50Z
batch_0004,order_00005484,order_00004551,ETH-USD,1884.08,55,2026-01-01T01:31:23Z
batch_0004,order_00005484,order_00005612,ETH-USD,1884.43,346,2026-01-01T01:33:31Z
batch_0004,order_00005484,order_00005033,ETH-USD,1884.81,134,2026-01-01T01:31:23Z
batch_0004,order_00005484,order_00005273,ETH-USD,1884.84,386,2026-01-01T01:31:23Z
batch_0004,order_00002541,order_00005273,ETH-USD,1884.84,561,2026-01-01T01:27:52Z
batch_0004,order_00002541,order_00004498,ETH-USD,1884.94,26,2026-01-01T01:14:57Z
batch_0004,order_00004639,order_00004498,ETH-USD,1884.94,28,2026-01-01T01:17:18Z
batch_0004,order_00003067,order_00004498,ETH-USD,1884.94,151,2026-01-01T01:14:57Z
batch_0004,order_00006573,order_00004498,ETH-USD,1884.94,208,2026-01-01T01:49:32Z
batch_0004,order_00006573,order_00003031,ETH-USD,1884.99,62,2026-01-01T01:49:32Z
batch_0004,order_00006573,order_00004314,ETH-USD,1885.36,98,2026-01-01T01:49:32Z
batch_0004,order_00006424,order_00004314,ETH-USD,1885.36,359,2026-01-01T01:47:03Z
batch_0004,order_00006424,order_00002900,ETH-USD,1885.37,251,2026-01-01T01:47:03Z
batch_0004,order_00003011,order_00002900,ETH-USD,1885.37,234,2026-01-01T00:50:10Z
batch_0004,order_00003011,order_00004714,ETH-USD,1885.48,336,2026-01-01T01:18:33Z
batch_0004,order_00002874,order_00004714,ETH-USD,1885.48,361,2026-01-01T01:18:33Z
batch_0004,order_00002874,order_00004677,ETH-USD,1885.55,369,2026-01-01T01:17:56Z
batch_0004,order_00005234,order_00004677,ETH-USD,1885.55,73,2026-01-01T01:27:13Z
batch_0004,order_00005234,order_00006133,ETH-USD,1885.56,130,2026-01-01T01:42:12Z
batch_0004,order_00005234,order_00002003,ETH-USD,1885.63,549,2026-01-01T01:27:13Z
batch_0004,order_00005234,order_00003324,ETH-USD,1885.68,171,2026-01-01T01:27:13Z
batch_0004,order_00002035,order_00003324,ETH-USD,1885.68,126,2026-01-01T00:55:23Z
batch_0004,order_00003278,order_00003324,ETH-USD,1885.68,471,2026-01-01T00:55:23Z
batch_0004,order_00003278,order_00001950,ETH-USD,1885.71,432,2026-01-01T00:54:37Z
batch_0004,order_00003409,order_00001950,ETH-USD,1885.71,3,2026-01-01T00:56:48Z
batch_0004,order_00003409,order_00004148,ETH-USD,1885.74,587,2026-01-01T01:09:07Z
batch_0004,order_00006439,order_00004148,ETH-USD,1885.74,104,2026-01-01T01:47:18Z
batch_0004,order_00006439,order_00005949,ETH-USD,1885.93,634,2026-01-01T01:47:18Z
batch_0004,order_00003798,order_00005949,ETH-USD,1885.93,20,2026-01-01T01:39:08Z
batch_0004,order_00003798,order_00005732,ETH-USD,1886.21,86,2026-01-01T01:35:31Z
batch_0004,order_00006400,order_00005732,ETH-USD,1886.21,25,2026-01-01T01:46:39Z
batch_0004,order_00006400,order_00002078,ETH-USD,1886.23,166,2026-01-01T01:46:39Z
batch_0004,order_00005587,order_00002078,ETH-USD,1886.23,449,2026-01-01T01:33:06Z
batch_0004,order_00005587,order_00004619,ETH-USD,1886.24,261,2026-01-01T01:33:06Z
batch_0004,order_00002158,order_00004619,ETH-USD,1886.24,309,2026-01-01T01:16:58Z
batch_0004,order_00006565,order_00004619,ETH-USD,1886.24,11,2026-01-01T01:49:24Z
batch_0004,order_00006565,order_00003824,ETH-USD,1886.42,27,2026-01-01T01:49:24Z
batch_0004,order_00006565,order_00005092,ETH-USD,1886.51,153,2026-01-01T01:49:24Z
batch_0004,order_00006565,order_00006326,ETH-USD,1886.61,63,2026-01-01T01:49:24Z
batch_0004,order_00006565,order_00003223,ETH-USD,1886.62,606,2026-01-01T01:49:24Z
batch_0004,order_00006565,order_00002451,ETH-USD,1886.9,45,2026-01-01T01:49:24Z
batch_0004,order_00004864,order_00002451,ETH-USD,1886.9,553,2026-01-01T01:21:03Z
batch_0004,order_00003966,order_00002451,ETH-USD,1886.9,326,2026-01-01T01:06:05Z
batch_0004,order_00003966,order_00001666,ETH-USD,1887.04,71,2026-01-01T01:06:05Z
batch_0004,order_00002141,order_00001666,ETH-USD,1887.04,22,2026-01-01T00:35:40Z
batch_0004,order_00002141,order_00003470,ETH-USD,1887.3,62,2026-01-01T00:57:49Z
batch_0004,order_00004010,order_00003470,ETH-USD,1887.3,175,2026-01-01T01:06:49Z
batch_0004,order_00003940,order_00003470,ETH-USD,1887.3,28,2026-01-01T01:05:39Z
batch_0004,order_00003940,order_00005706,ETH-USD,1887.36,625,2026-01-01T01:35:05Z
batch_0004,order_00003940,order_00005432,ETH-USD,1887.53,60,2026-01-01T01:30:31Z
batch_0004,order_00002728,order_00005432,ETH-USD,1887.53,94,2026-01-01T01:30:31Z
batch_0004,order_00002728,order_00006166,ETH-USD,1887.65,194,2026-01-01T01:42:45Z
batch_0004,order_00005285,order_00006166,ETH-USD,1887.65,507,2026-01-01T01:42:45Z
batch_0004,order_00005285,order_00005833,ETH-USD,1887.74,59,2026-01-01T01:37:12Z
batch_0004,order_00005285,order_00002393,ETH-USD,1887.81,204,2026-01-01T01:28:04Z
batch_0004,order_00005628,order_00002393,ETH-USD,1887.81,9,2026-01-01T01:33:47Z
batch_0004,order_00005628,order_00003206,ETH-USD,1888.11,571,2026-01-01T01:33:47Z
batch_0004,order_00005785,order_00003206,ETH-USD,1888.11,309,2026-01-01T01:36:24Z
batch_0004,order_00005785,order_00005898,ETH-USD,1888.58,318,2026-01-01T01:38:17Z
batch_0004,order_00001965,order_00005898,ETH-USD,1888.58,471,2026-01-01T01:38:17Z
batch_0004,order_00001965,order_00005043,ETH-USD,1888.73,8,2026-01-01T01:24:02Z
batch_0004,order_00001965,order_00002597,ETH-USD,1888.86,252,2026-01-01T00:43:16Z
batch_0004,order_00003241,order_00002597,ETH-USD,1888.86,265,2026-01-01T00:54:00Z
batch_0004,order_00005312,order_00002597,ETH-USD,1888.86,88,2026-01-01T01:28:31Z
batch_0004,order_00005312,order_00003973,ETH-USD,1889.54,369,2026-01-01T01:28:31Z
batch_0004,order_00005312,order_00006145,ETH-USD,1889.6,121,2026-01-01T01:42:24Z
batch_0004,order_00005312,order_00003172,ETH-USD,1889.61,24,2026-01-01T01:28:31Z
batch_0004,order_00005312,order_00003370,ETH-USD,1889.62,117,2026-01-01T01:28:31Z
batch_0004,order_00005206,order_00003370,ETH-USD,1889.62,138,2026-01-01T01:26:45Z
batch_0004,order_00006303,order_00003370,ETH-USD,1889.62,209,2026-01-01T01:45:02Z
batch_0004,order_00006303,order_00005685,ETH-USD,1889.81,150,2026-01-01T01:45:02Z
batch_0004,order_00006303,order_00002632,ETH-USD,1889.97,15,2026-01-01T01:45:02Z
batch_0004,order_00006479,order_00002632,ETH-USD,1889.97,380,2026-01-01T01:47:58Z
batch_0004,order_00003221,order_00002632,ETH-USD,1889.97,127,2026-01-01T00:53:40Z
batch_0004,order_00003221,order_00006403,ETH-USD,1890.07,428,2026-01-01T01:46:42Z
batch_0004,order_00003653,order_00006403,ETH-USD,1890.07,112,2026-01-01T01:46:42Z
batch_0004,order_00005658,order_00006403,ETH-USD,1890.07,59,2026-01-01T01:46:42Z
batch_0004,order_00005658,order_00002420,ETH-USD,1890.2,348,2026-01-01T01:34:17Z
batch_0004,order_00005658,order_00003460,ETH-USD,1890.38,275,2026-01-01T01:34:17Z
batch_0004,order_00003742,order_00003460,ETH-USD,1890.38,149,2026-01-01T01:02:21Z
batch_0004,order_00003742,order_00002710,ETH-USD,1890.44,238,2026-01-01T01:02:21Z
batch_0004,order_00004109,order_00002710,ETH-USD,1890.44,19,2026-01-01T01:08:28Z
batch_0004,order_00004109,order_00005267,ETH-USD,1890.55,641,2026-01-01T01:27:46Z
batch_0004,order_00002059,order_00005267,ETH-USD,1890.55,24,2026-01-01T01:27:46Z
batch_0004,order_00002059,order_00005965,ETH-USD,1890.57,5,2026-01-01T01:39:24Z
batch_0004,order_00005692,order_00005965,ETH-USD,1890.57,491,2026-01-01T01:39:24Z
batch_0004,order_00006150,order_00005965,ETH-USD,1890.57,214,2026-01-01T01:42:29Z
batch_0004,order_00002975,order_00005965,ETH-USD,1890.57,37,2026-01-01T01:39:24Z
batch_0004,order_00002975,order_00006270,ETH-USD,1890.68,488,2026-01-01T01:44:29Z
batch_0004,order_00002554,order_00006270,ETH-USD,1890.68,245,2026-01-01T01:44:29Z
batch_0004,order_00002554,order_00005845,ETH-USD,1890.86,444,2026-01-01T01:37:24Z
batch_0004,order_00005805,order_00005845,ETH-USD,1890.86,435,2026-01-01T01:37:24Z
batch_0004,order_00005805,order_00002847,ETH-USD,1890.93,117,2026-01-01T01:36:44Z
batch_0004,order_00006478,order_00002847,ETH-USD,1890.93,610,2026-01-01T01:47:57Z
batch_0004,order_00006478,order_00005976,ETH-USD,1891.15,146,2026-01-01T01:47:57Z
batch_0004,order_00003416,order_00005976,ETH-USD,1891.15,346,2026-01-01T01:39:35Z
batch_0004,order_00003416,order_00004769,ETH-USD,1891.24,167,2026-01-01T01:19:28Z
batch_0004,order_00004131,order_00004769,ETH-USD,1891.24,225,2026-01-01T01:19:28Z
batch_0004,order_00006077,order_00004769,ETH-USD,1891.24,275,2026-01-01T01:41:16Z
batch_0004,order_00004574,order_00004769,ETH-USD,1891.24,75,2026-01-01T01:19:28Z
batch_0004,order_00004574,order_00003066,ETH-USD,1891.32,176,2026-01-01T01:16:13Z
batch_0004,order_00001783,order_00003066,ETH-USD,1891.32,145,2026-01-01T00:51:05Z
batch_0004,order_00001935,order_00003066,ETH-USD,1891.32,496,2026-01-01T00:51:05Z
batch_0004,order_00003297,order_00003066,ETH-USD,1891.32,39,2026-01-01T00:54:56Z
batch_0004,order_00003297,order_00003932,ETH-USD,1891.35,288,2026-01-01T01:05:31Z
batch_0004,order_00002493,order_00003932,ETH-USD,1891.35,439,2026-01-01T01:05:31Z
batch_0004,order_00006052,order_00003932,ETH-USD,1891.35,120,2026-01-01T01:40:51Z
batch_0004,order_00006052,order_00002070,ETH-USD,1891.48,592,2026-01-01T01:40:51Z
batch_0004,order_00004897,order_00002070,ETH-USD,1891.48,50,2026-01-01T01:21:36Z
batch_0004,order_00004897,order_00003660,ETH-USD,1891.49,276,2026-01-01T01:21:36Z
batch_0004,order_00004897,order_00004092,ETH-USD,1891.57,3,2026-01-01T01:21:36Z
batch_0004,order_00001716,order_00004092,ETH-USD,1891.57,271,2026-01-01T01:08:11Z
batch_0004,order_00003353,order_00004092,ETH-USD,1891.57,21,2026-01-01T01:08:11Z
batch_0004,order_00003380,order_00004092,ETH-USD,1891.57,215,2026-01-01T01:08:11Z
batch_0004,order_00006324,order_00004092,ETH-USD,1891.57,270,2026-01-01T01:45:23Z
batch_0004,order_00005470,order_00004092,ETH-USD,1891.57,154,2026-01-01T01:31:09Z
batch_0004,order_00005470,order_00005055,ETH-USD,1891.94,568,2026-01-01T01:31:09Z
batch_0004,order_00005470,order_00001807,ETH-USD,1892.03,18,2026-01-01T01:31:09Z
batch_0004,order_00003832,order_00001807,ETH-USD,1892.03,316,2026-01-01T01:03:51Z
batch_0004,order_00003832,order_00006416,ETH-USD,1892.2,95,2026-01-01T01:46:55Z
batch_0004,order_00001836,order_00006416,ETH-USD,1892.2,437,2026-01-01T01:46:55Z
batch_0004,order_00001718,order_00006416,ETH-USD,1892.2,129,2026-01-01T01:46:55Z
batch_0004,order_00001718,order_00003212,ETH-USD,1892.21,534,2026-01-01T00:53:31Z
batch_0004,order_00001718,order_00004324,ETH-USD,1892.36,309,2026-01-01T01:12:03Z
batch_0004,order_00004526,order_00004324,ETH-USD,1892.36,414,2026-01-01T01:15:25Z
batch_0004,order_00003782,order_00004324,ETH-USD,1892.36,198,2026-01-01T01:12:03Z
batch_0004,order_00003782,order_00006305,ETH-USD,1892.44,251,2026-01-01T01:45:04Z
batch_0004,order_00003782,order_00003303,ETH-USD,1892.67,504,2026-01-01T01:03:01Z
batch_0004,order_00005993,order_00003303,ETH-USD,1892.67,337,2026-01-01T01:39:52Z
batch_0004,order_00005463,order_00003303,ETH-USD,1892.67,52,2026-01-01T01:31:02Z
batch_0004,order_00004815,order_00003303,ETH-USD,1892.67,54,2026-01-01T01:20:14Z
batch_0004,order_00004815,order_00003294,ETH-USD,1892.91,100,2026-01-01T01:20:14Z
batch_0004,order_00004815,order_00002478,ETH-USD,1892.96,71,2026-01-01T01:20:14Z
batch_0004,order_00004024,order_00002478,ETH-USD,1892.96,53,2026-01-01T01:07:03Z
batch_0004,order_00004024,order_00005152,ETH-USD,1893.06,111,2026-01-01T01:25:51Z
batch_0004,order_00004024,order_00005115,ETH-USD,1893.26,116,2026-01-01T01:25:14Z
batch_0004,order_00002107,order_00005115,ETH-USD,1893.26,173,2026-01-01T01:25:14Z
batch_0004,order_00002549,order_00005115,ETH-USD,1893.26,61,2026-01-01T01:25:14Z
batch_0004,order_00006245,order_00005115,ETH-USD,1893.26,600,2026-01-01T01:44:04Z
batch_0004,order_00006245,order_00005789,ETH-USD,1893.27,73,2026-01-01T01:44:04Z
batch_0004,order_00006393,order_00005789,ETH-USD,1893.27,352,2026-01-01T01:46:32Z
batch_0004,order_00006393,order_00005586,ETH-USD,1893.85,287,2026-01-01T01:46:32Z
batch_0004,order_00003750,order_00005586,ETH-USD,1893.85,505,2026-01-01T01:33:05Z
batch_0004,order_00003385,order_00005586,ETH-USD,1893.85,140,2026-01-01T01:33:05Z
batch_0004,order_00003385,order_00003859,ETH-USD,1893.88,393,2026-01-01T01:04:18Z
batch_0004,order_00003427,order_00003859,ETH-USD,1893.88,567,2026-01-01T01:04:18Z
batch_0004,order_00003427,order_00004176,ETH-USD,1893.93,193,2026-01-01T01:09:35Z
batch_0004,order_00003427,order_00003337,ETH-USD,1893.94,196,2026-01-01T00:57:06Z
batch_0004,order_00006066,order_00003337,ETH-USD,1893.94,508,2026-01-01T01:41:05Z
batch_0004,order_00006066,order_00004851,ETH-USD,1894.09,160,2026-01-01T01:41:05Z
batch_0004,order_00001831,order_00004851,ETH-USD,1894.09,115,2026-01-01T01:20:50Z
batch_0004,order_00001831,order_00005764,ETH-USD,1894.28,43,2026-01-01T01:36:03Z
batch_0004,order_00001831,order_00005080,ETH-USD,1894.38,427,2026-01-01T01:24:39Z
batch_0004,order_00004955,order_00005080,ETH-USD,1894.38,173,2026-01-01T01:24:39Z
batch_0004,order_00004955,order_00005901,ETH-USD,1894.78,94,2026-01-01T01:38:20Z
batch_0004,order_00002850,order_00005901,ETH-USD,1894.78,471,2026-01-01T01:38:20Z
batch_0004,order_00002850,order_00001869,ETH-USD,1895.16,166,2026-01-01T00:47:29Z
batch_0004,order_00002850,order_00003230,ETH-USD,1895.29,206,2026-01-01T00:53:49Z
batch_0004,order_00002317,order_00003230,ETH-USD,1895.29,132,2026-01-01T00:53:49Z
batch_0004,order_00003614,order_00003230,ETH-USD,1895.29,521,2026-01-01T01:00:13Z
batch_0004,order_00005988,order_00003230,ETH-USD,1895.29,88,2026-01-01T01:39:47Z
batch_0004,order_00005988,order_00002560,ETH-USD,1895.84,364,2026-01-01T01:39:47Z
batch_0004,order_00002741,order_00002560,ETH-USD,1895.84,473,2026-01-01T00:45:40Z
batch_0004,order_00002741,order_00003269,ETH-USD,1896.42,204,2026-01-01T00:54:28Z
batch_0004,order_00003129,order_00003269,ETH-USD,1896.42,506,2026-01-01T00:54:28Z
batch_0004,order_00003129,order_00004688,ETH-USD,1896.58,333,2026-01-01T01:18:07Z
batch_0004,order_00004165,order_00004688,ETH-USD,1896.58,45,2026-01-01T01:18:07Z
batch_0004,order_00004165,order_00001943,ETH-USD,1896.73,607,2026-01-01T01:09:24Z
batch_0004,order_00006152,order_00001943,ETH-USD,1896.73,21,2026-01-01T01:42:31Z
batch_0004,order_00006152,order_00004204,ETH-USD,1896.73,278,2026-01-01T01:42:31Z
batch_0004,order_00003752,order_00004204,ETH-USD,1896.73,36,2026-01-01T01:10:03Z
batch_0004,order_00003752,order_00004741,ETH-USD,1896.84,49,2026-01-01T01:19:00Z
batch_0004,order_00004146,order_00004741,ETH-USD,1896.84,70,2026-01-01T01:19:00Z
batch_0004,order_00004146,order_00003029,ETH-USD,1896.95,40,2026-01-01T01:09:05Z
batch_0004,order_00003553,order_00003029,ETH-USD,1896.95,854,2026-01-01T00:59:12Z
batch_0004,order_00003553,order_00002579,ETH-USD,1897.34,21,2026-01-01T00:59:12Z
batch_0004,order_00004641,order_00002579,ETH-USD,1897.34,226,2026-01-01T01:17:20Z
batch_0004,order_00004641,order_00005483,ETH-USD,1897.48,106,2026-01-01T01:31:22Z
batch_0004,order_00004641,order_00003202,ETH-USD,1897.7,444,2026-01-01T01:17:20Z
batch_0004,order_00006348,order_00003202,ETH-USD,1897.7,429,2026-01-01T01:45:47Z
batch_0004,order_00006157,order_00003202,ETH-USD,1897.7,39,2026-01-01T01:42:36Z
batch_0004,order_00006157,order_00002382,ETH-USD,1897.82,652,2026-01-01T01:42:36Z
batch_0004,order_00006157,order_00005818,ETH-USD,1897.82,81,2026-01-01T01:42:36Z
batch_0004,order_00001903,order_00005818,ETH-USD,1897.82,411,2026-01-01T01:36:57Z
batch_0004,order_00001903,order_00004950,ETH-USD,1897.9,162,2026-01-01T01:22:29Z
batch_0004,order_00002250,order_00004950,ETH-USD,1897.9,371,2026-01-01T01:22:29Z
batch_0004,order_00002250,order_00001637,ETH-USD,1897.93,468,2026-01-01T00:37:29Z
batch_0004,order_00003921,order_00001637,ETH-USD,1897.93,120,2026-01-01T01:05:20Z
batch_0004,order_00003921,order_00002625,ETH-USD,1898.0,202,2026-01-01T01:05:20Z
batch_0004,order_00003669,order_00002625,ETH-USD,1898.0,212,2026-01-01T01:01:08Z
batch_0004,order_00003669,order_00003586,ETH-USD,1898.02,362,2026-01-01T01:01:08Z
batch_0004,order_00005834,order_00003586,ETH-USD,1898.02,22,2026-01-01T01:37:13Z
batch_0004,order_00002725,order_00003586,ETH-USD,1898.02,87,2026-01-01T00:59:45Z
batch_0004,order_00002725,order_00001695,ETH-USD,1898.09,91,2026-01-01T00:45:24Z
batch_0004,order_00002725,order_00003680,ETH-USD,1898.09,434,2026-01-01T01:01:19Z
batch_0004,order_00002036,order_00003680,ETH-USD,1898.09,15,2026-01-01T01:01:19Z
batch_0004,order_00002036,order_00003851,ETH-USD,1898.14,225,2026-01-01T01:04:10Z
batch_0004,order_00002036,order_00006025,ETH-USD,1898.14,359,2026-01-01T01:40:24Z
batch_0004,order_00005095,order_00006025,ETH-USD,1898.14,216,2026-01-01T01:40:24Z
batch_0004,order_00006291,order_00006025,ETH-USD,1898.14,7,2026-01-01T01:44:50Z
batch_0004,order_00006291,order_00004288,ETH-USD,1898.25,50,2026-01-01T01:44:50Z
batch_0004,order_00004147,order_00004288,ETH-USD,1898.25,334,2026-01-01T01:11:27Z
batch_0004,order_00004147,order_00002298,ETH-USD,1898.37,250,2026-01-01T01:09:06Z
batch_0004,order_00003315,order_00002298,ETH-USD,1898.37,30,2026-01-01T00:55:14Z
batch_0004,order_00003315,order_00005050,ETH-USD,1898.44,616,2026-01-01T01:24:09Z
batch_0004,order_00006202,order_00005050,ETH-USD,1898.44,353,2026-01-01T01:43:21Z
batch_0004,order_00006202,order_00005178,ETH-USD,1898.56,157,2026-01-01T01:43:21Z
batch_0004,order_00003205,order_00005178,ETH-USD,1898.56,213,2026-01-01T01:26:17Z
batch_0004,order_00003205,order_00003861,ETH-USD,1898.76,510,2026-01-01T01:04:20Z
batch_0004,order_00003298,order_00003861,ETH-USD,1898.76,210,2026-01-01T01:04:20Z
batch_0004,order_00003298,order_00004286,ETH-USD,1898.81,654,2026-01-01T01:11:25Z
batch_0004,order_00003298,order_00006246,ETH-USD,1898.85,104,2026-01-01T01:44:05Z
batch_0004,order_00002032,order_00006246,ETH-USD,1898.85,87,2026-01-01T01:44:05Z
batch_0004,order_00002032,order_00005550,ETH-USD,1899.12,201,2026-01-01T01:32:29Z
batch_0004,order_00002032,order_00005130,ETH-USD,1899.24,297,2026-01-01T01:25:29Z
batch_0004,order_00001715,order_00005130,ETH-USD,1899.24,361,2026-01-01T01:25:29Z
batch_0004,order_00001715,order_00005015,ETH-USD,1899.47,231,2026-01-01T01:23:34Z
batch_0004,order_00005734,order_00005015,ETH-USD,1899.47,70,2026-01-01T01:35:33Z
batch_0004,order_00003352,order_00005015,ETH-USD,1899.47,567,2026-01-01T01:23:34Z
batch_0004,order_00003633,order_00005015,ETH-USD,1899.47,87,2026-01-01T01:23:34Z
batch_0004,order_00003633,order_00005738,ETH-USD,1899.65,108,2026-01-01T01:35:37Z
batch_0004,order_00004668,order_00005738,ETH-USD,1899.65,215,2026-01-01T01:35:37Z
batch_0004,order_00004668,order_00004007,ETH-USD,1899.76,426,2026-01-01T01:17:47Z
batch_0004,order_00002659,order_00004007,ETH-USD,1899.76,500,2026-01-01T01:06:46Z
batch_0004,order_00002659,order_00002471,ETH-USD,1899.88,145,2026-01-01T00:44:18Z
batch_0004,order_00003880,order_00002471,ETH-USD,1899.88,166,2026-01-01T01:04:39Z
batch_0004,order_00003678,order_00002471,ETH-USD,1899.88,641,2026-01-01T01:01:17Z
batch_0004,order_00003678,order_00005044,ETH-USD,1899.88,34,2026-01-01T01:24:03Z
batch_0004,order_00003678,order_00003971,ETH-USD,1900.02,119,2026-01-01T01:06:10Z
batch_0004,order_00002893,order_00003971,ETH-USD,1900.02,185,2026-01-01T01:06:10Z
batch_0004,order_00001880,order_00003971,ETH-USD,1900.02,116,2026-01-01T01:06:10Z
batch_0004,order_00001693,order_00003971,ETH-USD,1900.02,208,2026-01-01T01:06:10Z
batch_0004,order_00001693,order_00003204,ETH-USD,1900.08,79,2026-01-01T00:53:23Z
batch_0004,order_00001693,order_00002333,ETH-USD,1900.16,461,2026-01-01T00:38:52Z
batch_0004,order_00004460,order_00002333,ETH-USD,1900.16,400,2026-01-01T01:14:19Z
batch_0004,order_00004460,order_00004276,ETH-USD,1900.64,65,2026-01-01T01:14:19Z
batch_0004,order_00004460,order_00006431,ETH-USD,1900.75,409,2026-01-01T01:47:10Z
batch_0004,order_00004460,order_00004227,ETH-USD,1901.28,50,2026-01-01T01:14:19Z
batch_0004,order_00004460,order_00004208,ETH-USD,1901.37,49,2026-01-01T01:14:19Z
batch_0004,order_00004480,order_00004208,ETH-USD,1901.37,20,2026-01-01T01:14:39Z
batch_0004,order_00004480,order_00005607,ETH-USD,1901.5,300,2026-01-01T01:33:26Z
batch_0004,order_00004480,order_00006377,ETH-USD,1901.52,188,2026-01-01T01:46:16Z
batch_0004,order_00004480,order_00004468,ETH-USD,1901.66,260,2026-01-01T01:14:39Z
batch_0004,order_00002521,order_00004468,ETH-USD,1901.66,334,2026-01-01T01:14:27Z
batch_0004,order_00002521,order_00005773,ETH-USD,1901.81,179,2026-01-01T01:36:12Z
batch_0004,order_00003754,order_00005773,ETH-USD,1901.81,190,2026-01-01T01:36:12Z
batch_0004,order_00003165,order_00005773,ETH-USD,1901.81,398,2026-01-01T01:36:12Z
batch_0004,order_00003165,order_00006353,ETH-USD,1901.88,301,2026-01-01T01:45:52Z
batch_0004,order_00006408,order_00006353,ETH-USD,1901.88,52,2026-01-01T01:46:47Z
batch_0004,order_00006408,order_00005759,ETH-USD,1901.89,730,2026-01-01T01:46:47Z
batch_0004,order_00006408,order_00005449,ETH-USD,1902.33,80,2026-01-01T01:46:47Z
batch_0004,order_00006408,order_00005662,ETH-USD,1902.77,35,2026-01-01T01:46:47Z
batch_0004,order_00006408,order_00004481,ETH-USD,1902.84,9,2026-01-01T01:46:47Z
batch_0004,order_00002655,order_00004481,ETH-USD,1902.84,132,2026-01-01T01:14:40Z
batch_0004,order_00003621,order_00004481,ETH-USD,1902.84,547,2026-01-01T01:14:40Z
batch_0004,order_00003621,order_00003069,ETH-USD,1902.94,250,2026-01-01T01:00:20Z
batch_0004,order_00004159,order_00003069,ETH-USD,1902.94,309,2026-01-01T01:09:18Z
batch_0004,order_00004159,order_00003247,ETH-USD,1902.98,82,2026-01-01T01:09:18Z
batch_0004,order_00005537,order_00003247,ETH-USD,1902.98,917,2026-01-01T01:32:16Z
batch_0004,order_00005537,order_00002846,ETH-USD,1903.22,37,2026-01-01T01:32:16Z
batch_0004,order_00001748,order_00002846,ETH-USD,1903.22,586,2026-01-01T00:47:25Z
batch_0004,order_00003662,order_00002846,ETH-USD,1903.22,227,2026-01-01T01:01:01Z
batch_0004,order_00003662,order_00001747,ETH-USD,1903.6,115,2026-01-01T01:01:01Z
batch_0004,order_00004356,order_00001747,ETH-USD,1903.6,555,2026-01-01T01:12:35Z
batch_0004,order_00002172,order_00001747,ETH-USD,1903.6,63,2026-01-01T00:36:11Z
batch_0004,order_00002172,order_00003687,ETH-USD,1903.61,232,2026-01-01T01:01:26Z
batch_0004,order_00004987,order_00003687,ETH-USD,1903.61,489,2026-01-01T01:23:06Z
batch_0004,order_00004987,order_00006402,ETH-USD,1903.62,287,2026-01-01T01:46:41Z
batch_0004,order_00004987,order_00006331,ETH-USD,1903.82,34,2026-01-01T01:45:30Z
batch_0004,order_00004509,order_00006331,ETH-USD,1903.82,307,2026-01-01T01:45:30Z
batch_0004,order_00004509,order_00005398,ETH-USD,1903.85,258,2026-01-01T01:29:57Z
batch_0004,order_00002863,order_00005398,ETH-USD,1903.85,345,2026-01-01T01:29:57Z
batch_0004,order_00002863,order_00006242,ETH-USD,1903.87,56,2026-01-01T01:44:01Z
batch_0004,order_00002678,order_00006242,ETH-USD,1903.87,359,2026-01-01T01:44:01Z
batch_0004,order_00002678,order_00006382,ETH-USD,1904.04,333,2026-01-01T01:46:21Z
batch_0004,order_00002678,order_00003681,ETH-USD,1904.29,249,2026-01-01T01:01:20Z
batch_0004,order_00005363,order_00003681,ETH-USD,1904.29,428,2026-01-01T01:29:22Z
batch_0004,order_00005363,order_00003539,ETH-USD,1904.39,362,2026-01-01T01:29:22Z
batch_0004,order_00001731,order_00003539,ETH-USD,1904.39,223,2026-01-01T00:58:58Z
batch_0004,order_00001731,order_00002297,ETH-USD,1904.54,2,2026-01-01T00:38:16Z
batch_0004,order_00002350,order_00002297,ETH-USD,1904.54,493,2026-01-01T00:39:09Z
batch_0004,order_00001605,order_00002297,ETH-USD,1904.54,156,2026-01-01T00:38:16Z
batch_0004,order_00001605,order_00004898,ETH-USD,1904.68,250,2026-01-01T01:21:37Z
batch_0004,order_00004219,order_00004898,ETH-USD,1904.68,252,2026-01-01T01:21:37Z
batch_0004,order_00002031,order_00004898,ETH-USD,1904.68,343,2026-01-01T01:21:37Z
batch_0004,order_00002031,order_00002071,ETH-USD,1904.71,204,2026-01-01T00:34:30Z
batch_0004,order_00002031,order_00005973,ETH-USD,1904.8,313,2026-01-01T01:39:32Z
batch_0004,order_00002144,order_00005973,ETH-USD,1904.8,128,2026-01-01T01:39:32Z
batch_0004,order_00002144,order_00004740,ETH-USD,1905.51,474,2026-01-01T01:18:59Z
batch_0004,order_00004655,order_00004740,ETH-USD,1905.51,371,2026-01-01T01:18:59Z
batch_0004,order_00004640,order_00004740,ETH-USD,1905.51,7,2026-01-01T01:18:59Z
batch_0004,order_00004640,order_00004819,ETH-USD,1905.84,315,2026-01-01T01:20:18Z
batch_0004,order_00004640,order_00005137,ETH-USD,1905.93,508,2026-01-01T01:25:36Z
batch_0004,order_00006167,order_00005137,ETH-USD,1905.93,100,2026-01-01T01:42:46Z
batch_0004,order_00006394,order_00005137,ETH-USD,1905.93,130,2026-01-01T01:46:33Z
batch_0004,order_00006394,order_00004846,ETH-USD,1905.96,334,2026-01-01T01:46:33Z
batch_0004,order_00003293,order_00004846,ETH-USD,1905.96,370,2026-01-01T01:20:45Z
batch_0004,order_00003293,order_00004140,ETH-USD,1906.26,151,2026-01-01T01:08:59Z
batch_0004,order_00002916,order_00004140,ETH-USD,1906.26,138,2026-01-01T01:08:59Z
batch_0004,order_00002916,order_00003814,ETH-USD,1906.3,396,2026-01-01T01:03:33Z
batch_0004,order_00003359,order_00003814,ETH-USD,1906.3,286,2026-01-01T01:03:33Z
batch_0004,order_00003359,order_00005995,ETH-USD,1906.35,231,2026-01-01T01:39:54Z
batch_0004,order_00005013,order_00005995,ETH-USD,1906.35,578,2026-01-01T01:39:54Z
batch_0004,order_00005013,order_00005327,ETH-USD,1906.56,55,2026-01-01T01:28:46Z
batch_0004,order_00004682,order_00005327,ETH-USD,1906.56,235,2026-01-01T01:28:46Z
batch_0004,order_00006179,order_00005327,ETH-USD,1906.56,86,2026-01-01T01:42:58Z
batch_0004,order_00006179,order_00005864,ETH-USD,1906.56,574,2026-01-01T01:42:58Z
batch_0004,order_00002105,order_00005864,ETH-USD,1906.56,259,2026-01-01T01:37:43Z
batch_0004,order_00002105,order_00005515,ETH-USD,1906.62,329,2026-01-01T01:31:54Z
batch_0004,order_00002105,order_00005244,ETH-USD,1906.71,149,2026-01-01T01:27:23Z
batch_0004,order_00002105,order_00005421,ETH-USD,1906.82,130,2026-01-01T01:30:20Z
batch_0004,order_00003228,order_00005421,ETH-USD,1906.82,383,2026-01-01T01:30:20Z
batch_0004,order_00003228,order_00005561,ETH-USD,1906.82,204,2026-01-01T01:32:40Z
batch_0004,order_00003120,order_00005561,ETH-USD,1906.82,62,2026-01-01T01:32:40Z
batch_0004,order_00003120,order_00003525,ETH-USD,1906.89,257,2026-01-01T00:58:44Z
batch_0004,order_00003820,order_00003525,ETH-USD,1906.89,299,2026-01-01T01:03:39Z
batch_0004,order_00003820,order_00002187,ETH-USD,1907.0,105,2026-01-01T01:03:39Z
batch_0004,order_00006569,order_00002187,ETH-USD,1907.0,212,2026-01-01T01:49:28Z
batch_0004,order_00006409,order_00002187,ETH-USD,1907.0,254,2026-01-01T01:46:48Z
batch_0004,order_00006409,order_00005266,ETH-USD,1907.12,180,2026-01-01T01:46:48Z
batch_0004,order_00006409,order_00003469,ETH-USD,1907.58,382,2026-01-01T01:46:48Z
batch_0004,order_00005746,order_00003469,ETH-USD,1907.58,432,2026-01-01T01:35:45Z
batch_0004,order_00005746,order_00002282,ETH-USD,1907.66,20,2026-01-01T01:35:45Z
batch_0004,order_00005746,order_00003266,ETH-USD,1907.67,14,2026-01-01T01:35:45Z
batch_0004,order_00002205,order_00003266,ETH-USD,1907.67,11,2026-01-01T00:54:25Z
batch_0004,order_00003864,order_00003266,ETH-USD,1907.67,300,2026-01-01T01:04:23Z
batch_0004,order_00003864,order_00004884,ETH-USD,1907.7,57,2026-01-01T01:21:23Z
batch_0004,order_00004951,order_00004884,ETH-USD,1907.7,209,2026-01-01T01:22:30Z
batch_0004,order_00005547,order_00004884,ETH-USD,1907.7,602,2026-01-01T01:32:26Z
batch_0004,order_00005547,order_00006417,ETH-USD,1907.79,194,2026-01-01T01:46:56Z
batch_0004,order_00004045,order_00006417,ETH-USD,1907.79,52,2026-01-01T01:46:56Z
batch_0004,order_00002995,order_00006417,ETH-USD,1907.79,12,2026-01-01T01:46:56Z
batch_0004,order_00003667,order_00006417,ETH-USD,1907.79,550,2026-01-01T01:46:56Z
batch_0004,order_00003667,order_00005689,ETH-USD,1907.84,128,2026-01-01T01:34:48Z
batch_0004,order_00006453,order_00005689,ETH-USD,1907.84,479,2026-01-01T01:47:32Z
batch_0004,order_00003310,order_00005689,ETH-USD,1907.84,113,2026-01-01T01:34:48Z
batch_0004,order_00004179,order_00005689,ETH-USD,1907.84,237,2026-01-01T01:34:48Z
batch_0004,order_00004179,order_00001813,ETH-USD,1907.88,1,2026-01-01T01:09:38Z
batch_0004,order_00003944,order_00001813,ETH-USD,1907.88,698,2026-01-01T01:05:43Z
batch_0004,order_00002825,order_00001813,ETH-USD,1907.88,300,2026-01-01T00:47:04Z
batch_0004,order_00002825,order_00002511,ETH-USD,1908.74,207,2026-01-01T00:47:04Z
batch_0004,order_00002825,order_00006079,ETH-USD,1908.84,88,2026-01-01T01:41:18Z
batch_0004,order_00002719,order_00006079,ETH-USD,1908.84,634,2026-01-01T01:41:18Z
batch_0004,order_00002719,order_00005665,ETH-USD,1908.96,65,2026-01-01T01:34:24Z
batch_0004,order_00004801,order_00005665,ETH-USD,1908.96,60,2026-01-01T01:34:24Z
batch_0004,order_00006249,order_00005665,ETH-USD,1908.96,103,2026-01-01T01:44:08Z
batch_0004,order_00002084,order_00005665,ETH-USD,1908.96,218,2026-01-01T01:34:24Z
batch_0004,order_00001661,order_00005665,ETH-USD,1908.96,553,2026-01-01T01:34:24Z
batch_0004,order_00001661,order_00002666,ETH-USD,1909.3,401,2026-01-01T00:44:25Z
batch_0004,order_00001678,order_00002666,ETH-USD,1909.3,326,2026-01-01T00:44:25Z
batch_0004,order_00003028,order_00002666,ETH-USD,1909.3,70,2026-01-01T00:50:27Z
batch_0004,order_00003028,order_00002290,ETH-USD,1909.32,234,2026-01-01T00:50:27Z
batch_0004,order_00003280,order_00002290,ETH-USD,1909.32,260,2026-01-01T00:54:39Z
batch_0004,order_00003280,order_00002978,ETH-USD,1909.47,275,2026-01-01T00:54:39Z
batch_0004,order_00003280,order_00003078,ETH-USD,1909.57,33,2026-01-01T00:54:39Z
batch_0004,order_00002880,order_00003078,ETH-USD,1909.57,184,2026-01-01T00:51:17Z
batch_0004,order_00006235,order_00003078,ETH-USD,1909.57,687,2026-01-01T01:43:54Z
batch_0004,order_00004352,order_00003078,ETH-USD,1909.57,85,2026-01-01T01:12:31Z
batch_0004,order_00004352,order_00003666,ETH-USD,1909.68,95,2026-01-01T01:12:31Z
batch_0004,order_00002950,order_00003666,ETH-USD,1909.68,102,2026-01-01T01:01:05Z
batch_0004,order_00005694,order_00003666,ETH-USD,1909.68,589,2026-01-01T01:34:53Z
batch_0004,order_00005694,order_00004158,ETH-USD,1909.69,57,2026-01-01T01:34:53Z
batch_0004,order_00005183,order_00004158,ETH-USD,1909.69,913,2026-01-01T01:26:22Z
batch_0004,order_00005183,order_00005334,ETH-USD,1910.04,87,2026-01-01T01:28:53Z
batch_0004,order_00002458,order_00005334,ETH-USD,1910.04,118,2026-01-01T01:28:53Z
batch_0004,order_00003603,order_00005334,ETH-USD,1910.04,215,2026-01-01T01:28:53Z
batch_0004,order_00003603,order_00006599,ETH-USD,1910.24,647,2026-01-01T01:49:58Z
batch_0004,order_00003603,order_00003810,ETH-USD,1910.35,59,2026-01-01T01:03:29Z
batch_0004,order_00002194,order_00003810,ETH-USD,1910.35,300,2026-01-01T01:03:29Z
batch_0004,order_00004535,order_00003810,ETH-USD,1910.35,392,2026-01-01T01:15:34Z
batch_0004,order_00004535,order_00003543,ETH-USD,1910.74,191,2026-01-01T01:15:34Z
batch_0004,order_00004535,order_00003698,ETH-USD,1910.75,164,2026-01-01T01:15:34Z
batch_0004,order_00004983,order_00003698,ETH-USD,1910.75,503,2026-01-01T01:23:02Z
batch_0004,order_00002955,order_00003698,ETH-USD,1910.75,171,2026-01-01T01:01:37Z
batch_0004,order_00002955,order_00005480,ETH-USD,1910.8,52,2026-01-01T01:31:19Z
batch_0004,order_00002955,order_00001847,ETH-USD,1910.86,410,2026-01-01T00:49:14Z
batch_0004,order_00005326,order_00001847,ETH-USD,1910.86,24,2026-01-01T01:28:45Z
batch_0004,order_00005326,order_00004452,ETH-USD,1911.14,807,2026-01-01T01:28:45Z
batch_0004,order_00002603,order_00004452,ETH-USD,1911.14,174,2026-01-01T01:14:11Z
batch_0004,order_00002603,order_00003216,ETH-USD,1911.19,277,2026-01-01T00:53:35Z
batch_0004,order_00002603,order_00003143,ETH-USD,1911.34,144,2026-01-01T00:52:22Z
batch_0004,order_00002603,order_00002896,ETH-USD,1911.35,118,2026-01-01T00:48:15Z
batch_0004,order_00002603,order_00006143,ETH-USD,1911.44,156,2026-01-01T01:42:22Z
batch_0004,order_00004113,order_00006143,ETH-USD,1911.44,80,2026-01-01T01:42:22Z
batch_0004,order_00004113,order_00001968,ETH-USD,1911.56,123,2026-01-01T01:08:32Z
batch_0004,order_00003140,order_00001968,ETH-USD,1911.56,401,2026-01-01T00:52:19Z
batch_0004,order_00003140,order_00004878,ETH-USD,1911.84,172,2026-01-01T01:21:17Z
batch_0004,order_00003140,order_00002582,ETH-USD,1912.14,352,2026-01-01T00:52:19Z
batch_0004,order_00003496,order_00002582,ETH-USD,1912.14,433,2026-01-01T00:58:15Z
batch_0004,order_00003496,order_00002312,ETH-USD,1912.3,38,2026-01-01T00:58:15Z
batch_0004,order_00003496,order_00004174,ETH-USD,1912.63,4,2026-01-01T01:09:33Z
batch_0004,order_00005319,order_00004174,ETH-USD,1912.63,298,2026-01-01T01:28:38Z
batch_0004,order_00004080,order_00004174,ETH-USD,1912.63,332,2026-01-01T01:09:33Z
batch_0004,order_00001719,order_00004174,ETH-USD,1912.63,93,2026-01-01T01:09:33Z
batch_0004,order_00001719,order_00005440,ETH-USD,1912.64,7,2026-01-01T01:30:39Z
batch_0004,order_00001719,order_00002671,ETH-USD,1912.8,600,2026-01-01T00:44:30Z
batch_0004,order_00003210,order_00002671,ETH-USD,1912.8,287,2026-01-01T00:53:29Z
batch_0004,order_00003210,order_00006176,ETH-USD,1913.35,134,2026-01-01T01:42:55Z
batch_0004,order_00003317,order_00006176,ETH-USD,1913.35,123,2026-01-01T01:42:55Z
batch_0004,order_00003317,order_00004562,ETH-USD,1913.38,145,2026-01-01T01:16:01Z
batch_0004,order_00003317,order_00002997,ETH-USD,1913.45,395,2026-01-01T00:55:16Z
batch_0004,order_00003317,order_00002431,ETH-USD,1913.53,292,2026-01-01T00:55:16Z
batch_0004,order_00006039,order_00002431,ETH-USD,1913.53,104,2026-01-01T01:40:38Z
batch_0004,order_00006039,order_00005410,ETH-USD,1913.68,733,2026-01-01T01:40:38Z
batch_0004,order_00004902,order_00005410,ETH-USD,1913.68,46,2026-01-01T01:30:09Z
batch_0004,order_00004902,order_00002510,ETH-USD,1914.14,311,2026-01-01T01:21:41Z
batch_0004,order_00004902,order_00002681,ETH-USD,1914.73,497,2026-01-01T01:21:41Z
batch_0004,order_00004267,order_00002681,ETH-USD,1914.73,18,2026-01-01T01:11:06Z
batch_0004,order_00004267,order_00004649,ETH-USD,1914.87,69,2026-01-01T01:17:28Z
batch_0004,order_00005060,order_00004649,ETH-USD,1914.87,351,2026-01-01T01:24:19Z
batch_0004,order_00003432,order_00004649,ETH-USD,1914.87,69,2026-01-01T01:17:28Z
batch_0004,order_00003432,order_00001906,ETH-USD,1915.08,644,2026-01-01T00:57:11Z
batch_0004,order_00005068,order_00001906,ETH-USD,1915.08,271,2026-01-01T01:24:27Z
batch_0004,order_00005068,order_00001681,ETH-USD,1915.39,158,2026-01-01T01:24:27Z
batch_0004,order_00005068,order_00004277,ETH-USD,1915.58,8,2026-01-01T01:24:27Z
batch_0004,order_00004169,order_00004277,ETH-USD,1915.58,24,2026-01-01T01:11:16Z
batch_0004,order_00004837,order_00004277,ETH-USD,1915.58,805,2026-01-01T01:20:36Z
batch_0004,order_00006296,order_00004277,ETH-USD,1915.58,59,2026-01-01T01:44:55Z
batch_0004,order_00006296,order_00005096,ETH-USD,1915.64,158,2026-01-01T01:44:55Z
batch_0004,order_00002635,order_00005096,ETH-USD,1915.64,452,2026-01-01T01:24:55Z
batch_0004,order_00002635,order_00005673,ETH-USD,1915.99,209,2026-01-01T01:34:32Z
batch_0004,order_00005388,order_00005673,ETH-USD,1915.99,420,2026-01-01T01:34:32Z
batch_0004,order_00005388,order_00002867,ETH-USD,1916.05,39,2026-01-01T01:29:47Z
batch_0004,order_00005388,order_00002080,ETH-USD,1916.08,30,2026-01-01T01:29:47Z
batch_0004,order_00005388,order_00003608,ETH-USD,1916.49,215,2026-01-01T01:29:47Z
batch_0004,order_00004137,order_00003608,ETH-USD,1916.49,358,2026-01-01T01:08:56Z
batch_0004,order_00005934,order_00003608,ETH-USD,1916.49,158,2026-01-01T01:38:53Z
batch_0004,order_00005934,order_00001858,ETH-USD,1916.61,13,2026-01-01T01:38:53Z
batch_0004,order_00002736,order_00001858,ETH-USD,1916.61,9,2026-01-01T00:45:35Z
batch_0004,order_00002736,order_00003329,ETH-USD,1916.85,305,2026-01-01T00:55:28Z
batch_0004,order_00003289,order_00003329,ETH-USD,1916.85,489,2026-01-01T00:55:28Z
batch_0004,order_00003130,order_00003329,ETH-USD,1916.85,103,2026-01-01T00:55:28Z
batch_0004,order_00003130,order_00004647,ETH-USD,1916.86,657,2026-01-01T01:17:26Z
batch_0004,order_00003918,order_00004647,ETH-USD,1916.86,114,2026-01-01T01:17:26Z
batch_0004,order_00003918,order_00001850,ETH-USD,1916.91,587,2026-01-01T01:05:17Z
batch_0004,order_00003214,order_00001850,ETH-USD,1916.91,241,2026-01-01T00:53:33Z
batch_0004,order_00004130,order_00001850,ETH-USD,1916.91,94,2026-01-01T01:08:49Z
batch_0004,order_00004130,order_00005747,ETH-USD,1917.07,136,2026-01-01T01:35:46Z
batch_0004,order_00004130,order_00001674,ETH-USD,1917.67,634,2026-01-01T01:08:49Z
batch_0004,order_00003284,order_00001674,ETH-USD,1917.67,239,2026-01-01T00:54:43Z
batch_0004,order_00003284,order_00004882,ETH-USD,1917.67,173,2026-01-01T01:21:21Z
batch_0004,order_00002759,order_00004882,ETH-USD,1917.67,281,2026-01-01T01:21:21Z
batch_0004,order_00005220,order_00004882,ETH-USD,1917.67,173,2026-01-01T01:26:59Z
batch_0004,order_00005220,order_00004763,ETH-USD,1917.77,182,2026-01-01T01:26:59Z
batch_0004,order_00004601,order_00004763,ETH-USD,1917.77,47,2026-01-01T01:19:22Z
batch_0004,order_00004601,order_00005951,ETH-USD,1918.32,391,2026-01-01T01:39:10Z
batch_0004,order_00003076,order_00005951,ETH-USD,1918.32,359,2026-01-01T01:39:10Z
batch_0004,order_00003076,order_00004754,ETH-USD,1918.56,400,2026-01-01T01:19:13Z
batch_0004,order_00002650,order_00004754,ETH-USD,1918.56,273,2026-01-01T01:19:13Z
batch_0004,order_00002650,order_00005320,ETH-USD,1918.72,230,2026-01-01T01:28:39Z
batch_0004,order_00001701,order_00005320,ETH-USD,1918.72,37,2026-01-01T01:28:39Z
batch_0004,order_00006555,order_00005320,ETH-USD,1918.72,121,2026-01-01T01:49:14Z
batch_0004,order_00002381,order_00005320,ETH-USD,1918.72,112,2026-01-01T01:28:39Z
batch_0004,order_00002381,order_00005812,ETH-USD,1919.18,276,2026-01-01T01:36:51Z
batch_0004,order_00001932,order_00005812,ETH-USD,1919.18,136,2026-01-01T01:36:51Z
batch_0004,order_00001932,order_00003012,ETH-USD,1919.38,403,2026-01-01T00:50:11Z
batch_0004,order_00001932,order_00006088,ETH-USD,1919.42,339,2026-01-01T01:41:27Z
batch_0004,order_00001658,order_00006088,ETH-USD,1919.42,524,2026-01-01T01:41:27Z
batch_0004,order_00001658,order_00003679,ETH-USD,1919.54,310,2026-01-01T01:01:18Z
batch_0004,order_00004747,order_00003679,ETH-USD,1919.54,294,2026-01-01T01:19:06Z
batch_0004,order_00004747,order_00006401,ETH-USD,1919.72,414,2026-01-01T01:46:40Z
batch_0004,order_00006580,order_00006401,ETH-USD,1919.72,554,2026-01-01T01:49:39Z
batch_0004,order_00006580,order_00006440,ETH-USD,1919.81,108,2026-01-01T01:49:39Z
batch_0004,order_00006580,order_00004609,ETH-USD,1919.84,231,2026-01-01T01:49:39Z
batch_0004,order_00003860,order_00004609,ETH-USD,1919.84,549,2026-01-01T01:16:48Z
batch_0004,order_00003860,order_00002362,ETH-USD,1919.85,433,2026-01-01T01:04:19Z
batch_0004,order_00002320,order_00002362,ETH-USD,1919.85,198,2026-01-01T00:39:21Z
batch_0004,order_00002320,order_00002516,ETH-USD,1920.09,796,2026-01-01T00:41:55Z
batch_0004,order_00006499,order_00002516,ETH-USD,1920.09,148,2026-01-01T01:48:18Z
batch_0004,order_00006499,order_00002018,ETH-USD,1920.11,732,2026-01-01T01:48:18Z
batch_0004,order_00001835,order_00002018,ETH-USD,1920.11,52,2026-01-01T00:33:37Z
batch_0004,order_00001835,order_00005506,ETH-USD,1920.2,261,2026-01-01T01:31:45Z
batch_0004,order_00001835,order_00006395,ETH-USD,1920.54,446,2026-01-01T01:46:34Z
batch_0004,order_00001835,order_00003098,ETH-USD,1920.81,156,2026-01-01T00:51:37Z
batch_0004,order_00006078,order_00003098,ETH-USD,1920.81,725,2026-01-01T01:41:17Z
batch_0004,order_00006256,order_00003098,ETH-USD,1920.81,62,2026-01-01T01:44:15Z
batch_0004,order_00006256,order_00001655,ETH-USD,1920.85,707,2026-01-01T01:44:15Z
batch_0004,order_00001755,order_00001655,ETH-USD,1920.85,105,2026-01-01T00:29:14Z
batch_0004,order_00001755,order_00004233,ETH-USD,1920.91,45,2026-01-01T01:10:32Z
batch_0004,order_00001755,order_00004441,ETH-USD,1921.02,602,2026-01-01T01:14:00Z
batch_0004,order_00001755,order_00006554,ETH-USD,1921.07,226,2026-01-01T01:49:13Z
batch_0004,order_00002908,order_00006554,ETH-USD,1921.07,427,2026-01-01T01:49:13Z
batch_0004,order_00002908,order_00004003,ETH-USD,1921.3,122,2026-01-01T01:06:42Z
batch_0004,order_00001920,order_00004003,ETH-USD,1921.3,175,2026-01-01T01:06:42Z
batch_0004,order_00001920,order_00005406,ETH-USD,1921.62,540,2026-01-01T01:30:05Z
batch_0004,order_00004088,order_00005406,ETH-USD,1921.62,335,2026-01-01T01:30:05Z
batch_0004,order_00003326,order_00005406,ETH-USD,1921.62,119,2026-01-01T01:30:05Z
batch_0004,order_00003326,order_00002616,ETH-USD,1921.63,310,2026-01-01T00:55:25Z
batch_0004,order_00004200,order_00002616,ETH-USD,1921.63,417,2026-01-01T01:09:59Z
batch_0004,order_00004200,order_00001671,ETH-USD,1921.82,1,2026-01-01T01:09:59Z
batch_0004,order_00002066,order_00001671,ETH-USD,1921.82,178,2026-01-01T00:34:25Z
batch_0004,order_00004230,order_00001671,ETH-USD,1921.82,113,2026-01-01T01:10:29Z
batch_0004,order_00006191,order_00001671,ETH-USD,1921.82,119,2026-01-01T01:43:10Z
batch_0004,order_00003073,order_00001671,ETH-USD,1921.82,277,2026-01-01T00:51:12Z
batch_0004,order_00001664,order_00001671,ETH-USD,1921.82,8,2026-01-01T00:27:50Z
batch_0004,order_00001664,order_00003058,ETH-USD,1922.13,104,2026-01-01T00:50:57Z
batch_0004,order_00002805,order_00003058,ETH-USD,1922.13,653,2026-01-01T00:50:57Z
batch_0004,order_00002805,order_00005261,ETH-USD,1922.43,63,2026-01-01T01:27:40Z
batch_0004,order_00002805,order_00003235,ETH-USD,1922.76,128,2026-01-01T00:53:54Z
batch_0004,order_00002805,order_00006506,ETH-USD,1923.06,57,2026-01-01T01:48:25Z
batch_0004,order_00002136,order_00006506,ETH-USD,1923.06,131,2026-01-01T01:48:25Z
batch_0004,order_00004129,order_00006506,ETH-USD,1923.06,268,2026-01-01T01:48:25Z
batch_0004,order_00004129,order_00002539,ETH-USD,1923.19,393,2026-01-01T01:08:48Z
batch_0004,order_00001722,order_00002539,ETH-USD,1923.19,208,2026-01-01T00:42:18Z
batch_0004,order_00001722,order_00002043,ETH-USD,1923.27,335,2026-01-01T00:34:02Z
batch_0004,order_00005180,order_00002043,ETH-USD,1923.27,433,2026-01-01T01:26:19Z
batch_0004,order_00003467,order_00002043,ETH-USD,1923.27,74,2026-01-01T00:57:46Z
batch_0004,order_00003467,order_00001617,ETH-USD,1923.31,757,2026-01-01T00:57:46Z
batch_0004,order_00003059,order_00001617,ETH-USD,1923.31,13,2026-01-01T00:50:58Z
batch_0004,order_00003059,order_00003647,ETH-USD,1923.52,310,2026-01-01T01:00:46Z
batch_0004,order_00002211,order_00003647,ETH-USD,1923.52,206,2026-01-01T01:00:46Z
batch_0004,order_00002211,order_00004434,ETH-USD,1923.73,702,2026-01-01T01:13:53Z
batch_0004,order_00003992,order_00004434,ETH-USD,1923.73,166,2026-01-01T01:13:53Z
batch_0004,order_00003992,order_00006306,ETH-USD,1923.94,239,2026-01-01T01:45:05Z
batch_0004,order_00003992,order_00002126,ETH-USD,1924.04,359,2026-01-01T01:06:31Z
batch_0004,order_00002309,order_00002126,ETH-USD,1924.04,288,2026-01-01T00:38:28Z
batch_0004,order_00004555,order_00002126,ETH-USD,1924.04,297,2026-01-01T01:15:54Z
batch_0004,order_00004555,order_00002788,ETH-USD,1924.06,22,2026-01-01T01:15:54Z
batch_0004,order_00004555,order_00003372,ETH-USD,1924.24,213,2026-01-01T01:15:54Z
batch_0004,order_00002473,order_00003372,ETH-USD,1924.24,197,2026-01-01T00:56:11Z
batch_0004,order_00005883,order_00003372,ETH-USD,1924.24,249,2026-01-01T01:38:02Z
batch_0004,order_00005883,order_00005520,ETH-USD,1924.45,454,2026-01-01T01:38:02Z
batch_0004,order_00002621,order_00005520,ETH-USD,1924.45,288,2026-01-01T01:31:59Z
batch_0004,order_00002621,order_00003747,ETH-USD,1924.57,1,2026-01-01T01:02:26Z
batch_0004,order_00002621,order_00006187,ETH-USD,1924.63,149,2026-01-01T01:43:06Z
batch_0004,order_00003080,order_00006187,ETH-USD,1924.63,273,2026-01-01T01:43:06Z
batch_0004,order_00003080,order_00005445,ETH-USD,1924.67,434,2026-01-01T01:30:44Z
batch_0004,order_00003080,order_00003398,ETH-USD,1924.74,6,2026-01-01T00:56:37Z
batch_0004,order_00003080,order_00003176,ETH-USD,1924.9,220,2026-01-01T00:52:55Z
batch_0004,order_00003099,order_00003176,ETH-USD,1924.9,293,2026-01-01T00:52:55Z
batch_0004,order_00003099,order_00002338,ETH-USD,1925.31,154,2026-01-01T00:51:38Z
batch_0004,order_00004844,order_00002338,ETH-USD,1925.31,233,2026-01-01T01:20:43Z
batch_0004,order_00004844,order_00003034,ETH-USD,1925.34,170,2026-01-01T01:20:43Z
batch_0004,order_00002611,order_00003034,ETH-USD,1925.34,433,2026-01-01T00:50:33Z
batch_0004,order_00002132,order_00003034,ETH-USD,1925.34,277,2026-01-01T00:50:33Z
batch_0004,order_00002132,order_00003863,ETH-USD,1925.39,198,2026-01-01T01:04:22Z
batch_0004,order_00006048,order_00003863,ETH-USD,1925.39,266,2026-01-01T01:40:47Z
batch_0004,order_00004048,order_00003863,ETH-USD,1925.39,85,2026-01-01T01:07:27Z
batch_0004,order_00004048,order_00003276,ETH-USD,1925.54,350,2026-01-01T01:07:27Z
batch_0004,order_00004048,order_00005286,ETH-USD,1925.94,200,2026-01-01T01:28:05Z
batch_0004,order_00004048,order_00004506,ETH-USD,1926.07,115,2026-01-01T01:15:05Z
batch_0004,order_00003119,order_00004506,ETH-USD,1926.07,878,2026-01-01T01:15:05Z
batch_0004,order_00003119,order_00005924,ETH-USD,1926.17,39,2026-01-01T01:38:43Z
batch_0004,order_00005202,order_00005924,ETH-USD,1926.17,102,2026-01-01T01:38:43Z
batch_0004,order_00005202,order_00005287,ETH-USD,1926.56,603,2026-01-01T01:28:06Z
batch_0004,order_00005202,order_00005084,ETH-USD,1926.67,68,2026-01-01T01:26:41Z
batch_0004,order_00005202,order_00004071,ETH-USD,1926.69,182,2026-01-01T01:26:41Z
batch_0004,order_00004224,order_00004071,ETH-USD,1926.69,626,2026-01-01T01:10:23Z
batch_0004,order_00004224,order_00003010,ETH-USD,1926.88,258,2026-01-01T01:10:23Z
batch_0004,order_00003524,order_00003010,ETH-USD,1926.88,24,2026-01-01T00:58:43Z
batch_0004,order_00003524,order_00004933,ETH-USD,1926.95,322,2026-01-01T01:22:12Z
batch_0004,order_00006012,order_00004933,ETH-USD,1926.95,130,2026-01-01T01:40:11Z
batch_0004,order_00001729,order_00004933,ETH-USD,1926.95,11,2026-01-01T01:22:12Z
batch_0004,order_00003819,order_00004933,ETH-USD,1926.95,427,2026-01-01T01:22:12Z
batch_0004,order_00003819,order_00004816,ETH-USD,1927.1,168,2026-01-01T01:20:15Z
batch_0004,order_00005224,order_00004816,ETH-USD,1927.1,127,2026-01-01T01:27:03Z
batch_0004,order_00002464,order_00004816,ETH-USD,1927.1,80,2026-01-01T01:20:15Z
batch_0004,order_00001633,order_00004816,ETH-USD,1927.1,311,2026-01-01T01:20:15Z
batch_0004,order_00001633,order_00002986,ETH-USD,1927.5,141,2026-01-01T00:49:45Z
batch_0004,order_00004133,order_00002986,ETH-USD,1927.5,650,2026-01-01T01:08:52Z
batch_0004,order_00005250,order_00002986,ETH-USD,1927.5,45,2026-01-01T01:27:29Z
batch_0004,order_00005250,order_00004213,ETH-USD,1927.85,512,2026-01-01T01:27:29Z
batch_0004,order_00005250,order_00002595,ETH-USD,1927.86,382,2026-01-01T01:27:29Z
batch_0004,order_00004281,order_00002595,ETH-USD,1927.86,52,2026-01-01T01:11:20Z
batch_0004,order_00004281,order_00001913,ETH-USD,1927.87,150,2026-01-01T01:11:20Z
batch_0004,order_00004281,order_00006056,ETH-USD,1927.96,233,2026-01-01T01:40:55Z
batch_0004,order_00005942,order_00006056,ETH-USD,1927.96,599,2026-01-01T01:40:55Z
batch_0004,order_00005799,order_00006056,ETH-USD,1927.96,61,2026-01-01T01:40:55Z
batch_0004,order_00005799,order_00002816,ETH-USD,1928.1,151,2026-01-01T01:36:38Z
batch_0004,order_00005799,order_00004734,ETH-USD,1928.15,75,2026-01-01T01:36:38Z
batch_0004,order_00005799,order_00001846,ETH-USD,1928.19,188,2026-01-01T01:36:38Z
batch_0004,order_00004440,order_00001846,ETH-USD,1928.19,43,2026-01-01T01:13:59Z
batch_0004,order_00004440,order_00004284,ETH-USD,1928.46,567,2026-01-01T01:13:59Z
batch_0004,order_00004440,order_00006446,ETH-USD,1928.53,50,2026-01-01T01:47:25Z
batch_0004,order_00006215,order_00006446,ETH-USD,1928.53,470,2026-01-01T01:47:25Z
batch_0004,order_00005121,order_00006446,ETH-USD,1928.53,172,2026-01-01T01:47:25Z
batch_0004,order_00005121,order_00001781,ETH-USD,1928.64,141,2026-01-01T01:25:20Z
batch_0004,order_00005121,order_00002503,ETH-USD,1928.65,351,2026-01-01T01:25:20Z
batch_0004,order_00002911,order_00002503,ETH-USD,1928.65,183,2026-01-01T00:48:30Z
batch_0004,order_00002911,order_00006027,ETH-USD,1928.7,558,2026-01-01T01:40:26Z
batch_0004,order_00006430,order_00003668,ETH-USD,1928.74,25,2026-01-01T01:47:09Z
batch_0004,order_00006430,order_00003786,ETH-USD,1928.77,130,2026-01-01T01:47:09Z
batch_0004,order_00001938,order_00003786,ETH-USD,1928.77,309,2026-01-01T01:03:05Z
batch_0004,order_00004540,order_00003786,ETH-USD,1928.77,41,2026-01-01T01:15:39Z
batch_0004,order_00004540,order_00002568,ETH-USD,1928.87,587,2026-01-01T01:15:39Z
batch_0004,order_00005383,order_00002568,ETH-USD,1928.87,29,2026-01-01T01:29:42Z
batch_0004,order_00003150,order_00002568,ETH-USD,1928.87,99,2026-01-01T00:52:29Z
batch_0004,order_00005609,order_00002568,ETH-USD,1928.87,118,2026-01-01T01:33:28Z
batch_0004,order_00005609,order_00006553,ETH-USD,1929.06,653,2026-01-01T01:49:12Z
batch_0004,order_00005609,order_00003730,ETH-USD,1929.31,65,2026-01-01T01:33:28Z
batch_0004,order_00004875,order_00003730,ETH-USD,1929.31,31,2026-01-01T01:21:14Z
batch_0004,order_00002652,order_00003730,ETH-USD,1929.31,102,2026-01-01T01:02:09Z
batch_0004,order_00004770,order_00003730,ETH-USD,1929.31,687,2026-01-01T01:19:29Z
batch_0004,order_00005014,order_00003730,ETH-USD,1929.31,34,2026-01-01T01:23:33Z
batch_0004,order_00005014,order_00004446,ETH-USD,1929.43,318,2026-01-01T01:23:33Z
batch_0004,order_00005636,order_00004446,ETH-USD,1929.43,566,2026-01-01T01:33:55Z
batch_0004,order_00005636,order_00003151,ETH-USD,1929.46,181,2026-01-01T01:33:55Z
batch_0004,order_00004209,order_00003151,ETH-USD,1929.46,307,2026-01-01T01:10:08Z
batch_0004,order_00004209,order_00003848,ETH-USD,1929.53,60,2026-01-01T01:10:08Z
batch_0004,order_00005431,order_00003848,ETH-USD,1929.53,25,2026-01-01T01:30:30Z
batch_0004,order_00005431,order_00005225,ETH-USD,1929.72,167,2026-01-01T01:30:30Z
batch_0004,order_00003026,order_00005225,ETH-USD,1929.72,349,2026-01-01T01:27:04Z
batch_0004,order_00003026,order_00002774,ETH-USD,1929.82,141,2026-01-01T00:50:25Z
batch_0004,order_00002693,order_00002774,ETH-USD,1929.82,237,2026-01-01T00:46:13Z
batch_0004,order_00002693,order_00002776,ETH-USD,1929.85,302,2026-01-01T00:46:15Z
batch_0004,order_00002693,order_00001650,ETH-USD,1929.9,218,2026-01-01T00:44:52Z
batch_0004,order_00005621,order_00001650,ETH-USD,1929.9,411,2026-01-01T01:33:40Z
batch_0004,order_00006233,order_00001650,ETH-USD,1929.9,275,2026-01-01T01:43:52Z
batch_0004,order_00006233,order_00005243,ETH-USD,1930.0,135,2026-01-01T01:43:52Z
batch_0004,order_00002970,order_00005243,ETH-USD,1930.0,101,2026-01-01T01:27:22Z
batch_0004,order_00002970,order_00002636,ETH-USD,1930.09,82,2026-01-01T00:49:29Z
batch_0004,order_00002447,order_00002636,ETH-USD,1930.09,20,2026-01-01T00:43:55Z
batch_0004,order_00002447,order_00003658,ETH-USD,1930.27,161,2026-01-01T01:00:57Z
batch_0004,order_00002447,order_00003705,ETH-USD,1930.65,752,2026-01-01T01:01:44Z
batch_0004,order_00001630,order_00003705,ETH-USD,1930.65,35,2026-01-01T01:01:44Z
batch_0004,order_00001630,order_00004968,ETH-USD,1930.78,750,2026-01-01T01:22:47Z
batch_0004,order_00002566,order_00004968,ETH-USD,1930.78,69,2026-01-01T01:22:47Z
batch_0004,order_00002566,order_00001665,ETH-USD,1930.96,389,2026-01-01T00:42:45Z
batch_0004,order_00002566,order_00002232,ETH-USD,1931.14,108,2026-01-01T00:42:45Z
batch_0004,order_00002566,order_00003757,ETH-USD,1931.18,135,2026-01-01T01:02:36Z
batch_0004,order_00002566,order_00002116,ETH-USD,1931.77,2,2026-01-01T00:42:45Z
batch_0004,order_00006460,order_00002116,ETH-USD,1931.77,4,2026-01-01T01:47:39Z
batch_0004,order_00006460,order_00003626,ETH-USD,1931.81,125,2026-01-01T01:47:39Z
batch_0004,order_00003473,order_00003626,ETH-USD,1931.81,387,2026-01-01T01:00:25Z
batch_0004,order_00005572,order_00003626,ETH-USD,1931.81,463,2026-01-01T01:32:51Z
batch_0004,order_00005572,order_00003181,ETH-USD,1931.84,69,2026-01-01T01:32:51Z
batch_0004,order_00002460,order_00003181,ETH-USD,1931.84,562,2026-01-01T00:53:00Z
batch_0004,order_00006009,order_00003181,ETH-USD,1931.84,121,2026-01-01T01:40:08Z
batch_0004,order_00006009,order_00005782,ETH-USD,1932.24,728,2026-01-01T01:40:08Z
batch_0004,order_00004442,order_00005782,ETH-USD,1932.24,217,2026-01-01T01:36:21Z
batch_0004,order_00004442,order_00003931,ETH-USD,1932.3,268,2026-01-01T01:14:01Z
batch_0004,order_00004964,order_00003931,ETH-USD,1932.3,579,2026-01-01T01:22:43Z
batch_0004,order_00005239,order_00003931,ETH-USD,1932.3,5,2026-01-01T01:27:18Z
batch_0004,order_00005239,order_00002864,ETH-USD,1932.53,8,2026-01-01T01:27:18Z
batch_0004,order_00003506,order_00002864,ETH-USD,1932.53,92,2026-01-01T00:58:25Z
batch_0004,order_00003506,order_00005468,ETH-USD,1932.68,283,2026-01-01T01:31:07Z
batch_0004,order_00003506,order_00005541,ETH-USD,1932.82,19,2026-01-01T01:32:20Z
batch_0004,order_00005721,order_00005541,ETH-USD,1932.82,568,2026-01-01T01:35:20Z
batch_0004,order_00005721,order_00004976,ETH-USD,1933.05,257,2026-01-01T01:35:20Z
batch_0004,order_00003936,order_00004976,ETH-USD,1933.05,328,2026-01-01T01:22:55Z
batch_0004,order_00003936,order_00002086,ETH-USD,1933.15,54,2026-01-01T01:05:35Z
batch_0004,order_00003936,order_00005933,ETH-USD,1933.21,295,2026-01-01T01:38:52Z
batch_0004,order_00003936,order_00002519,ETH-USD,1933.29,74,2026-01-01T01:05:35Z
batch_0004,order_00003936,order_00003045,ETH-USD,1933.5,149,2026-01-01T01:05:35Z
batch_0004,order_00006335,order_00003045,ETH-USD,1933.5,372,2026-01-01T01:45:34Z
batch_0004,order_00006335,order_00004520,ETH-USD,1933.51,85,2026-01-01T01:45:34Z
batch_0004,order_00005643,order_00004520,ETH-USD,1933.51,449,2026-01-01T01:34:02Z
batch_0004,order_00003727,order_00004520,ETH-USD,1933.51,253,2026-01-01T01:15:19Z
batch_0004,order_00003727,order_00004152,ETH-USD,1933.57,616,2026-01-01T01:09:11Z
batch_0004,order_00004144,order_00004152,ETH-USD,1933.57,266,2026-01-01T01:09:11Z
batch_0004,order_00004144,order_00003061,ETH-USD,1933.62,439,2026-01-01T01:09:03Z
batch_0004,order_00004144,order_00005426,ETH-USD,1933.67,161,2026-01-01T01:30:25Z
batch_0004,order_00004144,order_00002855,ETH-USD,1934.19,125,2026-01-01T01:09:03Z
batch_0004,order_00005186,order_00002855,ETH-USD,1934.19,672,2026-01-01T01:26:25Z
batch_0004,order_00006281,order_00002855,ETH-USD,1934.19,70,2026-01-01T01:44:40Z
batch_0004,order_00006281,order_00005485,ETH-USD,1934.19,104,2026-01-01T01:44:40Z
batch_0004,order_00003136,order_00005485,ETH-USD,1934.19,324,2026-01-01T01:31:24Z
batch_0004,order_00003136,order_00002926,ETH-USD,1934.33,337,2026-01-01T00:52:15Z
batch_0004,order_00004269,order_00002926,ETH-USD,1934.33,447,2026-01-01T01:11:08Z
batch_0004,order_00004269,order_00003285,ETH-USD,1934.72,29,2026-01-01T01:11:08Z
batch_0004,order_00004533,order_00003285,ETH-USD,1934.72,93,2026-01-01T01:15:32Z
batch_0004,order_00004533,order_00005412,ETH-USD,1934.72,97,2026-01-01T01:30:11Z
batch_0004,order_00003000,order_00005412,ETH-USD,1934.72,573,2026-01-01T01:30:11Z
batch_0004,order_00003000,order_00006162,ETH-USD,1934.74,342,2026-01-01T01:42:41Z
batch_0004,order_00003792,order_00006162,ETH-USD,1934.74,164,2026-01-01T01:42:41Z
batch_0004,order_00003504,order_00006162,ETH-USD,1934.74,80,2026-01-01T01:42:41Z
batch_0004,order_00004188,order_00006162,ETH-USD,1934.74,165,2026-01-01T01:42:41Z
batch_0004,order_00004188,order_00003766,ETH-USD,1934.94,203,2026-01-01T01:09:47Z
batch_0004,order_00002842,order_00003766,ETH-USD,1934.94,744,2026-01-01T01:02:45Z
batch_0004,order_00002842,order_00004287,ETH-USD,1934.95,57,2026-01-01T01:11:26Z
batch_0004,order_00002938,order_00004287,ETH-USD,1934.95,794,2026-01-01T01:11:26Z
batch_0004,order_00002938,order_00003008,ETH-USD,1934.96,41,2026-01-01T00:50:07Z
batch_0004,order_00002938,order_00003904,ETH-USD,1934.96,6,2026-01-01T01:05:03Z
batch_0004,order_00001907,order_00003904,ETH-USD,1934.96,705,2026-01-01T01:05:03Z
batch_0004,order_00001766,order_00003904,ETH-USD,1934.96,232,2026-01-01T01:05:03Z
batch_0004,order_00001766,order_00003535,ETH-USD,1935.11,81,2026-01-01T00:58:54Z
batch_0004,order_00001766,order_00002206,ETH-USD,1935.32,87,2026-01-01T00:36:45Z
batch_0004,order_00001766,order_00002376,ETH-USD,1935.35,114,2026-01-01T00:39:35Z
batch_0004,order_00001766,order_00002797,ETH-USD,1935.36,40,2026-01-01T00:46:36Z
batch_0004,order_00006081,order_00002797,ETH-USD,1935.36,565,2026-01-01T01:41:20Z
batch_0004,order_00004593,order_00002797,ETH-USD,1935.36,233,2026-01-01T01:16:32Z
batch_0004,order_00004593,order_00004505,ETH-USD,1935.49,55,2026-01-01T01:16:32Z
batch_0004,order_00005000,order_00004505,ETH-USD,1935.49,153,2026-01-01T01:23:19Z
batch_0004,order_00002892,order_00004505,ETH-USD,1935.49,457,2026-01-01T01:15:04Z
batch_0004,order_00002892,order_00006099,ETH-USD,1935.59,11,2026-01-01T01:41:38Z
batch_0004,order_00002892,order_00004631,ETH-USD,1935.64,12,2026-01-01T01:17:10Z
batch_0004,order_00003457,order_00004631,ETH-USD,1935.64,74,2026-01-01T01:17:10Z
batch_0004,order_00003457,order_00003142,ETH-USD,1935.72,577,2026-01-01T00:57:36Z
batch_0004,order_00003457,order_00002269,ETH-USD,1935.98,24,2026-01-01T00:57:36Z
batch_0004,order_00003457,order_00004514,ETH-USD,1935.98,23,2026-01-01T01:15:13Z
batch_0004,order_00002852,order_00004514,ETH-USD,1935.98,265,2026-01-01T01:15:13Z
batch_0004,order_00002852,order_00004496,ETH-USD,1936.07,31,2026-01-01T01:14:55Z
batch_0004,order_00002852,order_00004594,ETH-USD,1936.33,96,2026-01-01T01:16:33Z
batch_0004,order_00002852,order_00004775,ETH-USD,1936.54,277,2026-01-01T01:19:34Z
batch_0004,order_00005739,order_00004775,ETH-USD,1936.54,168,2026-01-01T01:35:38Z
batch_0004,order_00005739,order_00002906,ETH-USD,1936.81,117,2026-01-01T01:35:38Z
batch_0004,order_00002322,order_00002906,ETH-USD,1936.81,322,2026-01-01T00:48:25Z
batch_0004,order_00002322,order_00004275,ETH-USD,1936.96,116,2026-01-01T01:11:14Z
batch_0004,order_00002490,order_00004275,ETH-USD,1936.96,524,2026-01-01T01:11:14Z
batch_0004,order_00002665,order_00004275,ETH-USD,1936.96,338,2026-01-01T01:11:14Z
batch_0004,order_00001790,order_00004275,ETH-USD,1936.96,21,2026-01-01T01:11:14Z
batch_0004,order_00001790,order_00002500,ETH-USD,1937.09,126,2026-01-01T00:41:39Z
batch_0004,order_00004183,order_00002500,ETH-USD,1937.09,214,2026-01-01T01:09:42Z
batch_0004,order_00004183,order_00002752,ETH-USD,1937.16,539,2026-01-01T01:09:42Z
batch_0004,order_00006223,order_00002752,ETH-USD,1937.16,62,2026-01-01T01:43:42Z
batch_0004,order_00004692,order_00002752,ETH-USD,1937.16,33,2026-01-01T01:18:11Z
batch_0004,order_00004692,order_00004454,ETH-USD,1937.19,671,2026-01-01T01:18:11Z
batch_0004,order_00001916,order_00004454,ETH-USD,1937.19,58,2026-01-01T01:14:13Z
batch_0004,order_00001916,order_00004210,ETH-USD,1937.27,308,2026-01-01T01:10:09Z
batch_0004,order_00001916,order_00005888,ETH-USD,1937.35,177,2026-01-01T01:38:07Z
batch_0004,order_00001723,order_00005888,ETH-USD,1937.35,469,2026-01-01T01:38:07Z
batch_0004,order_00001723,order_00005514,ETH-USD,1937.41,76,2026-01-01T01:31:53Z
batch_0004,order_00004993,order_00005514,ETH-USD,1937.41,243,2026-01-01T01:31:53Z
batch_0004,order_00004940,order_00005514,ETH-USD,1937.41,438,2026-01-01T01:31:53Z
batch_0004,order_00004940,order_00001672,ETH-USD,1937.71,483,2026-01-01T01:22:19Z
batch_0004,order_00005436,order_00001672,ETH-USD,1937.71,6,2026-01-01T01:30:35Z
batch_0004,order_00006071,order_00001672,ETH-USD,1937.71,449,2026-01-01T01:41:10Z
batch_0004,order_00006071,order_00004541,ETH-USD,1937.71,300,2026-01-01T01:41:10Z
batch_0004,order_00006071,order_00005487,ETH-USD,1937.77,59,2026-01-01T01:41:10Z
batch_0004,order_00006071,order_00005358,ETH-USD,1937.85,38,2026-01-01T01:41:10Z
batch_0004,order_00002948,order_00005358,ETH-USD,1937.85,385,2026-01-01T01:29:17Z
batch_0004,order_00002948,order_00004773,ETH-USD,1937.87,577,2026-01-01T01:19:32Z
batch_0004,order_00005849,order_00004773,ETH-USD,1937.87,342,2026-01-01T01:37:28Z
batch_0004,order_00005849,order_00002216,ETH-USD,1938.1,3,2026-01-01T01:37:28Z
batch_0004,order_00003781,order_00002216,ETH-USD,1938.1,170,2026-01-01T01:03:00Z
batch_0004,order_00005007,order_00002216,ETH-USD,1938.1,50,2026-01-01T01:23:26Z
batch_0004,order_00005583,order_00002216,ETH-USD,1938.1,492,2026-01-01T01:33:02Z
batch_0004,order_00005583,order_00001857,ETH-USD,1938.68,252,2026-01-01T01:33:02Z
batch_0004,order_00005313,order_00001857,ETH-USD,1938.68,234,2026-01-01T01:28:32Z
batch_0004,order_00005313,order_00006415,ETH-USD,1938.73,28,2026-01-01T01:46:54Z
batch_0004,order_00005313,order_00005903,ETH-USD,1939.05,567,2026-01-01T01:38:22Z
batch_0004,order_00005313,order_00003148,ETH-USD,1939.24,158,2026-01-01T01:28:32Z
batch_0004,order_00002163,order_00003148,ETH-USD,1939.24,106,2026-01-01T00:52:27Z
batch_0004,order_00003568,order_00003148,ETH-USD,1939.24,331,2026-01-01T00:59:27Z
batch_0004,order_00003568,order_00003710,ETH-USD,1939.41,41,2026-01-01T01:01:49Z
batch_0004,order_00005649,order_00003710,ETH-USD,1939.41,94,2026-01-01T01:34:08Z
batch_0004,order_00003474,order_00003710,ETH-USD,1939.41,108,2026-01-01T01:01:49Z
batch_0004,order_00003162,order_00003710,ETH-USD,1939.41,25,2026-01-01T01:01:49Z
batch_0004,order_00002954,order_00003710,ETH-USD,1939.41,12,2026-01-01T01:01:49Z
batch_0004,order_00001910,order_00003710,ETH-USD,1939.41,265,2026-01-01T01:01:49Z
batch_0004,order_00005879,order_00003710,ETH-USD,1939.41,9,2026-01-01T01:37:58Z
batch_0004,order_00005879,order_00003838,ETH-USD,1940.24,266,2026-01-01T01:37:58Z
batch_0004,order_00003319,order_00003838,ETH-USD,1940.24,232,2026-01-01T01:03:57Z
batch_0004,order_00003319,order_00004216,ETH-USD,1940.42,418,2026-01-01T01:10:15Z
batch_0004,order_00003958,order_00004216,ETH-USD,1940.42,189,2026-01-01T01:10:15Z
batch_0004,order_00001615,order_00004216,ETH-USD,1940.42,295,2026-01-01T01:10:15Z
batch_0004,order_00001615,order_00005179,ETH-USD,1940.5,46,2026-01-01T01:26:18Z
batch_0004,order_00001615,order_00001942,ETH-USD,1940.88,44,2026-01-01T00:32:21Z
batch_0004,order_00001797,order_00001942,ETH-USD,1940.88,313,2026-01-01T00:32:21Z
batch_0004,order_00001797,order_00002991,ETH-USD,1940.9,476,2026-01-01T00:49:50Z
batch_0004,order_00002340,order_00002991,ETH-USD,1940.9,68,2026-01-01T00:49:50Z
batch_0004,order_00002340,order_00005646,ETH-USD,1940.97,431,2026-01-01T01:34:05Z
batch_0004,order_00002340,order_00001700,ETH-USD,1941.17,127,2026-01-01T00:38:59Z
batch_0004,order_00002967,order_00001700,ETH-USD,1941.17,305,2026-01-01T00:49:26Z
batch_0004,order_00002967,order_00003248,ETH-USD,1941.33,678,2026-01-01T00:54:07Z
batch_0004,order_00005472,order_00003248,ETH-USD,1941.33,131,2026-01-01T01:31:11Z
batch_0004,order_00001990,order_00003248,ETH-USD,1941.33,61,2026-01-01T00:54:07Z
batch_0004,order_00001990,order_00006437,ETH-USD,1941.53,65,2026-01-01T01:47:16Z
batch_0004,order_00001990,order_00002909,ETH-USD,1941.88,448,2026-01-01T00:48:28Z
batch_0004,order_00001990,order_00006260,ETH-USD,1941.91,339,2026-01-01T01:44:19Z
batch_0004,order_00004635,order_00006260,ETH-USD,1941.91,152,2026-01-01T01:44:19Z
batch_0004,order_00002215,order_00006260,ETH-USD,1941.91,472,2026-01-01T01:44:19Z
batch_0004,order_00002215,order_00005770,ETH-USD,1941.98,86,2026-01-01T01:36:09Z
batch_0004,order_00002933,order_00005770,ETH-USD,1941.98,626,2026-01-01T01:36:09Z
batch_0004,order_00002933,order_00002186,ETH-USD,1942.1,144,2026-01-01T00:48:52Z
batch_0004,order_00002873,order_00002186,ETH-USD,1942.1,369,2026-01-01T00:47:52Z
batch_0004,order_00004899,order_00002186,ETH-USD,1942.1,291,2026-01-01T01:21:38Z
batch_0004,order_00004899,order_00002622,ETH-USD,1942.23,99,2026-01-01T01:21:38Z
batch_0004,order_00004899,order_00005700,ETH-USD,1942.31,254,2026-01-01T01:34:59Z
batch_0004,order_00001973,order_00005700,ETH-USD,1942.31,311,2026-01-01T01:34:59Z
batch_0004,order_00006091,order_00005700,ETH-USD,1942.31,331,2026-01-01T01:41:30Z
batch_0004,order_00006091,order_00003075,ETH-USD,1942.88,146,2026-01-01T01:41:30Z
batch_0004,order_00006091,order_00005150,ETH-USD,1943.1,255,2026-01-01T01:41:30Z
batch_0004,order_00006091,order_00003827,ETH-USD,1943.44,117,2026-01-01T01:41:30Z
batch_0004,order_00003224,order_00003827,ETH-USD,1943.44,143,2026-01-01T01:03:46Z
batch_0004,order_00003224,order_00005482,ETH-USD,1943.67,510,2026-01-01T01:31:21Z
batch_0004,order_00003224,order_00002714,ETH-USD,1943.69,6,2026-01-01T00:53:43Z
batch_0004,order_00003224,order_00005477,ETH-USD,1943.96,191,2026-01-01T01:31:16Z
batch_0004,order_00002398,order_00005477,ETH-USD,1943.96,525,2026-01-01T01:31:16Z
batch_0004,order_00004339,order_00005477,ETH-USD,1943.96,95,2026-01-01T01:31:16Z
batch_0004,order_00004101,order_00005477,ETH-USD,1943.96,169,2026-01-01T01:31:16Z
batch_0004,order_00004101,order_00005378,ETH-USD,1944.04,403,2026-01-01T01:29:37Z
batch_0004,order_00004101,order_00002827,ETH-USD,1944.68,241,2026-01-01T01:08:20Z
batch_0004,order_00004101,order_00003270,ETH-USD,1944.75,32,2026-01-01T01:08:20Z
batch_0004,order_00002884,order_00003270,ETH-USD,1944.75,388,2026-01-01T00:54:29Z
batch_0004,order_00002884,order_00004011,ETH-USD,1944.95,490,2026-01-01T01:06:50Z
batch_0004,order_00002089,order_00004011,ETH-USD,1944.95,348,2026-01-01T01:06:50Z
batch_0004,order_00002089,order_00002828,ETH-USD,1944.96,18,2026-01-01T00:47:07Z
batch_0004,order_00002089,order_00004519,ETH-USD,1945.01,103,2026-01-01T01:15:18Z
batch_0004,order_00002089,order_00003807,ETH-USD,1945.02,48,2026-01-01T01:03:26Z
batch_0004,order_00005253,order_00003807,ETH-USD,1945.02,618,2026-01-01T01:27:32Z
batch_0004,order_00001732,order_00003807,ETH-USD,1945.02,25,2026-01-01T01:03:26Z
batch_0004,order_00004211,order_00003807,ETH-USD,1945.02,195,2026-01-01T01:10:10Z
batch_0004,order_00004211,order_00002368,ETH-USD,1945.13,7,2026-01-01T01:10:10Z
batch_0004,order_00004211,order_00003984,ETH-USD,1945.37,237,2026-01-01T01:10:10Z
batch_0004,order_00001773,order_00003984,ETH-USD,1945.37,397,2026-01-01T01:06:23Z
batch_0004,order_00001773,order_00004333,ETH-USD,1945.83,391,2026-01-01T01:12:12Z
batch_0004,order_00001773,order_00003517,ETH-USD,1945.94,153,2026-01-01T00:58:36Z
batch_0004,order_00004005,order_00003517,ETH-USD,1945.94,843,2026-01-01T01:06:44Z
batch_0004,order_00004005,order_00004841,ETH-USD,1946.03,16,2026-01-01T01:20:40Z
batch_0004,order_00004005,order_00002756,ETH-USD,1946.4,74,2026-01-01T01:06:44Z
batch_0004,order_00003243,order_00002756,ETH-USD,1946.4,843,2026-01-01T00:54:02Z
batch_0004,order_00003243,order_00005457,ETH-USD,1946.42,50,2026-01-01T01:30:56Z
batch_0004,order_00002446,order_00005457,ETH-USD,1946.42,653,2026-01-01T01:30:56Z
batch_0004,order_00002446,order_00005403,ETH-USD,1946.46,269,2026-01-01T01:30:02Z
batch_0004,order_00001648,order_00005403,ETH-USD,1946.46,422,2026-01-01T01:30:02Z
batch_0004,order_00001648,order_00004942,ETH-USD,1946.52,133,2026-01-01T01:22:21Z
batch_0004,order_00001648,order_00005032,ETH-USD,1946.68,363,2026-01-01T01:23:51Z
batch_0004,order_00005158,order_00005032,ETH-USD,1946.68,128,2026-01-01T01:25:57Z
batch_0004,order_00004865,order_00005032,ETH-USD,1946.68,62,2026-01-01T01:23:51Z
batch_0004,order_00004865,order_00003132,ETH-USD,1946.94,505,2026-01-01T01:21:04Z
batch_0004,order_00004865,order_00003195,ETH-USD,1947.08,390,2026-01-01T01:21:04Z
batch_0004,order_00003753,order_00003195,ETH-USD,1947.08,536,2026-01-01T01:02:32Z
batch_0004,order_00003753,order_00005670,ETH-USD,1947.2,184,2026-01-01T01:34:29Z
batch_0004,order_00003753,order_00002130,ETH-USD,1947.29,189,2026-01-01T01:02:32Z
batch_0004,order_00005036,order_00002130,ETH-USD,1947.29,371,2026-01-01T01:23:55Z
batch_0004,order_00004662,order_00002130,ETH-USD,1947.29,271,2026-01-01T01:17:41Z
batch_0004,order_00004662,order_00004676,ETH-USD,1947.3,134,2026-01-01T01:17:55Z
batch_0004,order_00004662,order_00004748,ETH-USD,1947.3,472,2026-01-01T01:19:07Z
batch_0004,order_00005298,order_00004748,ETH-USD,1947.3,48,2026-01-01T01:28:17Z
batch_0004,order_00005298,order_00004874,ETH-USD,1947.47,244,2026-01-01T01:28:17Z
batch_0004,order_00005298,order_00004554,ETH-USD,1947.5,117,2026-01-01T01:28:17Z
batch_0004,order_00005176,order_00004554,ETH-USD,1947.5,128,2026-01-01T01:26:15Z
batch_0004,order_00004118,order_00004554,ETH-USD,1947.5,335,2026-01-01T01:15:53Z
batch_0004,order_00003928,order_00004554,ETH-USD,1947.5,310,2026-01-01T01:15:53Z
batch_0004,order_00003928,order_00002559,ETH-USD,1948.31,345,2026-01-01T01:05:27Z
batch_0004,order_00003928,order_00002090,ETH-USD,1948.36,1,2026-01-01T01:05:27Z
batch_0004,order_00003437,order_00002090,ETH-USD,1948.36,30,2026-01-01T00:57:16Z
batch_0004,order_00005923,order_00002090,ETH-USD,1948.36,353,2026-01-01T01:38:42Z
batch_0004,order_00003325,order_00002090,ETH-USD,1948.36,304,2026-01-01T00:55:24Z
batch_0004,order_00003325,order_00006360,ETH-USD,1948.4,268,2026-01-01T01:45:59Z
batch_0004,order_00005337,order_00006360,ETH-USD,1948.4,574,2026-01-01T01:45:59Z
batch_0004,order_00005737,order_00006360,ETH-USD,1948.4,9,2026-01-01T01:45:59Z
batch_0004,order_00005737,order_00002747,ETH-USD,1948.64,481,2026-01-01T01:35:36Z
batch_0004,order_00004311,order_00002747,ETH-USD,1948.64,139,2026-01-01T01:11:50Z
batch_0004,order_00004311,order_00006363,ETH-USD,1948.78,332,2026-01-01T01:46:02Z
batch_0004,order_00001811,order_00006363,ETH-USD,1948.78,225,2026-01-01T01:46:02Z
batch_0004,order_00001811,order_00005049,ETH-USD,1948.79,357,2026-01-01T01:24:08Z
batch_0004,order_00001811,order_00004992,ETH-USD,1948.88,369,2026-01-01T01:23:11Z
batch_0004,order_00005085,order_00004992,ETH-USD,1948.88,531,2026-01-01T01:24:44Z
batch_0004,order_00005085,order_00003213,ETH-USD,1948.96,95,2026-01-01T01:24:44Z
batch_0004,order_00001883,order_00003213,ETH-USD,1948.96,31,2026-01-01T00:53:32Z
batch_0004,order_00001883,order_00003369,ETH-USD,1949.1,26,2026-01-01T00:56:08Z
batch_0004,order_00005454,order_00003369,ETH-USD,1949.1,815,2026-01-01T01:30:53Z
batch_0004,order_00003253,order_00003369,ETH-USD,1949.1,134,2026-01-01T00:56:08Z
batch_0004,order_00003253,order_00004198,ETH-USD,1949.33,201,2026-01-01T01:09:57Z
batch_0004,order_00002875,order_00004198,ETH-USD,1949.33,616,2026-01-01T01:09:57Z
batch_0004,order_00002875,order_00004371,ETH-USD,1949.61,10,2026-01-01T01:12:50Z
batch_0004,order_00004721,order_00004371,ETH-USD,1949.61,221,2026-01-01T01:18:40Z
batch_0004,order_00004320,order_00004371,ETH-USD,1949.61,72,2026-01-01T01:12:50Z
batch_0004,order_00004320,order_00003897,ETH-USD,1949.67,381,2026-01-01T01:11:59Z
batch_0004,order_00004621,order_00003897,ETH-USD,1949.67,234,2026-01-01T01:17:00Z
batch_0004,order_00004621,order_00003541,ETH-USD,1949.69,33,2026-01-01T01:17:00Z
batch_0004,order_00004353,order_00003541,ETH-USD,1949.69,18,2026-01-01T01:12:32Z
batch_0004,order_00004353,order_00003493,ETH-USD,1949.7,638,2026-01-01T01:12:32Z
batch_0004,order_00004290,order_00003493,ETH-USD,1949.7,157,2026-01-01T01:11:29Z
batch_0004,order_00004290,order_00004949,ETH-USD,1950.86,61,2026-01-01T01:22:28Z
batch_0004,order_00004290,order_00002253,ETH-USD,1950.92,43,2026-01-01T01:11:29Z
batch_0004,order_00004270,order_00002253,ETH-USD,1950.92,549,2026-01-01T01:11:09Z
batch_0004,order_00002440,order_00002253,ETH-USD,1950.92,209,2026-01-01T00:40:39Z
batch_0004,order_00002440,order_00002920,ETH-USD,1951.02,200,2026-01-01T00:48:39Z
batch_0004,order_00005793,order_00002920,ETH-USD,1951.02,416,2026-01-01T01:36:32Z
batch_0004,order_00005793,order_00004656,ETH-USD,1951.09,413,2026-01-01T01:36:32Z
batch_0004,order_00005576,order_00004656,ETH-USD,1951.09,2,2026-01-01T01:32:55Z
batch_0004,order_00005576,order_00002677,ETH-USD,1951.52,26,2026-01-01T01:32:55Z
batch_0004,order_00003122,order_00002677,ETH-USD,1951.52,121,2026-01-01T00:52:01Z
batch_0004,order_00003122,order_00003191,ETH-USD,1951.76,36,2026-01-01T00:53:10Z
batch_0004,order_00006384,order_00003191,ETH-USD,1951.76,716,2026-01-01T01:46:23Z
batch_0004,order_00002663,order_00003191,ETH-USD,1951.76,129,2026-01-01T00:53:10Z
batch_0004,order_00002663,order_00002593,ETH-USD,1952.08,859,2026-01-01T00:44:22Z
batch_0004,order_00001967,order_00002593,ETH-USD,1952.08,118,2026-01-01T00:43:12Z
batch_0004,order_00001967,order_00004876,ETH-USD,1952.38,400,2026-01-01T01:21:15Z
batch_0004,order_00001967,order_00002936,ETH-USD,1952.43,165,2026-01-01T00:48:55Z
batch_0004,order_00005876,order_00002936,ETH-USD,1952.43,229,2026-01-01T01:37:55Z
batch_0004,order_00002533,order_00002936,ETH-USD,1952.43,171,2026-01-01T00:48:55Z
batch_0004,order_00002533,order_00003965,ETH-USD,1952.49,7,2026-01-01T01:06:04Z
batch_0004,order_00002533,order_00002121,ETH-USD,1952.56,76,2026-01-01T00:42:12Z
batch_0004,order_00005642,order_00002121,ETH-USD,1952.56,541,2026-01-01T01:34:01Z
batch_0004,order_00005642,order_00002588,ETH-USD,1952.66,277,2026-01-01T01:34:01Z
batch_0004,order_00002749,order_00002588,ETH-USD,1952.66,466,2026-01-01T00:45:48Z
batch_0004,order_00002749,order_00005462,ETH-USD,1952.69,97,2026-01-01T01:31:01Z
batch_0004,order_00002749,order_00005777,ETH-USD,1953.0,198,2026-01-01T01:36:16Z
batch_0004,order_00003960,order_00005777,ETH-USD,1953.0,252,2026-01-01T01:36:16Z
batch_0004,order_00003480,order_00005777,ETH-USD,1953.0,212,2026-01-01T01:36:16Z
batch_0004,order_00003480,order_00003837,ETH-USD,1953.08,171,2026-01-01T01:03:56Z
batch_0004,order_00004321,order_00003837,ETH-USD,1953.08,80,2026-01-01T01:12:00Z
batch_0004,order_00002129,order_00003837,ETH-USD,1953.08,524,2026-01-01T01:03:56Z
batch_0004,order_00002129,order_00002344,ETH-USD,1953.57,53,2026-01-01T00:39:03Z
batch_0004,order_00005123,order_00002344,ETH-USD,1953.57,170,2026-01-01T01:25:22Z
batch_0004,order_00004697,order_00002344,ETH-USD,1953.57,242,2026-01-01T01:18:16Z
batch_0004,order_00004697,order_00002523,ETH-USD,1953.61,383,2026-01-01T01:18:16Z
batch_0004,order_00004697,order_00004758,ETH-USD,1953.64,104,2026-01-01T01:19:17Z
batch_0004,order_00002343,order_00004758,ETH-USD,1953.64,490,2026-01-01T01:19:17Z
batch_0004,order_00002343,order_00001761,ETH-USD,1953.67,396,2026-01-01T00:39:02Z
batch_0004,order_00003523,order_00001761,ETH-USD,1953.67,595,2026-01-01T00:58:42Z
batch_0004,order_00003523,order_00002535,ETH-USD,1953.74,316,2026-01-01T00:58:42Z
batch_0004,order_00005947,order_00002535,ETH-USD,1953.74,316,2026-01-01T01:39:06Z
batch_0004,order_00005757,order_00002535,ETH-USD,1953.74,307,2026-01-01T01:35:56Z
batch_0004,order_00005757,order_00004868,ETH-USD,1953.79,18,2026-01-01T01:35:56Z
batch_0004,order_00003933,order_00004868,ETH-USD,1953.79,146,2026-01-01T01:21:07Z
batch_0004,order_00004856,order_00004868,ETH-USD,1953.79,341,2026-01-01T01:21:07Z
batch_0004,order_00004856,order_00002525,ETH-USD,1953.93,128,2026-01-01T01:20:55Z
batch_0004,order_00004856,order_00003759,ETH-USD,1954.01,268,2026-01-01T01:20:55Z
batch_0004,order_00002496,order_00003759,ETH-USD,1954.01,551,2026-01-01T01:02:38Z
batch_0004,order_00002496,order_00005758,ETH-USD,1954.11,192,2026-01-01T01:35:57Z
batch_0004,order_00001895,order_00005758,ETH-USD,1954.11,160,2026-01-01T01:35:57Z
batch_0004,order_00001895,order_00006030,ETH-USD,1954.33,442,2026-01-01T01:40:29Z
batch_0004,order_00002278,order_00006030,ETH-USD,1954.33,440,2026-01-01T01:40:29Z
batch_0004,order_00002278,order_00003969,ETH-USD,1954.42,331,2026-01-01T01:06:08Z
batch_0004,order_00006165,order_00003969,ETH-USD,1954.42,330,2026-01-01T01:42:44Z
batch_0004,order_00006165,order_00002306,ETH-USD,1954.7,367,2026-01-01T01:42:44Z
batch_0004,order_00006165,order_00002257,ETH-USD,1954.89,247,2026-01-01T01:42:44Z
batch_0004,order_00001641,order_00002257,ETH-USD,1954.89,173,2026-01-01T00:37:36Z
batch_0004,order_00001641,order_00004502,ETH-USD,1954.91,469,2026-01-01T01:15:01Z
batch_0004,order_00001641,order_00006259,ETH-USD,1955.18,80,2026-01-01T01:44:18Z
batch_0004,order_00005543,order_00006259,ETH-USD,1955.18,409,2026-01-01T01:44:18Z
batch_0004,order_00005830,order_00006259,ETH-USD,1955.18,287,2026-01-01T01:44:18Z
batch_0004,order_00005830,order_00003226,ETH-USD,1955.24,338,2026-01-01T01:37:09Z
batch_0004,order_00006434,order_00003226,ETH-USD,1955.24,229,2026-01-01T01:47:13Z
batch_0004,order_00006434,order_00002486,ETH-USD,1955.43,356,2026-01-01T01:47:13Z
batch_0004,order_00005059,order_00002486,ETH-USD,1955.43,152,2026-01-01T01:24:18Z
batch_0004,order_00002332,order_00002486,ETH-USD,1955.43,25,2026-01-01T00:41:25Z
batch_0004,order_00005323,order_00002486,ETH-USD,1955.43,181,2026-01-01T01:28:42Z
batch_0004,order_00005323,order_00003551,ETH-USD,1955.62,549,2026-01-01T01:28:42Z
batch_0004,order_00002591,order_00003551,ETH-USD,1955.62,6,2026-01-01T00:59:10Z
batch_0004,order_00002591,order_00005906,ETH-USD,1956.15,738,2026-01-01T01:38:25Z
batch_0004,order_00002591,order_00003173,ETH-USD,1956.17,15,2026-01-01T00:52:52Z
batch_0004,order_00006539,order_00003173,ETH-USD,1956.17,243,2026-01-01T01:48:58Z
batch_0004,order_00006539,order_00004566,ETH-USD,1956.24,193,2026-01-01T01:48:58Z
batch_0004,order_00006481,order_00004566,ETH-USD,1956.24,794,2026-01-01T01:48:00Z
batch_0004,order_00006481,order_00004458,ETH-USD,1956.28,179,2026-01-01T01:48:00Z
batch_0004,order_00005797,order_00004458,ETH-USD,1956.28,156,2026-01-01T01:36:36Z
batch_0004,order_00003004,order_00004458,ETH-USD,1956.28,209,2026-01-01T01:14:17Z
batch_0004,order_00003004,order_00006284,ETH-USD,1956.28,125,2026-01-01T01:44:43Z
batch_0004,order_00003004,order_00004425,ETH-USD,1956.35,1,2026-01-01T01:13:44Z
batch_0004,order_00003454,order_00004425,ETH-USD,1956.35,326,2026-01-01T01:13:44Z
batch_0004,order_00001986,order_00004425,ETH-USD,1956.35,507,2026-01-01T01:13:44Z
batch_0004,order_00004461,order_00004425,ETH-USD,1956.35,85,2026-01-01T01:14:20Z
batch_0004,order_00004461,order_00004666,ETH-USD,1956.67,652,2026-01-01T01:17:45Z
batch_0004,order_00001988,order_00004666,ETH-USD,1956.67,29,2026-01-01T01:17:45Z
batch_0004,order_00005089,order_00004666,ETH-USD,1956.67,206,2026-01-01T01:24:48Z
batch_0004,order_00005089,order_00003053,ETH-USD,1956.76,269,2026-01-01T01:24:48Z
batch_0004,order_00003902,order_00003053,ETH-USD,1956.76,146,2026-01-01T01:05:01Z
batch_0004,order_00003902,order_00005270,ETH-USD,1956.76,31,2026-01-01T01:27:49Z
batch_0004,order_00003902,order_00004199,ETH-USD,1957.12,8,2026-01-01T01:09:58Z
batch_0004,order_00002594,order_00004199,ETH-USD,1957.12,64,2026-01-01T01:09:58Z
batch_0004,order_00003290,order_00004199,ETH-USD,1957.12,768,2026-01-01T01:09:58Z
batch_0004,order_00003290,order_00003986,ETH-USD,1957.13,17,2026-01-01T01:06:25Z
batch_0004,order_00002039,order_00003986,ETH-USD,1957.13,202,2026-01-01T01:06:25Z
batch_0004,order_00002039,order_00002638,ETH-USD,1957.52,21,2026-01-01T00:43:57Z
batch_0004,order_00002039,order_00003144,ETH-USD,1957.57,661,2026-01-01T00:52:23Z
batch_0004,order_00001948,order_00003144,ETH-USD,1957.57,285,2026-01-01T00:52:23Z
batch_0004,order_00001948,order_00005169,ETH-USD,1957.81,430,2026-01-01T01:26:08Z
batch_0004,order_00004463,order_00005169,ETH-USD,1957.81,418,2026-01-01T01:26:08Z
batch_0004,order_00005211,order_00005169,ETH-USD,1957.81,94,2026-01-01T01:26:50Z
batch_0004,order_00005211,order_00006390,ETH-USD,1958.05,392,2026-01-01T01:46:29Z
batch_0004,order_00001727,order_00006390,ETH-USD,1958.05,72,2026-01-01T01:46:29Z
batch_0004,order_00001727,order_00003489,ETH-USD,1958.4,470,2026-01-01T00:58:08Z
batch_0004,order_00001727,order_00005895,ETH-USD,1958.68,41,2026-01-01T01:38:14Z
batch_0004,order_00001727,order_00002412,ETH-USD,1959.0,106,2026-01-01T00:40:11Z
batch_0004,order_00004529,order_00002412,ETH-USD,1959.0,781,2026-01-01T01:15:28Z
batch_0004,order_00004529,order_00005578,ETH-USD,1959.2,187,2026-01-01T01:32:57Z
batch_0004,order_00004436,order_00005578,ETH-USD,1959.2,61,2026-01-01T01:32:57Z
batch_0004,order_00003408,order_00005578,ETH-USD,1959.2,534,2026-01-01T01:32:57Z
batch_0004,order_00003408,order_00002862,ETH-USD,1959.25,1,2026-01-01T00:56:47Z
batch_0004,order_00003795,order_00002862,ETH-USD,1959.25,758,2026-01-01T01:03:14Z
batch_0004,order_00002370,order_00002862,ETH-USD,1959.25,223,2026-01-01T00:47:41Z
batch_0004,order_00002370,order_00005112,ETH-USD,1959.6,424,2026-01-01T01:25:11Z
batch_0004,order_00003635,order_00005112,ETH-USD,1959.6,250,2026-01-01T01:25:11Z
batch_0004,order_00002161,order_00005112,ETH-USD,1959.6,277,2026-01-01T01:25:11Z
batch_0004,order_00002161,order_00003097,ETH-USD,1959.65,184,2026-01-01T00:51:36Z
batch_0004,order_00003465,order_00003097,ETH-USD,1959.65,249,2026-01-01T00:57:44Z
batch_0004,order_00003465,order_00005622,ETH-USD,1959.72,606,2026-01-01T01:33:41Z
batch_0004,order_00005489,order_00005622,ETH-USD,1959.72,74,2026-01-01T01:33:41Z
batch_0004,order_00005489,order_00003479,ETH-USD,1959.73,749,2026-01-01T01:31:28Z
batch_0004,order_00005489,order_00004671,ETH-USD,1959.88,66,2026-01-01T01:31:28Z
batch_0004,order_00005489,order_00006021,ETH-USD,1960.18,36,2026-01-01T01:40:20Z
batch_0004,order_00004234,order_00006021,ETH-USD,1960.18,176,2026-01-01T01:40:20Z
batch_0004,order_00004234,order_00005155,ETH-USD,1960.24,97,2026-01-01T01:25:54Z
batch_0004,order_00004234,order_00003536,ETH-USD,1960.3,427,2026-01-01T01:10:33Z
batch_0004,order_00004600,order_00003536,ETH-USD,1960.3,6,2026-01-01T01:16:39Z
batch_0004,order_00004600,order_00002894,ETH-USD,1960.61,205,2026-01-01T01:16:39Z
batch_0004,order_00004600,order_00004838,ETH-USD,1961.11,305,2026-01-01T01:20:37Z
batch_0004,order_00004521,order_00004838,ETH-USD,1961.11,134,2026-01-01T01:20:37Z
batch_0004,order_00004521,order_00004802,ETH-USD,1961.29,84,2026-01-01T01:20:01Z
batch_0004,order_00002783,order_00004802,ETH-USD,1961.29,209,2026-01-01T01:20:01Z
batch_0004,order_00005505,order_00004802,ETH-USD,1961.29,311,2026-01-01T01:31:44Z
batch_0004,order_00006410,order_00004802,ETH-USD,1961.29,140,2026-01-01T01:46:49Z
batch_0004,order_00006410,order_00004572,ETH-USD,1961.49,275,2026-01-01T01:46:49Z
batch_0004,order_00006418,order_00004572,ETH-USD,1961.49,490,2026-01-01T01:46:57Z
batch_0004,order_00006418,order_00002214,ETH-USD,1961.58,411,2026-01-01T01:46:57Z
batch_0004,order_00004168,order_00002214,ETH-USD,1961.58,307,2026-01-01T01:09:27Z
batch_0004,order_00004168,order_00004764,ETH-USD,1961.68,441,2026-01-01T01:19:23Z
batch_0004,order_00004168,order_00003125,ETH-USD,1961.82,160,2026-01-01T01:09:27Z
batch_0004,order_00003239,order_00003125,ETH-USD,1961.82,60,2026-01-01T00:53:58Z
batch_0004,order_00003082,order_00003125,ETH-USD,1961.82,43,2026-01-01T00:52:04Z
batch_0004,order_00006049,order_00003125,ETH-USD,1961.82,45,2026-01-01T01:40:48Z
batch_0004,order_00006049,order_00006568,ETH-USD,1962.09,176,2026-01-01T01:49:27Z
batch_0004,order_00006049,order_00003379,ETH-USD,1962.61,553,2026-01-01T01:40:48Z
batch_0004,order_00001703,order_00003379,ETH-USD,1962.61,61,2026-01-01T00:56:18Z
batch_0004,order_00001703,order_00004661,ETH-USD,1962.69,55,2026-01-01T01:17:40Z
batch_0004,order_00001703,order_00004779,ETH-USD,1962.77,353,2026-01-01T01:19:38Z
batch_0004,order_00001703,order_00006109,ETH-USD,1963.01,16,2026-01-01T01:41:48Z
batch_0004,order_00001944,order_00006109,ETH-USD,1963.01,746,2026-01-01T01:41:48Z
batch_0004,order_00001944,order_00004765,ETH-USD,1963.13,57,2026-01-01T01:19:24Z
batch_0004,order_00001944,order_00004835,ETH-USD,1963.37,37,2026-01-01T01:20:34Z
batch_0004,order_00006000,order_00004835,ETH-USD,1963.37,84,2026-01-01T01:39:59Z
batch_0004,order_00001669,order_00004835,ETH-USD,1963.37,206,2026-01-01T01:20:34Z
batch_0004,order_00001669,order_00003578,ETH-USD,1963.51,425,2026-01-01T00:59:37Z
batch_0004,order_00006560,order_00003578,ETH-USD,1963.51,167,2026-01-01T01:49:19Z
batch_0004,order_00002418,order_00003578,ETH-USD,1963.51,143,2026-01-01T00:59:37Z
batch_0004,order_00002879,order_00003578,ETH-USD,1963.51,15,2026-01-01T00:59:37Z
batch_0004,order_00002879,order_00005683,ETH-USD,1963.97,272,2026-01-01T01:34:42Z
batch_0004,order_00005972,order_00005683,ETH-USD,1963.97,620,2026-01-01T01:39:31Z
batch_0004,order_00004890,order_00005683,ETH-USD,1963.97,7,2026-01-01T01:34:42Z
batch_0004,order_00004890,order_00006522,ETH-USD,1964.23,651,2026-01-01T01:48:41Z
batch_0004,order_00004890,order_00005091,ETH-USD,1964.35,105,2026-01-01T01:24:50Z
batch_0004,order_00004890,order_00003855,ETH-USD,1964.93,197,2026-01-01T01:21:29Z
batch_0004,order_00004890,order_00002020,ETH-USD,1964.98,32,2026-01-01T01:21:29Z
batch_0004,order_00003051,order_00002020,ETH-USD,1964.98,37,2026-01-01T00:50:50Z
batch_0004,order_00003700,order_00002020,ETH-USD,1964.98,664,2026-01-01T01:01:39Z
batch_0004,order_00005974,order_00002020,ETH-USD,1964.98,134,2026-01-01T01:39:33Z
batch_0004,order_00005974,order_00004406,ETH-USD,1965.06,372,2026-01-01T01:39:33Z
batch_0004,order_00005974,order_00006368,ETH-USD,1965.28,96,2026-01-01T01:46:07Z
batch_0004,order_00002644,order_00006368,ETH-USD,1965.28,132,2026-01-01T01:46:07Z
batch_0004,order_00003993,order_00006368,ETH-USD,1965.28,412,2026-01-01T01:46:07Z
batch_0004,order_00006232,order_00006368,ETH-USD,1965.28,125,2026-01-01T01:46:07Z
batch_0004,order_00006232,order_00004552,ETH-USD,1965.34,15,2026-01-01T01:43:51Z
batch_0004,order_00006232,order_00001618,ETH-USD,1965.55,123,2026-01-01T01:43:51Z
batch_0004,order_00003512,order_00001618,ETH-USD,1965.55,132,2026-01-01T00:58:31Z
batch_0004,order_00005881,order_00001618,ETH-USD,1965.55,24,2026-01-01T01:38:00Z
batch_0004,order_00005881,order_00005914,ETH-USD,1965.78,166,2026-01-01T01:38:33Z
batch_0004,order_00005881,order_00005765,ETH-USD,1966.37,259,2026-01-01T01:38:00Z
batch_0004,order_00005354,order_00005765,ETH-USD,1966.37,308,2026-01-01T01:36:04Z
batch_0004,order_00005354,order_00003185,ETH-USD,1966.5,209,2026-01-01T01:29:13Z
batch_0004,order_00004192,order_00003185,ETH-USD,1966.5,764,2026-01-01T01:09:51Z
batch_0004,order_00004192,order_00002839,ETH-USD,1966.6,54,2026-01-01T01:09:51Z
batch_0004,order_00004753,order_00002839,ETH-USD,1966.6,640,2026-01-01T01:19:12Z
batch_0004,order_00006549,order_00002839,ETH-USD,1966.6,140,2026-01-01T01:49:08Z
batch_0004,order_00006549,order_00006334,ETH-USD,1966.65,71,2026-01-01T01:49:08Z
batch_0004,order_00006154,order_00006334,ETH-USD,1966.65,389,2026-01-01T01:45:33Z
batch_0004,order_00006154,order_00002176,ETH-USD,1966.74,145,2026-01-01T01:42:33Z
batch_0004,order_00002395,order_00002176,ETH-USD,1966.74,387,2026-01-01T00:39:54Z
batch_0004,order_00005521,order_00002176,ETH-USD,1966.74,451,2026-01-01T01:32:00Z
batch_0004,order_00005521,order_00002545,ETH-USD,1966.74,165,2026-01-01T01:32:00Z
batch_0004,order_00004304,order_00002545,ETH-USD,1966.74,373,2026-01-01T01:11:43Z
batch_0004,order_00004304,order_00006472,ETH-USD,1967.0,246,2026-01-01T01:47:51Z
batch_0004,order_00002890,order_00006472,ETH-USD,1967.0,163,2026-01-01T01:47:51Z
batch_0004,order_00003875,order_00006472,ETH-USD,1967.0,239,2026-01-01T01:47:51Z
batch_0004,order_00002427,order_00006472,ETH-USD,1967.0,23,2026-01-01T01:47:51Z
batch_0004,order_00002427,order_00004973,ETH-USD,1967.15,274,2026-01-01T01:22:52Z
batch_0004,order_00002427,order_00005841,ETH-USD,1967.17,40,2026-01-01T01:37:20Z
batch_0004,order_00004877,order_00005841,ETH-USD,1967.17,468,2026-01-01T01:37:20Z
batch_0004,order_00001983,order_00005841,ETH-USD,1967.17,113,2026-01-01T01:37:20Z
batch_0004,order_00002701,order_00005841,ETH-USD,1967.17,327,2026-01-01T01:37:20Z
batch_0004,order_00002701,order_00004433,ETH-USD,1967.19,320,2026-01-01T01:13:52Z
batch_0004,order_00001814,order_00004433,ETH-USD,1967.19,91,2026-01-01T01:13:52Z
batch_0004,order_00001814,order_00006485,ETH-USD,1967.19,618,2026-01-01T01:48:04Z
batch_0004,order_00003164,order_00006485,ETH-USD,1967.19,149,2026-01-01T01:48:04Z
batch_0004,order_00003164,order_00006512,ETH-USD,1967.21,141,2026-01-01T01:48:31Z
batch_0004,order_00003164,order_00002079,ETH-USD,1967.33,128,2026-01-01T00:52:43Z
batch_0004,order_00001691,order_00002079,ETH-USD,1967.33,39,2026-01-01T00:34:38Z
batch_0004,order_00006031,order_00002079,ETH-USD,1967.33,27,2026-01-01T01:40:30Z
batch_0004,order_00006031,order_00002823,ETH-USD,1967.46,393,2026-01-01T01:40:30Z
batch_0004,order_00006031,order_00001806,ETH-USD,1967.63,80,2026-01-01T01:40:30Z
batch_0004,order_00005791,order_00001806,ETH-USD,1967.63,254,2026-01-01T01:36:30Z
batch_0004,order_00005791,order_00004907,ETH-USD,1967.79,114,2026-01-01T01:36:30Z
batch_0004,order_00003102,order_00004907,ETH-USD,1967.79,305,2026-01-01T01:21:46Z
batch_0004,order_00005697,order_00004907,ETH-USD,1967.79,285,2026-01-01T01:34:56Z
batch_0004,order_00005639,order_00004907,ETH-USD,1967.79,134,2026-01-01T01:33:58Z
batch_0004,order_00005639,order_00003811,ETH-USD,1967.86,337,2026-01-01T01:33:58Z
batch_0004,order_00005639,order_00004578,ETH-USD,1967.89,74,2026-01-01T01:33:58Z
batch_0004,order_00002760,order_00004578,ETH-USD,1967.89,494,2026-01-01T01:16:17Z
batch_0004,order_00002760,order_00003744,ETH-USD,1967.95,95,2026-01-01T01:02:23Z
batch_0004,order_00002760,order_00002919,ETH-USD,1968.07,193,2026-01-01T00:48:38Z
batch_0004,order_00002760,order_00002935,ETH-USD,1968.26,197,2026-01-01T00:48:54Z
batch_0004,order_00003115,order_00002935,ETH-USD,1968.26,298,2026-01-01T00:51:54Z
batch_0004,order_00005667,order_00002935,ETH-USD,1968.26,378,2026-01-01T01:34:26Z
batch_0004,order_00005667,order_00002832,ETH-USD,1968.43,273,2026-01-01T01:34:26Z
batch_0004,order_00004759,order_00002832,ETH-USD,1968.43,339,2026-01-01T01:19:18Z
batch_0004,order_00004226,order_00002832,ETH-USD,1968.43,323,2026-01-01T01:10:25Z
batch_0004,order_00004226,order_00002718,ETH-USD,1968.44,122,2026-01-01T01:10:25Z
batch_0004,order_00004226,order_00002024,ETH-USD,1968.81,269,2026-01-01T01:10:25Z
batch_0004,order_00002859,order_00002024,ETH-USD,1968.81,178,2026-01-01T00:47:38Z
batch_0004,order_00002859,order_00005727,ETH-USD,1968.85,288,2026-01-01T01:35:26Z
batch_0004,order_00002859,order_00005170,ETH-USD,1968.87,118,2026-01-01T01:26:09Z
batch_0004,order_00005842,order_00005170,ETH-USD,1968.87,442,2026-01-01T01:37:21Z
batch_0004,order_00005842,order_00002037,ETH-USD,1969.15,356,2026-01-01T01:37:21Z
batch_0004,order_00005966,order_00002037,ETH-USD,1969.15,525,2026-01-01T01:39:25Z
batch_0004,order_00003183,order_00002037,ETH-USD,1969.15,77,2026-01-01T00:53:02Z
batch_0004,order_00003183,order_00002647,ETH-USD,1969.22,176,2026-01-01T00:53:02Z
batch_0004,order_00003183,order_00005880,ETH-USD,1969.22,422,2026-01-01T01:37:59Z
batch_0004,order_00003183,order_00006248,ETH-USD,1969.55,296,2026-01-01T01:44:07Z
batch_0004,order_00002293,order_00006248,ETH-USD,1969.55,245,2026-01-01T01:44:07Z
batch_0004,order_00002293,order_00003425,ETH-USD,1969.63,302,2026-01-01T00:57:04Z
batch_0004,order_00001871,order_00003425,ETH-USD,1969.63,211,2026-01-01T00:57:04Z
batch_0004,order_00003118,order_00003425,ETH-USD,1969.63,148,2026-01-01T00:57:04Z
batch_0004,order_00006556,order_00003425,ETH-USD,1969.63,85,2026-01-01T01:49:15Z
batch_0004,order_00006556,order_00002811,ETH-USD,1970.1,696,2026-01-01T01:49:15Z
batch_0004,order_00006556,order_00003415,ETH-USD,1970.16,97,2026-01-01T01:49:15Z
batch_0004,order_00002104,order_00003415,ETH-USD,1970.16,354,2026-01-01T00:56:54Z
batch_0004,order_00002104,order_00005039,ETH-USD,1970.48,373,2026-01-01T01:23:58Z
batch_0004,order_00005522,order_00005039,ETH-USD,1970.48,69,2026-01-01T01:32:01Z
batch_0004,order_00005522,order_00004055,ETH-USD,1970.61,137,2026-01-01T01:32:01Z
batch_0004,order_00002341,order_00004055,ETH-USD,1970.61,58,2026-01-01T01:07:34Z
batch_0004,order_00003401,order_00004055,ETH-USD,1970.61,29,2026-01-01T01:07:34Z
batch_0004,order_00003401,order_00006271,ETH-USD,1970.7,109,2026-01-01T01:44:30Z
batch_0004,order_00003401,order_00006414,ETH-USD,1970.7,514,2026-01-01T01:46:53Z
batch_0004,order_00003868,order_00006414,ETH-USD,1970.7,93,2026-01-01T01:46:53Z
batch_0004,order_00003868,order_00002007,ETH-USD,1970.84,367,2026-01-01T01:04:27Z
batch_0004,order_00003107,order_00002007,ETH-USD,1970.84,120,2026-01-01T00:51:46Z
batch_0004,order_00003107,order_00005958,ETH-USD,1970.85,187,2026-01-01T01:39:17Z
batch_0004,order_00003107,order_00002137,ETH-USD,1971.09,536,2026-01-01T00:51:46Z
batch_0004,order_00003107,order_00004633,ETH-USD,1971.09,46,2026-01-01T01:17:12Z
batch_0004,order_00003107,order_00006501,ETH-USD,1971.43,46,2026-01-01T01:48:20Z
batch_0004,order_00005618,order_00006501,ETH-USD,1971.43,856,2026-01-01T01:48:20Z
batch_0004,order_00005618,order_00002810,ETH-USD,1971.45,22,2026-01-01T01:33:37Z
batch_0004,order_00005920,order_00002810,ETH-USD,1971.45,161,2026-01-01T01:38:39Z
batch_0004,order_00005920,order_00006349,ETH-USD,1971.63,272,2026-01-01T01:45:48Z
batch_0004,order_00005021,order_00006349,ETH-USD,1971.63,189,2026-01-01T01:45:48Z
batch_0004,order_00005021,order_00003640,ETH-USD,1971.9,596,2026-01-01T01:23:40Z
batch_0004,order_00005021,order_00004303,ETH-USD,1971.92,24,2026-01-01T01:23:40Z
batch_0004,order_00006212,order_00004303,ETH-USD,1971.92,268,2026-01-01T01:43:31Z
batch_0004,order_00006212,order_00004059,ETH-USD,1972.04,91,2026-01-01T01:43:31Z
batch_0004,order_00004984,order_00004059,ETH-USD,1972.04,747,2026-01-01T01:23:03Z
batch_0004,order_00004984,order_00002184,ETH-USD,1972.25,228,2026-01-01T01:23:03Z
batch_0004,order_00005599,order_00002184,ETH-USD,1972.25,118,2026-01-01T01:33:18Z
batch_0004,order_00005599,order_00003858,ETH-USD,1972.53,270,2026-01-01T01:33:18Z
batch_0004,order_00005599,order_00001677,ETH-USD,1972.69,241,2026-01-01T01:33:18Z
batch_0004,order_00005599,order_00002148,ETH-USD,1973.52,109,2026-01-01T01:33:18Z
batch_0004,order_00005599,order_00002624,ETH-USD,1973.53,248,2026-01-01T01:33:18Z
batch_0004,order_00003318,order_00002624,ETH-USD,1973.53,360,2026-01-01T00:55:17Z
batch_0004,order_00003318,order_00002207,ETH-USD,1973.63,169,2026-01-01T00:55:17Z
batch_0004,order_00003318,order_00004117,ETH-USD,1973.7,333,2026-01-01T01:08:36Z
batch_0004,order_00005909,order_00004117,ETH-USD,1973.7,100,2026-01-01T01:38:28Z
batch_0004,order_00001794,order_00004117,ETH-USD,1973.7,5,2026-01-01T01:08:36Z
batch_0004,order_00004240,order_00004117,ETH-USD,1973.7,206,2026-01-01T01:10:39Z
batch_0004,order_00004240,order_00005999,ETH-USD,1973.77,241,2026-01-01T01:39:58Z
batch_0004,order_00005500,order_00005999,ETH-USD,1973.77,416,2026-01-01T01:39:58Z
batch_0004,order_00001953,order_00005999,ETH-USD,1973.77,114,2026-01-01T01:39:58Z
batch_0004,order_00001953,order_00003521,ETH-USD,1973.96,182,2026-01-01T00:58:40Z
batch_0004,order_00002181,order_00003521,ETH-USD,1973.96,215,2026-01-01T00:58:40Z
batch_0004,order_00001680,order_00003521,ETH-USD,1973.96,69,2026-01-01T00:58:40Z
batch_0004,order_00001680,order_00005190,ETH-USD,1973.96,124,2026-01-01T01:26:29Z
batch_0004,order_00005357,order_00005190,ETH-USD,1973.96,505,2026-01-01T01:29:16Z
batch_0004,order_00005357,order_00005811,ETH-USD,1974.18,103,2026-01-01T01:36:50Z
batch_0004,order_00004111,order_00005811,ETH-USD,1974.18,392,2026-01-01T01:36:50Z
batch_0004,order_00005237,order_00005811,ETH-USD,1974.18,396,2026-01-01T01:36:50Z
batch_0004,order_00005237,order_00004364,ETH-USD,1974.22,221,2026-01-01T01:27:16Z
batch_0004,order_00005237,order_00002757,ETH-USD,1974.45,236,2026-01-01T01:27:16Z
batch_0004,order_00002373,order_00002757,ETH-USD,1974.45,697,2026-01-01T00:45:56Z
batch_0004,order_00002373,order_00004737,ETH-USD,1974.5,171,2026-01-01T01:18:56Z
batch_0004,order_00003101,order_00004737,ETH-USD,1974.5,17,2026-01-01T01:18:56Z
batch_0004,order_00003101,order_00003421,ETH-USD,1974.9,410,2026-01-01T00:57:00Z
batch_0004,order_00003773,order_00003421,ETH-USD,1974.9,447,2026-01-01T01:02:52Z
batch_0004,order_00005315,order_00003421,ETH-USD,1974.9,4,2026-01-01T01:28:34Z
batch_0004,order_00005315,order_00004329,ETH-USD,1974.94,77,2026-01-01T01:28:34Z
batch_0004,order_00004254,order_00004329,ETH-USD,1974.94,15,2026-01-01T01:12:08Z
batch_0004,order_00004254,order_00005072,ETH-USD,1974.99,383,2026-01-01T01:24:31Z
batch_0004,order_00002452,order_00005072,ETH-USD,1974.99,476,2026-01-01T01:24:31Z
batch_0004,order_00002452,order_00005736,ETH-USD,1975.02,11,2026-01-01T01:35:35Z
batch_0004,order_00002452,order_00005116,ETH-USD,1975.07,294,2026-01-01T01:25:15Z
batch_0004,order_00004660,order_00005116,ETH-USD,1975.07,43,2026-01-01T01:25:15Z
batch_0004,order_00005707,order_00005116,ETH-USD,1975.07,46,2026-01-01T01:35:06Z
batch_0004,order_00005707,order_00005722,ETH-USD,1975.26,324,2026-01-01T01:35:21Z
batch_0004,order_00004475,order_00005722,ETH-USD,1975.26,175,2026-01-01T01:35:21Z
batch_0004,order_00004475,order_00005910,ETH-USD,1975.31,503,2026-01-01T01:38:29Z
batch_0004,order_00003304,order_00005910,ETH-USD,1975.31,212,2026-01-01T01:38:29Z
batch_0004,order_00003240,order_00005910,ETH-USD,1975.31,131,2026-01-01T01:38:29Z
batch_0004,order_00003240,order_00004381,ETH-USD,1975.36,494,2026-01-01T01:13:00Z
batch_0004,order_00005471,order_00004381,ETH-USD,1975.36,182,2026-01-01T01:31:10Z
batch_0004,order_00006252,order_00004381,ETH-USD,1975.36,229,2026-01-01T01:44:11Z
batch_0004,order_00006252,order_00002336,ETH-USD,1975.41,229,2026-01-01T01:44:11Z
batch_0004,order_00006151,order_00002336,ETH-USD,1975.41,19,2026-01-01T01:42:30Z
batch_0004,order_00005301,order_00002336,ETH-USD,1975.41,387,2026-01-01T01:28:20Z
batch_0004,order_00005301,order_00002680,ETH-USD,1975.58,43,2026-01-01T01:28:20Z
batch_0004,order_00002011,order_00002680,ETH-USD,1975.58,145,2026-01-01T00:44:39Z
batch_0004,order_00002011,order_00004643,ETH-USD,1975.59,101,2026-01-01T01:17:22Z
batch_0004,order_00002011,order_00003127,ETH-USD,1975.65,536,2026-01-01T00:52:06Z
batch_0004,order_00004636,order_00003127,ETH-USD,1975.65,162,2026-01-01T01:17:15Z
batch_0004,order_00004636,order_00003746,ETH-USD,1976.17,488,2026-01-01T01:17:15Z
batch_0004,order_00001876,order_00003746,ETH-USD,1976.17,62,2026-01-01T01:02:25Z
batch_0004,order_00001876,order_00002465,ETH-USD,1976.26,158,2026-01-01T00:41:04Z
batch_0004,order_00001876,order_00004590,ETH-USD,1976.51,537,2026-01-01T01:16:29Z
batch_0004,order_00004181,order_00004590,ETH-USD,1976.51,25,2026-01-01T01:16:29Z
batch_0004,order_00004181,order_00004800,ETH-USD,1977.08,452,2026-01-01T01:19:59Z
batch_0004,order_00004181,order_00005048,ETH-USD,1977.12,7,2026-01-01T01:24:07Z
batch_0004,order_00005342,order_00005048,ETH-USD,1977.12,373,2026-01-01T01:29:01Z
batch_0004,order_00005342,order_00005038,ETH-USD,1977.25,63,2026-01-01T01:29:01Z
batch_0004,order_00005342,order_00002060,ETH-USD,1977.36,521,2026-01-01T01:29:01Z
batch_0004,order_00004205,order_00002060,ETH-USD,1977.36,125,2026-01-01T01:10:04Z
batch_0004,order_00004205,order_00006268,ETH-USD,1977.46,90,2026-01-01T01:44:27Z
batch_0004,order_00005754,order_00006268,ETH-USD,1977.46,656,2026-01-01T01:44:27Z
batch_0004,order_00005101,order_00006268,ETH-USD,1977.46,112,2026-01-01T01:44:27Z
batch_0004,order_00005101,order_00005214,ETH-USD,1977.64,367,2026-01-01T01:26:53Z
batch_0004,order_00005101,order_00002267,ETH-USD,1977.69,447,2026-01-01T01:25:00Z
batch_0004,order_00004191,order_00002267,ETH-USD,1977.69,147,2026-01-01T01:09:50Z
batch_0004,order_00004191,order_00002128,ETH-USD,1978.18,203,2026-01-01T01:09:50Z
batch_0004,order_00005376,order_00002128,ETH-USD,1978.18,142,2026-01-01T01:29:35Z
batch_0004,order_00002222,order_00002128,ETH-USD,1978.18,157,2026-01-01T00:37:01Z
batch_0004,order_00002222,order_00004060,ETH-USD,1978.37,659,2026-01-01T01:07:39Z
batch_0004,order_00004628,order_00004060,ETH-USD,1978.37,75,2026-01-01T01:17:07Z
batch_0004,order_00004628,order_00005097,ETH-USD,1978.43,110,2026-01-01T01:24:56Z
batch_0004,order_00006581,order_00005097,ETH-USD,1978.43,516,2026-01-01T01:49:40Z
batch_0004,order_00006581,order_00005215,ETH-USD,1978.45,227,2026-01-01T01:49:40Z
batch_0004,order_00003652,order_00005215,ETH-USD,1978.45,53,2026-01-01T01:26:54Z
batch_0004,order_00003652,order_00004002,ETH-USD,1978.65,651,2026-01-01T01:06:41Z
batch_0004,order_00003834,order_00004002,ETH-USD,1978.65,198,2026-01-01T01:06:41Z
batch_0004,order_00003834,order_00001709,ETH-USD,1978.66,434,2026-01-01T01:03:53Z
batch_0004,order_00002303,order_00001709,ETH-USD,1978.66,241,2026-01-01T00:38:22Z
batch_0004,order_00002303,order_00004012,ETH-USD,1978.93,162,2026-01-01T01:06:51Z
batch_0004,order_00005181,order_00004012,ETH-USD,1978.93,25,2026-01-01T01:26:20Z
batch_0004,order_00005181,order_00002872,ETH-USD,1978.99,350,2026-01-01T01:26:20Z
batch_0004,order_00005181,order_00002171,ETH-USD,1979.33,236,2026-01-01T01:26:20Z
batch_0004,order_00003399,order_00002171,ETH-USD,1979.33,97,2026-01-01T00:56:38Z
batch_0004,order_00001946,order_00002171,ETH-USD,1979.33,23,2026-01-01T00:36:10Z
batch_0004,order_00001946,order_00006144,ETH-USD,1979.62,277,2026-01-01T01:42:23Z
batch_0004,order_00001946,order_00006313,ETH-USD,1979.62,473,2026-01-01T01:45:12Z
batch_0004,order_00004511,order_00006313,ETH-USD,1979.62,320,2026-01-01T01:45:12Z
batch_0004,order_00003636,order_00006313,ETH-USD,1979.62,101,2026-01-01T01:45:12Z
batch_0004,order_00004139,order_00006313,ETH-USD,1979.62,34,2026-01-01T01:45:12Z
batch_0004,order_00004139,order_00004466,ETH-USD,1979.71,122,2026-01-01T01:14:25Z
batch_0004,order_00004623,order_00004466,ETH-USD,1979.71,107,2026-01-01T01:17:02Z
batch_0004,order_00004623,order_00003288,ETH-USD,1979.9,646,2026-01-01T01:17:02Z
batch_0004,order_00004623,order_00004262,ETH-USD,1979.93,39,2026-01-01T01:17:02Z
batch_0004,order_00001756,order_00004262,ETH-USD,1979.93,362,2026-01-01T01:11:01Z
batch_0004,order_00001756,order_00002255,ETH-USD,1979.97,219,2026-01-01T00:37:34Z
batch_0004,order_00001698,order_00002255,ETH-USD,1979.97,352,2026-01-01T00:37:34Z
batch_0004,order_00003627,order_00002255,ETH-USD,1979.97,209,2026-01-01T01:00:26Z
batch_0004,order_00003627,order_00006351,ETH-USD,1980.09,422,2026-01-01T01:45:50Z
batch_0004,order_00003627,order_00005443,ETH-USD,1980.46,354,2026-01-01T01:30:42Z
batch_0004,order_00006213,order_00005443,ETH-USD,1980.46,203,2026-01-01T01:43:32Z
batch_0004,order_00006213,order_00002065,ETH-USD,1980.6,217,2026-01-01T01:43:32Z
batch_0004,order_00005806,order_00002065,ETH-USD,1980.6,111,2026-01-01T01:36:45Z
batch_0004,order_00005806,order_00003889,ETH-USD,1980.69,348,2026-01-01T01:36:45Z
batch_0004,order_00005806,order_00001619,ETH-USD,1980.76,129,2026-01-01T01:36:45Z
batch_0004,order_00003709,order_00001619,ETH-USD,1980.76,27,2026-01-01T01:01:48Z
batch_0004,order_00003845,order_00001619,ETH-USD,1980.76,225,2026-01-01T01:04:04Z
batch_0004,order_00003845,order_00002117,ETH-USD,1981.24,124,2026-01-01T01:04:04Z
batch_0004,order_00005144,order_00002117,ETH-USD,1981.24,410,2026-01-01T01:25:43Z
batch_0004,order_00003573,order_00002117,ETH-USD,1981.24,4,2026-01-01T00:59:32Z
batch_0004,order_00003220,order_00002117,ETH-USD,1981.24,436,2026-01-01T00:53:39Z
batch_0004,order_00003220,order_00004336,ETH-USD,1981.24,6,2026-01-01T01:12:15Z
batch_0004,order_00003570,order_00004336,ETH-USD,1981.24,256,2026-01-01T01:12:15Z
batch_0004,order_00003570,order_00002227,ETH-USD,1981.26,6,2026-01-01T00:59:29Z
batch_0004,order_00003570,order_00006059,ETH-USD,1981.41,127,2026-01-01T01:40:58Z
batch_0004,order_00003570,order_00004959,ETH-USD,1981.43,160,2026-01-01T01:22:38Z
batch_0004,order_00005221,order_00004959,ETH-USD,1981.43,600,2026-01-01T01:27:00Z
batch_0004,order_00005221,order_00003800,ETH-USD,1981.75,171,2026-01-01T01:27:00Z
batch_0004,order_00004872,order_00003800,ETH-USD,1981.75,454,2026-01-01T01:21:11Z
batch_0004,order_00004872,order_00004564,ETH-USD,1981.77,205,2026-01-01T01:21:11Z
batch_0004,order_00005826,order_00004564,ETH-USD,1981.77,260,2026-01-01T01:37:05Z
batch_0004,order_00002265,order_00004564,ETH-USD,1981.77,136,2026-01-01T01:16:03Z
batch_0004,order_00002265,order_00004220,ETH-USD,1981.87,97,2026-01-01T01:10:19Z
batch_0004,order_00002265,order_00006357,ETH-USD,1982.18,134,2026-01-01T01:45:56Z
batch_0004,order_00002265,order_00003268,ETH-USD,1982.33,237,2026-01-01T00:54:27Z
batch_0004,order_00002265,order_00001685,ETH-USD,1982.41,355,2026-01-01T00:37:44Z
batch_0004,order_00002093,order_00001685,ETH-USD,1982.41,526,2026-01-01T00:34:52Z
batch_0004,order_00002093,order_00002657,ETH-USD,1982.43,202,2026-01-01T00:44:16Z
batch_0004,order_00006327,order_00002657,ETH-USD,1982.43,208,2026-01-01T01:45:26Z
batch_0004,order_00006327,order_00004462,ETH-USD,1982.57,26,2026-01-01T01:45:26Z
batch_0004,order_00005839,order_00004462,ETH-USD,1982.57,748,2026-01-01T01:37:18Z
batch_0004,order_00005839,order_00005289,ETH-USD,1982.82,18,2026-01-01T01:37:18Z
batch_0004,order_00005839,order_00005448,ETH-USD,1983.03,142,2026-01-01T01:37:18Z
batch_0004,order_00006340,order_00005448,ETH-USD,1983.03,3,2026-01-01T01:45:39Z
batch_0004,order_00006340,order_00002082,ETH-USD,1983.27,663,2026-01-01T01:45:39Z
batch_0004,order_00006340,order_00003532,ETH-USD,1983.37,249,2026-01-01T01:45:39Z
batch_0004,order_00003161,order_00003532,ETH-USD,1983.37,334,2026-01-01T00:58:51Z
batch_0004,order_00003161,order_00005009,ETH-USD,1984.14,500,2026-01-01T01:23:28Z
batch_0004,order_00002168,order_00005009,ETH-USD,1984.14,63,2026-01-01T01:23:28Z
batch_0004,order_00005304,order_00005009,ETH-USD,1984.14,16,2026-01-01T01:28:23Z
batch_0004,order_00002270,order_00005009,ETH-USD,1984.14,405,2026-01-01T01:23:28Z
batch_0004,order_00002270,order_00001927,ETH-USD,1984.2,428,2026-01-01T00:37:49Z
batch_0004,order_00002270,order_00005866,ETH-USD,1984.26,48,2026-01-01T01:37:45Z
batch_0004,order_00006355,order_00005866,ETH-USD,1984.26,72,2026-01-01T01:45:54Z
batch_0004,order_00006355,order_00003040,ETH-USD,1984.38,151,2026-01-01T01:45:54Z
batch_0004,order_00006355,order_00005317,ETH-USD,1984.39,578,2026-01-01T01:45:54Z
batch_0004,order_00005831,order_00005317,ETH-USD,1984.39,225,2026-01-01T01:37:10Z
batch_0004,order_00005831,order_00005276,ETH-USD,1984.52,396,2026-01-01T01:37:10Z
batch_0004,order_00005831,order_00006483,ETH-USD,1984.56,87,2026-01-01T01:48:02Z
batch_0004,order_00003428,order_00006483,ETH-USD,1984.56,61,2026-01-01T01:48:02Z
batch_0004,order_00003428,order_00004705,ETH-USD,1984.69,98,2026-01-01T01:18:24Z
batch_0004,order_00003428,order_00003006,ETH-USD,1984.71,211,2026-01-01T00:57:07Z
batch_0004,order_00002074,order_00003006,ETH-USD,1984.71,723,2026-01-01T00:50:05Z
batch_0004,order_00002074,order_00002456,ETH-USD,1984.76,13,2026-01-01T00:40:55Z
batch_0004,order_00006092,order_00002456,ETH-USD,1984.76,392,2026-01-01T01:41:31Z
batch_0004,order_00006487,order_00002456,ETH-USD,1984.76,363,2026-01-01T01:48:06Z
batch_0004,order_00006487,order_00006385,ETH-USD,1984.81,131,2026-01-01T01:48:06Z
batch_0004,order_00006487,order_00001820,ETH-USD,1985.11,232,2026-01-01T01:48:06Z
batch_0004,order_00001730,order_00001820,ETH-USD,1985.11,101,2026-01-01T00:30:19Z
batch_0004,order_00004238,order_00001820,ETH-USD,1985.11,525,2026-01-01T01:10:37Z
batch_0004,order_00004238,order_00003394,ETH-USD,1985.15,201,2026-01-01T01:10:37Z
batch_0004,order_00002904,order_00003394,ETH-USD,1985.15,283,2026-01-01T00:56:33Z
batch_0004,order_00002904,order_00004149,ETH-USD,1985.51,147,2026-01-01T01:09:08Z
batch_0004,order_00005368,order_00004149,ETH-USD,1985.51,223,2026-01-01T01:29:27Z
batch_0004,order_00005368,order_00005346,ETH-USD,1985.53,40,2026-01-01T01:29:27Z
batch_0004,order_00004359,order_00005346,ETH-USD,1985.53,258,2026-01-01T01:29:05Z
batch_0004,order_00003392,order_00005346,ETH-USD,1985.53,298,2026-01-01T01:29:05Z
batch_0004,order_00004847,order_00005346,ETH-USD,1985.53,75,2026-01-01T01:29:05Z
batch_0004,order_00004122,order_00005346,ETH-USD,1985.53,105,2026-01-01T01:29:05Z
batch_0004,order_00001819,order_00005346,ETH-USD,1985.53,89,2026-01-01T01:29:05Z
batch_0004,order_00001819,order_00005666,ETH-USD,1985.76,789,2026-01-01T01:34:25Z
batch_0004,order_00003785,order_00005666,ETH-USD,1985.76,197,2026-01-01T01:34:25Z
batch_0004,order_00003785,order_00006263,ETH-USD,1986.66,652,2026-01-01T01:44:22Z
batch_0004,order_00003785,order_00001629,ETH-USD,1986.75,74,2026-01-01T01:03:04Z
batch_0004,order_00002848,order_00001629,ETH-USD,1986.75,95,2026-01-01T00:47:27Z
batch_0004,order_00004265,order_00001629,ETH-USD,1986.75,173,2026-01-01T01:11:04Z
batch_0004,order_00004265,order_00005366,ETH-USD,1987.31,71,2026-01-01T01:29:25Z
batch_0004,order_00004265,order_00004530,ETH-USD,1987.69,44,2026-01-01T01:15:29Z
batch_0004,order_00004265,order_00004274,ETH-USD,1987.73,141,2026-01-01T01:11:13Z
batch_0004,order_00004265,order_00002354,ETH-USD,1987.81,151,2026-01-01T01:11:04Z
batch_0004,order_00004265,order_00004006,ETH-USD,1987.83,34,2026-01-01T01:11:04Z
batch_0004,order_00005305,order_00004006,ETH-USD,1987.83,569,2026-01-01T01:28:24Z
batch_0004,order_00002237,order_00004006,ETH-USD,1987.83,41,2026-01-01T01:06:45Z
batch_0004,order_00002237,order_00003672,ETH-USD,1987.95,532,2026-01-01T01:01:11Z
batch_0004,order_00004081,order_00003672,ETH-USD,1987.95,76,2026-01-01T01:08:00Z
batch_0004,order_00004081,order_00002897,ETH-USD,1987.99,165,2026-01-01T01:08:00Z
batch_0004,order_00005781,order_00002897,ETH-USD,1987.99,807,2026-01-01T01:36:20Z
batch_0004,order_00005781,order_00003321,ETH-USD,1988.05,54,2026-01-01T01:36:20Z
batch_0004,order_00002324,order_00003321,ETH-USD,1988.05,218,2026-01-01T00:55:20Z
batch_0004,order_00002324,order_00002841,ETH-USD,1988.07,307,2026-01-01T00:47:20Z
batch_0004,order_00002324,order_00001647,ETH-USD,1988.22,172,2026-01-01T00:38:43Z
batch_0004,order_00004840,order_00001647,ETH-USD,1988.22,305,2026-01-01T01:20:39Z
batch_0004,order_00004840,order_00002461,ETH-USD,1988.32,110,2026-01-01T01:20:39Z
batch_0004,order_00005581,order_00002461,ETH-USD,1988.32,34,2026-01-01T01:33:00Z
batch_0004,order_00005581,order_00003434,ETH-USD,1988.32,124,2026-01-01T01:33:00Z
batch_0004,order_00003295,order_00003434,ETH-USD,1988.32,578,2026-01-01T00:57:13Z
batch_0004,order_00003509,order_00003434,ETH-USD,1988.32,248,2026-01-01T00:58:28Z
batch_0004,order_00003509,order_00003365,ETH-USD,1988.56,451,2026-01-01T00:58:28Z
batch_0004,order_00003471,order_00003365,ETH-USD,1988.56,119,2026-01-01T00:57:50Z
batch_0004,order_00002689,order_00003365,ETH-USD,1988.56,21,2026-01-01T00:56:04Z
batch_0004,order_00002689,order_00004711,ETH-USD,1988.91,342,2026-01-01T01:18:30Z
batch_0004,order_00002689,order_00005937,ETH-USD,1988.92,147,2026-01-01T01:38:56Z
batch_0004,order_00005892,order_00005937,ETH-USD,1988.92,651,2026-01-01T01:38:56Z
batch_0004,order_00005892,order_00003265,ETH-USD,1988.93,5,2026-01-01T01:38:11Z
batch_0004,order_00003751,order_00003265,ETH-USD,1988.93,225,2026-01-01T01:02:30Z
batch_0004,order_00005981,order_00003265,ETH-USD,1988.93,392,2026-01-01T01:39:40Z
batch_0004,order_00005981,order_00004431,ETH-USD,1989.06,569,2026-01-01T01:39:40Z
batch_0004,order_00002708,order_00004431,ETH-USD,1989.06,143,2026-01-01T01:13:50Z
batch_0004,order_00002708,order_00002243,ETH-USD,1989.34,399,2026-01-01T00:45:07Z
batch_0004,order_00002676,order_00002243,ETH-USD,1989.34,68,2026-01-01T00:44:35Z
batch_0004,order_00002676,order_00003516,ETH-USD,1989.42,636,2026-01-01T00:58:35Z
batch_0004,order_00002402,order_00003516,ETH-USD,1989.42,164,2026-01-01T00:58:35Z
batch_0004,order_00002402,order_00004805,ETH-USD,1989.66,350,2026-01-01T01:20:04Z
batch_0004,order_00002411,order_00004805,ETH-USD,1989.66,496,2026-01-01T01:20:04Z
batch_0004,order_00002411,order_00005118,ETH-USD,1989.72,174,2026-01-01T01:25:17Z
batch_0004,order_00002885,order_00005118,ETH-USD,1989.72,255,2026-01-01T01:25:17Z
batch_0004,order_00002885,order_00002413,ETH-USD,1989.78,121,2026-01-01T00:48:04Z
batch_0004,order_00002220,order_00002413,ETH-USD,1989.78,94,2026-01-01T00:40:12Z
batch_0004,order_00002220,order_00006561,ETH-USD,1989.83,2,2026-01-01T01:49:20Z
batch_0004,order_00003597,order_00006561,ETH-USD,1989.83,14,2026-01-01T01:49:20Z
batch_0004,order_00003597,order_00006085,ETH-USD,1989.87,572,2026-01-01T01:41:24Z
batch_0004,order_00003597,order_00004218,ETH-USD,1989.95,89,2026-01-01T01:10:17Z
batch_0004,order_00003597,order_00006589,ETH-USD,1990.38,118,2026-01-01T01:49:48Z
batch_0004,order_00003597,order_00002675,ETH-USD,1990.74,157,2026-01-01T00:59:56Z
batch_0004,order_00004958,order_00002675,ETH-USD,1990.74,93,2026-01-01T01:22:37Z
batch_0004,order_00002292,order_00002675,ETH-USD,1990.74,163,2026-01-01T00:44:34Z
batch_0004,order_00002292,order_00005858,ETH-USD,1990.75,542,2026-01-01T01:37:37Z
batch_0004,order_00002292,order_00006520,ETH-USD,1990.78,156,2026-01-01T01:48:39Z
batch_0004,order_00004923,order_00006520,ETH-USD,1990.78,70,2026-01-01T01:48:39Z
batch_0004,order_00004923,order_00003723,ETH-USD,1991.19,276,2026-01-01T01:22:02Z
batch_0004,order_00006216,order_00003723,ETH-USD,1991.19,4,2026-01-01T01:43:35Z
batch_0004,order_00006597,order_00003723,ETH-USD,1991.19,89,2026-01-01T01:49:56Z
batch_0004,order_00006597,order_00006336,ETH-USD,1991.29,148,2026-01-01T01:49:56Z
batch_0004,order_00006597,order_00001844,ETH-USD,1991.4,292,2026-01-01T01:49:56Z
batch_0004,order_00002173,order_00001844,ETH-USD,1991.4,238,2026-01-01T00:36:12Z
batch_0004,order_00004652,order_00001844,ETH-USD,1991.4,42,2026-01-01T01:17:31Z
batch_0004,order_00004242,order_00001844,ETH-USD,1991.4,93,2026-01-01T01:10:41Z
batch_0004,order_00004242,order_00004263,ETH-USD,1991.75,131,2026-01-01T01:11:02Z
batch_0004,order_00004242,order_00002633,ETH-USD,1991.8,187,2026-01-01T01:10:41Z
batch_0004,order_00005173,order_00002633,ETH-USD,1991.8,400,2026-01-01T01:26:12Z
batch_0004,order_00005173,order_00005146,ETH-USD,1991.81,405,2026-01-01T01:26:12Z
batch_0004,order_00005173,order_00005467,ETH-USD,1991.84,148,2026-01-01T01:31:06Z
batch_0004,order_00002646,order_00005467,ETH-USD,1991.84,128,2026-01-01T01:31:06Z
batch_0004,order_00006523,order_00005467,ETH-USD,1991.84,320,2026-01-01T01:48:42Z
batch_0004,order_00006523,order_00004479,ETH-USD,1991.95,147,2026-01-01T01:48:42Z
batch_0004,order_00002279,order_00004479,ETH-USD,1991.95,771,2026-01-01T01:14:38Z
batch_0004,order_00002453,order_00004479,ETH-USD,1991.95,52,2026-01-01T01:14:38Z
batch_0004,order_00002453,order_00005093,ETH-USD,1991.96,56,2026-01-01T01:24:52Z
batch_0004,order_00003209,order_00005093,ETH-USD,1991.96,441,2026-01-01T01:24:52Z
batch_0004,order_00003209,order_00004252,ETH-USD,1992.16,114,2026-01-01T01:10:51Z
batch_0004,order_00002934,order_00004252,ETH-USD,1992.16,455,2026-01-01T01:10:51Z
batch_0004,order_00003577,order_00004252,ETH-USD,1992.16,313,2026-01-01T01:10:51Z
batch_0004,order_00003577,order_00003909,ETH-USD,1992.17,322,2026-01-01T01:05:08Z
batch_0004,order_00003057,order_00003909,ETH-USD,1992.17,190,2026-01-01T01:05:08Z
batch_0004,order_00002264,order_00003909,ETH-USD,1992.17,432,2026-01-01T01:05:08Z
batch_0004,order_00002264,order_00006275,ETH-USD,1992.45,56,2026-01-01T01:44:34Z
batch_0004,order_00005912,order_00006275,ETH-USD,1992.45,54,2026-01-01T01:44:34Z
batch_0004,order_00006547,order_00006275,ETH-USD,1992.45,148,2026-01-01T01:49:06Z
batch_0004,order_00006547,order_00004439,ETH-USD,1992.64,76,2026-01-01T01:49:06Z
batch_0004,order_00002923,order_00004439,ETH-USD,1992.64,315,2026-01-01T01:13:58Z
batch_0004,order_00002285,order_00004439,ETH-USD,1992.64,345,2026-01-01T01:13:58Z
batch_0004,order_00002285,order_00003192,ETH-USD,1992.87,307,2026-01-01T00:53:11Z
batch_0004,order_00002723,order_00003192,ETH-USD,1992.87,259,2026-01-01T00:53:11Z
batch_0004,order_00002723,order_00001657,ETH-USD,1992.95,94,2026-01-01T00:45:22Z
batch_0004,order_00004360,order_00001657,ETH-USD,1992.95,879,2026-01-01T01:12:39Z
batch_0004,order_00003887,order_00001657,ETH-USD,1992.95,25,2026-01-01T01:04:46Z
batch_0004,order_00003887,order_00005900,ETH-USD,1992.99,234,2026-01-01T01:38:19Z
batch_0004,order_00002483,order_00005900,ETH-USD,1992.99,104,2026-01-01T01:38:19Z
batch_0004,order_00002483,order_00004956,ETH-USD,1993.53,273,2026-01-01T01:22:35Z
batch_0004,order_00002483,order_00005919,ETH-USD,1993.58,237,2026-01-01T01:38:38Z
batch_0004,order_00004319,order_00005919,ETH-USD,1993.58,22,2026-01-01T01:38:38Z
batch_0004,order_00003085,order_00005919,ETH-USD,1993.58,9,2026-01-01T01:38:38Z
batch_0004,order_00003895,order_00005919,ETH-USD,1993.58,135,2026-01-01T01:38:38Z
batch_0004,order_00003895,order_00004901,ETH-USD,1993.7,501,2026-01-01T01:21:40Z
batch_0004,order_00006315,order_00004901,ETH-USD,1993.7,113,2026-01-01T01:45:14Z
batch_0004,order_00006315,order_00005185,ETH-USD,1994.2,389,2026-01-01T01:45:14Z
batch_0004,order_00006315,order_00004568,ETH-USD,1994.36,75,2026-01-01T01:45:14Z
batch_0004,order_00001749,order_00004568,ETH-USD,1994.36,586,2026-01-01T01:16:07Z
batch_0004,order_00001749,order_00001861,ETH-USD,1994.46,333,2026-01-01T00:31:00Z
batch_0004,order_00005968,order_00001861,ETH-USD,1994.46,2,2026-01-01T01:39:27Z
batch_0004,order_00005968,order_00003513,ETH-USD,1994.46,12,2026-01-01T01:39:27Z
batch_0004,order_00005968,order_00002547,ETH-USD,1994.59,203,2026-01-01T01:39:27Z
batch_0004,order_00005968,order_00005499,ETH-USD,1994.74,174,2026-01-01T01:39:27Z
batch_0004,order_00006507,order_00005499,ETH-USD,1994.74,256,2026-01-01T01:48:26Z
batch_0004,order_00006507,order_00002704,ETH-USD,1995.31,532,2026-01-01T01:48:26Z
batch_0004,order_00002391,order_00002704,ETH-USD,1995.31,337,2026-01-01T00:45:03Z
batch_0004,order_00002391,order_00001999,ETH-USD,1995.34,642,2026-01-01T00:39:50Z
batch_0004,order_00003002,order_00001999,ETH-USD,1995.34,186,2026-01-01T00:50:01Z
batch_0004,order_00003002,order_00002639,ETH-USD,1995.43,543,2026-01-01T00:50:01Z
batch_0004,order_00003002,order_00002386,ETH-USD,1995.6,93,2026-01-01T00:50:01Z
batch_0004,order_00005382,order_00002386,ETH-USD,1995.6,44,2026-01-01T01:29:41Z
batch_0004,order_00003311,order_00002386,ETH-USD,1995.6,443,2026-01-01T00:55:10Z
batch_0004,order_00001908,order_00002386,ETH-USD,1995.6,284,2026-01-01T00:39:45Z
batch_0004,order_00005400,order_00002386,ETH-USD,1995.6,44,2026-01-01T01:29:59Z
batch_0004,order_00005400,order_00004197,ETH-USD,1995.67,343,2026-01-01T01:29:59Z
batch_0004,order_00005400,order_00005236,ETH-USD,1995.71,171,2026-01-01T01:29:59Z
batch_0004,order_00005400,order_00006045,ETH-USD,1996.17,139,2026-01-01T01:40:44Z
batch_0004,order_00005400,order_00004082,ETH-USD,1996.2,158,2026-01-01T01:29:59Z
batch_0004,order_00006148,order_00004082,ETH-USD,1996.2,269,2026-01-01T01:42:27Z
batch_0004,order_00006148,order_00004938,ETH-USD,1996.25,476,2026-01-01T01:42:27Z
batch_0004,order_00004318,order_00004938,ETH-USD,1996.25,258,2026-01-01T01:22:17Z
batch_0005,order_00007952,order_00011674,ETH-USD,1800.21,354,2026-01-01T03:14:33Z
batch_0005,order_00007952,order_00007558,ETH-USD,1800.27,522,2026-01-01T02:12:31Z
batch_0005,order_00013145,order_00007558,ETH-USD,1800.27,102,2026-01-01T03:39:04Z
batch_0005,order_00013145,order_00010466,ETH-USD,1800.34,692,2026-01-01T03:39:04Z
batch_0005,order_00014492,order_00010466,ETH-USD,1800.34,183,2026-01-01T04:01:31Z
batch_0005,order_00014492,order_00007690,ETH-USD,1800.39,173,2026-01-01T04:01:31Z
batch_0005,order_00007903,order_00007690,ETH-USD,1800.39,327,2026-01-01T02:11:42Z
batch_0005,order_00007903,order_00008602,ETH-USD,1800.55,396,2026-01-01T02:23:21Z
batch_0005,order_00011899,order_00008602,ETH-USD,1800.55,29,2026-01-01T03:18:18Z
batch_0005,order_00011899,order_00014725,ETH-USD,1800.6,549,2026-01-01T04:05:24Z
batch_0005,order_00012975,order_00014725,ETH-USD,1800.6,266,2026-01-01T04:05:24Z
batch_0005,order_00012975,order_00011571,ETH-USD,1800.63,9,2026-01-01T03:36:14Z
batch_0005,order_00012975,order_00009666,ETH-USD,1801.01,90,2026-01-01T03:36:14Z
batch_0005,order_00012975,order_00008158,ETH-USD,1801.07,523,2026-01-01T03:36:14Z
batch_0005,order_00016056,order_00008158,ETH-USD,1801.07,221,2026-01-01T04:27:35Z
batch_0005,order_00016056,order_00012432,ETH-USD,1801.07,211,2026-01-01T04:27:35Z
batch_0005,order_00015627,order_00012432,ETH-USD,1801.07,246,2026-01-01T04:20:26Z
batch_0005,order_00010231,order_00012432,ETH-USD,1801.07,346,2026-01-01T03:27:11Z
batch_0005,order_00010231,order_00014657,ETH-USD,1801.09,654,2026-01-01T04:04:16Z
batch_0005,order_00009655,order_00014657,ETH-USD,1801.09,238,2026-01-01T04:04:16Z
batch_0005,order_00009655,order_00012095,ETH-USD,1801.25,26,2026-01-01T03:21:34Z
batch_0005,order_00015151,order_00012095,ETH-USD,1801.25,454,2026-01-01T04:12:30Z
batch_0005,order_00016431,order_00012095,ETH-USD,1801.25,74,2026-01-01T04:33:50Z
batch_0005,order_00016431,order_00011030,ETH-USD,1801.32,399,2026-01-01T04:33:50Z
batch_0005,order_00014520,order_00011030,ETH-USD,1801.32,155,2026-01-01T04:01:59Z
batch_0005,order_00014520,order_00013114,ETH-USD,1801.35,254,2026-01-01T04:01:59Z
batch_0005,order_00012044,order_00013114,ETH-USD,1801.35,487,2026-01-01T03:38:33Z
batch_0005,order_00012044,order_00006879,ETH-USD,1801.48,59,2026-01-01T03:20:43Z
batch_0005,order_00013852,order_00006879,ETH-USD,1801.48,710,2026-01-01T03:50:51Z
batch_0005,order_00016237,order_00006879,ETH-USD,1801.48,226,2026-01-01T04:30:36Z
batch_0005,order_00016237,order_00010606,ETH-USD,1801.54,47,2026-01-01T04:30:36Z
batch_0005,order_00016237,order_00011057,ETH-USD,1801.59,324,2026-01-01T04:30:36Z
batch_0005,order_00014355,order_00011057,ETH-USD,1801.59,323,2026-01-01T03:59:14Z
batch_0005,order_00014012,order_00011057,ETH-USD,1801.59,285,2026-01-01T03:53:31Z
batch_0005,order_00014012,order_00007152,ETH-USD,1801.63,39,2026-01-01T03:53:31Z
batch_0005,order_00015972,order_00007152,ETH-USD,1801.63,279,2026-01-01T04:26:11Z
batch_0005,order_00007192,order_00007152,ETH-USD,1801.63,160,2026-01-01T01:59:51Z
batch_0005,order_00010410,order_00007152,ETH-USD,1801.63,314,2026-01-01T02:53:29Z
batch_0005,order_00010410,order_00010780,ETH-USD,1801.68,297,2026-01-01T02:59:39Z
batch_0005,order_00007015,order_00010780,ETH-USD,1801.68,168,2026-01-01T02:59:39Z
batch_0005,order_00016568,order_00010780,ETH-USD,1801.68,104,2026-01-01T04:36:07Z
batch_0005,order_00016568,order_00015217,ETH-USD,1801.7,220,2026-01-01T04:36:07Z
batch_0005,order_00016568,order_00011140,ETH-USD,1801.77,378,2026-01-01T04:36:07Z
batch_0005,order_00011762,order_00011140,ETH-USD,1801.77,381,2026-01-01T03:16:01Z
batch_0005,order_00012481,order_00011140,ETH-USD,1801.77,140,2026-01-01T03:28:00Z
batch_0005,order_00012481,order_00009686,ETH-USD,1801.84,424,2026-01-01T03:28:00Z
batch_0005,order_00012481,order_00007622,ETH-USD,1801.91,431,2026-01-01T03:28:00Z
batch_0005,order_00010233,order_00007622,ETH-USD,1801.91,272,2026-01-01T02:50:32Z
batch_0005,order_00010233,order_00011358,ETH-USD,1801.91,3,2026-01-01T03:09:17Z
batch_0005,order_00010233,order_00010661,ETH-USD,1801.95,607,2026-01-01T02:57:40Z
batch_0005,order_00016369,order_00010661,ETH-USD,1801.95,233,2026-01-01T04:32:48Z
batch_0005,order_00016369,order_00012316,ETH-USD,1802.28,766,2026-01-01T04:32:48Z
batch_0005,order_00014805,order_00012316,ETH-USD,1802.28,130,2026-01-01T04:06:44Z
batch_0005,order_00014805,order_00007694,ETH-USD,1802.35,182,2026-01-01T04:06:44Z
batch_0005,order_00014805,order_00009075,ETH-USD,1802.52,53,2026-01-01T04:06:44Z
batch_0005,order_00016166,order_00009075,ETH-USD,1802.52,101,2026-01-01T04:29:25Z
batch_0005,order_00016166,order_00009621,ETH-USD,1802.55,262,2026-01-01T04:29:25Z
batch_0005,order_00016166,order_00012312,ETH-USD,1802.72,108,2026-01-01T04:29:25Z
batch_0005,order_00016121,order_00012312,ETH-USD,1802.72,131,2026-01-01T04:28:40Z
batch_0005,order_00016121,order_00009359,ETH-USD,1802.76,55,2026-01-01T04:28:40Z
batch_0005,order_00016121,order_00013479,ETH-USD,1802.77,14,2026-01-01T04:28:40Z
batch_0005,order_00016121,order_00008801,ETH-USD,1802.8,520,2026-01-01T04:28:40Z
batch_0005,order_00016121,order_00006972,ETH-USD,1802.82,56,2026-01-01T04:28:40Z
batch_0005,order_00012736,order_00006972,ETH-USD,1802.82,445,2026-01-01T03:32:15Z
batch_0005,order_00012736,order_00009583,ETH-USD,1802.85,163,2026-01-01T03:32:15Z
batch_0005,order_00012736,order_00009952,ETH-USD,1803.09,116,2026-01-01T03:32:15Z
batch_0005,order_00012736,order_00008819,ETH-USD,1803.1,63,2026-01-01T03:32:15Z
batch_0005,order_00012736,order_00014194,ETH-USD,1803.29,45,2026-01-01T03:56:33Z
batch_0005,order_00012247,order_00014194,ETH-USD,1803.29,431,2026-01-01T03:56:33Z
batch_0005,order_00008278,order_00014194,ETH-USD,1803.29,521,2026-01-01T03:56:33Z
batch_0005,order_00008278,order_00007869,ETH-USD,1803.3,271,2026-01-01T02:17:57Z
batch_0005,order_00011485,order_00007869,ETH-USD,1803.3,152,2026-01-01T03:11:24Z
batch_0005,order_00012519,order_00007869,ETH-USD,1803.3,295,2026-01-01T03:28:38Z
batch_0005,order_00016244,order_00007869,ETH-USD,1803.3,169,2026-01-01T04:30:43Z
batch_0005,order_00016244,order_00011452,ETH-USD,1803.31,256,2026-01-01T04:30:43Z
batch_0005,order_00016244,order_00009006,ETH-USD,1803.33,521,2026-01-01T04:30:43Z
batch_0005,order_00014631,order_00009006,ETH-USD,1803.33,24,2026-01-01T04:03:50Z
batch_0005,order_00014631,order_00010510,ETH-USD,1803.37,129,2026-01-01T04:03:50Z
batch_0005,order_00014631,order_00013833,ETH-USD,1803.43,190,2026-01-01T04:03:50Z
batch_0005,order_00009244,order_00013833,ETH-USD,1803.43,237,2026-01-01T03:50:32Z
batch_0005,order_00007576,order_00013833,ETH-USD,1803.43,12,2026-01-01T03:50:32Z
batch_0005,order_00007576,order_00009009,ETH-USD,1803.46,138,2026-01-01T02:30:08Z
batch_0005,order_00007576,order_00012694,ETH-USD,1803.82,325,2026-01-01T03:31:33Z
batch_0005,order_00016323,order_00012694,ETH-USD,1803.82,383,2026-01-01T04:32:02Z
batch_0005,order_00009576,order_00012694,ETH-USD,1803.82,108,2026-01-01T03:31:33Z
batch_0005,order_00009576,order_00012147,ETH-USD,1803.85,288,2026-01-01T03:22:26Z
batch_0005,order_00009576,order_00013870,ETH-USD,1803.85,380,2026-01-01T03:51:09Z
batch_0005,order_00013490,order_00013870,ETH-USD,1803.85,35,2026-01-01T03:51:09Z
batch_0005,order_00013490,order_00008598,ETH-USD,1803.88,320,2026-01-01T03:44:49Z
batch_0005,order_00013490,order_00009763,ETH-USD,1803.96,238,2026-01-01T03:44:49Z
batch_0005,order_00011362,order_00009763,ETH-USD,1803.96,392,2026-01-01T03:09:21Z
batch_0005,order_00011362,order_00013647,ETH-USD,1804.02,296,2026-01-01T03:47:26Z
batch_0005,order_00011362,order_00015339,ETH-USD,1804.21,100,2026-01-01T04:15:38Z
batch_0005,order_00013628,order_00015339,ETH-USD,1804.21,270,2026-01-01T04:15:38Z
batch_0005,order_00013628,order_00013130,ETH-USD,1804.3,470,2026-01-01T03:47:07Z
batch_0005,order_00006816,order_00013130,ETH-USD,1804.3,526,2026-01-01T03:38:49Z
batch_0005,order_00006816,order_00014907,ETH-USD,1804.35,180,2026-01-01T04:08:26Z
batch_0005,order_00014613,order_00014907,ETH-USD,1804.35,133,2026-01-01T04:08:26Z
batch_0005,order_00011591,order_00014907,ETH-USD,1804.35,255,2026-01-01T04:08:26Z
batch_0005,order_00011591,order_00006755,ETH-USD,1804.38,124,2026-01-01T03:13:10Z
batch_0005,order_00011591,order_00011725,ETH-USD,1804.45,298,2026-01-01T03:15:24Z
batch_0005,order_00007102,order_00011725,ETH-USD,1804.45,33,2026-01-01T03:15:24Z
batch_0005,order_00009031,order_00011725,ETH-USD,1804.45,669,2026-01-01T03:15:24Z
batch_0005,order_00009031,order_00013975,ETH-USD,1804.47,11,2026-01-01T03:52:54Z
batch_0005,order_00006682,order_00013975,ETH-USD,1804.47,509,2026-01-01T03:52:54Z
batch_0005,order_00015202,order_00013975,ETH-USD,1804.47,470,2026-01-01T04:13:21Z
batch_0005,order_00015202,order_00007554,ETH-USD,1804.48,48,2026-01-01T04:13:21Z
batch_0005,order_00007747,order_00007554,ETH-USD,1804.48,407,2026-01-01T02:09:06Z
batch_0005,order_00014078,order_00007554,ETH-USD,1804.48,73,2026-01-01T03:54:37Z
batch_0005,order_00014078,order_00012982,ETH-USD,1804.48,145,2026-01-01T03:54:37Z
batch_0005,order_00014078,order_00016303,ETH-USD,1804.49,366,2026-01-01T04:31:42Z
batch_0005,order_00015744,order_00016303,ETH-USD,1804.49,2,2026-01-01T04:31:42Z
batch_0005,order_00013030,order_00016303,ETH-USD,1804.49,227,2026-01-01T04:31:42Z
batch_0005,order_00013030,order_00008737,ETH-USD,1804.74,467,2026-01-01T03:37:09Z
batch_0005,order_00013030,order_00014663,ETH-USD,1804.98,266,2026-01-01T04:04:22Z
batch_0005,order_00013259,order_00014663,ETH-USD,1804.98,187,2026-01-01T04:04:22Z
batch_0005,order_00013259,order_00015537,ETH-USD,1804.98,383,2026-01-01T04:18:56Z
batch_0005,order_00013259,order_00006707,ETH-USD,1805.04,141,2026-01-01T03:40:58Z
batch_0005,order_00007004,order_00006707,ETH-USD,1805.04,680,2026-01-01T01:56:43Z
batch_0005,order_00007004,order_00007716,ETH-USD,1805.05,100,2026-01-01T02:08:35Z
batch_0005,order_00008810,order_00007716,ETH-USD,1805.05,460,2026-01-01T02:26:49Z
batch_0005,order_00012117,order_00007716,ETH-USD,1805.05,55,2026-01-01T03:21:56Z
batch_0005,order_00012117,order_00011029,ETH-USD,1805.15,52,2026-01-01T03:21:56Z
batch_0005,order_00009921,order_00011029,ETH-USD,1805.15,103,2026-01-01T03:03:48Z
batch_0005,order_00009921,order_00015364,ETH-USD,1805.23,167,2026-01-01T04:16:03Z
batch_0005,order_00009240,order_00015364,ETH-USD,1805.23,92,2026-01-01T04:16:03Z
batch_0005,order_00012301,order_00015364,ETH-USD,1805.23,58,2026-01-01T04:16:03Z
batch_0005,order_00013009,order_00015364,ETH-USD,1805.23,498,2026-01-01T04:16:03Z
batch_0005,order_00013009,order_00007244,ETH-USD,1805.27,185,2026-01-01T03:36:48Z
batch_0005,order_00014060,order_00007244,ETH-USD,1805.27,106,2026-01-01T03:54:19Z
batch_0005,order_00014060,order_00009510,ETH-USD,1805.33,467,2026-01-01T03:54:19Z
batch_0005,order_00012821,order_00009510,ETH-USD,1805.33,321,2026-01-01T03:33:40Z
batch_0005,order_00012821,order_00008862,ETH-USD,1805.46,130,2026-01-01T03:33:40Z
batch_0005,order_00014917,order_00008862,ETH-USD,1805.46,160,2026-01-01T04:08:36Z
batch_0005,order_00014917,order_00008931,ETH-USD,1805.64,104,2026-01-01T04:08:36Z
batch_0005,order_00007446,order_00008931,ETH-USD,1805.64,164,2026-01-01T02:28:50Z
batch_0005,order_00007446,order_00016420,ETH-USD,1805.64,82,2026-01-01T04:33:39Z
batch_0005,order_00011676,order_00016420,ETH-USD,1805.64,105,2026-01-01T04:33:39Z
batch_0005,order_00011676,order_00013474,ETH-USD,1805.7,191,2026-01-01T03:44:33Z
batch_0005,order_00011089,order_00013474,ETH-USD,1805.7,230,2026-01-01T03:44:33Z
batch_0005,order_00012400,order_00013474,ETH-USD,1805.7,117,2026-01-01T03:44:33Z
batch_0005,order_00012400,order_00013848,ETH-USD,1805.74,625,2026-01-01T03:50:47Z
batch_0005,order_00012400,order_00016586,ETH-USD,1805.82,135,2026-01-01T04:36:25Z
batch_0005,order_00011069,order_00016586,ETH-USD,1805.82,407,2026-01-01T04:36:25Z
batch_0005,order_00011069,order_00009808,ETH-USD,1805.96,347,2026-01-01T03:04:28Z
batch_0005,order_00011069,order_00009595,ETH-USD,1806.09,75,2026-01-01T03:04:28Z
batch_0005,order_00009097,order_00009595,ETH-USD,1806.09,50,2026-01-01T02:39:54Z
batch_0005,order_00009097,order_00012101,ETH-USD,1806.21,16,2026-01-01T03:21:40Z
batch_0005,order_00009097,order_00008669,ETH-USD,1806.23,459,2026-01-01T02:31:36Z
batch_0005,order_00009097,order_00010790,ETH-USD,1806.36,281,2026-01-01T02:59:49Z
batch_0005,order_00016205,order_00010790,ETH-USD,1806.36,362,2026-01-01T04:30:04Z
batch_0005,order_00016205,order_00015808,ETH-USD,1806.36,464,2026-01-01T04:30:04Z
batch_0005,order_00007876,order_00015808,ETH-USD,1806.36,282,2026-01-01T04:23:27Z
batch_0005,order_00008471,order_00015808,ETH-USD,1806.36,107,2026-01-01T04:23:27Z
batch_0005,order_00008471,order_00008048,ETH-USD,1806.37,79,2026-01-01T02:21:10Z
batch_0005,order_00012490,order_00008048,ETH-USD,1806.37,331,2026-01-01T03:28:09Z
batch_0005,order_00012490,order_00006780,ETH-USD,1806.41,416,2026-01-01T03:28:09Z
batch_0005,order_00012490,order_00009523,ETH-USD,1806.43,210,2026-01-01T03:28:09Z
batch_0005,order_00011032,order_00009523,ETH-USD,1806.43,464,2026-01-01T03:03:51Z
batch_0005,order_00011032,order_00011456,ETH-USD,1806.43,219,2026-01-01T03:10:55Z
batch_0005,order_00015952,order_00011456,ETH-USD,1806.43,56,2026-01-01T04:25:51Z
batch_0005,order_00015952,order_00012474,ETH-USD,1806.46,508,2026-01-01T04:25:51Z
batch_0005,order_00015952,order_00013764,ETH-USD,1806.51,174,2026-01-01T04:25:51Z
batch_0005,order_00014764,order_00013764,ETH-USD,1806.51,39,2026-01-01T04:06:03Z
batch_0005,order_00014764,order_00009371,ETH-USD,1806.63,554,2026-01-01T04:06:03Z
batch_0005,order_00014764,order_00009069,ETH-USD,1806.71,22,2026-01-01T04:06:03Z
batch_0005,order_00010175,order_00009069,ETH-USD,1806.71,481,2026-01-01T02:49:34Z
batch_0005,order_00012439,order_00009069,ETH-USD,1806.71,214,2026-01-01T03:27:18Z
batch_0005,order_00015257,order_00009069,ETH-USD,1806.71,70,2026-01-01T04:14:16Z
batch_0005,order_00008798,order_00009069,ETH-USD,1806.71,85,2026-01-01T02:31:08Z
batch_0005,order_00008896,order_00009069,ETH-USD,1806.71,68,2026-01-01T02:31:08Z
batch_0005,order_00008896,order_00006964,ETH-USD,1806.76,609,2026-01-01T02:28:15Z
batch_0005,order_00008100,order_00006964,ETH-USD,1806.76,374,2026-01-01T02:14:59Z
batch_0005,order_00008100,order_00013633,ETH-USD,1806.8,535,2026-01-01T03:47:12Z
batch_0005,order_00008060,order_00013633,ETH-USD,1806.8,93,2026-01-01T03:47:12Z
batch_0005,order_00008060,order_00014676,ETH-USD,1806.82,606,2026-01-01T04:04:35Z
batch_0005,order_00008060,order_00011929,ETH-USD,1806.83,15,2026-01-01T03:18:48Z
batch_0005,order_00006937,order_00011929,ETH-USD,1806.83,649,2026-01-01T03:18:48Z
batch_0005,order_00006937,order_00010879,ETH-USD,1806.84,221,2026-01-01T03:01:18Z
batch_0005,order_00014080,order_00010879,ETH-USD,1806.84,182,2026-01-01T03:54:39Z
batch_0005,order_00014080,order_00016222,ETH-USD,1806.92,585,2026-01-01T04:30:21Z
batch_0005,order_00014080,order_00016092,ETH-USD,1806.96,149,2026-01-01T04:28:11Z
batch_0005,order_00008004,order_00016092,ETH-USD,1806.96,575,2026-01-01T04:28:11Z
batch_0005,order_00008004,order_00011907,ETH-USD,1807.16,47,2026-01-01T03:18:26Z
batch_0005,order_00006940,order_00011907,ETH-USD,1807.16,95,2026-01-01T03:18:26Z
batch_0005,order_00016254,order_00011907,ETH-USD,1807.16,319,2026-01-01T04:30:53Z
batch_0005,order_00013998,order_00011907,ETH-USD,1807.16,132,2026-01-01T03:53:17Z
batch_0005,order_00013998,order_00016123,ETH-USD,1807.19,6,2026-01-01T04:28:42Z
batch_0005,order_00013998,order_00015558,ETH-USD,1807.28,81,2026-01-01T04:19:17Z
batch_0005,order_00013998,order_00012297,ETH-USD,1807.3,145,2026-01-01T03:53:17Z
batch_0005,order_00013998,order_00012219,ETH-USD,1807.31,292,2026-01-01T03:53:17Z
batch_0005,order_00013533,order_00012219,ETH-USD,1807.31,476,2026-01-01T03:45:32Z
batch_0005,order_00013533,order_00008758,ETH-USD,1807.33,20,2026-01-01T03:45:32Z
batch_0005,order_00013533,order_00008090,ETH-USD,1807.39,166,2026-01-01T03:45:32Z
batch_0005,order_00012150,order_00008090,ETH-USD,1807.39,349,2026-01-01T03:22:29Z
batch_0005,order_00012150,order_00008153,ETH-USD,1807.5,493,2026-01-01T03:22:29Z
batch_0005,order_00012150,order_00013225,ETH-USD,1807.51,105,2026-01-01T03:40:24Z
batch_0005,order_00008921,order_00013225,ETH-USD,1807.51,82,2026-01-01T03:40:24Z
batch_0005,order_00010800,order_00013225,ETH-USD,1807.51,656,2026-01-01T03:40:24Z
batch_0005,order_00010800,order_00006916,ETH-USD,1807.54,341,2026-01-01T02:59:59Z
batch_0005,order_00010659,order_00006916,ETH-USD,1807.54,353,2026-01-01T02:57:38Z
batch_0005,order_00010659,order_00007909,ETH-USD,1807.58,89,2026-01-01T02:57:38Z
batch_0005,order_00007237,order_00007909,ETH-USD,1807.58,138,2026-01-01T02:11:48Z
batch_0005,order_00007237,order_00009933,ETH-USD,1807.58,485,2026-01-01T02:45:32Z
batch_0005,order_00007237,order_00015589,ETH-USD,1807.66,31,2026-01-01T04:19:48Z
batch_0005,order_00015982,order_00015589,ETH-USD,1807.66,151,2026-01-01T04:26:21Z
batch_0005,order_00015982,order_00008926,ETH-USD,1807.78,825,2026-01-01T04:26:21Z
batch_0005,order_00014527,order_00008926,ETH-USD,1807.78,17,2026-01-01T04:02:06Z
batch_0005,order_00014527,order_00008952,ETH-USD,1807.89,570,2026-01-01T04:02:06Z
batch_0005,order_00014527,order_00011380,ETH-USD,1808.01,20,2026-01-01T04:02:06Z
batch_0005,order_00016470,order_00011380,ETH-USD,1808.01,353,2026-01-01T04:34:29Z
batch_0005,order_00011593,order_00011380,ETH-USD,1808.01,345,2026-01-01T03:13:12Z
batch_0005,order_00011593,order_00011331,ETH-USD,1808.07,380,2026-01-01T03:13:12Z
batch_0005,order_00007156,order_00011331,ETH-USD,1808.07,135,2026-01-01T03:08:50Z
batch_0005,order_00006652,order_00011331,ETH-USD,1808.07,249,2026-01-01T03:08:50Z
batch_0005,order_00006652,order_00013374,ETH-USD,1808.28,420,2026-01-01T03:42:53Z
batch_0005,order_00012721,order_00013374,ETH-USD,1808.28,95,2026-01-01T03:42:53Z
batch_0005,order_00012721,order_00015986,ETH-USD,1808.29,479,2026-01-01T04:26:25Z
batch_0005,order_00012721,order_00007511,ETH-USD,1808.32,16,2026-01-01T03:32:00Z
batch_0005,order_00016240,order_00007511,ETH-USD,1808.32,129,2026-01-01T04:30:39Z
batch_0005,order_00016240,order_00007864,ETH-USD,1808.33,172,2026-01-01T04:30:39Z
batch_0005,order_00011753,order_00007864,ETH-USD,1808.33,180,2026-01-01T03:15:52Z
batch_0005,order_00011753,order_00012703,ETH-USD,1808.4,116,2026-01-01T03:31:42Z
batch_0005,order_00015220,order_00012703,ETH-USD,1808.4,355,2026-01-01T04:13:39Z
batch_0005,order_00013736,order_00012703,ETH-USD,1808.4,159,2026-01-01T03:48:55Z
batch_0005,order_00013736,order_00006715,ETH-USD,1808.42,45,2026-01-01T03:48:55Z
batch_0005,order_00006674,order_00006715,ETH-USD,1808.42,342,2026-01-01T01:51:54Z
batch_0005,order_00010674,order_00006715,ETH-USD,1808.42,375,2026-01-01T02:57:53Z
batch_0005,order_00010674,order_00007488,ETH-USD,1808.5,470,2026-01-01T02:57:53Z
batch_0005,order_00010674,order_00011886,ETH-USD,1808.6,54,2026-01-01T03:18:05Z
batch_0005,order_00015404,order_00011886,ETH-USD,1808.6,33,2026-01-01T04:16:43Z
batch_0005,order_00015404,order_00007751,ETH-USD,1808.74,435,2026-01-01T04:16:43Z
batch_0005,order_00016332,order_00007751,ETH-USD,1808.74,320,2026-01-01T04:32:11Z
batch_0005,order_00009674,order_00007751,ETH-USD,1808.74,186,2026-01-01T02:41:13Z
batch_0005,order_00013825,order_00007751,ETH-USD,1808.74,9,2026-01-01T03:50:24Z
batch_0005,order_00013825,order_00009147,ETH-USD,1808.82,105,2026-01-01T03:50:24Z
batch_0005,order_00007093,order_00009147,ETH-USD,1808.82,344,2026-01-01T02:32:26Z
batch_0005,order_00011682,order_00009147,ETH-USD,1808.82,242,2026-01-01T03:14:41Z
batch_0005,order_00016417,order_00009147,ETH-USD,1808.82,114,2026-01-01T04:33:36Z
batch_0005,order_00016417,order_00016094,ETH-USD,1808.94,244,2026-01-01T04:33:36Z
batch_0005,order_00016417,order_00008752,ETH-USD,1809.0,239,2026-01-01T04:33:36Z
batch_0005,order_00012324,order_00008752,ETH-USD,1809.0,88,2026-01-01T03:25:23Z
batch_0005,order_00013563,order_00008752,ETH-USD,1809.0,539,2026-01-01T03:46:02Z
batch_0005,order_00013563,order_00014953,ETH-USD,1809.07,103,2026-01-01T04:09:12Z
batch_0005,order_00008209,order_00014953,ETH-USD,1809.07,271,2026-01-01T04:09:12Z
batch_0005,order_00008209,order_00011478,ETH-USD,1809.08,47,2026-01-01T03:11:17Z
batch_0005,order_00007611,order_00011478,ETH-USD,1809.08,170,2026-01-01T03:11:17Z
batch_0005,order_00007611,order_00007406,ETH-USD,1809.18,391,2026-01-01T02:06:50Z
batch_0005,order_00007611,order_00014482,ETH-USD,1809.25,290,2026-01-01T04:01:21Z
batch_0005,order_00007611,order_00011390,ETH-USD,1809.41,42,2026-01-01T03:09:49Z
batch_0005,order_00007182,order_00011390,ETH-USD,1809.41,11,2026-01-01T03:09:49Z
batch_0005,order_00013166,order_00011390,ETH-USD,1809.41,540,2026-01-01T03:39:25Z
batch_0005,order_00012086,order_00011390,ETH-USD,1809.41,346,2026-01-01T03:21:25Z
batch_0005,order_00012086,order_00012131,ETH-USD,1809.63,194,2026-01-01T03:22:10Z
batch_0005,order_00007822,order_00012131,ETH-USD,1809.63,301,2026-01-01T03:22:10Z
batch_0005,order_00008876,order_00012131,ETH-USD,1809.63,126,2026-01-01T03:22:10Z
batch_0005,order_00008876,order_00007391,ETH-USD,1809.69,303,2026-01-01T02:27:55Z
batch_0005,order_00013054,order_00007391,ETH-USD,1809.69,167,2026-01-01T03:37:33Z
batch_0005,order_00013054,order_00010576,ETH-USD,1809.78,477,2026-01-01T03:37:33Z
batch_0005,order_00013054,order_00012816,ETH-USD,1809.78,64,2026-01-01T03:37:33Z
batch_0005,order_00009175,order_00012816,ETH-USD,1809.78,308,2026-01-01T03:33:35Z
batch_0005,order_00006914,order_00012816,ETH-USD,1809.78,394,2026-01-01T03:33:35Z
batch_0005,order_00006914,order_00013982,ETH-USD,1809.86,128,2026-01-01T03:53:01Z
batch_0005,order_00015691,order_00013982,ETH-USD,1809.86,103,2026-01-01T04:21:30Z
batch_0005,order_00015691,order_00012951,ETH-USD,1809.92,590,2026-01-01T04:21:30Z
batch_0005,order_00011507,order_00012951,ETH-USD,1809.92,35,2026-01-01T03:35:50Z
batch_0005,order_00011507,order_00015770,ETH-USD,1810.24,157,2026-01-01T04:22:49Z
batch_0005,order_00011507,order_00013226,ETH-USD,1810.35,330,2026-01-01T03:40:25Z
batch_0005,order_00011507,order_00010190,ETH-USD,1810.36,102,2026-01-01T03:11:46Z
batch_0005,order_00011507,order_00015757,ETH-USD,1810.53,71,2026-01-01T04:22:36Z
batch_0005,order_00011013,order_00015757,ETH-USD,1810.53,149,2026-01-01T04:22:36Z
batch_0005,order_00011013,order_00009201,ETH-USD,1810.57,60,2026-01-01T03:03:32Z
batch_0005,order_00007830,order_00009201,ETH-USD,1810.57,741,2026-01-01T02:33:20Z
batch_0005,order_00007830,order_00008291,ETH-USD,1810.73,39,2026-01-01T02:18:10Z
batch_0005,order_00009771,order_00008291,ETH-USD,1810.73,191,2026-01-01T02:42:50Z
batch_0005,order_00016181,order_00008291,ETH-USD,1810.73,487,2026-01-01T04:29:40Z
batch_0005,order_00016181,order_00010461,ETH-USD,1810.75,5,2026-01-01T04:29:40Z
batch_0005,order_00016181,order_00009151,ETH-USD,1810.76,68,2026-01-01T04:29:40Z
batch_0005,order_00015083,order_00009151,ETH-USD,1810.76,657,2026-01-01T04:11:22Z
batch_0005,order_00015083,order_00016378,ETH-USD,1810.83,74,2026-01-01T04:32:57Z
batch_0005,order_00010799,order_00016378,ETH-USD,1810.83,507,2026-01-01T04:32:57Z
batch_0005,order_00010799,order_00011723,ETH-USD,1810.89,301,2026-01-01T03:15:22Z
batch_0005,order_00008716,order_00011723,ETH-USD,1810.89,121,2026-01-01T03:15:22Z
batch_0005,order_00008716,order_00014269,ETH-USD,1810.99,418,2026-01-01T03:57:48Z
batch_0005,order_00008716,order_00010688,ETH-USD,1811.06,263,2026-01-01T02:58:07Z
batch_0005,order_00014861,order_00010688,ETH-USD,1811.06,222,2026-01-01T04:07:40Z
batch_0005,order_00008358,order_00010688,ETH-USD,1811.06,73,2026-01-01T02:58:07Z
batch_0005,order_00008358,order_00006967,ETH-USD,1811.14,618,2026-01-01T02:19:17Z
batch_0005,order_00008358,order_00008242,ETH-USD,1811.16,170,2026-01-01T02:19:17Z
batch_0005,order_00008358,order_00007442,ETH-USD,1811.23,20,2026-01-01T02:19:17Z
batch_0005,order_00013467,order_00007442,ETH-USD,1811.23,822,2026-01-01T03:44:26Z
batch_0005,order_00007989,order_00007442,ETH-USD,1811.23,44,2026-01-01T02:13:08Z
batch_0005,order_00007989,order_00008894,ETH-USD,1811.69,37,2026-01-01T02:28:13Z
batch_0005,order_00007989,order_00013950,ETH-USD,1811.79,401,2026-01-01T03:52:29Z
batch_0005,order_00007989,order_00013753,ETH-USD,1811.96,486,2026-01-01T03:49:12Z
batch_0005,order_00008731,order_00013753,ETH-USD,1811.96,269,2026-01-01T03:49:12Z
batch_0005,order_00008731,order_00008769,ETH-USD,1812.05,198,2026-01-01T02:26:08Z
batch_0005,order_00015214,order_00008769,ETH-USD,1812.05,376,2026-01-01T04:13:33Z
batch_0005,order_00015214,order_00013217,ETH-USD,1812.13,6,2026-01-01T04:13:33Z
batch_0005,order_00009579,order_00013217,ETH-USD,1812.13,458,2026-01-01T03:40:16Z
batch_0005,order_00009579,order_00016023,ETH-USD,1812.13,20,2026-01-01T04:27:02Z
batch_0005,order_00015955,order_00016023,ETH-USD,1812.13,522,2026-01-01T04:27:02Z
batch_0005,order_00015955,order_00011254,ETH-USD,1812.17,460,2026-01-01T04:25:54Z
batch_0005,order_00007891,order_00011254,ETH-USD,1812.17,213,2026-01-01T03:07:33Z
batch_0005,order_00010395,order_00011254,ETH-USD,1812.17,95,2026-01-01T03:07:33Z
batch_0005,order_00010395,order_00010248,ETH-USD,1812.25,20,2026-01-01T02:53:14Z
batch_0005,order_00008402,order_00010248,ETH-USD,1812.25,153,2026-01-01T02:50:47Z
batch_0005,order_00007581,order_00010248,ETH-USD,1812.25,530,2026-01-01T02:50:47Z
batch_0005,order_00007581,order_00009506,ETH-USD,1812.34,243,2026-01-01T02:38:25Z
batch_0005,order_00012928,order_00009506,ETH-USD,1812.34,125,2026-01-01T03:35:27Z
batch_0005,order_00012928,order_00015762,ETH-USD,1812.38,343,2026-01-01T04:22:41Z
batch_0005,order_00016457,order_00015762,ETH-USD,1812.38,270,2026-01-01T04:34:16Z
batch_0005,order_00007062,order_00015762,ETH-USD,1812.38,385,2026-01-01T04:22:41Z
batch_0005,order_00007062,order_00010351,ETH-USD,1812.43,480,2026-01-01T02:52:30Z
batch_0005,order_00007062,order_00007645,ETH-USD,1812.5,14,2026-01-01T02:07:24Z
batch_0005,order_00008870,order_00007645,ETH-USD,1812.5,144,2026-01-01T02:27:49Z
batch_0005,order_00013597,order_00007645,ETH-USD,1812.5,558,2026-01-01T03:46:36Z
batch_0005,order_00013597,order_00014909,ETH-USD,1812.52,223,2026-01-01T04:08:28Z
batch_0005,order_00013746,order_00014909,ETH-USD,1812.52,13,2026-01-01T04:08:28Z
batch_0005,order_00013746,order_00010928,ETH-USD,1812.57,69,2026-01-01T03:49:05Z
batch_0005,order_00013746,order_00007710,ETH-USD,1812.61,178,2026-01-01T03:49:05Z
batch_0005,order_00013746,order_00007294,ETH-USD,1812.76,485,2026-01-01T03:49:05Z
batch_0005,order_00013038,order_00007294,ETH-USD,1812.76,301,2026-01-01T03:37:17Z
batch_0005,order_00013038,order_00009965,ETH-USD,1812.83,233,2026-01-01T03:37:17Z
batch_0005,order_00013038,order_00012605,ETH-USD,1812.88,9,2026-01-01T03:37:17Z
batch_0005,order_00010430,order_00012605,ETH-USD,1812.88,14,2026-01-01T03:30:04Z
batch_0005,order_00010430,order_00007975,ETH-USD,1812.89,386,2026-01-01T02:53:49Z
batch_0005,order_00010430,order_00016200,ETH-USD,1812.94,408,2026-01-01T04:29:59Z
batch_0005,order_00010430,order_00009710,ETH-USD,1813.02,5,2026-01-01T02:53:49Z
batch_0005,order_00016035,order_00009710,ETH-USD,1813.02,843,2026-01-01T04:27:14Z
batch_0005,order_00008205,order_00009710,ETH-USD,1813.02,88,2026-01-01T02:41:49Z
batch_0005,order_00010447,order_00009710,ETH-USD,1813.02,29,2026-01-01T02:54:06Z
batch_0005,order_00010447,order_00011402,ETH-USD,1813.13,46,2026-01-01T03:10:01Z
batch_0005,order_00014062,order_00011402,ETH-USD,1813.13,314,2026-01-01T03:54:21Z
batch_0005,order_00014062,order_00012869,ETH-USD,1813.18,431,2026-01-01T03:54:21Z
batch_0005,order_00010132,order_00012869,ETH-USD,1813.18,553,2026-01-01T03:34:28Z
batch_0005,order_00010132,order_00014470,ETH-USD,1813.27,378,2026-01-01T04:01:09Z
batch_0005,order_00007720,order_00014470,ETH-USD,1813.27,52,2026-01-01T04:01:09Z
batch_0005,order_00013077,order_00014470,ETH-USD,1813.27,466,2026-01-01T04:01:09Z
batch_0005,order_00013077,order_00008263,ETH-USD,1813.28,504,2026-01-01T03:37:56Z
batch_0005,order_00013397,order_00008263,ETH-USD,1813.28,79,2026-01-01T03:43:16Z
batch_0005,order_00013397,order_00011147,ETH-USD,1813.35,583,2026-01-01T03:43:16Z
batch_0005,order_00015926,order_00011147,ETH-USD,1813.35,199,2026-01-01T04:25:25Z
batch_0005,order_00015926,order_00012081,ETH-USD,1813.35,265,2026-01-01T04:25:25Z
batch_0005,order_00014180,order_00012081,ETH-USD,1813.35,490,2026-01-01T03:56:19Z
batch_0005,order_00014297,order_00012081,ETH-USD,1813.35,153,2026-01-01T03:58:16Z
batch_0005,order_00010370,order_00012081,ETH-USD,1813.35,21,2026-01-01T03:21:20Z
batch_0005,order_00010370,order_00007944,ETH-USD,1813.4,594,2026-01-01T02:52:49Z
batch_0005,order_00012976,order_00007944,ETH-USD,1813.4,163,2026-01-01T03:36:15Z
batch_0005,order_00012976,order_00012575,ETH-USD,1813.41,367,2026-01-01T03:36:15Z
batch_0005,order_00012976,order_00008118,ETH-USD,1813.43,319,2026-01-01T03:36:15Z
batch_0005,order_00011267,order_00008118,ETH-USD,1813.43,343,2026-01-01T03:07:46Z
batch_0005,order_00012872,order_00008118,ETH-USD,1813.43,164,2026-01-01T03:34:31Z
batch_0005,order_00012589,order_00008118,ETH-USD,1813.43,169,2026-01-01T03:29:48Z
batch_0005,order_00012589,order_00016157,ETH-USD,1813.6,326,2026-01-01T04:29:16Z
batch_0005,order_00012589,order_00016504,ETH-USD,1813.63,314,2026-01-01T04:35:03Z
batch_0005,order_00015367,order_00016504,ETH-USD,1813.63,102,2026-01-01T04:35:03Z
batch_0005,order_00015367,order_00009165,ETH-USD,1813.75,312,2026-01-01T04:16:06Z
batch_0005,order_00012331,order_00009165,ETH-USD,1813.75,262,2026-01-01T03:25:30Z
batch_0005,order_00012331,order_00016003,ETH-USD,1813.79,359,2026-01-01T04:26:42Z
batch_0005,order_00012331,order_00010065,ETH-USD,1813.86,230,2026-01-01T03:25:30Z
batch_0005,order_00007208,order_00010065,ETH-USD,1813.86,298,2026-01-01T02:47:44Z
batch_0005,order_00007208,order_00015180,ETH-USD,1814.03,101,2026-01-01T04:12:59Z
batch_0005,order_00007208,order_00008517,ETH-USD,1814.07,409,2026-01-01T02:21:56Z
batch_0005,order_00013839,order_00008517,ETH-USD,1814.07,234,2026-01-01T03:50:38Z
batch_0005,order_00013839,order_00007846,ETH-USD,1814.09,180,2026-01-01T03:50:38Z
batch_0005,order_00013839,order_00012986,ETH-USD,1814.13,542,2026-01-01T03:50:38Z
batch_0005,order_00013839,order_00009357,ETH-USD,1814.14,44,2026-01-01T03:50:38Z
batch_0005,order_00014398,order_00009357,ETH-USD,1814.14,61,2026-01-01T03:59:57Z
batch_0005,order_00014398,order_00011756,ETH-USD,1814.14,390,2026-01-01T03:59:57Z
batch_0005,order_00008055,order_00011756,ETH-USD,1814.14,190,2026-01-01T03:15:55Z
batch_0005,order_00008055,order_00014333,ETH-USD,1814.26,212,2026-01-01T03:58:52Z
batch_0005,order_00015424,order_00014333,ETH-USD,1814.26,69,2026-01-01T04:17:03Z
batch_0005,order_00010223,order_00014333,ETH-USD,1814.26,132,2026-01-01T03:58:52Z
batch_0005,order_00016499,order_00014333,ETH-USD,1814.26,161,2026-01-01T04:34:58Z
batch_0005,order_00016499,order_00010264,ETH-USD,1814.4,200,2026-01-01T04:34:58Z
batch_0005,order_00008352,order_00010264,ETH-USD,1814.4,120,2026-01-01T02:51:03Z
batch_0005,order_00010090,order_00010264,ETH-USD,1814.4,183,2026-01-01T02:51:03Z
batch_0005,order_00010280,order_00010264,ETH-USD,1814.4,367,2026-01-01T02:51:19Z
batch_0005,order_00010280,order_00009856,ETH-USD,1814.42,431,2026-01-01T02:51:19Z
batch_0005,order_00010280,order_00009703,ETH-USD,1814.43,172,2026-01-01T02:51:19Z
batch_0005,order_00011213,order_00009703,ETH-USD,1814.43,300,2026-01-01T03:06:52Z
batch_0005,order_00014856,order_00009703,ETH-USD,1814.43,73,2026-01-01T04:07:35Z
batch_0005,order_00016473,order_00009703,ETH-USD,1814.43,119,2026-01-01T04:34:32Z
batch_0005,order_00016473,order_00009170,ETH-USD,1814.44,605,2026-01-01T04:34:32Z
batch_0005,order_00016473,order_00011422,ETH-USD,1814.45,268,2026-01-01T04:34:32Z
batch_0005,order_00012967,order_00011422,ETH-USD,1814.45,115,2026-01-01T03:36:06Z
batch_0005,order_00012967,order_00009390,ETH-USD,1814.73,786,2026-01-01T03:36:06Z
batch_0005,order_00012967,order_00010022,ETH-USD,1814.77,39,2026-01-01T03:36:06Z
batch_0005,order_00006825,order_00010022,ETH-USD,1814.77,114,2026-01-01T02:47:01Z
batch_0005,order_00006825,order_00013534,ETH-USD,1814.87,451,2026-01-01T03:45:33Z
batch_0005,order_00013338,order_00013534,ETH-USD,1814.87,244,2026-01-01T03:45:33Z
batch_0005,order_00013338,order_00014120,ETH-USD,1814.88,3,2026-01-01T03:55:19Z
batch_0005,order_00013338,order_00009725,ETH-USD,1814.94,219,2026-01-01T03:42:17Z
batch_0005,order_00016078,order_00009725,ETH-USD,1814.94,545,2026-01-01T04:27:57Z
batch_0005,order_00016078,order_00006998,ETH-USD,1814.99,285,2026-01-01T04:27:57Z
batch_0005,order_00007375,order_00006998,ETH-USD,1814.99,6,2026-01-01T02:02:54Z
batch_0005,order_00009016,order_00006998,ETH-USD,1814.99,467,2026-01-01T02:30:15Z
batch_0005,order_00012637,order_00006998,ETH-USD,1814.99,4,2026-01-01T03:30:36Z
batch_0005,order_00012144,order_00008110,ETH-USD,1815.06,858,2026-01-01T03:22:23Z
batch_0005,order_00012144,order_00013620,ETH-USD,1815.09,91,2026-01-01T03:46:59Z
batch_0005,order_00009128,order_00013620,ETH-USD,1815.09,417,2026-01-01T03:46:59Z
batch_0005,order_00009128,order_00008454,ETH-USD,1815.17,495,2026-01-01T02:32:07Z
batch_0005,order_00013541,order_00008454,ETH-USD,1815.17,94,2026-01-01T03:45:40Z
batch_0005,order_00013541,order_00009381,ETH-USD,1815.21,586,2026-01-01T03:45:40Z
batch_0005,order_00013541,order_00009115,ETH-USD,1815.28,78,2026-01-01T03:45:40Z
batch_0005,order_00013541,order_00011613,ETH-USD,1815.3,162,2026-01-01T03:45:40Z
batch_0005,order_00010376,order_00011613,ETH-USD,1815.3,82,2026-01-01T03:13:32Z
batch_0005,order_00014220,order_00011613,ETH-USD,1815.3,439,2026-01-01T03:56:59Z
batch_0005,order_00007298,order_00011613,ETH-USD,1815.3,98,2026-01-01T03:13:32Z
batch_0005,order_00007298,order_00008903,ETH-USD,1815.47,177,2026-01-01T02:28:22Z
batch_0005,order_00007298,order_00010270,ETH-USD,1815.48,592,2026-01-01T02:51:09Z
batch_0005,order_00011072,order_00010270,ETH-USD,1815.48,167,2026-01-01T03:04:31Z
batch_0005,order_00011072,order_00012561,ETH-USD,1815.5,255,2026-01-01T03:29:20Z
batch_0005,order_00011072,order_00015509,ETH-USD,1815.56,79,2026-01-01T04:18:28Z
batch_0005,order_00011072,order_00008855,ETH-USD,1815.58,254,2026-01-01T03:04:31Z
batch_0005,order_00014601,order_00008855,ETH-USD,1815.58,332,2026-01-01T04:03:20Z
batch_0005,order_00015441,order_00008855,ETH-USD,1815.58,38,2026-01-01T04:17:20Z
batch_0005,order_00011348,order_00008855,ETH-USD,1815.58,70,2026-01-01T03:09:07Z
batch_0005,order_00011348,order_00013791,ETH-USD,1815.59,418,2026-01-01T03:49:50Z
batch_0005,order_00011348,order_00015787,ETH-USD,1815.59,104,2026-01-01T04:23:06Z
batch_0005,order_00010538,order_00015787,ETH-USD,1815.59,40,2026-01-01T04:23:06Z
batch_0005,order_00010538,order_00014951,ETH-USD,1815.62,346,2026-01-01T04:09:10Z
batch_0005,order_00010538,order_00016224,ETH-USD,1815.71,21,2026-01-01T04:30:23Z
batch_0005,order_00015971,order_00016224,ETH-USD,1815.71,263,2026-01-01T04:30:23Z
batch_0005,order_00015971,order_00010198,ETH-USD,1815.82,216,2026-01-01T04:26:10Z
batch_0005,order_00006782,order_00010198,ETH-USD,1815.82,384,2026-01-01T02:49:57Z
batch_0005,order_00006799,order_00010198,ETH-USD,1815.82,381,2026-01-01T02:49:57Z
batch_0005,order_00006799,order_00015048,ETH-USD,1815.9,180,2026-01-01T04:10:47Z
batch_0005,order_00009214,order_00015048,ETH-USD,1815.9,22,2026-01-01T04:10:47Z
batch_0005,order_00009214,order_00006957,ETH-USD,1815.92,568,2026-01-01T02:33:33Z
batch_0005,order_00010573,order_00006957,ETH-USD,1815.92,134,2026-01-01T02:56:12Z
batch_0005,order_00010573,order_00011323,ETH-USD,1815.94,631,2026-01-01T03:08:42Z
batch_0005,order_00010573,order_00007235,ETH-USD,1816.21,14,2026-01-01T02:56:12Z
batch_0005,order_00010419,order_00007235,ETH-USD,1816.21,174,2026-01-01T02:53:38Z
batch_0005,order_00012899,order_00007235,ETH-USD,1816.21,79,2026-01-01T03:34:58Z
batch_0005,order_00012899,order_00011789,ETH-USD,1816.29,36,2026-01-01T03:34:58Z
batch_0005,order_00012286,order_00011789,ETH-USD,1816.29,405,2026-01-01T03:24:45Z
batch_0005,order_00011908,order_00011789,ETH-USD,1816.29,528,2026-01-01T03:18:27Z
batch_0005,order_00011908,order_00009755,ETH-USD,1816.33,274,2026-01-01T03:18:27Z
batch_0005,order_00011908,order_00011108,ETH-USD,1816.35,14,2026-01-01T03:18:27Z
batch_0005,order_00011908,order_00013162,ETH-USD,1816.37,100,2026-01-01T03:39:21Z
batch_0005,order_00010534,order_00013162,ETH-USD,1816.37,725,2026-01-01T03:39:21Z
batch_0005,order_00014853,order_00013162,ETH-USD,1816.37,117,2026-01-01T04:07:32Z
batch_0005,order_00014853,order_00009804,ETH-USD,1816.41,427,2026-01-01T04:07:32Z
batch_0005,order_00015832,order_00009804,ETH-USD,1816.41,179,2026-01-01T04:23:51Z
batch_0005,order_00015832,order_00015316,ETH-USD,1816.41,299,2026-01-01T04:23:51Z
batch_0005,order_00015832,order_00010559,ETH-USD,1816.59,283,2026-01-01T04:23:51Z
batch_0005,order_00013808,order_00010559,ETH-USD,1816.59,72,2026-01-01T03:50:07Z
batch_0005,order_00010130,order_00010559,ETH-USD,1816.59,231,2026-01-01T02:55:58Z
batch_0005,order_00010130,order_00015656,ETH-USD,1816.65,391,2026-01-01T04:20:55Z
batch_0005,order_00015047,order_00015656,ETH-USD,1816.65,366,2026-01-01T04:20:55Z
batch_0005,order_00015047,order_00006899,ETH-USD,1816.76,439,2026-01-01T04:10:46Z
batch_0005,order_00016450,order_00006899,ETH-USD,1816.76,373,2026-01-01T04:34:09Z
batch_0005,order_00016482,order_00006899,ETH-USD,1816.76,77,2026-01-01T04:34:41Z
batch_0005,order_00016482,order_00006620,ETH-USD,1816.81,316,2026-01-01T04:34:41Z
batch_0005,order_00016482,order_00009568,ETH-USD,1817.05,257,2026-01-01T04:34:41Z
batch_0005,order_00012839,order_00009568,ETH-USD,1817.05,38,2026-01-01T03:33:58Z
batch_0005,order_00016520,order_00009568,ETH-USD,1817.05,689,2026-01-01T04:35:19Z
batch_0005,order_00016520,order_00013889,ETH-USD,1817.06,258,2026-01-01T04:35:19Z
batch_0005,order_00016416,order_00013889,ETH-USD,1817.06,288,2026-01-01T04:33:35Z
batch_0005,order_00016416,order_00012988,ETH-USD,1817.08,507,2026-01-01T04:33:35Z
batch_0005,order_00012378,order_00012988,ETH-USD,1817.08,11,2026-01-01T03:36:27Z
batch_0005,order_00016280,order_00012988,ETH-USD,1817.08,385,2026-01-01T04:31:19Z
batch_0005,order_00016280,order_00014104,ETH-USD,1817.14,206,2026-01-01T04:31:19Z
batch_0005,order_00014364,order_00014104,ETH-USD,1817.14,528,2026-01-01T03:59:23Z
batch_0005,order_00014364,order_00010979,ETH-USD,1817.16,226,2026-01-01T03:59:23Z
batch_0005,order_00009575,order_00010979,ETH-USD,1817.16,208,2026-01-01T03:02:58Z
batch_0005,order_00009575,order_00008742,ETH-USD,1817.18,328,2026-01-01T02:39:34Z
batch_0005,order_00015771,order_00008742,ETH-USD,1817.18,8,2026-01-01T04:22:50Z
batch_0005,order_00007043,order_00008742,ETH-USD,1817.18,221,2026-01-01T02:25:41Z
batch_0005,order_00007043,order_00008309,ETH-USD,1817.28,610,2026-01-01T02:18:28Z
batch_0005,order_00015651,order_00008309,ETH-USD,1817.28,270,2026-01-01T04:20:50Z
batch_0005,order_00015651,order_00014807,ETH-USD,1817.29,387,2026-01-01T04:20:50Z
batch_0005,order_00009883,order_00014807,ETH-USD,1817.29,322,2026-01-01T04:06:46Z
batch_0005,order_00009883,order_00010475,ETH-USD,1817.4,633,2026-01-01T02:54:34Z
batch_0005,order_00012224,order_00010475,ETH-USD,1817.4,188,2026-01-01T03:23:43Z
batch_0005,order_00012224,order_00013625,ETH-USD,1817.42,77,2026-01-01T03:47:04Z
batch_0005,order_00008160,order_00013625,ETH-USD,1817.42,298,2026-01-01T03:47:04Z
batch_0005,order_00008160,order_00009861,ETH-USD,1817.48,178,2026-01-01T02:44:20Z
batch_0005,order_00008160,order_00011833,ETH-USD,1817.81,494,2026-01-01T03:17:12Z
batch_0005,order_00014275,order_00011833,ETH-USD,1817.81,78,2026-01-01T03:57:54Z
batch_0005,order_00014275,order_00007704,ETH-USD,1817.86,99,2026-01-01T03:57:54Z
batch_0005,order_00014275,order_00010026,ETH-USD,1817.95,361,2026-01-01T03:57:54Z
batch_0005,order_00014275,order_00009528,ETH-USD,1817.96,200,2026-01-01T03:57:54Z
batch_0005,order_00014275,order_00009675,ETH-USD,1818.02,122,2026-01-01T03:57:54Z
batch_0005,order_00014275,order_00010971,ETH-USD,1818.02,94,2026-01-01T03:57:54Z
batch_0005,order_00008520,order_00010971,ETH-USD,1818.02,491,2026-01-01T03:02:50Z
batch_0005,order_00015116,order_00010971,ETH-USD,1818.02,161,2026-01-01T04:11:55Z
batch_0005,order_00015903,order_00010971,ETH-USD,1818.02,37,2026-01-01T04:25:02Z
batch_0005,order_00015903,order_00007316,ETH-USD,1818.06,513,2026-01-01T04:25:02Z
batch_0005,order_00015903,order_00008203,ETH-USD,1818.19,33,2026-01-01T04:25:02Z
batch_0005,order_00009693,order_00008203,ETH-USD,1818.19,218,2026-01-01T02:41:32Z
batch_0005,order_00010704,order_00008203,ETH-USD,1818.19,167,2026-01-01T02:58:23Z
batch_0005,order_00010704,order_00010218,ETH-USD,1818.22,459,2026-01-01T02:58:23Z
batch_0005,order_00010704,order_00012571,ETH-USD,1818.34,109,2026-01-01T03:29:30Z
batch_0005,order_00010704,order_00007305,ETH-USD,1818.44,134,2026-01-01T02:58:23Z
batch_0005,order_00015638,order_00007305,ETH-USD,1818.44,98,2026-01-01T04:20:37Z
batch_0005,order_00015638,order_00007812,ETH-USD,1818.46,292,2026-01-01T04:20:37Z
batch_0005,order_00014473,order_00007812,ETH-USD,1818.46,24,2026-01-01T04:01:12Z
batch_0005,order_00011448,order_00007812,ETH-USD,1818.46,321,2026-01-01T03:10:47Z
batch_0005,order_00011448,order_00006979,ETH-USD,1818.49,489,2026-01-01T03:10:47Z
batch_0005,order_00011162,order_00006979,ETH-USD,1818.49,455,2026-01-01T03:06:01Z
batch_0005,order_00011162,order_00016454,ETH-USD,1818.54,409,2026-01-01T04:34:13Z
batch_0005,order_00008740,order_00016454,ETH-USD,1818.54,117,2026-01-01T04:34:13Z
batch_0005,order_00008740,order_00016452,ETH-USD,1818.86,257,2026-01-01T04:34:11Z
batch_0005,order_00013041,order_00016452,ETH-USD,1818.86,292,2026-01-01T04:34:11Z
batch_0005,order_00008620,order_00016452,ETH-USD,1818.86,187,2026-01-01T04:34:11Z
batch_0005,order_00008620,order_00012366,ETH-USD,1818.95,700,2026-01-01T03:26:05Z
batch_0005,order_00008620,order_00010927,ETH-USD,1819.31,61,2026-01-01T03:02:06Z
batch_0005,order_00016458,order_00010927,ETH-USD,1819.31,138,2026-01-01T04:34:17Z
batch_0005,order_00012357,order_00010927,ETH-USD,1819.31,355,2026-01-01T03:25:56Z
batch_0005,order_00012357,order_00008828,ETH-USD,1819.46,278,2026-01-01T03:25:56Z
batch_0005,order_00014912,order_00008828,ETH-USD,1819.46,161,2026-01-01T04:08:31Z
batch_0005,order_00016528,order_00008828,ETH-USD,1819.46,519,2026-01-01T04:35:27Z
batch_0005,order_00016528,order_00010763,ETH-USD,1819.61,472,2026-01-01T04:35:27Z
batch_0005,order_00016528,order_00006995,ETH-USD,1819.69,1,2026-01-01T04:35:27Z
batch_0005,order_00011307,order_00006995,ETH-USD,1819.69,297,2026-01-01T03:08:26Z
batch_0005,order_00015588,order_00006995,ETH-USD,1819.69,574,2026-01-01T04:19:47Z
batch_0005,order_00015588,order_00010572,ETH-USD,1819.71,259,2026-01-01T04:19:47Z
batch_0005,order_00012632,order_00010572,ETH-USD,1819.71,96,2026-01-01T03:30:31Z
batch_0005,order_00012632,order_00015443,ETH-USD,1819.85,284,2026-01-01T04:17:22Z
batch_0005,order_00012257,order_00015443,ETH-USD,1819.85,214,2026-01-01T04:17:22Z
batch_0005,order_00016068,order_00015443,ETH-USD,1819.85,32,2026-01-01T04:27:47Z
batch_0005,order_00016068,order_00016301,ETH-USD,1819.86,69,2026-01-01T04:31:40Z
batch_0005,order_00008220,order_00016301,ETH-USD,1819.86,148,2026-01-01T04:31:40Z
batch_0005,order_00008220,order_00008526,ETH-USD,1819.89,228,2026-01-01T02:22:05Z
batch_0005,order_00008220,order_00010014,ETH-USD,1819.9,230,2026-01-01T02:46:53Z
batch_0005,order_00012076,order_00010014,ETH-USD,1819.9,382,2026-01-01T03:21:15Z
batch_0005,order_00010669,order_00010014,ETH-USD,1819.9,192,2026-01-01T02:57:48Z
batch_0005,order_00010669,order_00008429,ETH-USD,1819.94,456,2026-01-01T02:57:48Z
batch_0005,order_00007917,order_00008429,ETH-USD,1819.94,53,2026-01-01T02:20:28Z
batch_0005,order_00010888,order_00008429,ETH-USD,1819.94,230,2026-01-01T03:01:27Z
batch_0005,order_00010888,order_00009166,ETH-USD,1820.3,518,2026-01-01T03:01:27Z
batch_0005,order_00012130,order_00009166,ETH-USD,1820.3,99,2026-01-01T03:22:09Z
batch_0005,order_00012130,order_00012124,ETH-USD,1820.34,336,2026-01-01T03:22:09Z
batch_0005,order_00012733,order_00012124,ETH-USD,1820.34,565,2026-01-01T03:32:12Z
batch_0005,order_00012733,order_00010099,ETH-USD,1820.59,79,2026-01-01T03:32:12Z
batch_0005,order_00012733,order_00010124,ETH-USD,1820.66,155,2026-01-01T03:32:12Z
batch_0005,order_00007334,order_00010124,ETH-USD,1820.66,1,2026-01-01T02:48:43Z
batch_0005,order_00007334,order_00010398,ETH-USD,1820.7,302,2026-01-01T02:53:17Z
batch_0005,order_00007380,order_00010398,ETH-USD,1820.7,69,2026-01-01T02:53:17Z
batch_0005,order_00007380,order_00007473,ETH-USD,1820.73,543,2026-01-01T02:04:32Z
batch_0005,order_00015268,order_00007473,ETH-USD,1820.73,244,2026-01-01T04:14:27Z
batch_0005,order_00016137,order_00007473,ETH-USD,1820.73,201,2026-01-01T04:28:56Z
batch_0005,order_00016137,order_00008340,ETH-USD,1820.75,206,2026-01-01T04:28:56Z
batch_0005,order_00010031,order_00008340,ETH-USD,1820.75,42,2026-01-01T02:47:10Z
batch_0005,order_00010031,order_00008007,ETH-USD,1820.81,419,2026-01-01T02:47:10Z
batch_0005,order_00013923,order_00008007,ETH-USD,1820.81,436,2026-01-01T03:52:02Z
batch_0005,order_00011824,order_00008007,ETH-USD,1820.81,13,2026-01-01T03:17:03Z
batch_0005,order_00011824,order_00012554,ETH-USD,1820.91,33,2026-01-01T03:29:13Z
batch_0005,order_00011824,order_00007521,ETH-USD,1820.97,604,2026-01-01T03:17:03Z
batch_0005,order_00011824,order_00012328,ETH-USD,1821.04,311,2026-01-01T03:25:27Z
batch_0005,order_00007252,order_00012328,ETH-USD,1821.04,37,2026-01-01T03:25:27Z
batch_0005,order_00007252,order_00015702,ETH-USD,1821.12,348,2026-01-01T04:21:41Z
batch_0005,order_00007252,order_00007784,ETH-USD,1821.42,414,2026-01-01T02:09:43Z
batch_0005,order_00009431,order_00007784,ETH-USD,1821.42,186,2026-01-01T02:37:10Z
batch_0005,order_00009431,order_00007684,ETH-USD,1821.43,328,2026-01-01T02:37:10Z
batch_0005,order_00008584,order_00007684,ETH-USD,1821.43,232,2026-01-01T02:23:03Z
batch_0005,order_00016404,order_00007684,ETH-USD,1821.43,202,2026-01-01T04:33:23Z
batch_0005,order_00016404,order_00009774,ETH-USD,1821.63,473,2026-01-01T04:33:23Z
batch_0005,order_00008613,order_00009774,ETH-USD,1821.63,327,2026-01-01T02:42:53Z
batch_0005,order_00008613,order_00016105,ETH-USD,1821.79,247,2026-01-01T04:28:24Z
batch_0005,order_00008613,order_00011942,ETH-USD,1821.82,45,2026-01-01T03:19:01Z
batch_0005,order_00007999,order_00011942,ETH-USD,1821.82,211,2026-01-01T03:19:01Z
batch_0005,order_00008139,order_00011942,ETH-USD,1821.82,137,2026-01-01T03:19:01Z
batch_0005,order_00008139,order_00010442,ETH-USD,1821.84,86,2026-01-01T02:54:01Z
batch_0005,order_00007296,order_00010442,ETH-USD,1821.84,3,2026-01-01T02:54:01Z
batch_0005,order_00007296,order_00009467,ETH-USD,1821.92,250,2026-01-01T02:37:46Z
batch_0005,order_00009483,order_00009467,ETH-USD,1821.92,323,2026-01-01T02:38:02Z
batch_0005,order_00009483,order_00009191,ETH-USD,1821.95,570,2026-01-01T02:38:02Z
batch_0005,order_00013354,order_00009191,ETH-USD,1821.95,218,2026-01-01T03:42:33Z
batch_0005,order_00013354,order_00014867,ETH-USD,1822.02,474,2026-01-01T04:07:46Z
batch_0005,order_00013354,order_00014706,ETH-USD,1822.03,153,2026-01-01T04:05:05Z
batch_0005,order_00008941,order_00014706,ETH-USD,1822.03,529,2026-01-01T04:05:05Z
batch_0005,order_00013165,order_00014706,ETH-USD,1822.03,100,2026-01-01T04:05:05Z
batch_0005,order_00013165,order_00010261,ETH-USD,1822.07,115,2026-01-01T03:39:24Z
batch_0005,order_00015430,order_00010261,ETH-USD,1822.07,76,2026-01-01T04:17:09Z
batch_0005,order_00015430,order_00008679,ETH-USD,1822.15,370,2026-01-01T04:17:09Z
batch_0005,order_00009566,order_00008679,ETH-USD,1822.15,398,2026-01-01T02:39:25Z
batch_0005,order_00009566,order_00011604,ETH-USD,1822.15,240,2026-01-01T03:13:23Z
batch_0005,order_00012039,order_00011604,ETH-USD,1822.15,437,2026-01-01T03:20:38Z
batch_0005,order_00011290,order_00011604,ETH-USD,1822.15,88,2026-01-01T03:13:23Z
batch_0005,order_00011290,order_00008386,ETH-USD,1822.16,408,2026-01-01T03:08:09Z
batch_0005,order_00011290,order_00008381,ETH-USD,1822.22,1,2026-01-01T03:08:09Z
batch_0005,order_00012227,order_00008381,ETH-USD,1822.22,69,2026-01-01T03:23:46Z
batch_0005,order_00012227,order_00011109,ETH-USD,1822.24,688,2026-01-01T03:23:46Z
batch_0005,order_00012227,order_00014148,ETH-USD,1822.31,97,2026-01-01T03:55:47Z
batch_0005,order_00006677,order_00014148,ETH-USD,1822.31,562,2026-01-01T03:55:47Z
batch_0005,order_00006677,order_00012618,ETH-USD,1822.35,253,2026-01-01T03:30:17Z
batch_0005,order_00008083,order_00012618,ETH-USD,1822.35,29,2026-01-01T03:30:17Z
batch_0005,order_00008083,order_00013677,ETH-USD,1822.4,293,2026-01-01T03:47:56Z
batch_0005,order_00008083,order_00007572,ETH-USD,1822.43,41,2026-01-01T02:14:42Z
batch_0005,order_00008083,order_00007395,ETH-USD,1822.44,317,2026-01-01T02:14:42Z
batch_0005,order_00013572,order_00007395,ETH-USD,1822.44,394,2026-01-01T03:46:11Z
batch_0005,order_00013572,order_00012663,ETH-USD,1822.56,144,2026-01-01T03:46:11Z
batch_0005,order_00010764,order_00012663,ETH-USD,1822.56,332,2026-01-01T03:31:02Z
batch_0005,order_00010764,order_00012243,ETH-USD,1822.65,29,2026-01-01T03:24:02Z
batch_0005,order_00007859,order_00012243,ETH-USD,1822.65,19,2026-01-01T03:24:02Z
batch_0005,order_00007859,order_00006738,ETH-USD,1822.68,86,2026-01-01T02:10:58Z
batch_0005,order_00010972,order_00006738,ETH-USD,1822.68,463,2026-01-01T03:02:51Z
batch_0005,order_00011845,order_00006738,ETH-USD,1822.68,260,2026-01-01T03:17:24Z
batch_0005,order_00011845,order_00014835,ETH-USD,1822.69,2,2026-01-01T04:07:14Z
batch_0005,order_00016286,order_00014835,ETH-USD,1822.69,237,2026-01-01T04:31:25Z
batch_0005,order_00016286,order_00013544,ETH-USD,1822.71,203,2026-01-01T04:31:25Z
batch_0005,order_00009889,order_00013544,ETH-USD,1822.71,488,2026-01-01T03:45:43Z
batch_0005,order_00009889,order_00011992,ETH-USD,1822.9,81,2026-01-01T03:19:51Z
batch_0005,order_00010476,order_00011992,ETH-USD,1822.9,279,2026-01-01T03:19:51Z
batch_0005,order_00013213,order_00011992,ETH-USD,1822.9,11,2026-01-01T03:40:12Z
batch_0005,order_00007081,order_00011992,ETH-USD,1822.9,95,2026-01-01T03:19:51Z
batch_0005,order_00014669,order_00011992,ETH-USD,1822.9,275,2026-01-01T04:04:28Z
batch_0005,order_00014669,order_00011479,ETH-USD,1822.94,245,2026-01-01T04:04:28Z
batch_0005,order_00007834,order_00011479,ETH-USD,1822.94,625,2026-01-01T03:11:18Z
batch_0005,order_00007834,order_00014281,ETH-USD,1822.94,291,2026-01-01T03:58:00Z
batch_0005,order_00013244,order_00014281,ETH-USD,1822.94,238,2026-01-01T03:58:00Z
batch_0005,order_00013244,order_00009951,ETH-USD,1822.98,429,2026-01-01T03:40:43Z
batch_0005,order_00013805,order_00009951,ETH-USD,1822.98,337,2026-01-01T03:50:04Z
batch_0005,order_00013805,order_00016438,ETH-USD,1822.98,209,2026-01-01T04:33:57Z
batch_0005,order_00007680,order_00016438,ETH-USD,1822.98,690,2026-01-01T04:33:57Z
batch_0005,order_00010416,order_00016438,ETH-USD,1822.98,30,2026-01-01T04:33:57Z
batch_0005,order_00010416,order_00012308,ETH-USD,1823.01,489,2026-01-01T03:25:07Z
batch_0005,order_00010416,order_00013823,ETH-USD,1823.18,320,2026-01-01T03:50:22Z
batch_0005,order_00016113,order_00013823,ETH-USD,1823.18,91,2026-01-01T04:28:32Z
batch_0005,order_00016113,order_00009109,ETH-USD,1823.66,77,2026-01-01T04:28:32Z
batch_0005,order_00015887,order_00009109,ETH-USD,1823.66,135,2026-01-01T04:24:46Z
batch_0005,order_00015887,order_00012083,ETH-USD,1823.69,486,2026-01-01T04:24:46Z
batch_0005,order_00015887,order_00011211,ETH-USD,1823.87,28,2026-01-01T04:24:46Z
batch_0005,order_00006672,order_00011211,ETH-USD,1823.87,348,2026-01-01T03:06:50Z
batch_0005,order_00006672,order_00014052,ETH-USD,1823.9,174,2026-01-01T03:54:11Z
batch_0005,order_00006672,order_00010289,ETH-USD,1823.94,122,2026-01-01T02:51:28Z
batch_0005,order_00011975,order_00010289,ETH-USD,1823.94,574,2026-01-01T03:19:34Z
batch_0005,order_00011975,order_00011374,ETH-USD,1823.94,115,2026-01-01T03:19:34Z
batch_0005,order_00015551,order_00011374,ETH-USD,1823.94,818,2026-01-01T04:19:10Z
batch_0005,order_00015551,order_00013375,ETH-USD,1824.03,91,2026-01-01T04:19:10Z
batch_0005,order_00014577,order_00013375,ETH-USD,1824.03,147,2026-01-01T04:02:56Z
batch_0005,order_00014577,order_00011238,ETH-USD,1824.05,281,2026-01-01T04:02:56Z
batch_0005,order_00010295,order_00011238,ETH-USD,1824.05,529,2026-01-01T03:07:17Z
batch_0005,order_00010295,order_00016524,ETH-USD,1824.11,223,2026-01-01T04:35:23Z
batch_0005,order_00010295,order_00015148,ETH-USD,1824.19,200,2026-01-01T04:12:27Z
batch_0005,order_00007727,order_00015148,ETH-USD,1824.19,139,2026-01-01T04:12:27Z
batch_0005,order_00007727,order_00013192,ETH-USD,1824.36,66,2026-01-01T03:39:51Z
batch_0005,order_00007727,order_00010922,ETH-USD,1824.46,61,2026-01-01T03:02:01Z
batch_0005,order_00012906,order_00010922,ETH-USD,1824.46,176,2026-01-01T03:35:05Z
batch_0005,order_00012906,order_00008461,ETH-USD,1824.47,710,2026-01-01T03:35:05Z
batch_0005,order_00013864,order_00008461,ETH-USD,1824.47,58,2026-01-01T03:51:03Z
batch_0005,order_00013864,order_00012098,ETH-USD,1824.48,457,2026-01-01T03:51:03Z
batch_0005,order_00013864,order_00013671,ETH-USD,1824.55,98,2026-01-01T03:51:03Z
batch_0005,order_00010812,order_00013671,ETH-USD,1824.55,243,2026-01-01T03:47:50Z
batch_0005,order_00010812,order_00008893,ETH-USD,1824.69,55,2026-01-01T03:00:11Z
batch_0005,order_00011544,order_00008893,ETH-USD,1824.69,561,2026-01-01T03:12:23Z
batch_0005,order_00011544,order_00014443,ETH-USD,1824.72,436,2026-01-01T04:00:42Z
batch_0005,order_00013732,order_00014443,ETH-USD,1824.72,335,2026-01-01T04:00:42Z
batch_0005,order_00013732,order_00009349,ETH-USD,1824.74,26,2026-01-01T03:48:51Z
batch_0005,order_00013732,order_00012394,ETH-USD,1824.91,302,2026-01-01T03:48:51Z
batch_0005,order_00009297,order_00012394,ETH-USD,1824.91,167,2026-01-01T03:26:33Z
batch_0005,order_00009297,order_00015001,ETH-USD,1825.0,120,2026-01-01T04:10:00Z
batch_0005,order_00009297,order_00013485,ETH-USD,1825.01,21,2026-01-01T03:44:44Z
batch_0005,order_00016072,order_00013485,ETH-USD,1825.01,535,2026-01-01T04:27:51Z
batch_0005,order_00016072,order_00013807,ETH-USD,1825.02,14,2026-01-01T04:27:51Z
batch_0005,order_00015491,order_00013807,ETH-USD,1825.02,548,2026-01-01T04:18:10Z
batch_0005,order_00015491,order_00014130,ETH-USD,1825.07,63,2026-01-01T04:18:10Z
batch_0005,order_00015491,order_00013011,ETH-USD,1825.16,168,2026-01-01T04:18:10Z
batch_0005,order_00012633,order_00013011,ETH-USD,1825.16,104,2026-01-01T03:36:50Z
batch_0005,order_00012633,order_00010201,ETH-USD,1825.25,308,2026-01-01T03:30:32Z
batch_0005,order_00013899,order_00010201,ETH-USD,1825.25,144,2026-01-01T03:51:38Z
batch_0005,order_00013899,order_00014973,ETH-USD,1825.3,149,2026-01-01T04:09:32Z
batch_0005,order_00006793,order_00014973,ETH-USD,1825.3,615,2026-01-01T04:09:32Z
batch_0005,order_00006793,order_00012494,ETH-USD,1825.32,44,2026-01-01T03:28:13Z
batch_0005,order_00008539,order_00012494,ETH-USD,1825.32,493,2026-01-01T03:28:13Z
batch_0005,order_00008539,order_00008595,ETH-USD,1825.36,110,2026-01-01T02:23:14Z
batch_0005,order_00012364,order_00008595,ETH-USD,1825.36,187,2026-01-01T03:26:03Z
batch_0005,order_00012364,order_00006992,ETH-USD,1825.56,319,2026-01-01T03:26:03Z
batch_0005,order_00012364,order_00013691,ETH-USD,1825.61,160,2026-01-01T03:48:10Z
batch_0005,order_00012364,order_00014489,ETH-USD,1825.61,22,2026-01-01T04:01:28Z
batch_0005,order_00011275,order_00014489,ETH-USD,1825.61,24,2026-01-01T04:01:28Z
batch_0005,order_00011275,order_00011034,ETH-USD,1825.63,896,2026-01-01T03:07:54Z
batch_0005,order_00011275,order_00012326,ETH-USD,1825.66,15,2026-01-01T03:25:25Z
batch_0005,order_00011672,order_00012326,ETH-USD,1825.66,71,2026-01-01T03:25:25Z
batch_0005,order_00011672,order_00006868,ETH-USD,1825.69,504,2026-01-01T03:14:31Z
batch_0005,order_00011672,order_00010628,ETH-USD,1826.02,312,2026-01-01T03:14:31Z
batch_0005,order_00014409,order_00010628,ETH-USD,1826.02,478,2026-01-01T04:00:08Z
batch_0005,order_00014409,order_00012994,ETH-USD,1826.07,47,2026-01-01T04:00:08Z
batch_0005,order_00010739,order_00012994,ETH-USD,1826.07,827,2026-01-01T03:36:33Z
batch_0005,order_00013573,order_00012994,ETH-USD,1826.07,18,2026-01-01T03:46:12Z
batch_0005,order_00013573,order_00015313,ETH-USD,1826.07,726,2026-01-01T04:15:12Z
batch_0005,order_00013573,order_00012309,ETH-USD,1826.24,162,2026-01-01T03:46:12Z
batch_0005,order_00008516,order_00012309,ETH-USD,1826.24,431,2026-01-01T03:25:08Z
batch_0005,order_00007303,order_00012309,ETH-USD,1826.24,141,2026-01-01T03:25:08Z
batch_0005,order_00007303,order_00012738,ETH-USD,1826.25,45,2026-01-01T03:32:17Z
batch_0005,order_00014043,order_00012738,ETH-USD,1826.25,45,2026-01-01T03:54:02Z
batch_0005,order_00014043,order_00013568,ETH-USD,1826.27,369,2026-01-01T03:54:02Z
batch_0005,order_00009269,order_00013568,ETH-USD,1826.27,505,2026-01-01T03:46:07Z
batch_0005,order_00009269,order_00008442,ETH-USD,1826.31,486,2026-01-01T02:34:28Z
batch_0005,order_00009832,order_00008442,ETH-USD,1826.31,31,2026-01-01T02:43:51Z
batch_0005,order_00012722,order_00008442,ETH-USD,1826.31,133,2026-01-01T03:32:01Z
batch_0005,order_00012722,order_00016120,ETH-USD,1826.42,448,2026-01-01T04:28:39Z
batch_0005,order_00012722,order_00008756,ETH-USD,1826.49,1,2026-01-01T03:32:01Z
batch_0005,order_00015949,order_00008756,ETH-USD,1826.49,334,2026-01-01T04:25:48Z
batch_0005,order_00015949,order_00010699,ETH-USD,1826.63,75,2026-01-01T04:25:48Z
batch_0005,order_00009760,order_00010699,ETH-USD,1826.63,444,2026-01-01T02:58:18Z
batch_0005,order_00009071,order_00010699,ETH-USD,1826.63,177,2026-01-01T02:58:18Z
batch_0005,order_00009071,order_00007339,ETH-USD,1826.76,277,2026-01-01T02:31:10Z
batch_0005,order_00011327,order_00007339,ETH-USD,1826.76,152,2026-01-01T03:08:46Z
batch_0005,order_00011327,order_00006654,ETH-USD,1826.94,647,2026-01-01T03:08:46Z
batch_0005,order_00008275,order_00006654,ETH-USD,1826.94,320,2026-01-01T02:17:54Z
batch_0005,order_00008275,order_00009046,ETH-USD,1826.96,433,2026-01-01T02:30:45Z
batch_0005,order_00015249,order_00009046,ETH-USD,1826.96,71,2026-01-01T04:14:08Z
batch_0005,order_00015249,order_00008327,ETH-USD,1827.07,143,2026-01-01T04:14:08Z
batch_0005,order_00014320,order_00008327,ETH-USD,1827.07,275,2026-01-01T03:58:39Z
batch_0005,order_00014320,order_00012445,ETH-USD,1827.1,383,2026-01-01T03:58:39Z
batch_0005,order_00014320,order_00007968,ETH-USD,1827.12,278,2026-01-01T03:58:39Z
batch_0005,order_00008341,order_00007968,ETH-USD,1827.12,356,2026-01-01T02:19:00Z
batch_0005,order_00008341,order_00012491,ETH-USD,1827.21,248,2026-01-01T03:28:10Z
batch_0005,order_00010434,order_00012491,ETH-USD,1827.21,199,2026-01-01T03:28:10Z
batch_0005,order_00012466,order_00012491,ETH-USD,1827.21,219,2026-01-01T03:28:10Z
batch_0005,order_00012466,order_00006894,ETH-USD,1827.48,267,2026-01-01T03:27:45Z
batch_0005,order_00012466,order_00015435,ETH-USD,1827.52,183,2026-01-01T04:17:14Z
batch_0005,order_00008290,order_00015435,ETH-USD,1827.52,336,2026-01-01T04:17:14Z
batch_0005,order_00008290,order_00009969,ETH-USD,1827.53,169,2026-01-01T02:46:08Z
batch_0005,order_00010635,order_00009969,ETH-USD,1827.53,143,2026-01-01T02:57:14Z
batch_0005,order_00010635,order_00012299,ETH-USD,1827.62,581,2026-01-01T03:24:58Z
batch_0005,order_00010635,order_00009026,ETH-USD,1827.71,81,2026-01-01T02:57:14Z
batch_0005,order_00015639,order_00009026,ETH-USD,1827.71,841,2026-01-01T04:20:38Z
batch_0005,order_00010577,order_00009026,ETH-USD,1827.71,68,2026-01-01T02:56:16Z
batch_0005,order_00010577,order_00015992,ETH-USD,1827.76,242,2026-01-01T04:26:31Z
batch_0005,order_00015620,order_00015992,ETH-USD,1827.76,207,2026-01-01T04:26:31Z
batch_0005,order_00015620,order_00011996,ETH-USD,1827.89,558,2026-01-01T04:20:19Z
batch_0005,order_00013480,order_00011996,ETH-USD,1827.89,305,2026-01-01T03:44:39Z
batch_0005,order_00013480,order_00010597,ETH-USD,1827.95,36,2026-01-01T03:44:39Z
batch_0005,order_00012272,order_00010597,ETH-USD,1827.95,543,2026-01-01T03:24:31Z
batch_0005,order_00012272,order_00015662,ETH-USD,1827.97,392,2026-01-01T04:21:01Z
batch_0005,order_00012272,order_00015609,ETH-USD,1827.98,36,2026-01-01T04:20:08Z
batch_0005,order_00007432,order_00015609,ETH-USD,1827.98,206,2026-01-01T04:20:08Z
batch_0005,order_00007432,order_00012329,ETH-USD,1828.02,780,2026-01-01T03:25:28Z
batch_0005,order_00012360,order_00012329,ETH-USD,1828.02,165,2026-01-01T03:25:59Z
batch_0005,order_00012360,order_00014914,ETH-USD,1828.03,613,2026-01-01T04:08:33Z
batch_0005,order_00012360,order_00009167,ETH-USD,1828.09,151,2026-01-01T03:25:59Z
batch_0005,order_00009341,order_00009167,ETH-USD,1828.09,578,2026-01-01T02:35:40Z
batch_0005,order_00009341,order_00010989,ETH-USD,1828.09,398,2026-01-01T03:03:08Z
batch_0005,order_00010330,order_00010989,ETH-USD,1828.09,29,2026-01-01T03:03:08Z
batch_0005,order_00012551,order_00010989,ETH-USD,1828.09,94,2026-01-01T03:29:10Z
batch_0005,order_00012551,order_00008999,ETH-USD,1828.33,574,2026-01-01T03:29:10Z
batch_0005,order_00006842,order_00008999,ETH-USD,1828.33,309,2026-01-01T02:29:58Z
batch_0005,order_00006842,order_00010836,ETH-USD,1828.4,274,2026-01-01T03:00:35Z
batch_0005,order_00009120,order_00010836,ETH-USD,1828.4,327,2026-01-01T03:00:35Z
batch_0005,order_00013002,order_00010836,ETH-USD,1828.4,50,2026-01-01T03:36:41Z
batch_0005,order_00013002,order_00011131,ETH-USD,1828.41,659,2026-01-01T03:36:41Z
batch_0005,order_00006768,order_00011131,ETH-USD,1828.41,199,2026-01-01T03:05:30Z
batch_0005,order_00006768,order_00012620,ETH-USD,1828.45,94,2026-01-01T03:30:19Z
batch_0005,order_00014752,order_00012620,ETH-USD,1828.45,128,2026-01-01T04:05:51Z
batch_0005,order_00014752,order_00012171,ETH-USD,1828.46,263,2026-01-01T04:05:51Z
batch_0005,order_00014752,order_00006694,ETH-USD,1828.52,458,2026-01-01T04:05:51Z
batch_0005,order_00012238,order_00006694,ETH-USD,1828.52,165,2026-01-01T03:23:57Z
batch_0005,order_00012238,order_00007905,ETH-USD,1828.54,255,2026-01-01T03:23:57Z
batch_0005,order_00013429,order_00007905,ETH-USD,1828.54,554,2026-01-01T03:43:48Z
batch_0005,order_00013429,order_00013113,ETH-USD,1828.65,329,2026-01-01T03:43:48Z
batch_0005,order_00013407,order_00013113,ETH-USD,1828.65,129,2026-01-01T03:43:26Z
batch_0005,order_00007643,order_00013113,ETH-USD,1828.65,477,2026-01-01T03:38:32Z
batch_0005,order_00007643,order_00015578,ETH-USD,1828.87,261,2026-01-01T04:19:37Z
batch_0005,order_00007643,order_00011445,ETH-USD,1828.92,186,2026-01-01T03:10:44Z
batch_0005,order_00014244,order_00011445,ETH-USD,1828.92,160,2026-01-01T03:57:23Z
batch_0005,order_00007748,order_00011445,ETH-USD,1828.92,108,2026-01-01T03:10:44Z
batch_0005,order_00007748,order_00011243,ETH-USD,1829.04,285,2026-01-01T03:07:22Z
batch_0005,order_00007748,order_00011864,ETH-USD,1829.17,516,2026-01-01T03:17:43Z
batch_0005,order_00014406,order_00011864,ETH-USD,1829.17,291,2026-01-01T04:00:05Z
batch_0005,order_00014406,order_00011806,ETH-USD,1829.41,117,2026-01-01T04:00:05Z
batch_0005,order_00008434,order_00011806,ETH-USD,1829.41,99,2026-01-01T03:16:45Z
batch_0005,order_00008434,order_00008293,ETH-USD,1829.49,59,2026-01-01T02:20:33Z
batch_0005,order_00008271,order_00008293,ETH-USD,1829.49,252,2026-01-01T02:18:12Z
batch_0005,order_00008271,order_00007657,ETH-USD,1829.5,89,2026-01-01T02:17:50Z
batch_0005,order_00007621,order_00007657,ETH-USD,1829.5,808,2026-01-01T02:07:36Z
batch_0005,order_00009828,order_00007657,ETH-USD,1829.5,76,2026-01-01T02:43:47Z
batch_0005,order_00009828,order_00008061,ETH-USD,1829.63,196,2026-01-01T02:43:47Z
batch_0005,order_00007014,order_00008061,ETH-USD,1829.63,48,2026-01-01T02:14:20Z
batch_0005,order_00007014,order_00010742,ETH-USD,1829.7,330,2026-01-01T02:59:01Z
batch_0005,order_00007304,order_00010742,ETH-USD,1829.7,469,2026-01-01T02:59:01Z
batch_0005,order_00007304,order_00013862,ETH-USD,1830.0,82,2026-01-01T03:51:01Z
batch_0005,order_00008790,order_00013862,ETH-USD,1830.0,359,2026-01-01T03:51:01Z
batch_0005,order_00009036,order_00013862,ETH-USD,1830.0,122,2026-01-01T03:51:01Z
batch_0005,order_00015602,order_00013862,ETH-USD,1830.0,403,2026-01-01T04:20:01Z
batch_0005,order_00015602,order_00007218,ETH-USD,1830.02,88,2026-01-01T04:20:01Z
batch_0005,order_00015128,order_00007218,ETH-USD,1830.02,748,2026-01-01T04:12:07Z
batch_0005,order_00015807,order_00007218,ETH-USD,1830.02,79,2026-01-01T04:23:26Z
batch_0005,order_00015807,order_00013767,ETH-USD,1830.02,212,2026-01-01T04:23:26Z
batch_0005,order_00015807,order_00014376,ETH-USD,1830.09,463,2026-01-01T04:23:26Z
batch_0005,order_00016032,order_00014376,ETH-USD,1830.09,132,2026-01-01T04:27:11Z
batch_0005,order_00016032,order_00009512,ETH-USD,1830.15,719,2026-01-01T04:27:11Z
batch_0005,order_00016032,order_00007106,ETH-USD,1830.21,120,2026-01-01T04:27:11Z
batch_0005,order_00008847,order_00007106,ETH-USD,1830.21,668,2026-01-01T02:27:26Z
batch_0005,order_00009336,order_00007106,ETH-USD,1830.21,83,2026-01-01T02:35:35Z
batch_0005,order_00009336,order_00014848,ETH-USD,1830.52,386,2026-01-01T04:07:27Z
batch_0005,order_00009336,order_00015714,ETH-USD,1830.58,302,2026-01-01T04:21:53Z
batch_0005,order_00009336,order_00010062,ETH-USD,1830.6,109,2026-01-01T02:47:41Z
batch_0005,order_00014500,order_00010062,ETH-USD,1830.6,585,2026-01-01T04:01:39Z
batch_0005,order_00014574,order_00010062,ETH-USD,1830.6,19,2026-01-01T04:02:53Z
batch_0005,order_00014574,order_00013919,ETH-USD,1830.69,355,2026-01-01T04:02:53Z
batch_0005,order_00007497,order_00013919,ETH-USD,1830.69,532,2026-01-01T03:51:58Z
batch_0005,order_00007497,order_00010694,ETH-USD,1830.71,29,2026-01-01T02:58:13Z
batch_0005,order_00007497,order_00014769,ETH-USD,1830.84,9,2026-01-01T04:06:08Z
batch_0005,order_00007565,order_00014769,ETH-USD,1830.84,75,2026-01-01T04:06:08Z
batch_0005,order_00006618,order_00014769,ETH-USD,1830.84,136,2026-01-01T04:06:08Z
batch_0005,order_00014027,order_00014769,ETH-USD,1830.84,615,2026-01-01T04:06:08Z
batch_0005,order_00014027,order_00007146,ETH-USD,1830.87,97,2026-01-01T03:53:46Z
batch_0005,order_00010372,order_00007146,ETH-USD,1830.87,419,2026-01-01T02:52:51Z
batch_0005,order_00011269,order_00007146,ETH-USD,1830.87,158,2026-01-01T03:07:48Z
batch_0005,order_00011269,order_00012321,ETH-USD,1830.94,426,2026-01-01T03:25:20Z
batch_0005,order_00011269,order_00011896,ETH-USD,1830.95,34,2026-01-01T03:18:15Z
batch_0005,order_00011269,order_00009522,ETH-USD,1831.27,150,2026-01-01T03:07:48Z
batch_0005,order_00016397,order_00009522,ETH-USD,1831.27,131,2026-01-01T04:33:16Z
batch_0005,order_00016397,order_00016551,ETH-USD,1831.56,210,2026-01-01T04:35:50Z
batch_0005,order_00016397,order_00009587,ETH-USD,1831.61,3,2026-01-01T04:33:16Z
batch_0005,order_00007272,order_00009587,ETH-USD,1831.61,455,2026-01-01T02:39:46Z
batch_0005,order_00007272,order_00010170,ETH-USD,1831.63,237,2026-01-01T02:49:29Z
batch_0005,order_00007272,order_00012582,ETH-USD,1831.81,262,2026-01-01T03:29:41Z
batch_0005,order_00011111,order_00012582,ETH-USD,1831.81,8,2026-01-01T03:29:41Z
batch_0005,order_00011111,order_00015819,ETH-USD,1831.81,425,2026-01-01T04:23:38Z
batch_0005,order_00011111,order_00014616,ETH-USD,1831.82,19,2026-01-01T04:03:35Z
batch_0005,order_00011341,order_00014616,ETH-USD,1831.82,107,2026-01-01T04:03:35Z
batch_0005,order_00011341,order_00012743,ETH-USD,1831.89,461,2026-01-01T03:32:22Z
batch_0005,order_00011341,order_00007165,ETH-USD,1831.97,2,2026-01-01T03:09:00Z
batch_0005,order_00013235,order_00007165,ETH-USD,1831.97,679,2026-01-01T03:40:34Z
batch_0005,order_00013235,order_00010852,ETH-USD,1831.98,155,2026-01-01T03:40:34Z
batch_0005,order_00011600,order_00010852,ETH-USD,1831.98,755,2026-01-01T03:13:19Z
batch_0005,order_00011600,order_00008303,ETH-USD,1832.01,113,2026-01-01T03:13:19Z
batch_0005,order_00013224,order_00008303,ETH-USD,1832.01,10,2026-01-01T03:40:23Z
batch_0005,order_00008362,order_00008303,ETH-USD,1832.01,77,2026-01-01T02:19:21Z
batch_0005,order_00014732,order_00008303,ETH-USD,1832.01,611,2026-01-01T04:05:31Z
batch_0005,order_00009029,order_00008303,ETH-USD,1832.01,52,2026-01-01T02:30:28Z
batch_0005,order_00009029,order_00008241,ETH-USD,1832.11,860,2026-01-01T02:30:28Z
batch_0005,order_00009400,order_00008241,ETH-USD,1832.11,102,2026-01-01T02:36:39Z
batch_0005,order_00009400,order_00015187,ETH-USD,1832.12,243,2026-01-01T04:13:06Z
batch_0005,order_00009751,order_00015187,ETH-USD,1832.12,343,2026-01-01T04:13:06Z
batch_0005,order_00013910,order_00015187,ETH-USD,1832.12,251,2026-01-01T04:13:06Z
batch_0005,order_00013910,order_00009567,ETH-USD,1832.32,403,2026-01-01T03:51:49Z
batch_0005,order_00013512,order_00009567,ETH-USD,1832.32,127,2026-01-01T03:45:11Z
batch_0005,order_00013512,order_00012454,ETH-USD,1832.38,450,2026-01-01T03:45:11Z
batch_0005,order_00013512,order_00015727,ETH-USD,1832.49,223,2026-01-01T04:22:06Z
batch_0005,order_00015165,order_00015727,ETH-USD,1832.49,316,2026-01-01T04:22:06Z
batch_0005,order_00015165,order_00013589,ETH-USD,1832.52,194,2026-01-01T04:12:44Z
batch_0005,order_00015165,order_00006710,ETH-USD,1832.57,172,2026-01-01T04:12:44Z
batch_0005,order_00008538,order_00006710,ETH-USD,1832.57,11,2026-01-01T02:22:17Z
batch_0005,order_00008538,order_00014687,ETH-USD,1832.68,39,2026-01-01T04:04:46Z
batch_0005,order_00012891,order_00014687,ETH-USD,1832.68,10,2026-01-01T04:04:46Z
batch_0005,order_00012891,order_00008968,ETH-USD,1832.76,34,2026-01-01T03:34:50Z
batch_0005,order_00012891,order_00010896,ETH-USD,1832.92,53,2026-01-01T03:34:50Z
batch_0005,order_00012891,order_00012779,ETH-USD,1833.1,39,2026-01-01T03:34:50Z
batch_0005,order_00012891,order_00008117,ETH-USD,1833.13,751,2026-01-01T03:34:50Z
batch_0005,order_00014933,order_00008117,ETH-USD,1833.13,227,2026-01-01T04:08:52Z
batch_0005,order_00014933,order_00008577,ETH-USD,1833.16,427,2026-01-01T04:08:52Z
batch_0005,order_00014933,order_00016082,ETH-USD,1833.17,267,2026-01-01T04:28:01Z
batch_0005,order_00015865,order_00016082,ETH-USD,1833.17,232,2026-01-01T04:28:01Z
batch_0005,order_00015865,order_00012558,ETH-USD,1833.44,545,2026-01-01T04:24:24Z
batch_0005,order_00012923,order_00012558,ETH-USD,1833.44,333,2026-01-01T03:35:22Z
batch_0005,order_00012923,order_00009991,ETH-USD,1833.58,329,2026-01-01T03:35:22Z
batch_0005,order_00007619,order_00009991,ETH-USD,1833.58,233,2026-01-01T02:46:30Z
batch_0005,order_00008215,order_00009991,ETH-USD,1833.58,42,2026-01-01T02:46:30Z
batch_0005,order_00008215,order_00015555,ETH-USD,1833.69,11,2026-01-01T04:19:14Z
batch_0005,order_00013686,order_00015555,ETH-USD,1833.69,762,2026-01-01T04:19:14Z
batch_0005,order_00013686,order_00011754,ETH-USD,1833.79,193,2026-01-01T03:48:05Z
batch_0005,order_00014729,order_00011754,ETH-USD,1833.79,125,2026-01-01T04:05:28Z
batch_0005,order_00014729,order_00014517,ETH-USD,1833.98,180,2026-01-01T04:05:28Z
batch_0005,order_00015010,order_00014517,ETH-USD,1833.98,58,2026-01-01T04:10:09Z
batch_0005,order_00015596,order_00014517,ETH-USD,1833.98,454,2026-01-01T04:19:55Z
batch_0005,order_00015596,order_00016090,ETH-USD,1833.98,103,2026-01-01T04:28:09Z
batch_0005,order_00015596,order_00007438,ETH-USD,1834.07,116,2026-01-01T04:19:55Z
batch_0005,order_00015596,order_00013381,ETH-USD,1834.1,132,2026-01-01T04:19:55Z
batch_0005,order_00015596,order_00016062,ETH-USD,1834.1,83,2026-01-01T04:27:41Z
batch_0005,order_00009045,order_00016062,ETH-USD,1834.1,509,2026-01-01T04:27:41Z
batch_0005,order_00009045,order_00014412,ETH-USD,1834.11,398,2026-01-01T04:00:11Z
batch_0005,order_00010840,order_00014412,ETH-USD,1834.11,457,2026-01-01T04:00:11Z
batch_0005,order_00010095,order_00014412,ETH-USD,1834.11,141,2026-01-01T04:00:11Z
batch_0005,order_00010095,order_00015308,ETH-USD,1834.16,252,2026-01-01T04:15:07Z
batch_0005,order_00013964,order_00015308,ETH-USD,1834.16,229,2026-01-01T04:15:07Z
batch_0005,order_00012574,order_00015308,ETH-USD,1834.16,191,2026-01-01T04:15:07Z
batch_0005,order_00012574,order_00013996,ETH-USD,1834.32,495,2026-01-01T03:53:15Z
batch_0005,order_00013634,order_00013996,ETH-USD,1834.32,371,2026-01-01T03:53:15Z
batch_0005,order_00013634,order_00013951,ETH-USD,1834.39,173,2026-01-01T03:52:30Z
batch_0005,order_00011770,order_00013951,ETH-USD,1834.39,554,2026-01-01T03:52:30Z
batch_0005,order_00009479,order_00013951,ETH-USD,1834.39,58,2026-01-01T03:52:30Z
batch_0005,order_00009479,order_00014318,ETH-USD,1834.66,400,2026-01-01T03:58:37Z
batch_0005,order_00009479,order_00009543,ETH-USD,1834.69,212,2026-01-01T02:39:02Z
batch_0005,order_00009479,order_00011079,ETH-USD,1834.78,271,2026-01-01T03:04:38Z
batch_0005,order_00009060,order_00011079,ETH-USD,1834.78,21,2026-01-01T03:04:38Z
batch_0005,order_00009060,order_00008865,ETH-USD,1834.8,22,2026-01-01T02:30:59Z
batch_0005,order_00013519,order_00008865,ETH-USD,1834.8,208,2026-01-01T03:45:18Z
batch_0005,order_00013519,order_00010926,ETH-USD,1834.86,204,2026-01-01T03:45:18Z
batch_0005,order_00013519,order_00014659,ETH-USD,1834.96,154,2026-01-01T04:04:18Z
batch_0005,order_00011286,order_00014659,ETH-USD,1834.96,129,2026-01-01T04:04:18Z
batch_0005,order_00009739,order_00014659,ETH-USD,1834.96,415,2026-01-01T04:04:18Z
batch_0005,order_00009739,order_00007550,ETH-USD,1835.11,26,2026-01-01T02:42:18Z
batch_0005,order_00009739,order_00010982,ETH-USD,1835.12,387,2026-01-01T03:03:01Z
batch_0005,order_00012672,order_00010982,ETH-USD,1835.12,377,2026-01-01T03:31:11Z
batch_0005,order_00012672,order_00011506,ETH-USD,1835.17,19,2026-01-01T03:31:11Z
batch_0005,order_00012672,order_00007202,ETH-USD,1835.31,9,2026-01-01T03:31:11Z
batch_0005,order_00007019,order_00007202,ETH-USD,1835.31,478,2026-01-01T02:00:01Z
batch_0005,order_00011710,order_00007202,ETH-USD,1835.31,184,2026-01-01T03:15:09Z
batch_0005,order_00011710,order_00008809,ETH-USD,1835.31,721,2026-01-01T03:15:09Z
batch_0005,order_00010469,order_00008809,ETH-USD,1835.31,153,2026-01-01T02:54:28Z
batch_0005,order_00010469,order_00015630,ETH-USD,1835.33,296,2026-01-01T04:20:29Z
batch_0005,order_00010469,order_00009152,ETH-USD,1835.42,259,2026-01-01T02:54:28Z
batch_0005,order_00010469,order_00008515,ETH-USD,1835.44,216,2026-01-01T02:54:28Z
batch_0005,order_00016197,order_00008515,ETH-USD,1835.44,81,2026-01-01T04:29:56Z
batch_0005,order_00010148,order_00008515,ETH-USD,1835.44,64,2026-01-01T02:49:07Z
batch_0005,order_00010148,order_00014428,ETH-USD,1835.63,280,2026-01-01T04:00:27Z
batch_0005,order_00010148,order_00014946,ETH-USD,1835.66,380,2026-01-01T04:09:05Z
batch_0005,order_00008774,order_00014946,ETH-USD,1835.66,286,2026-01-01T04:09:05Z
batch_0005,order_00007496,order_00014946,ETH-USD,1835.66,232,2026-01-01T04:09:05Z
batch_0005,order_00007496,order_00014502,ETH-USD,1835.68,248,2026-01-01T04:01:41Z
batch_0005,order_00007493,order_00014502,ETH-USD,1835.68,54,2026-01-01T04:01:41Z
batch_0005,order_00007493,order_00015739,ETH-USD,1835.85,795,2026-01-01T04:22:18Z
batch_0005,order_00008835,order_00015739,ETH-USD,1835.85,187,2026-01-01T04:22:18Z
batch_0005,order_00008835,order_00006920,ETH-USD,1836.01,542,2026-01-01T02:27:14Z
batch_0005,order_00008746,order_00006920,ETH-USD,1836.01,451,2026-01-01T02:25:45Z
batch_0005,order_00008746,order_00009434,ETH-USD,1836.23,454,2026-01-01T02:37:13Z
batch_0005,order_00008746,order_00009468,ETH-USD,1836.25,80,2026-01-01T02:37:47Z
batch_0005,order_00007181,order_00009468,ETH-USD,1836.25,258,2026-01-01T02:37:47Z
batch_0005,order_00007204,order_00009468,ETH-USD,1836.25,140,2026-01-01T02:37:47Z
batch_0005,order_00015340,order_00009468,ETH-USD,1836.25,350,2026-01-01T04:15:39Z
batch_0005,order_00015340,order_00012787,ETH-USD,1836.56,187,2026-01-01T04:15:39Z
batch_0005,order_00015340,order_00006728,ETH-USD,1836.75,81,2026-01-01T04:15:39Z
batch_0005,order_00015340,order_00012878,ETH-USD,1836.76,293,2026-01-01T04:15:39Z
batch_0005,order_00013937,order_00012878,ETH-USD,1836.76,272,2026-01-01T03:52:16Z
batch_0005,order_00013937,order_00009164,ETH-USD,1836.91,41,2026-01-01T03:52:16Z
batch_0005,order_00013937,order_00015910,ETH-USD,1837.06,339,2026-01-01T04:25:09Z
batch_0005,order_00013937,order_00008311,ETH-USD,1837.09,163,2026-01-01T03:52:16Z
batch_0005,order_00016549,order_00008311,ETH-USD,1837.09,76,2026-01-01T04:35:48Z
batch_0005,order_00008285,order_00008311,ETH-USD,1837.09,49,2026-01-01T02:18:30Z
batch_0005,order_00010252,order_00008311,ETH-USD,1837.09,198,2026-01-01T02:50:51Z
batch_0005,order_00015619,order_00008311,ETH-USD,1837.09,69,2026-01-01T04:20:18Z
batch_0005,order_00015619,order_00009190,ETH-USD,1837.13,79,2026-01-01T04:20:18Z
batch_0005,order_00015619,order_00016514,ETH-USD,1837.22,601,2026-01-01T04:35:13Z
batch_0005,order_00015619,order_00012484,ETH-USD,1837.35,31,2026-01-01T04:20:18Z
batch_0005,order_00015619,order_00009785,ETH-USD,1837.37,123,2026-01-01T04:20:18Z
batch_0005,order_00009255,order_00009785,ETH-USD,1837.37,98,2026-01-01T02:43:04Z
batch_0005,order_00009255,order_00014870,ETH-USD,1837.5,387,2026-01-01T04:07:49Z
batch_0005,order_00009255,order_00015728,ETH-USD,1837.5,55,2026-01-01T04:22:07Z
batch_0005,order_00009255,order_00012025,ETH-USD,1837.51,36,2026-01-01T03:20:24Z
batch_0005,order_00009255,order_00009661,ETH-USD,1837.59,34,2026-01-01T02:41:00Z
batch_0005,order_00009255,order_00012266,ETH-USD,1837.77,331,2026-01-01T03:24:25Z
batch_0005,order_00014366,order_00012266,ETH-USD,1837.77,313,2026-01-01T03:59:25Z
batch_0005,order_00013595,order_00012266,ETH-USD,1837.77,144,2026-01-01T03:46:34Z
batch_0005,order_00015354,order_00012266,ETH-USD,1837.77,140,2026-01-01T04:15:53Z
batch_0005,order_00015354,order_00009635,ETH-USD,1837.8,238,2026-01-01T04:15:53Z
batch_0005,order_00015354,order_00015650,ETH-USD,1837.85,55,2026-01-01T04:20:49Z
batch_0005,order_00010996,order_00015650,ETH-USD,1837.85,777,2026-01-01T04:20:49Z
batch_0005,order_00010996,order_00016248,ETH-USD,1837.95,88,2026-01-01T04:30:47Z
batch_0005,order_00010996,order_00013344,ETH-USD,1838.01,20,2026-01-01T03:42:23Z
batch_0005,order_00010998,order_00013344,ETH-USD,1838.01,268,2026-01-01T03:42:23Z
batch_0005,order_00010237,order_00013344,ETH-USD,1838.01,384,2026-01-01T03:42:23Z
batch_0005,order_00010237,order_00007099,ETH-USD,1838.18,20,2026-01-01T02:50:36Z
batch_0005,order_00010237,order_00011511,ETH-USD,1838.19,164,2026-01-01T03:11:50Z
batch_0005,order_00008261,order_00011511,ETH-USD,1838.19,121,2026-01-01T03:11:50Z
batch_0005,order_00008261,order_00012666,ETH-USD,1838.22,198,2026-01-01T03:31:05Z
batch_0005,order_00008261,order_00008396,ETH-USD,1838.26,8,2026-01-01T02:19:55Z
batch_0005,order_00008261,order_00009291,ETH-USD,1838.34,409,2026-01-01T02:34:50Z
batch_0005,order_00012350,order_00009291,ETH-USD,1838.34,75,2026-01-01T03:25:49Z
batch_0005,order_00012350,order_00013513,ETH-USD,1838.35,232,2026-01-01T03:45:12Z
batch_0005,order_00016493,order_00013513,ETH-USD,1838.35,475,2026-01-01T04:34:52Z
batch_0005,order_00016493,order_00013672,ETH-USD,1838.35,113,2026-01-01T04:34:52Z
batch_0005,order_00011501,order_00013672,ETH-USD,1838.35,237,2026-01-01T03:47:51Z
batch_0005,order_00015027,order_00013672,ETH-USD,1838.35,231,2026-01-01T04:10:26Z
batch_0005,order_00015027,order_00012763,ETH-USD,1838.41,399,2026-01-01T04:10:26Z
batch_0005,order_00015027,order_00011631,ETH-USD,1838.44,155,2026-01-01T04:10:26Z
batch_0005,order_00013680,order_00011631,ETH-USD,1838.44,71,2026-01-01T03:47:59Z
batch_0005,order_00006987,order_00011631,ETH-USD,1838.44,693,2026-01-01T03:13:50Z
batch_0005,order_00013221,order_00011631,ETH-USD,1838.44,34,2026-01-01T03:40:20Z
batch_0005,order_00013221,order_00015348,ETH-USD,1838.49,16,2026-01-01T04:15:47Z
batch_0005,order_00015481,order_00015348,ETH-USD,1838.49,582,2026-01-01T04:18:00Z
batch_0005,order_00015481,order_00013074,ETH-USD,1838.56,316,2026-01-01T04:18:00Z
batch_0005,order_00013527,order_00013074,ETH-USD,1838.56,214,2026-01-01T03:45:26Z
batch_0005,order_00013527,order_00015396,ETH-USD,1838.68,402,2026-01-01T04:16:35Z
batch_0005,order_00013527,order_00012677,ETH-USD,1838.81,223,2026-01-01T03:45:26Z
batch_0005,order_00008009,order_00012677,ETH-USD,1838.81,484,2026-01-01T03:31:16Z
batch_0005,order_00010948,order_00012677,ETH-USD,1838.81,44,2026-01-01T03:31:16Z
batch_0005,order_00010948,order_00011463,ETH-USD,1838.89,71,2026-01-01T03:11:02Z
batch_0005,order_00010948,order_00009667,ETH-USD,1838.9,404,2026-01-01T03:02:27Z
batch_0005,order_00010948,order_00015674,ETH-USD,1838.95,440,2026-01-01T04:21:13Z
batch_0005,order_00011662,order_00015674,ETH-USD,1838.95,401,2026-01-01T04:21:13Z
batch_0005,order_00011662,order_00013504,ETH-USD,1838.98,175,2026-01-01T03:45:03Z
batch_0005,order_00010833,order_00013504,ETH-USD,1838.98,308,2026-01-01T03:45:03Z
batch_0005,order_00016045,order_00013504,ETH-USD,1838.98,141,2026-01-01T04:27:24Z
batch_0005,order_00016045,order_00013399,ETH-USD,1839.04,787,2026-01-01T04:27:24Z
batch_0005,order_00016045,order_00016381,ETH-USD,1839.18,29,2026-01-01T04:33:00Z
batch_0005,order_00012065,order_00016381,ETH-USD,1839.18,350,2026-01-01T04:33:00Z
batch_0005,order_00012065,order_00014664,ETH-USD,1839.31,541,2026-01-01T04:04:23Z
batch_0005,order_00016052,order_00014664,ETH-USD,1839.31,240,2026-01-01T04:27:31Z
batch_0005,order_00016052,order_00011970,ETH-USD,1839.45,256,2026-01-01T04:27:31Z
batch_0005,order_00016052,order_00008784,ETH-USD,1839.49,294,2026-01-01T04:27:31Z
batch_0005,order_00014151,order_00008784,ETH-USD,1839.49,132,2026-01-01T03:55:50Z
batch_0005,order_00014151,order_00015824,ETH-USD,1839.71,638,2026-01-01T04:23:43Z
batch_0005,order_00014151,order_00015030,ETH-USD,1839.75,12,2026-01-01T04:10:29Z
batch_0005,order_00012429,order_00015030,ETH-USD,1839.75,117,2026-01-01T04:10:29Z
batch_0005,order_00012429,order_00008775,ETH-USD,1839.84,98,2026-01-01T03:27:08Z
batch_0005,order_00013612,order_00008775,ETH-USD,1839.84,301,2026-01-01T03:46:51Z
batch_0005,order_00013612,order_00014097,ETH-USD,1839.9,297,2026-01-01T03:54:56Z
batch_0005,order_00013612,order_00014415,ETH-USD,1839.93,52,2026-01-01T04:00:14Z
batch_0005,order_00011849,order_00014415,ETH-USD,1839.93,295,2026-01-01T04:00:14Z
batch_0005,order_00011849,order_00014740,ETH-USD,1840.04,117,2026-01-01T04:05:39Z
batch_0005,order_00010774,order_00014740,ETH-USD,1840.04,427,2026-01-01T04:05:39Z
batch_0005,order_00014940,order_00014740,ETH-USD,1840.04,357,2026-01-01T04:08:59Z
batch_0005,order_00014940,order_00006985,ETH-USD,1840.06,224,2026-01-01T04:08:59Z
batch_0005,order_00014940,order_00008437,ETH-USD,1840.1,39,2026-01-01T04:08:59Z
batch_0005,order_00012461,order_00008437,ETH-USD,1840.1,314,2026-01-01T03:27:40Z
batch_0005,order_00008338,order_00008437,ETH-USD,1840.1,582,2026-01-01T02:20:36Z
batch_0005,order_00008338,order_00006673,ETH-USD,1840.2,409,2026-01-01T02:18:57Z
batch_0005,order_00014881,order_00006673,ETH-USD,1840.2,10,2026-01-01T04:08:00Z
batch_0005,order_00014881,order_00016576,ETH-USD,1840.33,167,2026-01-01T04:36:15Z
batch_0005,order_00014881,order_00014710,ETH-USD,1840.36,334,2026-01-01T04:08:00Z
batch_0005,order_00014881,order_00015590,ETH-USD,1840.84,20,2026-01-01T04:19:49Z
batch_0005,order_00008056,order_00015590,ETH-USD,1840.84,97,2026-01-01T04:19:49Z
batch_0005,order_00008985,order_00015590,ETH-USD,1840.84,446,2026-01-01T04:19:49Z
batch_0005,order_00008985,order_00015393,ETH-USD,1840.91,247,2026-01-01T04:16:32Z
batch_0005,order_00009154,order_00015393,ETH-USD,1840.91,328,2026-01-01T04:16:32Z
batch_0005,order_00009154,order_00010919,ETH-USD,1840.96,239,2026-01-01T03:01:58Z
batch_0005,order_00015103,order_00010919,ETH-USD,1840.96,41,2026-01-01T04:11:42Z
batch_0005,order_00008771,order_00010919,ETH-USD,1840.96,14,2026-01-01T03:01:58Z
batch_0005,order_00008771,order_00016423,ETH-USD,1840.99,68,2026-01-01T04:33:42Z
batch_0005,order_00008771,order_00007885,ETH-USD,1841.05,459,2026-01-01T02:26:10Z
batch_0005,order_00008771,order_00014551,ETH-USD,1841.07,175,2026-01-01T04:02:30Z
batch_0005,order_00008771,order_00016427,ETH-USD,1841.17,145,2026-01-01T04:33:46Z
batch_0005,order_00011574,order_00016427,ETH-USD,1841.17,690,2026-01-01T04:33:46Z
batch_0005,order_00010778,order_00016427,ETH-USD,1841.17,61,2026-01-01T04:33:46Z
batch_0005,order_00010778,order_00008024,ETH-USD,1841.19,823,2026-01-01T02:59:37Z
batch_0005,order_00010778,order_00007426,ETH-USD,1841.21,71,2026-01-01T02:59:37Z
batch_0005,order_00006927,order_00007426,ETH-USD,1841.21,526,2026-01-01T02:03:45Z
batch_0005,order_00014036,order_00007426,ETH-USD,1841.21,69,2026-01-01T03:53:55Z
batch_0005,order_00012973,order_00007426,ETH-USD,1841.21,5,2026-01-01T03:36:12Z
batch_0005,order_00012973,order_00009509,ETH-USD,1841.29,334,2026-01-01T03:36:12Z
batch_0005,order_00006625,order_00009509,ETH-USD,1841.29,461,2026-01-01T02:38:28Z
batch_0005,order_00006625,order_00007780,ETH-USD,1841.34,425,2026-01-01T02:09:39Z
batch_0005,order_00006625,order_00010872,ETH-USD,1841.35,13,2026-01-01T03:01:11Z
batch_0005,order_00012493,order_00010872,ETH-USD,1841.35,536,2026-01-01T03:28:12Z
batch_0005,order_00012493,order_00011984,ETH-USD,1841.41,117,2026-01-01T03:28:12Z
batch_0005,order_00012493,order_00012079,ETH-USD,1841.44,253,2026-01-01T03:28:12Z
batch_0005,order_00015547,order_00012079,ETH-USD,1841.44,223,2026-01-01T04:19:06Z
batch_0005,order_00012230,order_00012079,ETH-USD,1841.44,422,2026-01-01T03:23:49Z
batch_0005,order_00012230,order_00008597,ETH-USD,1841.46,157,2026-01-01T03:23:49Z
batch_0005,order_00015697,order_00008597,ETH-USD,1841.46,297,2026-01-01T04:21:36Z
batch_0005,order_00012435,order_00008597,ETH-USD,1841.46,75,2026-01-01T03:27:14Z
batch_0005,order_00012435,order_00013530,ETH-USD,1841.58,2,2026-01-01T03:45:29Z
batch_0005,order_00012435,order_00010353,ETH-USD,1841.66,302,2026-01-01T03:27:14Z
batch_0005,order_00014952,order_00010353,ETH-USD,1841.66,207,2026-01-01T04:09:11Z
batch_0005,order_00015418,order_00010353,ETH-USD,1841.66,305,2026-01-01T04:16:57Z
batch_0005,order_00015418,order_00008900,ETH-USD,1841.67,214,2026-01-01T04:16:57Z
batch_0005,order_00015601,order_00008900,ETH-USD,1841.67,197,2026-01-01T04:20:00Z
batch_0005,order_00015601,order_00009093,ETH-USD,1841.7,119,2026-01-01T04:20:00Z
batch_0005,order_00012599,order_00009093,ETH-USD,1841.7,182,2026-01-01T03:29:58Z
batch_0005,order_00012599,order_00016187,ETH-USD,1841.75,257,2026-01-01T04:29:46Z
batch_0005,order_00012599,order_00009649,ETH-USD,1841.76,439,2026-01-01T03:29:58Z
batch_0005,order_00007547,order_00009649,ETH-USD,1841.76,505,2026-01-01T02:40:48Z
batch_0005,order_00007547,order_00012085,ETH-USD,1841.93,386,2026-01-01T03:21:24Z
batch_0005,order_00011595,order_00012085,ETH-USD,1841.93,468,2026-01-01T03:21:24Z
batch_0005,order_00011595,order_00007170,ETH-USD,1841.95,34,2026-01-01T03:13:14Z
batch_0005,order_00011595,order_00013378,ETH-USD,1842.28,363,2026-01-01T03:42:57Z
batch_0005,order_00015421,order_00013378,ETH-USD,1842.28,166,2026-01-01T04:17:00Z
batch_0005,order_00015421,order_00014692,ETH-USD,1842.31,434,2026-01-01T04:17:00Z
batch_0005,order_00008913,order_00014692,ETH-USD,1842.31,57,2026-01-01T04:04:51Z
batch_0005,order_00010209,order_00014692,ETH-USD,1842.31,108,2026-01-01T04:04:51Z
batch_0005,order_00010829,order_00014692,ETH-USD,1842.31,369,2026-01-01T04:04:51Z
batch_0005,order_00010829,order_00015069,ETH-USD,1842.31,335,2026-01-01T04:11:08Z
batch_0005,order_00010865,order_00015069,ETH-USD,1842.31,542,2026-01-01T04:11:08Z
batch_0005,order_00010865,order_00016313,ETH-USD,1842.32,230,2026-01-01T04:31:52Z
batch_0005,order_00010300,order_00016313,ETH-USD,1842.32,83,2026-01-01T04:31:52Z
batch_0005,order_00016128,order_00016313,ETH-USD,1842.32,190,2026-01-01T04:31:52Z
batch_0005,order_00016128,order_00010433,ETH-USD,1842.42,150,2026-01-01T04:28:47Z
batch_0005,order_00016128,order_00008206,ETH-USD,1842.59,501,2026-01-01T04:28:47Z
batch_0005,order_00007124,order_00008206,ETH-USD,1842.59,339,2026-01-01T02:16:45Z
batch_0005,order_00007124,order_00015326,ETH-USD,1842.73,444,2026-01-01T04:15:25Z
batch_0005,order_00012795,order_00015326,ETH-USD,1842.73,318,2026-01-01T04:15:25Z
batch_0005,order_00012795,order_00012075,ETH-USD,1842.76,10,2026-01-01T03:33:14Z
batch_0005,order_00011329,order_00012075,ETH-USD,1842.76,42,2026-01-01T03:21:14Z
batch_0005,order_00011329,order_00011289,ETH-USD,1842.89,582,2026-01-01T03:08:48Z
batch_0005,order_00011329,order_00008316,ETH-USD,1843.0,108,2026-01-01T03:08:48Z
batch_0005,order_00011329,order_00016358,ETH-USD,1843.01,199,2026-01-01T04:32:37Z
batch_0005,order_00007148,order_00016358,ETH-USD,1843.01,404,2026-01-01T04:32:37Z
batch_0005,order_00010527,order_00016358,ETH-USD,1843.01,21,2026-01-01T04:32:37Z
batch_0005,order_00006651,order_00016358,ETH-USD,1843.01,5,2026-01-01T04:32:37Z
batch_0005,order_00013731,order_00016358,ETH-USD,1843.01,217,2026-01-01T04:32:37Z
batch_0005,order_00013731,order_00014424,ETH-USD,1843.21,179,2026-01-01T04:00:23Z
batch_0005,order_00013731,order_00010123,ETH-USD,1843.23,32,2026-01-01T03:48:50Z
batch_0005,order_00013731,order_00008544,ETH-USD,1843.31,3,2026-01-01T03:48:50Z
batch_0005,order_00007598,order_00008544,ETH-USD,1843.31,440,2026-01-01T02:22:23Z
batch_0005,order_00015121,order_00008544,ETH-USD,1843.31,50,2026-01-01T04:12:00Z
batch_0005,order_00015121,order_00010100,ETH-USD,1843.34,367,2026-01-01T04:12:00Z
batch_0005,order_00015121,order_00014968,ETH-USD,1843.51,283,2026-01-01T04:12:00Z
batch_0005,order_00015121,order_00010490,ETH-USD,1843.53,54,2026-01-01T04:12:00Z
batch_0005,order_00008512,order_00010490,ETH-USD,1843.53,203,2026-01-01T02:54:49Z
batch_0005,order_00008512,order_00016129,ETH-USD,1843.58,166,2026-01-01T04:28:48Z
batch_0005,order_00008512,order_00008845,ETH-USD,1843.65,582,2026-01-01T02:27:24Z
batch_0005,order_00008512,order_00008507,ETH-USD,1843.72,39,2026-01-01T02:21:51Z
batch_0005,order_00008512,order_00016322,ETH-USD,1843.84,8,2026-01-01T04:32:01Z
batch_0005,order_00012298,order_00016322,ETH-USD,1843.84,722,2026-01-01T04:32:01Z
batch_0005,order_00010751,order_00016322,ETH-USD,1843.84,211,2026-01-01T04:32:01Z
batch_0005,order_00010751,order_00007624,ETH-USD,1843.98,360,2026-01-01T02:59:10Z
batch_0005,order_00010751,order_00011451,ETH-USD,1843.99,165,2026-01-01T03:10:50Z
batch_0005,order_00015569,order_00011451,ETH-USD,1843.99,363,2026-01-01T04:19:28Z
batch_0005,order_00015569,order_00011882,ETH-USD,1844.14,74,2026-01-01T04:19:28Z
batch_0005,order_00015569,order_00009033,ETH-USD,1844.35,28,2026-01-01T04:19:28Z
batch_0005,order_00015569,order_00007637,ETH-USD,1844.4,175,2026-01-01T04:19:28Z
batch_0005,order_00016064,order_00007637,ETH-USD,1844.4,178,2026-01-01T04:27:43Z
batch_0005,order_00016064,order_00012714,ETH-USD,1844.57,387,2026-01-01T04:27:43Z
batch_0005,order_00016064,order_00012248,ETH-USD,1844.68,376,2026-01-01T04:27:43Z
batch_0005,order_00015036,order_00012248,ETH-USD,1844.68,225,2026-01-01T04:10:35Z
batch_0005,order_00015036,order_00015123,ETH-USD,1844.79,487,2026-01-01T04:12:02Z
batch_0005,order_00013632,order_00015123,ETH-USD,1844.79,294,2026-01-01T04:12:02Z
batch_0005,order_00013632,order_00009180,ETH-USD,1844.81,31,2026-01-01T03:47:11Z
batch_0005,order_00013632,order_00014971,ETH-USD,1844.81,91,2026-01-01T04:09:30Z
batch_0005,order_00007277,order_00014971,ETH-USD,1844.81,590,2026-01-01T04:09:30Z
batch_0005,order_00012183,order_00014971,ETH-USD,1844.81,229,2026-01-01T04:09:30Z
batch_0005,order_00012183,order_00010021,ETH-USD,1844.83,292,2026-01-01T03:23:02Z
batch_0005,order_00008660,order_00010021,ETH-USD,1844.83,128,2026-01-01T02:47:00Z
batch_0005,order_00007499,order_00010021,ETH-USD,1844.83,283,2026-01-01T02:47:00Z
batch_0005,order_00007499,order_00015786,ETH-USD,1844.85,221,2026-01-01T04:23:05Z
batch_0005,order_00008493,order_00015786,ETH-USD,1844.85,125,2026-01-01T04:23:05Z
batch_0005,order_00014448,order_00015786,ETH-USD,1844.85,222,2026-01-01T04:23:05Z
batch_0005,order_00010570,order_00015786,ETH-USD,1844.85,281,2026-01-01T04:23:05Z
batch_0005,order_00011893,order_00015786,ETH-USD,1844.85,119,2026-01-01T04:23:05Z
batch_0005,order_00011893,order_00011458,ETH-USD,1844.92,759,2026-01-01T03:18:12Z
batch_0005,order_00011893,order_00011163,ETH-USD,1845.0,104,2026-01-01T03:18:12Z
batch_0005,order_00008143,order_00011163,ETH-USD,1845.0,621,2026-01-01T03:06:02Z
batch_0005,order_00008143,order_00016365,ETH-USD,1845.12,180,2026-01-01T04:32:44Z
batch_0005,order_00007283,order_00016365,ETH-USD,1845.12,433,2026-01-01T04:32:44Z
batch_0005,order_00007283,order_00012964,ETH-USD,1845.44,22,2026-01-01T03:36:03Z
batch_0005,order_00007424,order_00012964,ETH-USD,1845.44,395,2026-01-01T03:36:03Z
batch_0005,order_00014258,order_00012964,ETH-USD,1845.44,150,2026-01-01T03:57:37Z
batch_0005,order_00014258,order_00010133,ETH-USD,1845.47,257,2026-01-01T03:57:37Z
batch_0005,order_00011840,order_00010133,ETH-USD,1845.47,480,2026-01-01T03:17:19Z
batch_0005,order_00011840,order_00007413,ETH-USD,1845.49,54,2026-01-01T03:17:19Z
batch_0005,order_00011840,order_00010712,ETH-USD,1845.49,248,2026-01-01T03:17:19Z
batch_0005,order_00008534,order_00010712,ETH-USD,1845.49,245,2026-01-01T02:58:31Z
batch_0005,order_00008534,order_00006996,ETH-USD,1845.53,259,2026-01-01T02:22:13Z
batch_0005,order_00013012,order_00006996,ETH-USD,1845.53,22,2026-01-01T03:36:51Z
batch_0005,order_00009159,order_00006996,ETH-USD,1845.53,174,2026-01-01T02:32:38Z
batch_0005,order_00009159,order_00009155,ETH-USD,1845.54,7,2026-01-01T02:32:38Z
batch_0005,order_00015181,order_00009155,ETH-USD,1845.54,508,2026-01-01T04:13:00Z
batch_0005,order_00015118,order_00009155,ETH-USD,1845.54,242,2026-01-01T04:11:57Z
batch_0005,order_00012043,order_00009155,ETH-USD,1845.54,44,2026-01-01T03:20:42Z
batch_0005,order_00012043,order_00015246,ETH-USD,1845.6,137,2026-01-01T04:14:05Z
batch_0005,order_00012043,order_00010838,ETH-USD,1845.69,399,2026-01-01T03:20:42Z
batch_0005,order_00012043,order_00006966,ETH-USD,1845.81,82,2026-01-01T03:20:42Z
batch_0005,order_00011785,order_00006966,ETH-USD,1845.81,103,2026-01-01T03:16:24Z
batch_0005,order_00011785,order_00016351,ETH-USD,1845.87,793,2026-01-01T04:32:30Z
batch_0005,order_00009231,order_00016351,ETH-USD,1845.87,123,2026-01-01T04:32:30Z
batch_0005,order_00009231,order_00009127,ETH-USD,1845.89,266,2026-01-01T02:33:50Z
batch_0005,order_00010992,order_00009127,ETH-USD,1845.89,188,2026-01-01T03:03:11Z
batch_0005,order_00010992,order_00011684,ETH-USD,1845.94,409,2026-01-01T03:14:43Z
batch_0005,order_00011977,order_00011684,ETH-USD,1845.94,186,2026-01-01T03:19:36Z
batch_0005,order_00011977,order_00011368,ETH-USD,1845.96,384,2026-01-01T03:19:36Z
batch_0005,order_00011977,order_00011578,ETH-USD,1845.99,18,2026-01-01T03:19:36Z
batch_0005,order_00010587,order_00011578,ETH-USD,1845.99,336,2026-01-01T03:12:57Z
batch_0005,order_00010587,order_00012942,ETH-USD,1846.0,12,2026-01-01T03:35:41Z
batch_0005,order_00014146,order_00012942,ETH-USD,1846.0,403,2026-01-01T03:55:45Z
batch_0005,order_00009081,order_00012942,ETH-USD,1846.0,66,2026-01-01T03:35:41Z
batch_0005,order_00009081,order_00011969,ETH-USD,1846.14,285,2026-01-01T03:19:28Z
batch_0005,order_00009063,order_00011969,ETH-USD,1846.14,447,2026-01-01T03:19:28Z
batch_0005,order_00009063,order_00015572,ETH-USD,1846.17,67,2026-01-01T04:19:31Z
batch_0005,order_00012647,order_00015572,ETH-USD,1846.17,532,2026-01-01T04:19:31Z
batch_0005,order_00012647,order_00013134,ETH-USD,1846.32,204,2026-01-01T03:38:53Z
batch_0005,order_00014025,order_00013134,ETH-USD,1846.32,87,2026-01-01T03:53:44Z
batch_0005,order_00014025,order_00015372,ETH-USD,1846.34,323,2026-01-01T04:16:11Z
batch_0005,order_00011292,order_00015372,ETH-USD,1846.34,235,2026-01-01T04:16:11Z
batch_0005,order_00011292,order_00011028,ETH-USD,1846.37,83,2026-01-01T03:08:11Z
batch_0005,order_00011292,order_00013535,ETH-USD,1846.44,354,2026-01-01T03:45:34Z
batch_0005,order_00011292,order_00010115,ETH-USD,1846.46,24,2026-01-01T03:08:11Z
batch_0005,order_00016135,order_00010115,ETH-USD,1846.46,588,2026-01-01T04:28:54Z
batch_0005,order_00011602,order_00010115,ETH-USD,1846.46,272,2026-01-01T03:13:21Z
batch_0005,order_00011602,order_00014696,ETH-USD,1846.51,131,2026-01-01T04:04:55Z
batch_0005,order_00011602,order_00013136,ETH-USD,1846.57,351,2026-01-01T03:38:55Z
batch_0005,order_00015390,order_00013136,ETH-USD,1846.57,497,2026-01-01T04:16:29Z
batch_0005,order_00015390,order_00008824,ETH-USD,1846.73,139,2026-01-01T04:16:29Z
batch_0005,order_00013132,order_00008824,ETH-USD,1846.73,620,2026-01-01T03:38:51Z
batch_0005,order_00013132,order_00012533,ETH-USD,1846.74,143,2026-01-01T03:38:51Z
batch_0005,order_00013132,order_00010550,ETH-USD,1846.77,130,2026-01-01T03:38:51Z
batch_0005,order_00009557,order_00010550,ETH-USD,1846.77,265,2026-01-01T02:55:49Z
batch_0005,order_00007508,order_00010550,ETH-USD,1846.77,462,2026-01-01T02:55:49Z
batch_0005,order_00007508,order_00012868,ETH-USD,1846.9,181,2026-01-01T03:34:27Z
batch_0005,order_00007508,order_00012706,ETH-USD,1846.91,191,2026-01-01T03:31:45Z
batch_0005,order_00007508,order_00015598,ETH-USD,1846.92,45,2026-01-01T04:19:57Z
batch_0005,order_00015406,order_00015598,ETH-USD,1846.92,197,2026-01-01T04:19:57Z
batch_0005,order_00015406,order_00013999,ETH-USD,1846.95,439,2026-01-01T04:16:45Z
batch_0005,order_00013056,order_00013999,ETH-USD,1846.95,135,2026-01-01T03:53:18Z
batch_0005,order_00016143,order_00013999,ETH-USD,1846.95,290,2026-01-01T04:29:02Z
batch_0005,order_00016143,order_00014206,ETH-USD,1846.97,245,2026-01-01T04:29:02Z
batch_0005,order_00010083,order_00014206,ETH-USD,1846.97,262,2026-01-01T03:56:45Z
batch_0005,order_00010083,order_00016126,ETH-USD,1846.97,253,2026-01-01T04:28:45Z
batch_0005,order_00008378,order_00016126,ETH-USD,1846.97,486,2026-01-01T04:28:45Z
batch_0005,order_00008378,order_00013777,ETH-USD,1846.99,126,2026-01-01T03:49:36Z
batch_0005,order_00008378,order_00014581,ETH-USD,1847.04,129,2026-01-01T04:03:00Z
batch_0005,order_00009854,order_00014581,ETH-USD,1847.04,201,2026-01-01T04:03:00Z
batch_0005,order_00009854,order_00009188,ETH-USD,1847.07,192,2026-01-01T02:44:13Z
batch_0005,order_00011625,order_00009188,ETH-USD,1847.07,22,2026-01-01T03:13:44Z
batch_0005,order_00011625,order_00014566,ETH-USD,1847.23,179,2026-01-01T04:02:45Z
batch_0005,order_00011625,order_00015860,ETH-USD,1847.24,382,2026-01-01T04:24:19Z
batch_0005,order_00011625,order_00016567,ETH-USD,1847.27,54,2026-01-01T04:36:06Z
batch_0005,order_00011625,order_00010825,ETH-USD,1847.3,7,2026-01-01T03:13:44Z
batch_0005,order_00016595,order_00010825,ETH-USD,1847.3,675,2026-01-01T04:36:34Z
batch_0005,order_00013348,order_00010825,ETH-USD,1847.3,22,2026-01-01T03:42:27Z
batch_0005,order_00008726,order_00010825,ETH-USD,1847.3,128,2026-01-01T03:00:24Z
batch_0005,order_00008726,order_00006756,ETH-USD,1847.31,55,2026-01-01T02:25:25Z
batch_0005,order_00008257,order_00006756,ETH-USD,1847.31,232,2026-01-01T02:17:36Z
batch_0005,order_00015006,order_00006756,ETH-USD,1847.31,320,2026-01-01T04:10:05Z
batch_0005,order_00015006,order_00012718,ETH-USD,1847.37,188,2026-01-01T04:10:05Z
batch_0005,order_00015298,order_00012718,ETH-USD,1847.37,88,2026-01-01T04:14:57Z
batch_0005,order_00015298,order_00014468,ETH-USD,1847.49,722,2026-01-01T04:14:57Z
batch_0005,order_00015298,order_00007187,ETH-USD,1847.63,170,2026-01-01T04:14:57Z
batch_0005,order_00008969,order_00007187,ETH-USD,1847.63,779,2026-01-01T02:29:28Z
batch_0005,order_00008969,order_00009754,ETH-USD,1847.64,144,2026-01-01T02:42:33Z
batch_0005,order_00010933,order_00009754,ETH-USD,1847.64,229,2026-01-01T03:02:12Z
batch_0005,order_00010933,order_00011450,ETH-USD,1847.75,404,2026-01-01T03:10:49Z
batch_0005,order_00011527,order_00011450,ETH-USD,1847.75,369,2026-01-01T03:12:06Z
batch_0005,order_00011865,order_00011450,ETH-USD,1847.75,130,2026-01-01T03:17:44Z
batch_0005,order_00011865,order_00010388,ETH-USD,1847.88,353,2026-01-01T03:17:44Z
batch_0005,order_00011865,order_00011821,ETH-USD,1847.89,170,2026-01-01T03:17:44Z
batch_0005,order_00014133,order_00011821,ETH-USD,1847.89,99,2026-01-01T03:55:32Z
batch_0005,order_00014857,order_00011821,ETH-USD,1847.89,194,2026-01-01T04:07:36Z
batch_0005,order_00014857,order_00016428,ETH-USD,1847.9,1,2026-01-01T04:33:47Z
batch_0005,order_00014560,order_00016428,ETH-USD,1847.9,366,2026-01-01T04:33:47Z
batch_0005,order_00015871,order_00016428,ETH-USD,1847.9,104,2026-01-01T04:33:47Z
batch_0005,order_00015871,order_00015164,ETH-USD,1848.2,718,2026-01-01T04:24:30Z
batch_0005,order_00012420,order_00015164,ETH-USD,1848.2,154,2026-01-01T04:12:43Z
batch_0005,order_00012420,order_00013569,ETH-USD,1848.25,325,2026-01-01T03:46:08Z
batch_0005,order_00013913,order_00013569,ETH-USD,1848.25,339,2026-01-01T03:51:52Z
batch_0005,order_00013913,order_00012788,ETH-USD,1848.29,121,2026-01-01T03:51:52Z
batch_0005,order_00013913,order_00015726,ETH-USD,1848.31,80,2026-01-01T04:22:05Z
batch_0005,order_00008420,order_00015726,ETH-USD,1848.31,622,2026-01-01T04:22:05Z
batch_0005,order_00008420,order_00007466,ETH-USD,1848.35,23,2026-01-01T02:20:19Z
batch_0005,order_00012700,order_00007466,ETH-USD,1848.35,96,2026-01-01T03:31:39Z
batch_0005,order_00012700,order_00008587,ETH-USD,1848.61,373,2026-01-01T03:31:39Z
batch_0005,order_00007725,order_00008587,ETH-USD,1848.61,113,2026-01-01T02:23:06Z
batch_0005,order_00009053,order_00008587,ETH-USD,1848.61,321,2026-01-01T02:30:52Z
batch_0005,order_00009053,order_00007712,ETH-USD,1848.62,393,2026-01-01T02:30:52Z
batch_0005,order_00009871,order_00007712,ETH-USD,1848.62,143,2026-01-01T02:44:30Z
batch_0005,order_00009871,order_00010647,ETH-USD,1848.74,147,2026-01-01T02:57:26Z
batch_0005,order_00009871,order_00007210,ETH-USD,1848.85,389,2026-01-01T02:44:30Z
batch_0005,order_00009871,order_00014984,ETH-USD,1848.85,87,2026-01-01T04:09:43Z
batch_0005,order_00012011,order_00014984,ETH-USD,1848.85,69,2026-01-01T04:09:43Z
batch_0005,order_00012011,order_00012985,ETH-USD,1848.87,639,2026-01-01T03:36:24Z
batch_0005,order_00011385,order_00012985,ETH-USD,1848.87,160,2026-01-01T03:36:24Z
batch_0005,order_00013912,order_00012985,ETH-USD,1848.87,189,2026-01-01T03:51:51Z
batch_0005,order_00013912,order_00013186,ETH-USD,1848.88,50,2026-01-01T03:51:51Z
batch_0005,order_00011155,order_00013186,ETH-USD,1848.88,255,2026-01-01T03:39:45Z
batch_0005,order_00011155,order_00014743,ETH-USD,1848.99,514,2026-01-01T04:05:42Z
batch_0005,order_00008947,order_00014743,ETH-USD,1848.99,27,2026-01-01T04:05:42Z
batch_0005,order_00008947,order_00014141,ETH-USD,1849.02,24,2026-01-01T03:55:40Z
batch_0005,order_00008947,order_00009458,ETH-USD,1849.05,76,2026-01-01T02:37:37Z
batch_0005,order_00011022,order_00009458,ETH-USD,1849.05,234,2026-01-01T03:03:41Z
batch_0005,order_00011022,order_00010544,ETH-USD,1849.07,72,2026-01-01T03:03:41Z
batch_0005,order_00012935,order_00010544,ETH-USD,1849.07,551,2026-01-01T03:35:34Z
batch_0005,order_00011312,order_00010544,ETH-USD,1849.07,87,2026-01-01T03:08:31Z
batch_0005,order_00011312,order_00015195,ETH-USD,1849.19,475,2026-01-01T04:13:14Z
batch_0005,order_00011312,order_00009843,ETH-USD,1849.21,288,2026-01-01T03:08:31Z
batch_0005,order_00010436,order_00009843,ETH-USD,1849.21,694,2026-01-01T02:53:55Z
batch_0005,order_00010436,order_00008163,ETH-USD,1849.23,109,2026-01-01T02:53:55Z
batch_0005,order_00010087,order_00008163,ETH-USD,1849.23,4,2026-01-01T02:48:06Z
batch_0005,order_00010087,order_00012455,ETH-USD,1849.24,868,2026-01-01T03:27:34Z
batch_0005,order_00010087,order_00012097,ETH-USD,1849.32,84,2026-01-01T03:21:36Z
batch_0005,order_00007129,order_00012097,ETH-USD,1849.32,296,2026-01-01T03:21:36Z
batch_0005,order_00015087,order_00012097,ETH-USD,1849.32,177,2026-01-01T04:11:26Z
batch_0005,order_00015087,order_00014137,ETH-USD,1849.38,135,2026-01-01T04:11:26Z
batch_0005,order_00015087,order_00013024,ETH-USD,1849.73,220,2026-01-01T04:11:26Z
batch_0005,order_00010136,order_00013024,ETH-USD,1849.73,204,2026-01-01T03:37:03Z
batch_0005,order_00010136,order_00008407,ETH-USD,1849.96,645,2026-01-01T02:48:55Z
batch_0005,order_00007135,order_00008407,ETH-USD,1849.96,186,2026-01-01T02:20:06Z
batch_0005,order_00007135,order_00008162,ETH-USD,1850.0,22,2026-01-01T02:16:01Z
batch_0005,order_00008761,order_00008162,ETH-USD,1850.0,440,2026-01-01T02:26:00Z
batch_0005,order_00011370,order_00008162,ETH-USD,1850.0,16,2026-01-01T03:09:29Z
batch_0005,order_00011370,order_00015075,ETH-USD,1850.05,768,2026-01-01T04:11:14Z
batch_0005,order_00011370,order_00013878,ETH-USD,1850.06,60,2026-01-01T03:51:17Z
batch_0005,order_00014435,order_00013878,ETH-USD,1850.06,85,2026-01-01T04:00:34Z
batch_0005,order_00014435,order_00013257,ETH-USD,1850.15,168,2026-01-01T04:00:34Z
batch_0005,order_00007212,order_00013257,ETH-USD,1850.15,273,2026-01-01T03:40:56Z
batch_0005,order_00007212,order_00009278,ETH-USD,1850.18,18,2026-01-01T02:34:37Z
batch_0005,order_00013555,order_00009278,ETH-USD,1850.18,88,2026-01-01T03:45:54Z
batch_0005,order_00013555,order_00009248,ETH-USD,1850.28,306,2026-01-01T03:45:54Z
batch_0005,order_00012339,order_00009248,ETH-USD,1850.28,398,2026-01-01T03:25:38Z
batch_0005,order_00012339,order_00008888,ETH-USD,1850.43,53,2026-01-01T03:25:38Z
batch_0005,order_00012339,order_00007403,ETH-USD,1850.6,154,2026-01-01T03:25:38Z
batch_0005,order_00010693,order_00007403,ETH-USD,1850.6,121,2026-01-01T02:58:12Z
batch_0005,order_00010693,order_00013449,ETH-USD,1850.72,372,2026-01-01T03:44:08Z
batch_0005,order_00010693,order_00011701,ETH-USD,1850.73,197,2026-01-01T03:15:00Z
batch_0005,order_00016124,order_00011701,ETH-USD,1850.73,16,2026-01-01T04:28:43Z
batch_0005,order_00008646,order_00011701,ETH-USD,1850.73,2,2026-01-01T03:15:00Z
batch_0005,order_00015528,order_00011701,ETH-USD,1850.73,12,2026-01-01T04:18:47Z
batch_0005,order_00015528,order_00012185,ETH-USD,1850.8,24,2026-01-01T04:18:47Z
batch_0005,order_00008284,order_00012185,ETH-USD,1850.8,27,2026-01-01T03:23:04Z
batch_0005,order_00013980,order_00012185,ETH-USD,1850.8,597,2026-01-01T03:52:59Z
batch_0005,order_00013980,order_00006629,ETH-USD,1850.87,275,2026-01-01T03:52:59Z
batch_0005,order_00007379,order_00006629,ETH-USD,1850.87,459,2026-01-01T02:02:58Z
batch_0005,order_00012710,order_00006629,ETH-USD,1850.87,250,2026-01-01T03:31:49Z
batch_0005,order_00012710,order_00007486,ETH-USD,1850.87,187,2026-01-01T03:31:49Z
batch_0005,order_00012710,order_00010556,ETH-USD,1850.88,358,2026-01-01T03:31:49Z
batch_0005,order_00012240,order_00010556,ETH-USD,1850.88,527,2026-01-01T03:23:59Z
batch_0005,order_00012240,order_00014751,ETH-USD,1851.05,171,2026-01-01T04:05:50Z
batch_0005,order_00011008,order_00014751,ETH-USD,1851.05,285,2026-01-01T04:05:50Z
batch_0005,order_00011008,order_00013531,ETH-USD,1851.09,114,2026-01-01T03:45:30Z
batch_0005,order_00011008,order_00010975,ETH-USD,1851.27,186,2026-01-01T03:03:27Z
batch_0005,order_00008137,order_00010975,ETH-USD,1851.27,349,2026-01-01T03:02:54Z
batch_0005,order_00012518,order_00010975,ETH-USD,1851.27,226,2026-01-01T03:28:37Z
batch_0005,order_00012518,order_00010566,ETH-USD,1851.29,393,2026-01-01T03:28:37Z
batch_0005,order_00012518,order_00006829,ETH-USD,1851.31,279,2026-01-01T03:28:37Z
batch_0005,order_00008382,order_00006829,ETH-USD,1851.31,135,2026-01-01T02:19:41Z
batch_0005,order_00006626,order_00006829,ETH-USD,1851.31,361,2026-01-01T01:53:48Z
batch_0005,order_00009281,order_00006829,ETH-USD,1851.31,161,2026-01-01T02:34:40Z
batch_0005,order_00009281,order_00007762,ETH-USD,1851.31,117,2026-01-01T02:34:40Z
batch_0005,order_00008671,order_00007762,ETH-USD,1851.31,58,2026-01-01T02:24:30Z
batch_0005,order_00008671,order_00009585,ETH-USD,1851.4,546,2026-01-01T02:39:44Z
batch_0005,order_00008671,order_00013757,ETH-USD,1851.54,264,2026-01-01T03:49:16Z
batch_0005,order_00014389,order_00013757,ETH-USD,1851.54,702,2026-01-01T03:59:48Z
batch_0005,order_00014389,order_00010779,ETH-USD,1851.57,42,2026-01-01T03:59:48Z
batch_0005,order_00014389,order_00006786,ETH-USD,1851.58,7,2026-01-01T03:59:48Z
batch_0005,order_00015137,order_00006786,ETH-USD,1851.58,300,2026-01-01T04:12:16Z
batch_0005,order_00006624,order_00006786,ETH-USD,1851.58,76,2026-01-01T01:53:05Z
batch_0005,order_00006624,order_00008763,ETH-USD,1851.6,138,2026-01-01T02:26:02Z
batch_0005,order_00006624,order_00014131,ETH-USD,1851.68,35,2026-01-01T03:55:30Z
batch_0005,order_00011245,order_00014131,ETH-USD,1851.68,482,2026-01-01T03:55:30Z
batch_0005,order_00015703,order_00014131,ETH-USD,1851.68,161,2026-01-01T04:21:42Z
batch_0005,order_00015703,order_00009762,ETH-USD,1851.72,636,2026-01-01T04:21:42Z
batch_0005,order_00015703,order_00010371,ETH-USD,1851.74,71,2026-01-01T04:21:42Z
batch_0005,order_00013782,order_00010371,ETH-USD,1851.74,715,2026-01-01T03:49:41Z
batch_0005,order_00015672,order_00010371,ETH-USD,1851.74,151,2026-01-01T04:21:11Z
batch_0005,order_00015672,order_00012133,ETH-USD,1851.75,89,2026-01-01T04:21:11Z
batch_0005,order_00014439,order_00012133,ETH-USD,1851.75,34,2026-01-01T04:00:38Z
batch_0005,order_00014439,order_00013214,ETH-USD,1851.93,420,2026-01-01T04:00:38Z
batch_0005,order_00014439,order_00012636,ETH-USD,1852.0,164,2026-01-01T04:00:38Z
batch_0005,order_00006951,order_00012636,ETH-USD,1852.0,44,2026-01-01T03:30:35Z
batch_0005,order_00006951,order_00007901,ETH-USD,1852.02,236,2026-01-01T02:11:40Z
batch_0005,order_00007600,order_00007901,ETH-USD,1852.02,629,2026-01-01T02:11:40Z
batch_0005,order_00007600,order_00008361,ETH-USD,1852.02,137,2026-01-01T02:19:20Z
batch_0005,order_00014587,order_00008361,ETH-USD,1852.02,318,2026-01-01T04:03:06Z
batch_0005,order_00007125,order_00008361,ETH-USD,1852.02,253,2026-01-01T02:19:20Z
batch_0005,order_00008715,order_00008361,ETH-USD,1852.02,116,2026-01-01T02:25:14Z
batch_0005,order_00011796,order_00008361,ETH-USD,1852.02,150,2026-01-01T03:16:35Z
batch_0005,order_00011796,order_00009049,ETH-USD,1852.02,108,2026-01-01T03:16:35Z
batch_0005,order_00011796,order_00014070,ETH-USD,1852.02,394,2026-01-01T03:54:29Z
batch_0005,order_00015792,order_00014070,ETH-USD,1852.02,245,2026-01-01T04:23:11Z
batch_0005,order_00015792,order_00011784,ETH-USD,1852.05,142,2026-01-01T04:23:11Z
batch_0005,order_00015792,order_00014903,ETH-USD,1852.1,352,2026-01-01T04:23:11Z
batch_0005,order_00006922,order_00014903,ETH-USD,1852.1,301,2026-01-01T04:08:22Z
batch_0005,order_00006922,order_00007103,ETH-USD,1852.2,561,2026-01-01T01:58:22Z
batch_0005,order_00012369,order_00007103,ETH-USD,1852.2,41,2026-01-01T03:26:08Z
batch_0005,order_00012369,order_00012690,ETH-USD,1852.23,464,2026-01-01T03:31:29Z
batch_0005,order_00012369,order_00012232,ETH-USD,1852.3,347,2026-01-01T03:26:08Z
batch_0005,order_00010086,order_00012232,ETH-USD,1852.3,95,2026-01-01T03:23:51Z
batch_0005,order_00016172,order_00012232,ETH-USD,1852.3,40,2026-01-01T04:29:31Z
batch_0005,order_00016172,order_00007383,ETH-USD,1852.4,75,2026-01-01T04:29:31Z
batch_0005,order_00016172,order_00010553,ETH-USD,1852.45,5,2026-01-01T04:29:31Z
batch_0005,order_00016172,order_00011891,ETH-USD,1852.73,620,2026-01-01T04:29:31Z
batch_0005,order_00016172,order_00007705,ETH-USD,1852.86,30,2026-01-01T04:29:31Z
batch_0005,order_00011700,order_00007705,ETH-USD,1852.86,607,2026-01-01T03:14:59Z
batch_0005,order_00016079,order_00007705,ETH-USD,1852.86,44,2026-01-01T04:27:58Z
batch_0005,order_00016079,order_00006659,ETH-USD,1852.96,482,2026-01-01T04:27:58Z
batch_0005,order_00016079,order_00011306,ETH-USD,1852.96,336,2026-01-01T04:27:58Z
batch_0005,order_00011619,order_00011306,ETH-USD,1852.96,47,2026-01-01T03:13:38Z
batch_0005,order_00011619,order_00008028,ETH-USD,1852.97,427,2026-01-01T03:13:38Z
batch_0005,order_00010677,order_00008028,ETH-USD,1852.97,225,2026-01-01T02:57:56Z
batch_0005,order_00010677,order_00007823,ETH-USD,1853.04,163,2026-01-01T02:57:56Z
batch_0005,order_00011994,order_00007823,ETH-USD,1853.04,150,2026-01-01T03:19:53Z
batch_0005,order_00011994,order_00010044,ETH-USD,1853.04,282,2026-01-01T03:19:53Z
batch_0005,order_00016455,order_00010044,ETH-USD,1853.04,160,2026-01-01T04:34:14Z
batch_0005,order_00012562,order_00010044,ETH-USD,1853.04,102,2026-01-01T03:29:21Z
batch_0005,order_00012562,order_00006891,ETH-USD,1853.12,430,2026-01-01T03:29:21Z
batch_0005,order_00012563,order_00006891,ETH-USD,1853.12,447,2026-01-01T03:29:22Z
batch_0005,order_00012563,order_00007411,ETH-USD,1853.23,306,2026-01-01T03:29:22Z
batch_0005,order_00012826,order_00007411,ETH-USD,1853.23,308,2026-01-01T03:33:45Z
batch_0005,order_00012826,order_00010652,ETH-USD,1853.23,367,2026-01-01T03:33:45Z
batch_0005,order_00016591,order_00010652,ETH-USD,1853.23,261,2026-01-01T04:36:30Z
batch_0005,order_00013549,order_00010652,ETH-USD,1853.23,292,2026-01-01T03:45:48Z
batch_0005,order_00013549,order_00015818,ETH-USD,1853.23,390,2026-01-01T04:23:37Z
batch_0005,order_00013549,order_00007966,ETH-USD,1853.27,118,2026-01-01T03:45:48Z
batch_0005,order_00015384,order_00007966,ETH-USD,1853.27,4,2026-01-01T04:16:23Z
batch_0005,order_00015139,order_00007966,ETH-USD,1853.27,608,2026-01-01T04:12:18Z
batch_0005,order_00015139,order_00011525,ETH-USD,1853.3,55,2026-01-01T04:12:18Z
batch_0005,order_00008973,order_00011525,ETH-USD,1853.3,91,2026-01-01T03:12:04Z
batch_0005,order_00008973,order_00010875,ETH-USD,1853.35,519,2026-01-01T03:01:14Z
batch_0005,order_00006647,order_00010875,ETH-USD,1853.35,377,2026-01-01T03:01:14Z
batch_0005,order_00006647,order_00008167,ETH-USD,1853.4,496,2026-01-01T02:16:06Z
batch_0005,order_00006647,order_00016293,ETH-USD,1853.4,98,2026-01-01T04:31:32Z
batch_0005,order_00010524,order_00016293,ETH-USD,1853.4,465,2026-01-01T04:31:32Z
batch_0005,order_00010524,order_00008948,ETH-USD,1853.41,269,2026-01-01T02:55:23Z
batch_0005,order_00010524,order_00013662,ETH-USD,1853.43,86,2026-01-01T03:47:41Z
batch_0005,order_00012611,order_00013662,ETH-USD,1853.43,26,2026-01-01T03:47:41Z
batch_0005,order_00012611,order_00007392,ETH-USD,1853.58,543,2026-01-01T03:30:10Z
batch_0005,order_00012611,order_00009126,ETH-USD,1853.6,373,2026-01-01T03:30:10Z
batch_0005,order_00015303,order_00009126,ETH-USD,1853.6,24,2026-01-01T04:15:02Z
batch_0005,order_00015303,order_00010015,ETH-USD,1853.65,124,2026-01-01T04:15:02Z
batch_0005,order_00007881,order_00010015,ETH-USD,1853.65,352,2026-01-01T02:46:54Z
batch_0005,order_00007881,order_00012218,ETH-USD,1853.91,57,2026-01-01T03:23:37Z
batch_0005,order_00007881,order_00010381,ETH-USD,1853.93,476,2026-01-01T02:53:00Z
batch_0005,order_00009784,order_00010381,ETH-USD,1853.93,150,2026-01-01T02:53:00Z
batch_0005,order_00012645,order_00010381,ETH-USD,1853.93,111,2026-01-01T03:30:44Z
batch_0005,order_00015051,order_00010381,ETH-USD,1853.93,234,2026-01-01T04:10:50Z
batch_0005,order_00015051,order_00014746,ETH-USD,1853.96,293,2026-01-01T04:10:50Z
batch_0005,order_00015051,order_00012544,ETH-USD,1853.98,402,2026-01-01T04:10:50Z
batch_0005,order_00011848,order_00012544,ETH-USD,1853.98,145,2026-01-01T03:29:03Z
batch_0005,order_00015637,order_00012544,ETH-USD,1853.98,84,2026-01-01T04:20:36Z
batch_0005,order_00015637,order_00010690,ETH-USD,1854.09,21,2026-01-01T04:20:36Z
batch_0005,order_00012881,order_00010690,ETH-USD,1854.09,134,2026-01-01T03:34:40Z
batch_0005,order_00009915,order_00010690,ETH-USD,1854.09,103,2026-01-01T02:58:09Z
batch_0005,order_00010344,order_00010690,ETH-USD,1854.09,566,2026-01-01T02:58:09Z
batch_0005,order_00010344,order_00016146,ETH-USD,1854.25,73,2026-01-01T04:29:05Z
batch_0005,order_00010344,order_00007101,ETH-USD,1854.27,29,2026-01-01T02:52:23Z
batch_0005,order_00009329,order_00007101,ETH-USD,1854.27,103,2026-01-01T02:35:28Z
batch_0005,order_00009329,order_00013809,ETH-USD,1854.27,348,2026-01-01T03:50:08Z
batch_0005,order_00012338,order_00013809,ETH-USD,1854.27,400,2026-01-01T03:50:08Z
batch_0005,order_00012338,order_00010734,ETH-USD,1854.28,11,2026-01-01T03:25:37Z
batch_0005,order_00011580,order_00010734,ETH-USD,1854.28,223,2026-01-01T03:12:59Z
batch_0005,order_00008392,order_00010734,ETH-USD,1854.28,91,2026-01-01T02:58:53Z
batch_0005,order_00015325,order_00010734,ETH-USD,1854.28,393,2026-01-01T04:15:24Z
batch_0005,order_00007049,order_00010734,ETH-USD,1854.28,37,2026-01-01T02:58:53Z
batch_0005,order_00007049,order_00010340,ETH-USD,1854.29,449,2026-01-01T02:52:19Z
batch_0005,order_00012151,order_00010340,ETH-USD,1854.29,264,2026-01-01T03:22:30Z
batch_0005,order_00013086,order_00010340,ETH-USD,1854.29,234,2026-01-01T03:38:05Z
batch_0005,order_00013086,order_00013798,ETH-USD,1854.29,602,2026-01-01T03:49:57Z
batch_0005,order_00013086,order_00010950,ETH-USD,1854.32,73,2026-01-01T03:38:05Z
batch_0005,order_00012707,order_00010950,ETH-USD,1854.32,24,2026-01-01T03:31:46Z
batch_0005,order_00011179,order_00010950,ETH-USD,1854.32,325,2026-01-01T03:06:18Z
batch_0005,order_00013801,order_00010950,ETH-USD,1854.32,255,2026-01-01T03:50:00Z
batch_0005,order_00013801,order_00008127,ETH-USD,1854.41,351,2026-01-01T03:50:00Z
batch_0005,order_00007138,order_00008127,ETH-USD,1854.41,157,2026-01-01T02:15:26Z
batch_0005,order_00007138,order_00015513,ETH-USD,1854.56,230,2026-01-01T04:18:32Z
batch_0005,order_00007138,order_00009726,ETH-USD,1854.6,82,2026-01-01T02:42:05Z
batch_0005,order_00009735,order_00009726,ETH-USD,1854.6,242,2026-01-01T02:42:14Z
batch_0005,order_00012724,order_00009726,ETH-USD,1854.6,71,2026-01-01T03:32:03Z
batch_0005,order_00009746,order_00009726,ETH-USD,1854.6,98,2026-01-01T02:42:25Z
batch_0005,order_00008329,order_00009726,ETH-USD,1854.6,482,2026-01-01T02:42:05Z
batch_0005,order_00008329,order_00007329,ETH-USD,1854.69,223,2026-01-01T02:18:48Z
batch_0005,order_00008329,order_00007689,ETH-USD,1854.76,81,2026-01-01T02:18:48Z
batch_0005,order_00012418,order_00007689,ETH-USD,1854.76,287,2026-01-01T03:26:57Z
batch_0005,order_00012418,order_00010135,ETH-USD,1854.96,292,2026-01-01T03:26:57Z
batch_0005,order_00012040,order_00010135,ETH-USD,1854.96,355,2026-01-01T03:20:39Z
batch_0005,order_00013697,order_00010135,ETH-USD,1854.96,257,2026-01-01T03:48:16Z
batch_0005,order_00013697,order_00010549,ETH-USD,1854.96,291,2026-01-01T03:48:16Z
batch_0005,order_00013697,order_00009799,ETH-USD,1855.23,47,2026-01-01T03:48:16Z
batch_0005,order_00013008,order_00009799,ETH-USD,1855.23,693,2026-01-01T03:36:47Z
batch_0005,order_00007790,order_00009799,ETH-USD,1855.23,152,2026-01-01T02:43:18Z
batch_0005,order_00007790,order_00009265,ETH-USD,1855.28,301,2026-01-01T02:34:24Z
batch_0005,order_00007790,order_00006818,ETH-USD,1855.32,176,2026-01-01T02:09:49Z
batch_0005,order_00008136,order_00006818,ETH-USD,1855.32,125,2026-01-01T02:15:35Z
batch_0005,order_00008136,order_00008433,ETH-USD,1855.37,127,2026-01-01T02:20:32Z
batch_0005,order_00013576,order_00008433,ETH-USD,1855.37,6,2026-01-01T03:46:15Z
batch_0005,order_00010203,order_00008433,ETH-USD,1855.37,721,2026-01-01T02:50:02Z
batch_0005,order_00010203,order_00012487,ETH-USD,1855.44,247,2026-01-01T03:28:06Z
batch_0005,order_00010546,order_00012487,ETH-USD,1855.44,159,2026-01-01T03:28:06Z
batch_0005,order_00010546,order_00007162,ETH-USD,1855.48,112,2026-01-01T02:55:45Z
batch_0005,order_00014371,order_00007162,ETH-USD,1855.48,360,2026-01-01T03:59:30Z
batch_0005,order_00014371,order_00007309,ETH-USD,1855.53,14,2026-01-01T03:59:30Z
batch_0005,order_00008826,order_00007309,ETH-USD,1855.53,601,2026-01-01T02:27:05Z
batch_0005,order_00008826,order_00010590,ETH-USD,1855.53,305,2026-01-01T02:56:29Z
batch_0005,order_00015142,order_00010590,ETH-USD,1855.53,548,2026-01-01T04:12:21Z
batch_0005,order_00015142,order_00014045,ETH-USD,1855.85,4,2026-01-01T04:12:21Z
batch_0005,order_00015512,order_00014045,ETH-USD,1855.85,99,2026-01-01T04:18:31Z
batch_0005,order_00010850,order_00014045,ETH-USD,1855.85,476,2026-01-01T03:54:04Z
batch_0005,order_00010850,order_00008695,ETH-USD,1855.88,510,2026-01-01T03:00:49Z
batch_0005,order_00007111,order_00008695,ETH-USD,1855.88,390,2026-01-01T02:24:54Z
batch_0005,order_00007111,order_00009355,ETH-USD,1855.93,463,2026-01-01T02:35:54Z
batch_0005,order_00009233,order_00009355,ETH-USD,1855.93,14,2026-01-01T02:35:54Z
batch_0005,order_00009233,order_00006921,ETH-USD,1855.96,18,2026-01-01T02:33:52Z
batch_0005,order_00009798,order_00006921,ETH-USD,1855.96,149,2026-01-01T02:43:17Z
batch_0005,order_00009524,order_00006921,ETH-USD,1855.96,615,2026-01-01T02:38:43Z
batch_0005,order_00009524,order_00009787,ETH-USD,1856.01,338,2026-01-01T02:43:06Z
batch_0005,order_00016544,order_00009787,ETH-USD,1856.01,207,2026-01-01T04:35:43Z
batch_0005,order_00016544,order_00012579,ETH-USD,1856.06,347,2026-01-01T04:35:43Z
batch_0005,order_00016544,order_00010254,ETH-USD,1856.08,313,2026-01-01T04:35:43Z
batch_0005,order_00008159,order_00010254,ETH-USD,1856.08,425,2026-01-01T02:50:53Z
batch_0005,order_00008159,order_00013822,ETH-USD,1856.17,203,2026-01-01T03:50:21Z
batch_0005,order_00012981,order_00013822,ETH-USD,1856.17,493,2026-01-01T03:50:21Z
batch_0005,order_00012981,order_00015733,ETH-USD,1856.23,200,2026-01-01T04:22:12Z
batch_0005,order_00016348,order_00015733,ETH-USD,1856.23,150,2026-01-01T04:32:27Z
batch_0005,order_00014386,order_00015733,ETH-USD,1856.23,102,2026-01-01T04:22:12Z
batch_0005,order_00008892,order_00015733,ETH-USD,1856.23,418,2026-01-01T04:22:12Z
batch_0005,order_00008892,order_00014405,ETH-USD,1856.3,2,2026-01-01T04:00:04Z
batch_0005,order_00012880,order_00014405,ETH-USD,1856.3,25,2026-01-01T04:00:04Z
batch_0005,order_00010207,order_00014405,ETH-USD,1856.3,776,2026-01-01T04:00:04Z
batch_0005,order_00008692,order_00014405,ETH-USD,1856.3,185,2026-01-01T04:00:04Z
batch_0005,order_00008692,order_00010459,ETH-USD,1856.39,121,2026-01-01T02:54:18Z
batch_0005,order_00008692,order_00014675,ETH-USD,1856.49,117,2026-01-01T04:04:34Z
batch_0005,order_00015291,order_00014675,ETH-USD,1856.49,62,2026-01-01T04:14:50Z
batch_0005,order_00012631,order_00014675,ETH-USD,1856.49,379,2026-01-01T04:04:34Z
batch_0005,order_00014728,order_00014675,ETH-USD,1856.49,438,2026-01-01T04:05:27Z
batch_0005,order_00014728,order_00006869,ETH-USD,1856.54,448,2026-01-01T04:05:27Z
batch_0005,order_00007971,order_00006869,ETH-USD,1856.54,91,2026-01-01T02:12:50Z
batch_0005,order_00007971,order_00008021,ETH-USD,1856.54,101,2026-01-01T02:13:40Z
batch_0005,order_00007971,order_00008221,ETH-USD,1856.6,70,2026-01-01T02:17:00Z
batch_0005,order_00007971,order_00015003,ETH-USD,1856.83,31,2026-01-01T04:10:02Z
batch_0005,order_00014026,order_00015003,ETH-USD,1856.83,9,2026-01-01T04:10:02Z
batch_0005,order_00010066,order_00015003,ETH-USD,1856.83,382,2026-01-01T04:10:02Z
batch_0005,order_00010066,order_00008934,ETH-USD,1856.91,89,2026-01-01T02:47:45Z
batch_0005,order_00010066,order_00015864,ETH-USD,1857.0,35,2026-01-01T04:24:23Z
batch_0005,order_00010066,order_00007088,ETH-USD,1857.12,3,2026-01-01T02:47:45Z
batch_0005,order_00010066,order_00013730,ETH-USD,1857.13,74,2026-01-01T03:48:49Z
batch_0005,order_00010066,order_00014806,ETH-USD,1857.13,136,2026-01-01T04:06:45Z
batch_0005,order_00013623,order_00014806,ETH-USD,1857.13,360,2026-01-01T04:06:45Z
batch_0005,order_00008120,order_00014806,ETH-USD,1857.13,279,2026-01-01T04:06:45Z
batch_0005,order_00008120,order_00012233,ETH-USD,1857.16,580,2026-01-01T03:23:52Z
batch_0005,order_00008214,order_00012233,ETH-USD,1857.16,214,2026-01-01T03:23:52Z
batch_0005,order_00008214,order_00011829,ETH-USD,1857.37,573,2026-01-01T03:17:08Z
batch_0005,order_00012198,order_00011829,ETH-USD,1857.37,76,2026-01-01T03:23:17Z
batch_0005,order_00012198,order_00014337,ETH-USD,1857.55,185,2026-01-01T03:58:56Z
batch_0005,order_00008465,order_00014337,ETH-USD,1857.55,328,2026-01-01T03:58:56Z
batch_0005,order_00013861,order_00014337,ETH-USD,1857.55,134,2026-01-01T03:58:56Z
batch_0005,order_00013861,order_00010092,ETH-USD,1857.63,174,2026-01-01T03:51:00Z
batch_0005,order_00013861,order_00007159,ETH-USD,1857.66,69,2026-01-01T03:51:00Z
batch_0005,order_00009283,order_00007159,ETH-USD,1857.66,790,2026-01-01T02:34:42Z
batch_0005,order_00009283,order_00008332,ETH-USD,1857.73,154,2026-01-01T02:34:42Z
batch_0005,order_00013614,order_00008332,ETH-USD,1857.73,263,2026-01-01T03:46:53Z
batch_0005,order_00013614,order_00013696,ETH-USD,1857.82,384,2026-01-01T03:48:15Z
batch_0005,order_00013355,order_00013696,ETH-USD,1857.82,11,2026-01-01T03:48:15Z
batch_0005,order_00013355,order_00016227,ETH-USD,1857.91,210,2026-01-01T04:30:26Z
batch_0005,order_00013355,order_00009964,ETH-USD,1858.11,193,2026-01-01T03:42:34Z
batch_0005,order_00013355,order_00011999,ETH-USD,1858.34,320,2026-01-01T03:42:34Z
batch_0005,order_00009405,order_00011999,ETH-USD,1858.34,221,2026-01-01T03:19:58Z
batch_0005,order_00009405,order_00007270,ETH-USD,1858.36,536,2026-01-01T02:36:44Z
batch_0005,order_00007409,order_00007270,ETH-USD,1858.36,9,2026-01-01T02:03:28Z
batch_0005,order_00010204,order_00007270,ETH-USD,1858.36,139,2026-01-01T02:50:03Z
batch_0005,order_00010204,order_00009893,ETH-USD,1858.36,560,2026-01-01T02:50:03Z
batch_0005,order_00014383,order_00009893,ETH-USD,1858.36,107,2026-01-01T03:59:42Z
batch_0005,order_00007053,order_00009893,ETH-USD,1858.36,143,2026-01-01T02:44:52Z
batch_0005,order_00007053,order_00007703,ETH-USD,1858.48,169,2026-01-01T02:08:22Z
batch_0005,order_00015868,order_00007703,ETH-USD,1858.48,437,2026-01-01T04:24:27Z
batch_0005,order_00013489,order_00007703,ETH-USD,1858.48,135,2026-01-01T03:44:48Z
batch_0005,order_00013489,order_00014350,ETH-USD,1858.64,222,2026-01-01T03:59:09Z
batch_0005,order_00010320,order_00014350,ETH-USD,1858.64,227,2026-01-01T03:59:09Z
batch_0005,order_00010320,order_00009556,ETH-USD,1858.75,55,2026-01-01T02:51:59Z
batch_0005,order_00013210,order_00009556,ETH-USD,1858.75,784,2026-01-01T03:40:09Z
batch_0005,order_00008791,order_00009556,ETH-USD,1858.75,66,2026-01-01T02:39:15Z
batch_0005,order_00008791,order_00009308,ETH-USD,1858.81,648,2026-01-01T02:35:07Z
batch_0005,order_00008791,order_00006919,ETH-USD,1858.86,3,2026-01-01T02:26:30Z
batch_0005,order_00007665,order_00006919,ETH-USD,1858.86,274,2026-01-01T02:07:44Z
batch_0005,order_00007665,order_00007385,ETH-USD,1858.94,79,2026-01-01T02:07:44Z
batch_0005,order_00007910,order_00007385,ETH-USD,1858.94,82,2026-01-01T02:11:49Z
batch_0005,order_00012815,order_00007385,ETH-USD,1858.94,30,2026-01-01T03:33:34Z
batch_0005,order_00012815,order_00010610,ETH-USD,1858.94,173,2026-01-01T03:33:34Z
batch_0005,order_00008911,order_00010610,ETH-USD,1858.94,3,2026-01-01T02:56:49Z
batch_0005,order_00012392,order_00010610,ETH-USD,1858.94,72,2026-01-01T03:26:31Z
batch_0005,order_00006973,order_00010610,ETH-USD,1858.94,11,2026-01-01T02:56:49Z
batch_0005,order_00006973,order_00012129,ETH-USD,1858.97,250,2026-01-01T03:22:08Z
batch_0005,order_00006973,order_00013286,ETH-USD,1859.07,518,2026-01-01T03:41:25Z
batch_0005,order_00014991,order_00013286,ETH-USD,1859.07,181,2026-01-01T04:09:50Z
batch_0005,order_00008803,order_00013286,ETH-USD,1859.07,140,2026-01-01T03:41:25Z
batch_0005,order_00008803,order_00014453,ETH-USD,1859.21,590,2026-01-01T04:00:52Z
batch_0005,order_00008803,order_00011993,ETH-USD,1859.42,181,2026-01-01T03:19:52Z
batch_0005,order_00007128,order_00011993,ETH-USD,1859.42,415,2026-01-01T03:19:52Z
batch_0005,order_00008012,order_00011993,ETH-USD,1859.42,201,2026-01-01T03:19:52Z
batch_0005,order_00013552,order_00011993,ETH-USD,1859.42,186,2026-01-01T03:45:51Z
batch_0005,order_00013552,order_00016341,ETH-USD,1859.42,328,2026-01-01T04:32:20Z
batch_0005,order_00007289,order_00016341,ETH-USD,1859.42,312,2026-01-01T04:32:20Z
batch_0005,order_00007289,order_00007708,ETH-USD,1859.56,164,2026-01-01T02:08:27Z
batch_0005,order_00007289,order_00009353,ETH-USD,1859.78,133,2026-01-01T02:35:52Z
batch_0005,order_00007289,order_00015935,ETH-USD,1859.87,19,2026-01-01T04:25:34Z
batch_0005,order_00013084,order_00015935,ETH-USD,1859.87,80,2026-01-01T04:25:34Z
batch_0005,order_00007399,order_00015935,ETH-USD,1859.87,123,2026-01-01T04:25:34Z
batch_0005,order_00007399,order_00012536,ETH-USD,1859.88,21,2026-01-01T03:28:55Z
batch_0005,order_00012614,order_00012536,ETH-USD,1859.88,287,2026-01-01T03:30:13Z
batch_0005,order_00012614,order_00012825,ETH-USD,1860.01,499,2026-01-01T03:33:44Z
batch_0005,order_00008400,order_00012825,ETH-USD,1860.01,123,2026-01-01T03:33:44Z
batch_0005,order_00010258,order_00012825,ETH-USD,1860.01,100,2026-01-01T03:33:44Z
batch_0005,order_00010258,order_00011957,ETH-USD,1860.03,29,2026-01-01T03:19:16Z
batch_0005,order_00010258,order_00011427,ETH-USD,1860.19,193,2026-01-01T03:10:26Z
batch_0005,order_00010614,order_00011427,ETH-USD,1860.19,49,2026-01-01T03:10:26Z
batch_0005,order_00008592,order_00011427,ETH-USD,1860.19,323,2026-01-01T03:10:26Z
batch_0005,order_00012064,order_00011427,ETH-USD,1860.19,47,2026-01-01T03:21:03Z
batch_0005,order_00012064,order_00013821,ETH-USD,1860.41,936,2026-01-01T03:50:20Z
batch_0005,order_00012209,order_00013821,ETH-USD,1860.41,4,2026-01-01T03:50:20Z
batch_0005,order_00012209,order_00009563,ETH-USD,1860.45,558,2026-01-01T03:23:28Z
batch_0005,order_00012209,order_00015263,ETH-USD,1860.57,248,2026-01-01T04:14:22Z
batch_0005,order_00012209,order_00006716,ETH-USD,1860.62,13,2026-01-01T03:23:28Z
batch_0005,order_00012209,order_00007401,ETH-USD,1860.62,128,2026-01-01T03:23:28Z
batch_0005,order_00011383,order_00007401,ETH-USD,1860.62,407,2026-01-01T03:09:42Z
batch_0005,order_00007020,order_00007401,ETH-USD,1860.62,311,2026-01-01T02:03:20Z
batch_0005,order_00007020,order_00007036,ETH-USD,1860.63,83,2026-01-01T01:57:15Z
batch_0005,order_00012322,order_00007036,ETH-USD,1860.63,277,2026-01-01T03:25:21Z
batch_0005,order_00010346,order_00007036,ETH-USD,1860.63,472,2026-01-01T02:52:25Z
batch_0005,order_00010346,order_00008320,ETH-USD,1860.68,436,2026-01-01T02:52:25Z
batch_0005,order_00015343,order_00008320,ETH-USD,1860.68,31,2026-01-01T04:15:42Z
batch_0005,order_00015343,order_00014512,ETH-USD,1860.74,26,2026-01-01T04:15:42Z
batch_0005,order_00011521,order_00014512,ETH-USD,1860.74,480,2026-01-01T04:01:51Z
batch_0005,order_00012699,order_00014512,ETH-USD,1860.74,332,2026-01-01T04:01:51Z
batch_0005,order_00012699,order_00012764,ETH-USD,1860.84,326,2026-01-01T03:32:43Z
batch_0005,order_00007351,order_00012764,ETH-USD,1860.84,293,2026-01-01T03:32:43Z
batch_0005,order_00012006,order_00012764,ETH-USD,1860.84,67,2026-01-01T03:32:43Z
batch_0005,order_00014876,order_00012764,ETH-USD,1860.84,16,2026-01-01T04:07:55Z
batch_0005,order_00014876,order_00007666,ETH-USD,1860.9,83,2026-01-01T04:07:55Z
batch_0005,order_00008925,order_00007666,ETH-USD,1860.9,14,2026-01-01T02:28:44Z
batch_0005,order_00016479,order_00007666,ETH-USD,1860.9,569,2026-01-01T04:34:38Z
batch_0005,order_00016479,order_00007483,ETH-USD,1860.94,202,2026-01-01T04:34:38Z
batch_0005,order_00007656,order_00007483,ETH-USD,1860.94,174,2026-01-01T02:07:35Z
batch_0005,order_00007656,order_00016225,ETH-USD,1861.37,613,2026-01-01T04:30:24Z
batch_0005,order_00007656,order_00008132,ETH-USD,1861.43,23,2026-01-01T02:15:31Z
batch_0005,order_00010860,order_00008132,ETH-USD,1861.43,677,2026-01-01T03:00:59Z
batch_0005,order_00010860,order_00009480,ETH-USD,1861.48,46,2026-01-01T03:00:59Z
batch_0005,order_00014777,order_00009480,ETH-USD,1861.48,40,2026-01-01T04:06:16Z
batch_0005,order_00014777,order_00011365,ETH-USD,1861.55,308,2026-01-01T04:06:16Z
batch_0005,order_00012307,order_00011365,ETH-USD,1861.55,5,2026-01-01T03:25:06Z
batch_0005,order_00012307,order_00014247,ETH-USD,1861.57,449,2026-01-01T03:57:26Z
batch_0005,order_00010983,order_00014247,ETH-USD,1861.57,332,2026-01-01T03:57:26Z
batch_0005,order_00010709,order_00014247,ETH-USD,1861.57,20,2026-01-01T03:57:26Z
batch_0005,order_00010709,order_00006880,ETH-USD,1861.67,331,2026-01-01T02:58:28Z
batch_0005,order_00013366,order_00006880,ETH-USD,1861.67,125,2026-01-01T03:42:45Z
batch_0005,order_00013366,order_00013471,ETH-USD,1861.82,34,2026-01-01T03:44:30Z
batch_0005,order_00013366,order_00013483,ETH-USD,1861.83,39,2026-01-01T03:44:42Z
batch_0005,order_00015831,order_00013483,ETH-USD,1861.83,303,2026-01-01T04:23:50Z
batch_0005,order_00011846,order_00013483,ETH-USD,1861.83,75,2026-01-01T03:44:42Z
batch_0005,order_00008455,order_00013483,ETH-USD,1861.83,226,2026-01-01T03:44:42Z
batch_0005,order_00008455,order_00010893,ETH-USD,1861.88,82,2026-01-01T03:01:32Z
batch_0005,order_00012715,order_00010893,ETH-USD,1861.88,686,2026-01-01T03:31:54Z
batch_0005,order_00012715,order_00010306,ETH-USD,1861.93,194,2026-01-01T03:31:54Z
batch_0005,order_00011803,order_00010306,ETH-USD,1861.93,170,2026-01-01T03:16:42Z
batch_0005,order_00012758,order_00010306,ETH-USD,1861.93,324,2026-01-01T03:32:37Z
batch_0005,order_00012758,order_00013953,ETH-USD,1862.03,485,2026-01-01T03:52:32Z
batch_0005,order_00016436,order_00013953,ETH-USD,1862.03,118,2026-01-01T04:33:55Z
batch_0005,order_00016436,order_00014102,ETH-USD,1862.07,369,2026-01-01T04:33:55Z
batch_0005,order_00016436,order_00012265,ETH-USD,1862.28,508,2026-01-01T04:33:55Z
batch_0005,order_00007571,order_00012265,ETH-USD,1862.28,48,2026-01-01T03:24:24Z
batch_0005,order_00007571,order_00012755,ETH-USD,1862.29,69,2026-01-01T03:32:34Z
batch_0005,order_00010076,order_00012755,ETH-USD,1862.29,286,2026-01-01T03:32:34Z
batch_0005,order_00009759,order_00012755,ETH-USD,1862.29,530,2026-01-01T03:32:34Z
batch_0005,order_00011606,order_00012755,ETH-USD,1862.29,45,2026-01-01T03:32:34Z
batch_0005,order_00011606,order_00007504,ETH-USD,1862.31,428,2026-01-01T03:13:25Z
batch_0005,order_00007393,order_00007504,ETH-USD,1862.31,404,2026-01-01T02:05:03Z
batch_0005,order_00007393,order_00013985,ETH-USD,1862.33,63,2026-01-01T03:53:04Z
batch_0005,order_00007393,order_00012625,ETH-USD,1862.42,127,2026-01-01T03:30:24Z
batch_0005,order_00007393,order_00011946,ETH-USD,1862.47,103,2026-01-01T03:19:05Z
batch_0005,order_00015283,order_00011946,ETH-USD,1862.47,391,2026-01-01T04:14:42Z
batch_0005,order_00006777,order_00011946,ETH-USD,1862.47,431,2026-01-01T03:19:05Z
batch_0005,order_00011736,order_00011946,ETH-USD,1862.47,52,2026-01-01T03:19:05Z
batch_0005,order_00011736,order_00012026,ETH-USD,1862.49,369,2026-01-01T03:20:25Z
batch_0005,order_00011736,order_00013945,ETH-USD,1862.51,144,2026-01-01T03:52:24Z
batch_0005,order_00015861,order_00013945,ETH-USD,1862.51,564,2026-01-01T04:24:20Z
batch_0005,order_00015861,order_00015684,ETH-USD,1862.55,168,2026-01-01T04:24:20Z
batch_0005,order_00013387,order_00015684,ETH-USD,1862.55,622,2026-01-01T04:21:23Z
batch_0005,order_00014693,order_00015684,ETH-USD,1862.55,52,2026-01-01T04:21:23Z
batch_0005,order_00014693,order_00015870,ETH-USD,1862.55,417,2026-01-01T04:24:29Z
batch_0005,order_00008018,order_00015870,ETH-USD,1862.55,501,2026-01-01T04:24:29Z
batch_0005,order_00008018,order_00011573,ETH-USD,1862.65,259,2026-01-01T03:12:52Z
batch_0005,order_00009540,order_00011573,ETH-USD,1862.65,21,2026-01-01T03:12:52Z
batch_0005,order_00009540,order_00008425,ETH-USD,1862.68,141,2026-01-01T02:38:59Z
batch_0005,order_00012885,order_00008425,ETH-USD,1862.68,675,2026-01-01T03:34:44Z
batch_0005,order_00007983,order_00008425,ETH-USD,1862.68,39,2026-01-01T02:20:24Z
batch_0005,order_00007983,order_00007677,ETH-USD,1862.71,193,2026-01-01T02:13:02Z
batch_0005,order_00007044,order_00007677,ETH-USD,1862.71,684,2026-01-01T02:07:56Z
batch_0005,order_00007044,order_00011409,ETH-USD,1862.71,186,2026-01-01T03:10:08Z
batch_0005,order_00009117,order_00011409,ETH-USD,1862.71,99,2026-01-01T03:10:08Z
batch_0005,order_00009117,order_00012187,ETH-USD,1862.85,188,2026-01-01T03:23:06Z
batch_0005,order_00012337,order_00012187,ETH-USD,1862.85,9,2026-01-01T03:25:36Z
batch_0005,order_00012450,order_00012187,ETH-USD,1862.85,477,2026-01-01T03:27:29Z
batch_0005,order_00011614,order_00012187,ETH-USD,1862.85,54,2026-01-01T03:23:06Z
batch_0005,order_00011614,order_00014134,ETH-USD,1863.02,240,2026-01-01T03:55:33Z
batch_0005,order_00011614,order_00011399,ETH-USD,1863.03,326,2026-01-01T03:13:33Z
batch_0005,order_00007832,order_00011399,ETH-USD,1863.03,199,2026-01-01T03:09:58Z
batch_0005,order_00007832,order_00015659,ETH-USD,1863.08,629,2026-01-01T04:20:58Z
batch_0005,order_00008703,order_00015659,ETH-USD,1863.08,16,2026-01-01T04:20:58Z
batch_0005,order_00009819,order_00015659,ETH-USD,1863.08,216,2026-01-01T04:20:58Z
batch_0005,order_00009819,order_00012569,ETH-USD,1863.14,204,2026-01-01T03:29:28Z
batch_0005,order_00009819,order_00010802,ETH-USD,1863.22,367,2026-01-01T03:00:01Z
batch_0005,order_00015282,order_00010802,ETH-USD,1863.22,232,2026-01-01T04:14:41Z
batch_0005,order_00014988,order_00010802,ETH-USD,1863.22,47,2026-01-01T04:09:47Z
batch_0005,order_00014988,order_00016506,ETH-USD,1863.25,572,2026-01-01T04:35:05Z
batch_0005,order_00014988,order_00009852,ETH-USD,1863.47,138,2026-01-01T04:09:47Z
batch_0005,order_00010308,order_00009852,ETH-USD,1863.47,607,2026-01-01T02:51:47Z
batch_0005,order_00011927,order_00009852,ETH-USD,1863.47,40,2026-01-01T03:18:46Z
batch_0005,order_00011927,order_00016196,ETH-USD,1863.48,574,2026-01-01T04:29:55Z
batch_0005,order_00012781,order_00016196,ETH-USD,1863.48,39,2026-01-01T04:29:55Z
batch_0005,order_00012781,order_00016267,ETH-USD,1863.49,259,2026-01-01T04:31:06Z
batch_0005,order_00012781,order_00015782,ETH-USD,1863.57,340,2026-01-01T04:23:01Z
batch_0005,order_00007792,order_00015782,ETH-USD,1863.57,484,2026-01-01T04:23:01Z
batch_0005,order_00007792,order_00012805,ETH-USD,1863.69,133,2026-01-01T03:33:24Z
batch_0005,order_00015519,order_00012805,ETH-USD,1863.69,128,2026-01-01T04:18:38Z
batch_0005,order_00011356,order_00012805,ETH-USD,1863.69,294,2026-01-01T03:33:24Z
batch_0005,order_00011356,order_00013539,ETH-USD,1863.73,344,2026-01-01T03:45:38Z
batch_0005,order_00013441,order_00013539,ETH-USD,1863.73,576,2026-01-01T03:45:38Z
batch_0005,order_00013441,order_00006813,ETH-USD,1863.78,66,2026-01-01T03:44:00Z
batch_0005,order_00015614,order_00006813,ETH-USD,1863.78,661,2026-01-01T04:20:13Z
batch_0005,order_00015614,order_00008367,ETH-USD,1863.79,241,2026-01-01T04:20:13Z
batch_0005,order_00007425,order_00008367,ETH-USD,1863.79,219,2026-01-01T02:19:26Z
batch_0005,order_00012901,order_00008367,ETH-USD,1863.79,36,2026-01-01T03:35:00Z
batch_0005,order_00012901,order_00012932,ETH-USD,1863.8,664,2026-01-01T03:35:31Z
batch_0005,order_00012901,order_00015592,ETH-USD,1863.83,164,2026-01-01T04:19:51Z
batch_0005,order_00016125,order_00015592,ETH-USD,1863.83,61,2026-01-01T04:28:44Z
batch_0005,order_00009654,order_00015592,ETH-USD,1863.83,214,2026-01-01T04:19:51Z
batch_0005,order_00009775,order_00015592,ETH-USD,1863.83,212,2026-01-01T04:19:51Z
batch_0005,order_00006896,order_00015592,ETH-USD,1863.83,254,2026-01-01T04:19:51Z
batch_0005,order_00006896,order_00014513,ETH-USD,1863.84,545,2026-01-01T04:01:52Z
batch_0005,order_00006896,order_00009107,ETH-USD,1863.86,70,2026-01-01T02:31:46Z
batch_0005,order_00007865,order_00009107,ETH-USD,1863.86,841,2026-01-01T02:31:46Z
batch_0005,order_00016324,order_00009107,ETH-USD,1863.86,71,2026-01-01T04:32:03Z
batch_0005,order_00016324,order_00008786,ETH-USD,1863.92,232,2026-01-01T04:32:03Z
batch_0005,order_00016258,order_00008786,ETH-USD,1863.92,150,2026-01-01T04:30:57Z
batch_0005,order_00016258,order_00014661,ETH-USD,1863.93,625,2026-01-01T04:30:57Z
batch_0005,order_00012761,order_00014661,ETH-USD,1863.93,334,2026-01-01T04:04:20Z
batch_0005,order_00012761,order_00013468,ETH-USD,1863.99,651,2026-01-01T03:44:27Z
batch_0005,order_00013110,order_00013468,ETH-USD,1863.99,101,2026-01-01T03:44:27Z
batch_0005,order_00013110,order_00007603,ETH-USD,1864.01,259,2026-01-01T03:38:29Z
batch_0005,order_00010153,order_00007603,ETH-USD,1864.01,247,2026-01-01T02:49:12Z
batch_0005,order_00006826,order_00007603,ETH-USD,1864.01,140,2026-01-01T02:06:42Z
batch_0005,order_00006826,order_00013482,ETH-USD,1864.1,594,2026-01-01T03:44:41Z
batch_0005,order_00012078,order_00013482,ETH-USD,1864.1,51,2026-01-01T03:44:41Z
batch_0005,order_00012078,order_00011465,ETH-USD,1864.31,77,2026-01-01T03:21:17Z
batch_0005,order_00012078,order_00011505,ETH-USD,1864.4,34,2026-01-01T03:21:17Z
batch_0005,order_00012078,order_00007770,ETH-USD,1864.49,324,2026-01-01T03:21:17Z
batch_0005,order_00012078,order_00010818,ETH-USD,1864.57,52,2026-01-01T03:21:17Z
batch_0005,order_00014877,order_00010818,ETH-USD,1864.57,25,2026-01-01T04:07:56Z
batch_0005,order_00014877,order_00010378,ETH-USD,1864.77,618,2026-01-01T04:07:56Z
batch_0005,order_00014877,order_00014828,ETH-USD,1864.81,347,2026-01-01T04:07:56Z
batch_0005,order_00010088,order_00014828,ETH-USD,1864.81,310,2026-01-01T04:07:07Z
batch_0005,order_00015671,order_00014828,ETH-USD,1864.81,26,2026-01-01T04:21:10Z
batch_0005,order_00014851,order_00014828,ETH-USD,1864.81,262,2026-01-01T04:07:30Z
batch_0005,order_00014851,order_00016540,ETH-USD,1864.82,316,2026-01-01T04:35:39Z
batch_0005,order_00012258,order_00016540,ETH-USD,1864.82,183,2026-01-01T04:35:39Z
batch_0005,order_00009076,order_00016540,ETH-USD,1864.82,232,2026-01-01T04:35:39Z
batch_0005,order_00011925,order_00016540,ETH-USD,1864.82,218,2026-01-01T04:35:39Z
batch_0005,order_00011925,order_00014166,ETH-USD,1864.84,427,2026-01-01T03:56:05Z
batch_0005,order_00007186,order_00014166,ETH-USD,1864.84,253,2026-01-01T03:56:05Z
batch_0005,order_00007186,order_00016059,ETH-USD,1865.07,323,2026-01-01T04:27:38Z
batch_0005,order_00012221,order_00016059,ETH-USD,1865.07,68,2026-01-01T04:27:38Z
batch_0005,order_00012221,order_00009477,ETH-USD,1865.17,588,2026-01-01T03:23:40Z
batch_0005,order_00014267,order_00009477,ETH-USD,1865.17,137,2026-01-01T03:57:46Z
batch_0005,order_00014267,order_00015731,ETH-USD,1865.2,522,2026-01-01T04:22:10Z
batch_0005,order_00014267,order_00006864,ETH-USD,1865.34,328,2026-01-01T03:57:46Z
batch_0005,order_00011952,order_00006864,ETH-USD,1865.34,569,2026-01-01T03:19:11Z
batch_0005,order_00011952,order_00012674,ETH-USD,1865.41,293,2026-01-01T03:31:13Z
batch_0005,order_00012748,order_00012674,ETH-USD,1865.41,64,2026-01-01T03:32:27Z
batch_0005,order_00012748,order_00013747,ETH-USD,1865.41,191,2026-01-01T03:49:06Z
batch_0005,order_00012748,order_00013654,ETH-USD,1865.52,137,2026-01-01T03:47:33Z
batch_0005,order_00012748,order_00009133,ETH-USD,1865.61,278,2026-01-01T03:32:27Z
batch_0005,order_00014986,order_00009133,ETH-USD,1865.61,235,2026-01-01T04:09:45Z
batch_0005,order_00014986,order_00010727,ETH-USD,1865.61,545,2026-01-01T04:09:45Z
batch_0005,order_00011241,order_00010727,ETH-USD,1865.61,361,2026-01-01T03:07:20Z
batch_0005,order_00011241,order_00015515,ETH-USD,1865.71,163,2026-01-01T04:18:34Z
batch_0005,order_00016033,order_00015515,ETH-USD,1865.71,245,2026-01-01T04:27:12Z
batch_0005,order_00009392,order_00015515,ETH-USD,1865.71,305,2026-01-01T04:18:34Z
batch_0005,order_00008962,order_00015515,ETH-USD,1865.71,245,2026-01-01T04:18:34Z
batch_0005,order_00008962,order_00007160,ETH-USD,1865.78,649,2026-01-01T02:29:21Z
batch_0005,order_00008962,order_00011737,ETH-USD,1865.84,55,2026-01-01T03:15:36Z
batch_0005,order_00012228,order_00011737,ETH-USD,1865.84,248,2026-01-01T03:23:47Z
batch_0005,order_00014754,order_00011737,ETH-USD,1865.84,150,2026-01-01T04:05:53Z
batch_0005,order_00014754,order_00012590,ETH-USD,1865.88,51,2026-01-01T04:05:53Z
batch_0005,order_00009545,order_00012590,ETH-USD,1865.88,350,2026-01-01T03:29:49Z
batch_0005,order_00007979,order_00012590,ETH-USD,1865.88,310,2026-01-01T03:29:49Z
batch_0005,order_00008279,order_00012590,ETH-USD,1865.88,228,2026-01-01T03:29:49Z
batch_0005,order_00008279,order_00013156,ETH-USD,1865.89,288,2026-01-01T03:39:15Z
batch_0005,order_00006949,order_00013156,ETH-USD,1865.89,599,2026-01-01T03:39:15Z
batch_0005,order_00006949,order_00013796,ETH-USD,1865.9,97,2026-01-01T03:49:55Z
batch_0005,order_00014272,order_00013796,ETH-USD,1865.9,21,2026-01-01T03:57:51Z
batch_0005,order_00014272,order_00014963,ETH-USD,1865.98,487,2026-01-01T04:09:22Z
batch_0005,order_00014076,order_00014963,ETH-USD,1865.98,470,2026-01-01T04:09:22Z
batch_0005,order_00014076,order_00016289,ETH-USD,1866.01,392,2026-01-01T04:31:28Z
batch_0005,order_00013657,order_00016289,ETH-USD,1866.01,39,2026-01-01T04:31:28Z
batch_0005,order_00010199,order_00016289,ETH-USD,1866.01,57,2026-01-01T04:31:28Z
batch_0005,order_00010199,order_00007026,ETH-USD,1866.23,920,2026-01-01T02:49:58Z
batch_0005,order_00010199,order_00009119,ETH-USD,1866.28,2,2026-01-01T02:49:58Z
batch_0005,order_00007345,order_00009119,ETH-USD,1866.28,501,2026-01-01T02:31:58Z
batch_0005,order_00007345,order_00009002,ETH-USD,1866.38,144,2026-01-01T02:30:01Z
batch_0005,order_00011634,order_00009002,ETH-USD,1866.38,695,2026-01-01T03:13:53Z
batch_0005,order_00011634,order_00010166,ETH-USD,1866.56,18,2026-01-01T03:13:53Z
batch_0005,order_00009317,order_00010166,ETH-USD,1866.56,624,2026-01-01T02:49:25Z
batch_0005,order_00009317,order_00007464,ETH-USD,1866.77,153,2026-01-01T02:35:16Z
batch_0005,order_00008385,order_00007464,ETH-USD,1866.77,175,2026-01-01T02:19:44Z
batch_0005,order_00015795,order_00007464,ETH-USD,1866.77,537,2026-01-01T04:23:14Z
batch_0005,order_00015795,order_00013488,ETH-USD,1866.93,356,2026-01-01T04:23:14Z
batch_0005,order_00007842,order_00013488,ETH-USD,1866.93,45,2026-01-01T03:44:47Z
batch_0005,order_00007842,order_00007978,ETH-USD,1867.06,348,2026-01-01T02:12:57Z
batch_0005,order_00007842,order_00008180,ETH-USD,1867.06,421,2026-01-01T02:16:19Z
batch_0005,order_00007842,order_00009408,ETH-USD,1867.1,118,2026-01-01T02:36:47Z
batch_0005,order_00010186,order_00009408,ETH-USD,1867.1,867,2026-01-01T02:49:45Z
batch_0005,order_00006837,order_00009408,ETH-USD,1867.1,12,2026-01-01T02:36:47Z
batch_0005,order_00006837,order_00012670,ETH-USD,1867.11,701,2026-01-01T03:31:09Z
batch_0005,order_00006837,order_00013720,ETH-USD,1867.28,33,2026-01-01T03:48:39Z
batch_0005,order_00015266,order_00013720,ETH-USD,1867.28,326,2026-01-01T04:14:25Z
batch_0005,order_00015266,order_00014394,ETH-USD,1867.32,224,2026-01-01T04:14:25Z
batch_0005,order_00016579,order_00014394,ETH-USD,1867.32,17,2026-01-01T04:36:18Z
batch_0005,order_00016579,order_00012099,ETH-USD,1867.62,380,2026-01-01T04:36:18Z
batch_0005,order_00009274,order_00012099,ETH-USD,1867.62,26,2026-01-01T03:21:38Z
batch_0005,order_00009274,order_00014290,ETH-USD,1867.73,208,2026-01-01T03:58:09Z
batch_0005,order_00007738,order_00014290,ETH-USD,1867.73,294,2026-01-01T03:58:09Z
batch_0005,order_00014730,order_00014290,ETH-USD,1867.73,222,2026-01-01T04:05:29Z
batch_0005,order_00007616,order_00014290,ETH-USD,1867.73,7,2026-01-01T03:58:09Z
batch_0005,order_00007616,order_00013761,ETH-USD,1867.82,450,2026-01-01T03:49:20Z
batch_0005,order_00007616,order_00009982,ETH-USD,1867.85,294,2026-01-01T02:46:21Z
batch_0005,order_00009778,order_00009982,ETH-USD,1867.85,344,2026-01-01T02:46:21Z
batch_0005,order_00009778,order_00011153,ETH-USD,1867.9,271,2026-01-01T03:05:52Z
batch_0005,order_00008487,order_00011153,ETH-USD,1867.9,256,2026-01-01T03:05:52Z
batch_0005,order_00014997,order_00011153,ETH-USD,1867.9,132,2026-01-01T04:09:56Z
batch_0005,order_00014997,order_00010897,ETH-USD,1867.96,731,2026-01-01T04:09:56Z
batch_0005,order_00013119,order_00010897,ETH-USD,1867.96,61,2026-01-01T03:38:38Z
batch_0005,order_00013119,order_00015446,ETH-USD,1867.96,731,2026-01-01T04:17:25Z
batch_0005,order_00013119,order_00009410,ETH-USD,1868.0,122,2026-01-01T03:38:38Z
batch_0005,order_00009542,order_00009410,ETH-USD,1868.0,69,2026-01-01T02:39:01Z
batch_0005,order_00009542,order_00008842,ETH-USD,1868.14,304,2026-01-01T02:39:01Z
batch_0005,order_00015026,order_00008842,ETH-USD,1868.14,293,2026-01-01T04:10:25Z
batch_0005,order_00009589,order_00008842,ETH-USD,1868.14,252,2026-01-01T02:39:48Z
batch_0005,order_00009589,order_00012160,ETH-USD,1868.16,360,2026-01-01T03:22:39Z
batch_0005,order_00009589,order_00010866,ETH-USD,1868.17,251,2026-01-01T03:01:05Z
batch_0005,order_00010526,order_00010866,ETH-USD,1868.17,265,2026-01-01T03:01:05Z
batch_0005,order_00010526,order_00015405,ETH-USD,1868.32,316,2026-01-01T04:16:44Z
batch_0005,order_00011261,order_00015405,ETH-USD,1868.32,6,2026-01-01T04:16:44Z
batch_0005,order_00007164,order_00015405,ETH-USD,1868.32,135,2026-01-01T04:16:44Z
batch_0005,order_00007164,order_00014542,ETH-USD,1868.51,270,2026-01-01T04:02:21Z
batch_0005,order_00008212,order_00014542,ETH-USD,1868.51,452,2026-01-01T04:02:21Z
batch_0005,order_00008212,order_00015189,ETH-USD,1868.68,336,2026-01-01T04:13:08Z
batch_0005,order_00014701,order_00015189,ETH-USD,1868.68,66,2026-01-01T04:13:08Z
batch_0005,order_00014701,order_00015034,ETH-USD,1868.69,70,2026-01-01T04:10:33Z
batch_0005,order_00008668,order_00015034,ETH-USD,1868.69,214,2026-01-01T04:10:33Z
batch_0005,order_00007314,order_00015034,ETH-USD,1868.69,130,2026-01-01T04:10:33Z
batch_0005,order_00015658,order_00015034,ETH-USD,1868.69,30,2026-01-01T04:20:57Z
batch_0005,order_00015237,order_00015034,ETH-USD,1868.69,444,2026-01-01T04:13:56Z
batch_0005,order_00015237,order_00011851,ETH-USD,1868.77,13,2026-01-01T04:13:56Z
batch_0005,order_00014016,order_00011851,ETH-USD,1868.77,893,2026-01-01T03:53:35Z
batch_0005,order_00008782,order_00011851,ETH-USD,1868.77,39,2026-01-01T03:17:30Z
batch_0005,order_00008782,order_00016102,ETH-USD,1869.02,174,2026-01-01T04:28:21Z
batch_0005,order_00008782,order_00006866,ETH-USD,1869.05,113,2026-01-01T02:26:21Z
batch_0005,order_00015990,order_00006866,ETH-USD,1869.05,195,2026-01-01T04:26:29Z
batch_0005,order_00015990,order_00014088,ETH-USD,1869.12,535,2026-01-01T04:26:29Z
batch_0005,order_00011133,order_00014088,ETH-USD,1869.12,228,2026-01-01T03:54:47Z
batch_0005,order_00011133,order_00016522,ETH-USD,1869.12,399,2026-01-01T04:35:21Z
batch_0005,order_00015117,order_00016522,ETH-USD,1869.12,54,2026-01-01T04:35:21Z
batch_0005,order_00015117,order_00011917,ETH-USD,1869.17,213,2026-01-01T04:11:56Z
batch_0005,order_00015117,order_00016229,ETH-USD,1869.19,165,2026-01-01T04:30:28Z
batch_0005,order_00014304,order_00016229,ETH-USD,1869.19,462,2026-01-01T04:30:28Z
batch_0005,order_00012408,order_00016229,ETH-USD,1869.19,100,2026-01-01T04:30:28Z
batch_0005,order_00007635,order_00016229,ETH-USD,1869.19,160,2026-01-01T04:30:28Z
batch_0005,order_00007635,order_00007662,ETH-USD,1869.3,312,2026-01-01T02:07:41Z
batch_0005,order_00015973,order_00007662,ETH-USD,1869.3,64,2026-01-01T04:26:12Z
batch_0005,order_00010633,order_00007662,ETH-USD,1869.3,595,2026-01-01T02:57:12Z
batch_0005,order_00010633,order_00008008,ETH-USD,1869.36,105,2026-01-01T02:57:12Z
batch_0005,order_00010633,order_00010822,ETH-USD,1869.41,21,2026-01-01T03:00:21Z
batch_0005,order_00013089,order_00010822,ETH-USD,1869.41,220,2026-01-01T03:38:08Z
batch_0005,order_00015928,order_00010822,ETH-USD,1869.41,212,2026-01-01T04:25:27Z
batch_0005,order_00015928,order_00014785,ETH-USD,1869.61,110,2026-01-01T04:25:27Z
batch_0005,order_00015928,order_00011916,ETH-USD,1869.64,642,2026-01-01T04:25:27Z
batch_0005,order_00009454,order_00011916,ETH-USD,1869.64,320,2026-01-01T03:18:35Z
batch_0005,order_00009454,order_00010140,ETH-USD,1869.66,269,2026-01-01T02:48:59Z
batch_0005,order_00009273,order_00010140,ETH-USD,1869.66,121,2026-01-01T02:48:59Z
batch_0005,order_00009461,order_00010140,ETH-USD,1869.66,15,2026-01-01T02:48:59Z
batch_0005,order_00009461,order_00015841,ETH-USD,1869.78,88,2026-01-01T04:24:00Z
batch_0005,order_00009709,order_00015841,ETH-USD,1869.78,678,2026-01-01T04:24:00Z
batch_0005,order_00009709,order_00014911,ETH-USD,1869.85,147,2026-01-01T04:08:30Z
batch_0005,order_00010855,order_00014911,ETH-USD,1869.85,301,2026-01-01T04:08:30Z
batch_0005,order_00010855,order_00010787,ETH-USD,1869.86,319,2026-01-01T03:00:54Z
batch_0005,order_00011980,order_00010787,ETH-USD,1869.86,192,2026-01-01T03:19:39Z
batch_0005,order_00011980,order_00012259,ETH-USD,1870.24,567,2026-01-01T03:24:18Z
batch_0005,order_00010155,order_00012259,ETH-USD,1870.24,167,2026-01-01T03:24:18Z
batch_0005,order_00010155,order_00011195,ETH-USD,1870.28,523,2026-01-01T03:06:34Z
batch_0005,order_00011752,order_00011195,ETH-USD,1870.28,464,2026-01-01T03:15:51Z
batch_0005,order_00011752,order_00014998,ETH-USD,1870.28,109,2026-01-01T04:09:57Z
batch_0005,order_00011752,order_00012681,ETH-USD,1870.32,326,2026-01-01T03:31:20Z
batch_0005,order_00011273,order_00012681,ETH-USD,1870.32,68,2026-01-01T03:31:20Z
batch_0005,order_00011273,order_00016393,ETH-USD,1870.33,245,2026-01-01T04:33:12Z
batch_0005,order_00011273,order_00008459,ETH-USD,1870.41,94,2026-01-01T03:07:52Z
batch_0005,order_00011009,order_00008459,ETH-USD,1870.41,197,2026-01-01T03:03:28Z
batch_0005,order_00011009,order_00007312,ETH-USD,1870.44,159,2026-01-01T03:03:28Z
batch_0005,order_00010144,order_00007312,ETH-USD,1870.44,41,2026-01-01T02:49:03Z
batch_0005,order_00015357,order_00007312,ETH-USD,1870.44,77,2026-01-01T04:15:56Z
batch_0005,order_00009302,order_00007312,ETH-USD,1870.44,328,2026-01-01T02:35:01Z
batch_0005,order_00009302,order_00012847,ETH-USD,1870.48,422,2026-01-01T03:34:06Z
batch_0005,order_00010815,order_00012847,ETH-USD,1870.48,513,2026-01-01T03:34:06Z
batch_0005,order_00010815,order_00015004,ETH-USD,1870.54,271,2026-01-01T04:10:03Z
batch_0005,order_00010412,order_00015004,ETH-USD,1870.54,78,2026-01-01T04:10:03Z
batch_0005,order_00010830,order_00015004,ETH-USD,1870.54,299,2026-01-01T04:10:03Z
batch_0005,order_00010830,order_00013448,ETH-USD,1870.58,178,2026-01-01T03:44:07Z
batch_0005,order_00016261,order_00013448,ETH-USD,1870.58,165,2026-01-01T04:31:00Z
batch_0005,order_00010304,order_00013448,ETH-USD,1870.58,211,2026-01-01T03:44:07Z
batch_0005,order_00010304,order_00014491,ETH-USD,1870.59,457,2026-01-01T04:01:30Z
batch_0005,order_00010304,order_00016277,ETH-USD,1870.64,223,2026-01-01T04:31:16Z
batch_0005,order_00010304,order_00012356,ETH-USD,1870.71,105,2026-01-01T03:25:55Z
batch_0005,order_00015734,order_00012356,ETH-USD,1870.71,234,2026-01-01T04:22:13Z
batch_0005,order_00015275,order_00012356,ETH-USD,1870.71,565,2026-01-01T04:14:34Z
batch_0005,order_00015275,order_00010806,ETH-USD,1870.82,72,2026-01-01T04:14:34Z
batch_0005,order_00012477,order_00010806,ETH-USD,1870.82,42,2026-01-01T03:27:56Z
batch_0005,order_00006790,order_00010806,ETH-USD,1870.82,238,2026-01-01T03:00:05Z
batch_0005,order_00006790,order_00010102,ETH-USD,1870.93,459,2026-01-01T02:48:21Z
batch_0005,order_00013044,order_00010102,ETH-USD,1870.93,299,2026-01-01T03:37:23Z
batch_0005,order_00013044,order_00011648,ETH-USD,1870.93,663,2026-01-01T03:37:23Z
batch_0005,order_00008462,order_00011648,ETH-USD,1870.93,68,2026-01-01T03:14:07Z
batch_0005,order_00008462,order_00013856,ETH-USD,1870.95,305,2026-01-01T03:50:55Z
batch_0005,order_00007606,order_00013856,ETH-USD,1870.95,610,2026-01-01T03:50:55Z
batch_0005,order_00007606,order_00009956,ETH-USD,1871.13,69,2026-01-01T02:45:55Z
batch_0005,order_00008045,order_00009956,ETH-USD,1871.13,735,2026-01-01T02:45:55Z
batch_0005,order_00010849,order_00009956,ETH-USD,1871.13,191,2026-01-01T03:00:48Z
batch_0005,order_00010849,order_00010821,ETH-USD,1871.21,296,2026-01-01T03:00:48Z
batch_0005,order_00010849,order_00008804,ETH-USD,1871.24,135,2026-01-01T03:00:48Z
batch_0005,order_00010849,order_00010114,ETH-USD,1871.31,329,2026-01-01T03:00:48Z
batch_0005,order_00008887,order_00010114,ETH-USD,1871.31,278,2026-01-01T02:48:33Z
batch_0005,order_00008887,order_00015581,ETH-USD,1871.32,54,2026-01-01T04:19:40Z
batch_0005,order_00014763,order_00015581,ETH-USD,1871.32,635,2026-01-01T04:19:40Z
batch_0005,order_00016476,order_00015581,ETH-USD,1871.32,87,2026-01-01T04:34:35Z
batch_0005,order_00007457,order_00015581,ETH-USD,1871.32,108,2026-01-01T04:19:40Z
batch_0005,order_00007457,order_00015493,ETH-USD,1871.42,269,2026-01-01T04:18:12Z
batch_0005,order_00007457,order_00006610,ETH-USD,1871.46,3,2026-01-01T02:04:16Z
batch_0005,order_00007731,order_00006610,ETH-USD,1871.46,81,2026-01-01T02:08:50Z
batch_0005,order_00007731,order_00015709,ETH-USD,1871.55,620,2026-01-01T04:21:48Z
batch_0005,order_00013398,order_00015709,ETH-USD,1871.55,209,2026-01-01T04:21:48Z
batch_0005,order_00013398,order_00011230,ETH-USD,1871.57,442,2026-01-01T03:43:17Z
batch_0005,order_00013398,order_00014154,ETH-USD,1871.65,11,2026-01-01T03:55:53Z
batch_0005,order_00006688,order_00014154,ETH-USD,1871.65,189,2026-01-01T03:55:53Z
batch_0005,order_00013016,order_00014154,ETH-USD,1871.65,304,2026-01-01T03:55:53Z
batch_0005,order_00013016,order_00014766,ETH-USD,1871.66,59,2026-01-01T04:06:05Z
batch_0005,order_00008639,order_00014766,ETH-USD,1871.66,616,2026-01-01T04:06:05Z
batch_0005,order_00008639,order_00013619,ETH-USD,1871.69,380,2026-01-01T03:46:58Z
batch_0005,order_00015417,order_00013619,ETH-USD,1871.69,274,2026-01-01T04:16:56Z
batch_0005,order_00015417,order_00013926,ETH-USD,1871.74,73,2026-01-01T04:16:56Z
batch_0005,order_00015417,order_00014354,ETH-USD,1871.78,239,2026-01-01T04:16:56Z
batch_0005,order_00007523,order_00014354,ETH-USD,1871.78,4,2026-01-01T03:59:13Z
batch_0005,order_00011470,order_00014354,ETH-USD,1871.78,253,2026-01-01T03:59:13Z
batch_0005,order_00011470,order_00015510,ETH-USD,1871.8,167,2026-01-01T04:18:29Z
batch_0005,order_00011470,order_00014312,ETH-USD,1871.88,117,2026-01-01T03:58:31Z
batch_0005,order_00011470,order_00016588,ETH-USD,1872.01,301,2026-01-01T04:36:27Z
batch_0005,order_00009685,order_00016588,ETH-USD,1872.01,441,2026-01-01T04:36:27Z
batch_0005,order_00009685,order_00016430,ETH-USD,1872.08,200,2026-01-01T04:33:49Z
batch_0005,order_00008987,order_00016430,ETH-USD,1872.08,91,2026-01-01T04:33:49Z
batch_0005,order_00015455,order_00016430,ETH-USD,1872.08,76,2026-01-01T04:33:49Z
batch_0005,order_00015455,order_00009958,ETH-USD,1872.09,67,2026-01-01T04:17:34Z
batch_0005,order_00013453,order_00009958,ETH-USD,1872.09,110,2026-01-01T03:44:12Z
batch_0005,order_00008606,order_00009958,ETH-USD,1872.09,653,2026-01-01T02:45:57Z
batch_0005,order_00008606,order_00009018,ETH-USD,1872.1,176,2026-01-01T02:30:17Z
batch_0005,order_00014528,order_00009018,ETH-USD,1872.1,314,2026-01-01T04:02:07Z
batch_0005,order_00008183,order_00009018,ETH-USD,1872.1,411,2026-01-01T02:30:17Z
batch_0005,order_00014684,order_00014596,ETH-USD,1872.21,162,2026-01-01T04:04:43Z
batch_0005,order_00014684,order_00013245,ETH-USD,1872.24,563,2026-01-01T04:04:43Z
batch_0005,order_00006630,order_00013245,ETH-USD,1872.24,122,2026-01-01T03:40:44Z
batch_0005,order_00006630,order_00014564,ETH-USD,1872.27,291,2026-01-01T04:02:43Z
batch_0005,order_00014460,order_00014564,ETH-USD,1872.27,379,2026-01-01T04:02:43Z
batch_0005,order_00012203,order_00014564,ETH-USD,1872.27,146,2026-01-01T04:02:43Z
batch_0005,order_00012203,order_00014018,ETH-USD,1872.29,300,2026-01-01T03:53:37Z
batch_0005,order_00008603,order_00014018,ETH-USD,1872.29,49,2026-01-01T03:53:37Z
batch_0005,order_00009533,order_00014018,ETH-USD,1872.29,530,2026-01-01T03:53:37Z
batch_0005,order_00009533,order_00009021,ETH-USD,1872.37,94,2026-01-01T02:38:52Z
batch_0005,order_00012126,order_00009021,ETH-USD,1872.37,148,2026-01-01T03:22:05Z
batch_0005,order_00011742,order_00009021,ETH-USD,1872.37,564,2026-01-01T03:15:41Z
batch_0005,order_00007150,order_00009021,ETH-USD,1872.37,113,2026-01-01T02:30:20Z
batch_0005,order_00007150,order_00009676,ETH-USD,1872.48,397,2026-01-01T02:41:15Z
batch_0005,order_00010303,order_00009676,ETH-USD,1872.48,73,2026-01-01T02:51:42Z
batch_0005,order_00010303,order_00008817,ETH-USD,1872.61,172,2026-01-01T02:51:42Z
batch_0005,order_00010303,order_00008796,ETH-USD,1872.63,146,2026-01-01T02:51:42Z
batch_0005,order_00011317,order_00008796,ETH-USD,1872.63,615,2026-01-01T03:08:36Z
batch_0005,order_00008369,order_00008796,ETH-USD,1872.63,94,2026-01-01T02:26:35Z
batch_0005,order_00008369,order_00009892,ETH-USD,1872.82,68,2026-01-01T02:44:51Z
batch_0005,order_00014605,order_00009892,ETH-USD,1872.82,483,2026-01-01T04:03:24Z
batch_0005,order_00014605,order_00011566,ETH-USD,1872.88,289,2026-01-01T04:03:24Z
batch_0005,order_00011188,order_00011566,ETH-USD,1872.88,116,2026-01-01T03:12:45Z
batch_0005,order_00011188,order_00008906,ETH-USD,1872.93,392,2026-01-01T03:06:27Z
batch_0005,order_00011188,order_00009745,ETH-USD,1872.93,233,2026-01-01T03:06:27Z
batch_0005,order_00012217,order_00009745,ETH-USD,1872.93,364,2026-01-01T03:23:36Z
batch_0005,order_00010251,order_00009745,ETH-USD,1872.93,18,2026-01-01T02:50:50Z
batch_0005,order_00010251,order_00010637,ETH-USD,1872.94,158,2026-01-01T02:57:16Z
batch_0005,order_00010251,order_00010256,ETH-USD,1873.08,321,2026-01-01T02:50:55Z
batch_0005,order_00013023,order_00010256,ETH-USD,1873.08,123,2026-01-01T03:37:02Z
batch_0005,order_00010920,order_00010256,ETH-USD,1873.08,88,2026-01-01T03:01:59Z
batch_0005,order_00010924,order_00010256,ETH-USD,1873.08,66,2026-01-01T03:02:03Z
batch_0005,order_00010924,order_00016596,ETH-USD,1873.28,55,2026-01-01T04:36:35Z
batch_0005,order_00010924,order_00010625,ETH-USD,1873.52,226,2026-01-01T03:02:03Z
batch_0005,order_00010924,order_00013073,ETH-USD,1873.53,322,2026-01-01T03:37:52Z
batch_0005,order_00010157,order_00013073,ETH-USD,1873.53,474,2026-01-01T03:37:52Z
batch_0005,order_00013830,order_00013073,ETH-USD,1873.53,16,2026-01-01T03:50:29Z
batch_0005,order_00013830,order_00014184,ETH-USD,1873.53,713,2026-01-01T03:56:23Z
batch_0005,order_00013830,order_00015922,ETH-USD,1873.59,169,2026-01-01T04:25:21Z
batch_0005,order_00013830,order_00015670,ETH-USD,1873.6,12,2026-01-01T04:21:09Z
batch_0005,order_00010108,order_00015670,ETH-USD,1873.6,69,2026-01-01T04:21:09Z
batch_0005,order_00010108,order_00007292,ETH-USD,1873.67,680,2026-01-01T02:48:27Z
batch_0005,order_00014883,order_00007292,ETH-USD,1873.67,12,2026-01-01T04:08:02Z
batch_0005,order_00014883,order_00011462,ETH-USD,1873.75,650,2026-01-01T04:08:02Z
batch_0005,order_00014883,order_00013799,ETH-USD,1873.89,149,2026-01-01T04:08:02Z
batch_0005,order_00014674,order_00013799,ETH-USD,1873.89,115,2026-01-01T04:04:33Z
batch_0005,order_00011768,order_00013799,ETH-USD,1873.89,395,2026-01-01T03:49:58Z
batch_0005,order_00011768,order_00009135,ETH-USD,1873.99,450,2026-01-01T03:16:07Z
batch_0005,order_00013091,order_00009135,ETH-USD,1873.99,227,2026-01-01T03:38:10Z
batch_0005,order_00006833,order_00009135,ETH-USD,1873.99,50,2026-01-01T02:32:14Z
batch_0005,order_00006833,order_00014155,ETH-USD,1874.01,503,2026-01-01T03:55:54Z
batch_0005,order_00006833,order_00014753,ETH-USD,1874.1,221,2026-01-01T04:05:52Z
batch_0005,order_00006833,order_00010163,ETH-USD,1874.11,174,2026-01-01T02:49:22Z
batch_0005,order_00014324,order_00010163,ETH-USD,1874.11,543,2026-01-01T03:58:43Z
batch_0005,order_00014324,order_00016564,ETH-USD,1874.11,291,2026-01-01T04:36:03Z
batch_0005,order_00012659,order_00016564,ETH-USD,1874.11,116,2026-01-01T04:36:03Z
batch_0005,order_00007873,order_00016564,ETH-USD,1874.11,13,2026-01-01T04:36:03Z
batch_0005,order_00007873,order_00009160,ETH-USD,1874.26,90,2026-01-01T02:32:39Z
batch_0005,order_00007873,order_00015791,ETH-USD,1874.31,25,2026-01-01T04:23:10Z
batch_0005,order_00014955,order_00015791,ETH-USD,1874.31,803,2026-01-01T04:23:10Z
batch_0005,order_00014955,order_00014446,ETH-USD,1874.42,90,2026-01-01T04:09:14Z
batch_0005,order_00009441,order_00014446,ETH-USD,1874.42,403,2026-01-01T04:00:45Z
batch_0005,order_00009720,order_00014446,ETH-USD,1874.42,43,2026-01-01T04:00:45Z
batch_0005,order_00009720,order_00010049,ETH-USD,1874.52,4,2026-01-01T02:47:28Z
batch_0005,order_00014463,order_00010049,ETH-USD,1874.52,113,2026-01-01T04:01:02Z
batch_0005,order_00014463,order_00014677,ETH-USD,1874.55,648,2026-01-01T04:04:36Z
batch_0005,order_00014463,order_00010067,ETH-USD,1874.58,40,2026-01-01T04:01:02Z
batch_0005,order_00016326,order_00010067,ETH-USD,1874.58,388,2026-01-01T04:32:05Z
batch_0005,order_00016326,order_00011531,ETH-USD,1874.68,302,2026-01-01T04:32:05Z
batch_0005,order_00015307,order_00011531,ETH-USD,1874.68,51,2026-01-01T04:15:06Z
batch_0005,order_00015307,order_00012587,ETH-USD,1874.92,586,2026-01-01T04:15:06Z
batch_0005,order_00014992,order_00012587,ETH-USD,1874.92,171,2026-01-01T04:09:51Z
batch_0005,order_00014992,order_00008337,ETH-USD,1874.97,176,2026-01-01T04:09:51Z
batch_0005,order_00006703,order_00008337,ETH-USD,1874.97,1,2026-01-01T02:18:56Z
batch_0005,order_00006703,order_00014357,ETH-USD,1875.04,593,2026-01-01T03:59:16Z
batch_0005,order_00006703,order_00015264,ETH-USD,1875.12,142,2026-01-01T04:14:23Z
batch_0005,order_00010235,order_00015264,ETH-USD,1875.12,369,2026-01-01T04:14:23Z
batch_0005,order_00010235,order_00012958,ETH-USD,1875.28,83,2026-01-01T03:35:57Z
batch_0005,order_00010235,order_00016385,ETH-USD,1875.28,84,2026-01-01T04:33:04Z
batch_0005,order_00008157,order_00016385,ETH-USD,1875.28,421,2026-01-01T04:33:04Z
batch_0005,order_00007947,order_00016385,ETH-USD,1875.28,104,2026-01-01T04:33:04Z
batch_0005,order_00007947,order_00008388,ETH-USD,1875.46,825,2026-01-01T02:19:47Z
batch_0005,order_00007947,order_00010596,ETH-USD,1875.58,53,2026-01-01T02:56:35Z
batch_0005,order_00006666,order_00010596,ETH-USD,1875.58,432,2026-01-01T02:56:35Z
batch_0005,order_00006666,order_00009256,ETH-USD,1875.59,72,2026-01-01T02:34:15Z
batch_0005,order_00006666,order_00009992,ETH-USD,1875.68,462,2026-01-01T02:46:31Z
batch_0005,order_00011430,order_00009992,ETH-USD,1875.68,100,2026-01-01T03:10:29Z
batch_0005,order_00011430,order_00014525,ETH-USD,1875.7,395,2026-01-01T04:02:04Z
batch_0005,order_00014987,order_00014525,ETH-USD,1875.7,303,2026-01-01T04:09:46Z
batch_0005,order_00014987,order_00012807,ETH-USD,1875.71,27,2026-01-01T04:09:46Z
batch_0005,order_00010793,order_00012807,ETH-USD,1875.71,564,2026-01-01T03:33:26Z
batch_0005,order_00010793,order_00015478,ETH-USD,1875.74,57,2026-01-01T04:17:57Z
batch_0005,order_00009944,order_00015478,ETH-USD,1875.74,115,2026-01-01T04:17:57Z
batch_0005,order_00009944,order_00008699,ETH-USD,1875.83,140,2026-01-01T02:45:43Z
batch_0005,order_00010807,order_00008699,ETH-USD,1875.83,20,2026-01-01T03:00:06Z
batch_0005,order_00010807,order_00016049,ETH-USD,1876.19,156,2026-01-01T04:27:28Z
batch_0005,order_00008037,order_00016049,ETH-USD,1876.19,27,2026-01-01T04:27:28Z
batch_0005,order_00008037,order_00008474,ETH-USD,1876.35,384,2026-01-01T02:21:13Z
batch_0005,order_00008037,order_00006982,ETH-USD,1876.4,267,2026-01-01T02:13:56Z
batch_0005,order_00009241,order_00006982,ETH-USD,1876.4,731,2026-01-01T02:34:00Z
batch_0005,order_00009241,order_00011279,ETH-USD,1876.43,20,2026-01-01T03:07:58Z
batch_0005,order_00009241,order_00010173,ETH-USD,1876.47,148,2026-01-01T02:49:32Z
batch_0005,order_00010269,order_00010173,ETH-USD,1876.47,519,2026-01-01T02:51:08Z
batch_0005,order_00010269,order_00013388,ETH-USD,1876.57,344,2026-01-01T03:43:07Z
batch_0005,order_00010269,order_00012689,ETH-USD,1876.6,134,2026-01-01T03:31:28Z
batch_0005,order_00012318,order_00012689,ETH-USD,1876.6,827,2026-01-01T03:31:28Z
batch_0005,order_00012318,order_00016000,ETH-USD,1876.95,15,2026-01-01T04:26:39Z
batch_0005,order_00012318,order_00014276,ETH-USD,1876.99,5,2026-01-01T03:57:55Z
batch_0005,order_00016558,order_00014276,ETH-USD,1876.99,576,2026-01-01T04:35:57Z
batch_0005,order_00016558,order_00007839,ETH-USD,1877.01,264,2026-01-01T04:35:57Z
batch_0005,order_00014549,order_00007839,ETH-USD,1877.01,108,2026-01-01T04:02:28Z
batch_0005,order_00007641,order_00007839,ETH-USD,1877.01,42,2026-01-01T02:10:38Z
batch_0005,order_00011953,order_00007839,ETH-USD,1877.01,452,2026-01-01T03:19:12Z
batch_0005,order_00012798,order_00007839,ETH-USD,1877.01,53,2026-01-01T03:33:17Z
batch_0005,order_00012798,order_00006878,ETH-USD,1877.12,305,2026-01-01T03:33:17Z
batch_0005,order_00014982,order_00006878,ETH-USD,1877.12,92,2026-01-01T04:09:41Z
batch_0005,order_00014982,order_00011961,ETH-USD,1877.31,856,2026-01-01T04:09:41Z
batch_0005,order_00008368,order_00011961,ETH-USD,1877.31,135,2026-01-01T03:19:20Z
batch_0005,order_00008368,order_00010385,ETH-USD,1877.41,468,2026-01-01T02:53:04Z
batch_0005,order_00008368,order_00011093,ETH-USD,1877.51,244,2026-01-01T03:04:52Z
batch_0005,order_00015392,order_00011093,ETH-USD,1877.51,623,2026-01-01T04:16:31Z
batch_0005,order_00015392,order_00006679,ETH-USD,1877.67,170,2026-01-01T04:16:31Z
batch_0005,order_00013432,order_00006679,ETH-USD,1877.67,263,2026-01-01T03:43:51Z
batch_0005,order_00006903,order_00006679,ETH-USD,1877.67,47,2026-01-01T01:55:02Z
batch_0005,order_00016391,order_00006679,ETH-USD,1877.67,193,2026-01-01T04:33:10Z
batch_0005,order_00016391,order_00014901,ETH-USD,1877.72,752,2026-01-01T04:33:10Z
batch_0005,order_00008233,order_00014901,ETH-USD,1877.72,100,2026-01-01T04:08:20Z
batch_0005,order_00010880,order_00014901,ETH-USD,1877.72,84,2026-01-01T04:08:20Z
batch_0005,order_00008443,order_00014901,ETH-USD,1877.72,49,2026-01-01T04:08:20Z
batch_0005,order_00008443,order_00011135,ETH-USD,1877.77,577,2026-01-01T03:05:34Z
batch_0005,order_00011388,order_00011135,ETH-USD,1877.77,92,2026-01-01T03:09:47Z
batch_0005,order_00011388,order_00012673,ETH-USD,1877.77,325,2026-01-01T03:31:12Z
batch_0005,order_00011388,order_00006606,ETH-USD,1877.85,432,2026-01-01T03:09:47Z
batch_0005,order_00011388,order_00013463,ETH-USD,1877.85,46,2026-01-01T03:44:22Z
batch_0005,order_00012001,order_00013463,ETH-USD,1877.85,76,2026-01-01T03:44:22Z
batch_0005,order_00006950,order_00013463,ETH-USD,1877.85,225,2026-01-01T03:44:22Z
batch_0005,order_00006950,order_00007174,ETH-USD,1877.87,84,2026-01-01T01:59:33Z
batch_0005,order_00006950,order_00011210,ETH-USD,1877.88,95,2026-01-01T03:06:49Z
batch_0005,order_00006950,order_00014256,ETH-USD,1878.05,429,2026-01-01T03:57:35Z
batch_0005,order_00008678,order_00014256,ETH-USD,1878.05,209,2026-01-01T03:57:35Z
batch_0005,order_00008678,order_00015983,ETH-USD,1878.18,533,2026-01-01T04:26:22Z
batch_0005,order_00008678,order_00014497,ETH-USD,1878.23,238,2026-01-01T04:01:36Z
batch_0005,order_00008678,order_00008246,ETH-USD,1878.24,2,2026-01-01T02:24:37Z
batch_0005,order_00015688,order_00008246,ETH-USD,1878.24,10,2026-01-01T04:21:27Z
batch_0005,order_00015688,order_00007139,ETH-USD,1878.61,257,2026-01-01T04:21:27Z
batch_0005,order_00009092,order_00007139,ETH-USD,1878.61,593,2026-01-01T02:31:31Z
batch_0005,order_00009599,order_00007139,ETH-USD,1878.61,124,2026-01-01T02:39:58Z
batch_0005,order_00009599,order_00013694,ETH-USD,1878.74,85,2026-01-01T03:48:13Z
batch_0005,order_00009599,order_00011437,ETH-USD,1878.94,115,2026-01-01T03:10:36Z
batch_0005,order_00009599,order_00012568,ETH-USD,1879.0,286,2026-01-01T03:29:27Z
batch_0005,order_00008202,order_00012568,ETH-USD,1879.0,559,2026-01-01T03:29:27Z
batch_0005,order_00008202,order_00013997,ETH-USD,1879.0,131,2026-01-01T03:53:16Z
batch_0005,order_00007676,order_00013997,ETH-USD,1879.0,377,2026-01-01T03:53:16Z
batch_0005,order_00007676,order_00009422,ETH-USD,1879.13,561,2026-01-01T02:37:01Z
batch_0005,order_00016304,order_00009422,ETH-USD,1879.13,16,2026-01-01T04:31:43Z
batch_0005,order_00011036,order_00009422,ETH-USD,1879.13,37,2026-01-01T03:03:55Z
batch_0005,order_00011036,order_00010179,ETH-USD,1879.13,410,2026-01-01T03:03:55Z
batch_0005,order_00011036,order_00007089,ETH-USD,1879.17,50,2026-01-01T03:03:55Z
batch_0005,order_00010500,order_00007089,ETH-USD,1879.17,623,2026-01-01T02:54:59Z
batch_0005,order_00010500,order_00014300,ETH-USD,1879.36,272,2026-01-01T03:58:19Z
batch_0005,order_00010500,order_00008793,ETH-USD,1879.39,51,2026-01-01T02:54:59Z
batch_0005,order_00009421,order_00008793,ETH-USD,1879.39,442,2026-01-01T02:37:00Z
batch_0005,order_00013637,order_00008793,ETH-USD,1879.39,200,2026-01-01T03:47:16Z
batch_0005,order_00013637,order_00012469,ETH-USD,1879.39,132,2026-01-01T03:47:16Z
batch_0005,order_00013637,order_00014098,ETH-USD,1879.61,244,2026-01-01T03:54:57Z
batch_0005,order_00014087,order_00014098,ETH-USD,1879.61,135,2026-01-01T03:54:57Z
batch_0005,order_00014087,order_00009551,ETH-USD,1879.69,49,2026-01-01T03:54:46Z
batch_0005,order_00012626,order_00009551,ETH-USD,1879.69,104,2026-01-01T03:30:25Z
batch_0005,order_00007328,order_00009551,ETH-USD,1879.69,186,2026-01-01T02:39:10Z
batch_0005,order_00007328,order_00013990,ETH-USD,1879.75,107,2026-01-01T03:53:09Z
batch_0005,order_00015777,order_00013990,ETH-USD,1879.75,304,2026-01-01T04:22:56Z
batch_0005,order_00015777,order_00014501,ETH-USD,1879.93,255,2026-01-01T04:22:56Z
batch_0005,order_00012671,order_00014501,ETH-USD,1879.93,320,2026-01-01T04:01:40Z
batch_0005,order_00012671,order_00015473,ETH-USD,1880.05,543,2026-01-01T04:17:52Z
batch_0005,order_00016257,order_00015473,ETH-USD,1880.05,176,2026-01-01T04:30:56Z
batch_0005,order_00016257,order_00013496,ETH-USD,1880.09,97,2026-01-01T04:30:56Z
batch_0005,order_00008979,order_00013496,ETH-USD,1880.09,303,2026-01-01T03:44:55Z
batch_0005,order_00008979,order_00007190,ETH-USD,1880.23,661,2026-01-01T02:29:38Z
batch_0005,order_00010091,order_00007190,ETH-USD,1880.23,128,2026-01-01T02:48:10Z
batch_0005,order_00010091,order_00014065,ETH-USD,1880.23,129,2026-01-01T03:54:24Z
batch_0005,order_00008950,order_00014065,ETH-USD,1880.23,409,2026-01-01T03:54:24Z
batch_0005,order_00016285,order_00014065,ETH-USD,1880.23,250,2026-01-01T04:31:24Z
batch_0005,order_00016285,order_00010629,ETH-USD,1880.28,105,2026-01-01T04:31:24Z
batch_0005,order_00008305,order_00010629,ETH-USD,1880.28,595,2026-01-01T02:57:08Z
batch_0005,order_00014230,order_00010629,ETH-USD,1880.28,53,2026-01-01T03:57:09Z
batch_0005,order_00014230,order_00009850,ETH-USD,1880.37,166,2026-01-01T03:57:09Z
batch_0005,order_00008541,order_00009850,ETH-USD,1880.37,135,2026-01-01T02:44:09Z
batch_0005,order_00008541,order_00012483,ETH-USD,1880.5,151,2026-01-01T03:28:02Z
batch_0005,order_00008541,order_00008943,ETH-USD,1880.51,491,2026-01-01T02:29:02Z
batch_0005,order_00013272,order_00008943,ETH-USD,1880.51,245,2026-01-01T03:41:11Z
batch_0005,order_00009630,order_00008943,ETH-USD,1880.51,78,2026-01-01T02:40:29Z
batch_0005,order_00009630,order_00015434,ETH-USD,1880.64,91,2026-01-01T04:17:13Z
batch_0005,order_00009630,order_00013171,ETH-USD,1880.69,557,2026-01-01T03:39:30Z
batch_0005,order_00007433,order_00013171,ETH-USD,1880.69,103,2026-01-01T03:39:30Z
batch_0005,order_00007433,order_00013382,ETH-USD,1880.79,371,2026-01-01T03:43:01Z
batch_0005,order_00009859,order_00013382,ETH-USD,1880.79,125,2026-01-01T03:43:01Z
batch_0005,order_00009859,order_00008634,ETH-USD,1880.8,256,2026-01-01T02:44:18Z
batch_0005,order_00014161,order_00008634,ETH-USD,1880.8,573,2026-01-01T03:56:00Z
batch_0005,order_00014161,order_00016342,ETH-USD,1880.8,184,2026-01-01T04:32:21Z
batch_0005,order_00014161,order_00010523,ETH-USD,1880.87,242,2026-01-01T03:56:00Z
batch_0005,order_00014879,order_00010523,ETH-USD,1880.87,201,2026-01-01T04:07:58Z
batch_0005,order_00011933,order_00013954,ETH-USD,1880.9,455,2026-01-01T03:52:33Z
batch_0005,order_00011775,order_00013954,ETH-USD,1880.9,61,2026-01-01T03:52:33Z
batch_0005,order_00008342,order_00013954,ETH-USD,1880.9,24,2026-01-01T03:52:33Z
batch_0005,order_00008178,order_00013954,ETH-USD,1880.9,160,2026-01-01T03:52:33Z
batch_0005,order_00016592,order_00013954,ETH-USD,1880.9,110,2026-01-01T04:36:31Z
batch_0005,order_00016592,order_00007453,ETH-USD,1880.96,739,2026-01-01T04:36:31Z
batch_0005,order_00007418,order_00007453,ETH-USD,1880.96,57,2026-01-01T02:04:12Z
batch_0005,order_00007418,order_00008748,ETH-USD,1881.09,297,2026-01-01T02:25:47Z
batch_0005,order_00010197,order_00008748,ETH-USD,1881.09,241,2026-01-01T02:49:56Z
batch_0005,order_00010197,order_00016545,ETH-USD,1881.44,274,2026-01-01T04:35:44Z
batch_0005,order_00014890,order_00016545,ETH-USD,1881.44,78,2026-01-01T04:35:44Z
batch_0005,order_00014890,order_00015564,ETH-USD,1881.52,231,2026-01-01T04:19:23Z
batch_0005,order_00015013,order_00015564,ETH-USD,1881.52,76,2026-01-01T04:19:23Z
batch_0005,order_00015013,order_00009163,ETH-USD,1881.53,359,2026-01-01T04:10:12Z
batch_0005,order_00009765,order_00009163,ETH-USD,1881.53,366,2026-01-01T02:42:44Z
batch_0005,order_00009765,order_00009379,ETH-USD,1881.67,314,2026-01-01T02:42:44Z
batch_0005,order_00009463,order_00009379,ETH-USD,1881.67,318,2026-01-01T02:37:42Z
batch_0005,order_00009463,order_00007435,ETH-USD,1881.68,29,2026-01-01T02:37:42Z
batch_0005,order_00007171,order_00007435,ETH-USD,1881.68,359,2026-01-01T02:03:54Z
batch_0005,order_00016510,order_00007435,ETH-USD,1881.68,333,2026-01-01T04:35:09Z
batch_0005,order_00016510,order_00015143,ETH-USD,1881.69,31,2026-01-01T04:35:09Z
batch_0005,order_00012215,order_00015143,ETH-USD,1881.69,285,2026-01-01T04:12:22Z
batch_0005,order_00016036,order_00015143,ETH-USD,1881.69,475,2026-01-01T04:27:15Z
batch_0005,order_00014046,order_00015143,ETH-USD,1881.69,143,2026-01-01T04:12:22Z
batch_0005,order_00014046,order_00009361,ETH-USD,1881.77,35,2026-01-01T03:54:05Z
batch_0005,order_00014046,order_00012103,ETH-USD,1881.79,549,2026-01-01T03:54:05Z
batch_0005,order_00015093,order_00012103,ETH-USD,1881.79,240,2026-01-01T04:11:32Z
batch_0005,order_00010478,order_00012103,ETH-USD,1881.79,53,2026-01-01T03:21:42Z
batch_0005,order_00008496,order_00012103,ETH-USD,1881.79,33,2026-01-01T03:21:42Z
batch_0005,order_00008496,order_00007454,ETH-USD,1881.8,350,2026-01-01T02:21:35Z
batch_0005,order_00008496,order_00009794,ETH-USD,1881.83,478,2026-01-01T02:43:13Z
batch_0005,order_00012069,order_00009794,ETH-USD,1881.83,429,2026-01-01T03:21:08Z
batch_0005,order_00012069,order_00012897,ETH-USD,1881.88,259,2026-01-01T03:34:56Z
batch_0005,order_00007653,order_00012897,ETH-USD,1881.88,659,2026-01-01T03:34:56Z
batch_0005,order_00007653,order_00009756,ETH-USD,1881.99,341,2026-01-01T02:42:35Z
batch_0005,order_00012367,order_00009756,ETH-USD,1881.99,200,2026-01-01T03:26:06Z
batch_0005,order_00012367,order_00014632,ETH-USD,1882.02,271,2026-01-01T04:03:51Z
batch_0005,order_00013609,order_00014632,ETH-USD,1882.02,317,2026-01-01T04:03:51Z
batch_0005,order_00013609,order_00008741,ETH-USD,1882.11,165,2026-01-01T03:46:48Z
batch_0005,order_00013609,order_00006963,ETH-USD,1882.15,421,2026-01-01T03:46:48Z
batch_0005,order_00013609,order_00010938,ETH-USD,1882.17,30,2026-01-01T03:46:48Z
batch_0005,order_00008050,order_00010938,ETH-USD,1882.17,351,2026-01-01T03:02:17Z
batch_0005,order_00008050,order_00012832,ETH-USD,1882.21,78,2026-01-01T03:33:51Z
batch_0005,order_00007127,order_00012832,ETH-USD,1882.21,485,2026-01-01T03:33:51Z
batch_0005,order_00015076,order_00012832,ETH-USD,1882.21,110,2026-01-01T04:11:15Z
batch_0005,order_00015076,order_00010835,ETH-USD,1882.24,316,2026-01-01T04:11:15Z
batch_0005,order_00015076,order_00015942,ETH-USD,1882.53,186,2026-01-01T04:25:41Z
batch_0005,order_00007384,order_00015942,ETH-USD,1882.53,324,2026-01-01T04:25:41Z
batch_0005,order_00007384,order_00015399,ETH-USD,1882.65,566,2026-01-01T04:16:38Z
batch_0005,order_00015041,order_00015399,ETH-USD,1882.65,204,2026-01-01T04:16:38Z
batch_0005,order_00015041,order_00012904,ETH-USD,1882.78,96,2026-01-01T04:10:40Z
batch_0005,order_00011794,order_00012904,ETH-USD,1882.78,7,2026-01-01T03:35:03Z
batch_0005,order_00011794,order_00011026,ETH-USD,1882.81,60,2026-01-01T03:16:33Z
batch_0005,order_00007551,order_00011026,ETH-USD,1882.81,331,2026-01-01T03:03:45Z
batch_0005,order_00007551,order_00013212,ETH-USD,1883.05,402,2026-01-01T03:40:11Z
batch_0005,order_00007551,order_00009250,ETH-USD,1883.06,62,2026-01-01T02:34:09Z
batch_0005,order_00009847,order_00009250,ETH-USD,1883.06,761,2026-01-01T02:44:06Z
batch_0005,order_00009847,order_00016471,ETH-USD,1883.28,80,2026-01-01T04:34:30Z
batch_0005,order_00007681,order_00016471,ETH-USD,1883.28,97,2026-01-01T04:34:30Z
batch_0005,order_00007681,order_00013157,ETH-USD,1883.32,622,2026-01-01T03:39:16Z
batch_0005,order_00007681,order_00011940,ETH-USD,1883.52,206,2026-01-01T03:18:59Z
batch_0005,order_00013270,order_00011940,ETH-USD,1883.52,735,2026-01-01T03:41:09Z
batch_0005,order_00013270,order_00011189,ETH-USD,1883.65,26,2026-01-01T03:41:09Z
batch_0005,order_00013270,order_00011151,ETH-USD,1883.69,14,2026-01-01T03:41:09Z
batch_0005,order_00013270,order_00014023,ETH-USD,1883.81,120,2026-01-01T03:53:42Z
batch_0005,order_00013270,order_00015211,ETH-USD,1883.81,8,2026-01-01T04:13:30Z
batch_0005,order_00013270,order_00009447,ETH-USD,1883.83,47,2026-01-01T03:41:09Z
batch_0005,order_00013270,order_00012049,ETH-USD,1883.87,20,2026-01-01T03:41:09Z
batch_0005,order_00014592,order_00012049,ETH-USD,1883.87,145,2026-01-01T04:03:11Z
batch_0005,order_00014592,order_00012835,ETH-USD,1883.88,125,2026-01-01T04:03:11Z
batch_0005,order_00014592,order_00008762,ETH-USD,1883.92,14,2026-01-01T04:03:11Z
batch_0005,order_00014592,order_00009350,ETH-USD,1883.98,438,2026-01-01T04:03:11Z
batch_0005,order_00015456,order_00009350,ETH-USD,1883.98,212,2026-01-01T04:17:35Z
batch_0005,order_00011558,order_00009350,ETH-USD,1883.98,251,2026-01-01T03:12:37Z
batch_0005,order_00011558,order_00015045,ETH-USD,1883.99,514,2026-01-01T04:10:44Z
batch_0005,order_00011558,order_00006807,ETH-USD,1884.13,137,2026-01-01T03:12:37Z
batch_0005,order_00011558,order_00013847,ETH-USD,1884.2,36,2026-01-01T03:50:46Z
batch_0005,order_00008328,order_00013847,ETH-USD,1884.2,420,2026-01-01T03:50:46Z
batch_0005,order_00007249,order_00013847,ETH-USD,1884.2,94,2026-01-01T03:50:46Z
batch_0005,order_00007249,order_00014770,ETH-USD,1884.2,554,2026-01-01T04:06:09Z
batch_0005,order_00007249,order_00009364,ETH-USD,1884.22,264,2026-01-01T02:36:03Z
batch_0005,order_00013042,order_00009364,ETH-USD,1884.22,263,2026-01-01T03:37:21Z
batch_0005,order_00013042,order_00014726,ETH-USD,1884.23,277,2026-01-01T04:05:25Z
batch_0005,order_00013163,order_00014726,ETH-USD,1884.23,397,2026-01-01T04:05:25Z
batch_0005,order_00012918,order_00014726,ETH-USD,1884.23,20,2026-01-01T04:05:25Z
batch_0005,order_00012918,order_00011115,ETH-USD,1884.27,108,2026-01-01T03:35:17Z
batch_0005,order_00012918,order_00010667,ETH-USD,1884.29,150,2026-01-01T03:35:17Z
batch_0005,order_00012918,order_00013332,ETH-USD,1884.32,275,2026-01-01T03:42:11Z
batch_0005,order_00012918,order_00011771,ETH-USD,1884.49,155,2026-01-01T03:35:17Z
batch_0005,order_00012918,order_00009868,ETH-USD,1884.5,143,2026-01-01T03:35:17Z
batch_0005,order_00013537,order_00009868,ETH-USD,1884.5,276,2026-01-01T03:45:36Z
batch_0005,order_00006645,order_00009868,ETH-USD,1884.5,211,2026-01-01T02:44:27Z
batch_0005,order_00006645,order_00012820,ETH-USD,1884.62,432,2026-01-01T03:33:39Z
batch_0005,order_00006645,order_00009213,ETH-USD,1884.63,116,2026-01-01T02:33:32Z
batch_0005,order_00006645,order_00010497,ETH-USD,1884.65,126,2026-01-01T02:54:56Z
batch_0005,order_00006645,order_00016046,ETH-USD,1884.69,54,2026-01-01T04:27:25Z
batch_0005,order_00008981,order_00016046,ETH-USD,1884.69,59,2026-01-01T04:27:25Z
batch_0005,order_00008981,order_00010333,ETH-USD,1884.73,828,2026-01-01T02:52:12Z
batch_0005,order_00008981,order_00013566,ETH-USD,1884.8,73,2026-01-01T03:46:05Z
batch_0005,order_00008152,order_00013566,ETH-USD,1884.8,322,2026-01-01T03:46:05Z
batch_0005,order_00008152,order_00010564,ETH-USD,1884.86,67,2026-01-01T02:56:03Z
batch_0005,order_00010737,order_00010564,ETH-USD,1884.86,240,2026-01-01T02:58:56Z
batch_0005,order_00013277,order_00010564,ETH-USD,1884.86,169,2026-01-01T03:41:16Z
batch_0005,order_00006975,order_00010564,ETH-USD,1884.86,141,2026-01-01T02:56:03Z
batch_0005,order_00006975,order_00016480,ETH-USD,1884.93,352,2026-01-01T04:34:39Z
batch_0005,order_00008500,order_00016480,ETH-USD,1884.93,241,2026-01-01T04:34:39Z
batch_0005,order_00008500,order_00009627,ETH-USD,1885.01,654,2026-01-01T02:40:26Z
batch_0005,order_00015170,order_00009627,ETH-USD,1885.01,297,2026-01-01T04:12:49Z
batch_0005,order_00015170,order_00009574,ETH-USD,1885.28,428,2026-01-01T04:12:49Z
batch_0005,order_00015170,order_00016367,ETH-USD,1885.41,271,2026-01-01T04:32:46Z
batch_0005,order_00013491,order_00016367,ETH-USD,1885.41,649,2026-01-01T04:32:46Z
batch_0005,order_00013491,order_00007074,ETH-USD,1885.46,210,2026-01-01T03:44:50Z
batch_0005,order_00014303,order_00007074,ETH-USD,1885.46,115,2026-01-01T03:58:22Z
batch_0005,order_00014303,order_00010823,ETH-USD,1885.76,309,2026-01-01T03:58:22Z
batch_0005,order_00013208,order_00010823,ETH-USD,1885.76,22,2026-01-01T03:40:07Z
batch_0005,order_00013208,order_00011084,ETH-USD,1885.87,469,2026-01-01T03:40:07Z
batch_0005,order_00011176,order_00011084,ETH-USD,1885.87,212,2026-01-01T03:06:15Z
batch_0005,order_00011104,order_00011084,ETH-USD,1885.87,49,2026-01-01T03:05:03Z
batch_0005,order_00011104,order_00009844,ETH-USD,1885.88,459,2026-01-01T03:05:03Z
batch_0005,order_00007799,order_00009844,ETH-USD,1885.88,221,2026-01-01T02:44:03Z
batch_0005,order_00007799,order_00008231,ETH-USD,1885.91,109,2026-01-01T02:17:10Z
batch_0005,order_00014356,order_00008231,ETH-USD,1885.91,52,2026-01-01T03:59:15Z
batch_0005,order_00006905,order_00008231,ETH-USD,1885.91,556,2026-01-01T02:17:10Z
batch_0005,order_00006905,order_00007958,ETH-USD,1886.01,68,2026-01-01T02:12:37Z
batch_0005,order_00007449,order_00007958,ETH-USD,1886.01,447,2026-01-01T02:12:37Z
batch_0005,order_00007449,order_00007415,ETH-USD,1886.06,481,2026-01-01T02:04:08Z
batch_0005,order_00013121,order_00007415,ETH-USD,1886.06,424,2026-01-01T03:38:40Z
batch_0005,order_00013321,order_00007415,ETH-USD,1886.06,48,2026-01-01T03:42:00Z
batch_0005,order_00013321,order_00013783,ETH-USD,1886.18,357,2026-01-01T03:49:42Z
batch_0005,order_00013321,order_00015411,ETH-USD,1886.19,124,2026-01-01T04:16:50Z
batch_0005,order_00013321,order_00006749,ETH-USD,1886.43,7,2026-01-01T03:42:00Z
batch_0005,order_00013321,order_00010034,ETH-USD,1886.46,118,2026-01-01T03:42:00Z
batch_0005,order_00015848,order_00010034,ETH-USD,1886.46,197,2026-01-01T04:24:07Z
batch_0005,order_00015848,order_00012745,ETH-USD,1886.65,130,2026-01-01T04:24:07Z
batch_0005,order_00007794,order_00012745,ETH-USD,1886.65,529,2026-01-01T03:32:24Z
batch_0005,order_00015113,order_00012745,ETH-USD,1886.65,143,2026-01-01T04:11:52Z
batch_0005,order_00015113,order_00013494,ETH-USD,1886.66,235,2026-01-01T04:11:52Z
batch_0005,order_00016395,order_00013494,ETH-USD,1886.66,184,2026-01-01T04:33:14Z
batch_0005,order_00016395,order_00009459,ETH-USD,1886.67,221,2026-01-01T04:33:14Z
batch_0005,order_00016395,order_00007420,ETH-USD,1886.69,50,2026-01-01T04:33:14Z
batch_0005,order_00016395,order_00010043,ETH-USD,1886.7,188,2026-01-01T04:33:14Z
batch_0005,order_00011384,order_00010043,ETH-USD,1886.7,383,2026-01-01T03:09:43Z
batch_0005,order_00011384,order_00015804,ETH-USD,1886.89,109,2026-01-01T04:23:23Z
batch_0005,order_00011894,order_00015804,ETH-USD,1886.89,738,2026-01-01T04:23:23Z
batch_0005,order_00011894,order_00012810,ETH-USD,1887.03,74,2026-01-01T03:33:29Z
batch_0005,order_00015720,order_00012810,ETH-USD,1887.03,668,2026-01-01T04:21:59Z
batch_0005,order_00015720,order_00009383,ETH-USD,1887.08,139,2026-01-01T04:21:59Z
batch_0005,order_00007172,order_00009383,ETH-USD,1887.08,411,2026-01-01T02:36:22Z
batch_0005,order_00013362,order_00009383,ETH-USD,1887.08,334,2026-01-01T03:42:41Z
batch_0005,order_00013362,order_00011615,ETH-USD,1887.08,392,2026-01-01T03:42:41Z
batch_0005,order_00011416,order_00011615,ETH-USD,1887.08,19,2026-01-01T03:13:34Z
batch_0005,order_00011416,order_00016266,ETH-USD,1887.08,167,2026-01-01T04:31:05Z
batch_0005,order_00011416,order_00009085,ETH-USD,1887.33,202,2026-01-01T03:10:15Z
batch_0005,order_00012595,order_00009085,ETH-USD,1887.33,234,2026-01-01T03:29:54Z
batch_0005,order_00014597,order_00009085,ETH-USD,1887.33,46,2026-01-01T04:03:16Z
batch_0005,order_00014597,order_00009619,ETH-USD,1887.34,538,2026-01-01T04:03:16Z
batch_0005,order_00014597,order_00007169,ETH-USD,1887.38,201,2026-01-01T04:03:16Z
batch_0005,order_00015549,order_00007169,ETH-USD,1887.38,29,2026-01-01T04:19:08Z
batch_0005,order_00015549,order_00013271,ETH-USD,1887.41,466,2026-01-01T04:19:08Z
batch_0005,order_00015549,order_00007007,ETH-USD,1887.45,22,2026-01-01T04:19:08Z
batch_0005,order_00009704,order_00007007,ETH-USD,1887.45,25,2026-01-01T02:41:43Z
batch_0005,order_00016437,order_00007007,ETH-USD,1887.45,445,2026-01-01T04:33:56Z
batch_0005,order_00016437,order_00014467,ETH-USD,1887.74,217,2026-01-01T04:33:56Z
batch_0005,order_00007121,order_00014467,ETH-USD,1887.74,718,2026-01-01T04:01:06Z
batch_0005,order_00007121,order_00011721,ETH-USD,1887.8,137,2026-01-01T03:15:20Z
batch_0005,order_00014583,order_00011721,ETH-USD,1887.8,330,2026-01-01T04:03:02Z
batch_0005,order_00014583,order_00014515,ETH-USD,1887.9,418,2026-01-01T04:03:02Z
batch_0005,order_00007012,order_00014515,ETH-USD,1887.9,567,2026-01-01T04:01:54Z
batch_0005,order_00007012,order_00014224,ETH-USD,1888.1,6,2026-01-01T03:57:03Z
batch_0005,order_00007577,order_00014224,ETH-USD,1888.1,18,2026-01-01T03:57:03Z
batch_0005,order_00007290,order_00014224,ETH-USD,1888.1,471,2026-01-01T03:57:03Z
batch_0005,order_00009285,order_00014224,ETH-USD,1888.1,166,2026-01-01T03:57:03Z
batch_0005,order_00009285,order_00007366,ETH-USD,1888.13,194,2026-01-01T02:34:44Z
batch_0005,order_00015158,order_00007366,ETH-USD,1888.13,309,2026-01-01T04:12:37Z
batch_0005,order_00010145,order_00007366,ETH-USD,1888.13,319,2026-01-01T02:49:04Z
batch_0005,order_00013096,order_00007366,ETH-USD,1888.13,76,2026-01-01T03:38:15Z
batch_0005,order_00013096,order_00012296,ETH-USD,1888.16,293,2026-01-01T03:38:15Z
batch_0005,order_00010411,order_00012296,ETH-USD,1888.16,205,2026-01-01T03:24:55Z
batch_0005,order_00010411,order_00010457,ETH-USD,1888.23,219,2026-01-01T02:54:16Z
batch_0005,order_00008694,order_00010457,ETH-USD,1888.23,74,2026-01-01T02:54:16Z
batch_0005,order_00015062,order_00010457,ETH-USD,1888.23,690,2026-01-01T04:11:01Z
batch_0005,order_00015062,order_00007350,ETH-USD,1888.27,117,2026-01-01T04:11:01Z
batch_0005,order_00008211,order_00007350,ETH-USD,1888.27,308,2026-01-01T02:16:50Z
batch_0005,order_00008211,order_00009938,ETH-USD,1888.33,127,2026-01-01T02:45:37Z
batch_0005,order_00008211,order_00015000,ETH-USD,1888.35,126,2026-01-01T04:09:59Z
batch_0005,order_00008211,order_00015374,ETH-USD,1888.35,169,2026-01-01T04:16:13Z
batch_0005,order_00015911,order_00015374,ETH-USD,1888.35,108,2026-01-01T04:25:10Z
batch_0005,order_00015911,order_00007223,ETH-USD,1888.36,218,2026-01-01T04:25:10Z
batch_0005,order_00008283,order_00007223,ETH-USD,1888.36,223,2026-01-01T02:18:02Z
batch_0005,order_00013748,order_00007223,ETH-USD,1888.36,172,2026-01-01T03:49:07Z
batch_0005,order_00013748,order_00011524,ETH-USD,1888.68,660,2026-01-01T03:49:07Z
batch_0005,order_00013748,order_00007456,ETH-USD,1888.79,49,2026-01-01T03:49:07Z
batch_0005,order_00011792,order_00007456,ETH-USD,1888.79,334,2026-01-01T03:16:31Z
batch_0005,order_00008843,order_00007456,ETH-USD,1888.79,280,2026-01-01T02:27:22Z
batch_0005,order_00008843,order_00014854,ETH-USD,1888.85,376,2026-01-01T04:07:33Z
batch_0005,order_00012661,order_00014854,ETH-USD,1888.85,362,2026-01-01T04:07:33Z
batch_0005,order_00012661,order_00007922,ETH-USD,1888.94,201,2026-01-01T03:31:00Z
batch_0005,order_00012661,order_00010350,ETH-USD,1889.02,63,2026-01-01T03:31:00Z
batch_0005,order_00014122,order_00010350,ETH-USD,1889.02,771,2026-01-01T03:55:21Z
batch_0005,order_00014122,order_00013116,ETH-USD,1889.12,3,2026-01-01T03:55:21Z
batch_0005,order_00014122,order_00015152,ETH-USD,1889.18,97,2026-01-01T04:12:31Z
batch_0005,order_00008199,order_00015152,ETH-USD,1889.18,563,2026-01-01T04:12:31Z
batch_0005,order_00014939,order_00015152,ETH-USD,1889.18,166,2026-01-01T04:12:31Z
batch_0005,order_00014939,order_00016051,ETH-USD,1889.21,208,2026-01-01T04:27:30Z
batch_0005,order_00014521,order_00016051,ETH-USD,1889.21,7,2026-01-01T04:27:30Z
batch_0005,order_00013546,order_00016051,ETH-USD,1889.21,492,2026-01-01T04:27:30Z
batch_0005,order_00013546,order_00013693,ETH-USD,1889.23,151,2026-01-01T03:48:12Z
batch_0005,order_00011816,order_00013693,ETH-USD,1889.23,177,2026-01-01T03:48:12Z
batch_0005,order_00015225,order_00013693,ETH-USD,1889.23,294,2026-01-01T04:13:44Z
batch_0005,order_00011825,order_00013693,ETH-USD,1889.23,253,2026-01-01T03:48:12Z
batch_0005,order_00011825,order_00008557,ETH-USD,1889.36,299,2026-01-01T03:17:04Z
batch_0005,order_00011825,order_00007638,ETH-USD,1889.38,379,2026-01-01T03:17:04Z
batch_0005,order_00014495,order_00007638,ETH-USD,1889.38,129,2026-01-01T04:01:34Z
batch_0005,order_00014495,order_00007630,ETH-USD,1889.52,591,2026-01-01T04:01:34Z
batch_0005,order_00016241,order_00007630,ETH-USD,1889.52,254,2026-01-01T04:30:40Z
batch_0005,order_00016241,order_00015235,ETH-USD,1889.54,270,2026-01-01T04:30:40Z
batch_0005,order_00016389,order_00015235,ETH-USD,1889.54,152,2026-01-01T04:33:08Z
batch_0005,order_00012696,order_00015235,ETH-USD,1889.54,2,2026-01-01T04:13:54Z
batch_0005,order_00008760,order_00015235,ETH-USD,1889.54,232,2026-01-01T04:13:54Z
batch_0005,order_00008760,order_00012653,ETH-USD,1889.55,319,2026-01-01T03:30:52Z
batch_0005,order_00009318,order_00012653,ETH-USD,1889.55,112,2026-01-01T03:30:52Z
batch_0005,order_00015081,order_00012653,ETH-USD,1889.55,322,2026-01-01T04:11:20Z
batch_0005,order_00015081,order_00009910,ETH-USD,1889.68,308,2026-01-01T04:11:20Z
batch_0005,order_00014925,order_00009910,ETH-USD,1889.68,480,2026-01-01T04:08:44Z
batch_0005,order_00011568,order_00009910,ETH-USD,1889.68,150,2026-01-01T03:12:47Z
batch_0005,order_00011568,order_00009129,ETH-USD,1889.7,447,2026-01-01T03:12:47Z
batch_0005,order_00009158,order_00009129,ETH-USD,1889.7,126,2026-01-01T02:32:37Z
batch_0005,order_00009158,order_00014824,ETH-USD,1889.76,490,2026-01-01T04:07:03Z
batch_0005,order_00009083,order_00014824,ETH-USD,1889.76,483,2026-01-01T04:07:03Z
batch_0005,order_00009083,order_00011006,ETH-USD,1889.79,248,2026-01-01T03:03:25Z
batch_0005,order_00008833,order_00011006,ETH-USD,1889.79,705,2026-01-01T03:03:25Z
batch_0005,order_00008833,order_00013892,ETH-USD,1889.84,87,2026-01-01T03:51:31Z
batch_0005,order_00012817,order_00013892,ETH-USD,1889.84,308,2026-01-01T03:51:31Z
batch_0005,order_00007941,order_00013892,ETH-USD,1889.84,473,2026-01-01T03:51:31Z
batch_0005,order_00007941,order_00013368,ETH-USD,1890.05,10,2026-01-01T03:42:47Z
batch_0005,order_00009365,order_00013368,ETH-USD,1890.05,650,2026-01-01T03:42:47Z
batch_0005,order_00016486,order_00013368,ETH-USD,1890.05,320,2026-01-01T04:34:45Z
batch_0005,order_00016486,order_00012088,ETH-USD,1890.08,127,2026-01-01T04:34:45Z
batch_0005,order_00016486,order_00009110,ETH-USD,1890.16,49,2026-01-01T04:34:45Z
batch_0005,order_00016486,order_00015835,ETH-USD,1890.29,104,2026-01-01T04:34:45Z
batch_0005,order_00016486,order_00013445,ETH-USD,1890.34,98,2026-01-01T04:34:45Z
batch_0005,order_00006984,order_00013445,ETH-USD,1890.34,20,2026-01-01T03:44:04Z
batch_0005,order_00006984,order_00014734,ETH-USD,1890.45,84,2026-01-01T04:05:33Z
batch_0005,order_00015729,order_00014734,ETH-USD,1890.45,131,2026-01-01T04:22:08Z
batch_0005,order_00015729,order_00014738,ETH-USD,1890.55,65,2026-01-01T04:22:08Z
batch_0005,order_00013607,order_00014738,ETH-USD,1890.55,105,2026-01-01T04:05:37Z
batch_0005,order_00008632,order_00014738,ETH-USD,1890.55,797,2026-01-01T04:05:37Z
batch_0005,order_00008632,order_00015273,ETH-USD,1890.65,182,2026-01-01T04:14:32Z
batch_0005,order_00009877,order_00015273,ETH-USD,1890.65,682,2026-01-01T04:14:32Z
batch_0005,order_00009877,order_00006655,ETH-USD,1890.73,19,2026-01-01T02:44:36Z
batch_0005,order_00014678,order_00006655,ETH-USD,1890.73,282,2026-01-01T04:04:37Z
batch_0005,order_00015932,order_00006655,ETH-USD,1890.73,377,2026-01-01T04:25:31Z
batch_0005,order_00015932,order_00006994,ETH-USD,1890.73,361,2026-01-01T04:25:31Z
batch_0005,order_00009337,order_00006994,ETH-USD,1890.73,342,2026-01-01T02:35:36Z
batch_0005,order_00015355,order_00006994,ETH-USD,1890.73,256,2026-01-01T04:15:54Z
batch_0005,order_00015355,order_00012019,ETH-USD,1890.97,540,2026-01-01T04:15:54Z
batch_0005,order_00015355,order_00007108,ETH-USD,1891.13,136,2026-01-01T04:15:54Z
batch_0005,order_00015057,order_00007108,ETH-USD,1891.13,62,2026-01-01T04:10:56Z
batch_0005,order_00015057,order_00007754,ETH-USD,1891.13,333,2026-01-01T04:10:56Z
batch_0005,order_00010321,order_00007754,ETH-USD,1891.13,324,2026-01-01T02:52:00Z
batch_0005,order_00010321,order_00009399,ETH-USD,1891.14,126,2026-01-01T02:52:00Z
batch_0005,order_00007613,order_00009399,ETH-USD,1891.14,25,2026-01-01T02:36:38Z
batch_0005,order_00014032,order_00009399,ETH-USD,1891.14,274,2026-01-01T03:53:51Z
batch_0005,order_00014032,order_00012468,ETH-USD,1891.31,311,2026-01-01T03:53:51Z
batch_0005,order_00012791,order_00012468,ETH-USD,1891.31,489,2026-01-01T03:33:10Z
batch_0005,order_00012791,order_00013007,ETH-USD,1891.34,70,2026-01-01T03:36:46Z
batch_0005,order_00007519,order_00013007,ETH-USD,1891.34,730,2026-01-01T03:36:46Z
batch_0005,order_00013711,order_00013007,ETH-USD,1891.34,171,2026-01-01T03:48:30Z
batch_0005,order_00013711,order_00013198,ETH-USD,1891.36,32,2026-01-01T03:48:30Z
batch_0005,order_00013711,order_00014483,ETH-USD,1891.39,46,2026-01-01T04:01:22Z
batch_0005,order_00016069,order_00014483,ETH-USD,1891.39,944,2026-01-01T04:27:48Z
batch_0005,order_00016069,order_00012898,ETH-USD,1891.48,8,2026-01-01T04:27:48Z
batch_0005,order_00007874,order_00012898,ETH-USD,1891.48,39,2026-01-01T03:34:57Z
batch_0005,order_00014557,order_00012898,ETH-USD,1891.48,313,2026-01-01T04:02:36Z
batch_0005,order_00014557,order_00008614,ETH-USD,1891.5,208,2026-01-01T04:02:36Z
batch_0005,order_00011164,order_00008614,ETH-USD,1891.5,107,2026-01-01T03:06:03Z
batch_0005,order_00013959,order_00008614,ETH-USD,1891.5,411,2026-01-01T03:52:38Z
batch_0005,order_00013959,order_00014716,ETH-USD,1891.73,72,2026-01-01T04:05:15Z
batch_0005,order_00015594,order_00014716,ETH-USD,1891.73,554,2026-01-01T04:19:53Z
batch_0005,order_00015594,order_00013289,ETH-USD,1891.77,69,2026-01-01T04:19:53Z
batch_0005,order_00014341,order_00013289,ETH-USD,1891.77,747,2026-01-01T03:59:00Z
batch_0005,order_00012192,order_00013289,ETH-USD,1891.77,14,2026-01-01T03:41:28Z
batch_0005,order_00012192,order_00009490,ETH-USD,1891.82,666,2026-01-01T03:23:11Z
batch_0005,order_00012192,order_00009711,ETH-USD,1891.83,192,2026-01-01T03:23:11Z
batch_0005,order_00008101,order_00009711,ETH-USD,1891.83,192,2026-01-01T02:41:50Z
batch_0005,order_00008101,order_00008967,ETH-USD,1891.86,139,2026-01-01T02:29:26Z
batch_0005,order_00014637,order_00008967,ETH-USD,1891.86,217,2026-01-01T04:03:56Z
batch_0005,order_00016443,order_00008967,ETH-USD,1891.86,116,2026-01-01T04:34:02Z
batch_0005,order_00015177,order_00008967,ETH-USD,1891.86,77,2026-01-01T04:12:56Z
batch_0005,order_00012828,order_00008967,ETH-USD,1891.86,93,2026-01-01T03:33:47Z
batch_0005,order_00012828,order_00011081,ETH-USD,1891.9,107,2026-01-01T03:33:47Z
batch_0005,order_00014245,order_00011081,ETH-USD,1891.9,160,2026-01-01T03:57:24Z
batch_0005,order_00015695,order_00011081,ETH-USD,1891.9,11,2026-01-01T04:21:34Z
batch_0005,order_00006745,order_00011081,ETH-USD,1891.9,410,2026-01-01T03:04:40Z
batch_0005,order_00006745,order_00013051,ETH-USD,1891.94,310,2026-01-01T03:37:30Z
batch_0005,order_00010796,order_00013051,ETH-USD,1891.94,447,2026-01-01T03:37:30Z
batch_0005,order_00010796,order_00010781,ETH-USD,1892.0,294,2026-01-01T02:59:55Z
batch_0005,order_00008229,order_00010781,ETH-USD,1892.0,687,2026-01-01T02:59:40Z
batch_0005,order_00008229,order_00009496,ETH-USD,1892.01,90,2026-01-01T02:38:15Z
batch_0005,order_00008518,order_00009496,ETH-USD,1892.01,410,2026-01-01T02:38:15Z
batch_0005,order_00013275,order_00009496,ETH-USD,1892.01,299,2026-01-01T03:41:14Z
batch_0005,order_00013275,order_00007853,ETH-USD,1892.2,555,2026-01-01T03:41:14Z
batch_0005,order_00016453,order_00007853,ETH-USD,1892.2,258,2026-01-01T04:34:12Z
batch_0005,order_00016453,order_00007525,ETH-USD,1892.26,187,2026-01-01T04:34:12Z
batch_0005,order_00007059,order_00007525,ETH-USD,1892.26,597,2026-01-01T02:05:24Z
batch_0005,order_00007998,order_00007525,ETH-USD,1892.26,188,2026-01-01T02:13:17Z
batch_0005,order_00007998,order_00013013,ETH-USD,1892.27,166,2026-01-01T03:36:52Z
batch_0005,order_00011637,order_00013013,ETH-USD,1892.27,445,2026-01-01T03:36:52Z
batch_0005,order_00015495,order_00013013,ETH-USD,1892.27,266,2026-01-01T04:18:14Z
batch_0005,order_00015495,order_00011780,ETH-USD,1892.38,92,2026-01-01T04:18:14Z
batch_0005,order_00015495,order_00009960,ETH-USD,1892.54,437,2026-01-01T04:18:14Z
batch_0005,order_00010731,order_00009960,ETH-USD,1892.54,505,2026-01-01T02:58:50Z
batch_0005,order_00010731,order_00013893,ETH-USD,1892.74,263,2026-01-01T03:51:32Z
batch_0005,order_00006605,order_00013893,ETH-USD,1892.74,651,2026-01-01T03:51:32Z
batch_0005,order_00013317,order_00013893,ETH-USD,1892.74,12,2026-01-01T03:51:32Z
batch_0005,order_00013317,order_00016279,ETH-USD,1892.78,48,2026-01-01T04:31:18Z
batch_0005,order_00009320,order_00016279,ETH-USD,1892.78,725,2026-01-01T04:31:18Z
batch_0005,order_00009320,order_00010232,ETH-USD,1892.81,127,2026-01-01T02:50:31Z
batch_0005,order_00011077,order_00010232,ETH-USD,1892.81,569,2026-01-01T03:04:36Z
batch_0005,order_00011077,order_00006746,ETH-USD,1892.84,373,2026-01-01T03:04:36Z
batch_0005,order_00011077,order_00011166,ETH-USD,1892.89,17,2026-01-01T03:06:05Z
batch_0005,order_00006935,order_00011166,ETH-USD,1892.89,638,2026-01-01T03:06:05Z
batch_0005,order_00007267,order_00011166,ETH-USD,1892.89,152,2026-01-01T03:06:05Z
batch_0005,order_00007267,order_00012106,ETH-USD,1892.94,76,2026-01-01T03:21:45Z
batch_0005,order_00011272,order_00012106,ETH-USD,1892.94,688,2026-01-01T03:21:45Z
batch_0005,order_00011272,order_00009872,ETH-USD,1893.03,72,2026-01-01T03:07:51Z
batch_0005,order_00014795,order_00009872,ETH-USD,1893.03,485,2026-01-01T04:06:34Z
batch_0005,order_00014795,order_00014390,ETH-USD,1893.03,352,2026-01-01T04:06:34Z
batch_0005,order_00016165,order_00014390,ETH-USD,1893.03,587,2026-01-01T04:29:24Z
batch_0005,order_00016165,order_00013752,ETH-USD,1893.1,175,2026-01-01T04:29:24Z
batch_0005,order_00015621,order_00013752,ETH-USD,1893.1,528,2026-01-01T04:20:20Z
batch_0005,order_00009507,order_00013752,ETH-USD,1893.1,145,2026-01-01T03:49:11Z
batch_0005,order_00013131,order_00013752,ETH-USD,1893.1,42,2026-01-01T03:49:11Z
batch_0005,order_00013131,order_00007543,ETH-USD,1893.11,621,2026-01-01T03:38:50Z
batch_0005,order_00013131,order_00016312,ETH-USD,1893.19,13,2026-01-01T04:31:51Z
batch_0005,order_00013131,order_00008914,ETH-USD,1893.27,91,2026-01-01T03:38:50Z
batch_0005,order_00007791,order_00008914,ETH-USD,1893.27,38,2026-01-01T02:28:33Z
batch_0005,order_00011283,order_00008914,ETH-USD,1893.27,59,2026-01-01T03:08:02Z
batch_0005,order_00008027,order_00008914,ETH-USD,1893.27,336,2026-01-01T02:28:33Z
batch_0005,order_00008027,order_00007806,ETH-USD,1893.31,405,2026-01-01T02:13:46Z
batch_0005,order_00008027,order_00009978,ETH-USD,1893.31,176,2026-01-01T02:46:17Z
batch_0005,order_00011196,order_00009978,ETH-USD,1893.31,94,2026-01-01T03:06:35Z
batch_0005,order_00011196,order_00009146,ETH-USD,1893.42,429,2026-01-01T03:06:35Z
batch_0005,order_00011926,order_00009146,ETH-USD,1893.42,18,2026-01-01T03:18:45Z
batch_0005,order_00011926,order_00013708,ETH-USD,1893.72,259,2026-01-01T03:48:27Z
batch_0005,order_00012138,order_00013708,ETH-USD,1893.72,619,2026-01-01T03:48:27Z
batch_0005,order_00016281,order_00013708,ETH-USD,1893.72,6,2026-01-01T04:31:20Z
batch_0005,order_00015661,order_00013708,ETH-USD,1893.72,1,2026-01-01T04:21:00Z
batch_0005,order_00015661,order_00011922,ETH-USD,1893.89,86,2026-01-01T04:21:00Z
batch_0005,order_00011113,order_00011922,ETH-USD,1893.89,213,2026-01-01T03:18:41Z
batch_0005,order_00011113,order_00012521,ETH-USD,1893.97,101,2026-01-01T03:28:40Z
batch_0005,order_00011113,order_00009641,ETH-USD,1894.02,98,2026-01-01T03:05:12Z
batch_0005,order_00009680,order_00009641,ETH-USD,1894.02,670,2026-01-01T02:41:19Z
batch_0005,order_00009680,order_00013334,ETH-USD,1894.06,195,2026-01-01T03:42:13Z
batch_0005,order_00015477,order_00013334,ETH-USD,1894.06,485,2026-01-01T04:17:56Z
batch_0005,order_00015477,order_00010171,ETH-USD,1894.11,68,2026-01-01T04:17:56Z
batch_0005,order_00011024,order_00010171,ETH-USD,1894.11,224,2026-01-01T03:03:43Z
batch_0005,order_00012741,order_00010171,ETH-USD,1894.11,301,2026-01-01T03:32:20Z
batch_0005,order_00016060,order_00013458,ETH-USD,1894.12,623,2026-01-01T04:27:39Z
batch_0005,order_00011139,order_00013458,ETH-USD,1894.12,45,2026-01-01T03:44:17Z
batch_0005,order_00011139,order_00008725,ETH-USD,1894.15,350,2026-01-01T03:05:38Z
batch_0005,order_00010384,order_00008725,ETH-USD,1894.15,627,2026-01-01T02:53:03Z
batch_0005,order_00010384,order_00016020,ETH-USD,1894.32,306,2026-01-01T04:26:59Z
batch_0005,order_00009939,order_00016020,ETH-USD,1894.32,62,2026-01-01T04:26:59Z
batch_0005,order_00009939,order_00006719,ETH-USD,1894.69,548,2026-01-01T02:45:38Z
batch_0005,order_00010118,order_00006719,ETH-USD,1894.69,8,2026-01-01T02:48:37Z
batch_0005,order_00015160,order_00006719,ETH-USD,1894.69,184,2026-01-01T04:12:39Z
batch_0005,order_00015160,order_00015423,ETH-USD,1894.76,443,2026-01-01T04:17:02Z
batch_0005,order_00015160,order_00009863,ETH-USD,1894.95,85,2026-01-01T04:12:39Z
batch_0005,order_00011596,order_00009863,ETH-USD,1894.95,123,2026-01-01T03:13:15Z
batch_0005,order_00007706,order_00009863,ETH-USD,1894.95,544,2026-01-01T02:44:22Z
batch_0005,order_00007706,order_00010817,ETH-USD,1895.05,349,2026-01-01T03:00:16Z
batch_0005,order_00013350,order_00010817,ETH-USD,1895.05,39,2026-01-01T03:42:29Z
batch_0005,order_00013350,order_00016292,ETH-USD,1895.07,565,2026-01-01T04:31:31Z
batch_0005,order_00011232,order_00016292,ETH-USD,1895.07,130,2026-01-01T04:31:31Z
batch_0005,order_00011232,order_00007699,ETH-USD,1895.1,49,2026-01-01T03:07:11Z
batch_0005,order_00011232,order_00011056,ETH-USD,1895.18,119,2026-01-01T03:07:11Z
batch_0005,order_00013027,order_00011056,ETH-USD,1895.18,399,2026-01-01T03:37:06Z
batch_0005,order_00013027,order_00007858,ETH-USD,1895.25,412,2026-01-01T03:37:06Z
batch_0005,order_00009591,order_00007858,ETH-USD,1895.25,564,2026-01-01T02:39:50Z
batch_0005,order_00009591,order_00011202,ETH-USD,1895.61,232,2026-01-01T03:06:41Z
batch_0005,order_00014959,order_00011202,ETH-USD,1895.61,142,2026-01-01T04:09:18Z
batch_0005,order_00016467,order_00011202,ETH-USD,1895.61,126,2026-01-01T04:34:26Z
batch_0005,order_00012295,order_00011202,ETH-USD,1895.61,439,2026-01-01T03:24:54Z
batch_0005,order_00012295,order_00014671,ETH-USD,1895.69,416,2026-01-01T04:04:30Z
batch_0005,order_00007037,order_00014671,ETH-USD,1895.69,318,2026-01-01T04:04:30Z
batch_0005,order_00007037,order_00013869,ETH-USD,1895.73,638,2026-01-01T03:51:08Z
batch_0005,order_00009264,order_00013869,ETH-USD,1895.73,230,2026-01-01T03:51:08Z
batch_0005,order_00009264,order_00012073,ETH-USD,1895.74,88,2026-01-01T03:21:12Z
batch_0005,order_00009264,order_00007932,ETH-USD,1895.77,310,2026-01-01T02:34:23Z
batch_0005,order_00015021,order_00007932,ETH-USD,1895.77,356,2026-01-01T04:10:20Z
batch_0005,order_00015021,order_00010477,ETH-USD,1895.85,611,2026-01-01T04:10:20Z
batch_0005,order_00015668,order_00010477,ETH-USD,1895.85,196,2026-01-01T04:21:07Z
batch_0005,order_00015668,order_00014523,ETH-USD,1895.91,325,2026-01-01T04:21:07Z
batch_0005,order_00015668,order_00014698,ETH-USD,1895.93,108,2026-01-01T04:21:07Z
batch_0005,order_00015668,order_00014205,ETH-USD,1895.95,125,2026-01-01T04:21:07Z
batch_0005,order_00010912,order_00014205,ETH-USD,1895.95,7,2026-01-01T03:56:44Z
batch_0005,order_00010912,order_00007936,ETH-USD,1896.01,438,2026-01-01T03:01:51Z
batch_0005,order_00012030,order_00007936,ETH-USD,1896.01,365,2026-01-01T03:20:29Z
batch_0005,order_00012030,order_00006809,ETH-USD,1896.03,330,2026-01-01T03:20:29Z
batch_0005,order_00012030,order_00012169,ETH-USD,1896.11,239,2026-01-01T03:22:48Z
batch_0005,order_00013787,order_00012169,ETH-USD,1896.11,77,2026-01-01T03:49:46Z
batch_0005,order_00013787,order_00014822,ETH-USD,1896.38,525,2026-01-01T04:07:01Z
batch_0005,order_00013787,order_00010673,ETH-USD,1896.39,140,2026-01-01T03:49:46Z
batch_0005,order_00009980,order_00010673,ETH-USD,1896.39,557,2026-01-01T02:57:52Z
batch_0005,order_00009980,order_00015938,ETH-USD,1896.42,433,2026-01-01T04:25:37Z
batch_0005,order_00007042,order_00015938,ETH-USD,1896.42,217,2026-01-01T04:25:37Z
batch_0005,order_00007042,order_00014554,ETH-USD,1896.44,104,2026-01-01T04:02:33Z
batch_0005,order_00010946,order_00014554,ETH-USD,1896.44,127,2026-01-01T04:02:33Z
batch_0005,order_00007981,order_00014554,ETH-USD,1896.44,312,2026-01-01T04:02:33Z
batch_0005,order_00007981,order_00013155,ETH-USD,1896.45,607,2026-01-01T03:39:14Z
batch_0005,order_00009604,order_00013155,ETH-USD,1896.45,47,2026-01-01T03:39:14Z
batch_0005,order_00006649,order_00013155,ETH-USD,1896.45,247,2026-01-01T03:39:14Z
batch_0005,order_00006649,order_00012704,ETH-USD,1896.52,156,2026-01-01T03:31:43Z
batch_0005,order_00006649,order_00008659,ETH-USD,1896.57,138,2026-01-01T02:24:18Z
batch_0005,order_00016005,order_00008659,ETH-USD,1896.57,114,2026-01-01T04:26:44Z
batch_0005,order_00006857,order_00008659,ETH-USD,1896.57,135,2026-01-01T02:24:18Z
batch_0005,order_00010941,order_00008659,ETH-USD,1896.57,595,2026-01-01T03:02:20Z
batch_0005,order_00010941,order_00010143,ETH-USD,1896.7,101,2026-01-01T03:02:20Z
batch_0005,order_00013948,order_00010143,ETH-USD,1896.7,62,2026-01-01T03:52:27Z
batch_0005,order_00013948,order_00009950,ETH-USD,1896.78,309,2026-01-01T03:52:27Z
batch_0005,order_00010541,order_00009950,ETH-USD,1896.78,382,2026-01-01T02:55:40Z
batch_0005,order_00010541,order_00008446,ETH-USD,1896.94,525,2026-01-01T02:55:40Z
batch_0005,order_00011023,order_00008446,ETH-USD,1896.94,128,2026-01-01T03:03:42Z
batch_0005,order_00011023,order_00010753,ETH-USD,1896.95,454,2026-01-01T03:03:42Z
batch_0005,order_00011023,order_00009864,ETH-USD,1897.2,294,2026-01-01T03:03:42Z
batch_0005,order_00013927,order_00009864,ETH-USD,1897.2,150,2026-01-01T03:52:06Z
batch_0005,order_00013927,order_00014506,ETH-USD,1897.23,512,2026-01-01T04:01:45Z
batch_0005,order_00008567,order_00014506,ETH-USD,1897.23,68,2026-01-01T04:01:45Z
batch_0005,order_00008567,order_00007110,ETH-USD,1897.3,163,2026-01-01T02:22:46Z
batch_0005,order_00008567,order_00015362,ETH-USD,1897.35,161,2026-01-01T04:16:01Z
batch_0005,order_00012785,order_00015362,ETH-USD,1897.35,390,2026-01-01T04:16:01Z
batch_0005,order_00012785,order_00014871,ETH-USD,1897.47,285,2026-01-01T04:07:50Z
batch_0005,order_00010663,order_00014871,ETH-USD,1897.47,521,2026-01-01T04:07:50Z
batch_0005,order_00010663,order_00007608,ETH-USD,1897.48,178,2026-01-01T02:57:42Z
batch_0005,order_00011943,order_00007608,ETH-USD,1897.48,120,2026-01-01T03:19:02Z
batch_0005,order_00011943,order_00006742,ETH-USD,1897.55,278,2026-01-01T03:19:02Z
batch_0005,order_00013154,order_00006742,ETH-USD,1897.55,469,2026-01-01T03:39:13Z
batch_0005,order_00013154,order_00016236,ETH-USD,1897.55,353,2026-01-01T04:30:35Z
batch_0005,order_00006661,order_00016236,ETH-USD,1897.55,164,2026-01-01T04:30:35Z
batch_0005,order_00013433,order_00016236,ETH-USD,1897.55,158,2026-01-01T04:30:35Z
batch_0005,order_00013433,order_00010887,ETH-USD,1897.67,657,2026-01-01T03:43:52Z
batch_0005,order_00013433,order_00008895,ETH-USD,1897.68,73,2026-01-01T03:43:52Z
batch_0005,order_00007734,order_00008895,ETH-USD,1897.68,138,2026-01-01T02:28:14Z
batch_0005,order_00016140,order_00008895,ETH-USD,1897.68,473,2026-01-01T04:28:59Z
batch_0005,order_00008020,order_00008895,ETH-USD,1897.68,161,2026-01-01T02:28:14Z
batch_0005,order_00008020,order_00010314,ETH-USD,1897.74,411,2026-01-01T02:51:53Z
batch_0005,order_00011387,order_00010314,ETH-USD,1897.74,219,2026-01-01T03:09:46Z
batch_0005,order_00013715,order_00010314,ETH-USD,1897.74,187,2026-01-01T03:48:34Z
batch_0005,order_00011621,order_00010314,ETH-USD,1897.74,152,2026-01-01T03:13:40Z
batch_0005,order_00011621,order_00007539,ETH-USD,1897.8,58,2026-01-01T03:13:40Z
batch_0005,order_00011367,order_00007539,ETH-USD,1897.8,702,2026-01-01T03:09:26Z
batch_0005,order_00011367,order_00015234,ETH-USD,1897.84,141,2026-01-01T04:13:53Z
batch_0005,order_00016398,order_00015234,ETH-USD,1897.84,477,2026-01-01T04:33:17Z
batch_0005,order_00016398,order_00011598,ETH-USD,1897.99,186,2026-01-01T04:33:17Z
batch_0005,order_00012089,order_00011598,ETH-USD,1897.99,644,2026-01-01T03:21:28Z
batch_0005,order_00012089,order_00007052,ETH-USD,1898.13,217,2026-01-01T03:21:28Z
batch_0005,order_00012089,order_00010682,ETH-USD,1898.32,109,2026-01-01T03:21:28Z
batch_0005,order_00008251,order_00010682,ETH-USD,1898.32,148,2026-01-01T02:58:01Z
batch_0005,order_00010831,order_00010682,ETH-USD,1898.32,333,2026-01-01T03:00:30Z
batch_0005,order_00008029,order_00010682,ETH-USD,1898.32,183,2026-01-01T02:58:01Z
batch_0005,order_00008029,order_00010470,ETH-USD,1898.36,637,2026-01-01T02:54:29Z
batch_0005,order_00011659,order_00010470,ETH-USD,1898.36,362,2026-01-01T03:14:18Z
batch_0005,order_00011659,order_00013682,ETH-USD,1898.39,51,2026-01-01T03:48:01Z
batch_0005,order_00008684,order_00013682,ETH-USD,1898.39,351,2026-01-01T03:48:01Z
batch_0005,order_00008684,order_00015082,ETH-USD,1898.39,338,2026-01-01T04:11:21Z
batch_0005,order_00009472,order_00015082,ETH-USD,1898.39,246,2026-01-01T04:11:21Z
batch_0005,order_00009472,order_00007948,ETH-USD,1898.4,375,2026-01-01T02:37:51Z
batch_0005,order_00009472,order_00007142,ETH-USD,1898.54,212,2026-01-01T02:37:51Z
batch_0005,order_00012547,order_00007142,ETH-USD,1898.54,228,2026-01-01T03:29:06Z
batch_0005,order_00012547,order_00010357,ETH-USD,1898.61,286,2026-01-01T03:29:06Z
batch_0005,order_00011708,order_00010357,ETH-USD,1898.61,19,2026-01-01T03:15:07Z
batch_0005,order_00011708,order_00009393,ETH-USD,1898.65,439,2026-01-01T03:15:07Z
batch_0005,order_00011708,order_00012506,ETH-USD,1898.67,216,2026-01-01T03:28:25Z
batch_0005,order_00015811,order_00012506,ETH-USD,1898.67,331,2026-01-01T04:23:30Z
batch_0005,order_00015811,order_00015616,ETH-USD,1898.71,121,2026-01-01T04:23:30Z
batch_0005,order_00015811,order_00014162,ETH-USD,1898.73,237,2026-01-01T04:23:30Z
batch_0005,order_00011788,order_00014162,ETH-USD,1898.73,26,2026-01-01T03:56:01Z
batch_0005,order_00011788,order_00006648,ETH-USD,1898.81,331,2026-01-01T03:16:27Z
batch_0005,order_00007070,order_00006648,ETH-USD,1898.81,502,2026-01-01T01:57:49Z
batch_0005,order_00007070,order_00011722,ETH-USD,1898.9,247,2026-01-01T03:15:21Z
batch_0005,order_00010259,order_00011722,ETH-USD,1898.9,56,2026-01-01T03:15:21Z
batch_0005,order_00009074,order_00011722,ETH-USD,1898.9,440,2026-01-01T03:15:21Z
batch_0005,order_00009074,order_00011720,ETH-USD,1899.02,34,2026-01-01T03:15:19Z
batch_0005,order_00014199,order_00011720,ETH-USD,1899.02,402,2026-01-01T03:56:38Z
batch_0005,order_00014199,order_00009973,ETH-USD,1899.13,14,2026-01-01T03:56:38Z
batch_0005,order_00010505,order_00009973,ETH-USD,1899.13,727,2026-01-01T02:55:04Z
batch_0005,order_00010505,order_00012823,ETH-USD,1899.27,112,2026-01-01T03:33:42Z
batch_0005,order_00013331,order_00012823,ETH-USD,1899.27,229,2026-01-01T03:42:10Z
batch_0005,order_00013331,order_00015173,ETH-USD,1899.3,598,2026-01-01T04:12:52Z
batch_0005,order_00011125,order_00015173,ETH-USD,1899.3,143,2026-01-01T04:12:52Z
batch_0005,order_00011125,order_00012024,ETH-USD,1899.44,481,2026-01-01T03:20:23Z
batch_0005,order_00011125,order_00006709,ETH-USD,1899.46,16,2026-01-01T03:05:24Z
batch_0005,order_00012478,order_00006709,ETH-USD,1899.46,44,2026-01-01T03:27:57Z
batch_0005,order_00015919,order_00006709,ETH-USD,1899.46,720,2026-01-01T04:25:18Z
batch_0005,order_00015919,order_00008773,ETH-USD,1899.49,10,2026-01-01T04:25:18Z
batch_0005,order_00015919,order_00011920,ETH-USD,1899.53,55,2026-01-01T04:25:18Z
batch_0005,order_00011734,order_00011920,ETH-USD,1899.53,81,2026-01-01T03:18:39Z
batch_0005,order_00009280,order_00011920,ETH-USD,1899.53,77,2026-01-01T03:18:39Z
batch_0005,order_00012992,order_00011920,ETH-USD,1899.53,108,2026-01-01T03:36:31Z
batch_0005,order_00014369,order_00011920,ETH-USD,1899.53,198,2026-01-01T03:59:28Z
batch_0005,order_00010328,order_00011920,ETH-USD,1899.53,174,2026-01-01T03:18:39Z
batch_0005,order_00010328,order_00013550,ETH-USD,1899.68,468,2026-01-01T03:45:49Z
batch_0005,order_00010328,order_00009885,ETH-USD,1899.73,44,2026-01-01T02:52:07Z
batch_0005,order_00014761,order_00009885,ETH-USD,1899.73,299,2026-01-01T04:06:00Z
batch_0005,order_00014761,order_00015361,ETH-USD,1899.73,288,2026-01-01T04:16:00Z
batch_0005,order_00015713,order_00015361,ETH-USD,1899.73,520,2026-01-01T04:21:52Z
batch_0005,order_00015713,order_00012300,ETH-USD,1899.74,287,2026-01-01T04:21:52Z
batch_0005,order_00015713,order_00013020,ETH-USD,1899.75,115,2026-01-01T04:21:52Z
batch_0005,order_00014183,order_00013020,ETH-USD,1899.75,359,2026-01-01T03:56:22Z
batch_0005,order_00014183,order_00007211,ETH-USD,1899.8,174,2026-01-01T03:56:22Z
batch_0005,order_00014183,order_00009203,ETH-USD,1899.86,65,2026-01-01T03:56:22Z
batch_0005,order_00007953,order_00009203,ETH-USD,1899.86,62,2026-01-01T02:33:22Z
batch_0005,order_00010238,order_00009203,ETH-USD,1899.86,76,2026-01-01T02:50:37Z
batch_0005,order_00010238,order_00013545,ETH-USD,1899.94,412,2026-01-01T03:45:44Z
batch_0005,order_00014656,order_00013545,ETH-USD,1899.94,16,2026-01-01T04:04:15Z
batch_0005,order_00014656,order_00013066,ETH-USD,1900.35,538,2026-01-01T04:04:15Z
batch_0005,order_00012393,order_00013066,ETH-USD,1900.35,49,2026-01-01T03:37:45Z
batch_0005,order_00013264,order_00013066,ETH-USD,1900.35,116,2026-01-01T03:41:03Z
batch_0005,order_00013264,order_00008581,ETH-USD,1900.42,153,2026-01-01T03:41:03Z
batch_0005,order_00013264,order_00009443,ETH-USD,1900.45,367,2026-01-01T03:41:03Z
batch_0005,order_00013264,order_00014723,ETH-USD,1900.54,255,2026-01-01T04:05:22Z
batch_0005,order_00008882,order_00014723,ETH-USD,1900.54,116,2026-01-01T04:05:22Z
batch_0005,order_00008882,order_00010257,ETH-USD,1900.67,324,2026-01-01T02:50:56Z
batch_0005,order_00008882,order_00007808,ETH-USD,1900.68,9,2026-01-01T02:28:01Z
batch_0005,order_00016223,order_00007808,ETH-USD,1900.68,360,2026-01-01T04:30:22Z
batch_0005,order_00010668,order_00007808,ETH-USD,1900.68,200,2026-01-01T02:57:47Z
batch_0005,order_00010668,order_00014114,ETH-USD,1900.8,259,2026-01-01T03:55:13Z
batch_0005,order_00016589,order_00014114,ETH-USD,1900.8,209,2026-01-01T04:36:28Z
batch_0005,order_00016589,order_00009017,ETH-USD,1900.83,111,2026-01-01T04:36:28Z
batch_0005,order_00010193,order_00009017,ETH-USD,1900.83,365,2026-01-01T02:49:52Z
batch_0005,order_00008846,order_00009017,ETH-USD,1900.83,465,2026-01-01T02:30:16Z
batch_0005,order_00008846,order_00013308,ETH-USD,1900.83,47,2026-01-01T03:41:47Z
batch_0005,order_00008846,order_00007501,ETH-USD,1900.86,308,2026-01-01T02:27:25Z
batch_0005,order_00008509,order_00007501,ETH-USD,1900.86,52,2026-01-01T02:21:48Z
batch_0005,order_00006884,order_00007501,ETH-USD,1900.86,327,2026-01-01T02:05:00Z
batch_0005,order_00014309,order_00007501,ETH-USD,1900.86,151,2026-01-01T03:58:28Z
batch_0005,order_00014309,order_00015295,ETH-USD,1900.86,111,2026-01-01T04:14:54Z
batch_0005,order_00014309,order_00008628,ETH-USD,1900.93,141,2026-01-01T03:58:28Z
batch_0005,order_00006789,order_00008628,ETH-USD,1900.93,271,2026-01-01T02:23:47Z
batch_0005,order_00016175,order_00008628,ETH-USD,1900.93,109,2026-01-01T04:29:34Z
batch_0005,order_00016175,order_00014469,ETH-USD,1900.97,365,2026-01-01T04:29:34Z
batch_0005,order_00016175,order_00015383,ETH-USD,1901.01,139,2026-01-01T04:29:34Z
batch_0005,order_00012739,order_00015383,ETH-USD,1901.01,211,2026-01-01T04:16:22Z
batch_0005,order_00012739,order_00008904,ETH-USD,1901.14,214,2026-01-01T03:32:18Z
batch_0005,order_00012739,order_00015799,ETH-USD,1901.15,359,2026-01-01T04:23:18Z
batch_0005,order_00013754,order_00015799,ETH-USD,1901.15,41,2026-01-01T04:23:18Z
batch_0005,order_00011020,order_00015799,ETH-USD,1901.15,439,2026-01-01T04:23:18Z
batch_0005,order_00011020,order_00007977,ETH-USD,1901.33,93,2026-01-01T03:03:39Z
batch_0005,order_00011020,order_00008473,ETH-USD,1901.4,104,2026-01-01T03:03:39Z
batch_0005,order_00016386,order_00008473,ETH-USD,1901.4,852,2026-01-01T04:33:05Z
batch_0005,order_00016386,order_00015334,ETH-USD,1901.4,11,2026-01-01T04:33:05Z
batch_0005,order_00008069,order_00015334,ETH-USD,1901.4,371,2026-01-01T04:15:33Z
batch_0005,order_00008069,order_00015583,ETH-USD,1901.4,130,2026-01-01T04:19:42Z
batch_0005,order_00008069,order_00008350,ETH-USD,1901.52,238,2026-01-01T02:19:09Z
batch_0005,order_00014930,order_00008350,ETH-USD,1901.52,34,2026-01-01T04:08:49Z
batch_0005,order_00014930,order_00008116,ETH-USD,1901.62,785,2026-01-01T04:08:49Z
batch_0005,order_00014930,order_00010038,ETH-USD,1901.67,95,2026-01-01T04:08:49Z
batch_0005,order_00014589,order_00010038,ETH-USD,1901.67,819,2026-01-01T04:03:08Z
batch_0005,order_00014589,order_00008184,ETH-USD,1901.79,50,2026-01-01T04:03:08Z
batch_0005,order_00010302,order_00008184,ETH-USD,1901.79,49,2026-01-01T02:51:41Z
batch_0005,order_00010302,order_00014760,ETH-USD,1901.8,154,2026-01-01T04:05:59Z
batch_0005,order_00011112,order_00014760,ETH-USD,1901.8,160,2026-01-01T04:05:59Z
batch_0005,order_00011112,order_00010717,ETH-USD,1901.81,157,2026-01-01T03:05:11Z
batch_0005,order_00009373,order_00010717,ETH-USD,1901.81,310,2026-01-01T02:58:36Z
batch_0005,order_00007021,order_00010717,ETH-USD,1901.81,181,2026-01-01T02:58:36Z
batch_0005,order_00010846,order_00010717,ETH-USD,1901.81,143,2026-01-01T03:00:45Z
batch_0005,order_00012749,order_00010717,ETH-USD,1901.81,74,2026-01-01T03:32:28Z
batch_0005,order_00012749,order_00011280,ETH-USD,1901.86,451,2026-01-01T03:32:28Z
batch_0005,order_00016573,order_00011280,ETH-USD,1901.86,205,2026-01-01T04:36:12Z
batch_0005,order_00016573,order_00013223,ETH-USD,1901.86,430,2026-01-01T04:36:12Z
batch_0005,order_00014144,order_00013223,ETH-USD,1901.86,489,2026-01-01T03:55:43Z
batch_0005,order_00014144,order_00012154,ETH-USD,1901.94,73,2026-01-01T03:55:43Z
batch_0005,order_00008645,order_00012154,ETH-USD,1901.94,217,2026-01-01T03:22:33Z
batch_0005,order_00015186,order_00012154,ETH-USD,1901.94,574,2026-01-01T04:13:05Z
batch_0005,order_00015186,order_00012768,ETH-USD,1901.98,12,2026-01-01T04:13:05Z
batch_0005,order_00015186,order_00007422,ETH-USD,1902.11,293,2026-01-01T04:13:05Z
batch_0005,order_00015186,order_00012638,ETH-USD,1902.13,9,2026-01-01T04:13:05Z
batch_0005,order_00012119,order_00012638,ETH-USD,1902.13,45,2026-01-01T03:30:37Z
batch_0005,order_00012119,order_00013085,ETH-USD,1902.13,1,2026-01-01T03:38:04Z
batch_0005,order_00012119,order_00008993,ETH-USD,1902.2,165,2026-01-01T03:21:58Z
batch_0005,order_00013191,order_00008993,ETH-USD,1902.2,290,2026-01-01T03:39:50Z
batch_0005,order_00013191,order_00014218,ETH-USD,1902.2,62,2026-01-01T03:56:57Z
batch_0005,order_00010748,order_00014218,ETH-USD,1902.2,555,2026-01-01T03:56:57Z
batch_0005,order_00010748,order_00007594,ETH-USD,1902.28,116,2026-01-01T02:59:07Z
batch_0005,order_00013295,order_00007594,ETH-USD,1902.28,185,2026-01-01T03:41:34Z
batch_0005,order_00007945,order_00007594,ETH-USD,1902.28,207,2026-01-01T02:12:24Z
batch_0005,order_00007945,order_00012628,ETH-USD,1902.41,159,2026-01-01T03:30:27Z
batch_0005,order_00009643,order_00012628,ETH-USD,1902.41,169,2026-01-01T03:30:27Z
batch_0005,order_00009643,order_00016387,ETH-USD,1902.43,341,2026-01-01T04:33:06Z
batch_0005,order_00009643,order_00010638,ETH-USD,1902.51,218,2026-01-01T02:57:17Z
batch_0005,order_00013952,order_00010638,ETH-USD,1902.51,311,2026-01-01T03:52:31Z
batch_0005,order_00013952,order_00016500,ETH-USD,1902.52,103,2026-01-01T04:34:59Z
batch_0005,order_00013952,order_00012833,ETH-USD,1902.56,506,2026-01-01T03:52:31Z
batch_0005,order_00006946,order_00012833,ETH-USD,1902.56,346,2026-01-01T03:33:52Z
batch_0005,order_00006946,order_00010736,ETH-USD,1902.64,126,2026-01-01T02:58:55Z
batch_0005,order_00013778,order_00010736,ETH-USD,1902.64,770,2026-01-01T03:49:37Z
batch_0005,order_00013778,order_00015867,ETH-USD,1902.72,116,2026-01-01T04:24:26Z
batch_0005,order_00007632,order_00015867,ETH-USD,1902.72,668,2026-01-01T04:24:26Z
batch_0005,order_00007632,order_00012291,ETH-USD,1902.84,71,2026-01-01T03:24:50Z
batch_0005,order_00012514,order_00012291,ETH-USD,1902.84,421,2026-01-01T03:28:33Z
batch_0005,order_00012514,order_00008939,ETH-USD,1902.86,90,2026-01-01T03:28:33Z
batch_0005,order_00007597,order_00008939,ETH-USD,1902.86,297,2026-01-01T02:28:58Z
batch_0005,order_00007597,order_00008053,ETH-USD,1902.87,24,2026-01-01T02:14:12Z
batch_0005,order_00007597,order_00010183,ETH-USD,1902.88,18,2026-01-01T02:49:42Z
batch_0005,order_00014543,order_00010183,ETH-USD,1902.88,354,2026-01-01T04:02:22Z
batch_0005,order_00013396,order_00010183,ETH-USD,1902.88,471,2026-01-01T03:43:15Z
batch_0005,order_00013396,order_00015975,ETH-USD,1903.02,222,2026-01-01T04:26:14Z
batch_0005,order_00016383,order_00015975,ETH-USD,1903.02,221,2026-01-01T04:33:02Z
batch_0005,order_00015582,order_00015975,ETH-USD,1903.02,388,2026-01-01T04:26:14Z
batch_0005,order_00015582,order_00009719,ETH-USD,1903.03,563,2026-01-01T04:19:41Z
batch_0005,order_00014843,order_00009719,ETH-USD,1903.03,9,2026-01-01T04:07:22Z
batch_0005,order_00016050,order_00009719,ETH-USD,1903.03,152,2026-01-01T04:27:29Z
batch_0005,order_00016050,order_00014006,ETH-USD,1903.05,129,2026-01-01T04:27:29Z
batch_0005,order_00016050,order_00007359,ETH-USD,1903.14,587,2026-01-01T04:27:29Z
batch_0005,order_00012650,order_00007359,ETH-USD,1903.14,144,2026-01-01T03:30:49Z
batch_0005,order_00012650,order_00008976,ETH-USD,1903.17,474,2026-01-01T03:30:49Z
batch_0005,order_00016533,order_00008976,ETH-USD,1903.17,286,2026-01-01T04:35:32Z
batch_0005,order_00016533,order_00014442,ETH-USD,1903.2,92,2026-01-01T04:35:32Z
batch_0005,order_00016533,order_00007879,ETH-USD,1903.29,563,2026-01-01T04:35:32Z
batch_0005,order_00016440,order_00007879,ETH-USD,1903.29,31,2026-01-01T04:33:59Z
batch_0005,order_00016440,order_00007487,ETH-USD,1903.35,779,2026-01-01T04:33:59Z
batch_0005,order_00016440,order_00008344,ETH-USD,1903.44,81,2026-01-01T04:33:59Z
batch_0005,order_00010889,order_00008344,ETH-USD,1903.44,458,2026-01-01T03:01:28Z
batch_0005,order_00012941,order_00008344,ETH-USD,1903.44,147,2026-01-01T03:35:40Z
batch_0005,order_00012527,order_00008344,ETH-USD,1903.44,232,2026-01-01T03:28:46Z
batch_0005,order_00007946,order_00008344,ETH-USD,1903.44,80,2026-01-01T02:19:03Z
batch_0005,order_00007946,order_00015514,ETH-USD,1903.75,218,2026-01-01T04:18:33Z
batch_0005,order_00008239,order_00015514,ETH-USD,1903.75,716,2026-01-01T04:18:33Z
batch_0005,order_00008239,order_00006954,ETH-USD,1903.8,259,2026-01-01T02:17:18Z
batch_0005,order_00007064,order_00006954,ETH-USD,1903.8,462,2026-01-01T01:57:43Z
batch_0005,order_00007064,order_00011989,ETH-USD,1903.81,285,2026-01-01T03:19:48Z
batch_0005,order_00010936,order_00011989,ETH-USD,1903.81,148,2026-01-01T03:19:48Z
batch_0005,order_00010936,order_00008458,ETH-USD,1903.92,326,2026-01-01T03:02:15Z
batch_0005,order_00010936,order_00014827,ETH-USD,1903.98,283,2026-01-01T04:07:06Z
batch_0005,order_00012325,order_00014827,ETH-USD,1903.98,212,2026-01-01T04:07:06Z
batch_0005,order_00012325,order_00015060,ETH-USD,1904.0,344,2026-01-01T04:10:59Z
batch_0005,order_00010605,order_00015060,ETH-USD,1904.0,514,2026-01-01T04:10:59Z
batch_0005,order_00010605,order_00014339,ETH-USD,1904.01,156,2026-01-01T03:58:58Z
batch_0005,order_00016344,order_00014339,ETH-USD,1904.01,180,2026-01-01T04:32:23Z
batch_0005,order_00016344,order_00014105,ETH-USD,1904.17,621,2026-01-01T04:32:23Z
batch_0005,order_00016344,order_00013440,ETH-USD,1904.22,185,2026-01-01T04:32:23Z
batch_0005,order_00015012,order_00013440,ETH-USD,1904.22,151,2026-01-01T04:10:11Z
batch_0005,order_00015012,order_00010290,ETH-USD,1904.31,12,2026-01-01T04:10:11Z
batch_0005,order_00009295,order_00010290,ETH-USD,1904.31,47,2026-01-01T02:51:29Z
batch_0005,order_00009295,order_00009768,ETH-USD,1904.44,908,2026-01-01T02:42:47Z
batch_0005,order_00012971,order_00009768,ETH-USD,1904.44,63,2026-01-01T03:36:10Z
batch_0005,order_00012971,order_00016164,ETH-USD,1904.61,222,2026-01-01T04:29:23Z
batch_0005,order_00011074,order_00016164,ETH-USD,1904.61,155,2026-01-01T04:29:23Z
batch_0005,order_00011074,order_00011240,ETH-USD,1904.74,200,2026-01-01T03:07:19Z
batch_0005,order_00007241,order_00011240,ETH-USD,1904.74,253,2026-01-01T03:07:19Z
batch_0005,order_00007241,order_00006846,ETH-USD,1904.95,261,2026-01-01T02:00:40Z
batch_0005,order_00010174,order_00006846,ETH-USD,1904.95,479,2026-01-01T02:49:33Z
batch_0005,order_00010870,order_00006846,ETH-USD,1904.95,75,2026-01-01T03:01:09Z
batch_0005,order_00010870,order_00008570,ETH-USD,1904.96,245,2026-01-01T03:01:09Z
batch_0005,order_00013774,order_00008570,ETH-USD,1904.96,273,2026-01-01T03:49:33Z
batch_0005,order_00011242,order_00008570,ETH-USD,1904.96,328,2026-01-01T03:07:21Z
batch_0005,order_00011242,order_00008869,ETH-USD,1904.99,160,2026-01-01T03:07:21Z
batch_0005,order_00011242,order_00010362,ETH-USD,1905.03,355,2026-01-01T03:07:21Z
batch_0005,order_00014694,order_00010362,ETH-USD,1905.03,292,2026-01-01T04:04:53Z
batch_0005,order_00016109,order_00010362,ETH-USD,1905.03,97,2026-01-01T04:28:28Z
batch_0005,order_00016109,order_00012422,ETH-USD,1905.12,3,2026-01-01T04:28:28Z
batch_0005,order_00008978,order_00012422,ETH-USD,1905.12,57,2026-01-01T03:27:01Z
batch_0005,order_00008978,order_00015329,ETH-USD,1905.38,334,2026-01-01T04:15:28Z
batch_0005,order_00008978,order_00013358,ETH-USD,1905.5,26,2026-01-01T03:42:37Z
batch_0005,order_00008978,order_00013547,ETH-USD,1905.66,381,2026-01-01T03:45:46Z
batch_0005,order_00014000,order_00013547,ETH-USD,1905.66,459,2026-01-01T03:53:19Z
batch_0005,order_00014000,order_00012615,ETH-USD,1905.8,235,2026-01-01T03:53:19Z
batch_0005,order_00014000,order_00014164,ETH-USD,1905.8,100,2026-01-01T03:56:03Z
batch_0005,order_00011563,order_00014164,ETH-USD,1905.8,45,2026-01-01T03:56:03Z
batch_0005,order_00011563,order_00014918,ETH-USD,1905.88,519,2026-01-01T04:08:37Z
batch_0005,order_00007495,order_00014918,ETH-USD,1905.88,351,2026-01-01T04:08:37Z
batch_0005,order_00007495,order_00007726,ETH-USD,1905.93,235,2026-01-01T02:08:45Z
batch_0005,order_00008653,order_00007726,ETH-USD,1905.93,403,2026-01-01T02:24:12Z
batch_0005,order_00008653,order_00013427,ETH-USD,1905.93,105,2026-01-01T03:43:46Z
batch_0005,order_00008649,order_00013427,ETH-USD,1905.93,252,2026-01-01T03:43:46Z
batch_0005,order_00008649,order_00008927,ETH-USD,1906.11,144,2026-01-01T02:28:46Z
batch_0005,order_00012235,order_00008927,ETH-USD,1906.11,830,2026-01-01T03:23:54Z
batch_0005,order_00012235,order_00016189,ETH-USD,1906.4,140,2026-01-01T04:29:48Z
batch_0005,order_00009996,order_00016189,ETH-USD,1906.4,43,2026-01-01T04:29:48Z
batch_0005,order_00009996,order_00011249,ETH-USD,1906.43,355,2026-01-01T03:07:28Z
batch_0005,order_00009996,order_00010589,ETH-USD,1906.5,324,2026-01-01T02:56:28Z
batch_0005,order_00008942,order_00010589,ETH-USD,1906.5,298,2026-01-01T02:56:28Z
batch_0005,order_00008942,order_00014049,ETH-USD,1906.54,180,2026-01-01T03:54:08Z
batch_0005,order_00008942,order_00015817,ETH-USD,1906.69,269,2026-01-01T04:23:36Z
batch_0005,order_00013133,order_00015817,ETH-USD,1906.69,536,2026-01-01T04:23:36Z
batch_0005,order_00009607,order_00015817,ETH-USD,1906.69,98,2026-01-01T04:23:36Z
batch_0005,order_00009607,order_00008022,ETH-USD,1906.76,467,2026-01-01T02:40:06Z
batch_0005,order_00011738,order_00008022,ETH-USD,1906.76,93,2026-01-01T03:15:37Z
batch_0005,order_00010084,order_00008022,ETH-USD,1906.76,53,2026-01-01T02:48:03Z
batch_0005,order_00010084,order_00010689,ETH-USD,1907.14,196,2026-01-01T02:58:08Z
batch_0005,order_00010084,order_00010775,ETH-USD,1907.19,84,2026-01-01T02:59:34Z
batch_0005,order_00010810,order_00010775,ETH-USD,1907.19,49,2026-01-01T03:00:09Z
batch_0005,order_00010810,order_00013529,ETH-USD,1907.41,561,2026-01-01T03:45:28Z
batch_0005,order_00010810,order_00008403,ETH-USD,1907.46,209,2026-01-01T03:00:09Z
batch_0005,order_00009148,order_00008403,ETH-USD,1907.46,643,2026-01-01T02:32:27Z
batch_0005,order_00009148,order_00007045,ETH-USD,1907.47,174,2026-01-01T02:32:27Z
batch_0005,order_00008001,order_00007045,ETH-USD,1907.47,52,2026-01-01T02:13:20Z
batch_0005,order_00008001,order_00006910,ETH-USD,1907.49,569,2026-01-01T02:13:20Z
batch_0005,order_00008001,order_00008609,ETH-USD,1907.52,292,2026-01-01T02:23:28Z
batch_0005,order_00008754,order_00008609,ETH-USD,1907.52,323,2026-01-01T02:25:53Z
batch_0005,order_00008754,order_00011064,ETH-USD,1907.56,376,2026-01-01T03:04:23Z
batch_0005,order_00013664,order_00011064,ETH-USD,1907.56,3,2026-01-01T03:47:43Z
batch_0005,order_00006867,order_00011064,ETH-USD,1907.56,294,2026-01-01T03:04:23Z
batch_0005,order_00006867,order_00012225,ETH-USD,1907.63,114,2026-01-01T03:23:44Z
batch_0005,order_00015468,order_00012225,ETH-USD,1907.63,64,2026-01-01T04:17:47Z
batch_0005,order_00014915,order_00012225,ETH-USD,1907.63,385,2026-01-01T04:08:34Z
batch_0005,order_00014915,order_00006906,ETH-USD,1907.65,218,2026-01-01T04:08:34Z
batch_0005,order_00014915,order_00009367,ETH-USD,1907.75,13,2026-01-01T04:08:34Z
batch_0005,order_00014915,order_00013267,ETH-USD,1907.77,196,2026-01-01T04:08:34Z
batch_0005,order_00015685,order_00013267,ETH-USD,1907.77,565,2026-01-01T04:21:24Z
batch_0005,order_00011376,order_00013267,ETH-USD,1907.77,27,2026-01-01T03:41:06Z
batch_0005,order_00011376,order_00012623,ETH-USD,1907.79,637,2026-01-01T03:30:22Z
batch_0005,order_00008559,order_00012623,ETH-USD,1907.79,302,2026-01-01T03:30:22Z
batch_0005,order_00008559,order_00012829,ETH-USD,1907.93,399,2026-01-01T03:33:48Z
batch_0005,order_00008559,order_00013608,ETH-USD,1908.0,297,2026-01-01T03:46:47Z
batch_0005,order_00010720,order_00013608,ETH-USD,1908.0,180,2026-01-01T03:46:47Z
batch_0005,order_00010720,order_00007856,ETH-USD,1908.06,193,2026-01-01T02:58:39Z
batch_0005,order_00010720,order_00014271,ETH-USD,1908.19,217,2026-01-01T03:57:50Z
batch_0005,order_00010720,order_00015156,ETH-USD,1908.19,53,2026-01-01T04:12:35Z
batch_0005,order_00011334,order_00015156,ETH-USD,1908.19,500,2026-01-01T04:12:35Z
batch_0005,order_00011334,order_00011097,ETH-USD,1908.22,350,2026-01-01T03:08:53Z
batch_0005,order_00011334,order_00010441,ETH-USD,1908.29,27,2026-01-01T03:08:53Z
batch_0005,order_00016191,order_00010441,ETH-USD,1908.29,431,2026-01-01T04:29:50Z
batch_0005,order_00016191,order_00012349,ETH-USD,1908.33,269,2026-01-01T04:29:50Z
batch_0005,order_00016191,order_00009795,ETH-USD,1908.36,154,2026-01-01T04:29:50Z
batch_0005,order_00016191,order_00011493,ETH-USD,1908.52,58,2026-01-01T04:29:50Z
batch_0005,order_00012157,order_00011493,ETH-USD,1908.52,300,2026-01-01T03:22:36Z
batch_0005,order_00007897,order_00011493,ETH-USD,1908.52,20,2026-01-01T03:11:32Z
batch_0005,order_00007897,order_00013172,ETH-USD,1908.52,136,2026-01-01T03:39:31Z
batch_0005,order_00007897,order_00009020,ETH-USD,1908.57,689,2026-01-01T02:30:19Z
batch_0005,order_00008525,order_00009020,ETH-USD,1908.57,140,2026-01-01T02:30:19Z
batch_0005,order_00008525,order_00013981,ETH-USD,1908.57,239,2026-01-01T03:53:00Z
batch_0005,order_00008525,order_00009426,ETH-USD,1908.76,363,2026-01-01T02:37:05Z
batch_0005,order_00009593,order_00009426,ETH-USD,1908.76,303,2026-01-01T02:39:52Z
batch_0005,order_00009812,order_00009426,ETH-USD,1908.76,67,2026-01-01T02:43:31Z
batch_0005,order_00009812,order_00007868,ETH-USD,1908.79,350,2026-01-01T02:43:31Z
batch_0005,order_00011741,order_00007868,ETH-USD,1908.79,274,2026-01-01T03:15:40Z
batch_0005,order_00011741,order_00009259,ETH-USD,1908.8,64,2026-01-01T03:15:40Z
batch_0005,order_00007337,order_00009259,ETH-USD,1908.8,431,2026-01-01T02:34:18Z
batch_0005,order_00009606,order_00009259,ETH-USD,1908.8,81,2026-01-01T02:40:05Z
batch_0005,order_00009606,order_00008207,ETH-USD,1908.84,77,2026-01-01T02:40:05Z
batch_0005,order_00009606,order_00016346,ETH-USD,1908.84,599,2026-01-01T04:32:25Z
batch_0005,order_00008072,order_00016346,ETH-USD,1908.84,66,2026-01-01T04:32:25Z
batch_0005,order_00008072,order_00008151,ETH-USD,1908.85,488,2026-01-01T02:15:50Z
batch_0005,order_00008072,order_00015338,ETH-USD,1908.89,50,2026-01-01T04:15:37Z
batch_0005,order_00013742,order_00015338,ETH-USD,1908.89,267,2026-01-01T04:15:37Z
batch_0005,order_00013742,order_00009061,ETH-USD,1909.0,596,2026-01-01T03:49:01Z
batch_0005,order_00007847,order_00009061,ETH-USD,1909.0,33,2026-01-01T02:31:00Z
batch_0005,order_00007847,order_00015570,ETH-USD,1909.01,359,2026-01-01T04:19:29Z
batch_0005,order_00009555,order_00015570,ETH-USD,1909.01,340,2026-01-01T04:19:29Z
batch_0005,order_00009555,order_00010749,ETH-USD,1909.04,396,2026-01-01T02:59:08Z
batch_0005,order_00015066,order_00010749,ETH-USD,1909.04,7,2026-01-01T04:11:05Z
batch_0005,order_00015066,order_00009881,ETH-USD,1909.05,214,2026-01-01T04:11:05Z
batch_0005,order_00013924,order_00009881,ETH-USD,1909.05,96,2026-01-01T03:52:03Z
batch_0005,order_00013924,order_00008990,ETH-USD,1909.15,282,2026-01-01T03:52:03Z
batch_0005,order_00013924,order_00009514,ETH-USD,1909.27,150,2026-01-01T03:52:03Z
batch_0005,order_00015660,order_00009514,ETH-USD,1909.27,92,2026-01-01T04:20:59Z
batch_0005,order_00015660,order_00016299,ETH-USD,1909.5,229,2026-01-01T04:31:38Z
batch_0005,order_00011291,order_00016299,ETH-USD,1909.5,206,2026-01-01T04:31:38Z
batch_0005,order_00008573,order_00016299,ETH-USD,1909.5,45,2026-01-01T04:31:38Z
batch_0005,order_00014140,order_00016299,ETH-USD,1909.5,128,2026-01-01T04:31:38Z
batch_0005,order_00014140,order_00009694,ETH-USD,1909.52,41,2026-01-01T03:55:39Z
batch_0005,order_00008770,order_00009694,ETH-USD,1909.52,380,2026-01-01T02:41:33Z
batch_0005,order_00008770,order_00014117,ETH-USD,1909.52,46,2026-01-01T03:55:16Z
batch_0005,order_00006663,order_00014117,ETH-USD,1909.52,901,2026-01-01T03:55:16Z
batch_0005,order_00006663,order_00009290,ETH-USD,1909.57,92,2026-01-01T02:34:49Z
batch_0005,order_00008818,order_00009290,ETH-USD,1909.57,296,2026-01-01T02:34:49Z
batch_0005,order_00008818,order_00011231,ETH-USD,1909.65,93,2026-01-01T03:07:10Z
batch_0005,order_00011867,order_00011231,ETH-USD,1909.65,267,2026-01-01T03:17:46Z
batch_0005,order_00006718,order_00011231,ETH-USD,1909.65,177,2026-01-01T03:07:10Z
batch_0005,order_00006718,order_00007051,ETH-USD,1909.74,124,2026-01-01T01:57:30Z
batch_0005,order_00006718,order_00009202,ETH-USD,1909.74,68,2026-01-01T02:33:21Z
batch_0005,order_00006718,order_00009212,ETH-USD,1909.74,79,2026-01-01T02:33:31Z
batch_0005,order_00013443,order_00009212,ETH-USD,1909.74,341,2026-01-01T03:44:02Z
batch_0005,order_00011898,order_00009212,ETH-USD,1909.74,140,2026-01-01T03:18:17Z
batch_0005,order_00009792,order_00009212,ETH-USD,1909.74,201,2026-01-01T02:43:11Z
batch_0005,order_00009792,order_00008097,ETH-USD,1909.82,94,2026-01-01T02:43:11Z
batch_0005,order_00015999,order_00008097,ETH-USD,1909.82,219,2026-01-01T04:26:38Z
batch_0005,order_00011305,order_00008097,ETH-USD,1909.82,188,2026-01-01T03:08:24Z
batch_0005,order_00011305,order_00016220,ETH-USD,1909.88,444,2026-01-01T04:30:19Z
batch_0005,order_00011305,order_00009717,ETH-USD,1909.93,161,2026-01-01T03:08:24Z
batch_0005,order_00014650,order_00009717,ETH-USD,1909.93,601,2026-01-01T04:04:09Z
batch_0005,order_00011227,order_00009717,ETH-USD,1909.93,135,2026-01-01T03:07:06Z
batch_0005,order_00011227,order_00009258,ETH-USD,1910.04,247,2026-01-01T03:07:06Z
batch_0005,order_00011227,order_00013944,ETH-USD,1910.1,286,2026-01-01T03:52:23Z
batch_0005,order_00013325,order_00013944,ETH-USD,1910.1,371,2026-01-01T03:52:23Z
batch_0005,order_00013325,order_00015125,ETH-USD,1910.15,347,2026-01-01T04:12:04Z
batch_0005,order_00009230,order_00015125,ETH-USD,1910.15,116,2026-01-01T04:12:04Z
batch_0005,order_00012998,order_00015125,ETH-USD,1910.15,474,2026-01-01T04:12:04Z
batch_0005,order_00012998,order_00015449,ETH-USD,1910.19,395,2026-01-01T04:17:28Z
batch_0005,order_00012998,order_00009838,ETH-USD,1910.52,90,2026-01-01T03:36:37Z
batch_0005,order_00011935,order_00009838,ETH-USD,1910.52,117,2026-01-01T03:18:54Z
batch_0005,order_00011935,order_00015947,ETH-USD,1910.64,485,2026-01-01T04:25:46Z
batch_0005,order_00006977,order_00015947,ETH-USD,1910.64,53,2026-01-01T04:25:46Z
batch_0005,order_00006977,order_00015201,ETH-USD,1910.66,755,2026-01-01T04:13:20Z
batch_0005,order_00006977,order_00009637,ETH-USD,1910.85,120,2026-01-01T02:40:36Z
batch_0005,order_00010217,order_00009637,ETH-USD,1910.85,78,2026-01-01T02:50:16Z
batch_0005,order_00016492,order_00009637,ETH-USD,1910.85,547,2026-01-01T04:34:51Z
batch_0005,order_00016492,order_00008146,ETH-USD,1910.93,245,2026-01-01T04:34:51Z
batch_0005,order_00013922,order_00008146,ETH-USD,1910.93,299,2026-01-01T03:52:01Z
batch_0005,order_00016594,order_00008146,ETH-USD,1910.93,161,2026-01-01T04:36:33Z
batch_0005,order_00016594,order_00006885,ETH-USD,1911.11,106,2026-01-01T04:36:33Z
batch_0005,order_00012293,order_00006885,ETH-USD,1911.11,389,2026-01-01T03:24:52Z
batch_0005,order_00014622,order_00006885,ETH-USD,1911.11,479,2026-01-01T04:03:41Z
batch_0005,order_00014622,order_00012682,ETH-USD,1911.18,389,2026-01-01T04:03:41Z
batch_0005,order_00008850,order_00012682,ETH-USD,1911.18,178,2026-01-01T03:31:21Z
batch_0005,order_00008850,order_00014704,ETH-USD,1911.2,443,2026-01-01T04:05:03Z
batch_0005,order_00015575,order_00014704,ETH-USD,1911.2,82,2026-01-01T04:19:34Z
batch_0005,order_00010335,order_00014704,ETH-USD,1911.2,73,2026-01-01T04:05:03Z
batch_0005,order_00010335,order_00008637,ETH-USD,1911.21,38,2026-01-01T02:52:14Z
batch_0005,order_00010335,order_00013706,ETH-USD,1911.33,177,2026-01-01T03:48:25Z
batch_0005,order_00016449,order_00013706,ETH-USD,1911.33,294,2026-01-01T04:34:08Z
batch_0005,order_00016449,order_00009925,ETH-USD,1911.66,547,2026-01-01T04:34:08Z
batch_0005,order_00008197,order_00009925,ETH-USD,1911.66,252,2026-01-01T02:45:24Z
batch_0005,order_00008197,order_00012870,ETH-USD,1911.71,484,2026-01-01T03:34:29Z
batch_0005,order_00008197,order_00016328,ETH-USD,1911.71,190,2026-01-01T04:32:07Z
batch_0005,order_00008636,order_00016328,ETH-USD,1911.71,329,2026-01-01T04:32:07Z
batch_0005,order_00008636,order_00013759,ETH-USD,1911.79,27,2026-01-01T03:49:18Z
batch_0005,order_00008636,order_00013704,ETH-USD,1911.82,36,2026-01-01T03:48:23Z
batch_0005,order_00008636,order_00013516,ETH-USD,1911.83,196,2026-01-01T03:45:15Z
batch_0005,order_00015667,order_00013516,ETH-USD,1911.83,330,2026-01-01T04:21:06Z
batch_0005,order_00015667,order_00007925,ETH-USD,1911.98,309,2026-01-01T04:21:06Z
batch_0005,order_00015667,order_00011819,ETH-USD,1912.04,195,2026-01-01T04:21:06Z
batch_0005,order_00007355,order_00011819,ETH-USD,1912.04,250,2026-01-01T03:16:58Z
batch_0005,order_00015693,order_00011819,ETH-USD,1912.04,56,2026-01-01T04:21:32Z
batch_0005,order_00015693,order_00008232,ETH-USD,1912.07,325,2026-01-01T04:21:32Z
batch_0005,order_00015693,order_00011194,ETH-USD,1912.21,137,2026-01-01T04:21:32Z
batch_0005,order_00011172,order_00011194,ETH-USD,1912.21,332,2026-01-01T03:06:33Z
batch_0005,order_00014529,order_00011194,ETH-USD,1912.21,506,2026-01-01T04:02:08Z
batch_0005,order_00014529,order_00010247,ETH-USD,1912.22,9,2026-01-01T04:02:08Z
batch_0005,order_00013832,order_00010247,ETH-USD,1912.22,220,2026-01-01T03:50:31Z
batch_0005,order_00013832,order_00008092,ETH-USD,1912.29,181,2026-01-01T03:50:31Z
batch_0005,order_00007588,order_00008092,ETH-USD,1912.29,266,2026-01-01T02:14:51Z
batch_0005,order_00016419,order_00008092,ETH-USD,1912.29,305,2026-01-01T04:33:38Z
batch_0005,order_00016419,order_00009242,ETH-USD,1912.32,61,2026-01-01T04:33:38Z
batch_0005,order_00007715,order_00009242,ETH-USD,1912.32,262,2026-01-01T02:34:01Z
batch_0005,order_00007715,order_00013941,ETH-USD,1912.34,484,2026-01-01T03:52:20Z
batch_0005,order_00007715,order_00009559,ETH-USD,1912.41,77,2026-01-01T02:39:18Z
batch_0005,order_00007715,order_00014794,ETH-USD,1912.54,138,2026-01-01T04:06:33Z
batch_0005,order_00016554,order_00014794,ETH-USD,1912.54,196,2026-01-01T04:35:53Z
batch_0005,order_00016554,order_00009977,ETH-USD,1912.72,384,2026-01-01T04:35:53Z
batch_0005,order_00009038,order_00009977,ETH-USD,1912.72,136,2026-01-01T02:46:16Z
batch_0005,order_00011223,order_00009977,ETH-USD,1912.72,213,2026-01-01T03:07:02Z
batch_0005,order_00014466,order_00009977,ETH-USD,1912.72,189,2026-01-01T04:01:05Z
batch_0005,order_00014466,order_00007430,ETH-USD,1912.73,21,2026-01-01T04:01:05Z
batch_0005,order_00015470,order_00007430,ETH-USD,1912.73,12,2026-01-01T04:17:49Z
batch_0005,order_00013222,order_00007430,ETH-USD,1912.73,79,2026-01-01T03:40:21Z
batch_0005,order_00014188,order_00007430,ETH-USD,1912.73,172,2026-01-01T03:56:27Z
batch_0005,order_00007255,order_00007430,ETH-USD,1912.73,107,2026-01-01T02:03:49Z
batch_0005,order_00007255,order_00009013,ETH-USD,1912.77,548,2026-01-01T02:30:12Z
batch_0005,order_00014195,order_00009013,ETH-USD,1912.77,276,2026-01-01T03:56:34Z
batch_0005,order_00014195,order_00014670,ETH-USD,1912.77,313,2026-01-01T04:04:29Z
batch_0005,order_00014195,order_00008555,ETH-USD,1912.84,391,2026-01-01T03:56:34Z
batch_0005,order_00014075,order_00008555,ETH-USD,1912.84,400,2026-01-01T03:54:34Z
batch_0005,order_00014075,order_00014800,ETH-USD,1912.85,578,2026-01-01T04:06:39Z
batch_0005,order_00007335,order_00014800,ETH-USD,1912.85,333,2026-01-01T04:06:39Z
batch_0005,order_00007335,order_00012598,ETH-USD,1912.95,297,2026-01-01T03:29:57Z
batch_0005,order_00007132,order_00012598,ETH-USD,1912.95,453,2026-01-01T03:29:57Z
batch_0005,order_00007132,order_00012430,ETH-USD,1913.1,142,2026-01-01T03:27:09Z
batch_0005,order_00013863,order_00012430,ETH-USD,1913.1,413,2026-01-01T03:51:02Z
batch_0005,order_00013863,order_00006772,ETH-USD,1913.2,265,2026-01-01T03:51:02Z
batch_0005,order_00010266,order_00006772,ETH-USD,1913.2,480,2026-01-01T02:51:05Z
batch_0005,order_00011157,order_00006772,ETH-USD,1913.2,121,2026-01-01T03:05:56Z
batch_0005,order_00011157,order_00009663,ETH-USD,1913.22,144,2026-01-01T03:05:56Z
batch_0005,order_00010706,order_00009663,ETH-USD,1913.22,172,2026-01-01T02:58:25Z
batch_0005,order_00010706,order_00015584,ETH-USD,1913.27,418,2026-01-01T04:19:43Z
batch_0005,order_00016141,order_00015584,ETH-USD,1913.27,47,2026-01-01T04:29:00Z
batch_0005,order_00016141,order_00008992,ETH-USD,1913.3,143,2026-01-01T04:29:00Z
batch_0005,order_00012141,order_00008992,ETH-USD,1913.3,33,2026-01-01T03:22:20Z
batch_0005,order_00012141,order_00009102,ETH-USD,1913.37,167,2026-01-01T03:22:20Z
batch_0005,order_00012141,order_00009821,ETH-USD,1913.55,379,2026-01-01T03:22:20Z
batch_0005,order_00012141,order_00007862,ETH-USD,1913.71,180,2026-01-01T03:22:20Z
batch_0005,order_00012141,order_00009047,ETH-USD,1913.71,3,2026-01-01T03:22:20Z
batch_0005,order_00013594,order_00009047,ETH-USD,1913.71,163,2026-01-01T03:46:33Z
batch_0005,order_00013594,order_00012557,ETH-USD,1913.9,78,2026-01-01T03:46:33Z
batch_0005,order_00013594,order_00013168,ETH-USD,1913.93,54,2026-01-01T03:46:33Z
batch_0005,order_00013594,order_00015642,ETH-USD,1913.96,32,2026-01-01T04:20:41Z
batch_0005,order_00016349,order_00015642,ETH-USD,1913.96,922,2026-01-01T04:32:28Z
batch_0005,order_00007079,order_00015642,ETH-USD,1913.96,10,2026-01-01T04:20:41Z
batch_0005,order_00007079,order_00007837,ETH-USD,1914.0,590,2026-01-01T02:10:36Z
batch_0005,order_00007079,order_00014702,ETH-USD,1914.12,141,2026-01-01T04:05:01Z
batch_0005,order_00010110,order_00014702,ETH-USD,1914.12,399,2026-01-01T04:05:01Z
batch_0005,order_00010110,order_00011912,ETH-USD,1914.17,43,2026-01-01T03:18:31Z
batch_0005,order_00007928,order_00011912,ETH-USD,1914.17,321,2026-01-01T03:18:31Z
batch_0005,order_00016273,order_00011912,ETH-USD,1914.17,141,2026-01-01T04:31:12Z
batch_0005,order_00016273,order_00009529,ETH-USD,1914.28,149,2026-01-01T04:31:12Z
batch_0005,order_00011091,order_00009529,ETH-USD,1914.28,645,2026-01-01T03:04:50Z
batch_0005,order_00016264,order_00009529,ETH-USD,1914.28,197,2026-01-01T04:31:03Z
batch_0005,order_00016264,order_00009034,ETH-USD,1914.54,541,2026-01-01T04:31:03Z
batch_0005,order_00016264,order_00012385,ETH-USD,1914.63,150,2026-01-01T04:31:03Z
batch_0005,order_00009206,order_00012385,ETH-USD,1914.63,678,2026-01-01T03:26:24Z
batch_0005,order_00009206,order_00007028,ETH-USD,1914.67,225,2026-01-01T02:33:25Z
batch_0005,order_00010935,order_00007028,ETH-USD,1914.67,741,2026-01-01T03:02:14Z
batch_0005,order_00010935,order_00007263,ETH-USD,1915.16,141,2026-01-01T03:02:14Z
batch_0005,order_00015890,order_00007263,ETH-USD,1915.16,128,2026-01-01T04:24:49Z
batch_0005,order_00015890,order_00007373,ETH-USD,1915.19,592,2026-01-01T04:24:49Z
batch_0005,order_00015890,order_00014849,ETH-USD,1915.4,67,2026-01-01T04:24:49Z
batch_0005,order_00015890,order_00016114,ETH-USD,1915.42,8,2026-01-01T04:28:33Z
batch_0005,order_00011191,order_00016114,ETH-USD,1915.42,207,2026-01-01T04:28:33Z
batch_0005,order_00011191,order_00013540,ETH-USD,1915.54,497,2026-01-01T03:45:39Z
batch_0005,order_00011191,order_00008615,ETH-USD,1915.57,188,2026-01-01T03:06:30Z
batch_0005,order_00013601,order_00008615,ETH-USD,1915.57,442,2026-01-01T03:46:40Z
batch_0005,order_00013601,order_00007096,ETH-USD,1915.71,91,2026-01-01T03:46:40Z
batch_0005,order_00013067,order_00007096,ETH-USD,1915.71,8,2026-01-01T03:37:46Z
batch_0005,order_00013067,order_00013290,ETH-USD,1915.71,339,2026-01-01T03:41:29Z
batch_0005,order_00008647,order_00013290,ETH-USD,1915.71,453,2026-01-01T03:41:29Z
batch_0005,order_00008647,order_00010624,ETH-USD,1915.72,180,2026-01-01T02:57:03Z
batch_0005,order_00015018,order_00010624,ETH-USD,1915.72,68,2026-01-01T04:10:17Z
batch_0005,order_00015018,order_00010498,ETH-USD,1915.79,7,2026-01-01T04:10:17Z
batch_0005,order_00015018,order_00007075,ETH-USD,1915.81,9,2026-01-01T04:10:17Z
batch_0005,order_00015018,order_00016508,ETH-USD,1915.83,599,2026-01-01T04:35:07Z
batch_0005,order_00012786,order_00016508,ETH-USD,1915.83,204,2026-01-01T04:35:07Z
batch_0005,order_00015554,order_00016508,ETH-USD,1915.83,15,2026-01-01T04:35:07Z
batch_0005,order_00015554,order_00008318,ETH-USD,1915.97,371,2026-01-01T04:19:13Z
batch_0005,order_00015554,order_00014187,ETH-USD,1915.98,302,2026-01-01T04:19:13Z
batch_0005,order_00010131,order_00014187,ETH-USD,1915.98,280,2026-01-01T03:56:26Z
batch_0005,order_00007992,order_00014187,ETH-USD,1915.98,172,2026-01-01T03:56:26Z
batch_0005,order_00015216,order_00014187,ETH-USD,1915.98,52,2026-01-01T04:13:35Z
batch_0005,order_00015216,order_00012921,ETH-USD,1916.18,671,2026-01-01T04:13:35Z
batch_0005,order_00013139,order_00012921,ETH-USD,1916.18,299,2026-01-01T03:38:58Z
batch_0005,order_00015293,order_00012921,ETH-USD,1916.18,4,2026-01-01T04:14:52Z
batch_0005,order_00015293,order_00016571,ETH-USD,1916.19,306,2026-01-01T04:36:10Z
batch_0005,order_00015293,order_00009179,ETH-USD,1916.22,491,2026-01-01T04:14:52Z
batch_0005,order_00015293,order_00013386,ETH-USD,1916.33,104,2026-01-01T04:14:52Z
batch_0005,order_00015293,order_00011904,ETH-USD,1916.36,10,2026-01-01T04:14:52Z
batch_0005,order_00016460,order_00011904,ETH-USD,1916.36,107,2026-01-01T04:34:19Z
batch_0005,order_00016460,order_00013158,ETH-USD,1916.49,705,2026-01-01T04:34:19Z
batch_0005,order_00016460,order_00007189,ETH-USD,1916.79,97,2026-01-01T04:34:19Z
batch_0005,order_00014331,order_00007189,ETH-USD,1916.79,156,2026-01-01T03:58:50Z
batch_0005,order_00014331,order_00011559,ETH-USD,1916.82,51,2026-01-01T03:58:50Z
batch_0005,order_00014474,order_00011559,ETH-USD,1916.82,311,2026-01-01T04:01:13Z
batch_0005,order_00014474,order_00014866,ETH-USD,1916.82,375,2026-01-01T04:07:45Z
batch_0005,order_00007969,order_00014866,ETH-USD,1916.82,107,2026-01-01T04:07:45Z
batch_0005,order_00007969,order_00009874,ETH-USD,1916.84,132,2026-01-01T02:44:33Z
batch_0005,order_00013372,order_00009874,ETH-USD,1916.84,314,2026-01-01T03:42:51Z
batch_0005,order_00013372,order_00011054,ETH-USD,1916.84,597,2026-01-01T03:42:51Z
batch_0005,order_00010804,order_00011054,ETH-USD,1916.84,41,2026-01-01T03:04:13Z
batch_0005,order_00010804,order_00013301,ETH-USD,1916.93,228,2026-01-01T03:41:40Z
batch_0005,order_00016095,order_00013301,ETH-USD,1916.93,203,2026-01-01T04:28:14Z
batch_0005,order_00011444,order_00013301,ETH-USD,1916.93,341,2026-01-01T03:41:40Z
batch_0005,order_00011444,order_00008387,ETH-USD,1916.94,200,2026-01-01T03:10:43Z
batch_0005,order_00014240,order_00008387,ETH-USD,1916.94,150,2026-01-01T03:57:19Z
batch_0005,order_00014240,order_00012179,ETH-USD,1917.01,309,2026-01-01T03:57:19Z
batch_0005,order_00007591,order_00012179,ETH-USD,1917.01,634,2026-01-01T03:22:58Z
batch_0005,order_00007591,order_00012465,ETH-USD,1917.42,167,2026-01-01T03:27:44Z
batch_0005,order_00010707,order_00012465,ETH-USD,1917.42,6,2026-01-01T03:27:44Z
batch_0005,order_00013656,order_00012465,ETH-USD,1917.42,245,2026-01-01T03:47:35Z
batch_0005,order_00007307,order_00012465,ETH-USD,1917.42,521,2026-01-01T03:27:44Z
batch_0005,order_00007307,order_00010285,ETH-USD,1917.5,382,2026-01-01T02:51:24Z
batch_0005,order_00012051,order_00010285,ETH-USD,1917.5,294,2026-01-01T03:20:50Z
batch_0005,order_00012051,order_00011118,ETH-USD,1917.52,359,2026-01-01T03:20:50Z
batch_0005,order_00012051,order_00009873,ETH-USD,1917.58,191,2026-01-01T03:20:50Z
batch_0005,order_00012051,order_00007232,ETH-USD,1917.62,1,2026-01-01T03:20:50Z
batch_0005,order_00006822,order_00007232,ETH-USD,1917.62,84,2026-01-01T02:00:31Z
batch_0005,order_00006822,order_00010656,ETH-USD,1917.62,192,2026-01-01T02:57:35Z
batch_0005,order_00010715,order_00010656,ETH-USD,1917.62,481,2026-01-01T02:58:34Z
batch_0005,order_00010715,order_00011862,ETH-USD,1917.69,252,2026-01-01T03:17:41Z
batch_0005,order_00006824,order_00011862,ETH-USD,1917.69,519,2026-01-01T03:17:41Z
batch_0005,order_00006824,order_00015772,ETH-USD,1917.82,64,2026-01-01T04:22:51Z
batch_0005,order_00010805,order_00015772,ETH-USD,1917.82,408,2026-01-01T04:22:51Z
batch_0005,order_00013232,order_00015772,ETH-USD,1917.82,472,2026-01-01T04:22:51Z
batch_0005,order_00013232,order_00013911,ETH-USD,1917.83,55,2026-01-01T03:51:50Z
batch_0005,order_00012005,order_00013911,ETH-USD,1917.83,685,2026-01-01T03:51:50Z
batch_0005,order_00012005,order_00010334,ETH-USD,1917.88,257,2026-01-01T03:20:04Z
batch_0005,order_00007955,order_00010334,ETH-USD,1917.88,586,2026-01-01T02:52:13Z
batch_0005,order_00007955,order_00006942,ETH-USD,1917.96,29,2026-01-01T02:12:34Z
batch_0005,order_00015580,order_00006942,ETH-USD,1917.96,125,2026-01-01T04:19:39Z
batch_0005,order_00015580,order_00006733,ETH-USD,1918.11,34,2026-01-01T04:19:39Z
batch_0005,order_00015580,order_00010853,ETH-USD,1918.14,115,2026-01-01T04:19:39Z
batch_0005,order_00012053,order_00010853,ETH-USD,1918.14,180,2026-01-01T03:20:52Z
batch_0005,order_00008390,order_00010853,ETH-USD,1918.14,244,2026-01-01T03:00:52Z
batch_0005,order_00015788,order_00010853,ETH-USD,1918.14,23,2026-01-01T04:23:07Z
batch_0005,order_00015788,order_00012943,ETH-USD,1918.17,512,2026-01-01T04:23:07Z
batch_0005,order_00010599,order_00012943,ETH-USD,1918.17,115,2026-01-01T03:35:42Z
batch_0005,order_00010274,order_00012943,ETH-USD,1918.17,109,2026-01-01T03:35:42Z
batch_0005,order_00011271,order_00012943,ETH-USD,1918.17,225,2026-01-01T03:35:42Z
batch_0005,order_00011271,order_00009931,ETH-USD,1918.19,763,2026-01-01T03:07:50Z
batch_0005,order_00012949,order_00009931,ETH-USD,1918.19,178,2026-01-01T03:35:48Z
batch_0005,order_00012949,order_00012159,ETH-USD,1918.28,217,2026-01-01T03:35:48Z
batch_0005,order_00012949,order_00011921,ETH-USD,1918.3,65,2026-01-01T03:35:48Z
batch_0005,order_00012510,order_00011921,ETH-USD,1918.3,517,2026-01-01T03:28:29Z
batch_0005,order_00009502,order_00011921,ETH-USD,1918.3,333,2026-01-01T03:18:40Z
batch_0005,order_00009502,order_00008549,ETH-USD,1918.31,341,2026-01-01T02:38:21Z
batch_0005,order_00014509,order_00008549,ETH-USD,1918.31,10,2026-01-01T04:01:48Z
batch_0005,order_00014509,order_00008321,ETH-USD,1918.42,216,2026-01-01T04:01:48Z
batch_0005,order_00014509,order_00016152,ETH-USD,1918.58,510,2026-01-01T04:29:11Z
batch_0005,order_00014101,order_00016152,ETH-USD,1918.58,301,2026-01-01T04:29:11Z
batch_0005,order_00014101,order_00008427,ETH-USD,1918.73,151,2026-01-01T03:55:00Z
batch_0005,order_00015276,order_00008427,ETH-USD,1918.73,506,2026-01-01T04:14:35Z
batch_0005,order_00015276,order_00006662,ETH-USD,1918.74,139,2026-01-01T04:14:35Z
batch_0005,order_00015276,order_00007743,ETH-USD,1918.74,1,2026-01-01T04:14:35Z
batch_0005,order_00015276,order_00014573,ETH-USD,1918.8,275,2026-01-01T04:14:35Z
batch_0005,order_00006928,order_00014573,ETH-USD,1918.8,621,2026-01-01T04:02:52Z
batch_0005,order_00006928,order_00008419,ETH-USD,1918.83,265,2026-01-01T02:20:18Z
batch_0005,order_00006928,order_00007279,ETH-USD,1919.21,45,2026-01-01T02:01:18Z
batch_0005,order_00008687,order_00007279,ETH-USD,1919.21,662,2026-01-01T02:24:46Z
batch_0005,order_00008687,order_00014138,ETH-USD,1919.43,35,2026-01-01T03:55:37Z
batch_0005,order_00009902,order_00014138,ETH-USD,1919.43,395,2026-01-01T03:55:37Z
batch_0005,order_00008858,order_00014138,ETH-USD,1919.43,148,2026-01-01T03:55:37Z
batch_0005,order_00008858,order_00016278,ETH-USD,1919.56,275,2026-01-01T04:31:17Z
batch_0005,order_00008858,order_00008482,ETH-USD,1919.66,521,2026-01-01T02:27:37Z
batch_0005,order_00010492,order_00008482,ETH-USD,1919.66,171,2026-01-01T02:54:51Z
batch_0005,order_00010492,order_00010816,ETH-USD,1919.71,94,2026-01-01T03:00:15Z
batch_0005,order_00012874,order_00010816,ETH-USD,1919.71,135,2026-01-01T03:34:33Z
batch_0005,order_00015933,order_00010816,ETH-USD,1919.71,507,2026-01-01T04:25:32Z
batch_0005,order_00015933,order_00013699,ETH-USD,1919.72,285,2026-01-01T04:25:32Z
batch_0005,order_00015933,order_00012377,ETH-USD,1919.76,206,2026-01-01T04:25:32Z
batch_0005,order_00011589,order_00012377,ETH-USD,1919.76,33,2026-01-01T03:26:16Z
batch_0005,order_00011589,order_00006721,ETH-USD,1919.99,480,2026-01-01T03:13:08Z
batch_0005,order_00011589,order_00009427,ETH-USD,1920.06,404,2026-01-01T03:13:08Z
batch_0005,order_00008898,order_00009427,ETH-USD,1920.06,452,2026-01-01T02:37:06Z
batch_0005,order_00008898,order_00011122,ETH-USD,1920.09,518,2026-01-01T03:05:21Z
batch_0005,order_00010354,order_00011122,ETH-USD,1920.09,98,2026-01-01T03:05:21Z
batch_0005,order_00010354,order_00010485,ETH-USD,1920.42,30,2026-01-01T02:54:44Z
batch_0005,order_00016491,order_00010485,ETH-USD,1920.42,484,2026-01-01T04:34:50Z
batch_0005,order_00011198,order_00010485,ETH-USD,1920.42,247,2026-01-01T03:06:37Z
batch_0005,order_00014273,order_00010485,ETH-USD,1920.42,59,2026-01-01T03:57:52Z
batch_0005,order_00014273,order_00009834,ETH-USD,1920.45,385,2026-01-01T03:57:52Z
batch_0005,order_00014273,order_00007209,ETH-USD,1920.67,365,2026-01-01T03:57:52Z
batch_0005,order_00013326,order_00007209,ETH-USD,1920.67,147,2026-01-01T03:42:05Z
batch_0005,order_00013326,order_00009282,ETH-USD,1920.69,580,2026-01-01T03:42:05Z
batch_0005,order_00013326,order_00014425,ETH-USD,1921.03,250,2026-01-01T04:00:24Z
batch_0005,order_00012017,order_00014425,ETH-USD,1921.03,360,2026-01-01T04:00:24Z
batch_0005,order_00012017,order_00011776,ETH-USD,1921.19,496,2026-01-01T03:20:16Z
batch_0005,order_00011655,order_00011776,ETH-USD,1921.19,286,2026-01-01T03:16:15Z
batch_0005,order_00011655,order_00016412,ETH-USD,1921.41,180,2026-01-01T04:33:31Z
batch_0005,order_00008023,order_00016412,ETH-USD,1921.41,163,2026-01-01T04:33:31Z
batch_0005,order_00008023,order_00013891,ETH-USD,1921.46,152,2026-01-01T03:51:30Z
batch_0005,order_00015956,order_00013891,ETH-USD,1921.46,160,2026-01-01T04:25:55Z
batch_0005,order_00015956,order_00007512,ETH-USD,1921.68,89,2026-01-01T04:25:55Z
batch_0005,order_00015956,order_00006836,ETH-USD,1921.69,294,2026-01-01T04:25:55Z
batch_0005,order_00012769,order_00006836,ETH-USD,1921.69,522,2026-01-01T03:32:48Z
batch_0005,order_00012769,order_00014121,ETH-USD,1921.77,207,2026-01-01T03:55:20Z
batch_0005,order_00015127,order_00014121,ETH-USD,1921.77,160,2026-01-01T04:12:06Z
batch_0005,order_00015127,order_00012803,ETH-USD,1921.93,594,2026-01-01T04:12:06Z
batch_0005,order_00016439,order_00012803,ETH-USD,1921.93,321,2026-01-01T04:33:58Z
batch_0005,order_00016439,order_00016354,ETH-USD,1922.19,434,2026-01-01T04:33:58Z
batch_0005,order_00016439,order_00013049,ETH-USD,1922.21,8,2026-01-01T04:33:58Z
batch_0005,order_00016439,order_00010255,ETH-USD,1922.27,177,2026-01-01T04:33:58Z
batch_0005,order_00008712,order_00010255,ETH-USD,1922.27,309,2026-01-01T02:50:54Z
batch_0005,order_00008095,order_00010255,ETH-USD,1922.27,353,2026-01-01T02:50:54Z
batch_0005,order_00016561,order_00010255,ETH-USD,1922.27,9,2026-01-01T04:36:00Z
batch_0005,order_00016561,order_00013896,ETH-USD,1922.38,53,2026-01-01T04:36:00Z
batch_0005,order_00009600,order_00013896,ETH-USD,1922.38,126,2026-01-01T03:51:35Z
batch_0005,order_00008813,order_00013896,ETH-USD,1922.38,439,2026-01-01T03:51:35Z
batch_0005,order_00008813,order_00007717,ETH-USD,1922.5,450,2026-01-01T02:26:52Z
batch_0005,order_00006986,order_00007717,ETH-USD,1922.5,44,2026-01-01T02:08:36Z
batch_0005,order_00013284,order_00007717,ETH-USD,1922.5,230,2026-01-01T03:41:23Z
batch_0005,order_00013284,order_00013495,ETH-USD,1922.54,109,2026-01-01T03:44:54Z
batch_0005,order_00016002,order_00013495,ETH-USD,1922.54,135,2026-01-01T04:26:41Z
batch_0005,order_00016002,order_00014216,ETH-USD,1922.72,60,2026-01-01T04:26:41Z
batch_0005,order_00009200,order_00014216,ETH-USD,1922.72,588,2026-01-01T03:56:55Z
batch_0005,order_00009200,order_00007374,ETH-USD,1922.73,23,2026-01-01T02:33:19Z
batch_0005,order_00009200,order_00010125,ETH-USD,1922.89,150,2026-01-01T02:48:44Z
batch_0005,order_00012113,order_00010125,ETH-USD,1922.89,427,2026-01-01T03:21:52Z
batch_0005,order_00008384,order_00010125,ETH-USD,1922.89,142,2026-01-01T02:48:44Z
batch_0005,order_00008384,order_00013758,ETH-USD,1922.96,494,2026-01-01T03:49:17Z
batch_0005,order_00008384,order_00014200,ETH-USD,1922.96,62,2026-01-01T03:56:39Z
batch_0005,order_00011778,order_00014200,ETH-USD,1922.96,421,2026-01-01T03:56:39Z
batch_0005,order_00011778,order_00008074,ETH-USD,1923.05,239,2026-01-01T03:16:17Z
batch_0005,order_00011778,order_00012876,ETH-USD,1923.37,18,2026-01-01T03:34:35Z
batch_0005,order_00011778,order_00016556,ETH-USD,1923.5,107,2026-01-01T04:35:55Z
batch_0005,order_00006609,order_00016556,ETH-USD,1923.5,535,2026-01-01T04:35:55Z
batch_0005,order_00016503,order_00016556,ETH-USD,1923.5,303,2026-01-01T04:35:55Z
batch_0005,order_00016503,order_00012560,ETH-USD,1923.56,331,2026-01-01T04:35:02Z
batch_0005,order_00016503,order_00015306,ETH-USD,1923.66,87,2026-01-01T04:35:02Z
batch_0005,order_00007972,order_00015306,ETH-USD,1923.66,493,2026-01-01T04:15:05Z
batch_0005,order_00015981,order_00015306,ETH-USD,1923.66,50,2026-01-01T04:26:20Z
batch_0005,order_00015981,order_00012873,ETH-USD,1923.67,90,2026-01-01T04:26:20Z
batch_0005,order_00010473,order_00012873,ETH-USD,1923.67,362,2026-01-01T03:34:32Z
batch_0005,order_00010473,order_00012155,ETH-USD,1923.73,368,2026-01-01T03:22:34Z
batch_0005,order_00010473,order_00011021,ETH-USD,1923.76,182,2026-01-01T03:03:40Z
batch_0005,order_00013254,order_00011021,ETH-USD,1923.76,308,2026-01-01T03:40:53Z
batch_0005,order_00007668,order_00011021,ETH-USD,1923.76,44,2026-01-01T03:03:40Z
batch_0005,order_00007668,order_00014965,ETH-USD,1923.76,90,2026-01-01T04:09:24Z
batch_0005,order_00007668,order_00015840,ETH-USD,1923.86,746,2026-01-01T04:23:59Z
batch_0005,order_00006876,order_00015840,ETH-USD,1923.86,134,2026-01-01T04:23:59Z
batch_0005,order_00006876,order_00011132,ETH-USD,1923.9,638,2026-01-01T03:05:31Z
batch_0005,order_00013079,order_00011132,ETH-USD,1923.9,214,2026-01-01T03:37:58Z
batch_0005,order_00013079,order_00016541,ETH-USD,1923.9,182,2026-01-01T04:35:40Z
batch_0005,order_00013079,order_00007985,ETH-USD,1924.04,424,2026-01-01T03:37:58Z
batch_0005,order_00013079,order_00007427,ETH-USD,1924.12,61,2026-01-01T03:37:58Z
batch_0005,order_00013302,order_00007427,ETH-USD,1924.12,328,2026-01-01T03:41:41Z
batch_0005,order_00010438,order_00007427,ETH-USD,1924.12,100,2026-01-01T02:53:57Z
batch_0005,order_00010438,order_00007507,ETH-USD,1924.15,146,2026-01-01T02:53:57Z
batch_0005,order_00010438,order_00009215,ETH-USD,1924.33,670,2026-01-01T02:53:57Z
batch_0005,order_00012572,order_00009215,ETH-USD,1924.33,272,2026-01-01T03:29:31Z
batch_0005,order_00012572,order_00015747,ETH-USD,1924.42,177,2026-01-01T04:22:26Z
batch_0005,order_00012572,order_00010932,ETH-USD,1924.46,96,2026-01-01T03:29:31Z
batch_0005,order_00016300,order_00010932,ETH-USD,1924.46,291,2026-01-01T04:31:39Z
batch_0005,order_00016300,order_00008282,ETH-USD,1924.6,63,2026-01-01T04:31:39Z
batch_0005,order_00010901,order_00008282,ETH-USD,1924.6,261,2026-01-01T03:01:40Z
batch_0005,order_00007678,order_00008282,ETH-USD,1924.6,122,2026-01-01T02:18:01Z
batch_0005,order_00012836,order_00008282,ETH-USD,1924.6,46,2026-01-01T03:33:55Z
batch_0005,order_00012836,order_00007627,ETH-USD,1924.66,97,2026-01-01T03:33:55Z
batch_0005,order_00012836,order_00010249,ETH-USD,1924.68,430,2026-01-01T03:33:55Z
batch_0005,order_00007995,order_00010249,ETH-USD,1924.68,368,2026-01-01T02:50:48Z
batch_0005,order_00007995,order_00010801,ETH-USD,1924.7,540,2026-01-01T03:00:00Z
batch_0005,order_00014444,order_00010801,ETH-USD,1924.7,338,2026-01-01T04:00:43Z
batch_0005,order_00014444,order_00008601,ETH-USD,1924.73,81,2026-01-01T04:00:43Z
batch_0005,order_00010925,order_00008601,ETH-USD,1924.73,186,2026-01-01T03:02:04Z
batch_0005,order_00008200,order_00008601,ETH-USD,1924.73,51,2026-01-01T02:23:20Z
batch_0005,order_00008200,order_00009669,ETH-USD,1924.75,19,2026-01-01T02:41:08Z
batch_0005,order_00008200,order_00011002,ETH-USD,1924.76,342,2026-01-01T03:03:21Z
batch_0005,order_00007714,order_00011002,ETH-USD,1924.76,572,2026-01-01T03:03:21Z
batch_0005,order_00007714,order_00013626,ETH-USD,1924.8,7,2026-01-01T03:47:05Z
batch_0005,order_00014819,order_00013626,ETH-USD,1924.8,24,2026-01-01T04:06:58Z
batch_0005,order_00009898,order_00013626,ETH-USD,1924.8,397,2026-01-01T03:47:05Z
batch_0005,order_00013251,order_00013626,ETH-USD,1924.8,247,2026-01-01T03:47:05Z
batch_0005,order_00013251,order_00007080,ETH-USD,1924.81,63,2026-01-01T03:40:50Z
batch_0005,order_00007857,order_00007080,ETH-USD,1924.81,25,2026-01-01T02:10:56Z
batch_0005,order_00007857,order_00009936,ETH-USD,1924.84,46,2026-01-01T02:45:35Z
batch_0005,order_00007857,order_00009088,ETH-USD,1924.87,24,2026-01-01T02:31:27Z
batch_0005,order_00007857,order_00014024,ETH-USD,1925.09,213,2026-01-01T03:53:43Z
batch_0005,order_00011529,order_00014024,ETH-USD,1925.09,92,2026-01-01T03:53:43Z
batch_0005,order_00011529,order_00010555,ETH-USD,1925.12,365,2026-01-01T03:12:08Z
batch_0005,order_00007532,order_00010555,ETH-USD,1925.12,141,2026-01-01T02:55:54Z
batch_0005,order_00014001,order_00010555,ETH-USD,1925.12,130,2026-01-01T03:53:20Z
batch_0005,order_00014001,order_00016011,ETH-USD,1925.16,635,2026-01-01T04:26:50Z
batch_0005,order_00010107,order_00016011,ETH-USD,1925.16,210,2026-01-01T04:26:50Z
batch_0005,order_00010107,order_00009130,ETH-USD,1925.18,14,2026-01-01T02:48:26Z
batch_0005,order_00007147,order_00009130,ETH-USD,1925.18,230,2026-01-01T02:32:09Z
batch_0005,order_00015312,order_00009130,ETH-USD,1925.18,463,2026-01-01T04:15:11Z
batch_0005,order_00015312,order_00014975,ETH-USD,1925.19,213,2026-01-01T04:15:11Z
batch_0005,order_00012020,order_00014975,ETH-USD,1925.19,641,2026-01-01T04:09:34Z
batch_0005,order_00012020,order_00013733,ETH-USD,1925.23,72,2026-01-01T03:48:52Z
batch_0005,order_00012197,order_00013733,ETH-USD,1925.23,654,2026-01-01T03:48:52Z
batch_0005,order_00011831,order_00013733,ETH-USD,1925.23,31,2026-01-01T03:48:52Z
batch_0005,order_00011831,order_00007605,ETH-USD,1925.28,531,2026-01-01T03:17:10Z
batch_0005,order_00011831,order_00006854,ETH-USD,1925.43,114,2026-01-01T03:17:10Z
batch_0005,order_00012261,order_00006854,ETH-USD,1925.43,389,2026-01-01T03:24:20Z
batch_0005,order_00015585,order_00006854,ETH-USD,1925.43,331,2026-01-01T04:19:44Z
batch_0005,order_00015585,order_00010995,ETH-USD,1925.43,46,2026-01-01T04:19:44Z
batch_0005,order_00015059,order_00010995,ETH-USD,1925.43,185,2026-01-01T04:10:58Z
batch_0005,order_00008210,order_00010995,ETH-USD,1925.43,149,2026-01-01T03:03:14Z
batch_0005,order_00008210,order_00008607,ETH-USD,1925.88,279,2026-01-01T02:23:26Z
batch_0005,order_00008210,order_00009707,ETH-USD,1925.93,408,2026-01-01T02:41:46Z
batch_0005,order_00008210,order_00012421,ETH-USD,1925.95,36,2026-01-01T03:27:00Z
batch_0005,order_00013203,order_00012421,ETH-USD,1925.95,670,2026-01-01T03:40:02Z
batch_0005,order_00016176,order_00012421,ETH-USD,1925.95,264,2026-01-01T04:29:35Z
batch_0005,order_00016176,order_00009041,ETH-USD,1926.43,448,2026-01-01T04:29:35Z
batch_0005,order_00008949,order_00009041,ETH-USD,1926.43,383,2026-01-01T02:30:40Z
batch_0005,order_00013670,order_00009041,ETH-USD,1926.43,57,2026-01-01T03:47:49Z
batch_0005,order_00013670,order_00016184,ETH-USD,1926.48,619,2026-01-01T04:29:43Z
batch_0005,order_00013080,order_00016184,ETH-USD,1926.48,28,2026-01-01T04:29:43Z
batch_0005,order_00013080,order_00015420,ETH-USD,1926.5,612,2026-01-01T04:16:59Z
batch_0005,order_00013080,order_00010057,ETH-USD,1926.51,57,2026-01-01T03:37:59Z
batch_0005,order_00013080,order_00011158,ETH-USD,1926.54,214,2026-01-01T03:37:59Z
batch_0005,order_00012496,order_00011158,ETH-USD,1926.54,103,2026-01-01T03:28:15Z
batch_0005,order_00012496,order_00009935,ETH-USD,1926.61,221,2026-01-01T03:28:15Z
batch_0005,order_00012496,order_00007396,ETH-USD,1926.66,234,2026-01-01T03:28:15Z
batch_0005,order_00015877,order_00007396,ETH-USD,1926.66,5,2026-01-01T04:24:36Z
batch_0005,order_00009924,order_00007396,ETH-USD,1926.66,38,2026-01-01T02:45:23Z
batch_0005,order_00009924,order_00015149,ETH-USD,1926.74,464,2026-01-01T04:12:28Z
batch_0005,order_00011740,order_00015149,ETH-USD,1926.74,436,2026-01-01T04:12:28Z
batch_0005,order_00011740,order_00010446,ETH-USD,1926.81,83,2026-01-01T03:15:39Z
batch_0005,order_00014636,order_00010446,ETH-USD,1926.81,832,2026-01-01T04:03:55Z
batch_0005,order_00014636,order_00013885,ETH-USD,1926.83,98,2026-01-01T04:03:55Z
batch_0005,order_00012744,order_00013885,ETH-USD,1926.83,286,2026-01-01T03:51:24Z
batch_0005,order_00014165,order_00013885,ETH-USD,1926.83,218,2026-01-01T03:56:04Z
batch_0005,order_00014165,order_00014713,ETH-USD,1926.83,164,2026-01-01T04:05:12Z
batch_0005,order_00014165,order_00011991,ETH-USD,1926.88,277,2026-01-01T03:56:04Z
batch_0005,order_00015741,order_00011991,ETH-USD,1926.88,511,2026-01-01T04:22:20Z
batch_0005,order_00010060,order_00011991,ETH-USD,1926.88,129,2026-01-01T03:19:50Z
batch_0005,order_00013069,order_00011991,ETH-USD,1926.88,16,2026-01-01T03:37:48Z
batch_0005,order_00013069,order_00013902,ETH-USD,1926.94,81,2026-01-01T03:51:41Z
batch_0005,order_00013069,order_00009492,ETH-USD,1927.2,426,2026-01-01T03:37:48Z
batch_0005,order_00015628,order_00009492,ETH-USD,1927.2,14,2026-01-01T04:20:27Z
batch_0005,order_00015628,order_00014845,ETH-USD,1927.27,109,2026-01-01T04:20:27Z
batch_0005,order_00007962,order_00014845,ETH-USD,1927.27,87,2026-01-01T04:07:24Z
batch_0005,order_00007962,order_00015862,ETH-USD,1927.41,167,2026-01-01T04:24:21Z
batch_0005,order_00007962,order_00013120,ETH-USD,1927.53,245,2026-01-01T03:38:39Z
batch_0005,order_00015261,order_00013120,ETH-USD,1927.53,44,2026-01-01T04:14:20Z
batch_0005,order_00014420,order_00013120,ETH-USD,1927.53,96,2026-01-01T04:00:19Z
batch_0005,order_00014420,order_00013473,ETH-USD,1927.59,656,2026-01-01T04:00:19Z
batch_0005,order_00014420,order_00007467,ETH-USD,1927.62,19,2026-01-01T04:00:19Z
batch_0005,order_00011795,order_00007467,ETH-USD,1927.62,125,2026-01-01T03:16:34Z
batch_0005,order_00011795,order_00009920,ETH-USD,1927.8,534,2026-01-01T03:16:34Z
batch_0005,order_00013574,order_00009920,ETH-USD,1927.8,27,2026-01-01T03:46:13Z
batch_0005,order_00013574,order_00010263,ETH-USD,1927.84,604,2026-01-01T03:46:13Z
batch_0005,order_00008299,order_00010263,ETH-USD,1927.84,86,2026-01-01T02:51:02Z
batch_0005,order_00008299,order_00011338,ETH-USD,1928.11,397,2026-01-01T03:08:57Z
batch_0005,order_00008299,order_00015874,ETH-USD,1928.17,23,2026-01-01T04:24:33Z
batch_0005,order_00008299,order_00006642,ETH-USD,1928.25,221,2026-01-01T02:18:18Z
batch_0005,order_00008299,order_00012137,ETH-USD,1928.33,160,2026-01-01T03:22:16Z
batch_0005,order_00015002,order_00012137,ETH-USD,1928.33,244,2026-01-01T04:10:01Z
batch_0005,order_00007131,order_00012137,ETH-USD,1928.33,315,2026-01-01T03:22:16Z
batch_0005,order_00007131,order_00009586,ETH-USD,1928.38,11,2026-01-01T02:39:45Z
batch_0005,order_00010501,order_00009586,ETH-USD,1928.38,296,2026-01-01T02:55:00Z
batch_0005,order_00010501,order_00008808,ETH-USD,1928.47,454,2026-01-01T02:55:00Z
batch_0005,order_00010501,order_00015039,ETH-USD,1928.53,98,2026-01-01T04:10:38Z
batch_0005,order_00008704,order_00015039,ETH-USD,1928.53,592,2026-01-01T04:10:38Z
batch_0005,order_00012540,order_00015039,ETH-USD,1928.53,8,2026-01-01T04:10:38Z
batch_0005,order_00012540,order_00006658,ETH-USD,1928.56,436,2026-01-01T03:28:59Z
batch_0005,order_00008853,order_00006658,ETH-USD,1928.56,72,2026-01-01T02:27:32Z
batch_0005,order_00008853,order_00006765,ETH-USD,1928.67,355,2026-01-01T02:27:32Z
batch_0005,order_00011990,order_00006765,ETH-USD,1928.67,66,2026-01-01T03:19:49Z
batch_0005,order_00011586,order_00006765,ETH-USD,1928.67,212,2026-01-01T03:13:05Z
batch_0005,order_00014123,order_00006765,ETH-USD,1928.67,45,2026-01-01T03:55:22Z
batch_0005,order_00014123,order_00013462,ETH-USD,1928.68,152,2026-01-01T03:55:22Z
batch_0005,order_00015105,order_00013462,ETH-USD,1928.68,783,2026-01-01T04:11:44Z
batch_0005,order_00012655,order_00013462,ETH-USD,1928.68,2,2026-01-01T03:44:21Z
batch_0005,order_00012655,order_00007687,ETH-USD,1928.91,806,2026-01-01T03:30:54Z
batch_0005,order_00012655,order_00008070,ETH-USD,1929.06,5,2026-01-01T03:30:54Z
batch_0005,order_00014359,order_00008070,ETH-USD,1929.06,722,2026-01-01T03:59:18Z
batch_0005,order_00012684,order_00008070,ETH-USD,1929.06,57,2026-01-01T03:31:23Z
batch_0005,order_00012684,order_00007801,ETH-USD,1929.07,189,2026-01-01T03:31:23Z
batch_0005,order_00012684,order_00014093,ETH-USD,1929.08,339,2026-01-01T03:54:52Z
batch_0005,order_00012684,order_00011491,ETH-USD,1929.16,379,2026-01-01T03:31:23Z
batch_0005,order_00009138,order_00011491,ETH-USD,1929.16,326,2026-01-01T03:11:30Z
batch_0005,order_00009138,order_00009970,ETH-USD,1929.2,67,2026-01-01T02:46:09Z
batch_0005,order_00009138,order_00007291,ETH-USD,1929.24,185,2026-01-01T02:32:17Z
batch_0005,order_00009138,order_00011161,ETH-USD,1929.26,249,2026-01-01T03:06:00Z
batch_0005,order_00010903,order_00011161,ETH-USD,1929.26,230,2026-01-01T03:06:00Z
batch_0005,order_00010050,order_00011161,ETH-USD,1929.26,398,2026-01-01T03:06:00Z
batch_0005,order_00010050,order_00012306,ETH-USD,1929.32,478,2026-01-01T03:25:05Z
batch_0005,order_00010105,order_00012306,ETH-USD,1929.32,259,2026-01-01T03:25:05Z
batch_0005,order_00010105,order_00012952,ETH-USD,1929.36,1,2026-01-01T03:35:51Z
batch_0005,order_00012813,order_00012952,ETH-USD,1929.36,267,2026-01-01T03:35:51Z
batch_0005,order_00012813,order_00007560,ETH-USD,1929.38,139,2026-01-01T03:33:32Z
batch_0005,order_00012813,order_00011453,ETH-USD,1929.45,19,2026-01-01T03:33:32Z
batch_0005,order_00012813,order_00007140,ETH-USD,1929.59,230,2026-01-01T03:33:32Z
batch_0005,order_00012813,order_00016029,ETH-USD,1929.68,69,2026-01-01T04:27:08Z
batch_0005,order_00010224,order_00016029,ETH-USD,1929.68,319,2026-01-01T04:27:08Z
batch_0005,order_00014893,order_00016029,ETH-USD,1929.68,41,2026-01-01T04:27:08Z
batch_0005,order_00014893,order_00008795,ETH-USD,1929.85,490,2026-01-01T04:08:12Z
batch_0005,order_00007105,order_00008795,ETH-USD,1929.85,347,2026-01-01T02:26:34Z
batch_0005,order_00007105,order_00007556,ETH-USD,1929.95,637,2026-01-01T02:05:55Z
batch_0005,order_00008975,order_00007556,ETH-USD,1929.95,200,2026-01-01T02:29:34Z
batch_0005,order_00008975,order_00014362,ETH-USD,1930.0,193,2026-01-01T03:59:21Z
batch_0005,order_00015559,order_00014362,ETH-USD,1930.0,68,2026-01-01T04:19:18Z
batch_0005,order_00015450,order_00014362,ETH-USD,1930.0,23,2026-01-01T04:17:29Z
batch_0005,order_00008114,order_00014362,ETH-USD,1930.0,519,2026-01-01T03:59:21Z
batch_0005,order_00008114,order_00009210,ETH-USD,1930.01,272,2026-01-01T02:33:29Z
batch_0005,order_00015106,order_00009210,ETH-USD,1930.01,639,2026-01-01T04:11:45Z
batch_0005,order_00015106,order_00016352,ETH-USD,1930.1,83,2026-01-01T04:32:31Z
batch_0005,order_00012063,order_00016352,ETH-USD,1930.1,313,2026-01-01T04:32:31Z
batch_0005,order_00012063,order_00013781,ETH-USD,1930.25,568,2026-01-01T03:49:40Z
batch_0005,order_00012114,order_00013781,ETH-USD,1930.25,419,2026-01-01T03:49:40Z
batch_0005,order_00012114,order_00015096,ETH-USD,1930.31,452,2026-01-01T04:11:35Z
batch_0005,order_00012114,order_00012146,ETH-USD,1930.33,41,2026-01-01T03:22:25Z
batch_0005,order_00007889,order_00012146,ETH-USD,1930.33,504,2026-01-01T03:22:25Z
batch_0005,order_00015544,order_00012146,ETH-USD,1930.33,137,2026-01-01T04:19:03Z
batch_0005,order_00015544,order_00008807,ETH-USD,1930.39,47,2026-01-01T04:19:03Z
batch_0005,order_00015544,order_00012403,ETH-USD,1930.49,183,2026-01-01T04:19:03Z
batch_0005,order_00015544,order_00014242,ETH-USD,1930.61,167,2026-01-01T04:19:03Z
batch_0005,order_00015544,order_00014107,ETH-USD,1930.62,147,2026-01-01T04:19:03Z
batch_0005,order_00015544,order_00011764,ETH-USD,1930.86,32,2026-01-01T04:19:03Z
batch_0005,order_00008641,order_00011764,ETH-USD,1930.86,682,2026-01-01T03:16:03Z
batch_0005,order_00012305,order_00011764,ETH-USD,1930.86,65,2026-01-01T03:25:04Z
batch_0005,order_00013411,order_00011764,ETH-USD,1930.86,31,2026-01-01T03:43:30Z
batch_0005,order_00013411,order_00010634,ETH-USD,1930.88,24,2026-01-01T03:43:30Z
batch_0005,order_00008249,order_00010634,ETH-USD,1930.88,395,2026-01-01T02:57:13Z
batch_0005,order_00008249,order_00014030,ETH-USD,1931.0,37,2026-01-01T03:53:49Z
batch_0005,order_00008041,order_00014030,ETH-USD,1931.0,425,2026-01-01T03:53:49Z
batch_0005,order_00008041,order_00011105,ETH-USD,1931.11,236,2026-01-01T03:05:04Z
batch_0005,order_00015847,order_00011105,ETH-USD,1931.11,342,2026-01-01T04:24:06Z
batch_0005,order_00015847,order_00014832,ETH-USD,1931.12,172,2026-01-01T04:24:06Z
batch_0005,order_00008604,order_00014832,ETH-USD,1931.12,304,2026-01-01T04:07:11Z
batch_0005,order_00011509,order_00014832,ETH-USD,1931.12,65,2026-01-01T04:07:11Z
batch_0005,order_00011509,order_00012354,ETH-USD,1931.36,67,2026-01-01T03:25:53Z
batch_0005,order_00011509,order_00010654,ETH-USD,1931.37,264,2026-01-01T03:11:48Z
batch_0005,order_00010557,order_00010654,ETH-USD,1931.37,566,2026-01-01T02:57:33Z
batch_0005,order_00010557,order_00014896,ETH-USD,1931.47,413,2026-01-01T04:08:15Z
batch_0005,order_00007242,order_00014896,ETH-USD,1931.47,582,2026-01-01T04:08:15Z
batch_0005,order_00007242,order_00015687,ETH-USD,1931.61,230,2026-01-01T04:21:26Z
batch_0005,order_00015100,order_00015687,ETH-USD,1931.61,188,2026-01-01T04:21:26Z
batch_0005,order_00015100,order_00007191,ETH-USD,1931.65,384,2026-01-01T04:11:39Z
batch_0005,order_00014899,order_00007191,ETH-USD,1931.65,119,2026-01-01T04:08:18Z
batch_0005,order_00016287,order_00007191,ETH-USD,1931.65,200,2026-01-01T04:31:26Z
batch_0005,order_00014524,order_00007191,ETH-USD,1931.65,254,2026-01-01T04:02:03Z
batch_0005,order_00014524,order_00008778,ETH-USD,1931.68,23,2026-01-01T04:02:03Z
batch_0005,order_00009104,order_00008778,ETH-USD,1931.68,11,2026-01-01T02:31:43Z
batch_0005,order_00011576,order_00008778,ETH-USD,1931.68,69,2026-01-01T03:12:55Z
batch_0005,order_00011576,order_00010113,ETH-USD,1931.68,652,2026-01-01T03:12:55Z
batch_0005,order_00009830,order_00010113,ETH-USD,1931.68,69,2026-01-01T02:48:32Z
batch_0005,order_00009830,order_00009553,ETH-USD,1931.75,18,2026-01-01T02:43:49Z
batch_0005,order_00009830,order_00008848,ETH-USD,1931.76,345,2026-01-01T02:43:49Z
batch_0005,order_00012315,order_00008848,ETH-USD,1931.76,184,2026-01-01T03:25:14Z
batch_0005,order_00012315,order_00010512,ETH-USD,1931.81,319,2026-01-01T03:25:14Z
batch_0005,order_00012315,order_00011053,ETH-USD,1931.91,146,2026-01-01T03:25:14Z
batch_0005,order_00007338,order_00011053,ETH-USD,1931.91,182,2026-01-01T03:04:12Z
batch_0005,order_00011530,order_00011053,ETH-USD,1931.91,80,2026-01-01T03:12:09Z
batch_0005,order_00011530,order_00013665,ETH-USD,1931.95,30,2026-01-01T03:47:44Z
batch_0005,order_00009251,order_00013665,ETH-USD,1931.95,377,2026-01-01T03:47:44Z
batch_0005,order_00010623,order_00013665,ETH-USD,1931.95,546,2026-01-01T03:47:44Z
batch_0005,order_00010623,order_00008785,ETH-USD,1931.96,21,2026-01-01T02:57:02Z
batch_0005,order_00013760,order_00008785,ETH-USD,1931.96,56,2026-01-01T03:49:19Z
batch_0005,order_00012167,order_00008785,ETH-USD,1931.96,49,2026-01-01T03:22:46Z
batch_0005,order_00012167,order_00015101,ETH-USD,1931.97,649,2026-01-01T04:11:40Z
batch_0005,order_00009696,order_00015101,ETH-USD,1931.97,267,2026-01-01T04:11:40Z
batch_0005,order_00009696,order_00014203,ETH-USD,1932.2,238,2026-01-01T03:56:42Z
batch_0005,order_00012207,order_00014203,ETH-USD,1932.2,356,2026-01-01T03:56:42Z
batch_0005,order_00012207,order_00006750,ETH-USD,1932.26,50,2026-01-01T03:23:26Z
batch_0005,order_00012207,order_00009054,ETH-USD,1932.53,185,2026-01-01T03:23:26Z
batch_0005,order_00006612,order_00009054,ETH-USD,1932.53,167,2026-01-01T02:30:53Z
batch_0005,order_00006871,order_00009054,ETH-USD,1932.53,171,2026-01-01T02:30:53Z
batch_0005,order_00006871,order_00014607,ETH-USD,1932.6,167,2026-01-01T04:03:26Z
batch_0005,order_00008156,order_00014607,ETH-USD,1932.6,66,2026-01-01T04:03:26Z
batch_0005,order_00008156,order_00013094,ETH-USD,1932.73,417,2026-01-01T03:38:13Z
batch_0005,order_00011256,order_00013094,ETH-USD,1932.73,228,2026-01-01T03:38:13Z
batch_0005,order_00013439,order_00013094,ETH-USD,1932.73,59,2026-01-01T03:43:58Z
batch_0005,order_00013439,order_00013580,ETH-USD,1932.74,533,2026-01-01T03:46:19Z
batch_0005,order_00013439,order_00009517,ETH-USD,1932.97,113,2026-01-01T03:43:58Z
batch_0005,order_00007633,order_00009517,ETH-USD,1932.97,245,2026-01-01T02:38:36Z
batch_0005,order_00007176,order_00009517,ETH-USD,1932.97,400,2026-01-01T02:38:36Z
batch_0005,order_00007176,order_00009708,ETH-USD,1933.11,94,2026-01-01T02:41:47Z
batch_0005,order_00013970,order_00009708,ETH-USD,1933.11,171,2026-01-01T03:52:49Z
batch_0005,order_00013970,order_00010185,ETH-USD,1933.12,238,2026-01-01T03:52:49Z
batch_0005,order_00009592,order_00010185,ETH-USD,1933.12,98,2026-01-01T02:49:44Z
batch_0005,order_00015031,order_00010185,ETH-USD,1933.12,261,2026-01-01T04:10:30Z
batch_0005,order_00015031,order_00008357,ETH-USD,1933.21,374,2026-01-01T04:10:30Z
batch_0005,order_00015031,order_00008410,ETH-USD,1933.7,75,2026-01-01T04:10:30Z
batch_0005,order_00016434,order_00008410,ETH-USD,1933.7,344,2026-01-01T04:33:53Z
batch_0005,order_00011281,order_00008410,ETH-USD,1933.7,59,2026-01-01T03:08:00Z
batch_0005,order_00011281,order_00007933,ETH-USD,1933.71,363,2026-01-01T03:08:00Z
batch_0005,order_00016337,order_00007933,ETH-USD,1933.71,367,2026-01-01T04:32:16Z
batch_0005,order_00016337,order_00013176,ETH-USD,1933.79,314,2026-01-01T04:32:16Z
batch_0005,order_00016337,order_00007766,ETH-USD,1933.87,210,2026-01-01T04:32:16Z
batch_0005,order_00013503,order_00007766,ETH-USD,1933.87,282,2026-01-01T03:45:02Z
batch_0005,order_00013503,order_00014995,ETH-USD,1933.87,128,2026-01-01T04:09:54Z
batch_0005,order_00013955,order_00014995,ETH-USD,1933.87,482,2026-01-01T04:09:54Z
batch_0005,order_00013955,order_00008093,ETH-USD,1933.89,133,2026-01-01T03:52:34Z
batch_0005,order_00012284,order_00008093,ETH-USD,1933.89,354,2026-01-01T03:24:43Z
batch_0005,order_00012284,order_00011585,ETH-USD,1933.92,509,2026-01-01T03:24:43Z
batch_0005,order_00008252,order_00011585,ETH-USD,1933.92,279,2026-01-01T03:13:04Z
batch_0005,order_00008252,order_00011033,ETH-USD,1933.94,153,2026-01-01T03:03:52Z
batch_0005,order_00008764,order_00011033,ETH-USD,1933.94,423,2026-01-01T03:03:52Z
batch_0005,order_00008764,order_00015924,ETH-USD,1933.94,341,2026-01-01T04:25:23Z
batch_0005,order_00010445,order_00015924,ETH-USD,1933.94,43,2026-01-01T04:25:23Z
batch_0005,order_00010445,order_00007526,ETH-USD,1934.04,67,2026-01-01T02:54:04Z
batch_0005,order_00010445,order_00015162,ETH-USD,1934.11,132,2026-01-01T04:12:41Z
batch_0005,order_00010002,order_00015162,ETH-USD,1934.11,69,2026-01-01T04:12:41Z
batch_0005,order_00010002,order_00007772,ETH-USD,1934.3,82,2026-01-01T02:46:41Z
batch_0005,order_00009657,order_00007772,ETH-USD,1934.3,561,2026-01-01T02:40:56Z
batch_0005,order_00015356,order_00007772,ETH-USD,1934.3,167,2026-01-01T04:15:55Z
batch_0005,order_00015356,order_00015518,ETH-USD,1934.43,109,2026-01-01T04:18:37Z
batch_0005,order_00015356,order_00011711,ETH-USD,1934.49,416,2026-01-01T04:15:55Z
batch_0005,order_00008856,order_00011711,ETH-USD,1934.49,1,2026-01-01T03:15:10Z
batch_0005,order_00008856,order_00011041,ETH-USD,1934.51,287,2026-01-01T03:04:00Z
batch_0005,order_00008856,order_00014440,ETH-USD,1934.52,166,2026-01-01T04:00:39Z
batch_0005,order_00012665,order_00014440,ETH-USD,1934.52,323,2026-01-01T04:00:39Z
batch_0005,order_00012665,order_00008572,ETH-USD,1934.73,13,2026-01-01T03:31:04Z
batch_0005,order_00012665,order_00008548,ETH-USD,1934.81,298,2026-01-01T03:31:04Z
batch_0005,order_00012665,order_00015183,ETH-USD,1934.83,286,2026-01-01T04:13:02Z
batch_0005,order_00011015,order_00015183,ETH-USD,1934.83,500,2026-01-01T04:13:02Z
batch_0005,order_00011015,order_00014584,ETH-USD,1934.84,199,2026-01-01T04:03:03Z
batch_0005,order_00016057,order_00014584,ETH-USD,1934.84,687,2026-01-01T04:27:36Z
batch_0005,order_00016057,order_00007612,ETH-USD,1934.89,29,2026-01-01T04:27:36Z
batch_0005,order_00009879,order_00007612,ETH-USD,1934.89,679,2026-01-01T02:44:38Z
batch_0005,order_00009879,order_00014142,ETH-USD,1934.9,125,2026-01-01T03:55:41Z
batch_0005,order_00010827,order_00014142,ETH-USD,1934.9,266,2026-01-01T03:55:41Z
batch_0005,order_00010827,order_00014235,ETH-USD,1934.96,383,2026-01-01T03:57:14Z
batch_0005,order_00010827,order_00012909,ETH-USD,1934.97,318,2026-01-01T03:35:08Z
batch_0005,order_00007330,order_00012909,ETH-USD,1934.97,107,2026-01-01T03:35:08Z
batch_0005,order_00007330,order_00009073,ETH-USD,1935.17,288,2026-01-01T02:31:12Z
batch_0005,order_00013536,order_00009073,ETH-USD,1935.17,509,2026-01-01T03:45:35Z
batch_0005,order_00013536,order_00012908,ETH-USD,1935.19,207,2026-01-01T03:45:35Z
batch_0005,order_00013536,order_00016350,ETH-USD,1935.2,202,2026-01-01T04:32:29Z
batch_0005,order_00012564,order_00016350,ETH-USD,1935.2,624,2026-01-01T04:32:29Z
batch_0005,order_00012564,order_00010843,ETH-USD,1935.27,154,2026-01-01T03:29:23Z
batch_0005,order_00015636,order_00010843,ETH-USD,1935.27,195,2026-01-01T04:20:35Z
batch_0005,order_00013750,order_00010843,ETH-USD,1935.27,47,2026-01-01T03:49:09Z
batch_0005,order_00013750,order_00016104,ETH-USD,1935.33,157,2026-01-01T04:28:23Z
batch_0005,order_00013750,order_00015888,ETH-USD,1935.5,245,2026-01-01T04:24:47Z
batch_0005,order_00008629,order_00015888,ETH-USD,1935.5,298,2026-01-01T04:24:47Z
batch_0005,order_00008629,order_00007134,ETH-USD,1935.63,622,2026-01-01T02:23:48Z
batch_0005,order_00009298,order_00007134,ETH-USD,1935.63,288,2026-01-01T02:34:57Z
batch_0005,order_00009298,order_00010428,ETH-USD,1935.65,442,2026-01-01T02:53:47Z
batch_0005,order_00012061,order_00010428,ETH-USD,1935.65,379,2026-01-01T03:21:00Z
batch_0005,order_00013193,order_00010428,ETH-USD,1935.65,158,2026-01-01T03:39:52Z
batch_0005,order_00013193,order_00013895,ETH-USD,1935.78,449,2026-01-01T03:51:34Z
batch_0005,order_00013193,order_00016446,ETH-USD,1935.79,241,2026-01-01T04:34:05Z
batch_0005,order_00011168,order_00016446,ETH-USD,1935.79,38,2026-01-01T04:34:05Z
batch_0005,order_00008956,order_00016446,ETH-USD,1935.79,193,2026-01-01T04:34:05Z
batch_0005,order_00008956,order_00014966,ETH-USD,1935.88,286,2026-01-01T04:09:25Z
batch_0005,order_00008960,order_00014966,ETH-USD,1935.88,156,2026-01-01T04:09:25Z
batch_0005,order_00015358,order_00014966,ETH-USD,1935.88,28,2026-01-01T04:15:57Z
batch_0005,order_00015358,order_00016535,ETH-USD,1935.89,330,2026-01-01T04:35:34Z
batch_0005,order_00015358,order_00016334,ETH-USD,1935.91,90,2026-01-01T04:32:13Z
batch_0005,order_00008789,order_00016334,ETH-USD,1935.91,467,2026-01-01T04:32:13Z
batch_0005,order_00015643,order_00016334,ETH-USD,1935.91,362,2026-01-01T04:32:13Z
batch_0005,order_00015643,order_00008187,ETH-USD,1936.02,160,2026-01-01T04:20:42Z
batch_0005,order_00011310,order_00008187,ETH-USD,1936.02,426,2026-01-01T03:08:29Z
batch_0005,order_00011310,order_00014373,ETH-USD,1936.09,429,2026-01-01T03:59:32Z
batch_0005,order_00010857,order_00014373,ETH-USD,1936.09,64,2026-01-01T03:59:32Z
batch_0005,order_00015224,order_00014373,ETH-USD,1936.09,28,2026-01-01T04:13:43Z
batch_0005,order_00015224,order_00014720,ETH-USD,1936.09,512,2026-01-01T04:13:43Z
batch_0005,order_00015224,order_00013712,ETH-USD,1936.11,217,2026-01-01T04:13:43Z
batch_0005,order_00015696,order_00013712,ETH-USD,1936.11,58,2026-01-01T04:21:35Z
batch_0005,order_00015696,order_00016494,ETH-USD,1936.21,171,2026-01-01T04:34:53Z
batch_0005,order_00015696,order_00012109,ETH-USD,1936.24,716,2026-01-01T04:21:35Z
batch_0005,order_00012578,order_00012109,ETH-USD,1936.24,269,2026-01-01T03:29:37Z
batch_0005,order_00012578,order_00008346,ETH-USD,1936.41,196,2026-01-01T03:29:37Z
batch_0005,order_00012578,order_00016463,ETH-USD,1936.74,125,2026-01-01T04:34:22Z
batch_0005,order_00012688,order_00016463,ETH-USD,1936.74,91,2026-01-01T04:34:22Z
batch_0005,order_00014445,order_00016463,ETH-USD,1936.74,339,2026-01-01T04:34:22Z
batch_0005,order_00008194,order_00016463,ETH-USD,1936.74,172,2026-01-01T04:34:22Z
batch_0005,order_00008194,order_00013707,ETH-USD,1936.8,638,2026-01-01T03:48:26Z
batch_0005,order_00006848,order_00013707,ETH-USD,1936.8,242,2026-01-01T03:48:26Z
batch_0005,order_00006848,order_00009773,ETH-USD,1936.91,256,2026-01-01T02:42:52Z
batch_0005,order_00014387,order_00009773,ETH-USD,1936.91,589,2026-01-01T03:59:46Z
batch_0005,order_00014387,order_00015617,ETH-USD,1937.05,402,2026-01-01T04:20:16Z
batch_0005,order_00011543,order_00015617,ETH-USD,1937.05,134,2026-01-01T04:20:16Z
batch_0005,order_00016132,order_00015617,ETH-USD,1937.05,120,2026-01-01T04:28:51Z
batch_0005,order_00016132,order_00015085,ETH-USD,1937.07,136,2026-01-01T04:28:51Z
batch_0005,order_00008456,order_00015085,ETH-USD,1937.07,217,2026-01-01T04:11:24Z
batch_0005,order_00008456,order_00013137,ETH-USD,1937.15,644,2026-01-01T03:38:56Z
batch_0005,order_00011547,order_00013137,ETH-USD,1937.15,32,2026-01-01T03:38:56Z
batch_0005,order_00011547,order_00011047,ETH-USD,1937.18,424,2026-01-01T03:12:26Z
batch_0005,order_00013269,order_00011047,ETH-USD,1937.18,334,2026-01-01T03:41:08Z
batch_0005,order_00013269,order_00011071,ETH-USD,1937.3,309,2026-01-01T03:41:08Z
batch_0005,order_00008391,order_00011071,ETH-USD,1937.3,139,2026-01-01T03:04:30Z
batch_0005,order_00008391,order_00012585,ETH-USD,1937.34,511,2026-01-01T03:29:44Z
batch_0005,order_00008391,order_00010532,ETH-USD,1937.44,75,2026-01-01T02:55:31Z
batch_0005,order_00013001,order_00010532,ETH-USD,1937.44,32,2026-01-01T03:36:40Z
batch_0005,order_00013001,order_00007993,ETH-USD,1937.49,336,2026-01-01T03:36:40Z
batch_0005,order_00013001,order_00012588,ETH-USD,1937.71,198,2026-01-01T03:36:40Z
batch_0005,order_00006870,order_00012588,ETH-USD,1937.71,492,2026-01-01T03:29:47Z
batch_0005,order_00006870,order_00007216,ETH-USD,1937.76,47,2026-01-01T02:00:15Z
batch_0005,order_00007913,order_00007216,ETH-USD,1937.76,302,2026-01-01T02:11:52Z
batch_0005,order_00015568,order_00007216,ETH-USD,1937.76,143,2026-01-01T04:19:27Z
batch_0005,order_00009781,order_00007216,ETH-USD,1937.76,342,2026-01-01T02:43:00Z
batch_0005,order_00009781,order_00007582,ETH-USD,1937.85,270,2026-01-01T02:43:00Z
batch_0005,order_00012742,order_00007582,ETH-USD,1937.85,346,2026-01-01T03:32:21Z
batch_0005,order_00012742,order_00012596,ETH-USD,1938.02,278,2026-01-01T03:32:21Z
batch_0005,order_00006939,order_00012596,ETH-USD,1938.02,39,2026-01-01T03:29:55Z
batch_0005,order_00006939,order_00012384,ETH-USD,1938.12,47,2026-01-01T03:26:23Z
batch_0005,order_00006939,order_00015401,ETH-USD,1938.2,202,2026-01-01T04:16:40Z
batch_0005,order_00006939,order_00012438,ETH-USD,1938.21,702,2026-01-01T03:27:17Z
batch_0005,order_00008859,order_00012438,ETH-USD,1938.21,27,2026-01-01T03:27:17Z
batch_0005,order_00014234,order_00012438,ETH-USD,1938.21,65,2026-01-01T03:57:13Z
batch_0005,order_00014234,order_00015778,ETH-USD,1938.33,388,2026-01-01T04:22:57Z
batch_0005,order_00010591,order_00015778,ETH-USD,1938.33,475,2026-01-01T04:22:57Z
batch_0005,order_00010591,order_00015056,ETH-USD,1938.46,382,2026-01-01T04:10:55Z
batch_0005,order_00010591,order_00013285,ETH-USD,1938.48,100,2026-01-01T03:41:24Z
batch_0005,order_00010974,order_00013285,ETH-USD,1938.48,624,2026-01-01T03:41:24Z
batch_0005,order_00010974,order_00012777,ETH-USD,1938.49,153,2026-01-01T03:32:56Z
batch_0005,order_00015023,order_00012777,ETH-USD,1938.49,711,2026-01-01T04:10:22Z
batch_0005,order_00015023,order_00014994,ETH-USD,1938.56,245,2026-01-01T04:10:22Z
batch_0005,order_00011680,order_00014994,ETH-USD,1938.56,426,2026-01-01T04:09:53Z
batch_0005,order_00011680,order_00009814,ETH-USD,1938.67,370,2026-01-01T03:14:39Z
batch_0005,order_00011680,order_00013650,ETH-USD,1938.8,135,2026-01-01T03:47:29Z
batch_0005,order_00011460,order_00013650,ETH-USD,1938.8,267,2026-01-01T03:47:29Z
batch_0005,order_00011460,order_00009990,ETH-USD,1938.86,703,2026-01-01T03:10:59Z
batch_0005,order_00011460,order_00015380,ETH-USD,1939.02,11,2026-01-01T04:16:19Z
batch_0005,order_00014365,order_00015380,ETH-USD,1939.02,107,2026-01-01T04:16:19Z
batch_0005,order_00014365,order_00007444,ETH-USD,1939.11,46,2026-01-01T03:59:24Z
batch_0005,order_00012512,order_00007444,ETH-USD,1939.11,557,2026-01-01T03:28:31Z
batch_0005,order_00012512,order_00012729,ETH-USD,1939.29,388,2026-01-01T03:32:08Z
batch_0005,order_00010994,order_00012729,ETH-USD,1939.29,79,2026-01-01T03:32:08Z
batch_0005,order_00010994,order_00015242,ETH-USD,1939.44,339,2026-01-01T04:14:01Z
batch_0005,order_00014569,order_00015242,ETH-USD,1939.44,49,2026-01-01T04:14:01Z
batch_0005,order_00014569,order_00006764,ETH-USD,1939.53,133,2026-01-01T04:02:48Z
batch_0005,order_00013413,order_00006764,ETH-USD,1939.53,86,2026-01-01T03:43:32Z
batch_0005,order_00007408,order_00006764,ETH-USD,1939.53,256,2026-01-01T02:03:27Z
batch_0005,order_00007408,order_00012267,ETH-USD,1939.55,502,2026-01-01T03:24:26Z
batch_0005,order_00009520,order_00012267,ETH-USD,1939.55,103,2026-01-01T03:24:26Z
batch_0005,order_00009520,order_00014936,ETH-USD,1939.64,224,2026-01-01T04:08:55Z
batch_0005,order_00009520,order_00011746,ETH-USD,1939.68,25,2026-01-01T03:15:45Z
batch_0005,order_00009520,order_00010917,ETH-USD,1939.73,282,2026-01-01T03:01:56Z
batch_0005,order_00015028,order_00010917,ETH-USD,1939.73,642,2026-01-01T04:10:27Z
batch_0005,order_00015028,order_00008540,ETH-USD,1939.8,133,2026-01-01T04:10:27Z
batch_0005,order_00012074,order_00008540,ETH-USD,1939.8,5,2026-01-01T03:21:13Z
batch_0005,order_00012074,order_00015134,ETH-USD,1939.86,312,2026-01-01T04:12:13Z
batch_0005,order_00012074,order_00007639,ETH-USD,1940.04,593,2026-01-01T03:21:13Z
batch_0005,order_00012600,order_00007639,ETH-USD,1940.04,101,2026-01-01T03:29:59Z
batch_0005,order_00012600,order_00011381,ETH-USD,1940.08,162,2026-01-01T03:29:59Z
batch_0005,order_00012600,order_00010725,ETH-USD,1940.12,389,2026-01-01T03:29:59Z
batch_0005,order_00007840,order_00010725,ETH-USD,1940.12,384,2026-01-01T02:58:44Z
batch_0005,order_00007840,order_00014570,ETH-USD,1940.18,467,2026-01-01T04:02:49Z
batch_0005,order_00008627,order_00014570,ETH-USD,1940.18,493,2026-01-01T04:02:49Z
batch_0005,order_00008627,order_00010036,ETH-USD,1940.27,158,2026-01-01T02:47:15Z
batch_0005,order_00007050,order_00010036,ETH-USD,1940.27,24,2026-01-01T02:47:15Z
batch_0005,order_00007050,order_00014846,ETH-USD,1940.35,130,2026-01-01T04:07:25Z
batch_0005,order_00014943,order_00014846,ETH-USD,1940.35,368,2026-01-01T04:09:02Z
batch_0005,order_00014943,order_00008108,ETH-USD,1940.38,212,2026-01-01T04:09:02Z
batch_0005,order_00014943,order_00012395,ETH-USD,1940.7,249,2026-01-01T04:09:02Z
batch_0005,order_00016042,order_00012395,ETH-USD,1940.7,385,2026-01-01T04:27:21Z
batch_0005,order_00016042,order_00012811,ETH-USD,1940.82,377,2026-01-01T04:27:21Z
batch_0005,order_00016042,order_00016252,ETH-USD,1940.89,30,2026-01-01T04:30:51Z
batch_0005,order_00014243,order_00016252,ETH-USD,1940.89,224,2026-01-01T04:30:51Z
batch_0005,order_00014243,order_00013888,ETH-USD,1940.91,72,2026-01-01T03:57:22Z
batch_0005,order_00013635,order_00013888,ETH-USD,1940.91,210,2026-01-01T03:51:27Z
batch_0005,order_00013635,order_00007569,ETH-USD,1940.99,656,2026-01-01T03:47:14Z
batch_0005,order_00013868,order_00007569,ETH-USD,1940.99,228,2026-01-01T03:51:07Z
batch_0005,order_00013868,order_00008830,ETH-USD,1941.11,28,2026-01-01T03:51:07Z
batch_0005,order_00007584,order_00008830,ETH-USD,1941.11,122,2026-01-01T02:27:09Z
batch_0005,order_00010641,order_00008830,ETH-USD,1941.11,543,2026-01-01T02:57:20Z
batch_0005,order_00010641,order_00008401,ETH-USD,1941.13,59,2026-01-01T02:57:20Z
batch_0005,order_00015730,order_00008401,ETH-USD,1941.13,346,2026-01-01T04:22:09Z
batch_0005,order_00010250,order_00008401,ETH-USD,1941.13,334,2026-01-01T02:50:49Z
batch_0005,order_00010250,order_00016408,ETH-USD,1941.14,308,2026-01-01T04:33:27Z
batch_0005,order_00013627,order_00016408,ETH-USD,1941.14,53,2026-01-01T04:33:27Z
batch_0005,order_00015174,order_00016408,ETH-USD,1941.14,457,2026-01-01T04:33:27Z
batch_0005,order_00015174,order_00015522,ETH-USD,1941.18,380,2026-01-01T04:18:41Z
batch_0005,order_00008827,order_00015522,ETH-USD,1941.18,108,2026-01-01T04:18:41Z
batch_0005,order_00011678,order_00015522,ETH-USD,1941.18,167,2026-01-01T04:18:41Z
batch_0005,order_00011678,order_00007364,ETH-USD,1941.24,764,2026-01-01T03:14:37Z
batch_0005,order_00011045,order_00007364,ETH-USD,1941.24,60,2026-01-01T03:04:04Z
batch_0005,order_00011045,order_00007602,ETH-USD,1941.27,294,2026-01-01T03:04:04Z
batch_0005,order_00015737,order_00007602,ETH-USD,1941.27,656,2026-01-01T04:22:16Z
batch_0005,order_00015737,order_00011657,ETH-USD,1941.37,262,2026-01-01T04:22:16Z
batch_0005,order_00008031,order_00011657,ETH-USD,1941.37,86,2026-01-01T03:14:16Z
batch_0005,order_00013310,order_00011657,ETH-USD,1941.37,22,2026-01-01T03:41:49Z
batch_0005,order_00013078,order_00011657,ETH-USD,1941.37,172,2026-01-01T03:37:57Z
batch_0005,order_00009363,order_00011657,ETH-USD,1941.37,127,2026-01-01T03:14:16Z
batch_0005,order_00007950,order_00011657,ETH-USD,1941.37,33,2026-01-01T03:14:16Z
batch_0005,order_00013298,order_00011657,ETH-USD,1941.37,270,2026-01-01T03:41:37Z
batch_0005,order_00013298,order_00008757,ETH-USD,1941.39,101,2026-01-01T03:41:37Z
batch_0005,order_00007854,order_00008757,ETH-USD,1941.39,235,2026-01-01T02:25:56Z
batch_0005,order_00007854,order_00010529,ETH-USD,1941.46,411,2026-01-01T02:55:28Z
batch_0005,order_00007854,order_00007599,ETH-USD,1941.57,24,2026-01-01T02:10:53Z
batch_0005,order_00014086,order_00007599,ETH-USD,1941.57,405,2026-01-01T03:54:45Z
batch_0005,order_00014086,order_00015962,ETH-USD,1941.58,419,2026-01-01T04:26:01Z
batch_0005,order_00012426,order_00015962,ETH-USD,1941.58,101,2026-01-01T04:26:01Z
batch_0005,order_00012426,order_00011264,ETH-USD,1941.69,697,2026-01-01T03:27:05Z
batch_0005,order_00012426,order_00012034,ETH-USD,1941.72,146,2026-01-01T03:27:05Z
batch_0005,order_00009420,order_00012034,ETH-USD,1941.72,372,2026-01-01T03:20:33Z
batch_0005,order_00010141,order_00012034,ETH-USD,1941.72,84,2026-01-01T03:20:33Z
batch_0005,order_00014868,order_00012034,ETH-USD,1941.72,359,2026-01-01T04:07:47Z
batch_0005,order_00014868,order_00011477,ETH-USD,1941.77,21,2026-01-01T04:07:47Z
batch_0005,order_00015645,order_00011477,ETH-USD,1941.77,380,2026-01-01T04:20:44Z
batch_0005,order_00015645,order_00009800,ETH-USD,1942.01,111,2026-01-01T04:20:44Z
batch_0005,order_00016030,order_00009800,ETH-USD,1942.01,490,2026-01-01T04:27:09Z
batch_0005,order_00016030,order_00014375,ETH-USD,1942.08,54,2026-01-01T04:27:09Z
batch_0005,order_00012950,order_00014375,ETH-USD,1942.08,316,2026-01-01T03:59:34Z
batch_0005,order_00012950,order_00011055,ETH-USD,1942.22,107,2026-01-01T03:35:49Z
batch_0005,order_00014287,order_00011055,ETH-USD,1942.22,248,2026-01-01T03:58:06Z
batch_0005,order_00011391,order_00011055,ETH-USD,1942.22,158,2026-01-01T03:09:50Z
batch_0005,order_00011391,order_00009445,ETH-USD,1942.27,403,2026-01-01T03:09:50Z
batch_0005,order_00013405,order_00009445,ETH-USD,1942.27,300,2026-01-01T03:43:24Z
batch_0005,order_00013405,order_00013802,ETH-USD,1942.38,402,2026-01-01T03:50:01Z
batch_0005,order_00015232,order_00013802,ETH-USD,1942.38,116,2026-01-01T04:13:51Z
batch_0005,order_00007673,order_00013802,ETH-USD,1942.38,293,2026-01-01T03:50:01Z
batch_0005,order_00014961,order_00013802,ETH-USD,1942.38,9,2026-01-01T04:09:20Z
batch_0005,order_00014961,order_00014703,ETH-USD,1942.39,263,2026-01-01T04:09:20Z
batch_0005,order_00014961,order_00012580,ETH-USD,1942.45,151,2026-01-01T04:09:20Z
batch_0005,order_00015415,order_00012580,ETH-USD,1942.45,589,2026-01-01T04:16:54Z
batch_0005,order_00009701,order_00012580,ETH-USD,1942.45,197,2026-01-01T03:29:39Z
batch_0005,order_00009701,order_00014192,ETH-USD,1942.47,666,2026-01-01T03:56:31Z
batch_0005,order_00010407,order_00014192,ETH-USD,1942.47,134,2026-01-01T03:56:31Z
batch_0005,order_00010407,order_00007022,ETH-USD,1942.69,537,2026-01-01T02:53:26Z
batch_0005,order_00014465,order_00007022,ETH-USD,1942.69,50,2026-01-01T04:01:04Z
batch_0005,order_00014465,order_00011258,ETH-USD,1942.73,325,2026-01-01T04:01:04Z
batch_0005,order_00014465,order_00011418,ETH-USD,1942.76,304,2026-01-01T04:01:04Z
batch_0005,order_00014465,order_00011799,ETH-USD,1942.79,33,2026-01-01T04:01:04Z
batch_0005,order_00015541,order_00011799,ETH-USD,1942.79,234,2026-01-01T04:19:00Z
batch_0005,order_00015541,order_00008134,ETH-USD,1942.97,683,2026-01-01T04:19:00Z
batch_0005,order_00015490,order_00008134,ETH-USD,1942.97,131,2026-01-01T04:18:09Z
batch_0005,order_00014608,order_00008134,ETH-USD,1942.97,159,2026-01-01T04:03:27Z
batch_0005,order_00014608,order_00014624,ETH-USD,1943.04,298,2026-01-01T04:03:43Z
batch_0005,order_00014608,order_00015451,ETH-USD,1943.05,167,2026-01-01T04:17:30Z
batch_0005,order_00012553,order_00015451,ETH-USD,1943.05,101,2026-01-01T04:17:30Z
batch_0005,order_00012553,order_00012391,ETH-USD,1943.07,137,2026-01-01T03:29:12Z
batch_0005,order_00012071,order_00012391,ETH-USD,1943.07,16,2026-01-01T03:26:30Z
batch_0005,order_00012071,order_00010484,ETH-USD,1943.11,723,2026-01-01T03:21:10Z
batch_0005,order_00013393,order_00010484,ETH-USD,1943.11,206,2026-01-01T03:43:12Z
batch_0005,order_00013393,order_00007048,ETH-USD,1943.23,192,2026-01-01T03:43:12Z
batch_0005,order_00012830,order_00007048,ETH-USD,1943.23,163,2026-01-01T03:33:49Z
batch_0005,order_00015175,order_00007048,ETH-USD,1943.23,145,2026-01-01T04:12:54Z
batch_0005,order_00015175,order_00009186,ETH-USD,1943.24,158,2026-01-01T04:12:54Z
batch_0005,order_00015175,order_00013202,ETH-USD,1943.29,481,2026-01-01T04:12:54Z
batch_0005,order_00015175,order_00007317,ETH-USD,1943.32,122,2026-01-01T04:12:54Z
batch_0005,order_00009174,order_00007317,ETH-USD,1943.32,720,2026-01-01T02:32:53Z
batch_0005,order_00009174,order_00008075,ETH-USD,1943.36,164,2026-01-01T02:32:53Z
batch_0005,order_00011538,order_00008075,ETH-USD,1943.36,439,2026-01-01T03:12:17Z
batch_0005,order_00011538,order_00012311,ETH-USD,1943.78,266,2026-01-01T03:25:10Z
batch_0005,order_00011174,order_00012311,ETH-USD,1943.78,196,2026-01-01T03:25:10Z
batch_0005,order_00011174,order_00011772,ETH-USD,1943.92,748,2026-01-01T03:16:11Z
batch_0005,order_00010421,order_00011772,ETH-USD,1943.92,27,2026-01-01T03:16:11Z
batch_0005,order_00010421,order_00009590,ETH-USD,1943.96,499,2026-01-01T02:53:40Z
batch_0005,order_00014508,order_00009590,ETH-USD,1943.96,70,2026-01-01T04:01:47Z
batch_0005,order_00014508,order_00015717,ETH-USD,1944.05,132,2026-01-01T04:21:56Z
batch_0005,order_00014508,order_00014034,ETH-USD,1944.15,2,2026-01-01T04:01:47Z
batch_0005,order_00014508,order_00008877,ETH-USD,1944.18,702,2026-01-01T04:01:47Z
batch_0005,order_00007851,order_00008877,ETH-USD,1944.18,67,2026-01-01T02:27:56Z
batch_0005,order_00012092,order_00008877,ETH-USD,1944.18,43,2026-01-01T03:21:31Z
batch_0005,order_00012092,order_00010516,ETH-USD,1944.24,67,2026-01-01T03:21:31Z
batch_0005,order_00016426,order_00010516,ETH-USD,1944.24,413,2026-01-01T04:33:45Z
batch_0005,order_00016426,order_00014472,ETH-USD,1944.29,404,2026-01-01T04:33:45Z
batch_0005,order_00014649,order_00014472,ETH-USD,1944.29,571,2026-01-01T04:04:08Z
batch_0005,order_00014649,order_00010394,ETH-USD,1944.48,70,2026-01-01T04:04:08Z
batch_0005,order_00014649,order_00013170,ETH-USD,1944.51,305,2026-01-01T04:04:08Z
batch_0005,order_00012419,order_00013170,ETH-USD,1944.51,316,2026-01-01T03:39:29Z
batch_0005,order_00012419,order_00016238,ETH-USD,1944.52,66,2026-01-01T04:30:37Z
batch_0005,order_00010657,order_00016238,ETH-USD,1944.52,373,2026-01-01T04:30:37Z
batch_0005,order_00010657,order_00009646,ETH-USD,1944.57,331,2026-01-01T02:57:36Z
batch_0005,order_00011177,order_00009646,ETH-USD,1944.57,308,2026-01-01T03:06:16Z
batch_0005,order_00009101,order_00009646,ETH-USD,1944.57,183,2026-01-01T02:40:45Z
batch_0005,order_00006877,order_00009646,ETH-USD,1944.57,126,2026-01-01T02:40:45Z
batch_0005,order_00006877,order_00006943,ETH-USD,1944.73,329,2026-01-01T01:55:42Z
batch_0005,order_00015839,order_00006943,ETH-USD,1944.73,515,2026-01-01T04:23:58Z
batch_0005,order_00015839,order_00010119,ETH-USD,1944.73,342,2026-01-01T04:23:58Z
batch_0005,order_00012639,order_00010119,ETH-USD,1944.73,526,2026-01-01T03:30:38Z
batch_0005,order_00011512,order_00010119,ETH-USD,1944.73,117,2026-01-01T03:11:51Z
batch_0005,order_00011512,order_00010518,ETH-USD,1944.73,136,2026-01-01T03:11:51Z
batch_0005,order_00008676,order_00010518,ETH-USD,1944.73,25,2026-01-01T02:55:17Z
batch_0005,order_00007838,order_00010518,ETH-USD,1944.73,198,2026-01-01T02:55:17Z
batch_0005,order_00008916,order_00010518,ETH-USD,1944.73,209,2026-01-01T02:55:17Z
batch_0005,order_00008916,order_00012486,ETH-USD,1944.77,84,2026-01-01T03:28:05Z
batch_0005,order_00010578,order_00012486,ETH-USD,1944.77,394,2026-01-01T03:28:05Z
batch_0005,order_00010578,order_00012379,ETH-USD,1944.95,114,2026-01-01T03:26:18Z
batch_0005,order_00010578,order_00011601,ETH-USD,1944.96,422,2026-01-01T03:13:20Z
batch_0005,order_00013492,order_00011601,ETH-USD,1944.96,138,2026-01-01T03:44:51Z
batch_0005,order_00008172,order_00011601,ETH-USD,1944.96,220,2026-01-01T03:13:20Z
batch_0005,order_00008380,order_00011601,ETH-USD,1944.96,125,2026-01-01T03:13:20Z
batch_0005,order_00008380,order_00010890,ETH-USD,1945.01,386,2026-01-01T03:01:29Z
batch_0005,order_00014069,order_00010890,ETH-USD,1945.01,341,2026-01-01T03:54:28Z
batch_0005,order_00011319,order_00010890,ETH-USD,1945.01,222,2026-01-01T03:08:38Z
batch_0005,order_00011319,order_00010601,ETH-USD,1945.05,39,2026-01-01T03:08:38Z
batch_0005,order_00010425,order_00010601,ETH-USD,1945.05,304,2026-01-01T02:56:40Z
batch_0005,order_00007685,order_00010601,ETH-USD,1945.05,464,2026-01-01T02:56:40Z
batch_0005,order_00007685,order_00009679,ETH-USD,1945.23,376,2026-01-01T02:41:18Z
batch_0005,order_00010272,order_00009679,ETH-USD,1945.23,558,2026-01-01T02:51:11Z
batch_0005,order_00010272,order_00009300,ETH-USD,1945.3,217,2026-01-01T02:51:11Z
batch_0005,order_00010854,order_00009300,ETH-USD,1945.3,252,2026-01-01T03:00:53Z
batch_0005,order_00010854,order_00012380,ETH-USD,1945.42,222,2026-01-01T03:26:19Z
batch_0005,order_00011939,order_00012380,ETH-USD,1945.42,542,2026-01-01T03:26:19Z
batch_0005,order_00011939,order_00015557,ETH-USD,1945.46,366,2026-01-01T04:19:16Z
batch_0005,order_00015344,order_00015557,ETH-USD,1945.46,358,2026-01-01T04:19:16Z
batch_0005,order_00012283,order_00015557,ETH-USD,1945.46,28,2026-01-01T04:19:16Z
batch_0005,order_00012283,order_00012066,ETH-USD,1945.65,427,2026-01-01T03:24:42Z
batch_0005,order_00015678,order_00012066,ETH-USD,1945.65,162,2026-01-01T04:21:17Z
batch_0005,order_00015678,order_00014546,ETH-USD,1945.66,392,2026-01-01T04:21:17Z
batch_0005,order_00013421,order_00014546,ETH-USD,1945.66,22,2026-01-01T04:02:25Z
batch_0005,order_00012946,order_00014546,ETH-USD,1945.66,283,2026-01-01T04:02:25Z
batch_0005,order_00012946,order_00011421,ETH-USD,1945.67,9,2026-01-01T03:35:45Z
batch_0005,order_00012946,order_00008216,ETH-USD,1945.68,352,2026-01-01T03:35:45Z
batch_0005,order_00014179,order_00008216,ETH-USD,1945.68,472,2026-01-01T03:56:18Z
batch_0005,order_00014179,order_00012895,ETH-USD,1945.78,290,2026-01-01T03:56:18Z
batch_0005,order_00014179,order_00013451,ETH-USD,1945.84,169,2026-01-01T03:56:18Z
batch_0005,order_00013526,order_00013451,ETH-USD,1945.84,733,2026-01-01T03:45:25Z
batch_0005,order_00013526,order_00013059,ETH-USD,1946.02,190,2026-01-01T03:45:25Z
batch_0005,order_00013526,order_00008536,ETH-USD,1946.18,7,2026-01-01T03:45:25Z
batch_0005,order_00012528,order_00008536,ETH-USD,1946.18,808,2026-01-01T03:28:47Z
batch_0005,order_00012528,order_00012180,ETH-USD,1946.19,77,2026-01-01T03:28:47Z
batch_0005,order_00012062,order_00012180,ETH-USD,1946.19,213,2026-01-01T03:22:59Z
batch_0005,order_00012062,order_00009424,ETH-USD,1946.3,513,2026-01-01T03:21:01Z
batch_0005,order_00016088,order_00009424,ETH-USD,1946.3,165,2026-01-01T04:28:07Z
batch_0005,order_00016088,order_00007009,ETH-USD,1946.42,280,2026-01-01T04:28:07Z
batch_0005,order_00009008,order_00007009,ETH-USD,1946.42,231,2026-01-01T02:30:07Z
batch_0005,order_00009008,order_00009157,ETH-USD,1946.76,124,2026-01-01T02:32:36Z
batch_0005,order_00009824,order_00009157,ETH-USD,1946.76,482,2026-01-01T02:43:43Z
batch_0005,order_00014552,order_00009157,ETH-USD,1946.76,122,2026-01-01T04:02:31Z
batch_0005,order_00014552,order_00009131,ETH-USD,1946.79,215,2026-01-01T04:02:31Z
batch_0005,order_00014055,order_00009131,ETH-USD,1946.79,607,2026-01-01T03:54:14Z
batch_0005,order_00006726,order_00009131,ETH-USD,1946.79,97,2026-01-01T02:32:10Z
batch_0005,order_00006726,order_00011347,ETH-USD,1946.81,522,2026-01-01T03:09:06Z
batch_0005,order_00006726,order_00013126,ETH-USD,1946.86,98,2026-01-01T03:38:45Z
batch_0005,order_00008711,order_00013126,ETH-USD,1946.86,716,2026-01-01T03:38:45Z
batch_0005,order_00008711,order_00009837,ETH-USD,1947.13,213,2026-01-01T02:43:56Z
batch_0005,order_00015077,order_00009837,ETH-USD,1947.13,531,2026-01-01T04:11:16Z
batch_0005,order_00015452,order_00009837,ETH-USD,1947.13,93,2026-01-01T04:17:31Z
batch_0005,order_00015452,order_00009403,ETH-USD,1947.2,532,2026-01-01T04:17:31Z
batch_0005,order_00015967,order_00009403,ETH-USD,1947.2,80,2026-01-01T04:26:06Z
batch_0005,order_00007381,order_00009403,ETH-USD,1947.2,23,2026-01-01T02:36:42Z
batch_0005,order_00011497,order_00009403,ETH-USD,1947.2,34,2026-01-01T03:11:36Z
batch_0005,order_00011497,order_00015215,ETH-USD,1947.22,357,2026-01-01T04:13:34Z
batch_0005,order_00012262,order_00015215,ETH-USD,1947.22,188,2026-01-01T04:13:34Z
batch_0005,order_00012262,order_00012168,ETH-USD,1947.25,121,2026-01-01T03:24:21Z
batch_0005,order_00012262,order_00011539,ETH-USD,1947.4,253,2026-01-01T03:24:21Z
batch_0005,order_00012262,order_00010323,ETH-USD,1947.5,64,2026-01-01T03:24:21Z
batch_0005,order_00008260,order_00010323,ETH-USD,1947.5,576,2026-01-01T02:52:02Z
batch_0005,order_00008260,order_00015465,ETH-USD,1947.66,27,2026-01-01T04:17:44Z
batch_0005,order_00014295,order_00015465,ETH-USD,1947.66,395,2026-01-01T04:17:44Z
batch_0005,order_00010187,order_00015465,ETH-USD,1947.66,336,2026-01-01T04:17:44Z
batch_0005,order_00010400,order_00015465,ETH-USD,1947.66,106,2026-01-01T04:17:44Z
batch_0005,order_00010400,order_00011697,ETH-USD,1947.68,28,2026-01-01T03:14:56Z
batch_0005,order_00010324,order_00011697,ETH-USD,1947.68,428,2026-01-01T03:14:56Z
batch_0005,order_00010324,order_00009372,ETH-USD,1947.81,303,2026-01-01T02:52:03Z
batch_0005,order_00010324,order_00010041,ETH-USD,1947.82,141,2026-01-01T02:52:03Z
batch_0005,order_00009342,order_00010041,ETH-USD,1947.82,11,2026-01-01T02:47:20Z
batch_0005,order_00010037,order_00010041,ETH-USD,1947.82,64,2026-01-01T02:47:20Z
batch_0005,order_00010037,order_00006960,ETH-USD,1947.84,19,2026-01-01T02:47:16Z
batch_0005,order_00014944,order_00006960,ETH-USD,1947.84,291,2026-01-01T04:09:03Z
batch_0005,order_00014944,order_00014035,ETH-USD,1947.88,129,2026-01-01T04:09:03Z
batch_0005,order_00014944,order_00012961,ETH-USD,1947.99,392,2026-01-01T04:09:03Z
batch_0005,order_00015881,order_00012961,ETH-USD,1947.99,112,2026-01-01T04:24:40Z
batch_0005,order_00015881,order_00006670,ETH-USD,1948.01,376,2026-01-01T04:24:40Z
batch_0005,order_00007815,order_00006670,ETH-USD,1948.01,502,2026-01-01T02:10:14Z
batch_0005,order_00007815,order_00014204,ETH-USD,1948.03,121,2026-01-01T03:56:43Z
batch_0005,order_00007815,order_00012223,ETH-USD,1948.08,136,2026-01-01T03:23:42Z
batch_0005,order_00007815,order_00006774,ETH-USD,1948.4,9,2026-01-01T02:10:14Z
batch_0005,order_00009862,order_00006774,ETH-USD,1948.4,34,2026-01-01T02:44:21Z
batch_0005,order_00016272,order_00006774,ETH-USD,1948.4,356,2026-01-01T04:31:11Z
batch_0005,order_00012473,order_00006774,ETH-USD,1948.4,28,2026-01-01T03:27:52Z
batch_0005,order_00015812,order_00006774,ETH-USD,1948.4,276,2026-01-01T04:23:31Z
batch_0005,order_00015812,order_00008545,ETH-USD,1948.47,57,2026-01-01T04:23:31Z
batch_0005,order_00007912,order_00008545,ETH-USD,1948.47,54,2026-01-01T02:22:24Z
batch_0005,order_00007912,order_00013100,ETH-USD,1948.61,772,2026-01-01T03:38:19Z
batch_0005,order_00009027,order_00013100,ETH-USD,1948.61,81,2026-01-01T03:38:19Z
batch_0005,order_00009027,order_00013565,ETH-USD,1948.75,319,2026-01-01T03:46:04Z
batch_0005,order_00009027,order_00013756,ETH-USD,1948.77,10,2026-01-01T03:49:15Z
batch_0005,order_00009027,order_00007275,ETH-USD,1948.83,531,2026-01-01T02:30:26Z
batch_0005,order_00012621,order_00007275,ETH-USD,1948.83,273,2026-01-01T03:30:20Z
batch_0005,order_00012621,order_00009647,ETH-USD,1948.91,64,2026-01-01T03:30:20Z
batch_0005,order_00014588,order_00009647,ETH-USD,1948.91,663,2026-01-01T04:03:07Z
batch_0005,order_00014588,order_00015345,ETH-USD,1949.04,318,2026-01-01T04:15:44Z
batch_0005,order_00016259,order_00015345,ETH-USD,1949.04,342,2026-01-01T04:30:58Z
batch_0005,order_00016259,order_00006632,ETH-USD,1949.13,133,2026-01-01T04:30:58Z
batch_0005,order_00016259,order_00007692,ETH-USD,1949.26,83,2026-01-01T04:30:58Z
batch_0005,order_00016259,order_00011582,ETH-USD,1949.26,125,2026-01-01T04:30:58Z
batch_0005,order_00011728,order_00011582,ETH-USD,1949.26,350,2026-01-01T03:15:27Z
batch_0005,order_00011728,order_00015866,ETH-USD,1949.45,352,2026-01-01T04:24:25Z
batch_0005,order_00011728,order_00015801,ETH-USD,1949.46,266,2026-01-01T04:23:20Z
batch_0005,order_00014288,order_00015801,ETH-USD,1949.46,288,2026-01-01T04:23:20Z
batch_0005,order_00014288,order_00010045,ETH-USD,1949.56,410,2026-01-01T03:58:07Z
batch_0005,order_00012678,order_00010045,ETH-USD,1949.56,79,2026-01-01T03:31:17Z
batch_0005,order_00012678,order_00007078,ETH-USD,1949.59,591,2026-01-01T03:31:17Z
batch_0005,order_00008190,order_00007078,ETH-USD,1949.59,196,2026-01-01T02:16:29Z
batch_0005,order_00014082,order_00007078,ETH-USD,1949.59,37,2026-01-01T03:54:41Z
batch_0005,order_00014082,order_00016414,ETH-USD,1949.66,179,2026-01-01T04:33:33Z
batch_0005,order_00015563,order_00016414,ETH-USD,1949.66,463,2026-01-01T04:33:33Z
batch_0005,order_00016362,order_00016414,ETH-USD,1949.66,304,2026-01-01T04:33:33Z
batch_0005,order_00016362,order_00007931,ETH-USD,1949.73,223,2026-01-01T04:32:41Z
batch_0005,order_00007205,order_00007931,ETH-USD,1949.73,657,2026-01-01T02:12:10Z
batch_0005,order_00007205,order_00016347,ETH-USD,1950.15,58,2026-01-01T04:32:26Z
batch_0005,order_00007205,order_00012679,ETH-USD,1950.24,237,2026-01-01T03:31:18Z
batch_0005,order_00009234,order_00012679,ETH-USD,1950.24,342,2026-01-01T03:31:18Z
batch_0005,order_00009234,order_00015318,ETH-USD,1950.3,187,2026-01-01T04:15:17Z
batch_0005,order_00014562,order_00015318,ETH-USD,1950.3,517,2026-01-01T04:15:17Z
batch_0005,order_00014562,order_00012336,ETH-USD,1950.41,264,2026-01-01T04:02:41Z
batch_0005,order_00009382,order_00012336,ETH-USD,1950.41,77,2026-01-01T03:25:35Z
batch_0005,order_00009382,order_00007904,ETH-USD,1950.56,774,2026-01-01T02:36:21Z
batch_0005,order_00009382,order_00008422,ETH-USD,1950.56,82,2026-01-01T02:36:21Z
batch_0005,order_00008502,order_00008422,ETH-USD,1950.56,322,2026-01-01T02:21:41Z
batch_0005,order_00009776,order_00008422,ETH-USD,1950.56,134,2026-01-01T02:42:55Z
batch_0005,order_00012334,order_00008422,ETH-USD,1950.56,350,2026-01-01T03:25:33Z
batch_0005,order_00012334,order_00011459,ETH-USD,1950.66,147,2026-01-01T03:25:33Z
batch_0005,order_00009659,order_00011459,ETH-USD,1950.66,201,2026-01-01T03:10:58Z
batch_0005,order_00009659,order_00011175,ETH-USD,1950.73,353,2026-01-01T03:06:14Z
batch_0005,order_00009659,order_00009032,ETH-USD,1950.75,69,2026-01-01T02:40:58Z
batch_0005,order_00010208,order_00009032,ETH-USD,1950.75,189,2026-01-01T02:50:07Z
batch_0005,order_00010208,order_00014430,ETH-USD,1950.81,125,2026-01-01T04:00:29Z
batch_0005,order_00007434,order_00014430,ETH-USD,1950.81,536,2026-01-01T04:00:29Z
batch_0005,order_00007434,order_00012842,ETH-USD,1951.08,383,2026-01-01T03:34:01Z
batch_0005,order_00016004,order_00012842,ETH-USD,1951.08,73,2026-01-01T04:26:43Z
batch_0005,order_00008563,order_00012842,ETH-USD,1951.08,293,2026-01-01T03:34:01Z
batch_0005,order_00008563,order_00009691,ETH-USD,1951.4,242,2026-01-01T02:41:30Z
batch_0005,order_00007870,order_00009691,ETH-USD,1951.4,271,2026-01-01T02:41:30Z
batch_0005,order_00007870,order_00009986,ETH-USD,1951.44,465,2026-01-01T02:46:25Z
batch_0005,order_00007870,order_00014715,ETH-USD,1951.56,191,2026-01-01T04:05:14Z
batch_0005,order_00012754,order_00014715,ETH-USD,1951.56,101,2026-01-01T04:05:14Z
batch_0005,order_00009527,order_00014715,ETH-USD,1951.56,14,2026-01-01T04:05:14Z
batch_0005,order_00009527,order_00010298,ETH-USD,1951.58,386,2026-01-01T02:51:37Z
batch_0005,order_00006819,order_00010298,ETH-USD,1951.58,73,2026-01-01T02:51:37Z
batch_0005,order_00007700,order_00010298,ETH-USD,1951.58,9,2026-01-01T02:51:37Z
batch_0005,order_00009254,order_00010298,ETH-USD,1951.58,238,2026-01-01T02:51:37Z
batch_0005,order_00009254,order_00010309,ETH-USD,1951.67,29,2026-01-01T02:51:48Z
batch_0005,order_00009254,order_00015927,ETH-USD,1951.76,118,2026-01-01T04:25:26Z
batch_0005,order_00009254,order_00012476,ETH-USD,1951.81,349,2026-01-01T03:27:55Z
batch_0005,order_00008675,order_00012476,ETH-USD,1951.81,130,2026-01-01T03:27:55Z
batch_0005,order_00009987,order_00012476,ETH-USD,1951.81,364,2026-01-01T03:27:55Z
batch_0005,order_00010768,order_00012476,ETH-USD,1951.81,109,2026-01-01T03:27:55Z
batch_0005,order_00010768,order_00014172,ETH-USD,1951.9,568,2026-01-01T03:56:11Z
batch_0005,order_00008863,order_00014172,ETH-USD,1951.9,317,2026-01-01T03:56:11Z
batch_0005,order_00008863,order_00007484,ETH-USD,1951.94,285,2026-01-01T02:27:42Z
batch_0005,order_00012716,order_00007484,ETH-USD,1951.94,406,2026-01-01T03:31:55Z
batch_0005,order_00012716,order_00013723,ETH-USD,1952.4,1,2026-01-01T03:48:42Z
batch_0005,order_00014020,order_00013723,ETH-USD,1952.4,789,2026-01-01T03:53:39Z
batch_0005,order_00014020,order_00009777,ETH-USD,1952.44,12,2026-01-01T03:53:39Z
batch_0005,order_00014202,order_00009777,ETH-USD,1952.44,115,2026-01-01T03:56:41Z
batch_0005,order_00014956,order_00009777,ETH-USD,1952.44,285,2026-01-01T04:09:15Z
batch_0005,order_00014956,order_00012841,ETH-USD,1952.45,73,2026-01-01T04:09:15Z
batch_0005,order_00014956,order_00012042,ETH-USD,1952.49,604,2026-01-01T04:09:15Z
batch_0005,order_00006804,order_00012042,ETH-USD,1952.49,27,2026-01-01T03:20:41Z
batch_0005,order_00013567,order_00012042,ETH-USD,1952.49,178,2026-01-01T03:46:06Z
batch_0005,order_00013567,order_00010165,ETH-USD,1952.53,260,2026-01-01T03:46:06Z
batch_0005,order_00011324,order_00010165,ETH-USD,1952.53,70,2026-01-01T03:08:43Z
batch_0005,order_00015653,order_00010165,ETH-USD,1952.53,600,2026-01-01T04:20:52Z
batch_0005,order_00015653,order_00009672,ETH-USD,1952.57,28,2026-01-01T04:20:52Z
batch_0005,order_00015653,order_00010039,ETH-USD,1952.61,153,2026-01-01T04:20:52Z
batch_0005,order_00015653,order_00010937,ETH-USD,1952.73,97,2026-01-01T04:20:52Z
batch_0005,order_00012452,order_00010937,ETH-USD,1952.73,47,2026-01-01T03:27:31Z
batch_0005,order_00012452,order_00008432,ETH-USD,1952.78,162,2026-01-01T03:27:31Z
batch_0005,order_00013422,order_00008432,ETH-USD,1952.78,134,2026-01-01T03:43:41Z
batch_0005,order_00007469,order_00008432,ETH-USD,1952.78,120,2026-01-01T02:20:31Z
batch_0005,order_00007469,order_00008294,ETH-USD,1952.79,679,2026-01-01T02:18:13Z
batch_0005,order_00015979,order_00008294,ETH-USD,1952.79,37,2026-01-01T04:26:18Z
batch_0005,order_00015979,order_00016101,ETH-USD,1952.82,313,2026-01-01T04:28:20Z
batch_0005,order_00008708,order_00016101,ETH-USD,1952.82,670,2026-01-01T04:28:20Z
batch_0005,order_00008708,order_00009957,ETH-USD,1953.23,240,2026-01-01T02:45:56Z
batch_0005,order_00010691,order_00009957,ETH-USD,1953.23,506,2026-01-01T02:58:10Z
batch_0005,order_00015210,order_00009957,ETH-USD,1953.23,124,2026-01-01T04:13:29Z
batch_0005,order_00015210,order_00010758,ETH-USD,1953.34,155,2026-01-01T04:13:29Z
batch_0005,order_00014051,order_00010758,ETH-USD,1953.34,442,2026-01-01T03:54:10Z
batch_0005,order_00015138,order_00010758,ETH-USD,1953.34,274,2026-01-01T04:12:17Z
batch_0005,order_00015138,order_00013938,ETH-USD,1953.52,712,2026-01-01T04:12:17Z
batch_0005,order_00007793,order_00013938,ETH-USD,1953.52,127,2026-01-01T03:52:17Z
batch_0005,order_00007793,order_00016451,ETH-USD,1953.6,41,2026-01-01T04:34:10Z
batch_0005,order_00015852,order_00016451,ETH-USD,1953.6,347,2026-01-01T04:34:10Z
batch_0005,order_00015852,order_00007038,ETH-USD,1953.79,600,2026-01-01T04:24:11Z
batch_0005,order_00015852,order_00012737,ETH-USD,1953.86,35,2026-01-01T04:24:11Z
batch_0005,order_00014639,order_00012737,ETH-USD,1953.86,187,2026-01-01T04:03:58Z
batch_0005,order_00014639,order_00013014,ETH-USD,1953.86,455,2026-01-01T04:03:58Z
batch_0005,order_00014639,order_00007587,ETH-USD,1953.96,227,2026-01-01T04:03:58Z
batch_0005,order_00014652,order_00007587,ETH-USD,1953.96,268,2026-01-01T04:04:11Z
batch_0005,order_00010868,order_00007587,ETH-USD,1953.96,432,2026-01-01T03:01:07Z
batch_0005,order_00010868,order_00013976,ETH-USD,1954.04,409,2026-01-01T03:52:55Z
batch_0005,order_00006735,order_00013976,ETH-USD,1954.04,71,2026-01-01T03:52:55Z
batch_0005,order_00006735,order_00008003,ETH-USD,1954.07,161,2026-01-01T02:13:22Z
batch_0005,order_00009705,order_00008003,ETH-USD,1954.07,174,2026-01-01T02:41:44Z
batch_0005,order_00016338,order_00008003,ETH-USD,1954.07,91,2026-01-01T04:32:17Z
batch_0005,order_00007040,order_00008003,ETH-USD,1954.07,127,2026-01-01T02:13:22Z
batch_0005,order_00007326,order_00008003,ETH-USD,1954.07,334,2026-01-01T02:13:22Z
batch_0005,order_00007326,order_00007908,ETH-USD,1954.15,660,2026-01-01T02:11:47Z
batch_0005,order_00006875,order_00007908,ETH-USD,1954.15,28,2026-01-01T02:11:47Z
batch_0005,order_00006875,order_00014119,ETH-USD,1954.52,561,2026-01-01T03:55:18Z
batch_0005,order_00008905,order_00014119,ETH-USD,1954.52,166,2026-01-01T03:55:18Z
batch_0005,order_00008905,order_00010676,ETH-USD,1954.53,281,2026-01-01T02:57:55Z
batch_0005,order_00011295,order_00010676,ETH-USD,1954.53,285,2026-01-01T03:08:14Z
batch_0005,order_00010915,order_00010676,ETH-USD,1954.53,196,2026-01-01T03:01:54Z
batch_0005,order_00010915,order_00011063,ETH-USD,1954.69,344,2026-01-01T03:04:22Z
batch_0005,order_00009932,order_00011063,ETH-USD,1954.69,425,2026-01-01T03:04:22Z
batch_0005,order_00009932,order_00009504,ETH-USD,1954.76,208,2026-01-01T02:45:31Z
batch_0005,order_00016058,order_00009504,ETH-USD,1954.76,360,2026-01-01T04:27:37Z
batch_0005,order_00010047,order_00009504,ETH-USD,1954.76,140,2026-01-01T02:47:26Z
batch_0005,order_00011498,order_00009504,ETH-USD,1954.76,13,2026-01-01T03:11:37Z
batch_0005,order_00011498,order_00013450,ETH-USD,1954.76,122,2026-01-01T03:44:09Z
batch_0005,order_00011498,order_00013142,ETH-USD,1954.83,803,2026-01-01T03:39:01Z
batch_0005,order_00011096,order_00013142,ETH-USD,1954.83,34,2026-01-01T03:39:01Z
batch_0005,order_00011096,order_00012492,ETH-USD,1954.88,588,2026-01-01T03:28:11Z
batch_0005,order_00011096,order_00015964,ETH-USD,1955.08,122,2026-01-01T04:26:03Z
batch_0005,order_00015480,order_00015964,ETH-USD,1955.08,611,2026-01-01T04:26:03Z
batch_0005,order_00015480,order_00015262,ETH-USD,1955.17,51,2026-01-01T04:17:59Z
batch_0005,order_00007214,order_00015262,ETH-USD,1955.17,93,2026-01-01T04:14:21Z
batch_0005,order_00007214,order_00011229,ETH-USD,1955.28,101,2026-01-01T03:07:08Z
batch_0005,order_00007214,order_00013776,ETH-USD,1955.31,227,2026-01-01T03:49:35Z
batch_0005,order_00010759,order_00013776,ETH-USD,1955.31,326,2026-01-01T03:49:35Z
batch_0005,order_00010759,order_00014784,ETH-USD,1955.36,307,2026-01-01T04:06:23Z
batch_0005,order_00009732,order_00014784,ETH-USD,1955.36,580,2026-01-01T04:06:23Z
batch_0005,order_00009732,order_00007215,ETH-USD,1955.41,190,2026-01-01T02:42:11Z
batch_0005,order_00009732,order_00008721,ETH-USD,1955.46,125,2026-01-01T02:42:11Z
batch_0005,order_00013274,order_00008721,ETH-USD,1955.46,783,2026-01-01T03:41:13Z
batch_0005,order_00012854,order_00008721,ETH-USD,1955.46,24,2026-01-01T03:34:13Z
batch_0005,order_00012854,order_00010453,ETH-USD,1955.59,206,2026-01-01T03:34:13Z
batch_0005,order_00012854,order_00007788,ETH-USD,1955.61,60,2026-01-01T03:34:13Z
batch_0005,order_00015624,order_00007788,ETH-USD,1955.61,58,2026-01-01T04:20:23Z
batch_0005,order_00015624,order_00013470,ETH-USD,1955.62,676,2026-01-01T04:20:23Z
batch_0005,order_00010839,order_00013470,ETH-USD,1955.62,107,2026-01-01T03:44:29Z
batch_0005,order_00010839,order_00011128,ETH-USD,1955.68,480,2026-01-01T03:05:27Z
batch_0005,order_00010839,order_00014541,ETH-USD,1955.68,299,2026-01-01T04:02:20Z
batch_0005,order_00007691,order_00014541,ETH-USD,1955.68,292,2026-01-01T04:02:20Z
batch_0005,order_00007691,order_00010869,ETH-USD,1955.98,214,2026-01-01T03:01:08Z
batch_0005,order_00007691,order_00015683,ETH-USD,1956.01,365,2026-01-01T04:21:22Z
batch_0005,order_00009728,order_00015683,ETH-USD,1956.01,115,2026-01-01T04:21:22Z
batch_0005,order_00009728,order_00008222,ETH-USD,1956.14,229,2026-01-01T02:42:07Z
batch_0005,order_00013666,order_00008222,ETH-USD,1956.14,307,2026-01-01T03:47:45Z
batch_0005,order_00013666,order_00010337,ETH-USD,1956.21,449,2026-01-01T03:47:45Z
batch_0005,order_00007574,order_00010337,ETH-USD,1956.21,131,2026-01-01T02:52:16Z
batch_0005,order_00007574,order_00006961,ETH-USD,1956.24,146,2026-01-01T02:06:13Z
batch_0005,order_00011300,order_00006961,ETH-USD,1956.24,497,2026-01-01T03:08:19Z
batch_0005,order_00011300,order_00013345,ETH-USD,1956.28,33,2026-01-01T03:42:24Z
batch_0005,order_00006811,order_00013345,ETH-USD,1956.28,753,2026-01-01T03:42:24Z
batch_0005,order_00006811,order_00007592,ETH-USD,1956.41,128,2026-01-01T02:06:31Z
batch_0005,order_00013097,order_00007592,ETH-USD,1956.41,185,2026-01-01T03:38:16Z
batch_0005,order_00013097,order_00012386,ETH-USD,1956.43,238,2026-01-01T03:38:16Z
batch_0005,order_00007157,order_00012386,ETH-USD,1956.43,202,2026-01-01T03:26:25Z
batch_0005,order_00015708,order_00012386,ETH-USD,1956.43,352,2026-01-01T04:21:47Z
batch_0005,order_00015708,order_00013828,ETH-USD,1956.43,35,2026-01-01T04:21:47Z
batch_0005,order_00015834,order_00013828,ETH-USD,1956.43,454,2026-01-01T04:23:53Z
batch_0005,order_00015834,order_00014910,ETH-USD,1956.56,428,2026-01-01T04:23:53Z
batch_0005,order_00015834,order_00008878,ETH-USD,1956.65,102,2026-01-01T04:23:53Z
batch_0005,order_00012108,order_00008878,ETH-USD,1956.65,493,2026-01-01T03:21:47Z
batch_0005,order_00014985,order_00008878,ETH-USD,1956.65,224,2026-01-01T04:09:44Z
batch_0005,order_00014985,order_00012730,ETH-USD,1956.68,428,2026-01-01T04:09:44Z
batch_0005,order_00007246,order_00012730,ETH-USD,1956.68,331,2026-01-01T03:32:09Z
batch_0005,order_00007246,order_00016581,ETH-USD,1956.73,290,2026-01-01T04:36:20Z
batch_0005,order_00007224,order_00016581,ETH-USD,1956.73,109,2026-01-01T04:36:20Z
batch_0005,order_00009611,order_00016581,ETH-USD,1956.73,346,2026-01-01T04:36:20Z
batch_0005,order_00009611,order_00012559,ETH-USD,1956.89,241,2026-01-01T03:29:18Z
batch_0005,order_00015753,order_00012559,ETH-USD,1956.89,94,2026-01-01T04:22:32Z
batch_0005,order_00015704,order_00012559,ETH-USD,1956.89,106,2026-01-01T04:21:43Z
batch_0005,order_00015704,order_00006762,ETH-USD,1956.97,755,2026-01-01T04:21:43Z
batch_0005,order_00011641,order_00006762,ETH-USD,1956.97,238,2026-01-01T03:14:00Z
batch_0005,order_00011641,order_00011265,ETH-USD,1956.99,502,2026-01-01T03:14:00Z
batch_0005,order_00012735,order_00011265,ETH-USD,1956.99,341,2026-01-01T03:32:14Z
batch_0005,order_00013487,order_00011265,ETH-USD,1956.99,51,2026-01-01T03:44:46Z
batch_0005,order_00013487,order_00009697,ETH-USD,1957.48,609,2026-01-01T03:44:46Z
batch_0005,order_00013487,order_00013806,ETH-USD,1957.49,65,2026-01-01T03:50:05Z
batch_0005,order_00011587,order_00013806,ETH-USD,1957.49,663,2026-01-01T03:50:05Z
batch_0005,order_00015694,order_00013806,ETH-USD,1957.49,147,2026-01-01T04:21:33Z
batch_0005,order_00015694,order_00010607,ETH-USD,1957.55,195,2026-01-01T04:21:33Z
batch_0005,order_00015694,order_00013207,ETH-USD,1957.77,522,2026-01-01T04:21:33Z
batch_0005,order_00012773,order_00013207,ETH-USD,1957.77,308,2026-01-01T03:40:06Z
batch_0005,order_00012773,order_00009723,ETH-USD,1957.83,48,2026-01-01T03:32:52Z
batch_0005,order_00007654,order_00009723,ETH-USD,1957.83,15,2026-01-01T02:42:02Z
batch_0005,order_00009890,order_00009723,ETH-USD,1957.83,884,2026-01-01T02:44:49Z
batch_0005,order_00009890,order_00010999,ETH-USD,1957.97,95,2026-01-01T03:03:18Z
batch_0005,order_00016374,order_00010999,ETH-USD,1957.97,288,2026-01-01T04:32:53Z
batch_0005,order_00016374,order_00016538,ETH-USD,1958.11,194,2026-01-01T04:35:37Z
batch_0005,order_00014441,order_00016538,ETH-USD,1958.11,148,2026-01-01T04:35:37Z
batch_0005,order_00014441,order_00010632,ETH-USD,1958.35,512,2026-01-01T04:00:40Z
batch_0005,order_00014441,order_00013031,ETH-USD,1958.57,179,2026-01-01T04:00:40Z
batch_0005,order_00016063,order_00013031,ETH-USD,1958.57,619,2026-01-01T04:27:42Z
batch_0005,order_00016063,order_00014100,ETH-USD,1958.58,375,2026-01-01T04:27:42Z
batch_0005,order_00014031,order_00014100,ETH-USD,1958.58,336,2026-01-01T03:54:59Z
batch_0005,order_00014031,order_00013216,ETH-USD,1958.6,258,2026-01-01T03:53:50Z
batch_0005,order_00015750,order_00013216,ETH-USD,1958.6,155,2026-01-01T04:22:29Z
batch_0005,order_00015750,order_00011469,ETH-USD,1958.62,195,2026-01-01T04:22:29Z
batch_0005,order_00015750,order_00008832,ETH-USD,1958.63,292,2026-01-01T04:22:29Z
batch_0005,order_00006711,order_00008832,ETH-USD,1958.63,215,2026-01-01T02:27:11Z
batch_0005,order_00009748,order_00008832,ETH-USD,1958.63,18,2026-01-01T02:42:27Z
batch_0005,order_00009748,order_00007158,ETH-USD,1958.74,453,2026-01-01T02:42:27Z
batch_0005,order_00009748,order_00009197,ETH-USD,1958.76,190,2026-01-01T02:42:27Z
batch_0005,order_00009940,order_00009197,ETH-USD,1958.76,563,2026-01-01T02:45:39Z
batch_0005,order_00010008,order_00009197,ETH-USD,1958.76,4,2026-01-01T02:46:47Z
batch_0005,order_00010981,order_00009197,ETH-USD,1958.76,235,2026-01-01T03:03:00Z
batch_0005,order_00010981,order_00014306,ETH-USD,1958.89,265,2026-01-01T03:58:25Z
batch_0005,order_00014299,order_00014306,ETH-USD,1958.89,85,2026-01-01T03:58:25Z
batch_0005,order_00011375,order_00014306,ETH-USD,1958.89,478,2026-01-01T03:58:25Z
batch_0005,order_00011375,order_00011910,ETH-USD,1959.12,182,2026-01-01T03:18:29Z
batch_0005,order_00011375,order_00008345,ETH-USD,1959.53,3,2026-01-01T03:09:34Z
batch_0005,order_00011375,order_00008936,ETH-USD,1959.55,159,2026-01-01T03:09:34Z
batch_0005,order_00011375,order_00009535,ETH-USD,1959.61,176,2026-01-01T03:09:34Z
batch_0005,order_00010244,order_00009535,ETH-USD,1959.61,120,2026-01-01T02:50:43Z
batch_0005,order_00014709,order_00009535,ETH-USD,1959.61,258,2026-01-01T04:05:08Z
batch_0005,order_00014709,order_00010986,ETH-USD,1959.85,6,2026-01-01T04:05:08Z
batch_0005,order_00016021,order_00010986,ETH-USD,1959.85,555,2026-01-01T04:27:00Z
batch_0005,order_00016275,order_00010986,ETH-USD,1959.85,212,2026-01-01T04:31:14Z
batch_0005,order_00016275,order_00007397,ETH-USD,1960.08,258,2026-01-01T04:31:14Z
batch_0005,order_00007967,order_00007397,ETH-USD,1960.08,242,2026-01-01T02:12:46Z
batch_0005,order_00007967,order_00012002,ETH-USD,1960.13,268,2026-01-01T03:20:01Z
batch_0005,order_00007967,order_00007818,ETH-USD,1960.18,105,2026-01-01T02:12:46Z
batch_0005,order_00011567,order_00007818,ETH-USD,1960.18,324,2026-01-01T03:12:46Z
batch_0005,order_00011567,order_00007765,ETH-USD,1960.19,8,2026-01-01T03:12:46Z
batch_0005,order_00006859,order_00007765,ETH-USD,1960.19,562,2026-01-01T02:09:24Z
batch_0005,order_00009312,order_00007765,ETH-USD,1960.19,399,2026-01-01T02:35:11Z
batch_0005,order_00009312,order_00009530,ETH-USD,1960.34,596,2026-01-01T02:38:49Z
batch_0005,order_00014292,order_00009530,ETH-USD,1960.34,50,2026-01-01T03:58:11Z
batch_0005,order_00014292,order_00010018,ETH-USD,1960.49,429,2026-01-01T03:58:11Z
batch_0005,order_00009253,order_00010018,ETH-USD,1960.49,502,2026-01-01T02:46:57Z
batch_0005,order_00009253,order_00008364,ETH-USD,1960.51,307,2026-01-01T02:34:12Z
batch_0005,order_00010494,order_00008364,ETH-USD,1960.51,267,2026-01-01T02:54:53Z
batch_0005,order_00010494,order_00010023,ETH-USD,1960.51,378,2026-01-01T02:54:53Z
batch_0005,order_00010494,order_00008944,ETH-USD,1960.57,246,2026-01-01T02:54:53Z
batch_0005,order_00013508,order_00008944,ETH-USD,1960.57,411,2026-01-01T03:45:07Z
batch_0005,order_00013508,order_00008552,ETH-USD,1960.58,326,2026-01-01T03:45:07Z
batch_0005,order_00013884,order_00008552,ETH-USD,1960.58,182,2026-01-01T03:51:23Z
batch_0005,order_00013884,order_00010322,ETH-USD,1960.59,158,2026-01-01T03:51:23Z
batch_0005,order_00011277,order_00015577,ETH-USD,1960.62,611,2026-01-01T04:19:36Z
batch_0005,order_00008674,order_00015577,ETH-USD,1960.62,94,2026-01-01T04:19:36Z
batch_0005,order_00008674,order_00007959,ETH-USD,1960.72,284,2026-01-01T02:24:33Z
batch_0005,order_00008674,order_00007226,ETH-USD,1960.76,388,2026-01-01T02:24:33Z
batch_0005,order_00007018,order_00007226,ETH-USD,1960.76,254,2026-01-01T02:00:25Z
batch_0005,order_00009451,order_00007226,ETH-USD,1960.76,298,2026-01-01T02:37:30Z
batch_0005,order_00009451,order_00012537,ETH-USD,1960.76,433,2026-01-01T03:28:56Z
batch_0005,order_00009451,order_00007877,ETH-USD,1960.79,205,2026-01-01T02:37:30Z
batch_0005,order_00012304,order_00007877,ETH-USD,1960.79,81,2026-01-01T03:25:03Z
batch_0005,order_00013792,order_00007877,ETH-USD,1960.79,375,2026-01-01T03:49:51Z
batch_0005,order_00013792,order_00011304,ETH-USD,1960.86,120,2026-01-01T03:49:51Z
batch_0005,order_00013792,order_00013469,ETH-USD,1960.94,459,2026-01-01T03:49:51Z
batch_0005,order_00011948,order_00013469,ETH-USD,1960.94,424,2026-01-01T03:44:28Z
batch_0005,order_00011948,order_00012693,ETH-USD,1960.97,390,2026-01-01T03:31:32Z
batch_0005,order_00014922,order_00012693,ETH-USD,1960.97,436,2026-01-01T04:08:41Z
batch_0005,order_00014922,order_00009196,ETH-USD,1961.04,288,2026-01-01T04:08:41Z
batch_0005,order_00014922,order_00006938,ETH-USD,1961.14,41,2026-01-01T04:08:41Z
batch_0005,order_00013845,order_00006938,ETH-USD,1961.14,95,2026-01-01T03:50:44Z
batch_0005,order_00010120,order_00006938,ETH-USD,1961.14,258,2026-01-01T02:48:39Z
batch_0005,order_00010120,order_00013773,ETH-USD,1961.26,334,2026-01-01T03:49:32Z
batch_0005,order_00016302,order_00013773,ETH-USD,1961.26,7,2026-01-01T04:31:41Z
batch_0005,order_00016302,order_00012780,ETH-USD,1961.41,791,2026-01-01T04:31:41Z
batch_0005,order_00010003,order_00012780,ETH-USD,1961.41,39,2026-01-01T03:32:59Z
batch_0005,order_00010003,order_00013180,ETH-USD,1961.47,75,2026-01-01T03:39:39Z
batch_0005,order_00011937,order_00013180,ETH-USD,1961.47,383,2026-01-01T03:39:39Z
batch_0005,order_00011937,order_00015248,ETH-USD,1961.55,48,2026-01-01T04:14:07Z
batch_0005,order_00014283,order_00015248,ETH-USD,1961.55,564,2026-01-01T04:14:07Z
batch_0005,order_00014283,order_00010293,ETH-USD,1961.58,268,2026-01-01T03:58:02Z
batch_0005,order_00014283,order_00007091,ETH-USD,1961.7,13,2026-01-01T03:58:02Z
batch_0005,order_00014283,order_00014310,ETH-USD,1961.7,112,2026-01-01T03:58:29Z
batch_0005,order_00016147,order_00014310,ETH-USD,1961.7,578,2026-01-01T04:29:06Z
batch_0005,order_00016147,order_00016422,ETH-USD,1961.75,10,2026-01-01T04:33:41Z
batch_0005,order_00016147,order_00012352,ETH-USD,1961.76,44,2026-01-01T04:29:06Z
batch_0005,order_00016297,order_00012352,ETH-USD,1961.76,37,2026-01-01T04:31:36Z
batch_0005,order_00012750,order_00012352,ETH-USD,1961.76,686,2026-01-01T03:32:29Z
batch_0005,order_00012750,order_00013037,ETH-USD,1961.84,107,2026-01-01T03:37:16Z
batch_0005,order_00012750,order_00006680,ETH-USD,1961.88,34,2026-01-01T03:32:29Z
batch_0005,order_00009271,order_00006680,ETH-USD,1961.88,473,2026-01-01T02:34:30Z
batch_0005,order_00012552,order_00006680,ETH-USD,1961.88,364,2026-01-01T03:29:11Z
batch_0005,order_00012552,order_00007872,ETH-USD,1961.94,427,2026-01-01T03:29:11Z
batch_0005,order_00010072,order_00007872,ETH-USD,1961.94,55,2026-01-01T02:47:51Z
batch_0005,order_00010072,order_00008688,ETH-USD,1961.95,874,2026-01-01T02:47:51Z
batch_0005,order_00010072,order_00007034,ETH-USD,1962.03,16,2026-01-01T02:47:51Z
batch_0005,order_00015005,order_00007034,ETH-USD,1962.03,440,2026-01-01T04:10:04Z
batch_0005,order_00010861,order_00007034,ETH-USD,1962.03,93,2026-01-01T03:01:00Z
batch_0005,order_00010861,order_00007230,ETH-USD,1962.04,270,2026-01-01T03:01:00Z
batch_0005,order_00010035,order_00007230,ETH-USD,1962.04,101,2026-01-01T02:47:14Z
batch_0005,order_00010035,order_00012789,ETH-USD,1962.16,489,2026-01-01T03:33:08Z
batch_0005,order_00010035,order_00012926,ETH-USD,1962.39,8,2026-01-01T03:35:25Z
batch_0005,order_00010035,order_00008622,ETH-USD,1962.42,21,2026-01-01T02:47:14Z
batch_0005,order_00013454,order_00008622,ETH-USD,1962.42,597,2026-01-01T03:44:13Z
batch_0005,order_00013454,order_00009660,ETH-USD,1962.42,188,2026-01-01T03:44:13Z
batch_0005,order_00010387,order_00009660,ETH-USD,1962.42,682,2026-01-01T02:53:06Z
batch_0005,order_00010387,order_00014135,ETH-USD,1962.49,83,2026-01-01T03:55:34Z
batch_0005,order_00014957,order_00014135,ETH-USD,1962.49,531,2026-01-01T04:09:16Z
batch_0005,order_00014957,order_00016585,ETH-USD,1962.52,129,2026-01-01T04:36:24Z
batch_0005,order_00016096,order_00016585,ETH-USD,1962.52,269,2026-01-01T04:36:24Z
batch_0005,order_00008994,order_00016585,ETH-USD,1962.52,331,2026-01-01T04:36:24Z
batch_0005,order_00008994,order_00013209,ETH-USD,1962.53,186,2026-01-01T03:40:08Z
batch_0005,order_00008994,order_00011797,ETH-USD,1962.79,116,2026-01-01T03:16:36Z
batch_0005,order_00008371,order_00011797,ETH-USD,1962.79,612,2026-01-01T03:16:36Z
batch_0005,order_00008371,order_00014786,ETH-USD,1962.82,71,2026-01-01T04:06:25Z
batch_0005,order_00014568,order_00014786,ETH-USD,1962.82,126,2026-01-01T04:06:25Z
batch_0005,order_00014568,order_00009511,ETH-USD,1962.83,248,2026-01-01T04:02:47Z
batch_0005,order_00010068,order_00009511,ETH-USD,1962.83,205,2026-01-01T02:47:47Z
batch_0005,order_00009262,order_00009511,ETH-USD,1962.83,374,2026-01-01T02:38:30Z
batch_0005,order_00009262,order_00014628,ETH-USD,1962.83,303,2026-01-01T04:03:47Z
batch_0005,order_00009473,order_00014628,ETH-USD,1962.83,670,2026-01-01T04:03:47Z
batch_0005,order_00009473,order_00008642,ETH-USD,1962.86,281,2026-01-01T02:37:52Z
batch_0005,order_00014326,order_00008642,ETH-USD,1962.86,467,2026-01-01T03:58:45Z
batch_0005,order_00014326,order_00008016,ETH-USD,1962.91,183,2026-01-01T03:58:45Z
batch_0005,order_00015322,order_00008016,ETH-USD,1962.91,518,2026-01-01T04:15:21Z
batch_0005,order_00011541,order_00008016,ETH-USD,1962.91,58,2026-01-01T03:12:20Z
batch_0005,order_00011541,order_00015408,ETH-USD,1962.93,335,2026-01-01T04:16:47Z
batch_0005,order_00013412,order_00015408,ETH-USD,1962.93,554,2026-01-01T04:16:47Z
batch_0005,order_00013412,order_00015416,ETH-USD,1962.93,356,2026-01-01T04:16:55Z
batch_0005,order_00013412,order_00016557,ETH-USD,1963.01,43,2026-01-01T04:35:56Z
batch_0005,order_00015068,order_00016557,ETH-USD,1963.01,394,2026-01-01T04:35:56Z
batch_0005,order_00015068,order_00013676,ETH-USD,1963.16,213,2026-01-01T04:11:07Z
batch_0005,order_00011804,order_00013676,ETH-USD,1963.16,69,2026-01-01T03:47:55Z
batch_0005,order_00011804,order_00008783,ETH-USD,1963.18,635,2026-01-01T03:16:43Z
batch_0005,order_00016380,order_00008783,ETH-USD,1963.18,59,2026-01-01T04:32:59Z
batch_0005,order_00011234,order_00008783,ETH-USD,1963.18,132,2026-01-01T03:07:13Z
batch_0005,order_00011234,order_00007701,ETH-USD,1963.23,280,2026-01-01T03:07:13Z
batch_0005,order_00011234,order_00016097,ETH-USD,1963.23,505,2026-01-01T04:28:16Z
batch_0005,order_00012680,order_00016097,ETH-USD,1963.23,101,2026-01-01T04:28:16Z
batch_0005,order_00012680,order_00015252,ETH-USD,1963.33,158,2026-01-01T04:14:11Z
batch_0005,order_00012680,order_00014686,ETH-USD,1963.4,239,2026-01-01T04:04:45Z
batch_0005,order_00012680,order_00008131,ETH-USD,1963.51,197,2026-01-01T03:31:19Z
batch_0005,order_00014239,order_00008131,ETH-USD,1963.51,161,2026-01-01T03:57:18Z
batch_0005,order_00014239,order_00010876,ETH-USD,1963.93,27,2026-01-01T03:57:18Z
batch_0005,order_00007003,order_00010876,ETH-USD,1963.93,485,2026-01-01T03:01:15Z
batch_0005,order_00012191,order_00010876,ETH-USD,1963.93,6,2026-01-01T03:23:10Z
batch_0005,order_00015765,order_00010876,ETH-USD,1963.93,130,2026-01-01T04:22:44Z
batch_0005,order_00015765,order_00007141,ETH-USD,1964.33,269,2026-01-01T04:22:44Z
batch_0005,order_00015285,order_00007141,ETH-USD,1964.33,25,2026-01-01T04:14:44Z
batch_0005,order_00015285,order_00015314,ETH-USD,1964.48,214,2026-01-01T04:15:13Z
batch_0005,order_00015285,order_00013744,ETH-USD,1964.5,702,2026-01-01T04:14:44Z
batch_0005,order_00015436,order_00013744,ETH-USD,1964.5,114,2026-01-01T04:17:15Z
batch_0005,order_00016409,order_00013744,ETH-USD,1964.5,143,2026-01-01T04:33:28Z
batch_0005,order_00016409,order_00016405,ETH-USD,1964.52,118,2026-01-01T04:33:28Z
batch_0005,order_00014254,order_00016405,ETH-USD,1964.52,57,2026-01-01T04:33:24Z
batch_0005,order_00009968,order_00016405,ETH-USD,1964.52,114,2026-01-01T04:33:24Z
batch_0005,order_00010738,order_00016405,ETH-USD,1964.52,614,2026-01-01T04:33:24Z
batch_0005,order_00010738,order_00008530,ETH-USD,1964.66,16,2026-01-01T02:58:57Z
batch_0005,order_00010071,order_00008530,ETH-USD,1964.66,194,2026-01-01T02:47:50Z
batch_0005,order_00010071,order_00016043,ETH-USD,1964.69,216,2026-01-01T04:27:22Z
batch_0005,order_00009169,order_00016043,ETH-USD,1964.69,45,2026-01-01T04:27:22Z
batch_0005,order_00009169,order_00008413,ETH-USD,1964.82,597,2026-01-01T02:32:48Z
batch_0005,order_00009169,order_00013437,ETH-USD,1964.89,118,2026-01-01T03:43:56Z
batch_0005,order_00009169,order_00014044,ETH-USD,1965.0,85,2026-01-01T03:54:03Z
batch_0005,order_00014379,order_00014044,ETH-USD,1965.0,314,2026-01-01T03:59:38Z
batch_0005,order_00009150,order_00014044,ETH-USD,1965.0,404,2026-01-01T03:54:03Z
batch_0005,order_00009150,order_00015751,ETH-USD,1965.08,86,2026-01-01T04:22:30Z
batch_0005,order_00016413,order_00015751,ETH-USD,1965.08,491,2026-01-01T04:33:32Z
batch_0005,order_00016413,order_00012453,ETH-USD,1965.11,376,2026-01-01T04:33:32Z
batch_0005,order_00016413,order_00013003,ETH-USD,1965.26,10,2026-01-01T04:33:32Z
batch_0005,order_00011004,order_00013003,ETH-USD,1965.26,372,2026-01-01T03:36:42Z
batch_0005,order_00011004,order_00012480,ETH-USD,1965.33,122,2026-01-01T03:27:59Z
batch_0005,order_00012035,order_00012480,ETH-USD,1965.33,86,2026-01-01T03:27:59Z
batch_0005,order_00012035,order_00006693,ETH-USD,1965.42,482,2026-01-01T03:20:34Z
batch_0005,order_00012035,order_00008702,ETH-USD,1965.53,68,2026-01-01T03:20:34Z
batch_0005,order_00012035,order_00013240,ETH-USD,1965.67,86,2026-01-01T03:40:39Z
batch_0005,order_00012035,order_00012692,ETH-USD,1965.7,222,2026-01-01T03:31:31Z
batch_0005,order_00007500,order_00012692,ETH-USD,1965.7,161,2026-01-01T03:31:31Z
batch_0005,order_00007500,order_00016537,ETH-USD,1965.8,130,2026-01-01T04:35:36Z
batch_0005,order_00009727,order_00016537,ETH-USD,1965.8,142,2026-01-01T04:35:36Z
batch_0005,order_00009727,order_00011237,ETH-USD,1965.83,661,2026-01-01T03:07:16Z
batch_0005,order_00013465,order_00011237,ETH-USD,1965.83,132,2026-01-01T03:44:24Z
batch_0005,order_00013465,order_00009846,ETH-USD,1965.84,368,2026-01-01T03:44:24Z
batch_0005,order_00007849,order_00009846,ETH-USD,1965.84,172,2026-01-01T02:44:05Z
batch_0005,order_00014264,order_00009846,ETH-USD,1965.84,243,2026-01-01T03:57:43Z
batch_0005,order_00014264,order_00009402,ETH-USD,1965.9,293,2026-01-01T03:57:43Z
batch_0005,order_00014264,order_00012340,ETH-USD,1966.01,15,2026-01-01T03:57:43Z
batch_0005,order_00015790,order_00012340,ETH-USD,1966.01,377,2026-01-01T04:23:09Z
batch_0005,order_00014005,order_00012340,ETH-USD,1966.01,121,2026-01-01T03:53:24Z
batch_0005,order_00014005,order_00007713,ETH-USD,1966.13,228,2026-01-01T03:53:24Z
batch_0005,order_00014005,order_00011624,ETH-USD,1966.25,127,2026-01-01T03:53:24Z
batch_0005,order_00010392,order_00011624,ETH-USD,1966.25,492,2026-01-01T03:13:43Z
batch_0005,order_00010392,order_00015607,ETH-USD,1966.29,407,2026-01-01T04:20:06Z
batch_0005,order_00010040,order_00015607,ETH-USD,1966.29,92,2026-01-01T04:20:06Z
batch_0005,order_00006668,order_00015607,ETH-USD,1966.29,329,2026-01-01T04:20:06Z
batch_0005,order_00006668,order_00008253,ETH-USD,1966.41,632,2026-01-01T02:17:32Z
batch_0005,order_00013456,order_00008253,ETH-USD,1966.41,20,2026-01-01T03:44:15Z
batch_0005,order_00013456,order_00010089,ETH-USD,1966.49,208,2026-01-01T03:44:15Z
batch_0005,order_00015891,order_00010089,ETH-USD,1966.49,83,2026-01-01T04:24:50Z
batch_0005,order_00015891,order_00010798,ETH-USD,1966.52,377,2026-01-01T04:24:50Z
batch_0005,order_00010396,order_00010798,ETH-USD,1966.52,190,2026-01-01T02:59:57Z
batch_0005,order_00010396,order_00010991,ETH-USD,1966.56,384,2026-01-01T03:03:10Z
batch_0005,order_00015565,order_00010991,ETH-USD,1966.56,269,2026-01-01T04:19:24Z
batch_0005,order_00013071,order_00010991,ETH-USD,1966.56,41,2026-01-01T03:37:50Z
batch_0005,order_00013071,order_00011974,ETH-USD,1966.59,609,2026-01-01T03:37:50Z
batch_0005,order_00006969,order_00011974,ETH-USD,1966.59,381,2026-01-01T03:19:33Z
batch_0005,order_00006969,order_00016319,ETH-USD,1966.66,523,2026-01-01T04:31:58Z
batch_0005,order_00006969,order_00008062,ETH-USD,1966.68,47,2026-01-01T02:14:21Z
batch_0005,order_00016357,order_00008062,ETH-USD,1966.68,7,2026-01-01T04:32:36Z
batch_0005,order_00016357,order_00009323,ETH-USD,1966.77,89,2026-01-01T04:32:36Z
batch_0005,order_00008560,order_00009323,ETH-USD,1966.77,582,2026-01-01T02:35:22Z
batch_0005,order_00009515,order_00009323,ETH-USD,1966.77,80,2026-01-01T02:38:34Z
batch_0005,order_00009515,order_00006882,ETH-USD,1966.87,145,2026-01-01T02:38:34Z
batch_0005,order_00009515,order_00014579,ETH-USD,1967.08,63,2026-01-01T04:02:58Z
batch_0005,order_00009397,order_00014579,ETH-USD,1967.08,361,2026-01-01T04:02:58Z
batch_0005,order_00014960,order_00014579,ETH-USD,1967.08,24,2026-01-01T04:09:19Z
batch_0005,order_00014960,order_00012812,ETH-USD,1967.23,140,2026-01-01T04:09:19Z
batch_0005,order_00014960,order_00013962,ETH-USD,1967.26,168,2026-01-01T04:09:19Z
batch_0005,order_00014960,order_00015461,ETH-USD,1967.33,75,2026-01-01T04:17:40Z
batch_0005,order_00012889,order_00015461,ETH-USD,1967.33,94,2026-01-01T04:17:40Z
batch_0005,order_00012889,order_00009048,ETH-USD,1967.35,361,2026-01-01T03:34:48Z
batch_0005,order_00012889,order_00013824,ETH-USD,1967.39,416,2026-01-01T03:50:23Z
batch_0005,order_00014189,order_00013824,ETH-USD,1967.39,223,2026-01-01T03:56:28Z
batch_0005,order_00010754,order_00013824,ETH-USD,1967.39,192,2026-01-01T03:50:23Z
batch_0005,order_00008879,order_00013824,ETH-USD,1967.39,54,2026-01-01T03:50:23Z
batch_0005,order_00008879,order_00011902,ETH-USD,1967.5,220,2026-01-01T03:18:21Z
batch_0005,order_00008879,order_00009802,ETH-USD,1967.52,291,2026-01-01T02:43:21Z
batch_0005,order_00007178,order_00009802,ETH-USD,1967.52,412,2026-01-01T02:43:21Z
batch_0005,order_00007178,order_00011239,ETH-USD,1967.54,304,2026-01-01T03:07:18Z
batch_0005,order_00007178,order_00008693,ETH-USD,1967.6,130,2026-01-01T02:24:52Z
batch_0005,order_00008073,order_00008693,ETH-USD,1967.6,613,2026-01-01T02:24:52Z
batch_0005,order_00008073,order_00013385,ETH-USD,1967.67,216,2026-01-01T03:43:04Z
batch_0005,order_00009401,order_00013385,ETH-USD,1967.67,65,2026-01-01T03:43:04Z
batch_0005,order_00009401,order_00007412,ETH-USD,1967.72,505,2026-01-01T02:36:40Z
batch_0005,order_00007123,order_00007412,ETH-USD,1967.72,341,2026-01-01T02:03:31Z
batch_0005,order_00016448,order_00007412,ETH-USD,1967.72,94,2026-01-01T04:34:07Z
batch_0005,order_00016448,order_00010895,ETH-USD,1967.72,201,2026-01-01T04:34:07Z
batch_0005,order_00009218,order_00010895,ETH-USD,1967.72,97,2026-01-01T03:01:34Z
batch_0005,order_00009218,order_00012649,ETH-USD,1967.76,104,2026-01-01T03:30:48Z
batch_0005,order_00009218,order_00015806,ETH-USD,1968.15,699,2026-01-01T04:23:25Z
batch_0005,order_00006861,order_00015806,ETH-USD,1968.15,197,2026-01-01T04:23:25Z
batch_0005,order_00006861,order_00006945,ETH-USD,1968.16,99,2026-01-01T01:55:44Z
batch_0005,order_00011278,order_00006945,ETH-USD,1968.16,749,2026-01-01T03:07:57Z
batch_0005,order_00014825,order_00006945,ETH-USD,1968.16,108,2026-01-01T04:07:04Z
batch_0005,order_00014825,order_00011663,ETH-USD,1968.19,541,2026-01-01T04:07:04Z
batch_0005,order_00007601,order_00011663,ETH-USD,1968.19,303,2026-01-01T03:14:22Z
batch_0005,order_00007601,order_00016345,ETH-USD,1968.19,1,2026-01-01T04:32:24Z
batch_0005,order_00010686,order_00016345,ETH-USD,1968.19,444,2026-01-01T04:32:24Z
batch_0005,order_00010686,order_00007803,ETH-USD,1968.39,427,2026-01-01T02:58:05Z
batch_0005,order_00016305,order_00007803,ETH-USD,1968.39,462,2026-01-01T04:31:44Z
batch_0005,order_00016305,order_00008441,ETH-USD,1968.44,151,2026-01-01T04:31:44Z
batch_0005,order_00014348,order_00008441,ETH-USD,1968.44,186,2026-01-01T03:59:07Z
batch_0005,order_00014348,order_00013215,ETH-USD,1968.55,362,2026-01-01T03:59:07Z
batch_0005,order_00015736,order_00013215,ETH-USD,1968.55,167,2026-01-01T04:22:15Z
batch_0005,order_00015736,order_00013908,ETH-USD,1968.62,240,2026-01-01T04:22:15Z
batch_0005,order_00008217,order_00013908,ETH-USD,1968.62,374,2026-01-01T03:51:47Z
batch_0005,order_00010315,order_00013908,ETH-USD,1968.62,205,2026-01-01T03:51:47Z
batch_0005,order_00009895,order_00013908,ETH-USD,1968.62,49,2026-01-01T03:51:47Z
batch_0005,order_00009895,order_00007623,ETH-USD,1968.68,65,2026-01-01T02:44:54Z
batch_0005,order_00009895,order_00015226,ETH-USD,1968.75,279,2026-01-01T04:13:45Z
batch_0005,order_00012945,order_00015226,ETH-USD,1968.75,156,2026-01-01T04:13:45Z
batch_0005,order_00012945,order_00008089,ETH-USD,1968.96,825,2026-01-01T03:35:44Z
batch_0005,order_00015376,order_00008089,ETH-USD,1968.96,27,2026-01-01T04:16:15Z
batch_0005,order_00015376,order_00015655,ETH-USD,1968.99,83,2026-01-01T04:20:54Z
batch_0005,order_00011141,order_00015655,ETH-USD,1968.99,281,2026-01-01T04:20:54Z
batch_0005,order_00011141,order_00012784,ETH-USD,1969.06,36,2026-01-01T03:33:03Z
batch_0005,order_00008745,order_00012784,ETH-USD,1969.06,134,2026-01-01T03:33:03Z
batch_0005,order_00008745,order_00012381,ETH-USD,1969.13,201,2026-01-01T03:26:20Z
batch_0005,order_00008745,order_00007405,ETH-USD,1969.14,218,2026-01-01T02:25:44Z
batch_0005,order_00008745,order_00010619,ETH-USD,1969.2,100,2026-01-01T02:56:58Z
batch_0005,order_00009897,order_00010619,ETH-USD,1969.2,582,2026-01-01T02:56:58Z
batch_0005,order_00009897,order_00006784,ETH-USD,1969.26,93,2026-01-01T02:44:56Z
batch_0005,order_00009897,order_00013233,ETH-USD,1969.26,49,2026-01-01T03:40:32Z
batch_0005,order_00014977,order_00013233,ETH-USD,1969.26,253,2026-01-01T04:09:36Z
batch_0005,order_00009418,order_00013233,ETH-USD,1969.26,172,2026-01-01T03:40:32Z
batch_0005,order_00009418,order_00007506,ETH-USD,1969.31,418,2026-01-01T02:36:57Z
batch_0005,order_00009418,order_00007047,ETH-USD,1969.35,198,2026-01-01T02:36:57Z
batch_0005,order_00006603,order_00007047,ETH-USD,1969.35,16,2026-01-01T01:57:26Z
batch_0005,order_00010579,order_00007047,ETH-USD,1969.35,686,2026-01-01T02:56:18Z
batch_0005,order_00012031,order_00007047,ETH-USD,1969.35,96,2026-01-01T03:20:30Z
batch_0005,order_00012031,order_00015666,ETH-USD,1969.42,45,2026-01-01T04:21:05Z
batch_0005,order_00012031,order_00011516,ETH-USD,1969.82,267,2026-01-01T03:20:30Z
batch_0005,order_00011843,order_00011516,ETH-USD,1969.82,89,2026-01-01T03:17:22Z
batch_0005,order_00006767,order_00011516,ETH-USD,1969.82,554,2026-01-01T03:11:55Z
batch_0005,order_00006767,order_00013434,ETH-USD,1970.13,212,2026-01-01T03:43:53Z
batch_0005,order_00014410,order_00013434,ETH-USD,1970.13,267,2026-01-01T04:00:09Z
batch_0005,order_00014410,order_00013090,ETH-USD,1970.29,424,2026-01-01T04:00:09Z
batch_0005,order_00007256,order_00013090,ETH-USD,1970.29,146,2026-01-01T03:38:09Z
batch_0005,order_00007256,order_00010837,ETH-USD,1970.31,14,2026-01-01T03:00:36Z
batch_0005,order_00007256,order_00007835,ETH-USD,1970.32,342,2026-01-01T02:10:34Z
batch_0005,order_00008043,order_00007835,ETH-USD,1970.32,186,2026-01-01T02:14:02Z
batch_0005,order_00008043,order_00012363,ETH-USD,1970.37,10,2026-01-01T03:26:02Z
batch_0005,order_00012345,order_00012363,ETH-USD,1970.37,216,2026-01-01T03:26:02Z
batch_0005,order_00012345,order_00009452,ETH-USD,1970.41,84,2026-01-01T03:25:44Z
batch_0005,order_00012345,order_00014772,ETH-USD,1970.49,110,2026-01-01T04:06:11Z
batch_0005,order_00012345,order_00016331,ETH-USD,1970.56,578,2026-01-01T04:32:10Z
batch_0005,order_00016268,order_00016331,ETH-USD,1970.56,99,2026-01-01T04:32:10Z
batch_0005,order_00016268,order_00011086,ETH-USD,1970.77,633,2026-01-01T04:31:07Z
batch_0005,order_00016268,order_00016216,ETH-USD,1970.8,160,2026-01-01T04:31:07Z
batch_0005,order_00009486,order_00016216,ETH-USD,1970.8,469,2026-01-01T04:30:15Z
batch_0005,order_00009486,order_00007683,ETH-USD,1970.94,66,2026-01-01T02:38:05Z
batch_0005,order_00010326,order_00007683,ETH-USD,1970.94,356,2026-01-01T02:52:05Z
batch_0005,order_00012972,order_00007683,ETH-USD,1970.94,441,2026-01-01T03:36:11Z
batch_0005,order_00012972,order_00014181,ETH-USD,1970.97,34,2026-01-01T03:56:20Z
batch_0005,order_00011874,order_00014181,ETH-USD,1970.97,96,2026-01-01T03:56:20Z
batch_0005,order_00011874,order_00015998,ETH-USD,1970.97,117,2026-01-01T04:26:37Z
batch_0005,order_00011220,order_00015998,ETH-USD,1970.97,873,2026-01-01T04:26:37Z
batch_0005,order_00014118,order_00010277,ETH-USD,1971.01,74,2026-01-01T03:55:17Z
batch_0005,order_00015677,order_00010277,ETH-USD,1971.01,492,2026-01-01T04:21:16Z
batch_0005,order_00015677,order_00008652,ETH-USD,1971.03,262,2026-01-01T04:21:16Z
batch_0005,order_00008922,order_00008652,ETH-USD,1971.03,520,2026-01-01T02:28:41Z
batch_0005,order_00008922,order_00009022,ETH-USD,1971.14,71,2026-01-01T02:30:21Z
batch_0005,order_00008115,order_00009022,ETH-USD,1971.14,421,2026-01-01T02:30:21Z
batch_0005,order_00015386,order_00009022,ETH-USD,1971.14,368,2026-01-01T04:16:25Z
batch_0005,order_00015386,order_00015097,ETH-USD,1971.16,182,2026-01-01T04:16:25Z
batch_0005,order_00014689,order_00015097,ETH-USD,1971.16,121,2026-01-01T04:11:36Z
batch_0005,order_00014689,order_00015476,ETH-USD,1971.21,178,2026-01-01T04:17:55Z
batch_0005,order_00014689,order_00009216,ETH-USD,1971.35,130,2026-01-01T04:04:48Z
batch_0005,order_00015212,order_00009216,ETH-USD,1971.35,111,2026-01-01T04:13:31Z
batch_0005,order_00015212,order_00014578,ETH-USD,1971.36,277,2026-01-01T04:13:31Z
batch_0005,order_00012437,order_00014578,ETH-USD,1971.36,280,2026-01-01T04:02:57Z
batch_0005,order_00012437,order_00008201,ETH-USD,1971.37,169,2026-01-01T03:27:16Z
batch_0005,order_00008237,order_00008201,ETH-USD,1971.37,212,2026-01-01T02:17:16Z
batch_0005,order_00012914,order_00008201,ETH-USD,1971.37,429,2026-01-01T03:35:13Z
batch_0005,order_00012914,order_00013346,ETH-USD,1971.42,386,2026-01-01T03:42:25Z
batch_0005,order_00007274,order_00013346,ETH-USD,1971.42,309,2026-01-01T03:42:25Z
batch_0005,order_00007274,order_00011834,ETH-USD,1971.43,31,2026-01-01T03:17:13Z
batch_0005,order_00013306,order_00011834,ETH-USD,1971.43,594,2026-01-01T03:41:45Z
batch_0005,order_00012463,order_00011834,ETH-USD,1971.43,224,2026-01-01T03:27:42Z
batch_0005,order_00012463,order_00012362,ETH-USD,1971.67,46,2026-01-01T03:27:42Z
batch_0005,order_00012463,order_00016569,ETH-USD,1971.81,161,2026-01-01T04:36:08Z
batch_0005,order_00007286,order_00016569,ETH-USD,1971.81,238,2026-01-01T04:36:08Z
batch_0005,order_00007286,order_00007878,ETH-USD,1971.88,445,2026-01-01T02:11:17Z
batch_0005,order_00007286,order_00012458,ETH-USD,1972.1,238,2026-01-01T03:27:37Z
batch_0005,order_00014160,order_00012458,ETH-USD,1972.1,94,2026-01-01T03:55:59Z
batch_0005,order_00008091,order_00012458,ETH-USD,1972.1,584,2026-01-01T03:27:37Z
batch_0005,order_00008091,order_00006763,ETH-USD,1972.15,237,2026-01-01T02:14:50Z
batch_0005,order_00016415,order_00006763,ETH-USD,1972.15,253,2026-01-01T04:33:34Z
batch_0005,order_00012161,order_00006763,ETH-USD,1972.15,57,2026-01-01T03:22:40Z
batch_0005,order_00012161,order_00012414,ETH-USD,1972.24,284,2026-01-01T03:26:53Z
batch_0005,order_00012161,order_00012548,ETH-USD,1972.29,576,2026-01-01T03:29:07Z
batch_0005,order_00010622,order_00012548,ETH-USD,1972.29,339,2026-01-01T03:29:07Z
batch_0005,order_00010622,order_00009914,ETH-USD,1972.52,40,2026-01-01T02:57:01Z
batch_0005,order_00007567,order_00009914,ETH-USD,1972.52,483,2026-01-01T02:45:13Z
batch_0005,order_00007567,order_00008057,ETH-USD,1972.57,12,2026-01-01T02:14:16Z
batch_0005,order_00008039,order_00008057,ETH-USD,1972.57,136,2026-01-01T02:14:16Z
batch_0005,order_00014408,order_00008057,ETH-USD,1972.57,215,2026-01-01T04:00:07Z
batch_0005,order_00014408,order_00007006,ETH-USD,1972.8,68,2026-01-01T04:00:07Z
batch_0005,order_00014408,order_00008397,ETH-USD,1972.91,509,2026-01-01T04:00:07Z
batch_0005,order_00009057,order_00008397,ETH-USD,1972.91,71,2026-01-01T02:30:56Z
batch_0005,order_00009057,order_00012799,ETH-USD,1972.98,805,2026-01-01T03:33:18Z
batch_0005,order_00014547,order_00012799,ETH-USD,1972.98,103,2026-01-01T04:02:26Z
batch_0005,order_00014547,order_00008499,ETH-USD,1973.03,213,2026-01-01T04:02:26Z
batch_0005,order_00007875,order_00008499,ETH-USD,1973.03,140,2026-01-01T02:21:38Z
batch_0005,order_00011892,order_00008499,ETH-USD,1973.03,381,2026-01-01T03:18:11Z
batch_0005,order_00011892,order_00007225,ETH-USD,1973.07,349,2026-01-01T03:18:11Z
batch_0005,order_00011892,order_00011475,ETH-USD,1973.09,71,2026-01-01T03:18:11Z
batch_0005,order_00007119,order_00011475,ETH-USD,1973.09,587,2026-01-01T03:11:14Z
batch_0005,order_00009880,order_00011475,ETH-USD,1973.09,105,2026-01-01T03:11:14Z
batch_0005,order_00009880,order_00009639,ETH-USD,1973.2,605,2026-01-01T02:44:39Z
batch_0005,order_00012404,order_00009639,ETH-USD,1973.2,213,2026-01-01T03:26:43Z
batch_0005,order_00012404,order_00010508,ETH-USD,1973.21,612,2026-01-01T03:26:43Z
batch_0005,order_00011675,order_00010508,ETH-USD,1973.21,125,2026-01-01T03:14:34Z
batch_0005,order_00011675,order_00014416,ETH-USD,1973.45,87,2026-01-01T04:00:15Z
batch_0005,order_00016075,order_00014416,ETH-USD,1973.45,112,2026-01-01T04:27:54Z
batch_0005,order_00010678,order_00014416,ETH-USD,1973.45,791,2026-01-01T04:00:15Z
batch_0005,order_00010678,order_00014514,ETH-USD,1973.53,43,2026-01-01T04:01:53Z
batch_0005,order_00012348,order_00014514,ETH-USD,1973.53,756,2026-01-01T04:01:53Z
batch_0005,order_00015977,order_00014514,ETH-USD,1973.53,107,2026-01-01T04:26:16Z
batch_0005,order_00015977,order_00010417,ETH-USD,1973.58,258,2026-01-01T04:26:16Z
batch_0005,order_00013409,order_00010417,ETH-USD,1973.58,190,2026-01-01T03:43:28Z
batch_0005,order_00007344,order_00010417,ETH-USD,1973.58,366,2026-01-01T02:53:36Z
batch_0005,order_00007344,order_00007604,ETH-USD,1973.67,222,2026-01-01T02:06:43Z
batch_0005,order_00007344,order_00011549,ETH-USD,1973.81,54,2026-01-01T03:12:28Z
batch_0005,order_00007709,order_00011549,ETH-USD,1973.81,674,2026-01-01T03:12:28Z
batch_0005,order_00013149,order_00011549,ETH-USD,1973.81,52,2026-01-01T03:39:08Z
batch_0005,order_00008227,order_00011549,ETH-USD,1973.81,27,2026-01-01T03:12:28Z
batch_0005,order_00008227,order_00007861,ETH-USD,1973.86,520,2026-01-01T02:17:06Z
batch_0005,order_00008227,order_00006794,ETH-USD,1973.89,111,2026-01-01T02:17:06Z
batch_0005,order_00010724,order_00006794,ETH-USD,1973.89,78,2026-01-01T02:58:43Z
batch_0005,order_00013182,order_00006794,ETH-USD,1973.89,219,2026-01-01T03:39:41Z
batch_0005,order_00013182,order_00010348,ETH-USD,1974.03,566,2026-01-01T03:39:41Z
batch_0005,order_00007445,order_00010348,ETH-USD,1974.03,52,2026-01-01T02:52:27Z
batch_0005,order_00007445,order_00009328,ETH-USD,1974.08,102,2026-01-01T02:35:27Z
batch_0005,order_00010200,order_00009328,ETH-USD,1974.08,607,2026-01-01T02:49:59Z
batch_0005,order_00010200,order_00013148,ETH-USD,1974.09,239,2026-01-01T03:39:07Z
batch_0005,order_00015974,order_00013148,ETH-USD,1974.09,238,2026-01-01T04:26:13Z
batch_0005,order_00011170,order_00013148,ETH-USD,1974.09,499,2026-01-01T03:39:07Z
batch_0005,order_00011170,order_00007041,ETH-USD,1974.2,125,2026-01-01T03:06:09Z
batch_0005,order_00016283,order_00007041,ETH-USD,1974.2,299,2026-01-01T04:31:22Z
batch_0005,order_00016283,order_00011642,ETH-USD,1974.29,436,2026-01-01T04:31:22Z
batch_0005,order_00007195,order_00011642,ETH-USD,1974.29,49,2026-01-01T03:14:01Z
batch_0005,order_00007195,order_00007675,ETH-USD,1974.35,255,2026-01-01T02:07:54Z
batch_0005,order_00007195,order_00012290,ETH-USD,1974.48,639,2026-01-01T03:24:49Z
batch_0005,order_00008250,order_00012290,ETH-USD,1974.48,352,2026-01-01T03:24:49Z
batch_0005,order_00008250,order_00009070,ETH-USD,1974.59,536,2026-01-01T02:31:09Z
batch_0005,order_00008250,order_00011998,ETH-USD,1974.6,107,2026-01-01T03:19:57Z
batch_0005,order_00010908,order_00011998,ETH-USD,1974.6,712,2026-01-01T03:19:57Z
batch_0005,order_00012887,order_00011998,ETH-USD,1974.6,147,2026-01-01T03:34:46Z
batch_0005,order_00012887,order_00015917,ETH-USD,1974.68,53,2026-01-01T04:25:16Z
batch_0005,order_00008286,order_00015917,ETH-USD,1974.68,207,2026-01-01T04:25:16Z
batch_0005,order_00008286,order_00016247,ETH-USD,1974.69,587,2026-01-01T04:30:46Z
batch_0005,order_00008286,order_00009432,ETH-USD,1974.7,139,2026-01-01T02:37:11Z
batch_0005,order_00012464,order_00009432,ETH-USD,1974.7,260,2026-01-01T03:27:43Z
batch_0005,order_00012464,order_00016464,ETH-USD,1974.79,513,2026-01-01T04:34:23Z
batch_0005,order_00011127,order_00016464,ETH-USD,1974.79,404,2026-01-01T04:34:23Z
batch_0005,order_00011127,order_00011646,ETH-USD,1974.87,168,2026-01-01T03:14:05Z
batch_0005,order_00016314,order_00011646,ETH-USD,1974.87,389,2026-01-01T04:31:53Z
batch_0005,order_00010029,order_00011646,ETH-USD,1974.87,363,2026-01-01T03:14:05Z
batch_0005,order_00010029,order_00007117,ETH-USD,1974.91,9,2026-01-01T02:47:08Z
batch_0005,order_00013107,order_00007117,ETH-USD,1974.91,245,2026-01-01T03:38:26Z
batch_0005,order_00013107,order_00014775,ETH-USD,1975.03,75,2026-01-01T04:06:14Z
batch_0005,order_00010423,order_00014775,ETH-USD,1975.03,403,2026-01-01T04:06:14Z
batch_0005,order_00010423,order_00012096,ETH-USD,1975.07,297,2026-01-01T03:21:35Z
batch_0005,order_00007407,order_00012096,ETH-USD,1975.07,369,2026-01-01T03:21:35Z
batch_0005,order_00007407,order_00013749,ETH-USD,1975.21,289,2026-01-01T03:49:08Z
batch_0005,order_00007407,order_00015699,ETH-USD,1975.21,50,2026-01-01T04:21:38Z
batch_0005,order_00009014,order_00015699,ETH-USD,1975.21,599,2026-01-01T04:21:38Z
batch_0005,order_00009014,order_00011554,ETH-USD,1975.29,148,2026-01-01T03:12:33Z
batch_0005,order_00014679,order_00011554,ETH-USD,1975.29,128,2026-01-01T04:04:38Z
batch_0005,order_00008890,order_00011554,ETH-USD,1975.29,491,2026-01-01T03:12:33Z
batch_0005,order_00008890,order_00010451,ETH-USD,1975.42,296,2026-01-01T02:54:10Z
batch_0005,order_00015098,order_00010451,ETH-USD,1975.42,260,2026-01-01T04:11:37Z
batch_0005,order_00014222,order_00010451,ETH-USD,1975.42,123,2026-01-01T03:57:01Z
batch_0005,order_00015761,order_00010451,ETH-USD,1975.42,280,2026-01-01T04:22:40Z
batch_0005,order_00015761,order_00009818,ETH-USD,1975.46,427,2026-01-01T04:22:40Z
batch_0005,order_00012202,order_00009818,ETH-USD,1975.46,31,2026-01-01T03:23:21Z
batch_0005,order_00012202,order_00012517,ETH-USD,1975.53,247,2026-01-01T03:28:36Z
batch_0005,order_00012202,order_00013851,ETH-USD,1975.55,446,2026-01-01T03:50:50Z
batch_0005,order_00012202,order_00011858,ETH-USD,1975.59,144,2026-01-01T03:23:21Z
batch_0005,order_00013177,order_00011858,ETH-USD,1975.59,168,2026-01-01T03:39:36Z
batch_0005,order_00015346,order_00011858,ETH-USD,1975.59,128,2026-01-01T04:15:45Z
batch_0005,order_00015346,order_00010056,ETH-USD,1975.75,369,2026-01-01T04:15:45Z
batch_0005,order_00015398,order_00010056,ETH-USD,1975.75,344,2026-01-01T04:16:37Z
batch_0005,order_00016071,order_00010056,ETH-USD,1975.75,152,2026-01-01T04:27:50Z
batch_0005,order_00016071,order_00013542,ETH-USD,1975.79,342,2026-01-01T04:27:50Z
batch_0005,order_00016071,order_00009192,ETH-USD,1975.8,266,2026-01-01T04:27:50Z
batch_0005,order_00009094,order_00009192,ETH-USD,1975.8,508,2026-01-01T02:33:11Z
batch_0005,order_00009094,order_00008661,ETH-USD,1976.13,64,2026-01-01T02:31:33Z
batch_0005,order_00006991,order_00008661,ETH-USD,1976.13,336,2026-01-01T02:24:20Z
batch_0005,order_00006991,order_00010782,ETH-USD,1976.17,167,2026-01-01T02:59:41Z
batch_0005,order_00006991,order_00010053,ETH-USD,1976.2,19,2026-01-01T02:47:32Z
batch_0005,order_00011316,order_00010053,ETH-USD,1976.2,66,2026-01-01T03:08:35Z
batch_0005,order_00011316,order_00016517,ETH-USD,1976.27,133,2026-01-01T04:35:16Z
batch_0005,order_00011316,order_00007661,ETH-USD,1976.29,429,2026-01-01T03:08:35Z
batch_0005,order_00011316,order_00013890,ETH-USD,1976.36,42,2026-01-01T03:51:29Z
batch_0005,order_00010514,order_00013890,ETH-USD,1976.36,528,2026-01-01T03:51:29Z
batch_0005,order_00010514,order_00012640,ETH-USD,1976.37,111,2026-01-01T03:30:39Z
batch_0005,order_00007921,order_00012640,ETH-USD,1976.37,108,2026-01-01T03:30:39Z
batch_0005,order_00009628,order_00012640,ETH-USD,1976.37,29,2026-01-01T03:30:39Z
batch_0005,order_00009628,order_00010474,ETH-USD,1976.48,822,2026-01-01T02:54:33Z
batch_0005,order_00009628,order_00009757,ETH-USD,1976.55,131,2026-01-01T02:42:36Z
batch_0005,order_00006730,order_00009757,ETH-USD,1976.55,178,2026-01-01T02:42:36Z
batch_0005,order_00006730,order_00015193,ETH-USD,1976.68,166,2026-01-01T04:13:12Z
batch_0005,order_00007899,order_00015193,ETH-USD,1976.68,54,2026-01-01T04:13:12Z
batch_0005,order_00007899,order_00011766,ETH-USD,1976.77,666,2026-01-01T03:16:05Z
batch_0005,order_00008240,order_00011766,ETH-USD,1976.77,103,2026-01-01T03:16:05Z
batch_0005,order_00015901,order_00011766,ETH-USD,1976.77,141,2026-01-01T04:25:00Z
batch_0005,order_00015901,order_00009226,ETH-USD,1976.91,396,2026-01-01T04:25:00Z
batch_0005,order_00013420,order_00009226,ETH-USD,1976.91,193,2026-01-01T03:43:39Z
batch_0005,order_00013420,order_00014358,ETH-USD,1977.04,627,2026-01-01T03:59:17Z
batch_0005,order_00014449,order_00014358,ETH-USD,1977.04,303,2026-01-01T04:00:48Z
batch_0005,order_00014449,order_00008959,ETH-USD,1977.05,65,2026-01-01T04:00:48Z
batch_0005,order_00013105,order_00008959,ETH-USD,1977.05,76,2026-01-01T03:38:24Z
batch_0005,order_00013265,order_00008959,ETH-USD,1977.05,609,2026-01-01T03:41:04Z
batch_0005,order_00013265,order_00009700,ETH-USD,1977.05,289,2026-01-01T03:41:04Z
batch_0005,order_00013986,order_00009700,ETH-USD,1977.05,707,2026-01-01T03:53:05Z
batch_0005,order_00013986,order_00014634,ETH-USD,1977.12,202,2026-01-01T04:03:53Z
batch_0005,order_00008917,order_00014634,ETH-USD,1977.12,555,2026-01-01T04:03:53Z
batch_0005,order_00011181,order_00014634,ETH-USD,1977.12,119,2026-01-01T04:03:53Z
batch_0005,order_00011181,order_00011208,ETH-USD,1977.21,78,2026-01-01T03:06:47Z
batch_0005,order_00012457,order_00011208,ETH-USD,1977.21,291,2026-01-01T03:27:36Z
batch_0005,order_00012457,order_00013934,ETH-USD,1977.31,30,2026-01-01T03:52:13Z
batch_0005,order_00007082,order_00013934,ETH-USD,1977.31,27,2026-01-01T03:52:13Z
batch_0005,order_00007082,order_00009793,ETH-USD,1977.39,368,2026-01-01T02:43:12Z
batch_0005,order_00007082,order_00012634,ETH-USD,1977.51,98,2026-01-01T03:30:33Z
batch_0005,order_00006691,order_00012634,ETH-USD,1977.51,92,2026-01-01T03:30:33Z
batch_0005,order_00006691,order_00006740,ETH-USD,1977.52,82,2026-01-01T01:52:19Z
batch_0005,order_00006691,order_00008334,ETH-USD,1977.62,808,2026-01-01T02:18:53Z
batch_0005,order_00009205,order_00008334,ETH-USD,1977.62,137,2026-01-01T02:33:24Z
batch_0005,order_00009205,order_00008982,ETH-USD,1977.66,774,2026-01-01T02:33:24Z
batch_0005,order_00007331,order_00008982,ETH-USD,1977.66,116,2026-01-01T02:29:41Z
batch_0005,order_00007331,order_00011583,ETH-USD,1977.71,510,2026-01-01T03:13:02Z
batch_0005,order_00007331,order_00015402,ETH-USD,1977.71,175,2026-01-01T04:16:41Z
batch_0005,order_00007570,order_00015402,ETH-USD,1977.71,96,2026-01-01T04:16:41Z
batch_0005,order_00013304,order_00015402,ETH-USD,1977.71,698,2026-01-01T04:16:41Z
batch_0005,order_00013304,order_00009698,ETH-USD,1977.78,264,2026-01-01T03:41:43Z
batch_0005,order_00013384,order_00009698,ETH-USD,1977.78,267,2026-01-01T03:43:03Z
batch_0005,order_00013384,order_00012676,ETH-USD,1977.79,27,2026-01-01T03:43:03Z
batch_0005,order_00013384,order_00007394,ETH-USD,1977.88,111,2026-01-01T03:43:03Z
batch_0005,order_00008204,order_00007394,ETH-USD,1977.88,87,2026-01-01T02:16:43Z
batch_0005,order_00008204,order_00013153,ETH-USD,1977.96,50,2026-01-01T03:39:12Z
batch_0005,order_00012416,order_00013153,ETH-USD,1977.96,490,2026-01-01T03:39:12Z
batch_0005,order_00012416,order_00012515,ETH-USD,1978.05,217,2026-01-01T03:28:34Z
batch_0005,order_00012416,order_00010220,ETH-USD,1978.25,19,2026-01-01T03:26:55Z
batch_0005,order_00008706,order_00010220,ETH-USD,1978.25,527,2026-01-01T02:50:19Z
batch_0005,order_00008706,order_00007900,ETH-USD,1978.28,395,2026-01-01T02:25:05Z
batch_0005,order_00007203,order_00007900,ETH-USD,1978.28,426,2026-01-01T02:11:39Z
batch_0005,order_00007203,order_00008141,ETH-USD,1978.32,3,2026-01-01T02:15:40Z
batch_0005,order_00007203,order_00010615,ETH-USD,1978.41,432,2026-01-01T02:56:54Z
batch_0005,order_00015829,order_00010615,ETH-USD,1978.41,511,2026-01-01T04:23:48Z
batch_0005,order_00015829,order_00013525,ETH-USD,1978.55,301,2026-01-01T04:23:48Z
batch_0005,order_00011683,order_00013525,ETH-USD,1978.55,29,2026-01-01T03:45:24Z
batch_0005,order_00011683,order_00009321,ETH-USD,1978.81,22,2026-01-01T03:14:42Z
batch_0005,order_00011683,order_00010454,ETH-USD,1978.82,535,2026-01-01T03:14:42Z
batch_0005,order_00010213,order_00010454,ETH-USD,1978.82,324,2026-01-01T02:54:13Z
batch_0005,order_00010213,order_00011540,ETH-USD,1978.83,319,2026-01-01T03:12:19Z
batch_0005,order_00010213,order_00008984,ETH-USD,1978.92,308,2026-01-01T02:50:12Z
batch_0005,order_00007564,order_00008984,ETH-USD,1978.92,315,2026-01-01T02:29:43Z
batch_0005,order_00007564,order_00015240,ETH-USD,1978.96,445,2026-01-01T04:13:59Z
batch_0005,order_00007615,order_00015240,ETH-USD,1978.96,180,2026-01-01T04:13:59Z
batch_0005,order_00015368,order_00015240,ETH-USD,1978.96,358,2026-01-01T04:16:07Z
batch_0005,order_00015368,order_00006778,ETH-USD,1979.06,32,2026-01-01T04:16:07Z
batch_0005,order_00015368,order_00008640,ETH-USD,1979.1,389,2026-01-01T04:16:07Z
batch_0005,order_00015191,order_00008640,ETH-USD,1979.1,45,2026-01-01T04:13:10Z
batch_0005,order_00015191,order_00006952,ETH-USD,1979.21,654,2026-01-01T04:13:10Z
batch_0005,order_00015191,order_00011466,ETH-USD,1979.21,8,2026-01-01T04:13:10Z
batch_0005,order_00014735,order_00011466,ETH-USD,1979.21,1,2026-01-01T04:05:34Z
batch_0005,order_00014999,order_00011466,ETH-USD,1979.21,371,2026-01-01T04:09:58Z
batch_0005,order_00012504,order_00011466,ETH-USD,1979.21,606,2026-01-01T03:28:23Z
batch_0005,order_00012504,order_00007228,ETH-USD,1979.3,189,2026-01-01T03:28:23Z
batch_0005,order_00012504,order_00010365,ETH-USD,1979.45,136,2026-01-01T03:28:23Z
batch_0005,order_00011148,order_00010365,ETH-USD,1979.45,42,2026-01-01T03:05:47Z
batch_0005,order_00011148,order_00009064,ETH-USD,1979.6,118,2026-01-01T03:05:47Z
batch_0005,order_00007253,order_00009064,ETH-USD,1979.6,176,2026-01-01T02:31:03Z
batch_0005,order_00007253,order_00010437,ETH-USD,1979.65,387,2026-01-01T02:53:56Z
batch_0005,order_00007253,order_00012231,ETH-USD,1979.73,96,2026-01-01T03:23:50Z
batch_0005,order_00011293,order_00012231,ETH-USD,1979.73,607,2026-01-01T03:23:50Z
batch_0005,order_00011293,order_00012498,ETH-USD,1979.83,364,2026-01-01T03:28:17Z
batch_0005,order_00011152,order_00012498,ETH-USD,1979.83,330,2026-01-01T03:28:17Z
batch_0005,order_00011152,order_00008611,ETH-USD,1979.89,171,2026-01-01T03:05:51Z
batch_0005,order_00012423,order_00008611,ETH-USD,1979.89,671,2026-01-01T03:27:02Z
batch_0005,order_00006771,order_00008611,ETH-USD,1979.89,118,2026-01-01T02:23:30Z
batch_0005,order_00006771,order_00007032,ETH-USD,1979.9,241,2026-01-01T01:57:11Z
batch_0005,order_00008690,order_00007032,ETH-USD,1979.9,269,2026-01-01T02:24:49Z
batch_0005,order_00010571,order_00007032,ETH-USD,1979.9,290,2026-01-01T02:56:10Z
batch_0005,order_00010923,order_00007032,ETH-USD,1979.9,31,2026-01-01T03:02:02Z
batch_0005,order_00010923,order_00013849,ETH-USD,1979.97,58,2026-01-01T03:50:48Z
batch_0005,order_00012302,order_00013849,ETH-USD,1979.97,38,2026-01-01T03:50:48Z
batch_0005,order_00012302,order_00016246,ETH-USD,1980.06,411,2026-01-01T04:30:45Z
batch_0005,order_00010368,order_00016246,ETH-USD,1980.06,95,2026-01-01T04:30:45Z
batch_0005,order_00010368,order_00006947,ETH-USD,1980.12,15,2026-01-01T02:52:47Z
batch_0005,order_00016495,order_00006947,ETH-USD,1980.12,107,2026-01-01T04:34:54Z
batch_0005,order_00016495,order_00016284,ETH-USD,1980.19,168,2026-01-01T04:34:54Z
batch_0005,order_00013339,order_00016284,ETH-USD,1980.19,465,2026-01-01T04:31:23Z
batch_0005,order_00014947,order_00016284,ETH-USD,1980.19,52,2026-01-01T04:31:23Z
batch_0005,order_00014947,order_00012604,ETH-USD,1980.27,420,2026-01-01T04:09:06Z
batch_0005,order_00014947,order_00011326,ETH-USD,1980.29,319,2026-01-01T04:09:06Z
batch_0005,order_00012529,order_00011326,ETH-USD,1980.29,33,2026-01-01T03:28:48Z
batch_0005,order_00012875,order_00011326,ETH-USD,1980.29,502,2026-01-01T03:34:34Z
batch_0005,order_00009917,order_00011326,ETH-USD,1980.29,115,2026-01-01T03:08:45Z
batch_0005,order_00009917,order_00015042,ETH-USD,1980.29,880,2026-01-01T04:10:41Z
batch_0005,order_00013947,order_00015042,ETH-USD,1980.29,111,2026-01-01T04:10:41Z
batch_0005,order_00013947,order_00009602,ETH-USD,1980.37,344,2026-01-01T03:52:26Z
batch_0005,order_00009582,order_00009602,ETH-USD,1980.37,612,2026-01-01T02:40:01Z
batch_0005,order_00009582,order_00008051,ETH-USD,1980.46,142,2026-01-01T02:39:41Z
batch_0005,order_00011687,order_00008051,ETH-USD,1980.46,128,2026-01-01T03:14:46Z
batch_0005,order_00011687,order_00008306,ETH-USD,1980.48,414,2026-01-01T03:14:46Z
batch_0005,order_00009882,order_00008306,ETH-USD,1980.48,329,2026-01-01T02:44:41Z
batch_0005,order_00009882,order_00007336,ETH-USD,1980.54,69,2026-01-01T02:44:41Z
batch_0005,order_00010883,order_00007336,ETH-USD,1980.54,107,2026-01-01T03:01:22Z
batch_0005,order_00008696,order_00007336,ETH-USD,1980.54,84,2026-01-01T02:24:55Z
batch_0005,order_00008854,order_00007336,ETH-USD,1980.54,427,2026-01-01T02:27:33Z
batch_0005,order_00008854,order_00013047,ETH-USD,1980.57,62,2026-01-01T03:37:26Z
batch_0005,order_00014962,order_00013047,ETH-USD,1980.57,133,2026-01-01T04:09:21Z
batch_0005,order_00014962,order_00009446,ETH-USD,1980.75,516,2026-01-01T04:09:21Z
batch_0005,order_00013834,order_00009446,ETH-USD,1980.75,1,2026-01-01T03:50:33Z
batch_0005,order_00013834,order_00007682,ETH-USD,1980.77,20,2026-01-01T03:50:33Z
batch_0005,order_00011716,order_00007682,ETH-USD,1980.77,1,2026-01-01T03:15:15Z
batch_0005,order_00007825,order_00007682,ETH-USD,1980.77,632,2026-01-01T02:10:24Z
batch_0005,order_00006988,order_00007682,ETH-USD,1980.77,96,2026-01-01T02:08:01Z
batch_0005,order_00014286,order_00007682,ETH-USD,1980.77,183,2026-01-01T03:58:05Z
batch_0005,order_00014286,order_00007248,ETH-USD,1980.95,275,2026-01-01T03:58:05Z
batch_0005,order_00014286,order_00016435,ETH-USD,1980.96,357,2026-01-01T04:33:54Z
batch_0005,order_00007915,order_00016435,ETH-USD,1980.96,359,2026-01-01T04:33:54Z
batch_0005,order_00011363,order_00016435,ETH-USD,1980.96,129,2026-01-01T04:33:54Z
batch_0005,order_00011363,order_00012827,ETH-USD,1981.16,292,2026-01-01T03:33:46Z
batch_0005,order_00011793,order_00012827,ETH-USD,1981.16,40,2026-01-01T03:33:46Z
batch_0005,order_00009368,order_00012827,ETH-USD,1981.16,7,2026-01-01T03:33:46Z
batch_0005,order_00009368,order_00011906,ETH-USD,1981.35,600,2026-01-01T03:18:25Z
batch_0005,order_00010487,order_00011906,ETH-USD,1981.35,125,2026-01-01T03:18:25Z
batch_0005,order_00009608,order_00011906,ETH-USD,1981.35,273,2026-01-01T03:18:25Z
batch_0005,order_00009608,order_00015317,ETH-USD,1981.35,66,2026-01-01T04:15:16Z
batch_0005,order_00009608,order_00016077,ETH-USD,1981.43,205,2026-01-01T04:27:56Z
batch_0005,order_00013702,order_00016077,ETH-USD,1981.43,27,2026-01-01T04:27:56Z
batch_0005,order_00013772,order_00016077,ETH-USD,1981.43,99,2026-01-01T04:27:56Z
batch_0005,order_00013772,order_00009948,ETH-USD,1981.48,173,2026-01-01T03:49:31Z
batch_0005,order_00013416,order_00009948,ETH-USD,1981.48,84,2026-01-01T03:43:35Z
batch_0005,order_00013416,order_00008935,ETH-USD,1981.5,622,2026-01-01T03:43:35Z
batch_0005,order_00013416,order_00014313,ETH-USD,1981.64,250,2026-01-01T03:58:32Z
batch_0005,order_00011744,order_00014313,ETH-USD,1981.64,448,2026-01-01T03:58:32Z
batch_0005,order_00014788,order_00008707,ETH-USD,1981.69,680,2026-01-01T04:06:27Z
batch_0005,order_00009638,order_00008707,ETH-USD,1981.69,145,2026-01-01T02:40:37Z
batch_0005,order_00009638,order_00013484,ETH-USD,1981.72,11,2026-01-01T03:44:43Z
batch_0005,order_00009638,order_00013347,ETH-USD,1981.82,380,2026-01-01T03:42:26Z
batch_0005,order_00009638,order_00008164,ETH-USD,1981.94,454,2026-01-01T02:40:37Z
batch_0005,order_00014064,order_00008164,ETH-USD,1981.94,20,2026-01-01T03:54:23Z
batch_0005,order_00014064,order_00013689,ETH-USD,1981.95,411,2026-01-01T03:54:23Z
batch_0005,order_00010942,order_00013689,ETH-USD,1981.95,475,2026-01-01T03:48:08Z
batch_0005,order_00010942,order_00009023,ETH-USD,1982.0,196,2026-01-01T03:02:21Z
batch_0005,order_00012772,order_00009023,ETH-USD,1982.0,438,2026-01-01T03:32:51Z
batch_0005,order_00012772,order_00008276,ETH-USD,1982.2,368,2026-01-01T03:32:51Z
batch_0005,order_00014623,order_00008276,ETH-USD,1982.2,155,2026-01-01T04:03:42Z
batch_0005,order_00014623,order_00013769,ETH-USD,1982.28,526,2026-01-01T04:03:42Z
batch_0005,order_00014623,order_00011353,ETH-USD,1982.29,115,2026-01-01T04:03:42Z
batch_0005,order_00007390,order_00011353,ETH-USD,1982.29,105,2026-01-01T03:09:12Z
batch_0005,order_00007390,order_00007465,ETH-USD,1982.35,481,2026-01-01T02:04:24Z
batch_0005,order_00007390,order_00009612,ETH-USD,1982.54,223,2026-01-01T02:40:11Z
batch_0005,order_00007390,order_00010364,ETH-USD,1982.57,76,2026-01-01T02:52:43Z
batch_0005,order_00009891,order_00010364,ETH-USD,1982.57,787,2026-01-01T02:52:43Z
batch_0005,order_00009891,order_00014232,ETH-USD,1982.71,41,2026-01-01T03:57:11Z
batch_0005,order_00016291,order_00014232,ETH-USD,1982.71,571,2026-01-01T04:31:30Z
batch_0005,order_00016291,order_00008608,ETH-USD,1983.09,157,2026-01-01T04:31:30Z
batch_0005,order_00016291,order_00010443,ETH-USD,1983.09,220,2026-01-01T04:31:30Z
batch_0005,order_00007997,order_00010443,ETH-USD,1983.09,228,2026-01-01T02:54:02Z
batch_0005,order_00007997,order_00007535,ETH-USD,1983.2,600,2026-01-01T02:13:16Z
batch_0005,order_00007763,order_00007535,ETH-USD,1983.2,128,2026-01-01T02:09:22Z
batch_0005,order_00015444,order_00007535,ETH-USD,1983.2,60,2026-01-01T04:17:23Z
batch_0005,order_00015444,order_00010085,ETH-USD,1983.22,307,2026-01-01T04:17:23Z
batch_0005,order_00015444,order_00013724,ETH-USD,1983.23,143,2026-01-01T04:17:23Z
batch_0005,order_00015444,order_00013143,ETH-USD,1983.27,23,2026-01-01T04:17:23Z
batch_0005,order_00013296,order_00013143,ETH-USD,1983.27,314,2026-01-01T03:41:35Z
batch_0005,order_00013296,order_00012996,ETH-USD,1983.28,143,2026-01-01T03:41:35Z
batch_0005,order_00015433,order_00012996,ETH-USD,1983.28,450,2026-01-01T04:17:12Z
batch_0005,order_00015433,order_00015469,ETH-USD,1983.36,546,2026-01-01T04:17:48Z
batch_0005,order_00015719,order_00015469,ETH-USD,1983.36,178,2026-01-01T04:21:58Z
batch_0005,order_00015719,order_00010483,ETH-USD,1983.37,327,2026-01-01T04:21:58Z
batch_0005,order_00011628,order_00010483,ETH-USD,1983.37,306,2026-01-01T03:13:47Z
batch_0005,order_00011732,order_00010483,ETH-USD,1983.37,87,2026-01-01T03:15:31Z
batch_0005,order_00011732,order_00010059,ETH-USD,1983.47,81,2026-01-01T03:15:31Z
batch_0005,order_00011732,order_00007534,ETH-USD,1983.55,292,2026-01-01T03:15:31Z
batch_0005,order_00013584,order_00007534,ETH-USD,1983.55,507,2026-01-01T03:46:23Z
batch_0005,order_00013584,order_00009930,ETH-USD,1983.65,358,2026-01-01T03:46:23Z
batch_0005,order_00013584,order_00009316,ETH-USD,1983.75,107,2026-01-01T03:46:23Z
batch_0005,order_00014207,order_00009316,ETH-USD,1983.75,263,2026-01-01T03:56:46Z
batch_0005,order_00014207,order_00013587,ETH-USD,1983.76,682,2026-01-01T03:56:46Z
batch_0005,order_00010422,order_00013587,ETH-USD,1983.76,143,2026-01-01T03:46:26Z
batch_0005,order_00010422,order_00009620,ETH-USD,1983.93,215,2026-01-01T02:53:41Z
batch_0005,order_00011224,order_00009620,ETH-USD,1983.93,51,2026-01-01T03:07:03Z
batch_0005,order_00013987,order_00009620,ETH-USD,1983.93,52,2026-01-01T03:53:06Z
batch_0005,order_00013987,order_00007167,ETH-USD,1984.07,383,2026-01-01T03:53:06Z
batch_0005,order_00014344,order_00007167,ETH-USD,1984.07,198,2026-01-01T03:59:03Z
batch_0005,order_00014344,order_00014010,ETH-USD,1984.1,368,2026-01-01T03:59:03Z
batch_0005,order_00014344,order_00016593,ETH-USD,1984.2,19,2026-01-01T04:36:32Z
batch_0005,order_00014344,order_00013645,ETH-USD,1984.34,4,2026-01-01T03:59:03Z
batch_0005,order_00014344,order_00011250,ETH-USD,1984.37,15,2026-01-01T03:59:03Z
batch_0005,order_00014344,order_00011134,ETH-USD,1984.45,335,2026-01-01T03:59:03Z
batch_0005,order_00009552,order_00011134,ETH-USD,1984.45,122,2026-01-01T03:05:33Z
batch_0005,order_00009345,order_00011134,ETH-USD,1984.45,90,2026-01-01T03:05:33Z
batch_0005,order_00009345,order_00012723,ETH-USD,1984.47,354,2026-01-01T03:32:02Z
batch_0005,order_00014672,order_00012723,ETH-USD,1984.47,209,2026-01-01T04:04:31Z
batch_0005,order_00014672,order_00013025,ETH-USD,1984.51,294,2026-01-01T04:04:31Z
batch_0005,order_00015061,order_00015556,ETH-USD,1984.66,291,2026-01-01T04:19:15Z
batch_0005,order_00014106,order_00015556,ETH-USD,1984.66,572,2026-01-01T04:19:15Z
batch_0005,order_00014106,order_00009673,ETH-USD,1984.72,240,2026-01-01T03:55:05Z
batch_0005,order_00010104,order_00009673,ETH-USD,1984.72,151,2026-01-01T02:48:23Z
batch_0005,order_00010104,order_00010013,ETH-USD,1984.73,242,2026-01-01T02:48:23Z
batch_0005,order_00009275,order_00010013,ETH-USD,1984.73,295,2026-01-01T02:46:52Z
batch_0005,order_00009275,order_00011392,ETH-USD,1984.74,417,2026-01-01T03:09:51Z
batch_0005,order_00009275,order_00007149,ETH-USD,1984.76,38,2026-01-01T02:34:34Z
batch_0005,order_00009822,order_00007149,ETH-USD,1984.76,223,2026-01-01T02:43:41Z
batch_0005,order_00007988,order_00007149,ETH-USD,1984.76,364,2026-01-01T02:13:07Z
batch_0005,order_00007077,order_00007149,ETH-USD,1984.76,87,2026-01-01T01:59:08Z
batch_0005,order_00007077,order_00008583,ETH-USD,1984.81,11,2026-01-01T02:23:02Z
batch_0005,order_00008218,order_00008583,ETH-USD,1984.81,26,2026-01-01T02:23:02Z
batch_0005,order_00008510,order_00008583,ETH-USD,1984.81,204,2026-01-01T02:23:02Z
batch_0005,order_00008510,order_00013575,ETH-USD,1984.81,648,2026-01-01T03:46:14Z
batch_0005,order_00009140,order_00013575,ETH-USD,1984.81,27,2026-01-01T03:46:14Z
batch_0005,order_00006902,order_00013575,ETH-USD,1984.81,218,2026-01-01T03:46:14Z
batch_0005,order_00016599,order_00013575,ETH-USD,1984.81,19,2026-01-01T04:36:38Z
batch_0005,order_00016599,order_00010956,ETH-USD,1984.84,465,2026-01-01T04:36:38Z
batch_0005,order_00016599,order_00009955,ETH-USD,1984.94,91,2026-01-01T04:36:38Z
batch_0005,order_00015738,order_00009955,ETH-USD,1984.94,236,2026-01-01T04:22:17Z
batch_0005,order_00015738,order_00015194,ETH-USD,1985.0,244,2026-01-01T04:22:17Z
batch_0005,order_00010006,order_00015194,ETH-USD,1985.0,216,2026-01-01T04:13:13Z
batch_0005,order_00010006,order_00013122,ETH-USD,1985.01,231,2026-01-01T03:38:41Z
batch_0005,order_00016210,order_00013122,ETH-USD,1985.01,239,2026-01-01T04:30:09Z
batch_0005,order_00007002,order_00013122,ETH-USD,1985.01,138,2026-01-01T03:38:41Z
batch_0005,order_00007002,order_00008839,ETH-USD,1985.02,299,2026-01-01T02:27:18Z
batch_0005,order_00008140,order_00008839,ETH-USD,1985.02,22,2026-01-01T02:27:18Z
batch_0005,order_00008140,order_00013309,ETH-USD,1985.08,635,2026-01-01T03:41:48Z
batch_0005,order_00012355,order_00013309,ETH-USD,1985.08,273,2026-01-01T03:41:48Z
batch_0005,order_00012355,order_00012709,ETH-USD,1985.14,413,2026-01-01T03:31:48Z
batch_0005,order_00013978,order_00012709,ETH-USD,1985.14,246,2026-01-01T03:52:57Z
batch_0005,order_00010327,order_00012709,ETH-USD,1985.14,260,2026-01-01T03:31:48Z
batch_0005,order_00010327,order_00009783,ETH-USD,1985.16,97,2026-01-01T02:52:06Z
batch_0005,order_00013064,order_00009783,ETH-USD,1985.16,159,2026-01-01T03:37:43Z
batch_0005,order_00008485,order_00009783,ETH-USD,1985.16,239,2026-01-01T02:43:02Z
batch_0005,order_00016047,order_00009783,ETH-USD,1985.16,205,2026-01-01T04:27:26Z
batch_0005,order_00016047,order_00014641,ETH-USD,1985.21,254,2026-01-01T04:27:26Z
batch_0005,order_00007262,order_00014641,ETH-USD,1985.21,243,2026-01-01T04:04:00Z
batch_0005,order_00007262,order_00012406,ETH-USD,1985.23,538,2026-01-01T03:26:45Z
batch_0005,order_00011443,order_00012406,ETH-USD,1985.23,416,2026-01-01T03:26:45Z
batch_0005,order_00011443,order_00009876,ETH-USD,1985.24,264,2026-01-01T03:10:42Z
batch_0005,order_00011443,order_00008006,ETH-USD,1985.32,13,2026-01-01T03:10:42Z
batch_0005,order_00011143,order_00008006,ETH-USD,1985.32,482,2026-01-01T03:05:42Z
batch_0005,order_00013554,order_00008006,ETH-USD,1985.32,94,2026-01-01T03:45:53Z
batch_0005,order_00013554,order_00010128,ETH-USD,1985.34,151,2026-01-01T03:45:53Z
batch_0005,order_00013554,order_00009260,ETH-USD,1985.36,95,2026-01-01T03:45:53Z
batch_0005,order_00014626,order_00009260,ETH-USD,1985.36,693,2026-01-01T04:03:45Z
batch_0005,order_00009816,order_00009260,ETH-USD,1985.36,45,2026-01-01T02:43:35Z
batch_0005,order_00009816,order_00014771,ETH-USD,1985.4,296,2026-01-01T04:06:10Z
batch_0005,order_00008514,order_00014771,ETH-USD,1985.4,284,2026-01-01T04:06:10Z
batch_0005,order_00008514,order_00009375,ETH-USD,1985.43,228,2026-01-01T02:36:14Z
batch_0005,order_00008514,order_00016306,ETH-USD,1985.45,479,2026-01-01T04:31:45Z
batch_0005,order_00015132,order_00016306,ETH-USD,1985.45,379,2026-01-01T04:31:45Z
batch_0005,order_00015132,order_00010542,ETH-USD,1985.59,70,2026-01-01T04:12:11Z
batch_0005,order_00015132,order_00013871,ETH-USD,1985.62,361,2026-01-01T04:12:11Z
batch_0005,order_00013928,order_00013871,ETH-USD,1985.62,90,2026-01-01T03:52:07Z
batch_0005,order_00016600,order_00013871,ETH-USD,1985.62,140,2026-01-01T04:36:39Z
batch_0005,order_00016600,order_00012485,ETH-USD,1985.66,129,2026-01-01T04:36:39Z
batch_0005,order_00007498,order_00012485,ETH-USD,1985.66,173,2026-01-01T03:28:04Z
batch_0005,order_00007498,order_00013376,ETH-USD,1985.77,123,2026-01-01T03:42:55Z
batch_0005,order_00008821,order_00013376,ETH-USD,1985.77,675,2026-01-01T03:42:55Z
batch_0005,order_00008821,order_00010943,ETH-USD,1985.8,13,2026-01-01T03:02:22Z
batch_0005,order_00013101,order_00010943,ETH-USD,1985.8,17,2026-01-01T03:38:20Z
batch_0005,order_00013101,order_00012110,ETH-USD,1985.8,225,2026-01-01T03:38:20Z
batch_0005,order_00013101,order_00007269,ETH-USD,1985.86,233,2026-01-01T03:38:20Z
batch_0005,order_00013101,order_00010826,ETH-USD,1985.89,63,2026-01-01T03:38:20Z
batch_0005,order_00013101,order_00008815,ETH-USD,1985.9,344,2026-01-01T03:38:20Z
batch_0005,order_00016444,order_00008815,ETH-USD,1985.9,241,2026-01-01T04:34:03Z
batch_0005,order_00016444,order_00009346,ETH-USD,1985.99,279,2026-01-01T04:34:03Z
batch_0005,order_00016444,order_00010714,ETH-USD,1986.08,117,2026-01-01T04:34:03Z
batch_0005,order_00016444,order_00014629,ETH-USD,1986.09,77,2026-01-01T04:34:03Z
batch_0005,order_00011110,order_00014629,ETH-USD,1986.09,532,2026-01-01T04:03:48Z
batch_0005,order_00012479,order_00014629,ETH-USD,1986.09,245,2026-01-01T04:03:48Z
batch_0005,order_00012479,order_00014860,ETH-USD,1986.1,507,2026-01-01T04:07:39Z
batch_0005,order_00016315,order_00014860,ETH-USD,1986.1,14,2026-01-01T04:31:54Z
batch_0005,order_00006831,order_00014860,ETH-USD,1986.1,45,2026-01-01T04:07:39Z
batch_0005,order_00006831,order_00009562,ETH-USD,1986.23,651,2026-01-01T02:39:21Z
batch_0005,order_00006831,order_00014633,ETH-USD,1986.35,48,2026-01-01T04:03:52Z
batch_0005,order_00011688,order_00014633,ETH-USD,1986.35,307,2026-01-01T04:03:52Z
batch_0005,order_00010462,order_00014633,ETH-USD,1986.35,423,2026-01-01T04:03:52Z
batch_0005,order_00010462,order_00008857,ETH-USD,1986.39,253,2026-01-01T02:54:21Z
batch_0005,order_00010489,order_00008857,ETH-USD,1986.39,501,2026-01-01T02:54:48Z
batch_0005,order_00008348,order_00008857,ETH-USD,1986.39,107,2026-01-01T02:27:36Z
batch_0005,order_00008348,order_00013983,ETH-USD,1986.46,33,2026-01-01T03:53:02Z
batch_0005,order_00012629,order_00013983,ETH-USD,1986.46,567,2026-01-01T03:53:02Z
batch_0005,order_00008506,order_00013983,ETH-USD,1986.46,79,2026-01-01T03:53:02Z
batch_0005,order_00008506,order_00008946,ETH-USD,1986.48,148,2026-01-01T02:29:05Z
batch_0005,order_00008506,order_00014550,ETH-USD,1986.5,729,2026-01-01T04:02:29Z
batch_0005,order_00013406,order_00014550,ETH-USD,1986.5,265,2026-01-01T04:02:29Z
batch_0005,order_00013406,order_00012121,ETH-USD,1986.6,532,2026-01-01T03:43:25Z
batch_0005,order_00016044,order_00012121,ETH-USD,1986.6,464,2026-01-01T04:27:23Z
batch_0005,order_00016044,order_00011218,ETH-USD,1986.73,268,2026-01-01T04:27:23Z
batch_0005,order_00009411,order_00011218,ETH-USD,1986.73,137,2026-01-01T03:06:57Z
batch_0005,order_00009411,order_00015133,ETH-USD,1986.8,638,2026-01-01T04:12:12Z
batch_0005,order_00009411,order_00006760,ETH-USD,1987.0,166,2026-01-01T02:36:50Z
batch_0005,order_00010934,order_00006760,ETH-USD,1987.0,417,2026-01-01T03:02:13Z
batch_0005,order_00010934,order_00010672,ETH-USD,1987.01,277,2026-01-01T03:02:13Z
batch_0005,order_00010934,order_00012365,ETH-USD,1987.01,292,2026-01-01T03:26:04Z
batch_0005,order_00013501,order_00012365,ETH-USD,1987.01,514,2026-01-01T03:45:00Z
batch_0005,order_00013501,order_00006791,ETH-USD,1987.02,24,2026-01-01T03:45:00Z
batch_0005,order_00014493,order_00006791,ETH-USD,1987.02,494,2026-01-01T04:01:32Z
batch_0005,order_00011364,order_00006791,ETH-USD,1987.02,422,2026-01-01T03:09:23Z
batch_0005,order_00011364,order_00016160,ETH-USD,1987.05,154,2026-01-01T04:29:19Z
batch_0005,order_00015633,order_00016160,ETH-USD,1987.05,132,2026-01-01T04:29:19Z
batch_0005,order_00015633,order_00014919,ETH-USD,1987.11,340,2026-01-01T04:20:32Z
batch_0005,order_00007698,order_00014919,ETH-USD,1987.11,13,2026-01-01T04:08:38Z
batch_0005,order_00007698,order_00015464,ETH-USD,1987.3,311,2026-01-01T04:17:43Z
batch_0005,order_00016582,order_00015464,ETH-USD,1987.3,266,2026-01-01T04:36:21Z
batch_0005,order_00016582,order_00012977,ETH-USD,1987.4,308,2026-01-01T04:36:21Z
batch_0005,order_00011100,order_00012977,ETH-USD,1987.4,57,2026-01-01T03:36:16Z
batch_0005,order_00011100,order_00016523,ETH-USD,1987.44,814,2026-01-01T04:35:22Z
batch_0005,order_00011100,order_00011515,ETH-USD,1987.46,121,2026-01-01T03:11:54Z
batch_0005,order_00016150,order_00011515,ETH-USD,1987.46,859,2026-01-01T04:29:09Z
batch_0005,order_00016116,order_00011515,ETH-USD,1987.46,10,2026-01-01T04:28:35Z
batch_0005,order_00016116,order_00014293,ETH-USD,1987.53,585,2026-01-01T04:28:35Z
batch_0005,order_00016116,order_00015991,ETH-USD,1987.56,386,2026-01-01T04:28:35Z
batch_0005,order_00011758,order_00015991,ETH-USD,1987.56,587,2026-01-01T04:26:30Z
batch_0005,order_00011758,order_00014421,ETH-USD,1987.85,357,2026-01-01T04:00:20Z
batch_0005,order_00010744,order_00014421,ETH-USD,1987.85,35,2026-01-01T04:00:20Z
batch_0005,order_00010744,order_00010149,ETH-USD,1987.91,231,2026-01-01T02:59:03Z
batch_0005,order_00015131,order_00010149,ETH-USD,1987.91,701,2026-01-01T04:12:10Z
batch_0005,order_00015131,order_00010907,ETH-USD,1987.91,268,2026-01-01T04:12:10Z
batch_0005,order_00011051,order_00010907,ETH-USD,1987.91,60,2026-01-01T03:04:10Z
batch_0005,order_00011051,order_00011298,ETH-USD,1987.99,353,2026-01-01T03:08:17Z
batch_0005,order_00013557,order_00011298,ETH-USD,1987.99,462,2026-01-01T03:45:56Z
batch_0005,order_00013557,order_00010491,ETH-USD,1988.05,513,2026-01-01T03:45:56Z
batch_0005,order_00013557,order_00016025,ETH-USD,1988.07,16,2026-01-01T04:27:04Z
batch_0005,order_00006929,order_00016025,ETH-USD,1988.07,4,2026-01-01T04:27:04Z
batch_0005,order_00011973,order_00016025,ETH-USD,1988.07,273,2026-01-01T04:27:04Z
batch_0005,order_00011973,order_00013582,ETH-USD,1988.13,278,2026-01-01T03:46:21Z
batch_0005,order_00011973,order_00014332,ETH-USD,1988.14,275,2026-01-01T03:58:51Z
batch_0005,order_00012759,order_00014332,ETH-USD,1988.14,13,2026-01-01T03:58:51Z
batch_0005,order_00012759,order_00008491,ETH-USD,1988.18,626,2026-01-01T03:32:38Z
batch_0005,order_00009268,order_00008491,ETH-USD,1988.18,173,2026-01-01T02:34:27Z
batch_0005,order_00015930,order_00008491,ETH-USD,1988.18,83,2026-01-01T04:25:29Z
batch_0005,order_00015721,order_00008491,ETH-USD,1988.18,14,2026-01-01T04:22:00Z
batch_0005,order_00015721,order_00012164,ETH-USD,1988.21,714,2026-01-01T04:22:00Z
batch_0005,order_00015721,order_00010864,ETH-USD,1988.22,115,2026-01-01T04:22:00Z
batch_0005,order_00016534,order_00010864,ETH-USD,1988.22,561,2026-01-01T04:35:33Z
batch_0005,order_00016534,order_00012793,ETH-USD,1988.22,77,2026-01-01T04:35:33Z
batch_0005,order_00016162,order_00012793,ETH-USD,1988.22,133,2026-01-01T04:29:21Z
batch_0005,order_00016162,order_00009024,ETH-USD,1988.25,443,2026-01-01T04:29:21Z
batch_0005,order_00011931,order_00009024,ETH-USD,1988.25,521,2026-01-01T03:18:50Z
batch_0005,order_00011931,order_00009984,ETH-USD,1988.28,239,2026-01-01T03:18:50Z
batch_0005,order_00011638,order_00009984,ETH-USD,1988.28,369,2026-01-01T03:13:57Z
batch_0005,order_00014322,order_00009984,ETH-USD,1988.28,15,2026-01-01T03:58:41Z
batch_0005,order_00013784,order_00009984,ETH-USD,1988.28,140,2026-01-01T03:49:43Z
batch_0005,order_00013784,order_00012250,ETH-USD,1988.29,65,2026-01-01T03:49:43Z
batch_0005,order_00007299,order_00012250,ETH-USD,1988.29,639,2026-01-01T03:24:09Z
batch_0005,order_00007299,order_00011963,ETH-USD,1988.33,216,2026-01-01T03:19:22Z
batch_0005,order_00010867,order_00011963,ETH-USD,1988.33,161,2026-01-01T03:19:22Z
batch_0005,order_00010867,order_00014038,ETH-USD,1988.33,161,2026-01-01T03:53:57Z
batch_0005,order_00009325,order_00014038,ETH-USD,1988.33,38,2026-01-01T03:53:57Z
batch_0005,order_00008479,order_00014038,ETH-USD,1988.33,697,2026-01-01T03:53:57Z
batch_0005,order_00008479,order_00016325,ETH-USD,1988.49,183,2026-01-01T04:32:04Z
batch_0005,order_00013811,order_00016325,ETH-USD,1988.49,72,2026-01-01T04:32:04Z
batch_0005,order_00013811,order_00012177,ETH-USD,1988.72,411,2026-01-01T03:50:10Z
batch_0005,order_00009999,order_00012177,ETH-USD,1988.72,1,2026-01-01T03:22:56Z
batch_0005,order_00009999,order_00013065,ETH-USD,1988.83,15,2026-01-01T03:37:44Z
batch_0005,order_00009999,order_00012624,ETH-USD,1989.03,664,2026-01-01T03:30:23Z
batch_0005,order_00014384,order_00012624,ETH-USD,1989.03,97,2026-01-01T03:59:43Z
batch_0005,order_00014384,order_00008317,ETH-USD,1989.06,26,2026-01-01T03:59:43Z
batch_0005,order_00010331,order_00008317,ETH-USD,1989.06,564,2026-01-01T02:52:10Z
batch_0005,order_00010331,order_00012447,ETH-USD,1989.13,158,2026-01-01T03:27:26Z
batch_0005,order_00010331,order_00006840,ETH-USD,1989.3,172,2026-01-01T02:52:10Z
batch_0005,order_00015204,order_00006840,ETH-USD,1989.3,273,2026-01-01T04:13:23Z
batch_0005,order_00015204,order_00010112,ETH-USD,1989.38,286,2026-01-01T04:13:23Z
batch_0005,order_00012055,order_00010112,ETH-USD,1989.38,179,2026-01-01T03:20:54Z
batch_0005,order_00012526,order_00010112,ETH-USD,1989.38,114,2026-01-01T03:28:45Z
batch_0005,order_00010195,order_00010112,ETH-USD,1989.38,166,2026-01-01T02:49:54Z
batch_0005,order_00010195,order_00008966,ETH-USD,1989.42,78,2026-01-01T02:49:54Z
batch_0005,order_00010746,order_00008966,ETH-USD,1989.42,501,2026-01-01T02:59:05Z
batch_0005,order_00010746,order_00010671,ETH-USD,1989.43,170,2026-01-01T02:59:05Z
batch_0005,order_00010746,order_00014296,ETH-USD,1989.43,130,2026-01-01T03:58:15Z
batch_0005,order_00008562,order_00014296,ETH-USD,1989.43,190,2026-01-01T03:58:15Z
batch_0005,order_00008562,order_00013957,ETH-USD,1989.55,445,2026-01-01T03:52:36Z
batch_0005,order_00015389,order_00013957,ETH-USD,1989.55,126,2026-01-01T04:16:28Z
batch_0005,order_00015389,order_00013036,ETH-USD,1989.57,375,2026-01-01T04:16:28Z
batch_0005,order_00015389,order_00010075,ETH-USD,1989.58,321,2026-01-01T04:16:28Z
batch_0005,order_00009185,order_00010075,ETH-USD,1989.58,287,2026-01-01T02:47:54Z
batch_0005,order_00009185,order_00011629,ETH-USD,1989.68,38,2026-01-01T03:13:48Z
batch_0005,order_00009185,order_00008076,ETH-USD,1989.69,408,2026-01-01T02:33:04Z
batch_0005,order_00006681,order_00008076,ETH-USD,1989.69,11,2026-01-01T02:14:35Z
batch_0005,order_00006681,order_00013367,ETH-USD,1989.88,92,2026-01-01T03:42:46Z
batch_0005,order_00006681,order_00010581,ETH-USD,1989.89,399,2026-01-01T02:56:20Z
batch_0005,order_00008823,order_00010581,ETH-USD,1989.89,102,2026-01-01T02:56:20Z
batch_0005,order_00008823,order_00011205,ETH-USD,1989.94,442,2026-01-01T03:06:44Z
batch_0005,order_00008823,order_00008111,ETH-USD,1990.16,399,2026-01-01T02:27:02Z
batch_0005,order_00012245,order_00008111,ETH-USD,1990.16,191,2026-01-01T03:24:04Z
batch_0005,order_00012245,order_00007649,ETH-USD,1990.25,299,2026-01-01T03:24:04Z
batch_0005,order_00013859,order_00007649,ETH-USD,1990.25,435,2026-01-01T03:50:58Z
batch_0005,order_00014229,order_00007649,ETH-USD,1990.25,117,2026-01-01T03:57:08Z
batch_0005,order_00014229,order_00015270,ETH-USD,1990.32,309,2026-01-01T04:14:29Z
batch_0005,order_00010978,order_00015270,ETH-USD,1990.32,48,2026-01-01T04:14:29Z
batch_0005,order_00010978,order_00008404,ETH-USD,1990.65,603,2026-01-01T03:02:57Z
batch_0005,order_00007505,order_00008404,ETH-USD,1990.65,170,2026-01-01T02:20:03Z
batch_0005,order_00007505,order_00015067,ETH-USD,1990.7,149,2026-01-01T04:11:06Z
batch_0005,order_00007505,order_00007923,ETH-USD,1990.71,91,2026-01-01T02:12:02Z
batch_0005,order_00007505,order_00012818,ETH-USD,1990.72,455,2026-01-01T03:33:37Z
batch_0005,order_00007505,order_00008542,ETH-USD,1990.73,108,2026-01-01T02:22:21Z
batch_0005,order_00010568,order_00008542,ETH-USD,1990.73,613,2026-01-01T02:56:07Z
batch_0005,order_00010568,order_00006736,ETH-USD,1990.96,46,2026-01-01T02:56:07Z
batch_0005,order_00012368,order_00006736,ETH-USD,1990.96,442,2026-01-01T03:26:07Z
batch_0005,order_00012368,order_00010953,ETH-USD,1991.19,374,2026-01-01T03:26:07Z
batch_0005,order_00009391,order_00010953,ETH-USD,1991.19,305,2026-01-01T03:02:32Z
batch_0005,order_00012877,order_00010953,ETH-USD,1991.19,144,2026-01-01T03:34:36Z
batch_0005,order_00014285,order_00010953,ETH-USD,1991.19,22,2026-01-01T03:58:04Z
batch_0005,order_00014285,order_00006801,ETH-USD,1991.31,455,2026-01-01T03:58:04Z
batch_0005,order_00016055,order_00006801,ETH-USD,1991.31,256,2026-01-01T04:27:34Z
batch_0005,order_00016055,order_00013741,ETH-USD,1991.38,213,2026-01-01T04:27:34Z
batch_0005,order_00016055,order_00008519,ETH-USD,1991.45,14,2026-01-01T04:27:34Z
batch_0005,order_00013853,order_00008519,ETH-USD,1991.45,376,2026-01-01T03:50:52Z
batch_0005,order_00013853,order_00011561,ETH-USD,1991.48,470,2026-01-01T03:50:52Z
batch_0005,order_00016010,order_00011561,ETH-USD,1991.48,255,2026-01-01T04:26:49Z
batch_0005,order_00016010,order_00008722,ETH-USD,1991.56,544,2026-01-01T04:26:49Z
batch_0005,order_00016010,order_00013920,ETH-USD,1991.75,23,2026-01-01T04:26:49Z
batch_0005,order_00016010,order_00014003,ETH-USD,1991.81,166,2026-01-01T04:26:49Z
batch_0005,order_00006690,order_00014003,ETH-USD,1991.81,276,2026-01-01T03:53:22Z
batch_0005,order_00006690,order_00014388,ETH-USD,1991.83,2,2026-01-01T03:59:47Z
batch_0005,order_00009183,order_00014388,ETH-USD,1991.83,860,2026-01-01T03:59:47Z
batch_0005,order_00009183,order_00013311,ETH-USD,1992.0,122,2026-01-01T03:41:50Z
batch_0005,order_00015454,order_00013311,ETH-USD,1992.0,136,2026-01-01T04:17:33Z
batch_0005,order_00015454,order_00008644,ETH-USD,1992.02,46,2026-01-01T04:17:33Z
batch_0005,order_00007595,order_00008644,ETH-USD,1992.02,66,2026-01-01T02:24:03Z
batch_0005,order_00007595,order_00014053,ETH-USD,1992.05,515,2026-01-01T03:54:12Z
batch_0005,order_00007595,order_00011039,ETH-USD,1992.06,312,2026-01-01T03:03:58Z
batch_0005,order_00007595,order_00013395,ETH-USD,1992.17,32,2026-01-01T03:43:14Z
batch_0005,order_00009209,order_00013395,ETH-USD,1992.17,592,2026-01-01T03:43:14Z
batch_0005,order_00010713,order_00013395,ETH-USD,1992.17,49,2026-01-01T03:43:14Z
batch_0005,order_00010713,order_00008697,ETH-USD,1992.28,125,2026-01-01T02:58:32Z
batch_0005,order_00010713,order_00013068,ETH-USD,1992.31,428,2026-01-01T03:37:47Z
batch_0005,order_00010713,order_00009743,ETH-USD,1992.35,62,2026-01-01T02:58:32Z
batch_0005,order_00010713,order_00015229,ETH-USD,1992.51,61,2026-01-01T04:13:48Z
batch_0005,order_00010713,order_00015780,ETH-USD,1992.57,12,2026-01-01T04:22:59Z
batch_0005,order_00008460,order_00015780,ETH-USD,1992.57,301,2026-01-01T04:22:59Z
batch_0005,order_00008460,order_00007797,ETH-USD,1992.73,157,2026-01-01T02:20:59Z
batch_0005,order_00008460,order_00014840,ETH-USD,1992.93,177,2026-01-01T04:07:19Z
batch_0005,order_00009652,order_00014840,ETH-USD,1992.93,246,2026-01-01T04:07:19Z
batch_0005,order_00009652,order_00011011,ETH-USD,1993.07,138,2026-01-01T03:03:30Z
batch_0005,order_00009652,order_00016282,ETH-USD,1993.13,149,2026-01-01T04:31:21Z
batch_0005,order_00008058,order_00016282,ETH-USD,1993.13,312,2026-01-01T04:31:21Z
batch_0005,order_00008058,order_00009305,ETH-USD,1993.14,261,2026-01-01T02:35:04Z
batch_0005,order_00010747,order_00009305,ETH-USD,1993.14,425,2026-01-01T02:59:06Z
batch_0005,order_00010747,order_00006696,ETH-USD,1993.33,92,2026-01-01T02:59:06Z
batch_0005,order_00010747,order_00008398,ETH-USD,1993.35,108,2026-01-01T02:59:06Z
batch_0005,order_00009747,order_00008398,ETH-USD,1993.35,193,2026-01-01T02:42:26Z
batch_0005,order_00009899,order_00008398,ETH-USD,1993.35,424,2026-01-01T02:44:58Z
batch_0005,order_00015109,order_00008398,ETH-USD,1993.35,274,2026-01-01T04:11:48Z
batch_0005,order_00015109,order_00007816,ETH-USD,1993.38,472,2026-01-01T04:11:48Z
batch_0005,order_00015109,order_00010977,ETH-USD,1993.42,160,2026-01-01T04:11:48Z
batch_0005,order_00013636,order_00010977,ETH-USD,1993.42,313,2026-01-01T03:47:15Z
batch_0005,order_00013636,order_00010702,ETH-USD,1993.56,206,2026-01-01T03:47:15Z
batch_0005,order_00011244,order_00010702,ETH-USD,1993.56,231,2026-01-01T03:07:23Z
batch_0005,order_00011244,order_00010776,ETH-USD,1993.58,99,2026-01-01T03:07:23Z
batch_0005,order_00011244,order_00014108,ETH-USD,1993.63,312,2026-01-01T03:55:07Z
batch_0005,order_00010506,order_00014108,ETH-USD,1993.63,21,2026-01-01T03:55:07Z
batch_0005,order_00010506,order_00011652,ETH-USD,1993.77,308,2026-01-01T03:14:11Z
batch_0005,order_00010506,order_00007896,ETH-USD,1993.79,82,2026-01-01T02:55:05Z
batch_0005,order_00009658,order_00007896,ETH-USD,1993.79,153,2026-01-01T02:40:57Z
batch_0005,order_00009658,order_00012214,ETH-USD,1993.97,426,2026-01-01T03:23:33Z
batch_0005,order_00009658,order_00015359,ETH-USD,1993.98,227,2026-01-01T04:15:58Z
batch_0005,order_00011042,order_00015359,ETH-USD,1993.98,14,2026-01-01T04:15:58Z
batch_0005,order_00011042,order_00016271,ETH-USD,1994.06,687,2026-01-01T04:31:10Z
batch_0005,order_00012894,order_00016271,ETH-USD,1994.06,110,2026-01-01T04:31:10Z
batch_0005,order_00012894,order_00016217,ETH-USD,1994.18,492,2026-01-01T04:30:16Z
batch_0005,order_00012894,order_00013307,ETH-USD,1994.25,36,2026-01-01T03:41:46Z
batch_0005,order_00012894,order_00014813,ETH-USD,1994.33,278,2026-01-01T04:06:52Z
batch_0005,order_00006980,order_00014813,ETH-USD,1994.33,360,2026-01-01T04:06:52Z
batch_0005,order_00006980,order_00010705,ETH-USD,1994.38,71,2026-01-01T02:58:24Z
batch_0005,order_00012800,order_00010705,ETH-USD,1994.38,7,2026-01-01T03:33:19Z
batch_0005,order_00009404,order_00010705,ETH-USD,1994.38,390,2026-01-01T02:58:24Z
batch_0005,order_00009404,order_00007219,ETH-USD,1994.62,136,2026-01-01T02:36:43Z
batch_0005,order_00015245,order_00007219,ETH-USD,1994.62,154,2026-01-01T04:14:04Z
batch_0005,order_00015245,order_00008264,ETH-USD,1994.62,769,2026-01-01T04:14:04Z
batch_0005,order_00015245,order_00015886,ETH-USD,1994.68,76,2026-01-01T04:24:45Z
batch_0005,order_00010030,order_00015886,ETH-USD,1994.68,116,2026-01-01T04:24:45Z
batch_0005,order_00012057,order_00015886,ETH-USD,1994.68,717,2026-01-01T04:24:45Z
batch_0005,order_00014059,order_00009521,ETH-USD,1994.84,42,2026-01-01T03:54:18Z
batch_0005,order_00014059,order_00006723,ETH-USD,1994.95,264,2026-01-01T03:54:18Z
batch_0005,order_00010389,order_00006723,ETH-USD,1994.95,2,2026-01-01T02:53:08Z
batch_0005,order_00009374,order_00006723,ETH-USD,1994.95,177,2026-01-01T02:36:13Z
batch_0005,order_00009374,order_00016138,ETH-USD,1994.95,200,2026-01-01T04:28:57Z
batch_0005,order_00010234,order_00016138,ETH-USD,1994.95,88,2026-01-01T04:28:57Z
batch_0005,order_00008457,order_00016138,ETH-USD,1994.95,29,2026-01-01T04:28:57Z
batch_0005,order_00008457,order_00009954,ETH-USD,1994.97,487,2026-01-01T02:45:53Z
batch_0005,order_00009682,order_00009954,ETH-USD,1994.97,77,2026-01-01T02:45:53Z
batch_0005,order_00009682,order_00013991,ETH-USD,1995.06,179,2026-01-01T03:53:10Z
batch_0005,order_00009682,order_00016182,ETH-USD,1995.2,407,2026-01-01T04:29:41Z
batch_0005,order_00009682,order_00013506,ETH-USD,1995.3,235,2026-01-01T03:45:05Z
batch_0005,order_00013995,order_00013506,ETH-USD,1995.3,334,2026-01-01T03:53:14Z
batch_0005,order_00013995,order_00014479,ETH-USD,1995.4,425,2026-01-01T04:01:18Z
batch_0005,order_00015965,order_00014479,ETH-USD,1995.4,198,2026-01-01T04:26:04Z
