order_id,batch_id,trader_id,symbol,side,price,quantity,timestamp
order_00001601,batch_0004,trader_0021,ETH-USD,BUY,1939.86,342,2026-01-01T00:26:40Z
order_00001602,batch_0004,trader_0010,ETH-USD,BUY,1880.47,656,2026-01-01T00:26:41Z
order_00001603,batch_0004,trader_0017,ETH-USD,BUY,1923.11,70,2026-01-01T00:26:42Z
order_00001604,batch_0004,trader_0022,ETH-USD,SELL,1802.45,786,2026-01-01T00:26:43Z
order_00001605,batch_0004,trader_0020,ETH-USD,BUY,2089.76,406,2026-01-01T00:26:44Z
order_00001606,batch_0004,trader_0011,ETH-USD,SELL,1870.25,853,2026-01-01T00:26:45Z
order_00001607,batch_0004,trader_0016,ETH-USD,SELL,2068.99,945,2026-01-01T00:26:46Z
order_00001608,batch_0004,trader_0005,ETH-USD,SELL,1854.3,662,2026-01-01T00:26:47Z
order_00001609,batch_0004,trader_0011,ETH-USD,SELL,2146.09,914,2026-01-01T00:26:48Z
order_00001610,batch_0004,trader_0024,ETH-USD,BUY,1965.58,834,2026-01-01T00:26:49Z
order_00001611,batch_0004,trader_0024,ETH-USD,BUY,1919.74,534,2026-01-01T00:26:50Z
order_00001612,batch_0004,trader_0007,ETH-USD,SELL,2014.35,569,2026-01-01T00:26:51Z
order_00001613,batch_0004,trader_0012,ETH-USD,SELL,2119.81,340,2026-01-01T00:26:52Z
order_00001614,batch_0004,trader_0001,ETH-USD,BUY,1912.18,153,2026-01-01T00:26:53Z
order_00001615,batch_0004,trader_0006,ETH-USD,BUY,2050.6,385,2026-01-01T00:26:54Z
order_00001616,batch_0004,trader_0004,ETH-USD,SELL,1874.95,399,2026-01-01T00:26:55Z
order_00001617,batch_0004,trader_0011,ETH-USD,SELL,1923.31,770,2026-01-01T00:26:56Z
order_00001618,batch_0004,trader_0016,ETH-USD,SELL,1965.55,279,2026-01-01T00:26:57Z
order_00001619,batch_0004,trader_0010,ETH-USD,SELL,1980.76,381,2026-01-01T00:26:58Z
order_00001620,batch_0004,trader_0012,ETH-USD,BUY,1870.01,310,2026-01-01T00:26:59Z
order_00001621,batch_0004,trader_0003,ETH-USD,SELL,1880.84,797,2026-01-01T00:27:00Z
order_00001622,batch_0004,trader_0017,ETH-USD,BUY,2119.61,26,2026-01-01T00:27:01Z
order_00001623,batch_0004,trader_0024,ETH-USD,BUY,2169.45,349,2026-01-01T00:27:02Z
order_00001624,batch_0004,trader_0005,ETH-USD,SELL,2110.21,318,2026-01-01T00:27:03Z
order_00001625,batch_0004,trader_0017,ETH-USD,SELL,2128.86,101,2026-01-01T00:27:04Z
order_00001626,batch_0004,trader_0002,ETH-USD,SELL,1882.07,136,2026-01-01T00:27:05Z
order_00001627,batch_0004,trader_0004,ETH-USD,BUY,2145.92,731,2026-01-01T00:27:06Z
order_00001628,batch_0004,trader_0020,ETH-USD,BUY,1817.61,955,2026-01-01T00:27:07Z
order_00001629,batch_0004,trader_0002,ETH-USD,SELL,1986.75,342,2026-01-01T00:27:08Z
order_00001630,batch_0004,trader_0010,ETH-USD,BUY,2063.59,785,2026-01-01T00:27:09Z
order_00001631,batch_0004,trader_0007,ETH-USD,BUY,1924.86,777,2026-01-01T00:27:10Z
order_00001632,batch_0004,trader_0018,ETH-USD,BUY,1914.63,198,2026-01-01T00:27:11Z
order_00001633,batch_0004,trader_0009,ETH-USD,BUY,2068.45,452,2026-01-01T00:27:12Z
order_00001634,batch_0004,trader_0020,ETH-USD,BUY,1845.78,281,2026-01-01T00:27:13Z
order_00001635,batch_0004,trader_0012,ETH-USD,SELL,1882.63,105,2026-01-01T00:27:14Z
order_00001636,batch_0004,trader_0023,ETH-USD,SELL,1856.62,278,2026-01-01T00:27:15Z
order_00001637,batch_0004,trader_0003,ETH-USD,SELL,1897.93,588,2026-01-01T00:27:16Z
order_00001638,batch_0004,trader_0015,ETH-USD,BUY,1935.5,914,2026-01-01T00:27:17Z
order_00001639,batch_0004,trader_0022,ETH-USD,BUY,1988.29,30,2026-01-01T00:27:18Z
order_00001640,batch_0004,trader_0014,ETH-USD,BUY,1821.52,393,2026-01-01T00:27:19Z
order_00001641,batch_0004,trader_0019,ETH-USD,BUY,2038.45,722,2026-01-01T00:27:20Z
order_00001642,batch_0004,trader_0020,ETH-USD,SELL,2079.75,707,2026-01-01T00:27:21Z
order_00001643,batch_0004,trader_0023,ETH-USD,BUY,2126.98,341,2026-01-01T00:27:22Z
order_00001644,batch_0004,trader_0025,ETH-USD,SELL,2013.39,829,2026-01-01T00:27:23Z
order_00001645,batch_0004,trader_0023,ETH-USD,SELL,1852.72,582,2026-01-01T00:27:24Z
order_00001646,batch_0004,trader_0021,ETH-USD,BUY,1924.16,467,2026-01-01T00:27:25Z
order_00001647,batch_0004,trader_0008,ETH-USD,SELL,1988.22,477,2026-01-01T00:27:26Z
order_00001648,batch_0004,trader_0012,ETH-USD,BUY,2046.78,918,2026-01-01T00:27:27Z
order_00001649,batch_0004,trader_0011,ETH-USD,BUY,2166.91,717,2026-01-01T00:27:28Z
order_00001650,batch_0004,trader_0016,ETH-USD,SELL,1929.9,904,2026-01-01T00:27:29Z
order_00001651,batch_0004,trader_0016,ETH-USD,BUY,1845.15,487,2026-01-01T00:27:30Z
order_00001652,batch_0004,trader_0012,ETH-USD,BUY,1912.9,175,2026-01-01T00:27:31Z
order_00001653,batch_0004,trader_0013,ETH-USD,SELL,2003.18,131,2026-01-01T00:27:32Z
order_00001654,batch_0004,trader_0018,ETH-USD,SELL,1842.79,816,2026-01-01T00:27:33Z
order_00001655,batch_0004,trader_0015,ETH-USD,SELL,1920.85,812,2026-01-01T00:27:34Z
order_00001656,batch_0004,trader_0008,ETH-USD,BUY,1895.43,424,2026-01-01T00:27:35Z
order_00001657,batch_0004,trader_0003,ETH-USD,SELL,1992.95,998,2026-01-01T00:27:36Z
order_00001658,batch_0004,trader_0014,ETH-USD,BUY,2077.62,834,2026-01-01T00:27:37Z
order_00001659,batch_0004,trader_0011,ETH-USD,SELL,2026.88,446,2026-01-01T00:27:38Z
order_00001660,batch_0004,trader_0022,ETH-USD,SELL,1869.23,242,2026-01-01T00:27:39Z
order_00001661,batch_0004,trader_0016,ETH-USD,BUY,2084.76,954,2026-01-01T00:27:40Z
order_00001662,batch_0004,trader_0018,ETH-USD,BUY,1985.16,611,2026-01-01T00:27:41Z
order_00001663,batch_0004,trader_0013,ETH-USD,BUY,1870.47,456,2026-01-01T00:27:42Z
order_00001664,batch_0004,trader_0020,ETH-USD,BUY,2074.2,112,2026-01-01T00:27:43Z
order_00001665,batch_0004,trader_0021,ETH-USD,SELL,1930.96,389,2026-01-01T00:27:44Z
order_00001666,batch_0004,trader_0005,ETH-USD,SELL,1887.04,93,2026-01-01T00:27:45Z
order_00001667,batch_0004,trader_0001,ETH-USD,SELL,2102.0,925,2026-01-01T00:27:46Z
order_00001668,batch_0004,trader_0018,ETH-USD,SELL,1859.69,677,2026-01-01T00:27:47Z
order_00001669,batch_0004,trader_0007,ETH-USD,BUY,2031.17,631,2026-01-01T00:27:48Z
order_00001670,batch_0004,trader_0019,ETH-USD,BUY,1926.64,899,2026-01-01T00:27:49Z
order_00001671,batch_0004,trader_0014,ETH-USD,SELL,1921.82,696,2026-01-01T00:27:50Z
order_00001672,batch_0004,trader_0003,ETH-USD,SELL,1937.71,938,2026-01-01T00:27:51Z
order_00001673,batch_0004,trader_0013,ETH-USD,SELL,2194.57,627,2026-01-01T00:27:52Z
order_00001674,batch_0004,trader_0012,ETH-USD,SELL,1917.67,873,2026-01-01T00:27:53Z
order_00001675,batch_0004,trader_0023,ETH-USD,SELL,1821.25,992,2026-01-01T00:27:54Z
order_00001676,batch_0004,trader_0010,ETH-USD,SELL,1843.88,368,2026-01-01T00:27:55Z
order_00001677,batch_0004,trader_0019,ETH-USD,SELL,1972.69,241,2026-01-01T00:27:56Z
order_00001678,batch_0004,trader_0013,ETH-USD,BUY,2084.71,326,2026-01-01T00:27:57Z
order_00001679,batch_0004,trader_0006,ETH-USD,BUY,1884.49,559,2026-01-01T00:27:58Z
order_00001680,batch_0004,trader_0012,ETH-USD,BUY,2022.17,193,2026-01-01T00:27:59Z
order_00001681,batch_0004,trader_0022,ETH-USD,SELL,1915.39,158,2026-01-01T00:28:00Z
order_00001682,batch_0004,trader_0001,ETH-USD,BUY,1828.7,12,2026-01-01T00:28:01Z
order_00001683,batch_0004,trader_0014,ETH-USD,BUY,1994.68,907,2026-01-01T00:28:02Z
order_00001684,batch_0004,trader_0021,ETH-USD,SELL,1833.87,140,2026-01-01T00:28:03Z
order_00001685,batch_0004,trader_0023,ETH-USD,SELL,1982.41,881,2026-01-01T00:28:04Z
order_00001686,batch_0004,trader_0015,ETH-USD,SELL,2049.3,436,2026-01-01T00:28:05Z
order_00001687,batch_0004,trader_0013,ETH-USD,SELL,2128.03,566,2026-01-01T00:28:06Z
order_00001688,batch_0004,trader_0001,ETH-USD,BUY,1969.91,191,2026-01-01T00:28:07Z
order_00001689,batch_0004,trader_0023,ETH-USD,SELL,2092.37,868,2026-01-01T00:28:08Z
order_00001690,batch_0004,trader_0019,ETH-USD,SELL,2170.63,421,2026-01-01T00:28:09Z
order_00001691,batch_0004,trader_0023,ETH-USD,BUY,2027.26,39,2026-01-01T00:28:10Z
order_00001692,batch_0004,trader_0023,ETH-USD,BUY,1992.61,595,2026-01-01T00:28:11Z
order_00001693,batch_0004,trader_0025,ETH-USD,BUY,2092.52,748,2026-01-01T00:28:12Z
order_00001694,batch_0004,trader_0017,ETH-USD,SELL,2006.78,477,2026-01-01T00:28:13Z
order_00001695,batch_0004,trader_0021,ETH-USD,SELL,1898.09,91,2026-01-01T00:28:14Z
order_00001696,batch_0004,trader_0022,ETH-USD,SELL,2067.49,984,2026-01-01T00:28:15Z
order_00001697,batch_0004,trader_0020,ETH-USD,SELL,2031.85,818,2026-01-01T00:28:16Z
order_00001698,batch_0004,trader_0001,ETH-USD,BUY,2014.01,352,2026-01-01T00:28:17Z
order_00001699,batch_0004,trader_0019,ETH-USD,BUY,2162.42,525,2026-01-01T00:28:18Z
order_00001700,batch_0004,trader_0010,ETH-USD,SELL,1941.17,432,2026-01-01T00:28:19Z
order_00001701,batch_0004,trader_0020,ETH-USD,BUY,2078.02,37,2026-01-01T00:28:20Z
order_00001702,batch_0004,trader_0009,ETH-USD,SELL,2114.01,745,2026-01-01T00:28:21Z
order_00001703,batch_0004,trader_0019,ETH-USD,BUY,2031.26,485,2026-01-01T00:28:22Z
order_00001704,batch_0004,trader_0020,ETH-USD,BUY,2123.56,299,2026-01-01T00:28:23Z
order_00001705,batch_0004,trader_0017,ETH-USD,BUY,1833.0,497,2026-01-01T00:28:24Z
order_00001706,batch_0004,trader_0005,ETH-USD,BUY,1911.14,803,2026-01-01T00:28:25Z
order_00001707,batch_0004,trader_0001,ETH-USD,SELL,2143.14,282,2026-01-01T00:28:26Z
order_00001708,batch_0004,trader_0019,ETH-USD,SELL,1869.85,619,2026-01-01T00:28:27Z
order_00001709,batch_0004,trader_0006,ETH-USD,SELL,1978.66,675,2026-01-01T00:28:28Z
order_00001710,batch_0004,trader_0006,ETH-USD,BUY,1894.48,718,2026-01-01T00:28:29Z
order_00001711,batch_0004,trader_0003,ETH-USD,SELL,1813.24,883,2026-01-01T00:28:30Z
order_00001712,batch_0004,trader_0005,ETH-USD,SELL,2173.58,610,2026-01-01T00:28:31Z
order_00001713,batch_0004,trader_0025,ETH-USD,SELL,2197.43,771,2026-01-01T00:28:32Z
order_00001714,batch_0004,trader_0021,ETH-USD,BUY,1976.07,677,2026-01-01T00:28:33Z
order_00001715,batch_0004,trader_0012,ETH-USD,BUY,2093.74,592,2026-01-01T00:28:34Z
order_00001716,batch_0004,trader_0004,ETH-USD,BUY,2102.19,271,2026-01-01T00:28:35Z
order_00001717,batch_0004,trader_0010,ETH-USD,BUY,1959.5,476,2026-01-01T00:28:36Z
order_00001718,batch_0004,trader_0018,ETH-USD,BUY,2100.97,972,2026-01-01T00:28:37Z
order_00001719,batch_0004,trader_0016,ETH-USD,BUY,2082.24,700,2026-01-01T00:28:38Z
order_00001720,batch_0004,trader_0001,ETH-USD,BUY,2148.11,544,2026-01-01T00:28:39Z
order_00001721,batch_0004,trader_0022,ETH-USD,BUY,1979.53,817,2026-01-01T00:28:40Z
order_00001722,batch_0004,trader_0002,ETH-USD,BUY,2073.15,543,2026-01-01T00:28:41Z
order_00001723,batch_0004,trader_0014,ETH-USD,BUY,2054.97,545,2026-01-01T00:28:42Z
order_00001724,batch_0004,trader_0011,ETH-USD,SELL,2143.34,668,2026-01-01T00:28:43Z
order_00001725,batch_0004,trader_0021,ETH-USD,BUY,1839.31,822,2026-01-01T00:28:44Z
order_00001726,batch_0004,trader_0024,ETH-USD,SELL,2109.26,473,2026-01-01T00:28:45Z
order_00001727,batch_0004,trader_0007,ETH-USD,BUY,2035.49,689,2026-01-01T00:28:46Z
order_00001728,batch_0004,trader_0006,ETH-USD,SELL,2076.11,694,2026-01-01T00:28:47Z
order_00001729,batch_0004,trader_0003,ETH-USD,BUY,2069.12,11,2026-01-01T00:28:48Z
order_00001730,batch_0004,trader_0022,ETH-USD,BUY,2010.11,101,2026-01-01T00:28:49Z
order_00001731,batch_0004,trader_0009,ETH-USD,BUY,2090.1,225,2026-01-01T00:28:50Z
order_00001732,batch_0004,trader_0002,ETH-USD,BUY,2047.76,25,2026-01-01T00:28:51Z
order_00001733,batch_0004,trader_0007,ETH-USD,SELL,2157.59,673,2026-01-01T00:28:52Z
order_00001734,batch_0004,trader_0004,ETH-USD,SELL,1848.72,654,2026-01-01T00:28:53Z
order_00001735,batch_0004,trader_0022,ETH-USD,BUY,1851.96,620,2026-01-01T00:28:54Z
order_00001736,batch_0004,trader_0006,ETH-USD,SELL,2026.43,664,2026-01-01T00:28:55Z
order_00001737,batch_0004,trader_0010,ETH-USD,SELL,1873.71,713,2026-01-01T00:28:56Z
order_00001738,batch_0004,trader_0015,ETH-USD,BUY,1830.29,959,2026-01-01T00:28:57Z
order_00001739,batch_0004,trader_0023,ETH-USD,SELL,2107.74,284,2026-01-01T00:28:58Z
order_00001740,batch_0004,trader_0009,ETH-USD,SELL,2108.05,789,2026-01-01T00:28:59Z
order_00001741,batch_0004,trader_0002,ETH-USD,BUY,1910.91,76,2026-01-01T00:29:00Z
order_00001742,batch_0004,trader_0009,ETH-USD,BUY,2198.38,341,2026-01-01T00:29:01Z
order_00001743,batch_0004,trader_0003,ETH-USD,SELL,1871.17,272,2026-01-01T00:29:02Z
order_00001744,batch_0004,trader_0013,ETH-USD,BUY,1880.27,951,2026-01-01T00:29:03Z
order_00001745,batch_0004,trader_0018,ETH-USD,BUY,1843.37,504,2026-01-01T00:29:04Z
order_00001746,batch_0004,trader_0004,ETH-USD,SELL,2045.59,224,2026-01-01T00:29:05Z
order_00001747,batch_0004,trader_0002,ETH-USD,SELL,1903.6,733,2026-01-01T00:29:06Z
order_00001748,batch_0004,trader_0025,ETH-USD,BUY,2091.02,586,2026-01-01T00:29:07Z
order_00001749,batch_0004,trader_0021,ETH-USD,BUY,1999.08,919,2026-01-01T00:29:08Z
order_00001750,batch_0004,trader_0013,ETH-USD,SELL,1815.13,956,2026-01-01T00:29:09Z
order_00001751,batch_0004,trader_0013,ETH-USD,BUY,1931.93,717,2026-01-01T00:29:10Z
order_00001752,batch_0004,trader_0025,ETH-USD,SELL,2083.04,528,2026-01-01T00:29:11Z
order_00001753,batch_0004,trader_0024,ETH-USD,BUY,1961.57,447,2026-01-01T00:29:12Z
order_00001754,batch_0004,trader_0008,ETH-USD,SELL,1828.04,805,2026-01-01T00:29:13Z
order_00001755,batch_0004,trader_0025,ETH-USD,BUY,2075.7,978,2026-01-01T00:29:14Z
order_00001756,batch_0004,trader_0012,ETH-USD,BUY,2014.12,581,2026-01-01T00:29:15Z
order_00001757,batch_0004,trader_0021,ETH-USD,BUY,1960.25,311,2026-01-01T00:29:16Z
order_00001758,batch_0004,trader_0018,ETH-USD,SELL,1836.27,663,2026-01-01T00:29:17Z
order_00001759,batch_0004,trader_0015,ETH-USD,SELL,1832.18,349,2026-01-01T00:29:18Z
order_00001760,batch_0004,trader_0006,ETH-USD,SELL,2059.12,297,2026-01-01T00:29:19Z
order_00001761,batch_0004,trader_0007,ETH-USD,SELL,1953.67,991,2026-01-01T00:29:20Z
order_00001762,batch_0004,trader_0021,ETH-USD,BUY,2158.58,400,2026-01-01T00:29:21Z
order_00001763,batch_0004,trader_0021,ETH-USD,SELL,1833.94,499,2026-01-01T00:29:22Z
order_00001764,batch_0004,trader_0007,ETH-USD,BUY,1855.98,195,2026-01-01T00:29:23Z
order_00001765,batch_0004,trader_0013,ETH-USD,BUY,1895.39,608,2026-01-01T00:29:24Z
order_00001766,batch_0004,trader_0016,ETH-USD,BUY,2057.36,554,2026-01-01T00:29:25Z
order_00001767,batch_0004,trader_0001,ETH-USD,SELL,2124.71,855,2026-01-01T00:29:26Z
order_00001768,batch_0004,trader_0024,ETH-USD,BUY,1935.09,58,2026-01-01T00:29:27Z
order_00001769,batch_0004,trader_0021,ETH-USD,BUY,1884.67,122,2026-01-01T00:29:28Z
order_00001770,batch_0004,trader_0018,ETH-USD,SELL,2176.04,470,2026-01-01T00:29:29Z
order_00001771,batch_0004,trader_0003,ETH-USD,BUY,1893.19,594,2026-01-01T00:29:30Z
order_00001772,batch_0004,trader_0001,ETH-USD,BUY,1995.56,145,2026-01-01T00:29:31Z
order_00001773,batch_0004,trader_0008,ETH-USD,BUY,2047.35,941,2026-01-01T00:29:32Z
order_00001774,batch_0004,trader_0021,ETH-USD,SELL,1805.75,134,2026-01-01T00:29:33Z
order_00001775,batch_0004,trader_0004,ETH-USD,BUY,2128.3,315,2026-01-01T00:29:34Z
order_00001776,batch_0004,trader_0003,ETH-USD,BUY,2134.14,175,2026-01-01T00:29:35Z
order_00001777,batch_0004,trader_0020,ETH-USD,SELL,1845.67,109,2026-01-01T00:29:36Z
order_00001778,batch_0004,trader_0007,ETH-USD,SELL,1825.24,226,2026-01-01T00:29:37Z
order_00001779,batch_0004,trader_0024,ETH-USD,BUY,2134.36,831,2026-01-01T00:29:38Z
order_00001780,batch_0004,trader_0022,ETH-USD,SELL,1848.32,333,2026-01-01T00:29:39Z
order_00001781,batch_0004,trader_0007,ETH-USD,SELL,1928.64,141,2026-01-01T00:29:40Z
order_00001782,batch_0004,trader_0003,ETH-USD,SELL,1869.38,608,2026-01-01T00:29:41Z
order_00001783,batch_0004,trader_0006,ETH-USD,BUY,2103.02,145,2026-01-01T00:29:42Z
order_00001784,batch_0004,trader_0008,ETH-USD,SELL,1866.0,567,2026-01-01T00:29:43Z
order_00001785,batch_0004,trader_0021,ETH-USD,SELL,1853.35,42,2026-01-01T00:29:44Z
order_00001786,batch_0004,trader_0016,ETH-USD,SELL,1863.1,797,2026-01-01T00:29:45Z
order_00001787,batch_0004,trader_0003,ETH-USD,BUY,1871.77,8,2026-01-01T00:29:46Z
order_00001788,batch_0004,trader_0014,ETH-USD,SELL,2154.77,608,2026-01-01T00:29:47Z
order_00001789,batch_0004,trader_0023,ETH-USD,SELL,2109.03,812,2026-01-01T00:29:48Z
order_00001790,batch_0004,trader_0017,ETH-USD,BUY,2055.93,147,2026-01-01T00:29:49Z
order_00001791,batch_0004,trader_0020,ETH-USD,BUY,2175.24,245,2026-01-01T00:29:50Z
order_00001792,batch_0004,trader_0016,ETH-USD,SELL,1872.0,611,2026-01-01T00:29:51Z
order_00001793,batch_0004,trader_0010,ETH-USD,SELL,2050.88,91,2026-01-01T00:29:52Z
order_00001794,batch_0004,trader_0007,ETH-USD,BUY,2023.08,5,2026-01-01T00:29:53Z
order_00001795,batch_0004,trader_0020,ETH-USD,BUY,2190.72,543,2026-01-01T00:29:54Z
order_00001796,batch_0004,trader_0017,ETH-USD,BUY,2194.71,780,2026-01-01T00:29:55Z
order_00001797,batch_0004,trader_0007,ETH-USD,BUY,2050.59,789,2026-01-01T00:29:56Z
order_00001798,batch_0004,trader_0005,ETH-USD,BUY,1845.07,199,2026-01-01T00:29:57Z
order_00001799,batch_0004,trader_0016,ETH-USD,SELL,2164.59,992,2026-01-01T00:29:58Z
order_00001800,batch_0004,trader_0002,ETH-USD,BUY,2169.07,687,2026-01-01T00:29:59Z
order_00001801,batch_0004,trader_0009,ETH-USD,SELL,1883.84,292,2026-01-01T00:30:00Z
order_00001802,batch_0004,trader_0015,ETH-USD,BUY,2156.03,825,2026-01-01T00:30:01Z
order_00001803,batch_0004,trader_0018,ETH-USD,BUY,1820.98,759,2026-01-01T00:30:02Z
order_00001804,batch_0004,trader_0017,ETH-USD,BUY,1811.63,805,2026-01-01T00:30:03Z
order_00001805,batch_0004,trader_0015,ETH-USD,BUY,1894.12,917,2026-01-01T00:30:04Z
order_00001806,batch_0004,trader_0024,ETH-USD,SELL,1967.63,334,2026-01-01T00:30:05Z
order_00001807,batch_0004,trader_0004,ETH-USD,SELL,1892.03,334,2026-01-01T00:30:06Z
order_00001808,batch_0004,trader_0014,ETH-USD,BUY,1894.85,101,2026-01-01T00:30:07Z
order_00001809,batch_0004,trader_0003,ETH-USD,SELL,2156.55,385,2026-01-01T00:30:08Z
order_00001810,batch_0004,trader_0014,ETH-USD,BUY,1821.74,497,2026-01-01T00:30:09Z
order_00001811,batch_0004,trader_0006,ETH-USD,BUY,2043.77,951,2026-01-01T00:30:10Z
order_00001812,batch_0004,trader_0007,ETH-USD,BUY,1983.1,140,2026-01-01T00:30:11Z
order_00001813,batch_0004,trader_0011,ETH-USD,SELL,1907.88,999,2026-01-01T00:30:12Z
order_00001814,batch_0004,trader_0009,ETH-USD,BUY,2027.47,709,2026-01-01T00:30:13Z
order_00001815,batch_0004,trader_0014,ETH-USD,BUY,1986.21,873,2026-01-01T00:30:14Z
order_00001816,batch_0004,trader_0010,ETH-USD,BUY,1887.94,352,2026-01-01T00:30:15Z
order_00001817,batch_0004,trader_0020,ETH-USD,SELL,2117.83,809,2026-01-01T00:30:16Z
order_00001818,batch_0004,trader_0008,ETH-USD,SELL,2188.05,592,2026-01-01T00:30:17Z
order_00001819,batch_0004,trader_0007,ETH-USD,BUY,2008.71,878,2026-01-01T00:30:18Z
order_00001820,batch_0004,trader_0001,ETH-USD,SELL,1985.11,858,2026-01-01T00:30:19Z
order_00001821,batch_0004,trader_0008,ETH-USD,SELL,2149.04,754,2026-01-01T00:30:20Z
order_00001822,batch_0004,trader_0019,ETH-USD,BUY,1888.96,594,2026-01-01T00:30:21Z
order_00001823,batch_0004,trader_0001,ETH-USD,SELL,2029.48,936,2026-01-01T00:30:22Z
order_00001824,batch_0004,trader_0016,ETH-USD,BUY,1816.02,46,2026-01-01T00:30:23Z
order_00001825,batch_0004,trader_0017,ETH-USD,SELL,1813.45,517,2026-01-01T00:30:24Z
order_00001826,batch_0004,trader_0004,ETH-USD,BUY,2119.21,830,2026-01-01T00:30:25Z
order_00001827,batch_0004,trader_0025,ETH-USD,BUY,1833.24,247,2026-01-01T00:30:26Z
order_00001828,batch_0004,trader_0007,ETH-USD,BUY,1962.65,750,2026-01-01T00:30:27Z
order_00001829,batch_0004,trader_0003,ETH-USD,BUY,1895.62,303,2026-01-01T00:30:28Z
order_00001830,batch_0004,trader_0023,ETH-USD,BUY,1921.93,686,2026-01-01T00:30:29Z
order_00001831,batch_0004,trader_0001,ETH-USD,BUY,2098.91,585,2026-01-01T00:30:30Z
order_00001832,batch_0004,trader_0023,ETH-USD,SELL,2108.73,475,2026-01-01T00:30:31Z
order_00001833,batch_0004,trader_0021,ETH-USD,BUY,2148.62,809,2026-01-01T00:30:32Z
order_00001834,batch_0004,trader_0021,ETH-USD,BUY,1800.55,649,2026-01-01T00:30:33Z
order_00001835,batch_0004,trader_0017,ETH-USD,BUY,2076.3,915,2026-01-01T00:30:34Z
order_00001836,batch_0004,trader_0023,ETH-USD,BUY,2101.16,437,2026-01-01T00:30:35Z
order_00001837,batch_0004,trader_0007,ETH-USD,SELL,2030.09,556,2026-01-01T00:30:36Z
order_00001838,batch_0004,trader_0011,ETH-USD,SELL,2048.18,83,2026-01-01T00:30:37Z
order_00001839,batch_0004,trader_0022,ETH-USD,SELL,2005.89,57,2026-01-01T00:30:38Z
order_00001840,batch_0004,trader_0012,ETH-USD,BUY,1844.39,53,2026-01-01T00:30:39Z
order_00001841,batch_0004,trader_0006,ETH-USD,BUY,1946.23,42,2026-01-01T00:30:40Z
order_00001842,batch_0004,trader_0023,ETH-USD,SELL,1826.8,722,2026-01-01T00:30:41Z
order_00001843,batch_0004,trader_0008,ETH-USD,SELL,2192.5,142,2026-01-01T00:30:42Z
order_00001844,batch_0004,trader_0025,ETH-USD,SELL,1991.4,665,2026-01-01T00:30:43Z
order_00001845,batch_0004,trader_0025,ETH-USD,SELL,2081.14,983,2026-01-01T00:30:44Z
order_00001846,batch_0004,trader_0009,ETH-USD,SELL,1928.19,231,2026-01-01T00:30:45Z
order_00001847,batch_0004,trader_0003,ETH-USD,SELL,1910.86,434,2026-01-01T00:30:46Z
order_00001848,batch_0004,trader_0017,ETH-USD,BUY,1994.49,464,2026-01-01T00:30:47Z
order_00001849,batch_0004,trader_0022,ETH-USD,SELL,2083.93,482,2026-01-01T00:30:48Z
order_00001850,batch_0004,trader_0020,ETH-USD,SELL,1916.91,922,2026-01-01T00:30:49Z
order_00001851,batch_0004,trader_0003,ETH-USD,BUY,2178.15,690,2026-01-01T00:30:50Z
order_00001852,batch_0004,trader_0003,ETH-USD,BUY,1983.15,906,2026-01-01T00:30:51Z
order_00001853,batch_0004,trader_0003,ETH-USD,BUY,1915.35,184,2026-01-01T00:30:52Z
order_00001854,batch_0004,trader_0005,ETH-USD,BUY,1844.81,283,2026-01-01T00:30:53Z
order_00001855,batch_0004,trader_0021,ETH-USD,BUY,1881.7,896,2026-01-01T00:30:54Z
order_00001856,batch_0004,trader_0018,ETH-USD,BUY,2187.83,427,2026-01-01T00:30:55Z
order_00001857,batch_0004,trader_0015,ETH-USD,SELL,1938.68,486,2026-01-01T00:30:56Z
order_00001858,batch_0004,trader_0003,ETH-USD,SELL,1916.61,22,2026-01-01T00:30:57Z
order_00001859,batch_0004,trader_0017,ETH-USD,BUY,1892.93,822,2026-01-01T00:30:58Z
order_00001860,batch_0004,trader_0021,ETH-USD,SELL,2031.48,422,2026-01-01T00:30:59Z
order_00001861,batch_0004,trader_0022,ETH-USD,SELL,1994.46,335,2026-01-01T00:31:00Z
order_00001862,batch_0004,trader_0015,ETH-USD,SELL,2019.39,863,2026-01-01T00:31:01Z
order_00001863,batch_0004,trader_0010,ETH-USD,BUY,2159.31,136,2026-01-01T00:31:02Z
order_00001864,batch_0004,trader_0012,ETH-USD,BUY,1890.71,267,2026-01-01T00:31:03Z
order_00001865,batch_0004,trader_0005,ETH-USD,SELL,2138.21,789,2026-01-01T00:31:04Z
order_00001866,batch_0004,trader_0020,ETH-USD,BUY,2182.49,467,2026-01-01T00:31:05Z
order_00001867,batch_0004,trader_0006,ETH-USD,SELL,2014.13,729,2026-01-01T00:31:06Z
order_00001868,batch_0004,trader_0022,ETH-USD,SELL,2083.24,860,2026-01-01T00:31:07Z
order_00001869,batch_0004,trader_0002,ETH-USD,SELL,1895.16,166,2026-01-01T00:31:08Z
order_00001870,batch_0004,trader_0009,ETH-USD,SELL,1850.59,589,2026-01-01T00:31:09Z
order_00001871,batch_0004,trader_0002,ETH-USD,BUY,2024.99,211,2026-01-01T00:31:10Z
order_00001872,batch_0004,trader_0015,ETH-USD,SELL,1859.18,353,2026-01-01T00:31:11Z
order_00001873,batch_0004,trader_0004,ETH-USD,SELL,2013.46,167,2026-01-01T00:31:12Z
order_00001874,batch_0004,trader_0025,ETH-USD,SELL,2172.43,415,2026-01-01T00:31:13Z
order_00001875,batch_0004,trader_0005,ETH-USD,BUY,2171.12,470,2026-01-01T00:31:14Z
order_00001876,batch_0004,trader_0017,ETH-USD,BUY,2018.46,757,2026-01-01T00:31:15Z
order_00001877,batch_0004,trader_0010,ETH-USD,BUY,1918.22,723,2026-01-01T00:31:16Z
order_00001878,batch_0004,trader_0019,ETH-USD,SELL,2192.28,773,2026-01-01T00:31:17Z
order_00001879,batch_0004,trader_0015,ETH-USD,SELL,2026.09,819,2026-01-01T00:31:18Z
order_00001880,batch_0004,trader_0002,ETH-USD,BUY,2092.66,116,2026-01-01T00:31:19Z
order_00001881,batch_0004,trader_0001,ETH-USD,BUY,1846.75,565,2026-01-01T00:31:20Z
order_00001882,batch_0004,trader_0012,ETH-USD,BUY,1888.15,862,2026-01-01T00:31:21Z
order_00001883,batch_0004,trader_0007,ETH-USD,BUY,2043.26,57,2026-01-01T00:31:22Z
order_00001884,batch_0004,trader_0025,ETH-USD,SELL,2112.51,228,2026-01-01T00:31:23Z
order_00001885,batch_0004,trader_0015,ETH-USD,BUY,1833.44,24,2026-01-01T00:31:24Z
order_00001886,batch_0004,trader_0017,ETH-USD,SELL,1834.95,981,2026-01-01T00:31:25Z
order_00001887,batch_0004,trader_0020,ETH-USD,BUY,1927.1,503,2026-01-01T00:31:26Z
order_00001888,batch_0004,trader_0012,ETH-USD,SELL,2163.38,58,2026-01-01T00:31:27Z
order_00001889,batch_0004,trader_0012,ETH-USD,BUY,2141.52,734,2026-01-01T00:31:28Z
order_00001890,batch_0004,trader_0012,ETH-USD,BUY,1913.86,13,2026-01-01T00:31:29Z
order_00001891,batch_0004,trader_0003,ETH-USD,BUY,2149.72,457,2026-01-01T00:31:30Z
order_00001892,batch_0004,trader_0014,ETH-USD,BUY,1977.69,910,2026-01-01T00:31:31Z
order_00001893,batch_0004,trader_0024,ETH-USD,SELL,1865.52,296,2026-01-01T00:31:32Z
order_00001894,batch_0004,trader_0014,ETH-USD,SELL,2091.44,435,2026-01-01T00:31:33Z
order_00001895,batch_0004,trader_0005,ETH-USD,BUY,2039.17,602,2026-01-01T00:31:34Z
order_00001896,batch_0004,trader_0017,ETH-USD,BUY,2195.35,487,2026-01-01T00:31:35Z
order_00001897,batch_0004,trader_0019,ETH-USD,SELL,2173.26,68,2026-01-01T00:31:36Z
order_00001898,batch_0004,trader_0021,ETH-USD,SELL,1802.65,91,2026-01-01T00:31:37Z
order_00001899,batch_0004,trader_0015,ETH-USD,SELL,1869.96,425,2026-01-01T00:31:38Z
order_00001900,batch_0004,trader_0007,ETH-USD,SELL,2165.95,774,2026-01-01T00:31:39Z
order_00001901,batch_0004,trader_0016,ETH-USD,BUY,1915.79,391,2026-01-01T00:31:40Z
order_00001902,batch_0004,trader_0019,ETH-USD,BUY,1920.8,847,2026-01-01T00:31:41Z
order_00001903,batch_0004,trader_0008,ETH-USD,BUY,2095.94,573,2026-01-01T00:31:42Z
order_00001904,batch_0004,trader_0010,ETH-USD,BUY,1861.61,3,2026-01-01T00:31:43Z
order_00001905,batch_0004,trader_0004,ETH-USD,SELL,2054.62,855,2026-01-01T00:31:44Z
order_00001906,batch_0004,trader_0006,ETH-USD,SELL,1915.08,915,2026-01-01T00:31:45Z
order_00001907,batch_0004,trader_0001,ETH-USD,BUY,2057.91,705,2026-01-01T00:31:46Z
order_00001908,batch_0004,trader_0003,ETH-USD,BUY,1997.22,284,2026-01-01T00:31:47Z
order_00001909,batch_0004,trader_0019,ETH-USD,SELL,2032.43,371,2026-01-01T00:31:48Z
order_00001910,batch_0004,trader_0016,ETH-USD,BUY,2051.2,265,2026-01-01T00:31:49Z
order_00001911,batch_0004,trader_0017,ETH-USD,SELL,1847.83,838,2026-01-01T00:31:50Z
order_00001912,batch_0004,trader_0006,ETH-USD,SELL,2138.11,18,2026-01-01T00:31:51Z
order_00001913,batch_0004,trader_0023,ETH-USD,SELL,1927.87,150,2026-01-01T00:31:52Z
order_00001914,batch_0004,trader_0012,ETH-USD,BUY,1821.16,168,2026-01-01T00:31:53Z
order_00001915,batch_0004,trader_0002,ETH-USD,BUY,2182.06,934,2026-01-01T00:31:54Z
order_00001916,batch_0004,trader_0003,ETH-USD,BUY,2055.58,543,2026-01-01T00:31:55Z
order_00001917,batch_0004,trader_0025,ETH-USD,SELL,2051.21,785,2026-01-01T00:31:56Z
order_00001918,batch_0004,trader_0011,ETH-USD,BUY,1866.85,771,2026-01-01T00:31:57Z
order_00001919,batch_0004,trader_0010,ETH-USD,SELL,2138.0,847,2026-01-01T00:31:58Z
order_00001920,batch_0004,trader_0004,ETH-USD,BUY,2075.34,715,2026-01-01T00:31:59Z
order_00001921,batch_0004,trader_0001,ETH-USD,SELL,2129.33,361,2026-01-01T00:32:00Z
order_00001922,batch_0004,trader_0016,ETH-USD,BUY,1949.21,289,2026-01-01T00:32:01Z
order_00001923,batch_0004,trader_0004,ETH-USD,BUY,2164.32,944,2026-01-01T00:32:02Z
order_00001924,batch_0004,trader_0007,ETH-USD,BUY,1888.45,516,2026-01-01T00:32:03Z
order_00001925,batch_0004,trader_0017,ETH-USD,SELL,2045.37,573,2026-01-01T00:32:04Z
order_00001926,batch_0004,trader_0025,ETH-USD,SELL,2020.45,730,2026-01-01T00:32:05Z
order_00001927,batch_0004,trader_0003,ETH-USD,SELL,1984.2,428,2026-01-01T00:32:06Z
order_00001928,batch_0004,trader_0016,ETH-USD,BUY,2169.36,135,2026-01-01T00:32:07Z
order_00001929,batch_0004,trader_0015,ETH-USD,BUY,1945.03,708,2026-01-01T00:32:08Z
order_00001930,batch_0004,trader_0011,ETH-USD,SELL,2009.25,612,2026-01-01T00:32:09Z
order_00001931,batch_0004,trader_0004,ETH-USD,BUY,1811.5,312,2026-01-01T00:32:10Z
order_00001932,batch_0004,trader_0023,ETH-USD,BUY,2077.7,878,2026-01-01T00:32:11Z
order_00001933,batch_0004,trader_0003,ETH-USD,BUY,1883.94,129,2026-01-01T00:32:12Z
order_00001934,batch_0004,trader_0003,ETH-USD,BUY,2113.61,782,2026-01-01T00:32:13Z
order_00001935,batch_0004,trader_0002,ETH-USD,BUY,2102.93,496,2026-01-01T00:32:14Z
order_00001936,batch_0004,trader_0017,ETH-USD,BUY,2117.22,34,2026-01-01T00:32:15Z
order_00001937,batch_0004,trader_0009,ETH-USD,SELL,1847.57,481,2026-01-01T00:32:16Z
order_00001938,batch_0004,trader_0025,ETH-USD,BUY,2067.03,309,2026-01-01T00:32:17Z
order_00001939,batch_0004,trader_0007,ETH-USD,BUY,2168.04,127,2026-01-01T00:32:18Z
order_00001940,batch_0004,trader_0012,ETH-USD,SELL,1873.91,205,2026-01-01T00:32:19Z
order_00001941,batch_0004,trader_0009,ETH-USD,BUY,2138.34,150,2026-01-01T00:32:20Z
order_00001942,batch_0004,trader_0017,ETH-USD,SELL,1940.88,357,2026-01-01T00:32:21Z
order_00001943,batch_0004,trader_0019,ETH-USD,SELL,1896.73,628,2026-01-01T00:32:22Z
order_00001944,batch_0004,trader_0001,ETH-USD,BUY,2031.25,840,2026-01-01T00:32:23Z
order_00001945,batch_0004,trader_0010,ETH-USD,SELL,1876.62,733,2026-01-01T00:32:24Z
order_00001946,batch_0004,trader_0024,ETH-USD,BUY,2014.85,773,2026-01-01T00:32:25Z
order_00001947,batch_0004,trader_0023,ETH-USD,BUY,2168.19,220,2026-01-01T00:32:26Z
order_00001948,batch_0004,trader_0015,ETH-USD,BUY,2035.75,715,2026-01-01T00:32:27Z
order_00001949,batch_0004,trader_0012,ETH-USD,SELL,1872.34,110,2026-01-01T00:32:28Z
order_00001950,batch_0004,trader_0008,ETH-USD,SELL,1885.71,435,2026-01-01T00:32:29Z
order_00001951,batch_0004,trader_0004,ETH-USD,BUY,2193.85,780,2026-01-01T00:32:30Z
order_00001952,batch_0004,trader_0025,ETH-USD,BUY,1854.36,533,2026-01-01T00:32:31Z
order_00001953,batch_0004,trader_0002,ETH-USD,BUY,2022.85,296,2026-01-01T00:32:32Z
order_00001954,batch_0004,trader_0010,ETH-USD,BUY,1846.29,506,2026-01-01T00:32:33Z
order_00001955,batch_0004,trader_0015,ETH-USD,BUY,1924.8,754,2026-01-01T00:32:34Z
order_00001956,batch_0004,trader_0014,ETH-USD,BUY,1916.24,418,2026-01-01T00:32:35Z
order_00001957,batch_0004,trader_0016,ETH-USD,BUY,2157.9,72,2026-01-01T00:32:36Z
order_00001958,batch_0004,trader_0022,ETH-USD,SELL,1871.72,377,2026-01-01T00:32:37Z
order_00001959,batch_0004,trader_0017,ETH-USD,BUY,1958.55,108,2026-01-01T00:32:38Z
order_00001960,batch_0004,trader_0013,ETH-USD,SELL,1847.69,88,2026-01-01T00:32:39Z
order_00001961,batch_0004,trader_0024,ETH-USD,BUY,2191.03,605,2026-01-01T00:32:40Z
order_00001962,batch_0004,trader_0007,ETH-USD,SELL,1825.88,173,2026-01-01T00:32:41Z
order_00001963,batch_0004,trader_0013,ETH-USD,BUY,2137.61,610,2026-01-01T00:32:42Z
order_00001964,batch_0004,trader_0016,ETH-USD,BUY,1969.88,859,2026-01-01T00:32:43Z
order_00001965,batch_0004,trader_0019,ETH-USD,BUY,2106.39,731,2026-01-01T00:32:44Z
order_00001966,batch_0004,trader_0013,ETH-USD,BUY,2120.39,809,2026-01-01T00:32:45Z
order_00001967,batch_0004,trader_0013,ETH-USD,BUY,2041.27,683,2026-01-01T00:32:46Z
order_00001968,batch_0004,trader_0025,ETH-USD,SELL,1911.56,524,2026-01-01T00:32:47Z
order_00001969,batch_0004,trader_0016,ETH-USD,BUY,1900.28,126,2026-01-01T00:32:48Z
order_00001970,batch_0004,trader_0004,ETH-USD,BUY,1853.84,966,2026-01-01T00:32:49Z
order_00001971,batch_0004,trader_0022,ETH-USD,SELL,1827.29,851,2026-01-01T00:32:50Z
order_00001972,batch_0004,trader_0022,ETH-USD,BUY,1953.05,184,2026-01-01T00:32:51Z
order_00001973,batch_0004,trader_0004,ETH-USD,BUY,2048.79,311,2026-01-01T00:32:52Z
order_00001974,batch_0004,trader_0025,ETH-USD,SELL,2100.64,677,2026-01-01T00:32:53Z
order_00001975,batch_0004,trader_0022,ETH-USD,BUY,1880.77,478,2026-01-01T00:32:54Z
order_00001976,batch_0004,trader_0011,ETH-USD,BUY,1904.67,517,2026-01-01T00:32:55Z
order_00001977,batch_0004,trader_0025,ETH-USD,SELL,2018.65,554,2026-01-01T00:32:56Z
order_00001978,batch_0004,trader_0004,ETH-USD,BUY,2152.05,441,2026-01-01T00:32:57Z
order_00001979,batch_0004,trader_0015,ETH-USD,BUY,2141.15,323,2026-01-01T00:32:58Z
order_00001980,batch_0004,trader_0022,ETH-USD,BUY,1870.75,34,2026-01-01T00:32:59Z
order_00001981,batch_0004,trader_0006,ETH-USD,SELL,2153.88,311,2026-01-01T00:33:00Z
order_00001982,batch_0004,trader_0013,ETH-USD,BUY,1924.98,138,2026-01-01T00:33:01Z
order_00001983,batch_0004,trader_0016,ETH-USD,BUY,2027.54,113,2026-01-01T00:33:02Z
order_00001984,batch_0004,trader_0016,ETH-USD,SELL,2015.76,702,2026-01-01T00:33:03Z
order_00001985,batch_0004,trader_0002,ETH-USD,BUY,1862.52,875,2026-01-01T00:33:04Z
order_00001986,batch_0004,trader_0013,ETH-USD,BUY,2036.42,507,2026-01-01T00:33:05Z
order_00001987,batch_0004,trader_0010,ETH-USD,SELL,2106.59,362,2026-01-01T00:33:06Z
order_00001988,batch_0004,trader_0005,ETH-USD,BUY,2036.19,29,2026-01-01T00:33:07Z
order_00001989,batch_0004,trader_0019,ETH-USD,SELL,2123.82,358,2026-01-01T00:33:08Z
order_00001990,batch_0004,trader_0013,ETH-USD,BUY,2050.06,913,2026-01-01T00:33:09Z
order_00001991,batch_0004,trader_0014,ETH-USD,BUY,2196.78,354,2026-01-01T00:33:10Z
order_00001992,batch_0004,trader_0008,ETH-USD,BUY,1897.69,678,2026-01-01T00:33:11Z
order_00001993,batch_0004,trader_0023,ETH-USD,SELL,1833.98,607,2026-01-01T00:33:12Z
order_00001994,batch_0004,trader_0006,ETH-USD,BUY,1845.79,313,2026-01-01T00:33:13Z
order_00001995,batch_0004,trader_0022,ETH-USD,BUY,1814.95,334,2026-01-01T00:33:14Z
order_00001996,batch_0004,trader_0014,ETH-USD,SELL,2005.9,582,2026-01-01T00:33:15Z
order_00001997,batch_0004,trader_0001,ETH-USD,BUY,1987.88,713,2026-01-01T00:33:16Z
order_00001998,batch_0004,trader_0011,ETH-USD,SELL,2028.14,387,2026-01-01T00:33:17Z
order_00001999,batch_0004,trader_0023,ETH-USD,SELL,1995.34,828,2026-01-01T00:33:18Z
order_00002000,batch_0004,trader_0025,ETH-USD,SELL,1998.69,345,2026-01-01T00:33:19Z
order_00002001,batch_0004,trader_0012,ETH-USD,SELL,2045.93,171,2026-01-01T00:33:20Z
order_00002002,batch_0004,trader_0003,ETH-USD,SELL,1998.78,207,2026-01-01T00:33:21Z
order_00002003,batch_0004,trader_0009,ETH-USD,SELL,1885.63,549,2026-01-01T00:33:22Z
order_00002004,batch_0004,trader_0008,ETH-USD,BUY,1960.81,588,2026-01-01T00:33:23Z
order_00002005,batch_0004,trader_0019,ETH-USD,SELL,1836.78,981,2026-01-01T00:33:24Z
order_00002006,batch_0004,trader_0019,ETH-USD,BUY,1909.35,345,2026-01-01T00:33:25Z
order_00002007,batch_0004,trader_0012,ETH-USD,SELL,1970.84,487,2026-01-01T00:33:26Z
order_00002008,batch_0004,trader_0017,ETH-USD,SELL,2129.5,668,2026-01-01T00:33:27Z
order_00002009,batch_0004,trader_0011,ETH-USD,SELL,2065.38,444,2026-01-01T00:33:28Z
order_00002010,batch_0004,trader_0017,ETH-USD,BUY,1900.51,412,2026-01-01T00:33:29Z
order_00002011,batch_0004,trader_0001,ETH-USD,BUY,2019.02,782,2026-01-01T00:33:30Z
order_00002012,batch_0004,trader_0019,ETH-USD,SELL,2145.08,529,2026-01-01T00:33:31Z
order_00002013,batch_0004,trader_0024,ETH-USD,BUY,2184.85,677,2026-01-01T00:33:32Z
order_00002014,batch_0004,trader_0018,ETH-USD,SELL,2174.87,275,2026-01-01T00:33:33Z
order_00002015,batch_0004,trader_0014,ETH-USD,SELL,2107.65,874,2026-01-01T00:33:34Z
order_00002016,batch_0004,trader_0017,ETH-USD,SELL,2050.7,745,2026-01-01T00:33:35Z
order_00002017,batch_0004,trader_0005,ETH-USD,BUY,1859.1,474,2026-01-01T00:33:36Z
order_00002018,batch_0004,trader_0014,ETH-USD,SELL,1920.11,784,2026-01-01T00:33:37Z
order_00002019,batch_0004,trader_0003,ETH-USD,BUY,2132.09,881,2026-01-01T00:33:38Z
order_00002020,batch_0004,trader_0010,ETH-USD,SELL,1964.98,867,2026-01-01T00:33:39Z
order_00002021,batch_0004,trader_0008,ETH-USD,SELL,2074.74,263,2026-01-01T00:33:40Z
order_00002022,batch_0004,trader_0001,ETH-USD,BUY,1859.98,117,2026-01-01T00:33:41Z
order_00002023,batch_0004,trader_0016,ETH-USD,BUY,1924.22,848,2026-01-01T00:33:42Z
order_00002024,batch_0004,trader_0002,ETH-USD,SELL,1968.81,447,2026-01-01T00:33:43Z
order_00002025,batch_0004,trader_0009,ETH-USD,BUY,1854.57,280,2026-01-01T00:33:44Z
order_00002026,batch_0004,trader_0006,ETH-USD,SELL,2063.47,285,2026-01-01T00:33:45Z
order_00002027,batch_0004,trader_0016,ETH-USD,SELL,2185.51,44,2026-01-01T00:33:46Z
order_00002028,batch_0004,trader_0003,ETH-USD,SELL,2143.83,57,2026-01-01T00:33:47Z
order_00002029,batch_0004,trader_0014,ETH-USD,BUY,2146.87,306,2026-01-01T00:33:48Z
order_00002030,batch_0004,trader_0003,ETH-USD,SELL,2062.97,688,2026-01-01T00:33:49Z
order_00002031,batch_0004,trader_0005,ETH-USD,BUY,2089.69,860,2026-01-01T00:33:50Z
order_00002032,batch_0004,trader_0004,ETH-USD,BUY,2093.79,585,2026-01-01T00:33:51Z
order_00002033,batch_0004,trader_0025,ETH-USD,SELL,2032.17,849,2026-01-01T00:33:52Z
order_00002034,batch_0004,trader_0003,ETH-USD,SELL,1998.58,258,2026-01-01T00:33:53Z
order_00002035,batch_0004,trader_0011,ETH-USD,BUY,2109.28,126,2026-01-01T00:33:54Z
order_00002036,batch_0004,trader_0024,ETH-USD,BUY,2094.89,599,2026-01-01T00:33:55Z
order_00002037,batch_0004,trader_0005,ETH-USD,SELL,1969.15,958,2026-01-01T00:33:56Z
order_00002038,batch_0004,trader_0015,ETH-USD,BUY,2187.97,220,2026-01-01T00:33:57Z
order_00002039,batch_0004,trader_0016,ETH-USD,BUY,2035.79,884,2026-01-01T00:33:58Z
order_00002040,batch_0004,trader_0011,ETH-USD,SELL,2179.48,717,2026-01-01T00:33:59Z
order_00002041,batch_0004,trader_0009,ETH-USD,SELL,2073.1,487,2026-01-01T00:34:00Z
order_00002042,batch_0004,trader_0016,ETH-USD,SELL,1857.96,960,2026-01-01T00:34:01Z
order_00002043,batch_0004,trader_0021,ETH-USD,SELL,1923.27,842,2026-01-01T00:34:02Z
order_00002044,batch_0004,trader_0024,ETH-USD,SELL,1813.92,621,2026-01-01T00:34:03Z
order_00002045,batch_0004,trader_0022,ETH-USD,SELL,1821.87,964,2026-01-01T00:34:04Z
order_00002046,batch_0004,trader_0021,ETH-USD,BUY,1953.88,566,2026-01-01T00:34:05Z
order_00002047,batch_0004,trader_0022,ETH-USD,SELL,2161.26,372,2026-01-01T00:34:06Z
order_00002048,batch_0004,trader_0015,ETH-USD,BUY,1894.55,888,2026-01-01T00:34:07Z
order_00002049,batch_0004,trader_0009,ETH-USD,BUY,2184.3,932,2026-01-01T00:34:08Z
order_00002050,batch_0004,trader_0008,ETH-USD,BUY,2129.08,959,2026-01-01T00:34:09Z
order_00002051,batch_0004,trader_0015,ETH-USD,BUY,2156.1,881,2026-01-01T00:34:10Z
order_00002052,batch_0004,trader_0021,ETH-USD,SELL,2124.9,901,2026-01-01T00:34:11Z
order_00002053,batch_0004,trader_0003,ETH-USD,BUY,1909.61,35,2026-01-01T00:34:12Z
order_00002054,batch_0004,trader_0024,ETH-USD,SELL,1996.68,964,2026-01-01T00:34:13Z
order_00002055,batch_0004,trader_0014,ETH-USD,BUY,1933.09,862,2026-01-01T00:34:14Z
order_00002056,batch_0004,trader_0006,ETH-USD,SELL,1840.16,840,2026-01-01T00:34:15Z
order_00002057,batch_0004,trader_0014,ETH-USD,SELL,1826.55,519,2026-01-01T00:34:16Z
order_00002058,batch_0004,trader_0011,ETH-USD,SELL,2019.09,833,2026-01-01T00:34:17Z
order_00002059,batch_0004,trader_0021,ETH-USD,BUY,2104.79,29,2026-01-01T00:34:18Z
order_00002060,batch_0004,trader_0021,ETH-USD,SELL,1977.36,646,2026-01-01T00:34:19Z
order_00002061,batch_0004,trader_0010,ETH-USD,BUY,1880.03,411,2026-01-01T00:34:20Z
order_00002062,batch_0004,trader_0008,ETH-USD,BUY,1844.33,85,2026-01-01T00:34:21Z
order_00002063,batch_0004,trader_0021,ETH-USD,SELL,2107.04,993,2026-01-01T00:34:22Z
order_00002064,batch_0004,trader_0014,ETH-USD,SELL,2037.61,868,2026-01-01T00:34:23Z
order_00002065,batch_0004,trader_0024,ETH-USD,SELL,1980.6,328,2026-01-01T00:34:24Z
order_00002066,batch_0004,trader_0011,ETH-USD,BUY,2074.99,178,2026-01-01T00:34:25Z
order_00002067,batch_0004,trader_0012,ETH-USD,SELL,1833.76,204,2026-01-01T00:34:26Z
order_00002068,batch_0004,trader_0019,ETH-USD,BUY,1950.93,898,2026-01-01T00:34:27Z
order_00002069,batch_0004,trader_0018,ETH-USD,BUY,1809.19,971,2026-01-01T00:34:28Z
order_00002070,batch_0004,trader_0003,ETH-USD,SELL,1891.48,642,2026-01-01T00:34:29Z
order_00002071,batch_0004,trader_0006,ETH-USD,SELL,1904.71,204,2026-01-01T00:34:30Z
order_00002072,batch_0004,trader_0009,ETH-USD,BUY,1971.56,633,2026-01-01T00:34:31Z
order_00002073,batch_0004,trader_0019,ETH-USD,BUY,1947.17,982,2026-01-01T00:34:32Z
order_00002074,batch_0004,trader_0025,ETH-USD,BUY,2010.34,736,2026-01-01T00:34:33Z
order_00002075,batch_0004,trader_0016,ETH-USD,SELL,2130.9,465,2026-01-01T00:34:34Z
order_00002076,batch_0004,trader_0009,ETH-USD,BUY,1881.26,731,2026-01-01T00:34:35Z
order_00002077,batch_0004,trader_0014,ETH-USD,BUY,1952.83,507,2026-01-01T00:34:36Z
order_00002078,batch_0004,trader_0010,ETH-USD,SELL,1886.23,615,2026-01-01T00:34:37Z
order_00002079,batch_0004,trader_0014,ETH-USD,SELL,1967.33,194,2026-01-01T00:34:38Z
order_00002080,batch_0004,trader_0009,ETH-USD,SELL,1916.08,30,2026-01-01T00:34:39Z
order_00002081,batch_0004,trader_0012,ETH-USD,BUY,2162.93,462,2026-01-01T00:34:40Z
order_00002082,batch_0004,trader_0001,ETH-USD,SELL,1983.27,663,2026-01-01T00:34:41Z
order_00002083,batch_0004,trader_0023,ETH-USD,BUY,1929.3,893,2026-01-01T00:34:42Z
order_00002084,batch_0004,trader_0023,ETH-USD,BUY,2085.33,218,2026-01-01T00:34:43Z
order_00002085,batch_0004,trader_0004,ETH-USD,BUY,1902.49,612,2026-01-01T00:34:44Z
order_00002086,batch_0004,trader_0008,ETH-USD,SELL,1933.15,54,2026-01-01T00:34:45Z
order_00002087,batch_0004,trader_0022,ETH-USD,BUY,2198.7,363,2026-01-01T00:34:46Z
order_00002088,batch_0004,trader_0002,ETH-USD,SELL,2083.83,613,2026-01-01T00:34:47Z
order_00002089,batch_0004,trader_0010,ETH-USD,BUY,2047.86,517,2026-01-01T00:34:48Z
order_00002090,batch_0004,trader_0018,ETH-USD,SELL,1948.36,688,2026-01-01T00:34:49Z
order_00002091,batch_0004,trader_0017,ETH-USD,BUY,1904.12,184,2026-01-01T00:34:50Z
order_00002092,batch_0004,trader_0005,ETH-USD,BUY,2151.16,348,2026-01-01T00:34:51Z
order_00002093,batch_0004,trader_0005,ETH-USD,BUY,2012.17,728,2026-01-01T00:34:52Z
order_00002094,batch_0004,trader_0005,ETH-USD,BUY,1817.66,321,2026-01-01T00:34:53Z
order_00002095,batch_0004,trader_0024,ETH-USD,BUY,2133.92,997,2026-01-01T00:34:54Z
order_00002096,batch_0004,trader_0009,ETH-USD,BUY,1913.17,441,2026-01-01T00:34:55Z
order_00002097,batch_0004,trader_0017,ETH-USD,SELL,2170.69,780,2026-01-01T00:34:56Z
order_00002098,batch_0004,trader_0024,ETH-USD,BUY,1865.99,915,2026-01-01T00:34:57Z
order_00002099,batch_0004,trader_0018,ETH-USD,SELL,2180.02,783,2026-01-01T00:34:58Z
order_00002100,batch_0004,trader_0015,ETH-USD,SELL,2054.66,674,2026-01-01T00:34:59Z
order_00002101,batch_0004,trader_0006,ETH-USD,BUY,1821.83,153,2026-01-01T00:35:00Z
order_00002102,batch_0004,trader_0015,ETH-USD,BUY,1865.42,267,2026-01-01T00:35:01Z
order_00002103,batch_0004,trader_0002,ETH-USD,BUY,2170.88,917,2026-01-01T00:35:02Z
order_00002104,batch_0004,trader_0015,ETH-USD,BUY,2024.34,727,2026-01-01T00:35:03Z
order_00002105,batch_0004,trader_0005,ETH-USD,BUY,2087.91,867,2026-01-01T00:35:04Z
order_00002106,batch_0004,trader_0010,ETH-USD,BUY,1881.49,96,2026-01-01T00:35:05Z
order_00002107,batch_0004,trader_0009,ETH-USD,BUY,2099.97,173,2026-01-01T00:35:06Z
order_00002108,batch_0004,trader_0019,ETH-USD,SELL,2034.27,680,2026-01-01T00:35:07Z
order_00002109,batch_0004,trader_0019,ETH-USD,SELL,2010.41,5,2026-01-01T00:35:08Z
order_00002110,batch_0004,trader_0025,ETH-USD,BUY,1830.73,943,2026-01-01T00:35:09Z
order_00002111,batch_0004,trader_0001,ETH-USD,BUY,2154.95,97,2026-01-01T00:35:10Z
order_00002112,batch_0004,trader_0012,ETH-USD,BUY,1848.8,697,2026-01-01T00:35:11Z
order_00002113,batch_0004,trader_0011,ETH-USD,SELL,1842.43,975,2026-01-01T00:35:12Z
order_00002114,batch_0004,trader_0023,ETH-USD,BUY,1984.09,84,2026-01-01T00:35:13Z
order_00002115,batch_0004,trader_0009,ETH-USD,SELL,2051.34,465,2026-01-01T00:35:14Z
order_00002116,batch_0004,trader_0002,ETH-USD,SELL,1931.77,6,2026-01-01T00:35:15Z
order_00002117,batch_0004,trader_0024,ETH-USD,SELL,1981.24,974,2026-01-01T00:35:16Z
order_00002118,batch_0004,trader_0019,ETH-USD,SELL,2182.96,929,2026-01-01T00:35:17Z
order_00002119,batch_0004,trader_0021,ETH-USD,BUY,1819.47,884,2026-01-01T00:35:18Z
order_00002120,batch_0004,trader_0003,ETH-USD,BUY,1822.21,818,2026-01-01T00:35:19Z
order_00002121,batch_0004,trader_0013,ETH-USD,SELL,1952.56,617,2026-01-01T00:35:20Z
order_00002122,batch_0004,trader_0013,ETH-USD,BUY,2186.02,246,2026-01-01T00:35:21Z
order_00002123,batch_0004,trader_0013,ETH-USD,BUY,1883.29,873,2026-01-01T00:35:22Z
order_00002124,batch_0004,trader_0021,ETH-USD,SELL,2058.87,292,2026-01-01T00:35:23Z
order_00002125,batch_0004,trader_0014,ETH-USD,BUY,1996.34,306,2026-01-01T00:35:24Z
order_00002126,batch_0004,trader_0022,ETH-USD,SELL,1924.04,944,2026-01-01T00:35:25Z
order_00002127,batch_0004,trader_0012,ETH-USD,SELL,2066.21,368,2026-01-01T00:35:26Z
order_00002128,batch_0004,trader_0013,ETH-USD,SELL,1978.18,502,2026-01-01T00:35:27Z
order_00002129,batch_0004,trader_0003,ETH-USD,BUY,2040.14,577,2026-01-01T00:35:28Z
order_00002130,batch_0004,trader_0006,ETH-USD,SELL,1947.29,831,2026-01-01T00:35:29Z
order_00002131,batch_0004,trader_0017,ETH-USD,BUY,1837.18,437,2026-01-01T00:35:30Z
order_00002132,batch_0004,trader_0021,ETH-USD,BUY,2070.58,475,2026-01-01T00:35:31Z
order_00002133,batch_0004,trader_0017,ETH-USD,SELL,2172.27,159,2026-01-01T00:35:32Z
order_00002134,batch_0004,trader_0015,ETH-USD,SELL,1833.59,538,2026-01-01T00:35:33Z
order_00002135,batch_0004,trader_0010,ETH-USD,BUY,2120.62,929,2026-01-01T00:35:34Z
order_00002136,batch_0004,trader_0010,ETH-USD,BUY,2073.73,131,2026-01-01T00:35:35Z
order_00002137,batch_0004,trader_0019,ETH-USD,SELL,1971.09,536,2026-01-01T00:35:36Z
order_00002138,batch_0004,trader_0017,ETH-USD,BUY,2166.92,79,2026-01-01T00:35:37Z
order_00002139,batch_0004,trader_0015,ETH-USD,BUY,1965.21,436,2026-01-01T00:35:38Z
order_00002140,batch_0004,trader_0012,ETH-USD,SELL,2125.13,583,2026-01-01T00:35:39Z
order_00002141,batch_0004,trader_0001,ETH-USD,BUY,2107.46,84,2026-01-01T00:35:40Z
order_00002142,batch_0004,trader_0006,ETH-USD,BUY,1985.15,678,2026-01-01T00:35:41Z
order_00002143,batch_0004,trader_0023,ETH-USD,SELL,1833.32,47,2026-01-01T00:35:42Z
order_00002144,batch_0004,trader_0025,ETH-USD,BUY,2089.64,602,2026-01-01T00:35:43Z
order_00002145,batch_0004,trader_0011,ETH-USD,SELL,2123.13,639,2026-01-01T00:35:44Z
order_00002146,batch_0004,trader_0007,ETH-USD,SELL,2124.0,893,2026-01-01T00:35:45Z
order_00002147,batch_0004,trader_0009,ETH-USD,BUY,2192.87,765,2026-01-01T00:35:46Z
order_00002148,batch_0004,trader_0001,ETH-USD,SELL,1973.52,109,2026-01-01T00:35:47Z
order_00002149,batch_0004,trader_0021,ETH-USD,BUY,1805.32,120,2026-01-01T00:35:48Z
order_00002150,batch_0004,trader_0022,ETH-USD,BUY,1962.04,709,2026-01-01T00:35:49Z
order_00002151,batch_0004,trader_0010,ETH-USD,SELL,2090.36,617,2026-01-01T00:35:50Z
order_00002152,batch_0004,trader_0023,ETH-USD,SELL,2046.7,998,2026-01-01T00:35:51Z
order_00002153,batch_0004,trader_0010,ETH-USD,SELL,2070.04,707,2026-01-01T00:35:52Z
order_00002154,batch_0004,trader_0004,ETH-USD,BUY,1805.55,139,2026-01-01T00:35:53Z
order_00002155,batch_0004,trader_0001,ETH-USD,SELL,2188.21,713,2026-01-01T00:35:54Z
order_00002156,batch_0004,trader_0008,ETH-USD,BUY,1858.06,665,2026-01-01T00:35:55Z
order_00002157,batch_0004,trader_0018,ETH-USD,BUY,2143.28,642,2026-01-01T00:35:56Z
order_00002158,batch_0004,trader_0005,ETH-USD,BUY,2107.89,309,2026-01-01T00:35:57Z
order_00002159,batch_0004,trader_0005,ETH-USD,BUY,1846.58,23,2026-01-01T00:35:58Z
order_00002160,batch_0004,trader_0016,ETH-USD,SELL,2185.55,456,2026-01-01T00:35:59Z
order_00002161,batch_0004,trader_0007,ETH-USD,BUY,2034.09,461,2026-01-01T00:36:00Z
order_00002162,batch_0004,trader_0002,ETH-USD,BUY,2133.54,850,2026-01-01T00:36:01Z
order_00002163,batch_0004,trader_0023,ETH-USD,BUY,2052.16,106,2026-01-01T00:36:02Z
order_00002164,batch_0004,trader_0024,ETH-USD,BUY,2139.45,426,2026-01-01T00:36:03Z
order_00002165,batch_0004,trader_0010,ETH-USD,SELL,2021.72,749,2026-01-01T00:36:04Z
order_00002166,batch_0004,trader_0019,ETH-USD,BUY,1994.44,410,2026-01-01T00:36:05Z
order_00002167,batch_0004,trader_0016,ETH-USD,SELL,2071.47,958,2026-01-01T00:36:06Z
order_00002168,batch_0004,trader_0014,ETH-USD,BUY,2011.32,63,2026-01-01T00:36:07Z
order_00002169,batch_0004,trader_0021,ETH-USD,SELL,1825.4,567,2026-01-01T00:36:08Z
order_00002170,batch_0004,trader_0020,ETH-USD,BUY,1846.78,485,2026-01-01T00:36:09Z
order_00002171,batch_0004,trader_0014,ETH-USD,SELL,1979.33,356,2026-01-01T00:36:10Z
order_00002172,batch_0004,trader_0016,ETH-USD,BUY,2090.48,295,2026-01-01T00:36:11Z
order_00002173,batch_0004,trader_0019,ETH-USD,BUY,2003.05,238,2026-01-01T00:36:12Z
order_00002174,batch_0004,trader_0023,ETH-USD,SELL,2168.69,348,2026-01-01T00:36:13Z
order_00002175,batch_0004,trader_0024,ETH-USD,SELL,2153.27,135,2026-01-01T00:36:14Z
order_00002176,batch_0004,trader_0022,ETH-USD,SELL,1966.74,983,2026-01-01T00:36:15Z
order_00002177,batch_0004,trader_0006,ETH-USD,SELL,2118.39,369,2026-01-01T00:36:16Z
order_00002178,batch_0004,trader_0003,ETH-USD,SELL,2076.28,290,2026-01-01T00:36:17Z
order_00002179,batch_0004,trader_0006,ETH-USD,SELL,1869.32,133,2026-01-01T00:36:18Z
order_00002180,batch_0004,trader_0016,ETH-USD,SELL,2117.39,104,2026-01-01T00:36:19Z
order_00002181,batch_0004,trader_0001,ETH-USD,BUY,2022.73,215,2026-01-01T00:36:20Z
order_00002182,batch_0004,trader_0006,ETH-USD,BUY,1942.82,268,2026-01-01T00:36:21Z
order_00002183,batch_0004,trader_0002,ETH-USD,BUY,2157.78,881,2026-01-01T00:36:22Z
order_00002184,batch_0004,trader_0020,ETH-USD,SELL,1972.25,346,2026-01-01T00:36:23Z
order_00002185,batch_0004,trader_0009,ETH-USD,BUY,1889.64,576,2026-01-01T00:36:24Z
order_00002186,batch_0004,trader_0002,ETH-USD,SELL,1942.1,804,2026-01-01T00:36:25Z
order_00002187,batch_0004,trader_0005,ETH-USD,SELL,1907.0,571,2026-01-01T00:36:26Z
order_00002188,batch_0004,trader_0022,ETH-USD,SELL,2006.15,895,2026-01-01T00:36:27Z
order_00002189,batch_0004,trader_0015,ETH-USD,BUY,2170.65,52,2026-01-01T00:36:28Z
order_00002190,batch_0004,trader_0004,ETH-USD,SELL,2136.64,986,2026-01-01T00:36:29Z
order_00002191,batch_0004,trader_0004,ETH-USD,SELL,2044.23,801,2026-01-01T00:36:30Z
order_00002192,batch_0004,trader_0006,ETH-USD,SELL,2002.92,43,2026-01-01T00:36:31Z
order_00002193,batch_0004,trader_0012,ETH-USD,SELL,1882.15,892,2026-01-01T00:36:32Z
order_00002194,batch_0004,trader_0025,ETH-USD,BUY,2083.27,300,2026-01-01T00:36:33Z
order_00002195,batch_0004,trader_0005,ETH-USD,SELL,2148.2,751,2026-01-01T00:36:34Z
order_00002196,batch_0004,trader_0004,ETH-USD,SELL,2127.66,343,2026-01-01T00:36:35Z
order_00002197,batch_0004,trader_0025,ETH-USD,SELL,2187.85,450,2026-01-01T00:36:36Z
order_00002198,batch_0004,trader_0016,ETH-USD,SELL,2133.93,252,2026-01-01T00:36:37Z
order_00002199,batch_0004,trader_0009,ETH-USD,BUY,1868.5,518,2026-01-01T00:36:38Z
order_00002200,batch_0004,trader_0021,ETH-USD,BUY,1966.0,773,2026-01-01T00:36:39Z
order_00002201,batch_0004,trader_0017,ETH-USD,SELL,2101.28,156,2026-01-01T00:36:40Z
order_00002202,batch_0004,trader_0014,ETH-USD,BUY,1855.2,234,2026-01-01T00:36:41Z
order_00002203,batch_0004,trader_0017,ETH-USD,BUY,2159.23,420,2026-01-01T00:36:42Z
order_00002204,batch_0004,trader_0015,ETH-USD,SELL,2177.5,371,2026-01-01T00:36:43Z
order_00002205,batch_0004,trader_0017,ETH-USD,BUY,2087.05,11,2026-01-01T00:36:44Z
order_00002206,batch_0004,trader_0013,ETH-USD,SELL,1935.32,87,2026-01-01T00:36:45Z
order_00002207,batch_0004,trader_0013,ETH-USD,SELL,1973.63,169,2026-01-01T00:36:46Z
order_00002208,batch_0004,trader_0005,ETH-USD,SELL,2169.01,677,2026-01-01T00:36:47Z
order_00002209,batch_0004,trader_0023,ETH-USD,SELL,2191.09,60,2026-01-01T00:36:48Z
order_00002210,batch_0004,trader_0010,ETH-USD,SELL,2007.91,897,2026-01-01T00:36:49Z
order_00002211,batch_0004,trader_0018,ETH-USD,BUY,2072.35,908,2026-01-01T00:36:50Z
order_00002212,batch_0004,trader_0012,ETH-USD,SELL,2097.08,739,2026-01-01T00:36:51Z
order_00002213,batch_0004,trader_0020,ETH-USD,BUY,2160.08,287,2026-01-01T00:36:52Z
order_00002214,batch_0004,trader_0021,ETH-USD,SELL,1961.58,718,2026-01-01T00:36:53Z
order_00002215,batch_0004,trader_0020,ETH-USD,BUY,2049.74,558,2026-01-01T00:36:54Z
order_00002216,batch_0004,trader_0021,ETH-USD,SELL,1938.1,715,2026-01-01T00:36:55Z
order_00002217,batch_0004,trader_0003,ETH-USD,BUY,2152.39,203,2026-01-01T00:36:56Z
order_00002218,batch_0004,trader_0024,ETH-USD,BUY,1956.0,343,2026-01-01T00:36:57Z
order_00002219,batch_0004,trader_0018,ETH-USD,SELL,2008.19,130,2026-01-01T00:36:58Z
order_00002220,batch_0004,trader_0010,ETH-USD,BUY,2004.67,96,2026-01-01T00:36:59Z
order_00002221,batch_0004,trader_0001,ETH-USD,SELL,2054.27,776,2026-01-01T00:37:00Z
order_00002222,batch_0004,trader_0009,ETH-USD,BUY,2015.97,816,2026-01-01T00:37:01Z
order_00002223,batch_0004,trader_0014,ETH-USD,BUY,1921.58,793,2026-01-01T00:37:02Z
order_00002224,batch_0004,trader_0012,ETH-USD,SELL,2092.79,114,2026-01-01T00:37:03Z
order_00002225,batch_0004,trader_0002,ETH-USD,BUY,1941.79,520,2026-01-01T00:37:04Z
order_00002226,batch_0004,trader_0010,ETH-USD,SELL,1849.9,964,2026-01-01T00:37:05Z
order_00002227,batch_0004,trader_0008,ETH-USD,SELL,1981.26,6,2026-01-01T00:37:06Z
order_00002228,batch_0004,trader_0021,ETH-USD,SELL,2026.24,596,2026-01-01T00:37:07Z
order_00002229,batch_0004,trader_0012,ETH-USD,SELL,2038.22,865,2026-01-01T00:37:08Z
order_00002230,batch_0004,trader_0023,ETH-USD,BUY,2113.92,683,2026-01-01T00:37:09Z
order_00002231,batch_0004,trader_0017,ETH-USD,SELL,2085.74,144,2026-01-01T00:37:10Z
order_00002232,batch_0004,trader_0019,ETH-USD,SELL,1931.14,108,2026-01-01T00:37:11Z
order_00002233,batch_0004,trader_0004,ETH-USD,BUY,1944.51,798,2026-01-01T00:37:12Z
order_00002234,batch_0004,trader_0003,ETH-USD,BUY,2131.38,436,2026-01-01T00:37:13Z
order_00002235,batch_0004,trader_0016,ETH-USD,BUY,2155.4,436,2026-01-01T00:37:14Z
order_00002236,batch_0004,trader_0017,ETH-USD,BUY,1947.72,80,2026-01-01T00:37:15Z
order_00002237,batch_0004,trader_0013,ETH-USD,BUY,2007.58,573,2026-01-01T00:37:16Z
order_00002238,batch_0004,trader_0014,ETH-USD,SELL,1999.53,599,2026-01-01T00:37:17Z
order_00002239,batch_0004,trader_0016,ETH-USD,SELL,2172.41,706,2026-01-01T00:37:18Z
order_00002240,batch_0004,trader_0005,ETH-USD,SELL,2129.52,427,2026-01-01T00:37:19Z
order_00002241,batch_0004,trader_0005,ETH-USD,SELL,2084.46,497,2026-01-01T00:37:20Z
order_00002242,batch_0004,trader_0004,ETH-USD,SELL,2145.31,526,2026-01-01T00:37:21Z
order_00002243,batch_0004,trader_0024,ETH-USD,SELL,1989.34,467,2026-01-01T00:37:22Z
order_00002244,batch_0004,trader_0004,ETH-USD,BUY,1947.73,573,2026-01-01T00:37:23Z
order_00002245,batch_0004,trader_0012,ETH-USD,SELL,1844.13,419,2026-01-01T00:37:24Z
order_00002246,batch_0004,trader_0004,ETH-USD,SELL,2009.11,42,2026-01-01T00:37:25Z
order_00002247,batch_0004,trader_0016,ETH-USD,BUY,1921.3,384,2026-01-01T00:37:26Z
order_00002248,batch_0004,trader_0019,ETH-USD,BUY,1856.86,147,2026-01-01T00:37:27Z
order_00002249,batch_0004,trader_0010,ETH-USD,BUY,2157.7,960,2026-01-01T00:37:28Z
order_00002250,batch_0004,trader_0001,ETH-USD,BUY,2095.86,839,2026-01-01T00:37:29Z
order_00002251,batch_0004,trader_0002,ETH-USD,BUY,1827.03,358,2026-01-01T00:37:30Z
order_00002252,batch_0004,trader_0015,ETH-USD,BUY,1923.88,587,2026-01-01T00:37:31Z
order_00002253,batch_0004,trader_0024,ETH-USD,SELL,1950.92,801,2026-01-01T00:37:32Z
order_00002254,batch_0004,trader_0017,ETH-USD,SELL,2104.78,136,2026-01-01T00:37:33Z
order_00002255,batch_0004,trader_0015,ETH-USD,SELL,1979.97,780,2026-01-01T00:37:34Z
order_00002256,batch_0004,trader_0020,ETH-USD,BUY,1930.09,746,2026-01-01T00:37:35Z
order_00002257,batch_0004,trader_0013,ETH-USD,SELL,1954.89,420,2026-01-01T00:37:36Z
order_00002258,batch_0004,trader_0015,ETH-USD,BUY,2183.23,47,2026-01-01T00:37:37Z
order_00002259,batch_0004,trader_0006,ETH-USD,SELL,1835.41,662,2026-01-01T00:37:38Z
order_00002260,batch_0004,trader_0025,ETH-USD,SELL,2052.04,586,2026-01-01T00:37:39Z
order_00002261,batch_0004,trader_0021,ETH-USD,SELL,2058.06,575,2026-01-01T00:37:40Z
order_00002262,batch_0004,trader_0018,ETH-USD,SELL,2182.07,198,2026-01-01T00:37:41Z
order_00002263,batch_0004,trader_0017,ETH-USD,SELL,2182.92,55,2026-01-01T00:37:42Z
order_00002264,batch_0004,trader_0001,ETH-USD,BUY,2001.06,488,2026-01-01T00:37:43Z
order_00002265,batch_0004,trader_0001,ETH-USD,BUY,2012.74,959,2026-01-01T00:37:44Z
order_00002266,batch_0004,trader_0023,ETH-USD,BUY,1898.11,211,2026-01-01T00:37:45Z
order_00002267,batch_0004,trader_0018,ETH-USD,SELL,1977.69,594,2026-01-01T00:37:46Z
order_00002268,batch_0004,trader_0016,ETH-USD,SELL,2035.56,412,2026-01-01T00:37:47Z
order_00002269,batch_0004,trader_0006,ETH-USD,SELL,1935.98,24,2026-01-01T00:37:48Z
order_00002270,batch_0004,trader_0013,ETH-USD,BUY,2011.16,881,2026-01-01T00:37:49Z
order_00002271,batch_0004,trader_0018,ETH-USD,BUY,2191.91,118,2026-01-01T00:37:50Z
order_00002272,batch_0004,trader_0025,ETH-USD,BUY,1873.07,148,2026-01-01T00:37:51Z
order_00002273,batch_0004,trader_0022,ETH-USD,BUY,2180.87,315,2026-01-01T00:37:52Z
order_00002274,batch_0004,trader_0006,ETH-USD,BUY,2184.45,630,2026-01-01T00:37:53Z
order_00002275,batch_0004,trader_0004,ETH-USD,BUY,1919.21,60,2026-01-01T00:37:54Z
order_00002276,batch_0004,trader_0009,ETH-USD,BUY,2157.2,423,2026-01-01T00:37:55Z
order_00002277,batch_0004,trader_0002,ETH-USD,BUY,2159.8,848,2026-01-01T00:37:56Z
order_00002278,batch_0004,trader_0008,ETH-USD,BUY,2038.8,771,2026-01-01T00:37:57Z
order_00002279,batch_0004,trader_0004,ETH-USD,BUY,2001.77,771,2026-01-01T00:37:58Z
order_00002280,batch_0004,trader_0014,ETH-USD,BUY,1985.93,326,2026-01-01T00:37:59Z
order_00002281,batch_0004,trader_0008,ETH-USD,BUY,1963.0,30,2026-01-01T00:38:00Z
order_00002282,batch_0004,trader_0019,ETH-USD,SELL,1907.66,20,2026-01-01T00:38:01Z
order_00002283,batch_0004,trader_0021,ETH-USD,SELL,2105.19,253,2026-01-01T00:38:02Z
order_00002284,batch_0004,trader_0015,ETH-USD,SELL,2027.3,312,2026-01-01T00:38:03Z
order_00002285,batch_0004,trader_0005,ETH-USD,BUY,2000.17,652,2026-01-01T00:38:04Z
order_00002286,batch_0004,trader_0018,ETH-USD,BUY,2112.81,173,2026-01-01T00:38:05Z
order_00002287,batch_0004,trader_0015,ETH-USD,SELL,2164.6,985,2026-01-01T00:38:06Z
order_00002288,batch_0004,trader_0020,ETH-USD,BUY,1985.86,833,2026-01-01T00:38:07Z
order_00002289,batch_0004,trader_0002,ETH-USD,BUY,1866.95,996,2026-01-01T00:38:08Z
order_00002290,batch_0004,trader_0009,ETH-USD,SELL,1909.32,494,2026-01-01T00:38:09Z
order_00002291,batch_0004,trader_0021,ETH-USD,SELL,2199.7,390,2026-01-01T00:38:10Z
order_00002292,batch_0004,trader_0002,ETH-USD,BUY,2004.13,861,2026-01-01T00:38:11Z
order_00002293,batch_0004,trader_0010,ETH-USD,BUY,2025.23,547,2026-01-01T00:38:12Z
order_00002294,batch_0004,trader_0005,ETH-USD,BUY,1849.19,716,2026-01-01T00:38:13Z
order_00002295,batch_0004,trader_0007,ETH-USD,SELL,2151.31,287,2026-01-01T00:38:14Z
order_00002296,batch_0004,trader_0022,ETH-USD,SELL,2120.82,981,2026-01-01T00:38:15Z
order_00002297,batch_0004,trader_0025,ETH-USD,SELL,1904.54,651,2026-01-01T00:38:16Z
order_00002298,batch_0004,trader_0011,ETH-USD,SELL,1898.37,280,2026-01-01T00:38:17Z
order_00002299,batch_0004,trader_0011,ETH-USD,BUY,2183.6,471,2026-01-01T00:38:18Z
order_00002300,batch_0004,trader_0001,ETH-USD,BUY,1853.49,709,2026-01-01T00:38:19Z
order_00002301,batch_0004,trader_0022,ETH-USD,SELL,2160.58,5,2026-01-01T00:38:20Z
order_00002302,batch_0004,trader_0023,ETH-USD,BUY,2158.11,570,2026-01-01T00:38:21Z
order_00002303,batch_0004,trader_0021,ETH-USD,BUY,2015.25,403,2026-01-01T00:38:22Z
order_00002304,batch_0004,trader_0022,ETH-USD,SELL,1812.38,552,2026-01-01T00:38:23Z
order_00002305,batch_0004,trader_0013,ETH-USD,BUY,1941.2,127,2026-01-01T00:38:24Z
order_00002306,batch_0004,trader_0025,ETH-USD,SELL,1954.7,367,2026-01-01T00:38:25Z
order_00002307,batch_0004,trader_0012,ETH-USD,SELL,1849.91,9,2026-01-01T00:38:26Z
order_00002308,batch_0004,trader_0024,ETH-USD,SELL,1803.75,456,2026-01-01T00:38:27Z
order_00002309,batch_0004,trader_0023,ETH-USD,BUY,2072.22,288,2026-01-01T00:38:28Z
order_00002310,batch_0004,trader_0021,ETH-USD,BUY,2126.51,93,2026-01-01T00:38:29Z
order_00002311,batch_0004,trader_0016,ETH-USD,BUY,1888.46,736,2026-01-01T00:38:30Z
order_00002312,batch_0004,trader_0023,ETH-USD,SELL,1912.3,38,2026-01-01T00:38:31Z
order_00002313,batch_0004,trader_0021,ETH-USD,SELL,1802.85,215,2026-01-01T00:38:32Z
order_00002314,batch_0004,trader_0017,ETH-USD,BUY,1910.94,891,2026-01-01T00:38:33Z
order_00002315,batch_0004,trader_0024,ETH-USD,BUY,1877.51,566,2026-01-01T00:38:34Z
order_00002316,batch_0004,trader_0006,ETH-USD,SELL,2041.19,699,2026-01-01T00:38:35Z
order_00002317,batch_0004,trader_0005,ETH-USD,BUY,2098.39,132,2026-01-01T00:38:36Z
order_00002318,batch_0004,trader_0017,ETH-USD,BUY,2142.19,584,2026-01-01T00:38:37Z
order_00002319,batch_0004,trader_0022,ETH-USD,SELL,1876.74,281,2026-01-01T00:38:38Z
order_00002320,batch_0004,trader_0018,ETH-USD,BUY,2077.19,994,2026-01-01T00:38:39Z
order_00002321,batch_0004,trader_0015,ETH-USD,SELL,2024.05,698,2026-01-01T00:38:40Z
order_00002322,batch_0004,trader_0021,ETH-USD,BUY,2056.39,438,2026-01-01T00:38:41Z
order_00002323,batch_0004,trader_0014,ETH-USD,BUY,1929.2,962,2026-01-01T00:38:42Z
order_00002324,batch_0004,trader_0016,ETH-USD,BUY,2007.32,697,2026-01-01T00:38:43Z
order_00002325,batch_0004,trader_0024,ETH-USD,BUY,1817.39,778,2026-01-01T00:38:44Z
order_00002326,batch_0004,trader_0018,ETH-USD,BUY,2167.36,285,2026-01-01T00:38:45Z
order_00002327,batch_0004,trader_0011,ETH-USD,BUY,1956.74,6,2026-01-01T00:38:46Z
order_00002328,batch_0004,trader_0024,ETH-USD,BUY,2123.07,586,2026-01-01T00:38:47Z
order_00002329,batch_0004,trader_0003,ETH-USD,BUY,1969.53,707,2026-01-01T00:38:48Z
order_00002330,batch_0004,trader_0010,ETH-USD,SELL,1865.79,202,2026-01-01T00:38:49Z
order_00002331,batch_0004,trader_0016,ETH-USD,BUY,1838.69,641,2026-01-01T00:38:50Z
order_00002332,batch_0004,trader_0021,ETH-USD,BUY,2037.01,25,2026-01-01T00:38:51Z
order_00002333,batch_0004,trader_0004,ETH-USD,SELL,1900.16,861,2026-01-01T00:38:52Z
order_00002334,batch_0004,trader_0002,ETH-USD,BUY,1936.32,982,2026-01-01T00:38:53Z
order_00002335,batch_0004,trader_0003,ETH-USD,SELL,2117.64,533,2026-01-01T00:38:54Z
order_00002336,batch_0004,trader_0004,ETH-USD,SELL,1975.41,635,2026-01-01T00:38:55Z
order_00002337,batch_0004,trader_0002,ETH-USD,SELL,1849.93,593,2026-01-01T00:38:56Z
order_00002338,batch_0004,trader_0023,ETH-USD,SELL,1925.31,387,2026-01-01T00:38:57Z
order_00002339,batch_0004,trader_0015,ETH-USD,BUY,1824.8,131,2026-01-01T00:38:58Z
order_00002340,batch_0004,trader_0003,ETH-USD,BUY,2050.47,626,2026-01-01T00:38:59Z
order_00002341,batch_0004,trader_0010,ETH-USD,BUY,2023.7,58,2026-01-01T00:39:00Z
order_00002342,batch_0004,trader_0025,ETH-USD,SELL,1838.33,412,2026-01-01T00:39:01Z
order_00002343,batch_0004,trader_0022,ETH-USD,BUY,2039.83,886,2026-01-01T00:39:02Z
order_00002344,batch_0004,trader_0014,ETH-USD,SELL,1953.57,465,2026-01-01T00:39:03Z
order_00002345,batch_0004,trader_0021,ETH-USD,SELL,1840.51,635,2026-01-01T00:39:04Z
order_00002346,batch_0004,trader_0017,ETH-USD,SELL,1810.39,802,2026-01-01T00:39:05Z
order_00002347,batch_0004,trader_0001,ETH-USD,BUY,1843.2,198,2026-01-01T00:39:06Z
order_00002348,batch_0004,trader_0007,ETH-USD,SELL,2037.15,70,2026-01-01T00:39:07Z
order_00002349,batch_0004,trader_0009,ETH-USD,SELL,2054.95,130,2026-01-01T00:39:08Z
order_00002350,batch_0004,trader_0015,ETH-USD,BUY,2089.85,493,2026-01-01T00:39:09Z
order_00002351,batch_0004,trader_0002,ETH-USD,BUY,2118.81,141,2026-01-01T00:39:10Z
order_00002352,batch_0004,trader_0021,ETH-USD,BUY,1974.34,599,2026-01-01T00:39:11Z
order_00002353,batch_0004,trader_0018,ETH-USD,SELL,2033.47,319,2026-01-01T00:39:12Z
order_00002354,batch_0004,trader_0020,ETH-USD,SELL,1987.81,151,2026-01-01T00:39:13Z
order_00002355,batch_0004,trader_0017,ETH-USD,BUY,2188.11,378,2026-01-01T00:39:14Z
order_00002356,batch_0004,trader_0008,ETH-USD,SELL,1857.84,695,2026-01-01T00:39:15Z
order_00002357,batch_0004,trader_0002,ETH-USD,SELL,2023.78,856,2026-01-01T00:39:16Z
order_00002358,batch_0004,trader_0021,ETH-USD,BUY,2190.6,201,2026-01-01T00:39:17Z
order_00002359,batch_0004,trader_0007,ETH-USD,SELL,1827.36,805,2026-01-01T00:39:18Z
order_00002360,batch_0004,trader_0015,ETH-USD,SELL,2076.74,712,2026-01-01T00:39:19Z
order_00002361,batch_0004,trader_0019,ETH-USD,SELL,2140.8,340,2026-01-01T00:39:20Z
order_00002362,batch_0004,trader_0011,ETH-USD,SELL,1919.85,631,2026-01-01T00:39:21Z
order_00002363,batch_0004,trader_0002,ETH-USD,BUY,2150.44,466,2026-01-01T00:39:22Z
order_00002364,batch_0004,trader_0008,ETH-USD,BUY,1801.48,943,2026-01-01T00:39:23Z
order_00002365,batch_0004,trader_0008,ETH-USD,SELL,2049.57,478,2026-01-01T00:39:24Z
order_00002366,batch_0004,trader_0011,ETH-USD,BUY,2181.04,787,2026-01-01T00:39:25Z
order_00002367,batch_0004,trader_0006,ETH-USD,SELL,1882.13,385,2026-01-01T00:39:26Z
order_00002368,batch_0004,trader_0003,ETH-USD,SELL,1945.13,7,2026-01-01T00:39:27Z
order_00002369,batch_0004,trader_0010,ETH-USD,BUY,1846.08,569,2026-01-01T00:39:28Z
order_00002370,batch_0004,trader_0025,ETH-USD,BUY,2034.27,647,2026-01-01T00:39:29Z
order_00002371,batch_0004,trader_0007,ETH-USD,BUY,1811.87,999,2026-01-01T00:39:30Z
order_00002372,batch_0004,trader_0024,ETH-USD,BUY,2154.15,225,2026-01-01T00:39:31Z
order_00002373,batch_0004,trader_0006,ETH-USD,BUY,2021.8,868,2026-01-01T00:39:32Z
order_00002374,batch_0004,trader_0004,ETH-USD,BUY,2137.15,181,2026-01-01T00:39:33Z
order_00002375,batch_0004,trader_0021,ETH-USD,BUY,1854.9,694,2026-01-01T00:39:34Z
order_00002376,batch_0004,trader_0007,ETH-USD,SELL,1935.35,114,2026-01-01T00:39:35Z
order_00002377,batch_0004,trader_0012,ETH-USD,BUY,1947.86,246,2026-01-01T00:39:36Z
order_00002378,batch_0004,trader_0020,ETH-USD,SELL,2010.77,964,2026-01-01T00:39:37Z
order_00002379,batch_0004,trader_0004,ETH-USD,SELL,2084.38,900,2026-01-01T00:39:38Z
order_00002380,batch_0004,trader_0007,ETH-USD,BUY,1852.32,947,2026-01-01T00:39:39Z
order_00002381,batch_0004,trader_0011,ETH-USD,BUY,2077.74,388,2026-01-01T00:39:40Z
order_00002382,batch_0004,trader_0002,ETH-USD,SELL,1897.82,652,2026-01-01T00:39:41Z
order_00002383,batch_0004,trader_0018,ETH-USD,SELL,1875.64,602,2026-01-01T00:39:42Z
order_00002384,batch_0004,trader_0002,ETH-USD,BUY,1931.07,153,2026-01-01T00:39:43Z
order_00002385,batch_0004,trader_0017,ETH-USD,SELL,2149.14,287,2026-01-01T00:39:44Z
order_00002386,batch_0004,trader_0024,ETH-USD,SELL,1995.6,908,2026-01-01T00:39:45Z
order_00002387,batch_0004,trader_0020,ETH-USD,BUY,2116.4,482,2026-01-01T00:39:46Z
order_00002388,batch_0004,trader_0021,ETH-USD,BUY,1955.25,521,2026-01-01T00:39:47Z
order_00002389,batch_0004,trader_0015,ETH-USD,SELL,1999.44,384,2026-01-01T00:39:48Z
order_00002390,batch_0004,trader_0023,ETH-USD,BUY,1949.55,730,2026-01-01T00:39:49Z
order_00002391,batch_0004,trader_0009,ETH-USD,BUY,1997.92,979,2026-01-01T00:39:50Z
order_00002392,batch_0004,trader_0019,ETH-USD,SELL,2168.47,654,2026-01-01T00:39:51Z
order_00002393,batch_0004,trader_0007,ETH-USD,SELL,1887.81,213,2026-01-01T00:39:52Z
order_00002394,batch_0004,trader_0010,ETH-USD,BUY,1958.36,241,2026-01-01T00:39:53Z
order_00002395,batch_0004,trader_0012,ETH-USD,BUY,2028.55,387,2026-01-01T00:39:54Z
order_00002396,batch_0004,trader_0003,ETH-USD,BUY,1853.73,87,2026-01-01T00:39:55Z
order_00002397,batch_0004,trader_0019,ETH-USD,BUY,1940.63,532,2026-01-01T00:39:56Z
order_00002398,batch_0004,trader_0014,ETH-USD,BUY,2048.45,525,2026-01-01T00:39:57Z
order_00002399,batch_0004,trader_0016,ETH-USD,BUY,1963.58,443,2026-01-01T00:39:58Z
order_00002400,batch_0004,trader_0015,ETH-USD,BUY,1809.89,392,2026-01-01T00:39:59Z
order_00002401,batch_0004,trader_0003,ETH-USD,BUY,1830.36,661,2026-01-01T00:40:00Z
order_00002402,batch_0004,trader_0021,ETH-USD,BUY,2005.12,514,2026-01-01T00:40:01Z
order_00002403,batch_0004,trader_0004,ETH-USD,BUY,2170.64,284,2026-01-01T00:40:02Z
order_00002404,batch_0004,trader_0007,ETH-USD,BUY,1815.31,369,2026-01-01T00:40:03Z
order_00002405,batch_0004,trader_0010,ETH-USD,BUY,1931.7,692,2026-01-01T00:40:04Z
order_00002406,batch_0004,trader_0009,ETH-USD,SELL,2073.42,787,2026-01-01T00:40:05Z
order_00002407,batch_0004,trader_0025,ETH-USD,BUY,2199.2,619,2026-01-01T00:40:06Z
order_00002408,batch_0004,trader_0001,ETH-USD,SELL,2164.95,557,2026-01-01T00:40:07Z
order_00002409,batch_0004,trader_0013,ETH-USD,SELL,2128.92,289,2026-01-01T00:40:08Z
order_00002410,batch_0004,trader_0021,ETH-USD,SELL,2031.98,842,2026-01-01T00:40:09Z
order_00002411,batch_0004,trader_0025,ETH-USD,BUY,2005.06,670,2026-01-01T00:40:10Z
order_00002412,batch_0004,trader_0008,ETH-USD,SELL,1959.0,887,2026-01-01T00:40:11Z
order_00002413,batch_0004,trader_0017,ETH-USD,SELL,1989.78,215,2026-01-01T00:40:12Z
order_00002414,batch_0004,trader_0024,ETH-USD,SELL,2103.05,566,2026-01-01T00:40:13Z
order_00002415,batch_0004,trader_0011,ETH-USD,SELL,2116.77,349,2026-01-01T00:40:14Z
order_00002416,batch_0004,trader_0023,ETH-USD,SELL,2108.05,440,2026-01-01T00:40:15Z
order_00002417,batch_0004,trader_0018,ETH-USD,BUY,1979.99,450,2026-01-01T00:40:16Z
order_00002418,batch_0004,trader_0005,ETH-USD,BUY,2031.0,143,2026-01-01T00:40:17Z
order_00002419,batch_0004,trader_0022,ETH-USD,BUY,1803.87,756,2026-01-01T00:40:18Z
order_00002420,batch_0004,trader_0014,ETH-USD,SELL,1890.2,348,2026-01-01T00:40:19Z
order_00002421,batch_0004,trader_0023,ETH-USD,SELL,2105.14,414,2026-01-01T00:40:20Z
order_00002422,batch_0004,trader_0019,ETH-USD,SELL,2034.78,334,2026-01-01T00:40:21Z
order_00002423,batch_0004,trader_0011,ETH-USD,SELL,1855.65,945,2026-01-01T00:40:22Z
order_00002424,batch_0004,trader_0020,ETH-USD,SELL,2041.2,819,2026-01-01T00:40:23Z
order_00002425,batch_0004,trader_0007,ETH-USD,SELL,2192.07,401,2026-01-01T00:40:24Z
order_00002426,batch_0004,trader_0007,ETH-USD,SELL,2013.8,66,2026-01-01T00:40:25Z
order_00002427,batch_0004,trader_0015,ETH-USD,BUY,2027.81,337,2026-01-01T00:40:26Z
order_00002428,batch_0004,trader_0004,ETH-USD,SELL,1837.3,312,2026-01-01T00:40:27Z
order_00002429,batch_0004,trader_0023,ETH-USD,SELL,1812.82,182,2026-01-01T00:40:28Z
order_00002430,batch_0004,trader_0003,ETH-USD,SELL,1874.68,28,2026-01-01T00:40:29Z
order_00002431,batch_0004,trader_0008,ETH-USD,SELL,1913.53,396,2026-01-01T00:40:30Z
order_00002432,batch_0004,trader_0002,ETH-USD,BUY,1827.99,537,2026-01-01T00:40:31Z
order_00002433,batch_0004,trader_0014,ETH-USD,BUY,1868.73,12,2026-01-01T00:40:32Z
order_00002434,batch_0004,trader_0014,ETH-USD,BUY,1851.66,114,2026-01-01T00:40:33Z
order_00002435,batch_0004,trader_0007,ETH-USD,BUY,1955.6,71,2026-01-01T00:40:34Z
order_00002436,batch_0004,trader_0023,ETH-USD,BUY,1923.9,211,2026-01-01T00:40:35Z
order_00002437,batch_0004,trader_0010,ETH-USD,SELL,2041.48,163,2026-01-01T00:40:36Z
order_00002438,batch_0004,trader_0015,ETH-USD,SELL,2086.71,515,2026-01-01T00:40:37Z
order_00002439,batch_0004,trader_0015,ETH-USD,BUY,2196.43,8,2026-01-01T00:40:38Z
order_00002440,batch_0004,trader_0008,ETH-USD,BUY,2041.94,409,2026-01-01T00:40:39Z
order_00002441,batch_0004,trader_0016,ETH-USD,SELL,2027.69,933,2026-01-01T00:40:40Z
order_00002442,batch_0004,trader_0003,ETH-USD,BUY,1815.63,590,2026-01-01T00:40:41Z
order_00002443,batch_0004,trader_0012,ETH-USD,BUY,2167.56,903,2026-01-01T00:40:42Z
order_00002444,batch_0004,trader_0013,ETH-USD,SELL,2116.94,729,2026-01-01T00:40:43Z
order_00002445,batch_0004,trader_0014,ETH-USD,SELL,2139.94,830,2026-01-01T00:40:44Z
order_00002446,batch_0004,trader_0014,ETH-USD,BUY,2047.09,922,2026-01-01T00:40:45Z
order_00002447,batch_0004,trader_0023,ETH-USD,BUY,2063.63,933,2026-01-01T00:40:46Z
order_00002448,batch_0004,trader_0002,ETH-USD,SELL,2079.46,403,2026-01-01T00:40:47Z
order_00002449,batch_0004,trader_0021,ETH-USD,BUY,1863.17,892,2026-01-01T00:40:48Z
order_00002450,batch_0004,trader_0023,ETH-USD,SELL,2166.52,683,2026-01-01T00:40:49Z
order_00002451,batch_0004,trader_0016,ETH-USD,SELL,1886.9,924,2026-01-01T00:40:50Z
order_00002452,batch_0004,trader_0012,ETH-USD,BUY,2021.13,781,2026-01-01T00:40:51Z
order_00002453,batch_0004,trader_0025,ETH-USD,BUY,2001.76,108,2026-01-01T00:40:52Z
order_00002454,batch_0004,trader_0007,ETH-USD,BUY,1865.94,462,2026-01-01T00:40:53Z
order_00002455,batch_0004,trader_0021,ETH-USD,SELL,1810.69,474,2026-01-01T00:40:54Z
order_00002456,batch_0004,trader_0011,ETH-USD,SELL,1984.76,768,2026-01-01T00:40:55Z
order_00002457,batch_0004,trader_0002,ETH-USD,SELL,1877.76,877,2026-01-01T00:40:56Z
order_00002458,batch_0004,trader_0005,ETH-USD,BUY,2083.64,118,2026-01-01T00:40:57Z
order_00002459,batch_0004,trader_0015,ETH-USD,BUY,1985.7,767,2026-01-01T00:40:58Z
order_00002460,batch_0004,trader_0023,ETH-USD,BUY,2062.81,562,2026-01-01T00:40:59Z
order_00002461,batch_0004,trader_0009,ETH-USD,SELL,1988.32,144,2026-01-01T00:41:00Z
order_00002462,batch_0004,trader_0020,ETH-USD,SELL,2135.4,175,2026-01-01T00:41:01Z
order_00002463,batch_0004,trader_0024,ETH-USD,BUY,1849.66,302,2026-01-01T00:41:02Z
order_00002464,batch_0004,trader_0001,ETH-USD,BUY,2068.56,80,2026-01-01T00:41:03Z
order_00002465,batch_0004,trader_0006,ETH-USD,SELL,1976.26,158,2026-01-01T00:41:04Z
order_00002466,batch_0004,trader_0018,ETH-USD,BUY,2157.08,36,2026-01-01T00:41:05Z
order_00002467,batch_0004,trader_0021,ETH-USD,BUY,1819.1,714,2026-01-01T00:41:06Z
order_00002468,batch_0004,trader_0022,ETH-USD,SELL,2065.02,657,2026-01-01T00:41:07Z
order_00002469,batch_0004,trader_0015,ETH-USD,SELL,2076.14,400,2026-01-01T00:41:08Z
order_00002470,batch_0004,trader_0013,ETH-USD,BUY,1819.47,5,2026-01-01T00:41:09Z
order_00002471,batch_0004,trader_0008,ETH-USD,SELL,1899.88,952,2026-01-01T00:41:10Z
order_00002472,batch_0004,trader_0001,ETH-USD,BUY,1968.67,17,2026-01-01T00:41:11Z
order_00002473,batch_0004,trader_0003,ETH-USD,BUY,2071.98,197,2026-01-01T00:41:12Z
order_00002474,batch_0004,trader_0022,ETH-USD,BUY,1838.64,904,2026-01-01T00:41:13Z
order_00002475,batch_0004,trader_0017,ETH-USD,BUY,1817.61,172,2026-01-01T00:41:14Z
order_00002476,batch_0004,trader_0021,ETH-USD,BUY,1929.07,335,2026-01-01T00:41:15Z
order_00002477,batch_0004,trader_0013,ETH-USD,BUY,2173.73,213,2026-01-01T00:41:16Z
order_00002478,batch_0004,trader_0004,ETH-USD,SELL,1892.96,124,2026-01-01T00:41:17Z
order_00002479,batch_0004,trader_0021,ETH-USD,BUY,1806.0,178,2026-01-01T00:41:18Z
order_00002480,batch_0004,trader_0008,ETH-USD,BUY,1885.11,399,2026-01-01T00:41:19Z
order_00002481,batch_0004,trader_0020,ETH-USD,BUY,1911.38,835,2026-01-01T00:41:20Z
order_00002482,batch_0004,trader_0014,ETH-USD,BUY,2154.18,69,2026-01-01T00:41:21Z
order_00002483,batch_0004,trader_0004,ETH-USD,BUY,1999.83,614,2026-01-01T00:41:22Z
order_00002484,batch_0004,trader_0019,ETH-USD,SELL,2196.21,811,2026-01-01T00:41:23Z
order_00002485,batch_0004,trader_0011,ETH-USD,BUY,1837.9,983,2026-01-01T00:41:24Z
order_00002486,batch_0004,trader_0025,ETH-USD,SELL,1955.43,714,2026-01-01T00:41:25Z
order_00002487,batch_0004,trader_0025,ETH-USD,SELL,1870.13,341,2026-01-01T00:41:26Z
order_00002488,batch_0004,trader_0022,ETH-USD,SELL,2191.21,326,2026-01-01T00:41:27Z
order_00002489,batch_0004,trader_0019,ETH-USD,BUY,1807.06,344,2026-01-01T00:41:28Z
order_00002490,batch_0004,trader_0008,ETH-USD,BUY,2056.24,524,2026-01-01T00:41:29Z
order_00002491,batch_0004,trader_0008,ETH-USD,SELL,2195.35,722,2026-01-01T00:41:30Z
order_00002492,batch_0004,trader_0010,ETH-USD,BUY,2158.71,778,2026-01-01T00:41:31Z
order_00002493,batch_0004,trader_0020,ETH-USD,BUY,2102.9,439,2026-01-01T00:41:32Z
order_00002494,batch_0004,trader_0010,ETH-USD,BUY,1949.81,141,2026-01-01T00:41:33Z
order_00002495,batch_0004,trader_0002,ETH-USD,BUY,1881.75,385,2026-01-01T00:41:34Z
order_00002496,batch_0004,trader_0015,ETH-USD,BUY,2039.23,743,2026-01-01T00:41:35Z
order_00002497,batch_0004,trader_0011,ETH-USD,SELL,1853.71,337,2026-01-01T00:41:36Z
order_00002498,batch_0004,trader_0014,ETH-USD,SELL,1815.84,779,2026-01-01T00:41:37Z
order_00002499,batch_0004,trader_0008,ETH-USD,SELL,2100.22,296,2026-01-01T00:41:38Z
order_00002500,batch_0004,trader_0007,ETH-USD,SELL,1937.09,340,2026-01-01T00:41:39Z
order_00002501,batch_0004,trader_0008,ETH-USD,SELL,2167.07,929,2026-01-01T00:41:40Z
order_00002502,batch_0004,trader_0020,ETH-USD,SELL,2087.8,713,2026-01-01T00:41:41Z
order_00002503,batch_0004,trader_0015,ETH-USD,SELL,1928.65,534,2026-01-01T00:41:42Z
order_00002504,batch_0004,trader_0003,ETH-USD,SELL,2147.95,67,2026-01-01T00:41:43Z
order_00002505,batch_0004,trader_0005,ETH-USD,SELL,2053.75,54,2026-01-01T00:41:44Z
order_00002506,batch_0004,trader_0019,ETH-USD,SELL,1836.7,129,2026-01-01T00:41:45Z
order_00002507,batch_0004,trader_0008,ETH-USD,SELL,2172.73,815,2026-01-01T00:41:46Z
order_00002508,batch_0004,trader_0010,ETH-USD,SELL,2090.0,437,2026-01-01T00:41:47Z
order_00002509,batch_0004,trader_0006,ETH-USD,BUY,1897.97,203,2026-01-01T00:41:48Z
order_00002510,batch_0004,trader_0015,ETH-USD,SELL,1914.14,311,2026-01-01T00:41:49Z
order_00002511,batch_0004,trader_0016,ETH-USD,SELL,1908.74,207,2026-01-01T00:41:50Z
order_00002512,batch_0004,trader_0013,ETH-USD,BUY,1943.83,996,2026-01-01T00:41:51Z
order_00002513,batch_0004,trader_0020,ETH-USD,BUY,1969.08,452,2026-01-01T00:41:52Z
order_00002514,batch_0004,trader_0016,ETH-USD,SELL,1862.35,779,2026-01-01T00:41:53Z
order_00002515,batch_0004,trader_0003,ETH-USD,BUY,1970.96,391,2026-01-01T00:41:54Z
order_00002516,batch_0004,trader_0018,ETH-USD,SELL,1920.09,944,2026-01-01T00:41:55Z
order_00002517,batch_0004,trader_0013,ETH-USD,BUY,1870.28,745,2026-01-01T00:41:56Z
order_00002518,batch_0004,trader_0018,ETH-USD,BUY,1913.29,465,2026-01-01T00:41:57Z
order_00002519,batch_0004,trader_0023,ETH-USD,SELL,1933.29,74,2026-01-01T00:41:58Z
order_00002520,batch_0004,trader_0001,ETH-USD,BUY,2166.45,159,2026-01-01T00:41:59Z
order_00002521,batch_0004,trader_0012,ETH-USD,BUY,2092.15,513,2026-01-01T00:42:00Z
order_00002522,batch_0004,trader_0013,ETH-USD,BUY,1966.33,948,2026-01-01T00:42:01Z
order_00002523,batch_0004,trader_0010,ETH-USD,SELL,1953.61,383,2026-01-01T00:42:02Z
order_00002524,batch_0004,trader_0002,ETH-USD,SELL,1828.49,603,2026-01-01T00:42:03Z
order_00002525,batch_0004,trader_0019,ETH-USD,SELL,1953.93,128,2026-01-01T00:42:04Z
order_00002526,batch_0004,trader_0009,ETH-USD,BUY,1974.52,782,2026-01-01T00:42:05Z
order_00002527,batch_0004,trader_0017,ETH-USD,SELL,2088.9,770,2026-01-01T00:42:06Z
order_00002528,batch_0004,trader_0023,ETH-USD,SELL,2075.4,651,2026-01-01T00:42:07Z
order_00002529,batch_0004,trader_0024,ETH-USD,BUY,2170.61,395,2026-01-01T00:42:08Z
order_00002530,batch_0004,trader_0012,ETH-USD,BUY,1813.8,490,2026-01-01T00:42:09Z
order_00002531,batch_0004,trader_0022,ETH-USD,SELL,1811.3,693,2026-01-01T00:42:10Z
order_00002532,batch_0004,trader_0022,ETH-USD,SELL,2042.17,268,2026-01-01T00:42:11Z
order_00002533,batch_0004,trader_0022,ETH-USD,BUY,2040.86,254,2026-01-01T00:42:12Z
order_00002534,batch_0004,trader_0003,ETH-USD,SELL,1846.69,13,2026-01-01T00:42:13Z
order_00002535,batch_0004,trader_0023,ETH-USD,SELL,1953.74,939,2026-01-01T00:42:14Z
order_00002536,batch_0004,trader_0007,ETH-USD,SELL,1832.14,923,2026-01-01T00:42:15Z
order_00002537,batch_0004,trader_0009,ETH-USD,SELL,2131.9,170,2026-01-01T00:42:16Z
order_00002538,batch_0004,trader_0022,ETH-USD,SELL,2187.07,513,2026-01-01T00:42:17Z
order_00002539,batch_0004,trader_0014,ETH-USD,SELL,1923.19,601,2026-01-01T00:42:18Z
order_00002540,batch_0004,trader_0003,ETH-USD,SELL,2091.06,947,2026-01-01T00:42:19Z
order_00002541,batch_0004,trader_0012,ETH-USD,BUY,2110.68,587,2026-01-01T00:42:20Z
order_00002542,batch_0004,trader_0024,ETH-USD,SELL,2099.49,276,2026-01-01T00:42:21Z
order_00002543,batch_0004,trader_0006,ETH-USD,BUY,1802.57,316,2026-01-01T00:42:22Z
order_00002544,batch_0004,trader_0025,ETH-USD,SELL,1838.75,2,2026-01-01T00:42:23Z
order_00002545,batch_0004,trader_0010,ETH-USD,SELL,1966.74,538,2026-01-01T00:42:24Z
order_00002546,batch_0004,trader_0006,ETH-USD,SELL,1870.56,175,2026-01-01T00:42:25Z
order_00002547,batch_0004,trader_0017,ETH-USD,SELL,1994.59,203,2026-01-01T00:42:26Z
order_00002548,batch_0004,trader_0007,ETH-USD,SELL,2026.84,462,2026-01-01T00:42:27Z
order_00002549,batch_0004,trader_0025,ETH-USD,BUY,2099.97,61,2026-01-01T00:42:28Z
order_00002550,batch_0004,trader_0015,ETH-USD,BUY,2148.65,924,2026-01-01T00:42:29Z
order_00002551,batch_0004,trader_0021,ETH-USD,SELL,1843.68,640,2026-01-01T00:42:30Z
order_00002552,batch_0004,trader_0004,ETH-USD,BUY,1834.28,301,2026-01-01T00:42:31Z
order_00002553,batch_0004,trader_0008,ETH-USD,BUY,1811.87,351,2026-01-01T00:42:32Z
order_00002554,batch_0004,trader_0001,ETH-USD,BUY,2104.21,689,2026-01-01T00:42:33Z
order_00002555,batch_0004,trader_0022,ETH-USD,BUY,2182.09,770,2026-01-01T00:42:34Z
order_00002556,batch_0004,trader_0017,ETH-USD,SELL,1838.74,43,2026-01-01T00:42:35Z
order_00002557,batch_0004,trader_0025,ETH-USD,SELL,2041.19,385,2026-01-01T00:42:36Z
order_00002558,batch_0004,trader_0011,ETH-USD,BUY,1989.29,498,2026-01-01T00:42:37Z
order_00002559,batch_0004,trader_0011,ETH-USD,SELL,1948.31,345,2026-01-01T00:42:38Z
order_00002560,batch_0004,trader_0012,ETH-USD,SELL,1895.84,837,2026-01-01T00:42:39Z
order_00002561,batch_0004,trader_0012,ETH-USD,SELL,2044.32,388,2026-01-01T00:42:40Z
order_00002562,batch_0004,trader_0015,ETH-USD,SELL,1840.07,826,2026-01-01T00:42:41Z
order_00002563,batch_0004,trader_0005,ETH-USD,SELL,2090.09,412,2026-01-01T00:42:42Z
order_00002564,batch_0004,trader_0009,ETH-USD,BUY,2147.6,126,2026-01-01T00:42:43Z
order_00002565,batch_0004,trader_0012,ETH-USD,SELL,2126.02,770,2026-01-01T00:42:44Z
order_00002566,batch_0004,trader_0016,ETH-USD,BUY,2063.55,703,2026-01-01T00:42:45Z
order_00002567,batch_0004,trader_0021,ETH-USD,SELL,1875.17,677,2026-01-01T00:42:46Z
order_00002568,batch_0004,trader_0021,ETH-USD,SELL,1928.87,833,2026-01-01T00:42:47Z
order_00002569,batch_0004,trader_0024,ETH-USD,BUY,2187.84,47,2026-01-01T00:42:48Z
order_00002570,batch_0004,trader_0016,ETH-USD,BUY,1893.42,455,2026-01-01T00:42:49Z
order_00002571,batch_0004,trader_0012,ETH-USD,BUY,2117.58,628,2026-01-01T00:42:50Z
order_00002572,batch_0004,trader_0016,ETH-USD,BUY,2176.59,954,2026-01-01T00:42:51Z
order_00002573,batch_0004,trader_0004,ETH-USD,SELL,2079.8,878,2026-01-01T00:42:52Z
order_00002574,batch_0004,trader_0023,ETH-USD,SELL,2042.87,301,2026-01-01T00:42:53Z
order_00002575,batch_0004,trader_0023,ETH-USD,BUY,2150.49,533,2026-01-01T00:42:54Z
order_00002576,batch_0004,trader_0003,ETH-USD,SELL,1999.17,131,2026-01-01T00:42:55Z
order_00002577,batch_0004,trader_0015,ETH-USD,BUY,2198.52,690,2026-01-01T00:42:56Z
order_00002578,batch_0004,trader_0016,ETH-USD,BUY,2182.02,457,2026-01-01T00:42:57Z
order_00002579,batch_0004,trader_0006,ETH-USD,SELL,1897.34,247,2026-01-01T00:42:58Z
order_00002580,batch_0004,trader_0004,ETH-USD,SELL,2079.96,676,2026-01-01T00:42:59Z
order_00002581,batch_0004,trader_0011,ETH-USD,BUY,1811.69,733,2026-01-01T00:43:00Z
order_00002582,batch_0004,trader_0024,ETH-USD,SELL,1912.14,785,2026-01-01T00:43:01Z
order_00002583,batch_0004,trader_0022,ETH-USD,BUY,2180.6,488,2026-01-01T00:43:02Z
order_00002584,batch_0004,trader_0021,ETH-USD,BUY,2169.09,140,2026-01-01T00:43:03Z
order_00002585,batch_0004,trader_0011,ETH-USD,SELL,2118.22,93,2026-01-01T00:43:04Z
order_00002586,batch_0004,trader_0020,ETH-USD,SELL,2030.39,955,2026-01-01T00:43:05Z
order_00002587,batch_0004,trader_0023,ETH-USD,BUY,1950.8,352,2026-01-01T00:43:06Z
order_00002588,batch_0004,trader_0021,ETH-USD,SELL,1952.66,743,2026-01-01T00:43:07Z
order_00002589,batch_0004,trader_0008,ETH-USD,SELL,2142.46,990,2026-01-01T00:43:08Z
order_00002590,batch_0004,trader_0004,ETH-USD,BUY,1916.39,119,2026-01-01T00:43:09Z
order_00002591,batch_0004,trader_0007,ETH-USD,BUY,2036.88,759,2026-01-01T00:43:10Z
order_00002592,batch_0004,trader_0005,ETH-USD,SELL,2029.14,119,2026-01-01T00:43:11Z
order_00002593,batch_0004,trader_0024,ETH-USD,SELL,1952.08,977,2026-01-01T00:43:12Z
order_00002594,batch_0004,trader_0007,ETH-USD,BUY,2036.02,64,2026-01-01T00:43:13Z
order_00002595,batch_0004,trader_0012,ETH-USD,SELL,1927.86,434,2026-01-01T00:43:14Z
order_00002596,batch_0004,trader_0017,ETH-USD,SELL,2118.63,957,2026-01-01T00:43:15Z
order_00002597,batch_0004,trader_0013,ETH-USD,SELL,1888.86,605,2026-01-01T00:43:16Z
order_00002598,batch_0004,trader_0005,ETH-USD,BUY,1984.24,873,2026-01-01T00:43:17Z
order_00002599,batch_0004,trader_0016,ETH-USD,SELL,2134.89,304,2026-01-01T00:43:18Z
order_00002600,batch_0004,trader_0005,ETH-USD,SELL,2040.59,151,2026-01-01T00:43:19Z
order_00002601,batch_0004,trader_0023,ETH-USD,SELL,2120.52,870,2026-01-01T00:43:20Z
order_00002602,batch_0004,trader_0023,ETH-USD,BUY,1923.56,328,2026-01-01T00:43:21Z
order_00002603,batch_0004,trader_0016,ETH-USD,BUY,2082.61,869,2026-01-01T00:43:22Z
order_00002604,batch_0004,trader_0023,ETH-USD,SELL,1998.01,221,2026-01-01T00:43:23Z
order_00002605,batch_0004,trader_0011,ETH-USD,SELL,2192.46,61,2026-01-01T00:43:24Z
order_00002606,batch_0004,trader_0024,ETH-USD,BUY,1884.25,734,2026-01-01T00:43:25Z
order_00002607,batch_0004,trader_0002,ETH-USD,SELL,2080.16,231,2026-01-01T00:43:26Z
order_00002608,batch_0004,trader_0016,ETH-USD,SELL,1871.61,795,2026-01-01T00:43:27Z
order_00002609,batch_0004,trader_0022,ETH-USD,SELL,2193.76,307,2026-01-01T00:43:28Z
order_00002610,batch_0004,trader_0018,ETH-USD,SELL,2196.43,164,2026-01-01T00:43:29Z
order_00002611,batch_0004,trader_0012,ETH-USD,BUY,2071.16,433,2026-01-01T00:43:30Z
order_00002612,batch_0004,trader_0024,ETH-USD,SELL,1828.73,401,2026-01-01T00:43:31Z
order_00002613,batch_0004,trader_0023,ETH-USD,BUY,2169.23,714,2026-01-01T00:43:32Z
order_00002614,batch_0004,trader_0011,ETH-USD,SELL,1838.93,404,2026-01-01T00:43:33Z
order_00002615,batch_0004,trader_0002,ETH-USD,SELL,2146.34,595,2026-01-01T00:43:34Z
order_00002616,batch_0004,trader_0021,ETH-USD,SELL,1921.63,727,2026-01-01T00:43:35Z
order_00002617,batch_0004,trader_0016,ETH-USD,BUY,1976.75,141,2026-01-01T00:43:36Z
order_00002618,batch_0004,trader_0024,ETH-USD,BUY,1883.91,149,2026-01-01T00:43:37Z
order_00002619,batch_0004,trader_0024,ETH-USD,BUY,1803.65,667,2026-01-01T00:43:38Z
order_00002620,batch_0004,trader_0005,ETH-USD,SELL,2071.33,105,2026-01-01T00:43:39Z
order_00002621,batch_0004,trader_0006,ETH-USD,BUY,2071.78,438,2026-01-01T00:43:40Z
order_00002622,batch_0004,trader_0016,ETH-USD,SELL,1942.23,99,2026-01-01T00:43:41Z
order_00002623,batch_0004,trader_0017,ETH-USD,BUY,1846.94,54,2026-01-01T00:43:42Z
order_00002624,batch_0004,trader_0005,ETH-USD,SELL,1973.53,608,2026-01-01T00:43:43Z
order_00002625,batch_0004,trader_0004,ETH-USD,SELL,1898.0,414,2026-01-01T00:43:44Z
order_00002626,batch_0004,trader_0020,ETH-USD,BUY,1921.08,501,2026-01-01T00:43:45Z
order_00002627,batch_0004,trader_0025,ETH-USD,SELL,2098.08,669,2026-01-01T00:43:46Z
order_00002628,batch_0004,trader_0003,ETH-USD,SELL,2068.29,815,2026-01-01T00:43:47Z
order_00002629,batch_0004,trader_0013,ETH-USD,SELL,2127.28,886,2026-01-01T00:43:48Z
order_00002630,batch_0004,trader_0001,ETH-USD,BUY,1978.05,669,2026-01-01T00:43:49Z
order_00002631,batch_0004,trader_0021,ETH-USD,BUY,1848.82,85,2026-01-01T00:43:50Z
order_00002632,batch_0004,trader_0019,ETH-USD,SELL,1889.97,522,2026-01-01T00:43:51Z
order_00002633,batch_0004,trader_0023,ETH-USD,SELL,1991.8,587,2026-01-01T00:43:52Z
order_00002634,batch_0004,trader_0013,ETH-USD,SELL,2037.15,814,2026-01-01T00:43:53Z
order_00002635,batch_0004,trader_0010,ETH-USD,BUY,2081.09,661,2026-01-01T00:43:54Z
order_00002636,batch_0004,trader_0023,ETH-USD,SELL,1930.09,102,2026-01-01T00:43:55Z
order_00002637,batch_0004,trader_0013,ETH-USD,SELL,2015.0,815,2026-01-01T00:43:56Z
order_00002638,batch_0004,trader_0018,ETH-USD,SELL,1957.52,21,2026-01-01T00:43:57Z
order_00002639,batch_0004,trader_0017,ETH-USD,SELL,1995.43,543,2026-01-01T00:43:58Z
order_00002640,batch_0004,trader_0021,ETH-USD,SELL,2085.5,552,2026-01-01T00:43:59Z
order_00002641,batch_0004,trader_0022,ETH-USD,BUY,1882.99,772,2026-01-01T00:44:00Z
order_00002642,batch_0004,trader_0023,ETH-USD,SELL,2144.8,186,2026-01-01T00:44:01Z
order_00002643,batch_0004,trader_0011,ETH-USD,BUY,1978.89,569,2026-01-01T00:44:02Z
order_00002644,batch_0004,trader_0021,ETH-USD,BUY,2030.03,132,2026-01-01T00:44:03Z
order_00002645,batch_0004,trader_0025,ETH-USD,BUY,1902.7,576,2026-01-01T00:44:04Z
order_00002646,batch_0004,trader_0012,ETH-USD,BUY,2002.46,128,2026-01-01T00:44:05Z
order_00002647,batch_0004,trader_0022,ETH-USD,SELL,1969.22,176,2026-01-01T00:44:06Z
order_00002648,batch_0004,trader_0017,ETH-USD,BUY,1818.47,308,2026-01-01T00:44:07Z
order_00002649,batch_0004,trader_0015,ETH-USD,SELL,2063.66,301,2026-01-01T00:44:08Z
order_00002650,batch_0004,trader_0017,ETH-USD,BUY,2078.04,503,2026-01-01T00:44:09Z
order_00002651,batch_0004,trader_0017,ETH-USD,SELL,2042.47,361,2026-01-01T00:44:10Z
order_00002652,batch_0004,trader_0002,ETH-USD,BUY,2065.05,102,2026-01-01T00:44:11Z
order_00002653,batch_0004,trader_0007,ETH-USD,BUY,1856.67,193,2026-01-01T00:44:12Z
order_00002654,batch_0004,trader_0019,ETH-USD,SELL,2020.83,617,2026-01-01T00:44:13Z
order_00002655,batch_0004,trader_0014,ETH-USD,BUY,2091.64,132,2026-01-01T00:44:14Z
order_00002656,batch_0004,trader_0021,ETH-USD,BUY,1904.27,262,2026-01-01T00:44:15Z
order_00002657,batch_0004,trader_0009,ETH-USD,SELL,1982.43,410,2026-01-01T00:44:16Z
order_00002658,batch_0004,trader_0018,ETH-USD,SELL,2077.81,963,2026-01-01T00:44:17Z
order_00002659,batch_0004,trader_0021,ETH-USD,BUY,2093.07,645,2026-01-01T00:44:18Z
order_00002660,batch_0004,trader_0019,ETH-USD,SELL,2085.78,198,2026-01-01T00:44:19Z
order_00002661,batch_0004,trader_0006,ETH-USD,SELL,2004.57,841,2026-01-01T00:44:20Z
order_00002662,batch_0004,trader_0014,ETH-USD,BUY,1926.54,158,2026-01-01T00:44:21Z
order_00002663,batch_0004,trader_0003,ETH-USD,BUY,2041.44,988,2026-01-01T00:44:22Z
order_00002664,batch_0004,trader_0018,ETH-USD,BUY,1844.0,545,2026-01-01T00:44:23Z
order_00002665,batch_0004,trader_0012,ETH-USD,BUY,2056.07,338,2026-01-01T00:44:24Z
order_00002666,batch_0004,trader_0008,ETH-USD,SELL,1909.3,797,2026-01-01T00:44:25Z
order_00002667,batch_0004,trader_0008,ETH-USD,BUY,1950.86,101,2026-01-01T00:44:26Z
order_00002668,batch_0004,trader_0004,ETH-USD,BUY,2113.09,108,2026-01-01T00:44:27Z
order_00002669,batch_0004,trader_0019,ETH-USD,BUY,2150.2,746,2026-01-01T00:44:28Z
order_00002670,batch_0004,trader_0012,ETH-USD,SELL,1838.22,502,2026-01-01T00:44:29Z
order_00002671,batch_0004,trader_0009,ETH-USD,SELL,1912.8,887,2026-01-01T00:44:30Z
order_00002672,batch_0004,trader_0011,ETH-USD,SELL,1819.19,919,2026-01-01T00:44:31Z
order_00002673,batch_0004,trader_0024,ETH-USD,SELL,1872.27,399,2026-01-01T00:44:32Z
order_00002674,batch_0004,trader_0020,ETH-USD,SELL,2012.67,808,2026-01-01T00:44:33Z
order_00002675,batch_0004,trader_0005,ETH-USD,SELL,1990.74,413,2026-01-01T00:44:34Z
order_00002676,batch_0004,trader_0005,ETH-USD,BUY,2005.43,704,2026-01-01T00:44:35Z
order_00002677,batch_0004,trader_0024,ETH-USD,SELL,1951.52,147,2026-01-01T00:44:36Z
order_00002678,batch_0004,trader_0012,ETH-USD,BUY,2090.17,941,2026-01-01T00:44:37Z
order_00002679,batch_0004,trader_0014,ETH-USD,SELL,2071.29,256,2026-01-01T00:44:38Z
order_00002680,batch_0004,trader_0012,ETH-USD,SELL,1975.58,188,2026-01-01T00:44:39Z
order_00002681,batch_0004,trader_0014,ETH-USD,SELL,1914.73,515,2026-01-01T00:44:40Z
order_00002682,batch_0004,trader_0008,ETH-USD,SELL,2152.56,736,2026-01-01T00:44:41Z
order_00002683,batch_0004,trader_0010,ETH-USD,BUY,1834.78,879,2026-01-01T00:44:42Z
order_00002684,batch_0004,trader_0021,ETH-USD,BUY,2138.1,321,2026-01-01T00:44:43Z
order_00002685,batch_0004,trader_0003,ETH-USD,BUY,1896.01,748,2026-01-01T00:44:44Z
order_00002686,batch_0004,trader_0010,ETH-USD,BUY,1833.83,59,2026-01-01T00:44:45Z
order_00002687,batch_0004,trader_0001,ETH-USD,SELL,2123.34,505,2026-01-01T00:44:46Z
order_00002688,batch_0004,trader_0024,ETH-USD,SELL,2070.81,435,2026-01-01T00:44:47Z
order_00002689,batch_0004,trader_0022,ETH-USD,BUY,2006.0,510,2026-01-01T00:44:48Z
order_00002690,batch_0004,trader_0001,ETH-USD,SELL,1849.88,715,2026-01-01T00:44:49Z
order_00002691,batch_0004,trader_0001,ETH-USD,SELL,2132.56,933,2026-01-01T00:44:50Z
order_00002692,batch_0004,trader_0012,ETH-USD,SELL,2013.73,720,2026-01-01T00:44:51Z
order_00002693,batch_0004,trader_0017,ETH-USD,BUY,2064.47,757,2026-01-01T00:44:52Z
order_00002694,batch_0004,trader_0006,ETH-USD,SELL,2042.95,44,2026-01-01T00:44:53Z
order_00002695,batch_0004,trader_0008,ETH-USD,SELL,2105.48,904,2026-01-01T00:44:54Z
order_00002696,batch_0004,trader_0017,ETH-USD,BUY,2135.76,376,2026-01-01T00:44:55Z
order_00002697,batch_0004,trader_0013,ETH-USD,BUY,1969.09,53,2026-01-01T00:44:56Z
order_00002698,batch_0004,trader_0022,ETH-USD,BUY,1845.29,994,2026-01-01T00:44:57Z
order_00002699,batch_0004,trader_0004,ETH-USD,BUY,2140.31,553,2026-01-01T00:44:58Z
order_00002700,batch_0004,trader_0007,ETH-USD,BUY,1917.42,495,2026-01-01T00:44:59Z
order_00002701,batch_0004,trader_0007,ETH-USD,BUY,2027.54,647,2026-01-01T00:45:00Z
order_00002702,batch_0004,trader_0021,ETH-USD,SELL,2173.24,952,2026-01-01T00:45:01Z
order_00002703,batch_0004,trader_0015,ETH-USD,SELL,1814.17,915,2026-01-01T00:45:02Z
order_00002704,batch_0004,trader_0012,ETH-USD,SELL,1995.31,869,2026-01-01T00:45:03Z
order_00002705,batch_0004,trader_0012,ETH-USD,BUY,1931.42,472,2026-01-01T00:45:04Z
order_00002706,batch_0004,trader_0006,ETH-USD,BUY,2156.08,359,2026-01-01T00:45:05Z
order_00002707,batch_0004,trader_0016,ETH-USD,BUY,1840.54,10,2026-01-01T00:45:06Z
order_00002708,batch_0004,trader_0005,ETH-USD,BUY,2005.73,542,2026-01-01T00:45:07Z
order_00002709,batch_0004,trader_0005,ETH-USD,BUY,1994.96,936,2026-01-01T00:45:08Z
order_00002710,batch_0004,trader_0013,ETH-USD,SELL,1890.44,257,2026-01-01T00:45:09Z
order_00002711,batch_0004,trader_0006,ETH-USD,BUY,1971.34,374,2026-01-01T00:45:10Z
order_00002712,batch_0004,trader_0015,ETH-USD,SELL,1843.48,276,2026-01-01T00:45:11Z
order_00002713,batch_0004,trader_0012,ETH-USD,SELL,1864.73,450,2026-01-01T00:45:12Z
order_00002714,batch_0004,trader_0023,ETH-USD,SELL,1943.69,6,2026-01-01T00:45:13Z
order_00002715,batch_0004,trader_0005,ETH-USD,BUY,1913.96,195,2026-01-01T00:45:14Z
order_00002716,batch_0004,trader_0002,ETH-USD,BUY,1932.49,762,2026-01-01T00:45:15Z
order_00002717,batch_0004,trader_0022,ETH-USD,BUY,2179.35,204,2026-01-01T00:45:16Z
order_00002718,batch_0004,trader_0018,ETH-USD,SELL,1968.44,122,2026-01-01T00:45:17Z
order_00002719,batch_0004,trader_0011,ETH-USD,BUY,2085.73,699,2026-01-01T00:45:18Z
order_00002720,batch_0004,trader_0017,ETH-USD,SELL,2152.71,800,2026-01-01T00:45:19Z
order_00002721,batch_0004,trader_0013,ETH-USD,SELL,2137.23,760,2026-01-01T00:45:20Z
order_00002722,batch_0004,trader_0001,ETH-USD,BUY,1843.15,981,2026-01-01T00:45:21Z
order_00002723,batch_0004,trader_0025,ETH-USD,BUY,2000.0,353,2026-01-01T00:45:22Z
order_00002724,batch_0004,trader_0011,ETH-USD,SELL,2071.32,54,2026-01-01T00:45:23Z
order_00002725,batch_0004,trader_0014,ETH-USD,BUY,2094.97,612,2026-01-01T00:45:24Z
order_00002726,batch_0004,trader_0025,ETH-USD,BUY,1994.37,289,2026-01-01T00:45:25Z
order_00002727,batch_0004,trader_0017,ETH-USD,BUY,1861.0,633,2026-01-01T00:45:26Z
order_00002728,batch_0004,trader_0009,ETH-USD,BUY,2106.69,288,2026-01-01T00:45:27Z
order_00002729,batch_0004,trader_0014,ETH-USD,SELL,2066.53,254,2026-01-01T00:45:28Z
order_00002730,batch_0004,trader_0004,ETH-USD,BUY,2113.09,724,2026-01-01T00:45:29Z
order_00002731,batch_0004,trader_0007,ETH-USD,SELL,2044.44,515,2026-01-01T00:45:30Z
order_00002732,batch_0004,trader_0005,ETH-USD,SELL,2051.56,606,2026-01-01T00:45:31Z
order_00002733,batch_0004,trader_0009,ETH-USD,BUY,1960.51,136,2026-01-01T00:45:32Z
order_00002734,batch_0004,trader_0001,ETH-USD,SELL,1858.48,952,2026-01-01T00:45:33Z
order_00002735,batch_0004,trader_0013,ETH-USD,SELL,2145.74,94,2026-01-01T00:45:34Z
order_00002736,batch_0004,trader_0008,ETH-USD,BUY,2080.06,314,2026-01-01T00:45:35Z
order_00002737,batch_0004,trader_0017,ETH-USD,BUY,1991.68,437,2026-01-01T00:45:36Z
order_00002738,batch_0004,trader_0009,ETH-USD,BUY,1921.72,53,2026-01-01T00:45:37Z
order_00002739,batch_0004,trader_0014,ETH-USD,BUY,1940.41,966,2026-01-01T00:45:38Z
order_00002740,batch_0004,trader_0002,ETH-USD,BUY,1819.02,917,2026-01-01T00:45:39Z
order_00002741,batch_0004,trader_0007,ETH-USD,BUY,2097.9,677,2026-01-01T00:45:40Z
order_00002742,batch_0004,trader_0004,ETH-USD,BUY,2163.39,287,2026-01-01T00:45:41Z
order_00002743,batch_0004,trader_0012,ETH-USD,BUY,2179.33,259,2026-01-01T00:45:42Z
order_00002744,batch_0004,trader_0001,ETH-USD,BUY,1838.75,115,2026-01-01T00:45:43Z
order_00002745,batch_0004,trader_0011,ETH-USD,SELL,2144.79,789,2026-01-01T00:45:44Z
order_00002746,batch_0004,trader_0025,ETH-USD,BUY,1944.55,830,2026-01-01T00:45:45Z
order_00002747,batch_0004,trader_0021,ETH-USD,SELL,1948.64,620,2026-01-01T00:45:46Z
order_00002748,batch_0004,trader_0004,ETH-USD,BUY,1953.62,599,2026-01-01T00:45:47Z
order_00002749,batch_0004,trader_0002,ETH-USD,BUY,2040.73,761,2026-01-01T00:45:48Z
order_00002750,batch_0004,trader_0007,ETH-USD,SELL,2153.62,935,2026-01-01T00:45:49Z
order_00002751,batch_0004,trader_0003,ETH-USD,BUY,2170.2,457,2026-01-01T00:45:50Z
order_00002752,batch_0004,trader_0024,ETH-USD,SELL,1937.16,634,2026-01-01T00:45:51Z
order_00002753,batch_0004,trader_0024,ETH-USD,BUY,1880.8,780,2026-01-01T00:45:52Z
order_00002754,batch_0004,trader_0018,ETH-USD,BUY,1876.68,131,2026-01-01T00:45:53Z
order_00002755,batch_0004,trader_0018,ETH-USD,SELL,2150.83,913,2026-01-01T00:45:54Z
order_00002756,batch_0004,trader_0021,ETH-USD,SELL,1946.4,917,2026-01-01T00:45:55Z
order_00002757,batch_0004,trader_0016,ETH-USD,SELL,1974.45,933,2026-01-01T00:45:56Z
order_00002758,batch_0004,trader_0001,ETH-USD,BUY,2180.98,954,2026-01-01T00:45:57Z
order_00002759,batch_0004,trader_0005,ETH-USD,BUY,2078.68,281,2026-01-01T00:45:58Z
order_00002760,batch_0004,trader_0023,ETH-USD,BUY,2026.47,979,2026-01-01T00:45:59Z
order_00002761,batch_0004,trader_0022,ETH-USD,BUY,1959.0,835,2026-01-01T00:46:00Z
order_00002762,batch_0004,trader_0006,ETH-USD,SELL,2188.62,526,2026-01-01T00:46:01Z
order_00002763,batch_0004,trader_0025,ETH-USD,BUY,1953.66,522,2026-01-01T00:46:02Z
order_00002764,batch_0004,trader_0006,ETH-USD,BUY,1908.6,622,2026-01-01T00:46:03Z
order_00002765,batch_0004,trader_0023,ETH-USD,BUY,1887.12,586,2026-01-01T00:46:04Z
order_00002766,batch_0004,trader_0015,ETH-USD,BUY,2116.26,951,2026-01-01T00:46:05Z
order_00002767,batch_0004,trader_0010,ETH-USD,SELL,2010.03,738,2026-01-01T00:46:06Z
order_00002768,batch_0004,trader_0018,ETH-USD,SELL,2083.3,304,2026-01-01T00:46:07Z
order_00002769,batch_0004,trader_0008,ETH-USD,BUY,1818.24,230,2026-01-01T00:46:08Z
order_00002770,batch_0004,trader_0009,ETH-USD,BUY,1859.26,655,2026-01-01T00:46:09Z
order_00002771,batch_0004,trader_0002,ETH-USD,SELL,2149.35,277,2026-01-01T00:46:10Z
order_00002772,batch_0004,trader_0007,ETH-USD,SELL,2195.81,255,2026-01-01T00:46:11Z
order_00002773,batch_0004,trader_0021,ETH-USD,SELL,2059.46,2,2026-01-01T00:46:12Z
order_00002774,batch_0004,trader_0023,ETH-USD,SELL,1929.82,378,2026-01-01T00:46:13Z
order_00002775,batch_0004,trader_0014,ETH-USD,SELL,2088.83,271,2026-01-01T00:46:14Z
order_00002776,batch_0004,trader_0002,ETH-USD,SELL,1929.85,302,2026-01-01T00:46:15Z
order_00002777,batch_0004,trader_0008,ETH-USD,SELL,2129.57,11,2026-01-01T00:46:16Z
order_00002778,batch_0004,trader_0001,ETH-USD,SELL,1870.69,287,2026-01-01T00:46:17Z
order_00002779,batch_0004,trader_0025,ETH-USD,SELL,2111.27,889,2026-01-01T00:46:18Z
order_00002780,batch_0004,trader_0013,ETH-USD,SELL,2098.31,740,2026-01-01T00:46:19Z
order_00002781,batch_0004,trader_0021,ETH-USD,SELL,2148.01,264,2026-01-01T00:46:20Z
order_00002782,batch_0004,trader_0008,ETH-USD,SELL,2126.74,212,2026-01-01T00:46:21Z
order_00002783,batch_0004,trader_0025,ETH-USD,BUY,2032.67,209,2026-01-01T00:46:22Z
order_00002784,batch_0004,trader_0024,ETH-USD,BUY,1892.69,457,2026-01-01T00:46:23Z
order_00002785,batch_0004,trader_0003,ETH-USD,BUY,2160.87,152,2026-01-01T00:46:24Z
order_00002786,batch_0004,trader_0006,ETH-USD,BUY,1874.01,471,2026-01-01T00:46:25Z
order_00002787,batch_0004,trader_0006,ETH-USD,BUY,2177.34,503,2026-01-01T00:46:26Z
order_00002788,batch_0004,trader_0006,ETH-USD,SELL,1924.06,22,2026-01-01T00:46:27Z
order_00002789,batch_0004,trader_0003,ETH-USD,SELL,2043.13,704,2026-01-01T00:46:28Z
order_00002790,batch_0004,trader_0021,ETH-USD,BUY,1898.1,437,2026-01-01T00:46:29Z
order_00002791,batch_0004,trader_0005,ETH-USD,SELL,2089.72,103,2026-01-01T00:46:30Z
order_00002792,batch_0004,trader_0004,ETH-USD,SELL,1804.72,828,2026-01-01T00:46:31Z
order_00002793,batch_0004,trader_0001,ETH-USD,BUY,1844.01,22,2026-01-01T00:46:32Z
order_00002794,batch_0004,trader_0005,ETH-USD,SELL,2173.87,660,2026-01-01T00:46:33Z
order_00002795,batch_0004,trader_0021,ETH-USD,BUY,1907.06,86,2026-01-01T00:46:34Z
order_00002796,batch_0004,trader_0004,ETH-USD,SELL,2186.54,812,2026-01-01T00:46:35Z
order_00002797,batch_0004,trader_0023,ETH-USD,SELL,1935.36,838,2026-01-01T00:46:36Z
order_00002798,batch_0004,trader_0019,ETH-USD,BUY,1992.17,143,2026-01-01T00:46:37Z
order_00002799,batch_0004,trader_0011,ETH-USD,SELL,1865.26,836,2026-01-01T00:46:38Z
order_00002800,batch_0004,trader_0023,ETH-USD,BUY,1822.35,250,2026-01-01T00:46:39Z
order_00002801,batch_0004,trader_0002,ETH-USD,BUY,1849.23,557,2026-01-01T00:46:40Z
order_00002802,batch_0004,trader_0014,ETH-USD,BUY,1841.03,304,2026-01-01T00:46:41Z
order_00002803,batch_0004,trader_0008,ETH-USD,BUY,1889.73,935,2026-01-01T00:46:42Z
order_00002804,batch_0004,trader_0010,ETH-USD,BUY,1941.32,151,2026-01-01T00:46:43Z
order_00002805,batch_0004,trader_0022,ETH-USD,BUY,2073.77,901,2026-01-01T00:46:44Z
order_00002806,batch_0004,trader_0016,ETH-USD,SELL,2160.65,843,2026-01-01T00:46:45Z
order_00002807,batch_0004,trader_0010,ETH-USD,BUY,1889.81,113,2026-01-01T00:46:46Z
order_00002808,batch_0004,trader_0012,ETH-USD,BUY,1933.49,631,2026-01-01T00:46:47Z
order_00002809,batch_0004,trader_0002,ETH-USD,SELL,1833.92,942,2026-01-01T00:46:48Z
order_00002810,batch_0004,trader_0011,ETH-USD,SELL,1971.45,183,2026-01-01T00:46:49Z
order_00002811,batch_0004,trader_0022,ETH-USD,SELL,1970.1,696,2026-01-01T00:46:50Z
order_00002812,batch_0004,trader_0012,ETH-USD,SELL,2127.03,640,2026-01-01T00:46:51Z
order_00002813,batch_0004,trader_0022,ETH-USD,SELL,2166.49,278,2026-01-01T00:46:52Z
order_00002814,batch_0004,trader_0023,ETH-USD,BUY,2124.29,272,2026-01-01T00:46:53Z
order_00002815,batch_0004,trader_0005,ETH-USD,SELL,1800.87,808,2026-01-01T00:46:54Z
order_00002816,batch_0004,trader_0013,ETH-USD,SELL,1928.1,151,2026-01-01T00:46:55Z
order_00002817,batch_0004,trader_0016,ETH-USD,BUY,2114.22,816,2026-01-01T00:46:56Z
order_00002818,batch_0004,trader_0024,ETH-USD,SELL,2031.14,116,2026-01-01T00:46:57Z
order_00002819,batch_0004,trader_0005,ETH-USD,BUY,1929.22,93,2026-01-01T00:46:58Z
order_00002820,batch_0004,trader_0016,ETH-USD,BUY,1941.04,395,2026-01-01T00:46:59Z
order_00002821,batch_0004,trader_0020,ETH-USD,BUY,2189.14,711,2026-01-01T00:47:00Z
order_00002822,batch_0004,trader_0021,ETH-USD,SELL,1855.29,342,2026-01-01T00:47:01Z
order_00002823,batch_0004,trader_0016,ETH-USD,SELL,1967.46,393,2026-01-01T00:47:02Z
order_00002824,batch_0004,trader_0008,ETH-USD,SELL,2012.99,505,2026-01-01T00:47:03Z
order_00002825,batch_0004,trader_0017,ETH-USD,BUY,2085.97,595,2026-01-01T00:47:04Z
order_00002826,batch_0004,trader_0008,ETH-USD,SELL,2124.52,711,2026-01-01T00:47:05Z
order_00002827,batch_0004,trader_0007,ETH-USD,SELL,1944.68,241,2026-01-01T00:47:06Z
order_00002828,batch_0004,trader_0016,ETH-USD,SELL,1944.96,18,2026-01-01T00:47:07Z
order_00002829,batch_0004,trader_0012,ETH-USD,SELL,1844.06,944,2026-01-01T00:47:08Z
order_00002830,batch_0004,trader_0005,ETH-USD,BUY,2146.71,870,2026-01-01T00:47:09Z
order_00002831,batch_0004,trader_0018,ETH-USD,BUY,2134.1,148,2026-01-01T00:47:10Z
order_00002832,batch_0004,trader_0007,ETH-USD,SELL,1968.43,935,2026-01-01T00:47:11Z
order_00002833,batch_0004,trader_0004,ETH-USD,SELL,2098.8,58,2026-01-01T00:47:12Z
order_00002834,batch_0004,trader_0024,ETH-USD,SELL,1857.23,721,2026-01-01T00:47:13Z
order_00002835,batch_0004,trader_0002,ETH-USD,BUY,1969.88,989,2026-01-01T00:47:14Z
order_00002836,batch_0004,trader_0016,ETH-USD,SELL,2032.64,679,2026-01-01T00:47:15Z
order_00002837,batch_0004,trader_0005,ETH-USD,SELL,1863.27,892,2026-01-01T00:47:16Z
order_00002838,batch_0004,trader_0001,ETH-USD,BUY,1898.02,81,2026-01-01T00:47:17Z
order_00002839,batch_0004,trader_0025,ETH-USD,SELL,1966.6,834,2026-01-01T00:47:18Z
order_00002840,batch_0004,trader_0017,ETH-USD,BUY,1856.04,762,2026-01-01T00:47:19Z
order_00002841,batch_0004,trader_0024,ETH-USD,SELL,1988.07,307,2026-01-01T00:47:20Z
order_00002842,batch_0004,trader_0001,ETH-USD,BUY,2057.94,801,2026-01-01T00:47:21Z
order_00002843,batch_0004,trader_0021,ETH-USD,BUY,1824.0,160,2026-01-01T00:47:22Z
order_00002844,batch_0004,trader_0006,ETH-USD,BUY,1869.43,770,2026-01-01T00:47:23Z
order_00002845,batch_0004,trader_0015,ETH-USD,BUY,1969.45,853,2026-01-01T00:47:24Z
order_00002846,batch_0004,trader_0019,ETH-USD,SELL,1903.22,850,2026-01-01T00:47:25Z
order_00002847,batch_0004,trader_0006,ETH-USD,SELL,1890.93,727,2026-01-01T00:47:26Z
order_00002848,batch_0004,trader_0005,ETH-USD,BUY,2008.6,95,2026-01-01T00:47:27Z
order_00002849,batch_0004,trader_0008,ETH-USD,SELL,2047.62,411,2026-01-01T00:47:28Z
order_00002850,batch_0004,trader_0018,ETH-USD,BUY,2098.4,843,2026-01-01T00:47:29Z
order_00002851,batch_0004,trader_0015,ETH-USD,SELL,2126.62,80,2026-01-01T00:47:30Z
order_00002852,batch_0004,trader_0013,ETH-USD,BUY,2056.76,669,2026-01-01T00:47:31Z
order_00002853,batch_0004,trader_0014,ETH-USD,BUY,1948.59,823,2026-01-01T00:47:32Z
order_00002854,batch_0004,trader_0012,ETH-USD,BUY,1841.76,112,2026-01-01T00:47:33Z
order_00002855,batch_0004,trader_0008,ETH-USD,SELL,1934.19,867,2026-01-01T00:47:34Z
order_00002856,batch_0004,trader_0007,ETH-USD,BUY,1842.59,555,2026-01-01T00:47:35Z
order_00002857,batch_0004,trader_0007,ETH-USD,SELL,2163.87,775,2026-01-01T00:47:36Z
order_00002858,batch_0004,trader_0008,ETH-USD,SELL,2171.68,654,2026-01-01T00:47:37Z
order_00002859,batch_0004,trader_0019,ETH-USD,BUY,2025.92,584,2026-01-01T00:47:38Z
order_00002860,batch_0004,trader_0011,ETH-USD,SELL,1818.27,496,2026-01-01T00:47:39Z
order_00002861,batch_0004,trader_0012,ETH-USD,BUY,1803.39,317,2026-01-01T00:47:40Z
order_00002862,batch_0004,trader_0007,ETH-USD,SELL,1959.25,982,2026-01-01T00:47:41Z
order_00002863,batch_0004,trader_0005,ETH-USD,BUY,2090.28,401,2026-01-01T00:47:42Z
order_00002864,batch_0004,trader_0024,ETH-USD,SELL,1932.53,100,2026-01-01T00:47:43Z
order_00002865,batch_0004,trader_0005,ETH-USD,SELL,2123.0,515,2026-01-01T00:47:44Z
order_00002866,batch_0004,trader_0019,ETH-USD,BUY,1952.84,816,2026-01-01T00:47:45Z
order_00002867,batch_0004,trader_0005,ETH-USD,SELL,1916.05,39,2026-01-01T00:47:46Z
order_00002868,batch_0004,trader_0003,ETH-USD,SELL,2154.08,81,2026-01-01T00:47:47Z
order_00002869,batch_0004,trader_0022,ETH-USD,SELL,2153.76,238,2026-01-01T00:47:48Z
order_00002870,batch_0004,trader_0017,ETH-USD,SELL,2087.42,788,2026-01-01T00:47:49Z
order_00002871,batch_0004,trader_0017,ETH-USD,SELL,2043.5,747,2026-01-01T00:47:50Z
order_00002872,batch_0004,trader_0005,ETH-USD,SELL,1978.99,350,2026-01-01T00:47:51Z
order_00002873,batch_0004,trader_0014,ETH-USD,BUY,2049.39,369,2026-01-01T00:47:52Z
order_00002874,batch_0004,trader_0013,ETH-USD,BUY,2109.67,730,2026-01-01T00:47:53Z
order_00002875,batch_0004,trader_0005,ETH-USD,BUY,2042.75,626,2026-01-01T00:47:54Z
order_00002876,batch_0004,trader_0001,ETH-USD,SELL,1838.96,510,2026-01-01T00:47:55Z
order_00002877,batch_0004,trader_0003,ETH-USD,BUY,1923.82,892,2026-01-01T00:47:56Z
order_00002878,batch_0004,trader_0010,ETH-USD,BUY,1925.49,466,2026-01-01T00:47:57Z
order_00002879,batch_0004,trader_0012,ETH-USD,BUY,2030.6,287,2026-01-01T00:47:58Z
order_00002880,batch_0004,trader_0015,ETH-USD,BUY,2084.26,184,2026-01-01T00:47:59Z
order_00002881,batch_0004,trader_0025,ETH-USD,BUY,2191.39,485,2026-01-01T00:48:00Z
order_00002882,batch_0004,trader_0004,ETH-USD,SELL,2169.66,666,2026-01-01T00:48:01Z
order_00002883,batch_0004,trader_0010,ETH-USD,SELL,1815.84,500,2026-01-01T00:48:02Z
order_00002884,batch_0004,trader_0022,ETH-USD,BUY,2047.87,878,2026-01-01T00:48:03Z
order_00002885,batch_0004,trader_0020,ETH-USD,BUY,2004.99,376,2026-01-01T00:48:04Z
order_00002886,batch_0004,trader_0014,ETH-USD,SELL,1833.4,383,2026-01-01T00:48:05Z
order_00002887,batch_0004,trader_0022,ETH-USD,SELL,2150.96,270,2026-01-01T00:48:06Z
order_00002888,batch_0004,trader_0008,ETH-USD,BUY,1822.82,660,2026-01-01T00:48:07Z
order_00002889,batch_0004,trader_0004,ETH-USD,SELL,1803.18,575,2026-01-01T00:48:08Z
order_00002890,batch_0004,trader_0003,ETH-USD,BUY,2028.05,163,2026-01-01T00:48:09Z
order_00002891,batch_0004,trader_0003,ETH-USD,BUY,1984.91,896,2026-01-01T00:48:10Z
order_00002892,batch_0004,trader_0015,ETH-USD,BUY,2056.99,480,2026-01-01T00:48:11Z
order_00002893,batch_0004,trader_0013,ETH-USD,BUY,2092.71,185,2026-01-01T00:48:12Z
order_00002894,batch_0004,trader_0003,ETH-USD,SELL,1960.61,205,2026-01-01T00:48:13Z
order_00002895,batch_0004,trader_0023,ETH-USD,BUY,1994.52,619,2026-01-01T00:48:14Z
order_00002896,batch_0004,trader_0002,ETH-USD,SELL,1911.35,118,2026-01-01T00:48:15Z
order_00002897,batch_0004,trader_0021,ETH-USD,SELL,1987.99,972,2026-01-01T00:48:16Z
order_00002898,batch_0004,trader_0020,ETH-USD,BUY,1812.53,582,2026-01-01T00:48:17Z
order_00002899,batch_0004,trader_0012,ETH-USD,SELL,2174.58,64,2026-01-01T00:48:18Z
order_00002900,batch_0004,trader_0007,ETH-USD,SELL,1885.37,485,2026-01-01T00:48:19Z
order_00002901,batch_0004,trader_0014,ETH-USD,SELL,2103.45,976,2026-01-01T00:48:20Z
order_00002902,batch_0004,trader_0005,ETH-USD,BUY,1870.44,651,2026-01-01T00:48:21Z
order_00002903,batch_0004,trader_0023,ETH-USD,BUY,1832.68,415,2026-01-01T00:48:22Z
order_00002904,batch_0004,trader_0022,ETH-USD,BUY,2009.91,430,2026-01-01T00:48:23Z
order_00002905,batch_0004,trader_0003,ETH-USD,SELL,2132.22,189,2026-01-01T00:48:24Z
order_00002906,batch_0004,trader_0025,ETH-USD,SELL,1936.81,439,2026-01-01T00:48:25Z
order_00002907,batch_0004,trader_0014,ETH-USD,BUY,1939.71,204,2026-01-01T00:48:26Z
order_00002908,batch_0004,trader_0006,ETH-USD,BUY,2075.53,549,2026-01-01T00:48:27Z
order_00002909,batch_0004,trader_0023,ETH-USD,SELL,1941.88,448,2026-01-01T00:48:28Z
order_00002910,batch_0004,trader_0020,ETH-USD,SELL,1803.97,843,2026-01-01T00:48:29Z
order_00002911,batch_0004,trader_0020,ETH-USD,BUY,2067.18,741,2026-01-01T00:48:30Z
order_00002912,batch_0004,trader_0024,ETH-USD,BUY,2194.55,681,2026-01-01T00:48:31Z
order_00002913,batch_0004,trader_0001,ETH-USD,SELL,2093.25,755,2026-01-01T00:48:32Z
order_00002914,batch_0004,trader_0016,ETH-USD,BUY,2173.53,470,2026-01-01T00:48:33Z
order_00002915,batch_0004,trader_0022,ETH-USD,SELL,2116.81,117,2026-01-01T00:48:34Z
order_00002916,batch_0004,trader_0015,ETH-USD,BUY,2088.91,534,2026-01-01T00:48:35Z
order_00002917,batch_0004,trader_0015,ETH-USD,SELL,1850.29,878,2026-01-01T00:48:36Z
order_00002918,batch_0004,trader_0007,ETH-USD,SELL,1838.98,593,2026-01-01T00:48:37Z
order_00002919,batch_0004,trader_0018,ETH-USD,SELL,1968.07,193,2026-01-01T00:48:38Z
order_00002920,batch_0004,trader_0012,ETH-USD,SELL,1951.02,616,2026-01-01T00:48:39Z
order_00002921,batch_0004,trader_0019,ETH-USD,BUY,2188.7,196,2026-01-01T00:48:40Z
order_00002922,batch_0004,trader_0001,ETH-USD,SELL,2125.51,380,2026-01-01T00:48:41Z
order_00002923,batch_0004,trader_0004,ETH-USD,BUY,2000.83,315,2026-01-01T00:48:42Z
order_00002924,batch_0004,trader_0014,ETH-USD,SELL,2199.62,665,2026-01-01T00:48:43Z
order_00002925,batch_0004,trader_0014,ETH-USD,BUY,2131.27,361,2026-01-01T00:48:44Z
order_00002926,batch_0004,trader_0006,ETH-USD,SELL,1934.33,784,2026-01-01T00:48:45Z
order_00002927,batch_0004,trader_0020,ETH-USD,BUY,1870.76,383,2026-01-01T00:48:46Z
order_00002928,batch_0004,trader_0022,ETH-USD,BUY,1952.63,447,2026-01-01T00:48:47Z
order_00002929,batch_0004,trader_0023,ETH-USD,SELL,2053.64,448,2026-01-01T00:48:48Z
order_00002930,batch_0004,trader_0004,ETH-USD,SELL,2162.35,948,2026-01-01T00:48:49Z
order_00002931,batch_0004,trader_0003,ETH-USD,SELL,2134.89,826,2026-01-01T00:48:50Z
order_00002932,batch_0004,trader_0004,ETH-USD,SELL,2173.0,632,2026-01-01T00:48:51Z
order_00002933,batch_0004,trader_0018,ETH-USD,BUY,2049.53,770,2026-01-01T00:48:52Z
order_00002934,batch_0004,trader_0002,ETH-USD,BUY,2001.34,455,2026-01-01T00:48:53Z
order_00002935,batch_0004,trader_0008,ETH-USD,SELL,1968.26,873,2026-01-01T00:48:54Z
order_00002936,batch_0004,trader_0007,ETH-USD,SELL,1952.43,565,2026-01-01T00:48:55Z
order_00002937,batch_0004,trader_0015,ETH-USD,SELL,1849.78,974,2026-01-01T00:48:56Z
order_00002938,batch_0004,trader_0024,ETH-USD,BUY,2057.94,841,2026-01-01T00:48:57Z
order_00002939,batch_0004,trader_0008,ETH-USD,BUY,1949.86,963,2026-01-01T00:48:58Z
order_00002940,batch_0004,trader_0009,ETH-USD,SELL,2151.84,275,2026-01-01T00:48:59Z
order_00002941,batch_0004,trader_0014,ETH-USD,BUY,2118.06,925,2026-01-01T00:49:00Z
order_00002942,batch_0004,trader_0014,ETH-USD,SELL,2160.07,5,2026-01-01T00:49:01Z
order_00002943,batch_0004,trader_0012,ETH-USD,BUY,1861.35,27,2026-01-01T00:49:02Z
order_00002944,batch_0004,trader_0020,ETH-USD,SELL,2128.01,532,2026-01-01T00:49:03Z
order_00002945,batch_0004,trader_0014,ETH-USD,BUY,2183.66,175,2026-01-01T00:49:04Z
order_00002946,batch_0004,trader_0020,ETH-USD,BUY,1956.54,997,2026-01-01T00:49:05Z
order_00002947,batch_0004,trader_0019,ETH-USD,SELL,1820.63,849,2026-01-01T00:49:06Z
order_00002948,batch_0004,trader_0024,ETH-USD,BUY,2054.51,962,2026-01-01T00:49:07Z
order_00002949,batch_0004,trader_0006,ETH-USD,BUY,1927.25,926,2026-01-01T00:49:08Z
order_00002950,batch_0004,trader_0005,ETH-USD,BUY,2084.01,102,2026-01-01T00:49:09Z
order_00002951,batch_0004,trader_0013,ETH-USD,SELL,2030.77,647,2026-01-01T00:49:10Z
order_00002952,batch_0004,trader_0018,ETH-USD,SELL,2166.67,643,2026-01-01T00:49:11Z
order_00002953,batch_0004,trader_0003,ETH-USD,BUY,1881.51,331,2026-01-01T00:49:12Z
order_00002954,batch_0004,trader_0019,ETH-USD,BUY,2051.56,12,2026-01-01T00:49:13Z
order_00002955,batch_0004,trader_0003,ETH-USD,BUY,2083.03,633,2026-01-01T00:49:14Z
order_00002956,batch_0004,trader_0005,ETH-USD,SELL,2096.94,26,2026-01-01T00:49:15Z
order_00002957,batch_0004,trader_0012,ETH-USD,SELL,2052.6,650,2026-01-01T00:49:16Z
order_00002958,batch_0004,trader_0010,ETH-USD,BUY,2159.16,669,2026-01-01T00:49:17Z
order_00002959,batch_0004,trader_0025,ETH-USD,BUY,1898.1,861,2026-01-01T00:49:18Z
order_00002960,batch_0004,trader_0022,ETH-USD,SELL,2108.16,388,2026-01-01T00:49:19Z
order_00002961,batch_0004,trader_0021,ETH-USD,BUY,2173.99,85,2026-01-01T00:49:20Z
order_00002962,batch_0004,trader_0004,ETH-USD,BUY,2146.78,594,2026-01-01T00:49:21Z
order_00002963,batch_0004,trader_0005,ETH-USD,BUY,1849.07,611,2026-01-01T00:49:22Z
order_00002964,batch_0004,trader_0003,ETH-USD,BUY,1872.25,917,2026-01-01T00:49:23Z
order_00002965,batch_0004,trader_0007,ETH-USD,BUY,2165.09,371,2026-01-01T00:49:24Z
order_00002966,batch_0004,trader_0014,ETH-USD,BUY,2118.18,503,2026-01-01T00:49:25Z
order_00002967,batch_0004,trader_0007,ETH-USD,BUY,2050.27,983,2026-01-01T00:49:26Z
order_00002968,batch_0004,trader_0021,ETH-USD,SELL,2155.89,385,2026-01-01T00:49:27Z
order_00002969,batch_0004,trader_0010,ETH-USD,SELL,1864.44,828,2026-01-01T00:49:28Z
order_00002970,batch_0004,trader_0021,ETH-USD,BUY,2063.87,183,2026-01-01T00:49:29Z
order_00002971,batch_0004,trader_0011,ETH-USD,SELL,1846.88,33,2026-01-01T00:49:30Z
order_00002972,batch_0004,trader_0020,ETH-USD,SELL,2197.97,496,2026-01-01T00:49:31Z
order_00002973,batch_0004,trader_0009,ETH-USD,SELL,2008.7,163,2026-01-01T00:49:32Z
order_00002974,batch_0004,trader_0018,ETH-USD,SELL,2042.44,198,2026-01-01T00:49:33Z
order_00002975,batch_0004,trader_0007,ETH-USD,BUY,2104.38,525,2026-01-01T00:49:34Z
order_00002976,batch_0004,trader_0001,ETH-USD,SELL,2159.43,118,2026-01-01T00:49:35Z
order_00002977,batch_0004,trader_0023,ETH-USD,BUY,1833.38,226,2026-01-01T00:49:36Z
order_00002978,batch_0004,trader_0007,ETH-USD,SELL,1909.47,275,2026-01-01T00:49:37Z
order_00002979,batch_0004,trader_0021,ETH-USD,SELL,2083.23,357,2026-01-01T00:49:38Z
order_00002980,batch_0004,trader_0014,ETH-USD,BUY,2123.6,764,2026-01-01T00:49:39Z
order_00002981,batch_0004,trader_0009,ETH-USD,SELL,2168.94,410,2026-01-01T00:49:40Z
order_00002982,batch_0004,trader_0023,ETH-USD,BUY,2138.41,704,2026-01-01T00:49:41Z
order_00002983,batch_0004,trader_0025,ETH-USD,BUY,1841.16,403,2026-01-01T00:49:42Z
order_00002984,batch_0004,trader_0024,ETH-USD,SELL,2117.64,170,2026-01-01T00:49:43Z
order_00002985,batch_0004,trader_0020,ETH-USD,BUY,1978.46,905,2026-01-01T00:49:44Z
order_00002986,batch_0004,trader_0004,ETH-USD,SELL,1927.5,836,2026-01-01T00:49:45Z
order_00002987,batch_0004,trader_0012,ETH-USD,SELL,1879.89,440,2026-01-01T00:49:46Z
order_00002988,batch_0004,trader_0015,ETH-USD,BUY,2127.74,648,2026-01-01T00:49:47Z
order_00002989,batch_0004,trader_0009,ETH-USD,BUY,2183.24,35,2026-01-01T00:49:48Z
order_00002990,batch_0004,trader_0021,ETH-USD,SELL,2041.55,301,2026-01-01T00:49:49Z
order_00002991,batch_0004,trader_0001,ETH-USD,SELL,1940.9,544,2026-01-01T00:49:50Z
order_00002992,batch_0004,trader_0006,ETH-USD,BUY,1929.07,829,2026-01-01T00:49:51Z
order_00002993,batch_0004,trader_0012,ETH-USD,BUY,1886.07,75,2026-01-01T00:49:52Z
order_00002994,batch_0004,trader_0001,ETH-USD,BUY,1925.78,799,2026-01-01T00:49:53Z
order_00002995,batch_0004,trader_0007,ETH-USD,BUY,2086.72,12,2026-01-01T00:49:54Z
order_00002996,batch_0004,trader_0008,ETH-USD,BUY,1928.62,815,2026-01-01T00:49:55Z
order_00002997,batch_0004,trader_0007,ETH-USD,SELL,1913.45,395,2026-01-01T00:49:56Z
order_00002998,batch_0004,trader_0023,ETH-USD,SELL,2024.38,106,2026-01-01T00:49:57Z
order_00002999,batch_0004,trader_0022,ETH-USD,SELL,2122.97,905,2026-01-01T00:49:58Z
order_00003000,batch_0004,trader_0022,ETH-USD,BUY,2058.51,915,2026-01-01T00:49:59Z
order_00003001,batch_0004,trader_0007,ETH-USD,SELL,2125.36,326,2026-01-01T00:50:00Z
order_00003002,batch_0004,trader_0002,ETH-USD,BUY,1997.57,822,2026-01-01T00:50:01Z
order_00003003,batch_0004,trader_0015,ETH-USD,SELL,1847.7,432,2026-01-01T00:50:02Z
order_00003004,batch_0004,trader_0008,ETH-USD,BUY,2036.47,335,2026-01-01T00:50:03Z
order_00003005,batch_0004,trader_0019,ETH-USD,SELL,1807.13,292,2026-01-01T00:50:04Z
order_00003006,batch_0004,trader_0005,ETH-USD,SELL,1984.71,934,2026-01-01T00:50:05Z
order_00003007,batch_0004,trader_0018,ETH-USD,SELL,1814.8,413,2026-01-01T00:50:06Z
order_00003008,batch_0004,trader_0001,ETH-USD,SELL,1934.96,41,2026-01-01T00:50:07Z
order_00003009,batch_0004,trader_0014,ETH-USD,BUY,2131.94,98,2026-01-01T00:50:08Z
order_00003010,batch_0004,trader_0012,ETH-USD,SELL,1926.88,282,2026-01-01T00:50:09Z
order_00003011,batch_0004,trader_0016,ETH-USD,BUY,2109.85,570,2026-01-01T00:50:10Z
order_00003012,batch_0004,trader_0015,ETH-USD,SELL,1919.38,403,2026-01-01T00:50:11Z
order_00003013,batch_0004,trader_0004,ETH-USD,BUY,2186.86,657,2026-01-01T00:50:12Z
order_00003014,batch_0004,trader_0001,ETH-USD,SELL,2047.19,961,2026-01-01T00:50:13Z
order_00003015,batch_0004,trader_0004,ETH-USD,BUY,1804.16,846,2026-01-01T00:50:14Z
order_00003016,batch_0004,trader_0014,ETH-USD,SELL,2075.04,883,2026-01-01T00:50:15Z
order_00003017,batch_0004,trader_0012,ETH-USD,BUY,1876.46,91,2026-01-01T00:50:16Z
order_00003018,batch_0004,trader_0023,ETH-USD,SELL,2195.83,551,2026-01-01T00:50:17Z
order_00003019,batch_0004,trader_0002,ETH-USD,SELL,2153.33,266,2026-01-01T00:50:18Z
order_00003020,batch_0004,trader_0009,ETH-USD,BUY,1921.72,970,2026-01-01T00:50:19Z
order_00003021,batch_0004,trader_0013,ETH-USD,BUY,2116.65,628,2026-01-01T00:50:20Z
order_00003022,batch_0004,trader_0019,ETH-USD,BUY,2169.94,175,2026-01-01T00:50:21Z
order_00003023,batch_0004,trader_0005,ETH-USD,BUY,1927.73,130,2026-01-01T00:50:22Z
order_00003024,batch_0004,trader_0014,ETH-USD,SELL,2140.06,910,2026-01-01T00:50:23Z
order_00003025,batch_0004,trader_0017,ETH-USD,SELL,1848.95,685,2026-01-01T00:50:24Z
order_00003026,batch_0004,trader_0009,ETH-USD,BUY,2064.51,490,2026-01-01T00:50:25Z
order_00003027,batch_0004,trader_0003,ETH-USD,BUY,1993.08,749,2026-01-01T00:50:26Z
order_00003028,batch_0004,trader_0012,ETH-USD,BUY,2084.55,304,2026-01-01T00:50:27Z
order_00003029,batch_0004,trader_0021,ETH-USD,SELL,1896.95,894,2026-01-01T00:50:28Z
order_00003030,batch_0004,trader_0003,ETH-USD,SELL,2077.99,211,2026-01-01T00:50:29Z
order_00003031,batch_0004,trader_0022,ETH-USD,SELL,1884.99,62,2026-01-01T00:50:30Z
order_00003032,batch_0004,trader_0016,ETH-USD,BUY,1954.02,839,2026-01-01T00:50:31Z
order_00003033,batch_0004,trader_0025,ETH-USD,BUY,2125.6,214,2026-01-01T00:50:32Z
order_00003034,batch_0004,trader_0010,ETH-USD,SELL,1925.34,880,2026-01-01T00:50:33Z
order_00003035,batch_0004,trader_0017,ETH-USD,SELL,1861.6,672,2026-01-01T00:50:34Z
order_00003036,batch_0004,trader_0012,ETH-USD,BUY,1887.51,134,2026-01-01T00:50:35Z
order_00003037,batch_0004,trader_0017,ETH-USD,BUY,2147.14,464,2026-01-01T00:50:36Z
order_00003038,batch_0004,trader_0009,ETH-USD,BUY,1875.18,410,2026-01-01T00:50:37Z
order_00003039,batch_0004,trader_0019,ETH-USD,BUY,1922.86,703,2026-01-01T00:50:38Z
order_00003040,batch_0004,trader_0004,ETH-USD,SELL,1984.38,151,2026-01-01T00:50:39Z
order_00003041,batch_0004,trader_0015,ETH-USD,SELL,1806.64,247,2026-01-01T00:50:40Z
order_00003042,batch_0004,trader_0017,ETH-USD,BUY,1990.5,30,2026-01-01T00:50:41Z
order_00003043,batch_0004,trader_0018,ETH-USD,BUY,1847.33,272,2026-01-01T00:50:42Z
order_00003044,batch_0004,trader_0013,ETH-USD,BUY,1884.83,442,2026-01-01T00:50:43Z
order_00003045,batch_0004,trader_0015,ETH-USD,SELL,1933.5,521,2026-01-01T00:50:44Z
order_00003046,batch_0004,trader_0013,ETH-USD,BUY,1819.65,101,2026-01-01T00:50:45Z
order_00003047,batch_0004,trader_0007,ETH-USD,SELL,1877.57,433,2026-01-01T00:50:46Z
order_00003048,batch_0004,trader_0020,ETH-USD,BUY,1910.37,609,2026-01-01T00:50:47Z
order_00003049,batch_0004,trader_0002,ETH-USD,BUY,1843.67,444,2026-01-01T00:50:48Z
order_00003050,batch_0004,trader_0004,ETH-USD,SELL,1844.43,982,2026-01-01T00:50:49Z
order_00003051,batch_0004,trader_0008,ETH-USD,BUY,2030.09,37,2026-01-01T00:50:50Z
order_00003052,batch_0004,trader_0020,ETH-USD,BUY,1910.18,104,2026-01-01T00:50:51Z
order_00003053,batch_0004,trader_0004,ETH-USD,SELL,1956.76,415,2026-01-01T00:50:52Z
order_00003054,batch_0004,trader_0009,ETH-USD,BUY,2151.81,844,2026-01-01T00:50:53Z
order_00003055,batch_0004,trader_0012,ETH-USD,BUY,2114.29,176,2026-01-01T00:50:54Z
order_00003056,batch_0004,trader_0024,ETH-USD,SELL,2038.53,723,2026-01-01T00:50:55Z
order_00003057,batch_0004,trader_0023,ETH-USD,BUY,2001.3,190,2026-01-01T00:50:56Z
order_00003058,batch_0004,trader_0023,ETH-USD,SELL,1922.13,757,2026-01-01T00:50:57Z
order_00003059,batch_0004,trader_0006,ETH-USD,BUY,2072.58,323,2026-01-01T00:50:58Z
order_00003060,batch_0004,trader_0001,ETH-USD,BUY,1982.09,922,2026-01-01T00:50:59Z
order_00003061,batch_0004,trader_0006,ETH-USD,SELL,1933.62,439,2026-01-01T00:51:00Z
order_00003062,batch_0004,trader_0022,ETH-USD,SELL,1830.79,903,2026-01-01T00:51:01Z
order_00003063,batch_0004,trader_0016,ETH-USD,SELL,2037.6,10,2026-01-01T00:51:02Z
order_00003064,batch_0004,trader_0016,ETH-USD,SELL,2149.29,501,2026-01-01T00:51:03Z
order_00003065,batch_0004,trader_0022,ETH-USD,BUY,1806.96,839,2026-01-01T00:51:04Z
order_00003066,batch_0004,trader_0017,ETH-USD,SELL,1891.32,856,2026-01-01T00:51:05Z
order_00003067,batch_0004,trader_0004,ETH-USD,BUY,2110.1,151,2026-01-01T00:51:06Z
order_00003068,batch_0004,trader_0016,ETH-USD,BUY,1934.27,754,2026-01-01T00:51:07Z
order_00003069,batch_0004,trader_0016,ETH-USD,SELL,1902.94,559,2026-01-01T00:51:08Z
order_00003070,batch_0004,trader_0012,ETH-USD,BUY,1805.42,470,2026-01-01T00:51:09Z
order_00003071,batch_0004,trader_0025,ETH-USD,BUY,2156.55,342,2026-01-01T00:51:10Z
order_00003072,batch_0004,trader_0020,ETH-USD,SELL,2160.87,886,2026-01-01T00:51:11Z
order_00003073,batch_0004,trader_0024,ETH-USD,BUY,2074.31,277,2026-01-01T00:51:12Z
order_00003074,batch_0004,trader_0008,ETH-USD,SELL,2191.45,152,2026-01-01T00:51:13Z
order_00003075,batch_0004,trader_0001,ETH-USD,SELL,1942.88,146,2026-01-01T00:51:14Z
order_00003076,batch_0004,trader_0014,ETH-USD,BUY,2078.32,759,2026-01-01T00:51:15Z
order_00003077,batch_0004,trader_0013,ETH-USD,BUY,1835.71,763,2026-01-01T00:51:16Z
order_00003078,batch_0004,trader_0021,ETH-USD,SELL,1909.57,989,2026-01-01T00:51:17Z
order_00003079,batch_0004,trader_0017,ETH-USD,SELL,2164.96,921,2026-01-01T00:51:18Z
order_00003080,batch_0004,trader_0011,ETH-USD,BUY,2071.63,933,2026-01-01T00:51:19Z
order_00003081,batch_0004,trader_0009,ETH-USD,BUY,2178.11,428,2026-01-01T00:51:20Z
order_00003082,batch_0004,trader_0023,ETH-USD,BUY,2031.81,43,2026-01-01T00:51:21Z
order_00003083,batch_0004,trader_0015,ETH-USD,BUY,1849.18,628,2026-01-01T00:51:22Z
order_00003084,batch_0004,trader_0010,ETH-USD,SELL,2116.94,812,2026-01-01T00:51:23Z
order_00003085,batch_0004,trader_0022,ETH-USD,BUY,1999.57,9,2026-01-01T00:51:24Z
order_00003086,batch_0004,trader_0010,ETH-USD,BUY,1860.09,698,2026-01-01T00:51:25Z
order_00003087,batch_0004,trader_0016,ETH-USD,SELL,1865.04,681,2026-01-01T00:51:26Z
order_00003088,batch_0004,trader_0015,ETH-USD,BUY,1917.89,819,2026-01-01T00:51:27Z
order_00003089,batch_0004,trader_0004,ETH-USD,BUY,2130.19,290,2026-01-01T00:51:28Z
order_00003090,batch_0004,trader_0012,ETH-USD,BUY,1802.04,314,2026-01-01T00:51:29Z
order_00003091,batch_0004,trader_0005,ETH-USD,SELL,1819.96,1,2026-01-01T00:51:30Z
order_00003092,batch_0004,trader_0017,ETH-USD,BUY,2114.11,291,2026-01-01T00:51:31Z
order_00003093,batch_0004,trader_0003,ETH-USD,SELL,2024.3,788,2026-01-01T00:51:32Z
order_00003094,batch_0004,trader_0007,ETH-USD,SELL,2198.37,147,2026-01-01T00:51:33Z
order_00003095,batch_0004,trader_0008,ETH-USD,BUY,1832.29,941,2026-01-01T00:51:34Z
order_00003096,batch_0004,trader_0022,ETH-USD,BUY,1941.85,956,2026-01-01T00:51:35Z
order_00003097,batch_0004,trader_0004,ETH-USD,SELL,1959.65,433,2026-01-01T00:51:36Z
order_00003098,batch_0004,trader_0010,ETH-USD,SELL,1920.81,943,2026-01-01T00:51:37Z
order_00003099,batch_0004,trader_0011,ETH-USD,BUY,2071.57,447,2026-01-01T00:51:38Z
order_00003100,batch_0004,trader_0007,ETH-USD,SELL,2073.33,143,2026-01-01T00:51:39Z
order_00003101,batch_0004,trader_0010,ETH-USD,BUY,2021.71,427,2026-01-01T00:51:40Z
order_00003102,batch_0004,trader_0021,ETH-USD,BUY,2026.67,305,2026-01-01T00:51:41Z
order_00003103,batch_0004,trader_0014,ETH-USD,BUY,1950.39,188,2026-01-01T00:51:42Z
order_00003104,batch_0004,trader_0011,ETH-USD,BUY,1976.76,540,2026-01-01T00:51:43Z
order_00003105,batch_0004,trader_0015,ETH-USD,SELL,2085.04,702,2026-01-01T00:51:44Z
order_00003106,batch_0004,trader_0014,ETH-USD,BUY,1968.2,478,2026-01-01T00:51:45Z
order_00003107,batch_0004,trader_0025,ETH-USD,BUY,2023.56,935,2026-01-01T00:51:46Z
order_00003108,batch_0004,trader_0010,ETH-USD,BUY,1856.23,774,2026-01-01T00:51:47Z
order_00003109,batch_0004,trader_0005,ETH-USD,SELL,2004.88,595,2026-01-01T00:51:48Z
order_00003110,batch_0004,trader_0010,ETH-USD,SELL,2026.23,922,2026-01-01T00:51:49Z
order_00003111,batch_0004,trader_0013,ETH-USD,BUY,1957.06,866,2026-01-01T00:51:50Z
order_00003112,batch_0004,trader_0017,ETH-USD,SELL,2122.99,474,2026-01-01T00:51:51Z
order_00003113,batch_0004,trader_0009,ETH-USD,BUY,1833.86,56,2026-01-01T00:51:52Z
order_00003114,batch_0004,trader_0020,ETH-USD,SELL,1842.82,666,2026-01-01T00:51:53Z
order_00003115,batch_0004,trader_0023,ETH-USD,BUY,2026.18,298,2026-01-01T00:51:54Z
order_00003116,batch_0004,trader_0019,ETH-USD,BUY,1848.58,63,2026-01-01T00:51:55Z
order_00003117,batch_0004,trader_0023,ETH-USD,SELL,2086.78,758,2026-01-01T00:51:56Z
order_00003118,batch_0004,trader_0016,ETH-USD,BUY,2024.82,148,2026-01-01T00:51:57Z
order_00003119,batch_0004,trader_0005,ETH-USD,BUY,2070.27,917,2026-01-01T00:51:58Z
order_00003120,batch_0004,trader_0001,ETH-USD,BUY,2087.66,319,2026-01-01T00:51:59Z
order_00003121,batch_0004,trader_0004,ETH-USD,SELL,2075.11,639,2026-01-01T00:52:00Z
order_00003122,batch_0004,trader_0004,ETH-USD,BUY,2041.52,157,2026-01-01T00:52:01Z
order_00003123,batch_0004,trader_0016,ETH-USD,SELL,1881.72,254,2026-01-01T00:52:02Z
order_00003124,batch_0004,trader_0002,ETH-USD,BUY,1977.53,518,2026-01-01T00:52:03Z
order_00003125,batch_0004,trader_0006,ETH-USD,SELL,1961.82,308,2026-01-01T00:52:04Z
order_00003126,batch_0004,trader_0009,ETH-USD,SELL,2139.09,862,2026-01-01T00:52:05Z
order_00003127,batch_0004,trader_0022,ETH-USD,SELL,1975.65,698,2026-01-01T00:52:06Z
order_00003128,batch_0004,trader_0001,ETH-USD,SELL,1858.5,443,2026-01-01T00:52:07Z
order_00003129,batch_0004,trader_0008,ETH-USD,BUY,2097.84,839,2026-01-01T00:52:08Z
order_00003130,batch_0004,trader_0007,ETH-USD,BUY,2079.85,760,2026-01-01T00:52:09Z
order_00003131,batch_0004,trader_0004,ETH-USD,BUY,1915.78,297,2026-01-01T00:52:10Z
order_00003132,batch_0004,trader_0009,ETH-USD,SELL,1946.94,505,2026-01-01T00:52:11Z
order_00003133,batch_0004,trader_0015,ETH-USD,BUY,2119.94,715,2026-01-01T00:52:12Z
order_00003134,batch_0004,trader_0010,ETH-USD,BUY,1859.27,436,2026-01-01T00:52:13Z
order_00003135,batch_0004,trader_0019,ETH-USD,BUY,1955.77,578,2026-01-01T00:52:14Z
order_00003136,batch_0004,trader_0022,ETH-USD,BUY,2060.17,661,2026-01-01T00:52:15Z
order_00003137,batch_0004,trader_0012,ETH-USD,SELL,2163.24,44,2026-01-01T00:52:16Z
order_00003138,batch_0004,trader_0015,ETH-USD,SELL,2152.97,480,2026-01-01T00:52:17Z
order_00003139,batch_0004,trader_0017,ETH-USD,BUY,1943.1,163,2026-01-01T00:52:18Z
order_00003140,batch_0004,trader_0013,ETH-USD,BUY,2082.49,925,2026-01-01T00:52:19Z
order_00003141,batch_0004,trader_0012,ETH-USD,SELL,2062.37,179,2026-01-01T00:52:20Z
order_00003142,batch_0004,trader_0023,ETH-USD,SELL,1935.72,577,2026-01-01T00:52:21Z
order_00003143,batch_0004,trader_0025,ETH-USD,SELL,1911.34,144,2026-01-01T00:52:22Z
order_00003144,batch_0004,trader_0021,ETH-USD,SELL,1957.57,946,2026-01-01T00:52:23Z
order_00003145,batch_0004,trader_0022,ETH-USD,BUY,1988.7,986,2026-01-01T00:52:24Z
order_00003146,batch_0004,trader_0025,ETH-USD,BUY,2170.96,726,2026-01-01T00:52:25Z
order_00003147,batch_0004,trader_0011,ETH-USD,SELL,1851.77,266,2026-01-01T00:52:26Z
order_00003148,batch_0004,trader_0020,ETH-USD,SELL,1939.24,595,2026-01-01T00:52:27Z
order_00003149,batch_0004,trader_0024,ETH-USD,SELL,1817.97,70,2026-01-01T00:52:28Z
order_00003150,batch_0004,trader_0016,ETH-USD,BUY,2066.1,99,2026-01-01T00:52:29Z
order_00003151,batch_0004,trader_0008,ETH-USD,SELL,1929.46,488,2026-01-01T00:52:30Z
order_00003152,batch_0004,trader_0008,ETH-USD,SELL,2166.91,828,2026-01-01T00:52:31Z
order_00003153,batch_0004,trader_0013,ETH-USD,BUY,1869.6,902,2026-01-01T00:52:32Z
order_00003154,batch_0004,trader_0002,ETH-USD,SELL,2168.95,431,2026-01-01T00:52:33Z
order_00003155,batch_0004,trader_0024,ETH-USD,SELL,1814.97,118,2026-01-01T00:52:34Z
order_00003156,batch_0004,trader_0021,ETH-USD,BUY,1949.73,782,2026-01-01T00:52:35Z
order_00003157,batch_0004,trader_0004,ETH-USD,SELL,1869.63,946,2026-01-01T00:52:36Z
order_00003158,batch_0004,trader_0021,ETH-USD,SELL,1853.29,387,2026-01-01T00:52:37Z
order_00003159,batch_0004,trader_0016,ETH-USD,SELL,1878.29,205,2026-01-01T00:52:38Z
order_00003160,batch_0004,trader_0024,ETH-USD,BUY,1890.2,293,2026-01-01T00:52:39Z
order_00003161,batch_0004,trader_0007,ETH-USD,BUY,2011.41,834,2026-01-01T00:52:40Z
order_00003162,batch_0004,trader_0022,ETH-USD,BUY,2051.65,25,2026-01-01T00:52:41Z
order_00003163,batch_0004,trader_0001,ETH-USD,BUY,2124.0,35,2026-01-01T00:52:42Z
order_00003164,batch_0004,trader_0003,ETH-USD,BUY,2027.32,418,2026-01-01T00:52:43Z
order_00003165,batch_0004,trader_0024,ETH-USD,BUY,2091.99,699,2026-01-01T00:52:44Z
order_00003166,batch_0004,trader_0007,ETH-USD,SELL,1876.05,509,2026-01-01T00:52:45Z
order_00003167,batch_0004,trader_0012,ETH-USD,SELL,2000.34,486,2026-01-01T00:52:46Z
order_00003168,batch_0004,trader_0003,ETH-USD,SELL,2141.37,573,2026-01-01T00:52:47Z
order_00003169,batch_0004,trader_0003,ETH-USD,BUY,1950.45,641,2026-01-01T00:52:48Z
order_00003170,batch_0004,trader_0010,ETH-USD,SELL,2112.95,131,2026-01-01T00:52:49Z
order_00003171,batch_0004,trader_0020,ETH-USD,BUY,1892.23,511,2026-01-01T00:52:50Z
order_00003172,batch_0004,trader_0010,ETH-USD,SELL,1889.61,24,2026-01-01T00:52:51Z
order_00003173,batch_0004,trader_0012,ETH-USD,SELL,1956.17,258,2026-01-01T00:52:52Z
order_00003174,batch_0004,trader_0010,ETH-USD,BUY,1863.15,893,2026-01-01T00:52:53Z
order_00003175,batch_0004,trader_0017,ETH-USD,BUY,1896.56,590,2026-01-01T00:52:54Z
order_00003176,batch_0004,trader_0020,ETH-USD,SELL,1924.9,513,2026-01-01T00:52:55Z
order_00003177,batch_0004,trader_0019,ETH-USD,BUY,2156.72,715,2026-01-01T00:52:56Z
order_00003178,batch_0004,trader_0021,ETH-USD,BUY,2193.97,940,2026-01-01T00:52:57Z
order_00003179,batch_0004,trader_0007,ETH-USD,BUY,1968.56,347,2026-01-01T00:52:58Z
order_00003180,batch_0004,trader_0007,ETH-USD,BUY,1823.76,784,2026-01-01T00:52:59Z
order_00003181,batch_0004,trader_0025,ETH-USD,SELL,1931.84,752,2026-01-01T00:53:00Z
order_00003182,batch_0004,trader_0016,ETH-USD,SELL,1824.93,900,2026-01-01T00:53:01Z
order_00003183,batch_0004,trader_0020,ETH-USD,BUY,2025.54,971,2026-01-01T00:53:02Z
order_00003184,batch_0004,trader_0012,ETH-USD,SELL,2122.99,784,2026-01-01T00:53:03Z
order_00003185,batch_0004,trader_0024,ETH-USD,SELL,1966.5,973,2026-01-01T00:53:04Z
order_00003186,batch_0004,trader_0016,ETH-USD,SELL,2155.01,83,2026-01-01T00:53:05Z
order_00003187,batch_0004,trader_0004,ETH-USD,SELL,2089.33,278,2026-01-01T00:53:06Z
order_00003188,batch_0004,trader_0012,ETH-USD,BUY,1890.1,520,2026-01-01T00:53:07Z
order_00003189,batch_0004,trader_0008,ETH-USD,BUY,2112.62,311,2026-01-01T00:53:08Z
order_00003190,batch_0004,trader_0007,ETH-USD,BUY,1810.54,57,2026-01-01T00:53:09Z
order_00003191,batch_0004,trader_0022,ETH-USD,SELL,1951.76,881,2026-01-01T00:53:10Z
order_00003192,batch_0004,trader_0013,ETH-USD,SELL,1992.87,566,2026-01-01T00:53:11Z
order_00003193,batch_0004,trader_0023,ETH-USD,SELL,1850.09,713,2026-01-01T00:53:12Z
order_00003194,batch_0004,trader_0004,ETH-USD,BUY,1846.23,142,2026-01-01T00:53:13Z
order_00003195,batch_0004,trader_0007,ETH-USD,SELL,1947.08,926,2026-01-01T00:53:14Z
order_00003196,batch_0004,trader_0008,ETH-USD,BUY,1823.17,941,2026-01-01T00:53:15Z
order_00003197,batch_0004,trader_0024,ETH-USD,BUY,1890.85,11,2026-01-01T00:53:16Z
order_00003198,batch_0004,trader_0019,ETH-USD,SELL,2117.27,828,2026-01-01T00:53:17Z
order_00003199,batch_0004,trader_0024,ETH-USD,BUY,1805.96,822,2026-01-01T00:53:18Z
order_00003200,batch_0004,trader_0005,ETH-USD,BUY,1830.64,59,2026-01-01T00:53:19Z
order_00003201,batch_0004,trader_0012,ETH-USD,BUY,1817.49,290,2026-01-01T00:53:20Z
order_00003202,batch_0004,trader_0010,ETH-USD,SELL,1897.7,912,2026-01-01T00:53:21Z
order_00003203,batch_0004,trader_0004,ETH-USD,BUY,1991.48,408,2026-01-01T00:53:22Z
order_00003204,batch_0004,trader_0018,ETH-USD,SELL,1900.08,79,2026-01-01T00:53:23Z
order_00003205,batch_0004,trader_0012,ETH-USD,BUY,2094.09,723,2026-01-01T00:53:24Z
order_00003206,batch_0004,trader_0023,ETH-USD,SELL,1888.11,880,2026-01-01T00:53:25Z
order_00003207,batch_0004,trader_0010,ETH-USD,BUY,2112.08,376,2026-01-01T00:53:26Z
order_00003208,batch_0004,trader_0009,ETH-USD,SELL,2010.74,251,2026-01-01T00:53:27Z
order_00003209,batch_0004,trader_0002,ETH-USD,BUY,2001.38,555,2026-01-01T00:53:28Z
order_00003210,batch_0004,trader_0020,ETH-USD,BUY,2082.2,421,2026-01-01T00:53:29Z
order_00003211,batch_0004,trader_0005,ETH-USD,BUY,1881.42,81,2026-01-01T00:53:30Z
order_00003212,batch_0004,trader_0024,ETH-USD,SELL,1892.21,534,2026-01-01T00:53:31Z
order_00003213,batch_0004,trader_0005,ETH-USD,SELL,1948.96,126,2026-01-01T00:53:32Z
order_00003214,batch_0004,trader_0021,ETH-USD,BUY,2079.34,241,2026-01-01T00:53:33Z
order_00003215,batch_0004,trader_0016,ETH-USD,SELL,1845.7,976,2026-01-01T00:53:34Z
order_00003216,batch_0004,trader_0013,ETH-USD,SELL,1911.19,277,2026-01-01T00:53:35Z
order_00003217,batch_0004,trader_0009,ETH-USD,BUY,1833.8,989,2026-01-01T00:53:36Z
order_00003218,batch_0004,trader_0013,ETH-USD,SELL,1998.14,394,2026-01-01T00:53:37Z
order_00003219,batch_0004,trader_0013,ETH-USD,BUY,1889.78,46,2026-01-01T00:53:38Z
order_00003220,batch_0004,trader_0022,ETH-USD,BUY,2013.0,442,2026-01-01T00:53:39Z
order_00003221,batch_0004,trader_0001,ETH-USD,BUY,2105.2,555,2026-01-01T00:53:40Z
order_00003222,batch_0004,trader_0009,ETH-USD,SELL,2157.27,773,2026-01-01T00:53:41Z
order_00003223,batch_0004,trader_0001,ETH-USD,SELL,1886.62,606,2026-01-01T00:53:42Z
order_00003224,batch_0004,trader_0014,ETH-USD,BUY,2048.61,850,2026-01-01T00:53:43Z
order_00003225,batch_0004,trader_0002,ETH-USD,SELL,2094.17,951,2026-01-01T00:53:44Z
order_00003226,batch_0004,trader_0024,ETH-USD,SELL,1955.24,567,2026-01-01T00:53:45Z
order_00003227,batch_0004,trader_0018,ETH-USD,SELL,2143.41,295,2026-01-01T00:53:46Z
order_00003228,batch_0004,trader_0025,ETH-USD,BUY,2087.69,587,2026-01-01T00:53:47Z
order_00003229,batch_0004,trader_0015,ETH-USD,SELL,2184.12,167,2026-01-01T00:53:48Z
order_00003230,batch_0004,trader_0001,ETH-USD,SELL,1895.29,947,2026-01-01T00:53:49Z
order_00003231,batch_0004,trader_0003,ETH-USD,BUY,2180.39,699,2026-01-01T00:53:50Z
order_00003232,batch_0004,trader_0011,ETH-USD,SELL,2017.12,790,2026-01-01T00:53:51Z
order_00003233,batch_0004,trader_0012,ETH-USD,SELL,2046.22,40,2026-01-01T00:53:52Z
order_00003234,batch_0004,trader_0025,ETH-USD,BUY,2112.97,257,2026-01-01T00:53:53Z
order_00003235,batch_0004,trader_0022,ETH-USD,SELL,1922.76,128,2026-01-01T00:53:54Z
order_00003236,batch_0004,trader_0015,ETH-USD,BUY,2139.04,271,2026-01-01T00:53:55Z
order_00003237,batch_0004,trader_0002,ETH-USD,BUY,1803.55,451,2026-01-01T00:53:56Z
order_00003238,batch_0004,trader_0018,ETH-USD,SELL,2055.1,492,2026-01-01T00:53:57Z
order_00003239,batch_0004,trader_0003,ETH-USD,BUY,2031.83,60,2026-01-01T00:53:58Z
order_00003240,batch_0004,trader_0003,ETH-USD,BUY,2020.58,625,2026-01-01T00:53:59Z
order_00003241,batch_0004,trader_0009,ETH-USD,BUY,2106.39,265,2026-01-01T00:54:00Z
order_00003242,batch_0004,trader_0021,ETH-USD,BUY,1850.89,507,2026-01-01T00:54:01Z
order_00003243,batch_0004,trader_0002,ETH-USD,BUY,2047.18,893,2026-01-01T00:54:02Z
order_00003244,batch_0004,trader_0022,ETH-USD,BUY,1815.4,671,2026-01-01T00:54:03Z
order_00003245,batch_0004,trader_0002,ETH-USD,SELL,2031.96,451,2026-01-01T00:54:04Z
order_00003246,batch_0004,trader_0023,ETH-USD,SELL,1824.33,234,2026-01-01T00:54:05Z
order_00003247,batch_0004,trader_0022,ETH-USD,SELL,1902.98,999,2026-01-01T00:54:06Z
order_00003248,batch_0004,trader_0023,ETH-USD,SELL,1941.33,870,2026-01-01T00:54:07Z
order_00003249,batch_0004,trader_0003,ETH-USD,BUY,1939.89,241,2026-01-01T00:54:08Z
order_00003250,batch_0004,trader_0008,ETH-USD,SELL,2004.41,116,2026-01-01T00:54:09Z
order_00003251,batch_0004,trader_0022,ETH-USD,BUY,1948.54,585,2026-01-01T00:54:10Z
order_00003252,batch_0004,trader_0010,ETH-USD,BUY,1970.59,658,2026-01-01T00:54:11Z
order_00003253,batch_0004,trader_0012,ETH-USD,BUY,2042.79,335,2026-01-01T00:54:12Z
order_00003254,batch_0004,trader_0012,ETH-USD,BUY,2158.96,418,2026-01-01T00:54:13Z
order_00003255,batch_0004,trader_0001,ETH-USD,BUY,1917.63,997,2026-01-01T00:54:14Z
order_00003256,batch_0004,trader_0005,ETH-USD,BUY,1916.35,46,2026-01-01T00:54:15Z
order_00003257,batch_0004,trader_0007,ETH-USD,SELL,1842.49,27,2026-01-01T00:54:16Z
order_00003258,batch_0004,trader_0024,ETH-USD,SELL,2086.31,524,2026-01-01T00:54:17Z
order_00003259,batch_0004,trader_0007,ETH-USD,SELL,2085.14,596,2026-01-01T00:54:18Z
order_00003260,batch_0004,trader_0024,ETH-USD,BUY,1813.04,597,2026-01-01T00:54:19Z
order_00003261,batch_0004,trader_0003,ETH-USD,BUY,2199.13,781,2026-01-01T00:54:20Z
order_00003262,batch_0004,trader_0008,ETH-USD,SELL,2174.21,982,2026-01-01T00:54:21Z
order_00003263,batch_0004,trader_0024,ETH-USD,SELL,2052.13,589,2026-01-01T00:54:22Z
order_00003264,batch_0004,trader_0017,ETH-USD,BUY,1848.5,751,2026-01-01T00:54:23Z
order_00003265,batch_0004,trader_0017,ETH-USD,SELL,1988.93,622,2026-01-01T00:54:24Z
order_00003266,batch_0004,trader_0019,ETH-USD,SELL,1907.67,325,2026-01-01T00:54:25Z
order_00003267,batch_0004,trader_0025,ETH-USD,BUY,1931.47,250,2026-01-01T00:54:26Z
order_00003268,batch_0004,trader_0024,ETH-USD,SELL,1982.33,237,2026-01-01T00:54:27Z
order_00003269,batch_0004,trader_0024,ETH-USD,SELL,1896.42,710,2026-01-01T00:54:28Z
order_00003270,batch_0004,trader_0012,ETH-USD,SELL,1944.75,420,2026-01-01T00:54:29Z
order_00003271,batch_0004,trader_0021,ETH-USD,SELL,2165.85,79,2026-01-01T00:54:30Z
order_00003272,batch_0004,trader_0014,ETH-USD,BUY,1979.59,236,2026-01-01T00:54:31Z
order_00003273,batch_0004,trader_0005,ETH-USD,BUY,2130.71,848,2026-01-01T00:54:32Z
order_00003274,batch_0004,trader_0014,ETH-USD,SELL,2110.58,251,2026-01-01T00:54:33Z
order_00003275,batch_0004,trader_0009,ETH-USD,SELL,1855.26,682,2026-01-01T00:54:34Z
order_00003276,batch_0004,trader_0003,ETH-USD,SELL,1925.54,350,2026-01-01T00:54:35Z
order_00003277,batch_0004,trader_0019,ETH-USD,BUY,2193.3,518,2026-01-01T00:54:36Z
order_00003278,batch_0004,trader_0006,ETH-USD,BUY,2109.06,903,2026-01-01T00:54:37Z
order_00003279,batch_0004,trader_0014,ETH-USD,SELL,1866.71,16,2026-01-01T00:54:38Z
order_00003280,batch_0004,trader_0016,ETH-USD,BUY,2084.55,568,2026-01-01T00:54:39Z
order_00003281,batch_0004,trader_0014,ETH-USD,SELL,2147.78,130,2026-01-01T00:54:40Z
order_00003282,batch_0004,trader_0005,ETH-USD,BUY,2195.97,171,2026-01-01T00:54:41Z
order_00003283,batch_0004,trader_0014,ETH-USD,SELL,2167.45,543,2026-01-01T00:54:42Z
order_00003284,batch_0004,trader_0008,ETH-USD,BUY,2078.77,412,2026-01-01T00:54:43Z
order_00003285,batch_0004,trader_0011,ETH-USD,SELL,1934.72,122,2026-01-01T00:54:44Z
order_00003286,batch_0004,trader_0024,ETH-USD,SELL,1843.11,632,2026-01-01T00:54:45Z
order_00003287,batch_0004,trader_0015,ETH-USD,BUY,2168.29,757,2026-01-01T00:54:46Z
order_00003288,batch_0004,trader_0014,ETH-USD,SELL,1979.9,646,2026-01-01T00:54:47Z
order_00003289,batch_0004,trader_0024,ETH-USD,BUY,2080.05,489,2026-01-01T00:54:48Z
order_00003290,batch_0004,trader_0017,ETH-USD,BUY,2035.82,785,2026-01-01T00:54:49Z
order_00003291,batch_0004,trader_0019,ETH-USD,BUY,1803.11,918,2026-01-01T00:54:50Z
order_00003292,batch_0004,trader_0011,ETH-USD,BUY,1981.41,665,2026-01-01T00:54:51Z
order_00003293,batch_0004,trader_0009,ETH-USD,BUY,2089.01,521,2026-01-01T00:54:52Z
order_00003294,batch_0004,trader_0016,ETH-USD,SELL,1892.91,100,2026-01-01T00:54:53Z
order_00003295,batch_0004,trader_0017,ETH-USD,BUY,2007.07,578,2026-01-01T00:54:54Z
order_00003296,batch_0004,trader_0010,ETH-USD,SELL,2171.22,865,2026-01-01T00:54:55Z
order_00003297,batch_0004,trader_0005,ETH-USD,BUY,2102.92,327,2026-01-01T00:54:56Z
order_00003298,batch_0004,trader_0024,ETH-USD,BUY,2093.85,968,2026-01-01T00:54:57Z
order_00003299,batch_0004,trader_0020,ETH-USD,BUY,1911.3,532,2026-01-01T00:54:58Z
order_00003300,batch_0004,trader_0004,ETH-USD,BUY,1913.92,356,2026-01-01T00:54:59Z
order_00003301,batch_0004,trader_0006,ETH-USD,BUY,1975.57,499,2026-01-01T00:55:00Z
order_00003302,batch_0004,trader_0020,ETH-USD,BUY,1903.77,940,2026-01-01T00:55:01Z
order_00003303,batch_0004,trader_0009,ETH-USD,SELL,1892.67,947,2026-01-01T00:55:02Z
order_00003304,batch_0004,trader_0017,ETH-USD,BUY,2020.87,212,2026-01-01T00:55:03Z
order_00003305,batch_0004,trader_0002,ETH-USD,SELL,2039.36,29,2026-01-01T00:55:04Z
order_00003306,batch_0004,trader_0007,ETH-USD,SELL,2015.17,553,2026-01-01T00:55:05Z
order_00003307,batch_0004,trader_0012,ETH-USD,BUY,2128.96,853,2026-01-01T00:55:06Z
order_00003308,batch_0004,trader_0014,ETH-USD,BUY,2179.15,965,2026-01-01T00:55:07Z
order_00003309,batch_0004,trader_0015,ETH-USD,SELL,1850.47,534,2026-01-01T00:55:08Z
order_00003310,batch_0004,trader_0004,ETH-USD,BUY,2086.5,113,2026-01-01T00:55:09Z
order_00003311,batch_0004,trader_0003,ETH-USD,BUY,1997.3,443,2026-01-01T00:55:10Z
order_00003312,batch_0004,trader_0004,ETH-USD,SELL,2092.65,286,2026-01-01T00:55:11Z
order_00003313,batch_0004,trader_0008,ETH-USD,SELL,1831.63,823,2026-01-01T00:55:12Z
order_00003314,batch_0004,trader_0011,ETH-USD,SELL,1862.69,335,2026-01-01T00:55:13Z
order_00003315,batch_0004,trader_0022,ETH-USD,BUY,2094.21,646,2026-01-01T00:55:14Z
order_00003316,batch_0004,trader_0002,ETH-USD,SELL,2075.18,724,2026-01-01T00:55:15Z
order_00003317,batch_0004,trader_0017,ETH-USD,BUY,2082.04,955,2026-01-01T00:55:16Z
order_00003318,batch_0004,trader_0021,ETH-USD,BUY,2023.27,862,2026-01-01T00:55:17Z
order_00003319,batch_0004,trader_0008,ETH-USD,BUY,2050.91,650,2026-01-01T00:55:18Z
order_00003320,batch_0004,trader_0008,ETH-USD,BUY,2148.85,386,2026-01-01T00:55:19Z
order_00003321,batch_0004,trader_0016,ETH-USD,SELL,1988.05,272,2026-01-01T00:55:20Z
order_00003322,batch_0004,trader_0005,ETH-USD,SELL,1998.69,752,2026-01-01T00:55:21Z
order_00003323,batch_0004,trader_0017,ETH-USD,BUY,1835.48,897,2026-01-01T00:55:22Z
order_00003324,batch_0004,trader_0014,ETH-USD,SELL,1885.68,768,2026-01-01T00:55:23Z
order_00003325,batch_0004,trader_0023,ETH-USD,BUY,2044.49,572,2026-01-01T00:55:24Z
order_00003326,batch_0004,trader_0020,ETH-USD,BUY,2075.19,429,2026-01-01T00:55:25Z
order_00003327,batch_0004,trader_0012,ETH-USD,BUY,1893.89,598,2026-01-01T00:55:26Z
order_00003328,batch_0004,trader_0010,ETH-USD,BUY,2181.73,673,2026-01-01T00:55:27Z
order_00003329,batch_0004,trader_0016,ETH-USD,SELL,1916.85,897,2026-01-01T00:55:28Z
order_00003330,batch_0004,trader_0012,ETH-USD,BUY,1956.88,646,2026-01-01T00:55:29Z
order_00003331,batch_0004,trader_0004,ETH-USD,SELL,1838.61,303,2026-01-01T00:55:30Z
order_00003332,batch_0004,trader_0010,ETH-USD,SELL,2101.98,919,2026-01-01T00:55:31Z
order_00003333,batch_0004,trader_0022,ETH-USD,BUY,1930.16,458,2026-01-01T00:55:32Z
order_00003334,batch_0004,trader_0011,ETH-USD,BUY,1985.89,181,2026-01-01T00:55:33Z
order_00003335,batch_0004,trader_0023,ETH-USD,SELL,2078.79,356,2026-01-01T00:55:34Z
order_00003336,batch_0004,trader_0016,ETH-USD,BUY,1993.5,904,2026-01-01T00:55:35Z
order_00003337,batch_0004,trader_0010,ETH-USD,SELL,1893.94,704,2026-01-01T00:55:36Z
order_00003338,batch_0004,trader_0014,ETH-USD,BUY,2155.92,221,2026-01-01T00:55:37Z
order_00003339,batch_0004,trader_0022,ETH-USD,BUY,1929.28,791,2026-01-01T00:55:38Z
order_00003340,batch_0004,trader_0014,ETH-USD,BUY,2123.61,401,2026-01-01T00:55:39Z
order_00003341,batch_0004,trader_0016,ETH-USD,BUY,1821.85,935,2026-01-01T00:55:40Z
order_00003342,batch_0004,trader_0002,ETH-USD,SELL,2054.51,348,2026-01-01T00:55:41Z
order_00003343,batch_0004,trader_0006,ETH-USD,BUY,1888.52,420,2026-01-01T00:55:42Z
order_00003344,batch_0004,trader_0020,ETH-USD,SELL,2050.11,799,2026-01-01T00:55:43Z
order_00003345,batch_0004,trader_0001,ETH-USD,SELL,2041.98,133,2026-01-01T00:55:44Z
order_00003346,batch_0004,trader_0003,ETH-USD,SELL,2120.97,22,2026-01-01T00:55:45Z
order_00003347,batch_0004,trader_0025,ETH-USD,SELL,2164.89,342,2026-01-01T00:55:46Z
order_00003348,batch_0004,trader_0017,ETH-USD,SELL,2061.97,65,2026-01-01T00:55:47Z
order_00003349,batch_0004,trader_0006,ETH-USD,BUY,1879.38,549,2026-01-01T00:55:48Z
order_00003350,batch_0004,trader_0008,ETH-USD,SELL,2143.89,406,2026-01-01T00:55:49Z
order_00003351,batch_0004,trader_0011,ETH-USD,BUY,2164.26,166,2026-01-01T00:55:50Z
order_00003352,batch_0004,trader_0001,ETH-USD,BUY,2093.33,567,2026-01-01T00:55:51Z
order_00003353,batch_0004,trader_0017,ETH-USD,BUY,2102.05,21,2026-01-01T00:55:52Z
order_00003354,batch_0004,trader_0002,ETH-USD,BUY,2116.54,408,2026-01-01T00:55:53Z
order_00003355,batch_0004,trader_0021,ETH-USD,BUY,1809.7,309,2026-01-01T00:55:54Z
order_00003356,batch_0004,trader_0024,ETH-USD,SELL,1813.51,254,2026-01-01T00:55:55Z
order_00003357,batch_0004,trader_0013,ETH-USD,BUY,1951.14,803,2026-01-01T00:55:56Z
order_00003358,batch_0004,trader_0003,ETH-USD,BUY,2150.65,759,2026-01-01T00:55:57Z
order_00003359,batch_0004,trader_0025,ETH-USD,BUY,2088.85,517,2026-01-01T00:55:58Z
order_00003360,batch_0004,trader_0018,ETH-USD,SELL,1805.9,21,2026-01-01T00:55:59Z
order_00003361,batch_0004,trader_0019,ETH-USD,SELL,1838.22,156,2026-01-01T00:56:00Z
order_00003362,batch_0004,trader_0010,ETH-USD,SELL,2132.59,199,2026-01-01T00:56:01Z
order_00003363,batch_0004,trader_0001,ETH-USD,SELL,2004.94,436,2026-01-01T00:56:02Z
order_00003364,batch_0004,trader_0009,ETH-USD,BUY,1881.07,470,2026-01-01T00:56:03Z
order_00003365,batch_0004,trader_0010,ETH-USD,SELL,1988.56,591,2026-01-01T00:56:04Z
order_00003366,batch_0004,trader_0018,ETH-USD,BUY,2186.75,228,2026-01-01T00:56:05Z
order_00003367,batch_0004,trader_0018,ETH-USD,BUY,2163.07,292,2026-01-01T00:56:06Z
order_00003368,batch_0004,trader_0016,ETH-USD,SELL,1806.89,392,2026-01-01T00:56:07Z
order_00003369,batch_0004,trader_0018,ETH-USD,SELL,1949.1,975,2026-01-01T00:56:08Z
order_00003370,batch_0004,trader_0001,ETH-USD,SELL,1889.62,464,2026-01-01T00:56:09Z
order_00003371,batch_0004,trader_0016,ETH-USD,BUY,1978.83,238,2026-01-01T00:56:10Z
order_00003372,batch_0004,trader_0005,ETH-USD,SELL,1924.24,659,2026-01-01T00:56:11Z
order_00003373,batch_0004,trader_0018,ETH-USD,SELL,1833.45,1000,2026-01-01T00:56:12Z
order_00003374,batch_0004,trader_0019,ETH-USD,BUY,2176.84,886,2026-01-01T00:56:13Z
order_00003375,batch_0004,trader_0016,ETH-USD,BUY,1961.28,145,2026-01-01T00:56:14Z
order_00003376,batch_0004,trader_0008,ETH-USD,SELL,2026.66,860,2026-01-01T00:56:15Z
order_00003377,batch_0004,trader_0010,ETH-USD,BUY,1900.81,506,2026-01-01T00:56:16Z
order_00003378,batch_0004,trader_0011,ETH-USD,SELL,1860.24,855,2026-01-01T00:56:17Z
order_00003379,batch_0004,trader_0001,ETH-USD,SELL,1962.61,614,2026-01-01T00:56:18Z
order_00003380,batch_0004,trader_0016,ETH-USD,BUY,2102.02,215,2026-01-01T00:56:19Z
order_00003381,batch_0004,trader_0008,ETH-USD,SELL,2183.79,321,2026-01-01T00:56:20Z
order_00003382,batch_0004,trader_0018,ETH-USD,BUY,1993.2,726,2026-01-01T00:56:21Z
order_00003383,batch_0004,trader_0004,ETH-USD,SELL,1832.57,751,2026-01-01T00:56:22Z
order_00003384,batch_0004,trader_0025,ETH-USD,BUY,1950.27,80,2026-01-01T00:56:23Z
order_00003385,batch_0004,trader_0006,ETH-USD,BUY,2099.26,533,2026-01-01T00:56:24Z
order_00003386,batch_0004,trader_0002,ETH-USD,BUY,2188.77,891,2026-01-01T00:56:25Z
order_00003387,batch_0004,trader_0017,ETH-USD,SELL,1868.29,508,2026-01-01T00:56:26Z
order_00003388,batch_0004,trader_0014,ETH-USD,BUY,2149.69,767,2026-01-01T00:56:27Z
order_00003389,batch_0004,trader_0010,ETH-USD,BUY,1847.03,304,2026-01-01T00:56:28Z
order_00003390,batch_0004,trader_0017,ETH-USD,SELL,2070.67,902,2026-01-01T00:56:29Z
order_00003391,batch_0004,trader_0021,ETH-USD,BUY,1948.65,911,2026-01-01T00:56:30Z
order_00003392,batch_0004,trader_0007,ETH-USD,BUY,2009.3,298,2026-01-01T00:56:31Z
order_00003393,batch_0004,trader_0017,ETH-USD,SELL,2085.79,975,2026-01-01T00:56:32Z
order_00003394,batch_0004,trader_0011,ETH-USD,SELL,1985.15,484,2026-01-01T00:56:33Z
order_00003395,batch_0004,trader_0005,ETH-USD,SELL,2198.47,738,2026-01-01T00:56:34Z
order_00003396,batch_0004,trader_0001,ETH-USD,BUY,2131.76,733,2026-01-01T00:56:35Z
order_00003397,batch_0004,trader_0003,ETH-USD,BUY,1860.14,184,2026-01-01T00:56:36Z
order_00003398,batch_0004,trader_0007,ETH-USD,SELL,1924.74,6,2026-01-01T00:56:37Z
order_00003399,batch_0004,trader_0011,ETH-USD,BUY,2015.09,97,2026-01-01T00:56:38Z
order_00003400,batch_0004,trader_0006,ETH-USD,BUY,1987.48,640,2026-01-01T00:56:39Z
order_00003401,batch_0004,trader_0008,ETH-USD,BUY,2023.66,652,2026-01-01T00:56:40Z
order_00003402,batch_0004,trader_0009,ETH-USD,BUY,2171.15,15,2026-01-01T00:56:41Z
order_00003403,batch_0004,trader_0019,ETH-USD,BUY,2147.24,934,2026-01-01T00:56:42Z
order_00003404,batch_0004,trader_0013,ETH-USD,SELL,2049.8,377,2026-01-01T00:56:43Z
order_00003405,batch_0004,trader_0022,ETH-USD,SELL,2016.41,575,2026-01-01T00:56:44Z
order_00003406,batch_0004,trader_0024,ETH-USD,BUY,1860.97,607,2026-01-01T00:56:45Z
order_00003407,batch_0004,trader_0004,ETH-USD,BUY,1905.18,183,2026-01-01T00:56:46Z
order_00003408,batch_0004,trader_0025,ETH-USD,BUY,2034.93,535,2026-01-01T00:56:47Z
order_00003409,batch_0004,trader_0019,ETH-USD,BUY,2108.79,590,2026-01-01T00:56:48Z
order_00003410,batch_0004,trader_0020,ETH-USD,SELL,2122.92,990,2026-01-01T00:56:49Z
order_00003411,batch_0004,trader_0001,ETH-USD,SELL,1883.72,485,2026-01-01T00:56:50Z
order_00003412,batch_0004,trader_0020,ETH-USD,SELL,1836.54,222,2026-01-01T00:56:51Z
order_00003413,batch_0004,trader_0001,ETH-USD,BUY,1990.19,169,2026-01-01T00:56:52Z
order_00003414,batch_0004,trader_0005,ETH-USD,BUY,2187.94,918,2026-01-01T00:56:53Z
order_00003415,batch_0004,trader_0016,ETH-USD,SELL,1970.16,451,2026-01-01T00:56:54Z
order_00003416,batch_0004,trader_0008,ETH-USD,BUY,2104.0,513,2026-01-01T00:56:55Z
order_00003417,batch_0004,trader_0023,ETH-USD,SELL,2109.57,387,2026-01-01T00:56:56Z
order_00003418,batch_0004,trader_0011,ETH-USD,BUY,2135.46,320,2026-01-01T00:56:57Z
order_00003419,batch_0004,trader_0007,ETH-USD,SELL,2042.15,905,2026-01-01T00:56:58Z
order_00003420,batch_0004,trader_0009,ETH-USD,SELL,2053.51,969,2026-01-01T00:56:59Z
order_00003421,batch_0004,trader_0015,ETH-USD,SELL,1974.9,861,2026-01-01T00:57:00Z
order_00003422,batch_0004,trader_0004,ETH-USD,BUY,1900.22,808,2026-01-01T00:57:01Z
order_00003423,batch_0004,trader_0006,ETH-USD,SELL,2060.84,446,2026-01-01T00:57:02Z
order_00003424,batch_0004,trader_0025,ETH-USD,BUY,2142.15,375,2026-01-01T00:57:03Z
order_00003425,batch_0004,trader_0020,ETH-USD,SELL,1969.63,746,2026-01-01T00:57:04Z
order_00003426,batch_0004,trader_0013,ETH-USD,SELL,2175.76,943,2026-01-01T00:57:05Z
order_00003427,batch_0004,trader_0001,ETH-USD,BUY,2099.05,956,2026-01-01T00:57:06Z
order_00003428,batch_0004,trader_0001,ETH-USD,BUY,2010.4,370,2026-01-01T00:57:07Z
order_00003429,batch_0004,trader_0012,ETH-USD,SELL,1837.64,337,2026-01-01T00:57:08Z
order_00003430,batch_0004,trader_0020,ETH-USD,SELL,2168.63,515,2026-01-01T00:57:09Z
order_00003431,batch_0004,trader_0016,ETH-USD,BUY,1909.98,663,2026-01-01T00:57:10Z
order_00003432,batch_0004,trader_0009,ETH-USD,BUY,2081.71,713,2026-01-01T00:57:11Z
order_00003433,batch_0004,trader_0001,ETH-USD,SELL,2028.87,995,2026-01-01T00:57:12Z
order_00003434,batch_0004,trader_0020,ETH-USD,SELL,1988.32,950,2026-01-01T00:57:13Z
order_00003435,batch_0004,trader_0024,ETH-USD,SELL,1869.51,503,2026-01-01T00:57:14Z
order_00003436,batch_0004,trader_0004,ETH-USD,SELL,2018.23,769,2026-01-01T00:57:15Z
order_00003437,batch_0004,trader_0023,ETH-USD,BUY,2045.17,30,2026-01-01T00:57:16Z
order_00003438,batch_0004,trader_0005,ETH-USD,BUY,1870.76,754,2026-01-01T00:57:17Z
order_00003439,batch_0004,trader_0002,ETH-USD,BUY,2138.32,855,2026-01-01T00:57:18Z
order_00003440,batch_0004,trader_0004,ETH-USD,BUY,1824.93,728,2026-01-01T00:57:19Z
order_00003441,batch_0004,trader_0007,ETH-USD,SELL,2193.36,285,2026-01-01T00:57:20Z
order_00003442,batch_0004,trader_0022,ETH-USD,SELL,1806.67,756,2026-01-01T00:57:21Z
order_00003443,batch_0004,trader_0006,ETH-USD,SELL,2159.09,325,2026-01-01T00:57:22Z
order_00003444,batch_0004,trader_0012,ETH-USD,SELL,2088.85,601,2026-01-01T00:57:23Z
order_00003445,batch_0004,trader_0014,ETH-USD,SELL,2065.8,964,2026-01-01T00:57:24Z
order_00003446,batch_0004,trader_0007,ETH-USD,SELL,1824.59,686,2026-01-01T00:57:25Z
order_00003447,batch_0004,trader_0009,ETH-USD,SELL,1859.01,514,2026-01-01T00:57:26Z
order_00003448,batch_0004,trader_0020,ETH-USD,BUY,1817.8,455,2026-01-01T00:57:27Z
order_00003449,batch_0004,trader_0021,ETH-USD,BUY,1963.7,518,2026-01-01T00:57:28Z
order_00003450,batch_0004,trader_0010,ETH-USD,SELL,2176.44,858,2026-01-01T00:57:29Z
order_00003451,batch_0004,trader_0015,ETH-USD,BUY,1847.09,360,2026-01-01T00:57:30Z
order_00003452,batch_0004,trader_0015,ETH-USD,SELL,1834.44,714,2026-01-01T00:57:31Z
order_00003453,batch_0004,trader_0024,ETH-USD,BUY,1836.22,941,2026-01-01T00:57:32Z
order_00003454,batch_0004,trader_0001,ETH-USD,BUY,2036.46,326,2026-01-01T00:57:33Z
order_00003455,batch_0004,trader_0021,ETH-USD,SELL,1804.18,808,2026-01-01T00:57:34Z
order_00003456,batch_0004,trader_0008,ETH-USD,BUY,2150.88,84,2026-01-01T00:57:35Z
order_00003457,batch_0004,trader_0007,ETH-USD,BUY,2056.93,698,2026-01-01T00:57:36Z
order_00003458,batch_0004,trader_0002,ETH-USD,SELL,1853.09,756,2026-01-01T00:57:37Z
order_00003459,batch_0004,trader_0005,ETH-USD,BUY,1871.2,294,2026-01-01T00:57:38Z
order_00003460,batch_0004,trader_0007,ETH-USD,SELL,1890.38,424,2026-01-01T00:57:39Z
order_00003461,batch_0004,trader_0010,ETH-USD,BUY,1870.84,205,2026-01-01T00:57:40Z
order_00003462,batch_0004,trader_0016,ETH-USD,BUY,1905.82,451,2026-01-01T00:57:41Z
order_00003463,batch_0004,trader_0021,ETH-USD,BUY,1939.54,373,2026-01-01T00:57:42Z
order_00003464,batch_0004,trader_0006,ETH-USD,SELL,2052.41,850,2026-01-01T00:57:43Z
order_00003465,batch_0004,trader_0005,ETH-USD,BUY,2034.09,855,2026-01-01T00:57:44Z
order_00003466,batch_0004,trader_0014,ETH-USD,SELL,2197.5,216,2026-01-01T00:57:45Z
order_00003467,batch_0004,trader_0010,ETH-USD,BUY,2072.81,831,2026-01-01T00:57:46Z
order_00003468,batch_0004,trader_0018,ETH-USD,BUY,2187.4,717,2026-01-01T00:57:47Z
order_00003469,batch_0004,trader_0017,ETH-USD,SELL,1907.58,814,2026-01-01T00:57:48Z
order_00003470,batch_0004,trader_0009,ETH-USD,SELL,1887.3,265,2026-01-01T00:57:49Z
order_00003471,batch_0004,trader_0021,ETH-USD,BUY,2006.81,119,2026-01-01T00:57:50Z
order_00003472,batch_0004,trader_0011,ETH-USD,BUY,1986.9,144,2026-01-01T00:57:51Z
order_00003473,batch_0004,trader_0002,ETH-USD,BUY,2063.32,387,2026-01-01T00:57:52Z
order_00003474,batch_0004,trader_0001,ETH-USD,BUY,2051.79,108,2026-01-01T00:57:53Z
order_00003475,batch_0004,trader_0021,ETH-USD,BUY,1933.88,487,2026-01-01T00:57:54Z
order_00003476,batch_0004,trader_0010,ETH-USD,SELL,2165.26,192,2026-01-01T00:57:55Z
order_00003477,batch_0004,trader_0001,ETH-USD,BUY,1874.46,560,2026-01-01T00:57:56Z
order_00003478,batch_0004,trader_0019,ETH-USD,BUY,1982.58,632,2026-01-01T00:57:57Z
order_00003479,batch_0004,trader_0008,ETH-USD,SELL,1959.73,749,2026-01-01T00:57:58Z
order_00003480,batch_0004,trader_0016,ETH-USD,BUY,2040.38,383,2026-01-01T00:57:59Z
order_00003481,batch_0004,trader_0008,ETH-USD,SELL,1816.05,308,2026-01-01T00:58:00Z
order_00003482,batch_0004,trader_0004,ETH-USD,SELL,2170.75,923,2026-01-01T00:58:01Z
order_00003483,batch_0004,trader_0019,ETH-USD,BUY,1907.74,793,2026-01-01T00:58:02Z
order_00003484,batch_0004,trader_0006,ETH-USD,BUY,1865.61,30,2026-01-01T00:58:03Z
order_00003485,batch_0004,trader_0023,ETH-USD,SELL,2038.74,908,2026-01-01T00:58:04Z
order_00003486,batch_0004,trader_0019,ETH-USD,SELL,2180.6,204,2026-01-01T00:58:05Z
order_00003487,batch_0004,trader_0002,ETH-USD,SELL,2065.36,134,2026-01-01T00:58:06Z
order_00003488,batch_0004,trader_0005,ETH-USD,SELL,2117.15,317,2026-01-01T00:58:07Z
order_00003489,batch_0004,trader_0015,ETH-USD,SELL,1958.4,470,2026-01-01T00:58:08Z
order_00003490,batch_0004,trader_0006,ETH-USD,BUY,1880.16,152,2026-01-01T00:58:09Z
order_00003491,batch_0004,trader_0007,ETH-USD,BUY,1873.84,83,2026-01-01T00:58:10Z
order_00003492,batch_0004,trader_0022,ETH-USD,BUY,1897.89,742,2026-01-01T00:58:11Z
order_00003493,batch_0004,trader_0016,ETH-USD,SELL,1949.7,795,2026-01-01T00:58:12Z
order_00003494,batch_0004,trader_0022,ETH-USD,BUY,1988.32,103,2026-01-01T00:58:13Z
order_00003495,batch_0004,trader_0022,ETH-USD,BUY,2165.13,218,2026-01-01T00:58:14Z
order_00003496,batch_0004,trader_0025,ETH-USD,BUY,2082.49,475,2026-01-01T00:58:15Z
order_00003497,batch_0004,trader_0025,ETH-USD,SELL,1851.4,397,2026-01-01T00:58:16Z
order_00003498,batch_0004,trader_0010,ETH-USD,SELL,2109.3,410,2026-01-01T00:58:17Z
order_00003499,batch_0004,trader_0020,ETH-USD,SELL,2149.07,748,2026-01-01T00:58:18Z
order_00003500,batch_0004,trader_0022,ETH-USD,BUY,1938.75,74,2026-01-01T00:58:19Z
order_00003501,batch_0004,trader_0020,ETH-USD,SELL,1810.76,601,2026-01-01T00:58:20Z
order_00003502,batch_0004,trader_0011,ETH-USD,BUY,1947.65,241,2026-01-01T00:58:21Z
order_00003503,batch_0004,trader_0025,ETH-USD,SELL,2044.23,2,2026-01-01T00:58:22Z
order_00003504,batch_0004,trader_0005,ETH-USD,BUY,2058.23,80,2026-01-01T00:58:23Z
order_00003505,batch_0004,trader_0014,ETH-USD,BUY,1884.49,46,2026-01-01T00:58:24Z
order_00003506,batch_0004,trader_0014,ETH-USD,BUY,2061.62,394,2026-01-01T00:58:25Z
order_00003507,batch_0004,trader_0016,ETH-USD,BUY,1954.73,319,2026-01-01T00:58:26Z
order_00003508,batch_0004,trader_0006,ETH-USD,BUY,2182.01,982,2026-01-01T00:58:27Z
order_00003509,batch_0004,trader_0004,ETH-USD,BUY,2006.94,699,2026-01-01T00:58:28Z
order_00003510,batch_0004,trader_0024,ETH-USD,BUY,1938.51,85,2026-01-01T00:58:29Z
order_00003511,batch_0004,trader_0001,ETH-USD,BUY,1961.79,884,2026-01-01T00:58:30Z
order_00003512,batch_0004,trader_0013,ETH-USD,BUY,2029.87,132,2026-01-01T00:58:31Z
order_00003513,batch_0004,trader_0022,ETH-USD,SELL,1994.46,12,2026-01-01T00:58:32Z
order_00003514,batch_0004,trader_0014,ETH-USD,BUY,1821.8,790,2026-01-01T00:58:33Z
order_00003515,batch_0004,trader_0015,ETH-USD,BUY,1846.38,650,2026-01-01T00:58:34Z
order_00003516,batch_0004,trader_0011,ETH-USD,SELL,1989.42,800,2026-01-01T00:58:35Z
order_00003517,batch_0004,trader_0006,ETH-USD,SELL,1945.94,996,2026-01-01T00:58:36Z
order_00003518,batch_0004,trader_0022,ETH-USD,SELL,2103.84,545,2026-01-01T00:58:37Z
order_00003519,batch_0004,trader_0023,ETH-USD,BUY,1934.85,8,2026-01-01T00:58:38Z
order_00003520,batch_0004,trader_0020,ETH-USD,SELL,2005.96,203,2026-01-01T00:58:39Z
order_00003521,batch_0004,trader_0015,ETH-USD,SELL,1973.96,466,2026-01-01T00:58:40Z
order_00003522,batch_0004,trader_0015,ETH-USD,BUY,2147.16,125,2026-01-01T00:58:41Z
order_00003523,batch_0004,trader_0012,ETH-USD,BUY,2039.73,911,2026-01-01T00:58:42Z
order_00003524,batch_0004,trader_0025,ETH-USD,BUY,2070.0,346,2026-01-01T00:58:43Z
order_00003525,batch_0004,trader_0010,ETH-USD,SELL,1906.89,556,2026-01-01T00:58:44Z
order_00003526,batch_0004,trader_0010,ETH-USD,BUY,1978.71,18,2026-01-01T00:58:45Z
order_00003527,batch_0004,trader_0024,ETH-USD,SELL,1844.67,611,2026-01-01T00:58:46Z
order_00003528,batch_0004,trader_0006,ETH-USD,BUY,1958.49,757,2026-01-01T00:58:47Z
order_00003529,batch_0004,trader_0005,ETH-USD,BUY,1850.42,97,2026-01-01T00:58:48Z
order_00003530,batch_0004,trader_0012,ETH-USD,SELL,2157.09,442,2026-01-01T00:58:49Z
order_00003531,batch_0004,trader_0024,ETH-USD,SELL,2046.9,706,2026-01-01T00:58:50Z
order_00003532,batch_0004,trader_0003,ETH-USD,SELL,1983.37,583,2026-01-01T00:58:51Z
order_00003533,batch_0004,trader_0024,ETH-USD,BUY,1858.7,40,2026-01-01T00:58:52Z
order_00003534,batch_0004,trader_0017,ETH-USD,SELL,1840.45,904,2026-01-01T00:58:53Z
order_00003535,batch_0004,trader_0021,ETH-USD,SELL,1935.11,81,2026-01-01T00:58:54Z
order_00003536,batch_0004,trader_0006,ETH-USD,SELL,1960.3,433,2026-01-01T00:58:55Z
order_00003537,batch_0004,trader_0024,ETH-USD,SELL,2088.64,264,2026-01-01T00:58:56Z
order_00003538,batch_0004,trader_0004,ETH-USD,SELL,2164.94,857,2026-01-01T00:58:57Z
order_00003539,batch_0004,trader_0010,ETH-USD,SELL,1904.39,585,2026-01-01T00:58:58Z
order_00003540,batch_0004,trader_0008,ETH-USD,SELL,2141.7,553,2026-01-01T00:58:59Z
order_00003541,batch_0004,trader_0016,ETH-USD,SELL,1949.69,51,2026-01-01T00:59:00Z
order_00003542,batch_0004,trader_0024,ETH-USD,BUY,1974.78,958,2026-01-01T00:59:01Z
order_00003543,batch_0004,trader_0022,ETH-USD,SELL,1910.74,191,2026-01-01T00:59:02Z
order_00003544,batch_0004,trader_0022,ETH-USD,BUY,2163.9,409,2026-01-01T00:59:03Z
order_00003545,batch_0004,trader_0001,ETH-USD,BUY,1962.87,6,2026-01-01T00:59:04Z
order_00003546,batch_0004,trader_0009,ETH-USD,SELL,1851.91,673,2026-01-01T00:59:05Z
order_00003547,batch_0004,trader_0011,ETH-USD,BUY,2190.36,810,2026-01-01T00:59:06Z
order_00003548,batch_0004,trader_0011,ETH-USD,BUY,1807.23,231,2026-01-01T00:59:07Z
order_00003549,batch_0004,trader_0023,ETH-USD,BUY,1915.13,627,2026-01-01T00:59:08Z
order_00003550,batch_0004,trader_0021,ETH-USD,SELL,2035.17,472,2026-01-01T00:59:09Z
order_00003551,batch_0004,trader_0018,ETH-USD,SELL,1955.62,555,2026-01-01T00:59:10Z
order_00003552,batch_0004,trader_0015,ETH-USD,BUY,1927.86,349,2026-01-01T00:59:11Z
order_00003553,batch_0004,trader_0007,ETH-USD,BUY,2097.03,875,2026-01-01T00:59:12Z
order_00003554,batch_0004,trader_0009,ETH-USD,SELL,2069.19,175,2026-01-01T00:59:13Z
order_00003555,batch_0004,trader_0003,ETH-USD,BUY,2140.92,677,2026-01-01T00:59:14Z
order_00003556,batch_0004,trader_0003,ETH-USD,SELL,2193.98,575,2026-01-01T00:59:15Z
order_00003557,batch_0004,trader_0010,ETH-USD,BUY,1947.68,543,2026-01-01T00:59:16Z
order_00003558,batch_0004,trader_0001,ETH-USD,SELL,2069.8,463,2026-01-01T00:59:17Z
order_00003559,batch_0004,trader_0012,ETH-USD,BUY,1866.69,599,2026-01-01T00:59:18Z
order_00003560,batch_0004,trader_0001,ETH-USD,SELL,2198.33,426,2026-01-01T00:59:19Z
order_00003561,batch_0004,trader_0016,ETH-USD,SELL,2022.58,291,2026-01-01T00:59:20Z
order_00003562,batch_0004,trader_0005,ETH-USD,SELL,2168.47,385,2026-01-01T00:59:21Z
order_00003563,batch_0004,trader_0004,ETH-USD,BUY,2139.87,972,2026-01-01T00:59:22Z
order_00003564,batch_0004,trader_0019,ETH-USD,BUY,2196.85,217,2026-01-01T00:59:23Z
order_00003565,batch_0004,trader_0025,ETH-USD,BUY,1863.65,886,2026-01-01T00:59:24Z
order_00003566,batch_0004,trader_0012,ETH-USD,SELL,2020.03,411,2026-01-01T00:59:25Z
order_00003567,batch_0004,trader_0009,ETH-USD,SELL,2160.18,429,2026-01-01T00:59:26Z
order_00003568,batch_0004,trader_0022,ETH-USD,BUY,2052.11,372,2026-01-01T00:59:27Z
order_00003569,batch_0004,trader_0021,ETH-USD,SELL,2053.25,984,2026-01-01T00:59:28Z
order_00003570,batch_0004,trader_0008,ETH-USD,BUY,2013.0,549,2026-01-01T00:59:29Z
order_00003571,batch_0004,trader_0010,ETH-USD,SELL,2102.73,507,2026-01-01T00:59:30Z
order_00003572,batch_0004,trader_0006,ETH-USD,SELL,1862.79,461,2026-01-01T00:59:31Z
order_00003573,batch_0004,trader_0011,ETH-USD,BUY,2013.07,4,2026-01-01T00:59:32Z
order_00003574,batch_0004,trader_0004,ETH-USD,SELL,1868.91,672,2026-01-01T00:59:33Z
order_00003575,batch_0004,trader_0014,ETH-USD,BUY,1967.24,669,2026-01-01T00:59:34Z
order_00003576,batch_0004,trader_0008,ETH-USD,BUY,1811.62,652,2026-01-01T00:59:35Z
order_00003577,batch_0004,trader_0003,ETH-USD,BUY,2001.34,635,2026-01-01T00:59:36Z
order_00003578,batch_0004,trader_0001,ETH-USD,SELL,1963.51,750,2026-01-01T00:59:37Z
order_00003579,batch_0004,trader_0021,ETH-USD,BUY,1866.58,256,2026-01-01T00:59:38Z
order_00003580,batch_0004,trader_0001,ETH-USD,BUY,2180.74,94,2026-01-01T00:59:39Z
order_00003581,batch_0004,trader_0013,ETH-USD,SELL,2115.95,905,2026-01-01T00:59:40Z
order_00003582,batch_0004,trader_0006,ETH-USD,SELL,1877.21,885,2026-01-01T00:59:41Z
order_00003583,batch_0004,trader_0006,ETH-USD,BUY,2149.86,741,2026-01-01T00:59:42Z
order_00003584,batch_0004,trader_0011,ETH-USD,BUY,2168.55,730,2026-01-01T00:59:43Z
order_00003585,batch_0004,trader_0007,ETH-USD,BUY,2157.78,67,2026-01-01T00:59:44Z
order_00003586,batch_0004,trader_0020,ETH-USD,SELL,1898.02,471,2026-01-01T00:59:45Z
order_00003587,batch_0004,trader_0015,ETH-USD,BUY,2118.7,248,2026-01-01T00:59:46Z
order_00003588,batch_0004,trader_0011,ETH-USD,SELL,2121.47,114,2026-01-01T00:59:47Z
order_00003589,batch_0004,trader_0015,ETH-USD,SELL,1863.71,931,2026-01-01T00:59:48Z
order_00003590,batch_0004,trader_0002,ETH-USD,SELL,1802.75,72,2026-01-01T00:59:49Z
order_00003591,batch_0004,trader_0016,ETH-USD,SELL,2146.83,417,2026-01-01T00:59:50Z
order_00003592,batch_0004,trader_0009,ETH-USD,SELL,2113.22,73,2026-01-01T00:59:51Z
order_00003593,batch_0004,trader_0025,ETH-USD,SELL,1848.39,551,2026-01-01T00:59:52Z
order_00003594,batch_0004,trader_0015,ETH-USD,SELL,2085.91,547,2026-01-01T00:59:53Z
order_00003595,batch_0004,trader_0013,ETH-USD,BUY,1823.91,744,2026-01-01T00:59:54Z
order_00003596,batch_0004,trader_0012,ETH-USD,SELL,2107.5,743,2026-01-01T00:59:55Z
order_00003597,batch_0004,trader_0021,ETH-USD,BUY,2004.62,950,2026-01-01T00:59:56Z
order_00003598,batch_0004,trader_0005,ETH-USD,BUY,1849.62,807,2026-01-01T00:59:57Z
order_00003599,batch_0004,trader_0025,ETH-USD,SELL,2130.09,777,2026-01-01T00:59:58Z
order_00003600,batch_0004,trader_0014,ETH-USD,SELL,1867.58,740,2026-01-01T00:59:59Z
order_00003601,batch_0004,trader_0016,ETH-USD,SELL,2165.19,146,2026-01-01T01:00:00Z
order_00003602,batch_0004,trader_0023,ETH-USD,BUY,1932.01,100,2026-01-01T01:00:01Z
order_00003603,batch_0004,trader_0025,ETH-USD,BUY,2083.63,921,2026-01-01T01:00:02Z
order_00003604,batch_0004,trader_0023,ETH-USD,BUY,1936.98,267,2026-01-01T01:00:03Z
order_00003605,batch_0004,trader_0009,ETH-USD,BUY,1980.15,807,2026-01-01T01:00:04Z
order_00003606,batch_0004,trader_0005,ETH-USD,SELL,1814.3,609,2026-01-01T01:00:05Z
order_00003607,batch_0004,trader_0012,ETH-USD,BUY,1810.38,296,2026-01-01T01:00:06Z
order_00003608,batch_0004,trader_0023,ETH-USD,SELL,1916.49,731,2026-01-01T01:00:07Z
order_00003609,batch_0004,trader_0023,ETH-USD,BUY,1921.9,650,2026-01-01T01:00:08Z
order_00003610,batch_0004,trader_0023,ETH-USD,BUY,1861.78,302,2026-01-01T01:00:09Z
order_00003611,batch_0004,trader_0013,ETH-USD,BUY,1916.93,623,2026-01-01T01:00:10Z
order_00003612,batch_0004,trader_0007,ETH-USD,BUY,1811.2,234,2026-01-01T01:00:11Z
order_00003613,batch_0004,trader_0009,ETH-USD,SELL,2033.69,152,2026-01-01T01:00:12Z
order_00003614,batch_0004,trader_0017,ETH-USD,BUY,2098.18,521,2026-01-01T01:00:13Z
order_00003615,batch_0004,trader_0012,ETH-USD,BUY,2160.0,634,2026-01-01T01:00:14Z
order_00003616,batch_0004,trader_0011,ETH-USD,SELL,2141.04,602,2026-01-01T01:00:15Z
order_00003617,batch_0004,trader_0016,ETH-USD,SELL,2146.16,388,2026-01-01T01:00:16Z
order_00003618,batch_0004,trader_0006,ETH-USD,SELL,2010.09,892,2026-01-01T01:00:17Z
order_00003619,batch_0004,trader_0003,ETH-USD,BUY,1805.69,389,2026-01-01T01:00:18Z
order_00003620,batch_0004,trader_0005,ETH-USD,BUY,1882.57,317,2026-01-01T01:00:19Z
order_00003621,batch_0004,trader_0004,ETH-USD,BUY,2091.5,797,2026-01-01T01:00:20Z
order_00003622,batch_0004,trader_0019,ETH-USD,SELL,1999.52,366,2026-01-01T01:00:21Z
order_00003623,batch_0004,trader_0024,ETH-USD,SELL,1804.88,929,2026-01-01T01:00:22Z
order_00003624,batch_0004,trader_0008,ETH-USD,SELL,2115.07,802,2026-01-01T01:00:23Z
order_00003625,batch_0004,trader_0013,ETH-USD,SELL,2065.7,373,2026-01-01T01:00:24Z
order_00003626,batch_0004,trader_0003,ETH-USD,SELL,1931.81,975,2026-01-01T01:00:25Z
order_00003627,batch_0004,trader_0024,ETH-USD,BUY,2013.9,985,2026-01-01T01:00:26Z
order_00003628,batch_0004,trader_0002,ETH-USD,SELL,2188.17,82,2026-01-01T01:00:27Z
order_00003629,batch_0004,trader_0009,ETH-USD,BUY,1899.19,536,2026-01-01T01:00:28Z
order_00003630,batch_0004,trader_0021,ETH-USD,SELL,2075.88,188,2026-01-01T01:00:29Z
order_00003631,batch_0004,trader_0015,ETH-USD,SELL,2075.85,234,2026-01-01T01:00:30Z
order_00003632,batch_0004,trader_0009,ETH-USD,BUY,1906.31,624,2026-01-01T01:00:31Z
order_00003633,batch_0004,trader_0003,ETH-USD,BUY,2093.33,195,2026-01-01T01:00:32Z
order_00003634,batch_0004,trader_0002,ETH-USD,SELL,2009.02,136,2026-01-01T01:00:33Z
order_00003635,batch_0004,trader_0019,ETH-USD,BUY,2034.27,250,2026-01-01T01:00:34Z
order_00003636,batch_0004,trader_0002,ETH-USD,BUY,2014.77,101,2026-01-01T01:00:35Z
order_00003637,batch_0004,trader_0016,ETH-USD,BUY,1829.22,650,2026-01-01T01:00:36Z
order_00003638,batch_0004,trader_0004,ETH-USD,BUY,1990.41,86,2026-01-01T01:00:37Z
order_00003639,batch_0004,trader_0010,ETH-USD,SELL,2039.32,221,2026-01-01T01:00:38Z
order_00003640,batch_0004,trader_0004,ETH-USD,SELL,1971.9,596,2026-01-01T01:00:39Z
order_00003641,batch_0004,trader_0007,ETH-USD,SELL,2110.96,454,2026-01-01T01:00:40Z
order_00003642,batch_0004,trader_0015,ETH-USD,SELL,2045.77,651,2026-01-01T01:00:41Z
order_00003643,batch_0004,trader_0020,ETH-USD,SELL,2101.82,258,2026-01-01T01:00:42Z
order_00003644,batch_0004,trader_0017,ETH-USD,BUY,1870.61,647,2026-01-01T01:00:43Z
order_00003645,batch_0004,trader_0010,ETH-USD,BUY,2180.57,291,2026-01-01T01:00:44Z
order_00003646,batch_0004,trader_0009,ETH-USD,BUY,1899.61,545,2026-01-01T01:00:45Z
order_00003647,batch_0004,trader_0015,ETH-USD,SELL,1923.52,516,2026-01-01T01:00:46Z
order_00003648,batch_0004,trader_0016,ETH-USD,BUY,2178.28,775,2026-01-01T01:00:47Z
order_00003649,batch_0004,trader_0016,ETH-USD,BUY,2189.74,915,2026-01-01T01:00:48Z
order_00003650,batch_0004,trader_0014,ETH-USD,BUY,1826.22,184,2026-01-01T01:00:49Z
order_00003651,batch_0004,trader_0015,ETH-USD,SELL,2170.12,97,2026-01-01T01:00:50Z
order_00003652,batch_0004,trader_0006,ETH-USD,BUY,2015.44,704,2026-01-01T01:00:51Z
order_00003653,batch_0004,trader_0007,ETH-USD,BUY,2105.14,112,2026-01-01T01:00:52Z
order_00003654,batch_0004,trader_0017,ETH-USD,BUY,1928.01,313,2026-01-01T01:00:53Z
order_00003655,batch_0004,trader_0020,ETH-USD,BUY,1920.02,702,2026-01-01T01:00:54Z
order_00003656,batch_0004,trader_0006,ETH-USD,BUY,1861.84,689,2026-01-01T01:00:55Z
order_00003657,batch_0004,trader_0006,ETH-USD,BUY,2114.32,406,2026-01-01T01:00:56Z
order_00003658,batch_0004,trader_0017,ETH-USD,SELL,1930.27,161,2026-01-01T01:00:57Z
order_00003659,batch_0004,trader_0014,ETH-USD,SELL,2038.09,670,2026-01-01T01:00:58Z
order_00003660,batch_0004,trader_0009,ETH-USD,SELL,1891.49,276,2026-01-01T01:00:59Z
order_00003661,batch_0004,trader_0012,ETH-USD,BUY,2133.78,877,2026-01-01T01:01:00Z
order_00003662,batch_0004,trader_0024,ETH-USD,BUY,2090.68,342,2026-01-01T01:01:01Z
order_00003663,batch_0004,trader_0013,ETH-USD,BUY,1970.12,316,2026-01-01T01:01:02Z
order_00003664,batch_0004,trader_0013,ETH-USD,SELL,2104.89,6,2026-01-01T01:01:03Z
order_00003665,batch_0004,trader_0005,ETH-USD,BUY,1941.44,419,2026-01-01T01:01:04Z
order_00003666,batch_0004,trader_0023,ETH-USD,SELL,1909.68,786,2026-01-01T01:01:05Z
order_00003667,batch_0004,trader_0010,ETH-USD,BUY,2086.67,678,2026-01-01T01:01:06Z
order_00003668,batch_0004,trader_0013,ETH-USD,SELL,1928.74,25,2026-01-01T01:01:07Z
order_00003669,batch_0004,trader_0007,ETH-USD,BUY,2095.61,574,2026-01-01T01:01:08Z
order_00003670,batch_0004,trader_0004,ETH-USD,SELL,2142.56,451,2026-01-01T01:01:09Z
order_00003671,batch_0004,trader_0016,ETH-USD,BUY,1930.19,165,2026-01-01T01:01:10Z
order_00003672,batch_0004,trader_0002,ETH-USD,SELL,1987.95,608,2026-01-01T01:01:11Z
order_00003673,batch_0004,trader_0023,ETH-USD,SELL,2075.12,400,2026-01-01T01:01:12Z
order_00003674,batch_0004,trader_0019,ETH-USD,BUY,2194.77,287,2026-01-01T01:01:13Z
order_00003675,batch_0004,trader_0011,ETH-USD,BUY,1822.45,104,2026-01-01T01:01:14Z
order_00003676,batch_0004,trader_0010,ETH-USD,BUY,1975.25,379,2026-01-01T01:01:15Z
order_00003677,batch_0004,trader_0003,ETH-USD,BUY,2152.34,138,2026-01-01T01:01:16Z
order_00003678,batch_0004,trader_0005,ETH-USD,BUY,2092.98,794,2026-01-01T01:01:17Z
order_00003679,batch_0004,trader_0007,ETH-USD,SELL,1919.54,604,2026-01-01T01:01:18Z
order_00003680,batch_0004,trader_0019,ETH-USD,SELL,1898.09,449,2026-01-01T01:01:19Z
order_00003681,batch_0004,trader_0017,ETH-USD,SELL,1904.29,677,2026-01-01T01:01:20Z
order_00003682,batch_0004,trader_0025,ETH-USD,SELL,1808.74,707,2026-01-01T01:01:21Z
order_00003683,batch_0004,trader_0023,ETH-USD,SELL,2114.36,892,2026-01-01T01:01:22Z
order_00003684,batch_0004,trader_0025,ETH-USD,SELL,2141.37,981,2026-01-01T01:01:23Z
order_00003685,batch_0004,trader_0011,ETH-USD,BUY,1885.93,906,2026-01-01T01:01:24Z
order_00003686,batch_0004,trader_0007,ETH-USD,BUY,1944.88,472,2026-01-01T01:01:25Z
order_00003687,batch_0004,trader_0020,ETH-USD,SELL,1903.61,721,2026-01-01T01:01:26Z
order_00003688,batch_0004,trader_0021,ETH-USD,SELL,1856.11,24,2026-01-01T01:01:27Z
order_00003689,batch_0004,trader_0002,ETH-USD,BUY,2122.43,406,2026-01-01T01:01:28Z
order_00003690,batch_0004,trader_0017,ETH-USD,SELL,2165.19,62,2026-01-01T01:01:29Z
order_00003691,batch_0004,trader_0002,ETH-USD,BUY,1974.88,580,2026-01-01T01:01:30Z
order_00003692,batch_0004,trader_0018,ETH-USD,SELL,2119.31,895,2026-01-01T01:01:31Z
order_00003693,batch_0004,trader_0003,ETH-USD,BUY,1933.5,589,2026-01-01T01:01:32Z
order_00003694,batch_0004,trader_0018,ETH-USD,SELL,1836.86,579,2026-01-01T01:01:33Z
order_00003695,batch_0004,trader_0017,ETH-USD,SELL,1863.29,545,2026-01-01T01:01:34Z
order_00003696,batch_0004,trader_0015,ETH-USD,SELL,2029.57,90,2026-01-01T01:01:35Z
order_00003697,batch_0004,trader_0025,ETH-USD,SELL,2100.76,196,2026-01-01T01:01:36Z
order_00003698,batch_0004,trader_0015,ETH-USD,SELL,1910.75,838,2026-01-01T01:01:37Z
order_00003699,batch_0004,trader_0011,ETH-USD,SELL,1860.88,757,2026-01-01T01:01:38Z
order_00003700,batch_0004,trader_0015,ETH-USD,BUY,2030.09,664,2026-01-01T01:01:39Z
order_00003701,batch_0004,trader_0014,ETH-USD,SELL,2095.78,710,2026-01-01T01:01:40Z
order_00003702,batch_0004,trader_0001,ETH-USD,SELL,2029.9,412,2026-01-01T01:01:41Z
order_00003703,batch_0004,trader_0008,ETH-USD,SELL,1807.55,400,2026-01-01T01:01:42Z
order_00003704,batch_0004,trader_0008,ETH-USD,BUY,1903.54,155,2026-01-01T01:01:43Z
order_00003705,batch_0004,trader_0015,ETH-USD,SELL,1930.65,787,2026-01-01T01:01:44Z
order_00003706,batch_0004,trader_0019,ETH-USD,SELL,2107.97,206,2026-01-01T01:01:45Z
order_00003707,batch_0004,trader_0019,ETH-USD,SELL,2152.12,915,2026-01-01T01:01:46Z
order_00003708,batch_0004,trader_0010,ETH-USD,BUY,1859.31,792,2026-01-01T01:01:47Z
order_00003709,batch_0004,trader_0002,ETH-USD,BUY,2013.37,27,2026-01-01T01:01:48Z
order_00003710,batch_0004,trader_0003,ETH-USD,SELL,1939.41,554,2026-01-01T01:01:49Z
order_00003711,batch_0004,trader_0022,ETH-USD,BUY,2171.39,323,2026-01-01T01:01:50Z
order_00003712,batch_0004,trader_0009,ETH-USD,BUY,1865.32,311,2026-01-01T01:01:51Z
order_00003713,batch_0004,trader_0012,ETH-USD,BUY,1886.89,942,2026-01-01T01:01:52Z
order_00003714,batch_0004,trader_0015,ETH-USD,BUY,2159.55,899,2026-01-01T01:01:53Z
order_00003715,batch_0004,trader_0015,ETH-USD,BUY,1950.05,971,2026-01-01T01:01:54Z
order_00003716,batch_0004,trader_0013,ETH-USD,SELL,2095.97,875,2026-01-01T01:01:55Z
order_00003717,batch_0004,trader_0007,ETH-USD,BUY,1959.67,450,2026-01-01T01:01:56Z
order_00003718,batch_0004,trader_0003,ETH-USD,SELL,2125.8,605,2026-01-01T01:01:57Z
order_00003719,batch_0004,trader_0024,ETH-USD,SELL,2165.31,519,2026-01-01T01:01:58Z
order_00003720,batch_0004,trader_0004,ETH-USD,SELL,2102.64,167,2026-01-01T01:01:59Z
order_00003721,batch_0004,trader_0024,ETH-USD,SELL,2041.94,759,2026-01-01T01:02:00Z
order_00003722,batch_0004,trader_0003,ETH-USD,SELL,1876.39,426,2026-01-01T01:02:01Z
order_00003723,batch_0004,trader_0017,ETH-USD,SELL,1991.19,369,2026-01-01T01:02:02Z
order_00003724,batch_0004,trader_0013,ETH-USD,BUY,1806.46,468,2026-01-01T01:02:03Z
order_00003725,batch_0004,trader_0004,ETH-USD,SELL,2184.63,410,2026-01-01T01:02:04Z
order_00003726,batch_0004,trader_0003,ETH-USD,BUY,1923.99,969,2026-01-01T01:02:05Z
order_00003727,batch_0004,trader_0008,ETH-USD,BUY,2060.8,869,2026-01-01T01:02:06Z
order_00003728,batch_0004,trader_0013,ETH-USD,SELL,2060.17,87,2026-01-01T01:02:07Z
order_00003729,batch_0004,trader_0009,ETH-USD,SELL,2180.52,17,2026-01-01T01:02:08Z
order_00003730,batch_0004,trader_0005,ETH-USD,SELL,1929.31,919,2026-01-01T01:02:09Z
order_00003731,batch_0004,trader_0005,ETH-USD,SELL,2025.83,182,2026-01-01T01:02:10Z
order_00003732,batch_0004,trader_0025,ETH-USD,SELL,2078.03,144,2026-01-01T01:02:11Z
order_00003733,batch_0004,trader_0024,ETH-USD,BUY,2120.95,611,2026-01-01T01:02:12Z
order_00003734,batch_0004,trader_0006,ETH-USD,SELL,2047.02,381,2026-01-01T01:02:13Z
order_00003735,batch_0004,trader_0005,ETH-USD,BUY,2174.52,179,2026-01-01T01:02:14Z
order_00003736,batch_0004,trader_0012,ETH-USD,SELL,2067.47,830,2026-01-01T01:02:15Z
order_00003737,batch_0004,trader_0001,ETH-USD,SELL,2114.62,113,2026-01-01T01:02:16Z
order_00003738,batch_0004,trader_0012,ETH-USD,BUY,1961.46,314,2026-01-01T01:02:17Z
order_00003739,batch_0004,trader_0001,ETH-USD,SELL,2048.77,272,2026-01-01T01:02:18Z
order_00003740,batch_0004,trader_0016,ETH-USD,SELL,1811.4,340,2026-01-01T01:02:19Z
order_00003741,batch_0004,trader_0014,ETH-USD,BUY,1857.74,893,2026-01-01T01:02:20Z
order_00003742,batch_0004,trader_0024,ETH-USD,BUY,2105.0,387,2026-01-01T01:02:21Z
order_00003743,batch_0004,trader_0012,ETH-USD,SELL,1840.05,162,2026-01-01T01:02:22Z
order_00003744,batch_0004,trader_0003,ETH-USD,SELL,1967.95,95,2026-01-01T01:02:23Z
order_00003745,batch_0004,trader_0014,ETH-USD,BUY,1985.77,488,2026-01-01T01:02:24Z
order_00003746,batch_0004,trader_0020,ETH-USD,SELL,1976.17,550,2026-01-01T01:02:25Z
order_00003747,batch_0004,trader_0016,ETH-USD,SELL,1924.57,1,2026-01-01T01:02:26Z
order_00003748,batch_0004,trader_0022,ETH-USD,SELL,1851.28,264,2026-01-01T01:02:27Z
order_00003749,batch_0004,trader_0023,ETH-USD,SELL,2045.44,980,2026-01-01T01:02:28Z
order_00003750,batch_0004,trader_0019,ETH-USD,BUY,2099.49,505,2026-01-01T01:02:29Z
order_00003751,batch_0004,trader_0005,ETH-USD,BUY,2005.89,225,2026-01-01T01:02:30Z
order_00003752,batch_0004,trader_0023,ETH-USD,BUY,2097.27,85,2026-01-01T01:02:31Z
order_00003753,batch_0004,trader_0008,ETH-USD,BUY,2046.01,909,2026-01-01T01:02:32Z
order_00003754,batch_0004,trader_0010,ETH-USD,BUY,2092.01,190,2026-01-01T01:02:33Z
order_00003755,batch_0004,trader_0019,ETH-USD,BUY,1984.86,998,2026-01-01T01:02:34Z
order_00003756,batch_0004,trader_0009,ETH-USD,SELL,2195.06,592,2026-01-01T01:02:35Z
order_00003757,batch_0004,trader_0012,ETH-USD,SELL,1931.18,135,2026-01-01T01:02:36Z
order_00003758,batch_0004,trader_0002,ETH-USD,SELL,2094.56,594,2026-01-01T01:02:37Z
order_00003759,batch_0004,trader_0002,ETH-USD,SELL,1954.01,819,2026-01-01T01:02:38Z
order_00003760,batch_0004,trader_0021,ETH-USD,SELL,1805.73,187,2026-01-01T01:02:39Z
order_00003761,batch_0004,trader_0013,ETH-USD,BUY,1895.13,814,2026-01-01T01:02:40Z
order_00003762,batch_0004,trader_0012,ETH-USD,BUY,1992.31,586,2026-01-01T01:02:41Z
order_00003763,batch_0004,trader_0019,ETH-USD,BUY,2126.8,891,2026-01-01T01:02:42Z
order_00003764,batch_0004,trader_0009,ETH-USD,BUY,1981.28,220,2026-01-01T01:02:43Z
order_00003765,batch_0004,trader_0021,ETH-USD,SELL,2097.98,121,2026-01-01T01:02:44Z
order_00003766,batch_0004,trader_0006,ETH-USD,SELL,1934.94,947,2026-01-01T01:02:45Z
order_00003767,batch_0004,trader_0025,ETH-USD,BUY,2148.79,827,2026-01-01T01:02:46Z
order_00003768,batch_0004,trader_0011,ETH-USD,SELL,1838.6,680,2026-01-01T01:02:47Z
order_00003769,batch_0004,trader_0012,ETH-USD,SELL,1825.25,270,2026-01-01T01:02:48Z
order_00003770,batch_0004,trader_0005,ETH-USD,BUY,2185.9,27,2026-01-01T01:02:49Z
order_00003771,batch_0004,trader_0004,ETH-USD,BUY,1982.97,999,2026-01-01T01:02:50Z
order_00003772,batch_0004,trader_0012,ETH-USD,BUY,1918.29,730,2026-01-01T01:02:51Z
order_00003773,batch_0004,trader_0003,ETH-USD,BUY,2021.32,447,2026-01-01T01:02:52Z
order_00003774,batch_0004,trader_0013,ETH-USD,SELL,2001.89,996,2026-01-01T01:02:53Z
order_00003775,batch_0004,trader_0007,ETH-USD,SELL,2199.42,907,2026-01-01T01:02:54Z
order_00003776,batch_0004,trader_0001,ETH-USD,BUY,1888.74,697,2026-01-01T01:02:55Z
order_00003777,batch_0004,trader_0020,ETH-USD,BUY,1941.57,763,2026-01-01T01:02:56Z
order_00003778,batch_0004,trader_0017,ETH-USD,SELL,2143.97,577,2026-01-01T01:02:57Z
order_00003779,batch_0004,trader_0008,ETH-USD,BUY,1945.06,546,2026-01-01T01:02:58Z
order_00003780,batch_0004,trader_0006,ETH-USD,SELL,1866.7,544,2026-01-01T01:02:59Z
order_00003781,batch_0004,trader_0020,ETH-USD,BUY,2053.96,170,2026-01-01T01:03:00Z
order_00003782,batch_0004,trader_0005,ETH-USD,BUY,2100.44,953,2026-01-01T01:03:01Z
order_00003783,batch_0004,trader_0007,ETH-USD,SELL,2043.87,979,2026-01-01T01:03:02Z
order_00003784,batch_0004,trader_0013,ETH-USD,BUY,2187.66,983,2026-01-01T01:03:03Z
order_00003785,batch_0004,trader_0014,ETH-USD,BUY,2008.7,923,2026-01-01T01:03:04Z
order_00003786,batch_0004,trader_0024,ETH-USD,SELL,1928.77,480,2026-01-01T01:03:05Z
order_00003787,batch_0004,trader_0023,ETH-USD,SELL,1829.95,1,2026-01-01T01:03:06Z
order_00003788,batch_0004,trader_0024,ETH-USD,SELL,1883.5,320,2026-01-01T01:03:07Z
order_00003789,batch_0004,trader_0025,ETH-USD,SELL,1826.73,983,2026-01-01T01:03:08Z
order_00003790,batch_0004,trader_0006,ETH-USD,BUY,1992.37,148,2026-01-01T01:03:09Z
order_00003791,batch_0004,trader_0008,ETH-USD,SELL,2190.58,827,2026-01-01T01:03:10Z
order_00003792,batch_0004,trader_0013,ETH-USD,BUY,2058.43,164,2026-01-01T01:03:11Z
order_00003793,batch_0004,trader_0003,ETH-USD,SELL,2133.73,255,2026-01-01T01:03:12Z
order_00003794,batch_0004,trader_0013,ETH-USD,BUY,1910.49,972,2026-01-01T01:03:13Z
order_00003795,batch_0004,trader_0022,ETH-USD,BUY,2034.37,758,2026-01-01T01:03:14Z
order_00003796,batch_0004,trader_0009,ETH-USD,BUY,1856.96,455,2026-01-01T01:03:15Z
order_00003797,batch_0004,trader_0017,ETH-USD,SELL,2054.7,12,2026-01-01T01:03:16Z
order_00003798,batch_0004,trader_0020,ETH-USD,BUY,2108.66,106,2026-01-01T01:03:17Z
order_00003799,batch_0004,trader_0004,ETH-USD,BUY,1975.31,677,2026-01-01T01:03:18Z
order_00003800,batch_0004,trader_0003,ETH-USD,SELL,1981.75,625,2026-01-01T01:03:19Z
order_00003801,batch_0004,trader_0011,ETH-USD,SELL,2164.2,773,2026-01-01T01:03:20Z
order_00003802,batch_0004,trader_0013,ETH-USD,SELL,2195.18,973,2026-01-01T01:03:21Z
order_00003803,batch_0004,trader_0015,ETH-USD,SELL,1845.14,262,2026-01-01T01:03:22Z
order_00003804,batch_0004,trader_0023,ETH-USD,BUY,2150.5,173,2026-01-01T01:03:23Z
order_00003805,batch_0004,trader_0008,ETH-USD,SELL,2103.38,499,2026-01-01T01:03:24Z
order_00003806,batch_0004,trader_0020,ETH-USD,SELL,2199.04,91,2026-01-01T01:03:25Z
order_00003807,batch_0004,trader_0022,ETH-USD,SELL,1945.02,886,2026-01-01T01:03:26Z
order_00003808,batch_0004,trader_0014,ETH-USD,BUY,2185.3,719,2026-01-01T01:03:27Z
order_00003809,batch_0004,trader_0009,ETH-USD,BUY,2146.07,108,2026-01-01T01:03:28Z
order_00003810,batch_0004,trader_0009,ETH-USD,SELL,1910.35,751,2026-01-01T01:03:29Z
order_00003811,batch_0004,trader_0009,ETH-USD,SELL,1967.86,337,2026-01-01T01:03:30Z
order_00003812,batch_0004,trader_0023,ETH-USD,SELL,1805.17,86,2026-01-01T01:03:31Z
order_00003813,batch_0004,trader_0008,ETH-USD,SELL,2034.31,249,2026-01-01T01:03:32Z
order_00003814,batch_0004,trader_0025,ETH-USD,SELL,1906.3,682,2026-01-01T01:03:33Z
order_00003815,batch_0004,trader_0019,ETH-USD,SELL,2024.27,500,2026-01-01T01:03:34Z
order_00003816,batch_0004,trader_0022,ETH-USD,BUY,2148.16,532,2026-01-01T01:03:35Z
order_00003817,batch_0004,trader_0021,ETH-USD,BUY,1843.12,617,2026-01-01T01:03:36Z
order_00003818,batch_0004,trader_0025,ETH-USD,SELL,1837.97,590,2026-01-01T01:03:37Z
order_00003819,batch_0004,trader_0020,ETH-USD,BUY,2069.04,595,2026-01-01T01:03:38Z
order_00003820,batch_0004,trader_0002,ETH-USD,BUY,2087.32,404,2026-01-01T01:03:39Z
order_00003821,batch_0004,trader_0015,ETH-USD,BUY,1976.1,808,2026-01-01T01:03:40Z
order_00003822,batch_0004,trader_0013,ETH-USD,SELL,1814.91,536,2026-01-01T01:03:41Z
order_00003823,batch_0004,trader_0014,ETH-USD,SELL,2097.75,644,2026-01-01T01:03:42Z
order_00003824,batch_0004,trader_0006,ETH-USD,SELL,1886.42,27,2026-01-01T01:03:43Z
order_00003825,batch_0004,trader_0010,ETH-USD,BUY,1931.58,969,2026-01-01T01:03:44Z
order_00003826,batch_0004,trader_0015,ETH-USD,SELL,1811.35,822,2026-01-01T01:03:45Z
order_00003827,batch_0004,trader_0022,ETH-USD,SELL,1943.44,260,2026-01-01T01:03:46Z
order_00003828,batch_0004,trader_0009,ETH-USD,BUY,2186.24,997,2026-01-01T01:03:47Z
order_00003829,batch_0004,trader_0023,ETH-USD,BUY,1929.8,49,2026-01-01T01:03:48Z
order_00003830,batch_0004,trader_0006,ETH-USD,SELL,2107.44,270,2026-01-01T01:03:49Z
order_00003831,batch_0004,trader_0021,ETH-USD,BUY,2145.39,790,2026-01-01T01:03:50Z
order_00003832,batch_0004,trader_0025,ETH-USD,BUY,2101.33,411,2026-01-01T01:03:51Z
order_00003833,batch_0004,trader_0003,ETH-USD,SELL,1999.93,865,2026-01-01T01:03:52Z
order_00003834,batch_0004,trader_0008,ETH-USD,BUY,2015.29,632,2026-01-01T01:03:53Z
order_00003835,batch_0004,trader_0024,ETH-USD,BUY,1840.52,314,2026-01-01T01:03:54Z
order_00003836,batch_0004,trader_0016,ETH-USD,BUY,1925.17,416,2026-01-01T01:03:55Z
order_00003837,batch_0004,trader_0009,ETH-USD,SELL,1953.08,775,2026-01-01T01:03:56Z
order_00003838,batch_0004,trader_0015,ETH-USD,SELL,1940.24,498,2026-01-01T01:03:57Z
order_00003839,batch_0004,trader_0006,ETH-USD,SELL,1863.69,773,2026-01-01T01:03:58Z
order_00003840,batch_0004,trader_0010,ETH-USD,BUY,1875.92,115,2026-01-01T01:03:59Z
order_00003841,batch_0004,trader_0010,ETH-USD,SELL,2056.92,718,2026-01-01T01:04:00Z
order_00003842,batch_0004,trader_0020,ETH-USD,SELL,1871.16,552,2026-01-01T01:04:01Z
order_00003843,batch_0004,trader_0023,ETH-USD,SELL,1837.35,204,2026-01-01T01:04:02Z
order_00003844,batch_0004,trader_0009,ETH-USD,SELL,2065.28,898,2026-01-01T01:04:03Z
order_00003845,batch_0004,trader_0013,ETH-USD,BUY,2013.13,349,2026-01-01T01:04:04Z
order_00003846,batch_0004,trader_0024,ETH-USD,BUY,1841.45,395,2026-01-01T01:04:05Z
order_00003847,batch_0004,trader_0020,ETH-USD,SELL,2119.39,909,2026-01-01T01:04:06Z
order_00003848,batch_0004,trader_0008,ETH-USD,SELL,1929.53,85,2026-01-01T01:04:07Z
order_00003849,batch_0004,trader_0005,ETH-USD,BUY,1898.36,42,2026-01-01T01:04:08Z
order_00003850,batch_0004,trader_0008,ETH-USD,SELL,1810.54,281,2026-01-01T01:04:09Z
order_00003851,batch_0004,trader_0008,ETH-USD,SELL,1898.14,225,2026-01-01T01:04:10Z
order_00003852,batch_0004,trader_0001,ETH-USD,BUY,1886.39,832,2026-01-01T01:04:11Z
order_00003853,batch_0004,trader_0020,ETH-USD,BUY,1808.31,988,2026-01-01T01:04:12Z
order_00003854,batch_0004,trader_0018,ETH-USD,BUY,1965.81,450,2026-01-01T01:04:13Z
order_00003855,batch_0004,trader_0017,ETH-USD,SELL,1964.93,197,2026-01-01T01:04:14Z
order_00003856,batch_0004,trader_0013,ETH-USD,SELL,2030.18,643,2026-01-01T01:04:15Z
order_00003857,batch_0004,trader_0012,ETH-USD,SELL,2118.72,724,2026-01-01T01:04:16Z
order_00003858,batch_0004,trader_0012,ETH-USD,SELL,1972.53,270,2026-01-01T01:04:17Z
order_00003859,batch_0004,trader_0018,ETH-USD,SELL,1893.88,960,2026-01-01T01:04:18Z
order_00003860,batch_0004,trader_0011,ETH-USD,BUY,2077.28,982,2026-01-01T01:04:19Z
order_00003861,batch_0004,trader_0018,ETH-USD,SELL,1898.76,720,2026-01-01T01:04:20Z
order_00003862,batch_0004,trader_0017,ETH-USD,SELL,2192.4,99,2026-01-01T01:04:21Z
order_00003863,batch_0004,trader_0020,ETH-USD,SELL,1925.39,549,2026-01-01T01:04:22Z
order_00003864,batch_0004,trader_0021,ETH-USD,BUY,2087.03,357,2026-01-01T01:04:23Z
order_00003865,batch_0004,trader_0015,ETH-USD,SELL,2194.03,841,2026-01-01T01:04:24Z
order_00003866,batch_0004,trader_0020,ETH-USD,BUY,1821.28,857,2026-01-01T01:04:25Z
order_00003867,batch_0004,trader_0006,ETH-USD,BUY,1974.47,606,2026-01-01T01:04:26Z
order_00003868,batch_0004,trader_0002,ETH-USD,BUY,2023.6,460,2026-01-01T01:04:27Z
order_00003869,batch_0004,trader_0005,ETH-USD,SELL,2147.03,489,2026-01-01T01:04:28Z
order_00003870,batch_0004,trader_0024,ETH-USD,BUY,1826.17,363,2026-01-01T01:04:29Z
order_00003871,batch_0004,trader_0024,ETH-USD,BUY,2178.94,259,2026-01-01T01:04:30Z
order_00003872,batch_0004,trader_0023,ETH-USD,BUY,1996.32,613,2026-01-01T01:04:31Z
order_00003873,batch_0004,trader_0007,ETH-USD,SELL,2194.48,137,2026-01-01T01:04:32Z
order_00003874,batch_0004,trader_0022,ETH-USD,SELL,2015.36,318,2026-01-01T01:04:33Z
order_00003875,batch_0004,trader_0017,ETH-USD,BUY,2027.94,239,2026-01-01T01:04:34Z
order_00003876,batch_0004,trader_0022,ETH-USD,SELL,2106.52,148,2026-01-01T01:04:35Z
order_00003877,batch_0004,trader_0020,ETH-USD,SELL,1802.71,884,2026-01-01T01:04:36Z
order_00003878,batch_0004,trader_0004,ETH-USD,BUY,1943.34,773,2026-01-01T01:04:37Z
order_00003879,batch_0004,trader_0017,ETH-USD,SELL,2045.54,73,2026-01-01T01:04:38Z
order_00003880,batch_0004,trader_0008,ETH-USD,BUY,2093.02,166,2026-01-01T01:04:39Z
order_00003881,batch_0004,trader_0006,ETH-USD,SELL,2103.53,793,2026-01-01T01:04:40Z
order_00003882,batch_0004,trader_0016,ETH-USD,SELL,2059.76,31,2026-01-01T01:04:41Z
order_00003883,batch_0004,trader_0013,ETH-USD,SELL,1835.64,340,2026-01-01T01:04:42Z
order_00003884,batch_0004,trader_0014,ETH-USD,SELL,2074.14,972,2026-01-01T01:04:43Z
order_00003885,batch_0004,trader_0011,ETH-USD,BUY,1855.4,486,2026-01-01T01:04:44Z
order_00003886,batch_0004,trader_0023,ETH-USD,BUY,1942.06,319,2026-01-01T01:04:45Z
order_00003887,batch_0004,trader_0006,ETH-USD,BUY,1999.87,259,2026-01-01T01:04:46Z
order_00003888,batch_0004,trader_0021,ETH-USD,BUY,1890.66,206,2026-01-01T01:04:47Z
order_00003889,batch_0004,trader_0004,ETH-USD,SELL,1980.69,348,2026-01-01T01:04:48Z
order_00003890,batch_0004,trader_0002,ETH-USD,SELL,2151.72,21,2026-01-01T01:04:49Z
order_00003891,batch_0004,trader_0004,ETH-USD,SELL,2073.08,61,2026-01-01T01:04:50Z
order_00003892,batch_0004,trader_0001,ETH-USD,BUY,2194.05,987,2026-01-01T01:04:51Z
order_00003893,batch_0004,trader_0019,ETH-USD,BUY,1922.51,394,2026-01-01T01:04:52Z
order_00003894,batch_0004,trader_0006,ETH-USD,SELL,1827.76,880,2026-01-01T01:04:53Z
order_00003895,batch_0004,trader_0018,ETH-USD,BUY,1999.28,636,2026-01-01T01:04:54Z
order_00003896,batch_0004,trader_0022,ETH-USD,BUY,1838.79,354,2026-01-01T01:04:55Z
order_00003897,batch_0004,trader_0006,ETH-USD,SELL,1949.67,615,2026-01-01T01:04:56Z
order_00003898,batch_0004,trader_0025,ETH-USD,SELL,2138.39,724,2026-01-01T01:04:57Z
order_00003899,batch_0004,trader_0015,ETH-USD,BUY,2125.74,153,2026-01-01T01:04:58Z
order_00003900,batch_0004,trader_0004,ETH-USD,BUY,2174.12,40,2026-01-01T01:04:59Z
order_00003901,batch_0004,trader_0004,ETH-USD,SELL,2174.01,320,2026-01-01T01:05:00Z
order_00003902,batch_0004,trader_0006,ETH-USD,BUY,2036.04,185,2026-01-01T01:05:01Z
order_00003903,batch_0004,trader_0005,ETH-USD,SELL,1877.26,510,2026-01-01T01:05:02Z
order_00003904,batch_0004,trader_0015,ETH-USD,SELL,1934.96,943,2026-01-01T01:05:03Z
order_00003905,batch_0004,trader_0015,ETH-USD,SELL,2132.71,562,2026-01-01T01:05:04Z
order_00003906,batch_0004,trader_0011,ETH-USD,SELL,2021.78,685,2026-01-01T01:05:05Z
order_00003907,batch_0004,trader_0016,ETH-USD,BUY,1895.78,145,2026-01-01T01:05:06Z
order_00003908,batch_0004,trader_0002,ETH-USD,BUY,1816.64,414,2026-01-01T01:05:07Z
order_00003909,batch_0004,trader_0022,ETH-USD,SELL,1992.17,944,2026-01-01T01:05:08Z
order_00003910,batch_0004,trader_0017,ETH-USD,SELL,2036.45,860,2026-01-01T01:05:09Z
order_00003911,batch_0004,trader_0017,ETH-USD,BUY,1928.22,671,2026-01-01T01:05:10Z
order_00003912,batch_0004,trader_0013,ETH-USD,SELL,2012.77,720,2026-01-01T01:05:11Z
order_00003913,batch_0004,trader_0011,ETH-USD,SELL,1880.37,659,2026-01-01T01:05:12Z
order_00003914,batch_0004,trader_0021,ETH-USD,BUY,1879.22,782,2026-01-01T01:05:13Z
order_00003915,batch_0004,trader_0016,ETH-USD,BUY,1950.83,446,2026-01-01T01:05:14Z
order_00003916,batch_0004,trader_0016,ETH-USD,BUY,1928.61,107,2026-01-01T01:05:15Z
order_00003917,batch_0004,trader_0025,ETH-USD,SELL,1999.05,314,2026-01-01T01:05:16Z
order_00003918,batch_0004,trader_0017,ETH-USD,BUY,2079.56,701,2026-01-01T01:05:17Z
order_00003919,batch_0004,trader_0010,ETH-USD,SELL,2178.71,193,2026-01-01T01:05:18Z
order_00003920,batch_0004,trader_0018,ETH-USD,SELL,2160.11,766,2026-01-01T01:05:19Z
order_00003921,batch_0004,trader_0018,ETH-USD,BUY,2095.7,322,2026-01-01T01:05:20Z
order_00003922,batch_0004,trader_0007,ETH-USD,BUY,1921.18,990,2026-01-01T01:05:21Z
order_00003923,batch_0004,trader_0022,ETH-USD,BUY,1820.97,551,2026-01-01T01:05:22Z
order_00003924,batch_0004,trader_0006,ETH-USD,SELL,2003.35,757,2026-01-01T01:05:23Z
order_00003925,batch_0004,trader_0007,ETH-USD,SELL,2079.67,698,2026-01-01T01:05:24Z
order_00003926,batch_0004,trader_0008,ETH-USD,BUY,1874.28,973,2026-01-01T01:05:25Z
order_00003927,batch_0004,trader_0016,ETH-USD,SELL,2085.61,75,2026-01-01T01:05:26Z
order_00003928,batch_0004,trader_0002,ETH-USD,BUY,2045.21,656,2026-01-01T01:05:27Z
order_00003929,batch_0004,trader_0004,ETH-USD,SELL,2160.13,211,2026-01-01T01:05:28Z
order_00003930,batch_0004,trader_0022,ETH-USD,SELL,2161.76,5,2026-01-01T01:05:29Z
order_00003931,batch_0004,trader_0006,ETH-USD,SELL,1932.3,852,2026-01-01T01:05:30Z
order_00003932,batch_0004,trader_0013,ETH-USD,SELL,1891.35,847,2026-01-01T01:05:31Z
order_00003933,batch_0004,trader_0020,ETH-USD,BUY,2039.5,146,2026-01-01T01:05:32Z
order_00003934,batch_0004,trader_0022,ETH-USD,SELL,2168.87,904,2026-01-01T01:05:33Z
order_00003935,batch_0004,trader_0010,ETH-USD,SELL,2160.84,885,2026-01-01T01:05:34Z
order_00003936,batch_0004,trader_0009,ETH-USD,BUY,2061.33,900,2026-01-01T01:05:35Z
order_00003937,batch_0004,trader_0014,ETH-USD,BUY,1966.35,11,2026-01-01T01:05:36Z
order_00003938,batch_0004,trader_0025,ETH-USD,BUY,2160.43,863,2026-01-01T01:05:37Z
order_00003939,batch_0004,trader_0023,ETH-USD,BUY,1804.17,615,2026-01-01T01:05:38Z
order_00003940,batch_0004,trader_0005,ETH-USD,BUY,2106.85,713,2026-01-01T01:05:39Z
order_00003941,batch_0004,trader_0004,ETH-USD,SELL,1828.21,229,2026-01-01T01:05:40Z
order_00003942,batch_0004,trader_0003,ETH-USD,BUY,2116.48,924,2026-01-01T01:05:41Z
order_00003943,batch_0004,trader_0024,ETH-USD,BUY,1866.95,336,2026-01-01T01:05:42Z
order_00003944,batch_0004,trader_0023,ETH-USD,BUY,2086.01,698,2026-01-01T01:05:43Z
order_00003945,batch_0004,trader_0019,ETH-USD,BUY,1914.58,550,2026-01-01T01:05:44Z
order_00003946,batch_0004,trader_0007,ETH-USD,BUY,1847.76,780,2026-01-01T01:05:45Z
order_00003947,batch_0004,trader_0007,ETH-USD,SELL,2138.58,569,2026-01-01T01:05:46Z
order_00003948,batch_0004,trader_0004,ETH-USD,BUY,1987.58,37,2026-01-01T01:05:47Z
order_00003949,batch_0004,trader_0006,ETH-USD,BUY,2133.24,39,2026-01-01T01:05:48Z
order_00003950,batch_0004,trader_0008,ETH-USD,BUY,2122.56,711,2026-01-01T01:05:49Z
order_00003951,batch_0004,trader_0005,ETH-USD,BUY,1975.24,380,2026-01-01T01:05:50Z
order_00003952,batch_0004,trader_0017,ETH-USD,BUY,1816.42,788,2026-01-01T01:05:51Z
order_00003953,batch_0004,trader_0024,ETH-USD,SELL,2107.42,194,2026-01-01T01:05:52Z
order_00003954,batch_0004,trader_0005,ETH-USD,BUY,1805.68,583,2026-01-01T01:05:53Z
order_00003955,batch_0004,trader_0006,ETH-USD,BUY,1900.32,974,2026-01-01T01:05:54Z
order_00003956,batch_0004,trader_0002,ETH-USD,BUY,2160.63,206,2026-01-01T01:05:55Z
order_00003957,batch_0004,trader_0017,ETH-USD,BUY,2178.73,157,2026-01-01T01:05:56Z
order_00003958,batch_0004,trader_0011,ETH-USD,BUY,2050.89,189,2026-01-01T01:05:57Z
order_00003959,batch_0004,trader_0015,ETH-USD,SELL,1810.12,450,2026-01-01T01:05:58Z
order_00003960,batch_0004,trader_0010,ETH-USD,BUY,2040.66,252,2026-01-01T01:05:59Z
order_00003961,batch_0004,trader_0011,ETH-USD,SELL,2018.85,147,2026-01-01T01:06:00Z
order_00003962,batch_0004,trader_0017,ETH-USD,BUY,1826.05,702,2026-01-01T01:06:01Z
order_00003963,batch_0004,trader_0024,ETH-USD,SELL,2088.19,634,2026-01-01T01:06:02Z
order_00003964,batch_0004,trader_0004,ETH-USD,SELL,1815.37,380,2026-01-01T01:06:03Z
order_00003965,batch_0004,trader_0019,ETH-USD,SELL,1952.49,7,2026-01-01T01:06:04Z
order_00003966,batch_0004,trader_0004,ETH-USD,BUY,2107.48,397,2026-01-01T01:06:05Z
order_00003967,batch_0004,trader_0019,ETH-USD,SELL,2051.31,781,2026-01-01T01:06:06Z
order_00003968,batch_0004,trader_0016,ETH-USD,SELL,2059.55,21,2026-01-01T01:06:07Z
order_00003969,batch_0004,trader_0022,ETH-USD,SELL,1954.42,661,2026-01-01T01:06:08Z
order_00003970,batch_0004,trader_0008,ETH-USD,SELL,2164.1,461,2026-01-01T01:06:09Z
order_00003971,batch_0004,trader_0021,ETH-USD,SELL,1900.02,628,2026-01-01T01:06:10Z
order_00003972,batch_0004,trader_0015,ETH-USD,BUY,2159.43,942,2026-01-01T01:06:11Z
order_00003973,batch_0004,trader_0010,ETH-USD,SELL,1889.54,369,2026-01-01T01:06:12Z
order_00003974,batch_0004,trader_0013,ETH-USD,SELL,2185.22,179,2026-01-01T01:06:13Z
order_00003975,batch_0004,trader_0024,ETH-USD,SELL,1864.13,904,2026-01-01T01:06:14Z
order_00003976,batch_0004,trader_0002,ETH-USD,BUY,1919.94,825,2026-01-01T01:06:15Z
order_00003977,batch_0004,trader_0008,ETH-USD,BUY,2151.92,728,2026-01-01T01:06:16Z
order_00003978,batch_0004,trader_0012,ETH-USD,SELL,2136.05,129,2026-01-01T01:06:17Z
order_00003979,batch_0004,trader_0014,ETH-USD,BUY,1968.46,416,2026-01-01T01:06:18Z
order_00003980,batch_0004,trader_0013,ETH-USD,BUY,1977.56,464,2026-01-01T01:06:19Z
order_00003981,batch_0004,trader_0013,ETH-USD,BUY,1930.4,346,2026-01-01T01:06:20Z
order_00003982,batch_0004,trader_0007,ETH-USD,BUY,1882.37,543,2026-01-01T01:06:21Z
order_00003983,batch_0004,trader_0024,ETH-USD,SELL,1877.84,583,2026-01-01T01:06:22Z
order_00003984,batch_0004,trader_0015,ETH-USD,SELL,1945.37,634,2026-01-01T01:06:23Z
order_00003985,batch_0004,trader_0012,ETH-USD,SELL,2116.83,783,2026-01-01T01:06:24Z
order_00003986,batch_0004,trader_0016,ETH-USD,SELL,1957.13,219,2026-01-01T01:06:25Z
order_00003987,batch_0004,trader_0025,ETH-USD,BUY,1980.93,668,2026-01-01T01:06:26Z
order_00003988,batch_0004,trader_0007,ETH-USD,SELL,1820.35,423,2026-01-01T01:06:27Z
order_00003989,batch_0004,trader_0013,ETH-USD,BUY,1862.69,912,2026-01-01T01:06:28Z
order_00003990,batch_0004,trader_0015,ETH-USD,SELL,1872.13,443,2026-01-01T01:06:29Z
order_00003991,batch_0004,trader_0022,ETH-USD,BUY,1954.39,212,2026-01-01T01:06:30Z
order_00003992,batch_0004,trader_0025,ETH-USD,BUY,2072.25,764,2026-01-01T01:06:31Z
order_00003993,batch_0004,trader_0007,ETH-USD,BUY,2030.03,412,2026-01-01T01:06:32Z
order_00003994,batch_0004,trader_0024,ETH-USD,BUY,1987.43,325,2026-01-01T01:06:33Z
order_00003995,batch_0004,trader_0020,ETH-USD,BUY,1994.67,954,2026-01-01T01:06:34Z
order_00003996,batch_0004,trader_0021,ETH-USD,SELL,2012.24,628,2026-01-01T01:06:35Z
order_00003997,batch_0004,trader_0003,ETH-USD,SELL,1838.83,693,2026-01-01T01:06:36Z
order_00003998,batch_0004,trader_0002,ETH-USD,BUY,2168.07,9,2026-01-01T01:06:37Z
order_00003999,batch_0004,trader_0012,ETH-USD,BUY,1925.32,93,2026-01-01T01:06:38Z
order_00004000,batch_0004,trader_0010,ETH-USD,BUY,2183.18,155,2026-01-01T01:06:39Z
order_00004001,batch_0004,trader_0011,ETH-USD,SELL,2049.29,372,2026-01-01T01:06:40Z
order_00004002,batch_0004,trader_0011,ETH-USD,SELL,1978.65,849,2026-01-01T01:06:41Z
order_00004003,batch_0004,trader_0018,ETH-USD,SELL,1921.3,297,2026-01-01T01:06:42Z
order_00004004,batch_0004,trader_0014,ETH-USD,BUY,1860.81,902,2026-01-01T01:06:43Z
order_00004005,batch_0004,trader_0006,ETH-USD,BUY,2047.32,933,2026-01-01T01:06:44Z
order_00004006,batch_0004,trader_0009,ETH-USD,SELL,1987.83,644,2026-01-01T01:06:45Z
order_00004007,batch_0004,trader_0004,ETH-USD,SELL,1899.76,926,2026-01-01T01:06:46Z
order_00004008,batch_0004,trader_0004,ETH-USD,SELL,2163.67,151,2026-01-01T01:06:47Z
order_00004009,batch_0004,trader_0016,ETH-USD,SELL,2152.09,139,2026-01-01T01:06:48Z
order_00004010,batch_0004,trader_0019,ETH-USD,BUY,2106.86,175,2026-01-01T01:06:49Z
order_00004011,batch_0004,trader_0015,ETH-USD,SELL,1944.95,838,2026-01-01T01:06:50Z
order_00004012,batch_0004,trader_0001,ETH-USD,SELL,1978.93,187,2026-01-01T01:06:51Z
order_00004013,batch_0004,trader_0012,ETH-USD,SELL,2068.7,970,2026-01-01T01:06:52Z
order_00004014,batch_0004,trader_0003,ETH-USD,SELL,2154.6,88,2026-01-01T01:06:53Z
order_00004015,batch_0004,trader_0013,ETH-USD,BUY,1920.04,640,2026-01-01T01:06:54Z
order_00004016,batch_0004,trader_0022,ETH-USD,SELL,2197.16,114,2026-01-01T01:06:55Z
order_00004017,batch_0004,trader_0023,ETH-USD,BUY,1928.28,650,2026-01-01T01:06:56Z
order_00004018,batch_0004,trader_0020,ETH-USD,SELL,1833.23,806,2026-01-01T01:06:57Z
order_00004019,batch_0004,trader_0019,ETH-USD,SELL,1806.38,507,2026-01-01T01:06:58Z
order_00004020,batch_0004,trader_0009,ETH-USD,BUY,1946.09,174,2026-01-01T01:06:59Z
order_00004021,batch_0004,trader_0001,ETH-USD,BUY,2192.81,287,2026-01-01T01:07:00Z
order_00004022,batch_0004,trader_0021,ETH-USD,BUY,1866.75,928,2026-01-01T01:07:01Z
order_00004023,batch_0004,trader_0014,ETH-USD,BUY,1905.25,314,2026-01-01T01:07:02Z
order_00004024,batch_0004,trader_0025,ETH-USD,BUY,2100.0,280,2026-01-01T01:07:03Z
order_00004025,batch_0004,trader_0018,ETH-USD,SELL,1832.1,676,2026-01-01T01:07:04Z
order_00004026,batch_0004,trader_0020,ETH-USD,BUY,2191.3,893,2026-01-01T01:07:05Z
order_00004027,batch_0004,trader_0013,ETH-USD,BUY,1807.68,588,2026-01-01T01:07:06Z
order_00004028,batch_0004,trader_0002,ETH-USD,BUY,1952.01,482,2026-01-01T01:07:07Z
order_00004029,batch_0004,trader_0011,ETH-USD,SELL,2078.74,277,2026-01-01T01:07:08Z
order_00004030,batch_0004,trader_0014,ETH-USD,BUY,2141.45,525,2026-01-01T01:07:09Z
order_00004031,batch_0004,trader_0012,ETH-USD,BUY,1852.94,351,2026-01-01T01:07:10Z
order_00004032,batch_0004,trader_0010,ETH-USD,SELL,1877.16,566,2026-01-01T01:07:11Z
order_00004033,batch_0004,trader_0022,ETH-USD,BUY,1979.95,936,2026-01-01T01:07:12Z
order_00004034,batch_0004,trader_0017,ETH-USD,BUY,2165.34,683,2026-01-01T01:07:13Z
order_00004035,batch_0004,trader_0025,ETH-USD,SELL,2124.3,24,2026-01-01T01:07:14Z
order_00004036,batch_0004,trader_0003,ETH-USD,BUY,1870.84,77,2026-01-01T01:07:15Z
order_00004037,batch_0004,trader_0003,ETH-USD,BUY,1894.78,821,2026-01-01T01:07:16Z
order_00004038,batch_0004,trader_0024,ETH-USD,SELL,2089.24,10,2026-01-01T01:07:17Z
order_00004039,batch_0004,trader_0003,ETH-USD,SELL,2163.56,892,2026-01-01T01:07:18Z
order_00004040,batch_0004,trader_0015,ETH-USD,BUY,2186.26,642,2026-01-01T01:07:19Z
order_00004041,batch_0004,trader_0004,ETH-USD,SELL,2114.45,339,2026-01-01T01:07:20Z
order_00004042,batch_0004,trader_0007,ETH-USD,SELL,2081.66,58,2026-01-01T01:07:21Z
order_00004043,batch_0004,trader_0003,ETH-USD,SELL,1832.46,949,2026-01-01T01:07:22Z
order_00004044,batch_0004,trader_0022,ETH-USD,SELL,1801.54,94,2026-01-01T01:07:23Z
order_00004045,batch_0004,trader_0013,ETH-USD,BUY,2086.79,52,2026-01-01T01:07:24Z
order_00004046,batch_0004,trader_0007,ETH-USD,BUY,1877.06,543,2026-01-01T01:07:25Z
order_00004047,batch_0004,trader_0006,ETH-USD,SELL,2042.18,508,2026-01-01T01:07:26Z
order_00004048,batch_0004,trader_0002,ETH-USD,BUY,2070.46,750,2026-01-01T01:07:27Z
order_00004049,batch_0004,trader_0006,ETH-USD,BUY,1802.53,520,2026-01-01T01:07:28Z
order_00004050,batch_0004,trader_0018,ETH-USD,SELL,1857.56,270,2026-01-01T01:07:29Z
order_00004051,batch_0004,trader_0023,ETH-USD,SELL,2079.99,194,2026-01-01T01:07:30Z
order_00004052,batch_0004,trader_0011,ETH-USD,SELL,1874.82,193,2026-01-01T01:07:31Z
order_00004053,batch_0004,trader_0021,ETH-USD,SELL,1864.97,234,2026-01-01T01:07:32Z
order_00004054,batch_0004,trader_0017,ETH-USD,SELL,2040.62,304,2026-01-01T01:07:33Z
order_00004055,batch_0004,trader_0012,ETH-USD,SELL,1970.61,224,2026-01-01T01:07:34Z
order_00004056,batch_0004,trader_0022,ETH-USD,SELL,1802.79,544,2026-01-01T01:07:35Z
order_00004057,batch_0004,trader_0002,ETH-USD,BUY,1864.51,773,2026-01-01T01:07:36Z
order_00004058,batch_0004,trader_0002,ETH-USD,BUY,2161.08,353,2026-01-01T01:07:37Z
order_00004059,batch_0004,trader_0022,ETH-USD,SELL,1972.04,838,2026-01-01T01:07:38Z
order_00004060,batch_0004,trader_0024,ETH-USD,SELL,1978.37,734,2026-01-01T01:07:39Z
order_00004061,batch_0004,trader_0012,ETH-USD,SELL,2035.26,327,2026-01-01T01:07:40Z
order_00004062,batch_0004,trader_0003,ETH-USD,SELL,2071.28,621,2026-01-01T01:07:41Z
order_00004063,batch_0004,trader_0015,ETH-USD,SELL,2135.89,745,2026-01-01T01:07:42Z
order_00004064,batch_0004,trader_0016,ETH-USD,BUY,1992.18,831,2026-01-01T01:07:43Z
order_00004065,batch_0004,trader_0024,ETH-USD,BUY,1925.39,501,2026-01-01T01:07:44Z
order_00004066,batch_0004,trader_0023,ETH-USD,BUY,1868.22,602,2026-01-01T01:07:45Z
order_00004067,batch_0004,trader_0011,ETH-USD,BUY,2151.99,477,2026-01-01T01:07:46Z
order_00004068,batch_0004,trader_0013,ETH-USD,SELL,2178.09,867,2026-01-01T01:07:47Z
order_00004069,batch_0004,trader_0005,ETH-USD,BUY,1985.76,921,2026-01-01T01:07:48Z
order_00004070,batch_0004,trader_0001,ETH-USD,BUY,1954.23,769,2026-01-01T01:07:49Z
order_00004071,batch_0004,trader_0021,ETH-USD,SELL,1926.69,808,2026-01-01T01:07:50Z
order_00004072,batch_0004,trader_0022,ETH-USD,BUY,1805.58,375,2026-01-01T01:07:51Z
order_00004073,batch_0004,trader_0006,ETH-USD,SELL,2037.17,155,2026-01-01T01:07:52Z
order_00004074,batch_0004,trader_0005,ETH-USD,BUY,1956.52,17,2026-01-01T01:07:53Z
order_00004075,batch_0004,trader_0013,ETH-USD,BUY,1808.67,203,2026-01-01T01:07:54Z
order_00004076,batch_0004,trader_0018,ETH-USD,BUY,2182.08,850,2026-01-01T01:07:55Z
order_00004077,batch_0004,trader_0024,ETH-USD,BUY,1994.61,195,2026-01-01T01:07:56Z
order_00004078,batch_0004,trader_0006,ETH-USD,BUY,2178.93,446,2026-01-01T01:07:57Z
order_00004079,batch_0004,trader_0004,ETH-USD,BUY,1823.9,682,2026-01-01T01:07:58Z
order_00004080,batch_0004,trader_0020,ETH-USD,BUY,2082.41,332,2026-01-01T01:07:59Z
order_00004081,batch_0004,trader_0016,ETH-USD,BUY,2007.51,241,2026-01-01T01:08:00Z
order_00004082,batch_0004,trader_0010,ETH-USD,SELL,1996.2,427,2026-01-01T01:08:01Z
order_00004083,batch_0004,trader_0022,ETH-USD,SELL,2052.18,347,2026-01-01T01:08:02Z
order_00004084,batch_0004,trader_0005,ETH-USD,SELL,1848.74,627,2026-01-01T01:08:03Z
order_00004085,batch_0004,trader_0023,ETH-USD,SELL,2089.9,350,2026-01-01T01:08:04Z
order_00004086,batch_0004,trader_0016,ETH-USD,SELL,2026.13,379,2026-01-01T01:08:05Z
order_00004087,batch_0004,trader_0008,ETH-USD,BUY,1948.0,458,2026-01-01T01:08:06Z
order_00004088,batch_0004,trader_0011,ETH-USD,BUY,2075.31,335,2026-01-01T01:08:07Z
order_00004089,batch_0004,trader_0009,ETH-USD,SELL,2189.01,924,2026-01-01T01:08:08Z
order_00004090,batch_0004,trader_0023,ETH-USD,SELL,2117.53,592,2026-01-01T01:08:09Z
order_00004091,batch_0004,trader_0021,ETH-USD,BUY,2186.19,131,2026-01-01T01:08:10Z
order_00004092,batch_0004,trader_0019,ETH-USD,SELL,1891.57,934,2026-01-01T01:08:11Z
order_00004093,batch_0004,trader_0016,ETH-USD,SELL,2127.86,833,2026-01-01T01:08:12Z
order_00004094,batch_0004,trader_0017,ETH-USD,SELL,1807.76,912,2026-01-01T01:08:13Z
order_00004095,batch_0004,trader_0020,ETH-USD,SELL,2100.08,394,2026-01-01T01:08:14Z
order_00004096,batch_0004,trader_0020,ETH-USD,BUY,1996.38,542,2026-01-01T01:08:15Z
order_00004097,batch_0004,trader_0009,ETH-USD,SELL,2183.31,970,2026-01-01T01:08:16Z
order_00004098,batch_0004,trader_0025,ETH-USD,BUY,2110.97,399,2026-01-01T01:08:17Z
order_00004099,batch_0004,trader_0025,ETH-USD,BUY,1945.51,147,2026-01-01T01:08:18Z
order_00004100,batch_0004,trader_0001,ETH-USD,BUY,1889.33,253,2026-01-01T01:08:19Z
order_00004101,batch_0004,trader_0018,ETH-USD,BUY,2048.26,845,2026-01-01T01:08:20Z
order_00004102,batch_0004,trader_0016,ETH-USD,BUY,2182.67,280,2026-01-01T01:08:21Z
order_00004103,batch_0004,trader_0007,ETH-USD,SELL,2153.29,620,2026-01-01T01:08:22Z
order_00004104,batch_0004,trader_0020,ETH-USD,SELL,1875.28,662,2026-01-01T01:08:23Z
order_00004105,batch_0004,trader_0024,ETH-USD,SELL,2093.37,303,2026-01-01T01:08:24Z
order_00004106,batch_0004,trader_0010,ETH-USD,SELL,2119.54,537,2026-01-01T01:08:25Z
order_00004107,batch_0004,trader_0001,ETH-USD,BUY,1969.2,386,2026-01-01T01:08:26Z
order_00004108,batch_0004,trader_0001,ETH-USD,BUY,1857.62,210,2026-01-01T01:08:27Z
order_00004109,batch_0004,trader_0003,ETH-USD,BUY,2104.95,660,2026-01-01T01:08:28Z
order_00004110,batch_0004,trader_0005,ETH-USD,BUY,2163.92,795,2026-01-01T01:08:29Z
order_00004111,batch_0004,trader_0020,ETH-USD,BUY,2022.11,392,2026-01-01T01:08:30Z
order_00004112,batch_0004,trader_0009,ETH-USD,BUY,1843.1,322,2026-01-01T01:08:31Z
order_00004113,batch_0004,trader_0015,ETH-USD,BUY,2082.52,203,2026-01-01T01:08:32Z
order_00004114,batch_0004,trader_0001,ETH-USD,BUY,1851.41,601,2026-01-01T01:08:33Z
order_00004115,batch_0004,trader_0016,ETH-USD,BUY,1930.62,889,2026-01-01T01:08:34Z
order_00004116,batch_0004,trader_0013,ETH-USD,BUY,2132.72,323,2026-01-01T01:08:35Z
order_00004117,batch_0004,trader_0011,ETH-USD,SELL,1973.7,644,2026-01-01T01:08:36Z
order_00004118,batch_0004,trader_0025,ETH-USD,BUY,2045.23,335,2026-01-01T01:08:37Z
order_00004119,batch_0004,trader_0025,ETH-USD,BUY,1929.61,290,2026-01-01T01:08:38Z
order_00004120,batch_0004,trader_0024,ETH-USD,SELL,2004.68,905,2026-01-01T01:08:39Z
order_00004121,batch_0004,trader_0003,ETH-USD,SELL,1998.67,136,2026-01-01T01:08:40Z
order_00004122,batch_0004,trader_0023,ETH-USD,BUY,2009.11,105,2026-01-01T01:08:41Z
order_00004123,batch_0004,trader_0012,ETH-USD,BUY,1944.13,773,2026-01-01T01:08:42Z
order_00004124,batch_0004,trader_0003,ETH-USD,BUY,1937.43,423,2026-01-01T01:08:43Z
order_00004125,batch_0004,trader_0014,ETH-USD,BUY,1824.86,559,2026-01-01T01:08:44Z
order_00004126,batch_0004,trader_0018,ETH-USD,SELL,2077.83,406,2026-01-01T01:08:45Z
order_00004127,batch_0004,trader_0006,ETH-USD,SELL,1882.9,834,2026-01-01T01:08:46Z
order_00004128,batch_0004,trader_0008,ETH-USD,BUY,2147.47,934,2026-01-01T01:08:47Z
order_00004129,batch_0004,trader_0001,ETH-USD,BUY,2073.41,661,2026-01-01T01:08:48Z
order_00004130,batch_0004,trader_0016,ETH-USD,BUY,2078.92,864,2026-01-01T01:08:49Z
order_00004131,batch_0004,trader_0005,ETH-USD,BUY,2103.41,225,2026-01-01T01:08:50Z
order_00004132,batch_0004,trader_0011,ETH-USD,SELL,2000.23,141,2026-01-01T01:08:51Z
order_00004133,batch_0004,trader_0001,ETH-USD,BUY,2068.11,650,2026-01-01T01:08:52Z
order_00004134,batch_0004,trader_0022,ETH-USD,SELL,1996.89,297,2026-01-01T01:08:53Z
order_00004135,batch_0004,trader_0002,ETH-USD,SELL,2020.01,425,2026-01-01T01:08:54Z
order_00004136,batch_0004,trader_0019,ETH-USD,BUY,1883.53,37,2026-01-01T01:08:55Z
order_00004137,batch_0004,trader_0019,ETH-USD,BUY,2080.73,358,2026-01-01T01:08:56Z
order_00004138,batch_0004,trader_0006,ETH-USD,SELL,2159.43,522,2026-01-01T01:08:57Z
order_00004139,batch_0004,trader_0021,ETH-USD,BUY,2014.49,156,2026-01-01T01:08:58Z
order_00004140,batch_0004,trader_0012,ETH-USD,SELL,1906.26,289,2026-01-01T01:08:59Z
order_00004141,batch_0004,trader_0025,ETH-USD,SELL,2133.93,164,2026-01-01T01:09:00Z
order_00004142,batch_0004,trader_0009,ETH-USD,SELL,1878.31,343,2026-01-01T01:09:01Z
order_00004143,batch_0004,trader_0001,ETH-USD,BUY,1914.15,667,2026-01-01T01:09:02Z
order_00004144,batch_0004,trader_0017,ETH-USD,BUY,2060.56,991,2026-01-01T01:09:03Z
order_00004145,batch_0004,trader_0002,ETH-USD,SELL,1873.93,210,2026-01-01T01:09:04Z
order_00004146,batch_0004,trader_0007,ETH-USD,BUY,2097.13,110,2026-01-01T01:09:05Z
order_00004147,batch_0004,trader_0010,ETH-USD,BUY,2094.28,584,2026-01-01T01:09:06Z
order_00004148,batch_0004,trader_0019,ETH-USD,SELL,1885.74,691,2026-01-01T01:09:07Z
order_00004149,batch_0004,trader_0021,ETH-USD,SELL,1985.51,370,2026-01-01T01:09:08Z
order_00004150,batch_0004,trader_0009,ETH-USD,SELL,2156.08,581,2026-01-01T01:09:09Z
order_00004151,batch_0004,trader_0007,ETH-USD,BUY,1923.96,25,2026-01-01T01:09:10Z
order_00004152,batch_0004,trader_0016,ETH-USD,SELL,1933.57,882,2026-01-01T01:09:11Z
order_00004153,batch_0004,trader_0015,ETH-USD,SELL,2087.99,398,2026-01-01T01:09:12Z
order_00004154,batch_0004,trader_0016,ETH-USD,SELL,2101.54,617,2026-01-01T01:09:13Z
order_00004155,batch_0004,trader_0022,ETH-USD,BUY,1914.14,612,2026-01-01T01:09:14Z
order_00004156,batch_0004,trader_0004,ETH-USD,SELL,1831.07,255,2026-01-01T01:09:15Z
order_00004157,batch_0004,trader_0002,ETH-USD,SELL,1812.48,874,2026-01-01T01:09:16Z
order_00004158,batch_0004,trader_0001,ETH-USD,SELL,1909.69,970,2026-01-01T01:09:17Z
order_00004159,batch_0004,trader_0006,ETH-USD,BUY,2091.5,391,2026-01-01T01:09:18Z
order_00004160,batch_0004,trader_0007,ETH-USD,BUY,1886.12,377,2026-01-01T01:09:19Z
order_00004161,batch_0004,trader_0003,ETH-USD,SELL,2150.58,760,2026-01-01T01:09:20Z
order_00004162,batch_0004,trader_0025,ETH-USD,BUY,1808.96,670,2026-01-01T01:09:21Z
order_00004163,batch_0004,trader_0009,ETH-USD,BUY,1920.82,123,2026-01-01T01:09:22Z
order_00004164,batch_0004,trader_0007,ETH-USD,BUY,2154.94,955,2026-01-01T01:09:23Z
order_00004165,batch_0004,trader_0022,ETH-USD,BUY,2097.7,652,2026-01-01T01:09:24Z
order_00004166,batch_0004,trader_0016,ETH-USD,SELL,2172.42,902,2026-01-01T01:09:25Z
order_00004167,batch_0004,trader_0008,ETH-USD,BUY,1834.44,116,2026-01-01T01:09:26Z
order_00004168,batch_0004,trader_0018,ETH-USD,BUY,2031.91,908,2026-01-01T01:09:27Z
order_00004169,batch_0004,trader_0016,ETH-USD,BUY,2081.15,24,2026-01-01T01:09:28Z
order_00004170,batch_0004,trader_0003,ETH-USD,BUY,1861.32,709,2026-01-01T01:09:29Z
order_00004171,batch_0004,trader_0016,ETH-USD,BUY,1811.96,387,2026-01-01T01:09:30Z
order_00004172,batch_0004,trader_0001,ETH-USD,BUY,1964.97,477,2026-01-01T01:09:31Z
order_00004173,batch_0004,trader_0025,ETH-USD,SELL,2062.64,46,2026-01-01T01:09:32Z
order_00004174,batch_0004,trader_0016,ETH-USD,SELL,1912.63,727,2026-01-01T01:09:33Z
order_00004175,batch_0004,trader_0009,ETH-USD,BUY,1809.77,274,2026-01-01T01:09:34Z
order_00004176,batch_0004,trader_0015,ETH-USD,SELL,1893.93,193,2026-01-01T01:09:35Z
order_00004177,batch_0004,trader_0019,ETH-USD,SELL,1817.65,666,2026-01-01T01:09:36Z
order_00004178,batch_0004,trader_0023,ETH-USD,SELL,2023.58,446,2026-01-01T01:09:37Z
order_00004179,batch_0004,trader_0024,ETH-USD,BUY,2086.23,238,2026-01-01T01:09:38Z
order_00004180,batch_0004,trader_0012,ETH-USD,BUY,1835.37,373,2026-01-01T01:09:39Z
order_00004181,batch_0004,trader_0012,ETH-USD,BUY,2017.84,484,2026-01-01T01:09:40Z
order_00004182,batch_0004,trader_0018,ETH-USD,SELL,2090.48,381,2026-01-01T01:09:41Z
order_00004183,batch_0004,trader_0014,ETH-USD,BUY,2055.73,753,2026-01-01T01:09:42Z
order_00004184,batch_0004,trader_0012,ETH-USD,BUY,1948.84,412,2026-01-01T01:09:43Z
order_00004185,batch_0004,trader_0025,ETH-USD,SELL,2125.69,152,2026-01-01T01:09:44Z
order_00004186,batch_0004,trader_0012,ETH-USD,SELL,2016.91,692,2026-01-01T01:09:45Z
order_00004187,batch_0004,trader_0005,ETH-USD,SELL,2040.86,89,2026-01-01T01:09:46Z
order_00004188,batch_0004,trader_0015,ETH-USD,BUY,2058.19,368,2026-01-01T01:09:47Z
order_00004189,batch_0004,trader_0002,ETH-USD,SELL,2072.14,883,2026-01-01T01:09:48Z
order_00004190,batch_0004,trader_0021,ETH-USD,BUY,2143.88,941,2026-01-01T01:09:49Z
order_00004191,batch_0004,trader_0024,ETH-USD,BUY,2016.08,350,2026-01-01T01:09:50Z
order_00004192,batch_0004,trader_0007,ETH-USD,BUY,2029.48,818,2026-01-01T01:09:51Z
order_00004193,batch_0004,trader_0014,ETH-USD,SELL,1832.7,406,2026-01-01T01:09:52Z
order_00004194,batch_0004,trader_0017,ETH-USD,SELL,2017.6,514,2026-01-01T01:09:53Z
order_00004195,batch_0004,trader_0018,ETH-USD,BUY,1901.89,5,2026-01-01T01:09:54Z
order_00004196,batch_0004,trader_0022,ETH-USD,SELL,2095.88,169,2026-01-01T01:09:55Z
order_00004197,batch_0004,trader_0011,ETH-USD,SELL,1995.67,343,2026-01-01T01:09:56Z
order_00004198,batch_0004,trader_0013,ETH-USD,SELL,1949.33,817,2026-01-01T01:09:57Z
order_00004199,batch_0004,trader_0019,ETH-USD,SELL,1957.12,840,2026-01-01T01:09:58Z
order_00004200,batch_0004,trader_0004,ETH-USD,BUY,2075.12,418,2026-01-01T01:09:59Z
order_00004201,batch_0004,trader_0023,ETH-USD,BUY,1981.46,660,2026-01-01T01:10:00Z
order_00004202,batch_0004,trader_0017,ETH-USD,SELL,2086.48,193,2026-01-01T01:10:01Z
order_00004203,batch_0004,trader_0003,ETH-USD,SELL,1857.74,508,2026-01-01T01:10:02Z
order_00004204,batch_0004,trader_0013,ETH-USD,SELL,1896.73,314,2026-01-01T01:10:03Z
order_00004205,batch_0004,trader_0004,ETH-USD,BUY,2016.79,215,2026-01-01T01:10:04Z
order_00004206,batch_0004,trader_0001,ETH-USD,SELL,1809.4,196,2026-01-01T01:10:05Z
order_00004207,batch_0004,trader_0025,ETH-USD,BUY,1874.29,213,2026-01-01T01:10:06Z
order_00004208,batch_0004,trader_0004,ETH-USD,SELL,1901.37,69,2026-01-01T01:10:07Z
order_00004209,batch_0004,trader_0001,ETH-USD,BUY,2064.63,367,2026-01-01T01:10:08Z
order_00004210,batch_0004,trader_0012,ETH-USD,SELL,1937.27,308,2026-01-01T01:10:09Z
order_00004211,batch_0004,trader_0016,ETH-USD,BUY,2047.7,439,2026-01-01T01:10:10Z
order_00004212,batch_0004,trader_0016,ETH-USD,SELL,1816.75,608,2026-01-01T01:10:11Z
order_00004213,batch_0004,trader_0001,ETH-USD,SELL,1927.85,512,2026-01-01T01:10:12Z
order_00004214,batch_0004,trader_0013,ETH-USD,BUY,2144.47,485,2026-01-01T01:10:13Z
order_00004215,batch_0004,trader_0023,ETH-USD,SELL,1839.2,789,2026-01-01T01:10:14Z
order_00004216,batch_0004,trader_0022,ETH-USD,SELL,1940.42,902,2026-01-01T01:10:15Z
order_00004217,batch_0004,trader_0016,ETH-USD,BUY,1951.99,28,2026-01-01T01:10:16Z
order_00004218,batch_0004,trader_0018,ETH-USD,SELL,1989.95,89,2026-01-01T01:10:17Z
order_00004219,batch_0004,trader_0023,ETH-USD,BUY,2089.71,252,2026-01-01T01:10:18Z
order_00004220,batch_0004,trader_0024,ETH-USD,SELL,1981.87,97,2026-01-01T01:10:19Z
order_00004221,batch_0004,trader_0002,ETH-USD,BUY,2193.6,619,2026-01-01T01:10:20Z
order_00004222,batch_0004,trader_0015,ETH-USD,BUY,2110.87,566,2026-01-01T01:10:21Z
order_00004223,batch_0004,trader_0022,ETH-USD,BUY,1837.98,421,2026-01-01T01:10:22Z
order_00004224,batch_0004,trader_0001,ETH-USD,BUY,2070.1,884,2026-01-01T01:10:23Z
order_00004225,batch_0004,trader_0006,ETH-USD,SELL,1827.64,456,2026-01-01T01:10:24Z
order_00004226,batch_0004,trader_0018,ETH-USD,BUY,2026.02,714,2026-01-01T01:10:25Z
order_00004227,batch_0004,trader_0004,ETH-USD,SELL,1901.28,50,2026-01-01T01:10:26Z
order_00004228,batch_0004,trader_0015,ETH-USD,SELL,1869.57,503,2026-01-01T01:10:27Z
order_00004229,batch_0004,trader_0020,ETH-USD,BUY,1815.93,167,2026-01-01T01:10:28Z
order_00004230,batch_0004,trader_0003,ETH-USD,BUY,2074.72,113,2026-01-01T01:10:29Z
order_00004231,batch_0004,trader_0013,ETH-USD,BUY,1899.62,498,2026-01-01T01:10:30Z
order_00004232,batch_0004,trader_0006,ETH-USD,SELL,2061.55,827,2026-01-01T01:10:31Z
order_00004233,batch_0004,trader_0008,ETH-USD,SELL,1920.91,45,2026-01-01T01:10:32Z
order_00004234,batch_0004,trader_0016,ETH-USD,BUY,2033.43,700,2026-01-01T01:10:33Z
order_00004235,batch_0004,trader_0004,ETH-USD,BUY,2123.37,456,2026-01-01T01:10:34Z
order_00004236,batch_0004,trader_0020,ETH-USD,BUY,1852.8,143,2026-01-01T01:10:35Z
order_00004237,batch_0004,trader_0023,ETH-USD,SELL,1998.46,449,2026-01-01T01:10:36Z
order_00004238,batch_0004,trader_0023,ETH-USD,BUY,2010.07,726,2026-01-01T01:10:37Z
order_00004239,batch_0004,trader_0016,ETH-USD,BUY,1842.53,557,2026-01-01T01:10:38Z
order_00004240,batch_0004,trader_0014,ETH-USD,BUY,2022.91,447,2026-01-01T01:10:39Z
order_00004241,batch_0004,trader_0022,ETH-USD,BUY,1905.11,90,2026-01-01T01:10:40Z
order_00004242,batch_0004,trader_0008,ETH-USD,BUY,2002.85,411,2026-01-01T01:10:41Z
order_00004243,batch_0004,trader_0001,ETH-USD,SELL,1855.01,897,2026-01-01T01:10:42Z
order_00004244,batch_0004,trader_0007,ETH-USD,BUY,1874.72,585,2026-01-01T01:10:43Z
order_00004245,batch_0004,trader_0009,ETH-USD,BUY,1949.33,560,2026-01-01T01:10:44Z
order_00004246,batch_0004,trader_0006,ETH-USD,BUY,2116.0,995,2026-01-01T01:10:45Z
order_00004247,batch_0004,trader_0008,ETH-USD,SELL,2023.87,119,2026-01-01T01:10:46Z
order_00004248,batch_0004,trader_0023,ETH-USD,BUY,1853.29,308,2026-01-01T01:10:47Z
order_00004249,batch_0004,trader_0001,ETH-USD,BUY,1824.0,381,2026-01-01T01:10:48Z
order_00004250,batch_0004,trader_0017,ETH-USD,BUY,1906.36,682,2026-01-01T01:10:49Z
order_00004251,batch_0004,trader_0011,ETH-USD,BUY,2124.58,902,2026-01-01T01:10:50Z
order_00004252,batch_0004,trader_0007,ETH-USD,SELL,1992.16,882,2026-01-01T01:10:51Z
order_00004253,batch_0004,trader_0007,ETH-USD,BUY,1991.31,487,2026-01-01T01:10:52Z
order_00004254,batch_0004,trader_0021,ETH-USD,BUY,2021.21,398,2026-01-01T01:10:53Z
order_00004255,batch_0004,trader_0022,ETH-USD,SELL,1828.37,824,2026-01-01T01:10:54Z
order_00004256,batch_0004,trader_0025,ETH-USD,BUY,1858.16,523,2026-01-01T01:10:55Z
order_00004257,batch_0004,trader_0003,ETH-USD,BUY,2195.95,526,2026-01-01T01:10:56Z
order_00004258,batch_0004,trader_0014,ETH-USD,SELL,2050.78,253,2026-01-01T01:10:57Z
order_00004259,batch_0004,trader_0009,ETH-USD,SELL,2175.04,371,2026-01-01T01:10:58Z
order_00004260,batch_0004,trader_0011,ETH-USD,BUY,1972.75,771,2026-01-01T01:10:59Z
order_00004261,batch_0004,trader_0024,ETH-USD,SELL,1877.04,29,2026-01-01T01:11:00Z
order_00004262,batch_0004,trader_0008,ETH-USD,SELL,1979.93,401,2026-01-01T01:11:01Z
order_00004263,batch_0004,trader_0017,ETH-USD,SELL,1991.75,131,2026-01-01T01:11:02Z
order_00004264,batch_0004,trader_0021,ETH-USD,SELL,2148.75,662,2026-01-01T01:11:03Z
order_00004265,batch_0004,trader_0016,ETH-USD,BUY,2008.5,614,2026-01-01T01:11:04Z
order_00004266,batch_0004,trader_0014,ETH-USD,SELL,2039.93,444,2026-01-01T01:11:05Z
order_00004267,batch_0004,trader_0025,ETH-USD,BUY,2081.79,87,2026-01-01T01:11:06Z
order_00004268,batch_0004,trader_0009,ETH-USD,BUY,1815.98,657,2026-01-01T01:11:07Z
order_00004269,batch_0004,trader_0011,ETH-USD,BUY,2060.07,476,2026-01-01T01:11:08Z
order_00004270,batch_0004,trader_0010,ETH-USD,BUY,2042.12,549,2026-01-01T01:11:09Z
order_00004271,batch_0004,trader_0013,ETH-USD,SELL,2004.58,482,2026-01-01T01:11:10Z
order_00004272,batch_0004,trader_0023,ETH-USD,SELL,2075.38,860,2026-01-01T01:11:11Z
order_00004273,batch_0004,trader_0022,ETH-USD,SELL,2042.08,699,2026-01-01T01:11:12Z
order_00004274,batch_0004,trader_0003,ETH-USD,SELL,1987.73,141,2026-01-01T01:11:13Z
order_00004275,batch_0004,trader_0017,ETH-USD,SELL,1936.96,999,2026-01-01T01:11:14Z
order_00004276,batch_0004,trader_0009,ETH-USD,SELL,1900.64,65,2026-01-01T01:11:15Z
order_00004277,batch_0004,trader_0017,ETH-USD,SELL,1915.58,896,2026-01-01T01:11:16Z
order_00004278,batch_0004,trader_0008,ETH-USD,BUY,2162.32,950,2026-01-01T01:11:17Z
order_00004279,batch_0004,trader_0007,ETH-USD,SELL,2188.94,357,2026-01-01T01:11:18Z
order_00004280,batch_0004,trader_0009,ETH-USD,SELL,2070.44,531,2026-01-01T01:11:19Z
order_00004281,batch_0004,trader_0007,ETH-USD,BUY,2067.87,435,2026-01-01T01:11:20Z
order_00004282,batch_0004,trader_0025,ETH-USD,SELL,2114.76,912,2026-01-01T01:11:21Z
order_00004283,batch_0004,trader_0012,ETH-USD,SELL,2074.84,195,2026-01-01T01:11:22Z
order_00004284,batch_0004,trader_0015,ETH-USD,SELL,1928.46,567,2026-01-01T01:11:23Z
order_00004285,batch_0004,trader_0024,ETH-USD,SELL,1846.88,178,2026-01-01T01:11:24Z
order_00004286,batch_0004,trader_0020,ETH-USD,SELL,1898.81,654,2026-01-01T01:11:25Z
order_00004287,batch_0004,trader_0021,ETH-USD,SELL,1934.95,851,2026-01-01T01:11:26Z
order_00004288,batch_0004,trader_0016,ETH-USD,SELL,1898.25,384,2026-01-01T01:11:27Z
order_00004289,batch_0004,trader_0018,ETH-USD,SELL,2027.28,955,2026-01-01T01:11:28Z
order_00004290,batch_0004,trader_0009,ETH-USD,BUY,2042.39,261,2026-01-01T01:11:29Z
order_00004291,batch_0004,trader_0013,ETH-USD,BUY,2125.25,386,2026-01-01T01:11:30Z
order_00004292,batch_0004,trader_0009,ETH-USD,BUY,2124.8,194,2026-01-01T01:11:31Z
order_00004293,batch_0004,trader_0018,ETH-USD,SELL,2173.9,466,2026-01-01T01:11:32Z
order_00004294,batch_0004,trader_0014,ETH-USD,SELL,2004.45,284,2026-01-01T01:11:33Z
order_00004295,batch_0004,trader_0021,ETH-USD,BUY,2192.63,53,2026-01-01T01:11:34Z
order_00004296,batch_0004,trader_0014,ETH-USD,SELL,1843.23,610,2026-01-01T01:11:35Z
order_00004297,batch_0004,trader_0004,ETH-USD,BUY,1855.89,123,2026-01-01T01:11:36Z
order_00004298,batch_0004,trader_0002,ETH-USD,BUY,2197.68,821,2026-01-01T01:11:37Z
order_00004299,batch_0004,trader_0018,ETH-USD,SELL,1842.98,285,2026-01-01T01:11:38Z
order_00004300,batch_0004,trader_0024,ETH-USD,BUY,1838.36,803,2026-01-01T01:11:39Z
order_00004301,batch_0004,trader_0022,ETH-USD,SELL,1815.97,210,2026-01-01T01:11:40Z
order_00004302,batch_0004,trader_0020,ETH-USD,SELL,1844.57,11,2026-01-01T01:11:41Z
order_00004303,batch_0004,trader_0008,ETH-USD,SELL,1971.92,292,2026-01-01T01:11:42Z
order_00004304,batch_0004,trader_0009,ETH-USD,BUY,2028.25,619,2026-01-01T01:11:43Z
order_00004305,batch_0004,trader_0005,ETH-USD,SELL,2136.31,363,2026-01-01T01:11:44Z
order_00004306,batch_0004,trader_0008,ETH-USD,BUY,1926.69,599,2026-01-01T01:11:45Z
order_00004307,batch_0004,trader_0007,ETH-USD,BUY,2130.05,990,2026-01-01T01:11:46Z
order_00004308,batch_0004,trader_0003,ETH-USD,SELL,2181.79,18,2026-01-01T01:11:47Z
order_00004309,batch_0004,trader_0009,ETH-USD,SELL,2191.47,629,2026-01-01T01:11:48Z
order_00004310,batch_0004,trader_0014,ETH-USD,SELL,1838.27,128,2026-01-01T01:11:49Z
order_00004311,batch_0004,trader_0006,ETH-USD,BUY,2043.84,471,2026-01-01T01:11:50Z
order_00004312,batch_0004,trader_0008,ETH-USD,SELL,1842.95,287,2026-01-01T01:11:51Z
order_00004313,batch_0004,trader_0020,ETH-USD,SELL,2031.86,446,2026-01-01T01:11:52Z
order_00004314,batch_0004,trader_0004,ETH-USD,SELL,1885.36,457,2026-01-01T01:11:53Z
order_00004315,batch_0004,trader_0015,ETH-USD,SELL,2084.97,419,2026-01-01T01:11:54Z
order_00004316,batch_0004,trader_0020,ETH-USD,BUY,1953.79,910,2026-01-01T01:11:55Z
order_00004317,batch_0004,trader_0009,ETH-USD,SELL,2016.51,24,2026-01-01T01:11:56Z
order_00004318,batch_0004,trader_0017,ETH-USD,BUY,1996.61,690,2026-01-01T01:11:57Z
order_00004319,batch_0004,trader_0020,ETH-USD,BUY,1999.61,22,2026-01-01T01:11:58Z
order_00004320,batch_0004,trader_0012,ETH-USD,BUY,2042.62,453,2026-01-01T01:11:59Z
order_00004321,batch_0004,trader_0023,ETH-USD,BUY,2040.38,80,2026-01-01T01:12:00Z
order_00004322,batch_0004,trader_0007,ETH-USD,SELL,2115.23,173,2026-01-01T01:12:01Z
order_00004323,batch_0004,trader_0008,ETH-USD,BUY,1962.04,362,2026-01-01T01:12:02Z
order_00004324,batch_0004,trader_0020,ETH-USD,SELL,1892.36,921,2026-01-01T01:12:03Z
order_00004325,batch_0004,trader_0019,ETH-USD,SELL,1809.71,984,2026-01-01T01:12:04Z
order_00004326,batch_0004,trader_0023,ETH-USD,BUY,1825.88,715,2026-01-01T01:12:05Z
order_00004327,batch_0004,trader_0012,ETH-USD,SELL,2028.66,399,2026-01-01T01:12:06Z
order_00004328,batch_0004,trader_0015,ETH-USD,BUY,1974.52,503,2026-01-01T01:12:07Z
order_00004329,batch_0004,trader_0012,ETH-USD,SELL,1974.94,92,2026-01-01T01:12:08Z
order_00004330,batch_0004,trader_0009,ETH-USD,BUY,2164.64,376,2026-01-01T01:12:09Z
order_00004331,batch_0004,trader_0019,ETH-USD,BUY,1887.65,173,2026-01-01T01:12:10Z
order_00004332,batch_0004,trader_0007,ETH-USD,SELL,2012.37,614,2026-01-01T01:12:11Z
order_00004333,batch_0004,trader_0025,ETH-USD,SELL,1945.83,391,2026-01-01T01:12:12Z
order_00004334,batch_0004,trader_0003,ETH-USD,BUY,2166.34,725,2026-01-01T01:12:13Z
order_00004335,batch_0004,trader_0003,ETH-USD,SELL,1820.03,567,2026-01-01T01:12:14Z
order_00004336,batch_0004,trader_0010,ETH-USD,SELL,1981.24,262,2026-01-01T01:12:15Z
order_00004337,batch_0004,trader_0006,ETH-USD,BUY,1911.41,447,2026-01-01T01:12:16Z
order_00004338,batch_0004,trader_0003,ETH-USD,BUY,1866.65,320,2026-01-01T01:12:17Z
order_00004339,batch_0004,trader_0019,ETH-USD,BUY,2048.38,95,2026-01-01T01:12:18Z
order_00004340,batch_0004,trader_0024,ETH-USD,SELL,2148.73,804,2026-01-01T01:12:19Z
order_00004341,batch_0004,trader_0014,ETH-USD,BUY,1988.1,562,2026-01-01T01:12:20Z
order_00004342,batch_0004,trader_0007,ETH-USD,SELL,1806.87,242,2026-01-01T01:12:21Z
order_00004343,batch_0004,trader_0004,ETH-USD,SELL,1826.95,79,2026-01-01T01:12:22Z
order_00004344,batch_0004,trader_0004,ETH-USD,BUY,1871.49,802,2026-01-01T01:12:23Z
order_00004345,batch_0004,trader_0024,ETH-USD,SELL,2104.34,567,2026-01-01T01:12:24Z
order_00004346,batch_0004,trader_0008,ETH-USD,BUY,2172.86,547,2026-01-01T01:12:25Z
order_00004347,batch_0004,trader_0025,ETH-USD,SELL,2142.16,334,2026-01-01T01:12:26Z
order_00004348,batch_0004,trader_0017,ETH-USD,BUY,1808.29,833,2026-01-01T01:12:27Z
order_00004349,batch_0004,trader_0002,ETH-USD,SELL,1853.98,404,2026-01-01T01:12:28Z
order_00004350,batch_0004,trader_0020,ETH-USD,BUY,1852.92,867,2026-01-01T01:12:29Z
order_00004351,batch_0004,trader_0015,ETH-USD,SELL,2113.26,588,2026-01-01T01:12:30Z
order_00004352,batch_0004,trader_0023,ETH-USD,BUY,2084.08,180,2026-01-01T01:12:31Z
order_00004353,batch_0004,trader_0002,ETH-USD,BUY,2042.4,656,2026-01-01T01:12:32Z
order_00004354,batch_0004,trader_0010,ETH-USD,BUY,1854.36,387,2026-01-01T01:12:33Z
order_00004355,batch_0004,trader_0025,ETH-USD,BUY,1995.98,819,2026-01-01T01:12:34Z
order_00004356,batch_0004,trader_0017,ETH-USD,BUY,2090.49,555,2026-01-01T01:12:35Z
order_00004357,batch_0004,trader_0012,ETH-USD,BUY,2177.31,663,2026-01-01T01:12:36Z
order_00004358,batch_0004,trader_0024,ETH-USD,SELL,2087.34,592,2026-01-01T01:12:37Z
order_00004359,batch_0004,trader_0014,ETH-USD,BUY,2009.39,258,2026-01-01T01:12:38Z
order_00004360,batch_0004,trader_0002,ETH-USD,BUY,1999.89,879,2026-01-01T01:12:39Z
order_00004361,batch_0004,trader_0010,ETH-USD,BUY,2197.89,615,2026-01-01T01:12:40Z
order_00004362,batch_0004,trader_0013,ETH-USD,BUY,1964.97,926,2026-01-01T01:12:41Z
order_00004363,batch_0004,trader_0007,ETH-USD,BUY,1925.82,25,2026-01-01T01:12:42Z
order_00004364,batch_0004,trader_0021,ETH-USD,SELL,1974.22,221,2026-01-01T01:12:43Z
order_00004365,batch_0004,trader_0025,ETH-USD,SELL,2146.08,461,2026-01-01T01:12:44Z
order_00004366,batch_0004,trader_0013,ETH-USD,SELL,2117.5,665,2026-01-01T01:12:45Z
order_00004367,batch_0004,trader_0015,ETH-USD,BUY,2160.2,17,2026-01-01T01:12:46Z
order_00004368,batch_0004,trader_0015,ETH-USD,BUY,1986.54,409,2026-01-01T01:12:47Z
order_00004369,batch_0004,trader_0014,ETH-USD,BUY,1985.32,210,2026-01-01T01:12:48Z
order_00004370,batch_0004,trader_0021,ETH-USD,SELL,2179.09,252,2026-01-01T01:12:49Z
order_00004371,batch_0004,trader_0012,ETH-USD,SELL,1949.61,303,2026-01-01T01:12:50Z
order_00004372,batch_0004,trader_0014,ETH-USD,BUY,2154.82,396,2026-01-01T01:12:51Z
order_00004373,batch_0004,trader_0017,ETH-USD,BUY,1941.91,302,2026-01-01T01:12:52Z
order_00004374,batch_0004,trader_0016,ETH-USD,SELL,2173.59,42,2026-01-01T01:12:53Z
order_00004375,batch_0004,trader_0017,ETH-USD,BUY,1877.39,340,2026-01-01T01:12:54Z
order_00004376,batch_0004,trader_0023,ETH-USD,BUY,1858.38,104,2026-01-01T01:12:55Z
order_00004377,batch_0004,trader_0007,ETH-USD,SELL,1809.87,62,2026-01-01T01:12:56Z
order_00004378,batch_0004,trader_0013,ETH-USD,SELL,1809.66,381,2026-01-01T01:12:57Z
order_00004379,batch_0004,trader_0020,ETH-USD,BUY,1984.12,628,2026-01-01T01:12:58Z
order_00004380,batch_0004,trader_0017,ETH-USD,BUY,1820.37,377,2026-01-01T01:12:59Z
order_00004381,batch_0004,trader_0016,ETH-USD,SELL,1975.36,905,2026-01-01T01:13:00Z
order_00004382,batch_0004,trader_0025,ETH-USD,BUY,1814.46,527,2026-01-01T01:13:01Z
order_00004383,batch_0004,trader_0003,ETH-USD,SELL,2026.54,767,2026-01-01T01:13:02Z
order_00004384,batch_0004,trader_0013,ETH-USD,SELL,2173.18,158,2026-01-01T01:13:03Z
order_00004385,batch_0004,trader_0024,ETH-USD,BUY,1975.94,732,2026-01-01T01:13:04Z
order_00004386,batch_0004,trader_0007,ETH-USD,SELL,1856.88,148,2026-01-01T01:13:05Z
order_00004387,batch_0004,trader_0008,ETH-USD,BUY,1910.3,394,2026-01-01T01:13:06Z
order_00004388,batch_0004,trader_0005,ETH-USD,BUY,1804.85,311,2026-01-01T01:13:07Z
order_00004389,batch_0004,trader_0005,ETH-USD,BUY,1877.47,583,2026-01-01T01:13:08Z
order_00004390,batch_0004,trader_0007,ETH-USD,BUY,1902.06,582,2026-01-01T01:13:09Z
order_00004391,batch_0004,trader_0002,ETH-USD,BUY,1865.36,68,2026-01-01T01:13:10Z
order_00004392,batch_0004,trader_0008,ETH-USD,BUY,2114.8,495,2026-01-01T01:13:11Z
order_00004393,batch_0004,trader_0016,ETH-USD,BUY,2169.93,170,2026-01-01T01:13:12Z
order_00004394,batch_0004,trader_0011,ETH-USD,BUY,1983.84,686,2026-01-01T01:13:13Z
order_00004395,batch_0004,trader_0009,ETH-USD,SELL,2140.24,382,2026-01-01T01:13:14Z
order_00004396,batch_0004,trader_0024,ETH-USD,SELL,2155.67,562,2026-01-01T01:13:15Z
order_00004397,batch_0004,trader_0005,ETH-USD,BUY,1930.61,681,2026-01-01T01:13:16Z
order_00004398,batch_0004,trader_0017,ETH-USD,SELL,2086.63,856,2026-01-01T01:13:17Z
order_00004399,batch_0004,trader_0008,ETH-USD,SELL,2037.54,826,2026-01-01T01:13:18Z
order_00004400,batch_0004,trader_0009,ETH-USD,BUY,1973.55,23,2026-01-01T01:13:19Z
order_00004401,batch_0004,trader_0024,ETH-USD,BUY,1920.23,522,2026-01-01T01:13:20Z
order_00004402,batch_0004,trader_0010,ETH-USD,SELL,2180.84,53,2026-01-01T01:13:21Z
order_00004403,batch_0004,trader_0005,ETH-USD,SELL,1842.6,264,2026-01-01T01:13:22Z
order_00004404,batch_0004,trader_0008,ETH-USD,SELL,2113.39,865,2026-01-01T01:13:23Z
order_00004405,batch_0004,trader_0023,ETH-USD,BUY,2170.42,157,2026-01-01T01:13:24Z
order_00004406,batch_0004,trader_0013,ETH-USD,SELL,1965.06,372,2026-01-01T01:13:25Z
order_00004407,batch_0004,trader_0008,ETH-USD,BUY,1919.63,340,2026-01-01T01:13:26Z
order_00004408,batch_0004,trader_0022,ETH-USD,BUY,2179.4,493,2026-01-01T01:13:27Z
order_00004409,batch_0004,trader_0002,ETH-USD,BUY,2170.45,322,2026-01-01T01:13:28Z
order_00004410,batch_0004,trader_0014,ETH-USD,BUY,1972.87,835,2026-01-01T01:13:29Z
order_00004411,batch_0004,trader_0012,ETH-USD,BUY,1933.51,32,2026-01-01T01:13:30Z
order_00004412,batch_0004,trader_0016,ETH-USD,BUY,1994.61,242,2026-01-01T01:13:31Z
order_00004413,batch_0004,trader_0013,ETH-USD,SELL,2035.37,406,2026-01-01T01:13:32Z
order_00004414,batch_0004,trader_0020,ETH-USD,BUY,1914.59,241,2026-01-01T01:13:33Z
order_00004415,batch_0004,trader_0011,ETH-USD,SELL,1863.68,345,2026-01-01T01:13:34Z
order_00004416,batch_0004,trader_0003,ETH-USD,SELL,1833.15,874,2026-01-01T01:13:35Z
order_00004417,batch_0004,trader_0018,ETH-USD,BUY,1803.4,756,2026-01-01T01:13:36Z
order_00004418,batch_0004,trader_0023,ETH-USD,BUY,1836.93,919,2026-01-01T01:13:37Z
order_00004419,batch_0004,trader_0006,ETH-USD,SELL,1800.83,53,2026-01-01T01:13:38Z
order_00004420,batch_0004,trader_0012,ETH-USD,BUY,2193.48,299,2026-01-01T01:13:39Z
order_00004421,batch_0004,trader_0012,ETH-USD,SELL,2130.7,941,2026-01-01T01:13:40Z
order_00004422,batch_0004,trader_0010,ETH-USD,SELL,1816.17,90,2026-01-01T01:13:41Z
order_00004423,batch_0004,trader_0003,ETH-USD,BUY,2198.53,40,2026-01-01T01:13:42Z
order_00004424,batch_0004,trader_0007,ETH-USD,SELL,1800.09,630,2026-01-01T01:13:43Z
order_00004425,batch_0004,trader_0016,ETH-USD,SELL,1956.35,919,2026-01-01T01:13:44Z
order_00004426,batch_0004,trader_0017,ETH-USD,BUY,1916.57,608,2026-01-01T01:13:45Z
order_00004427,batch_0004,trader_0003,ETH-USD,BUY,1913.78,628,2026-01-01T01:13:46Z
order_00004428,batch_0004,trader_0021,ETH-USD,BUY,1903.99,873,2026-01-01T01:13:47Z
order_00004429,batch_0004,trader_0020,ETH-USD,SELL,1838.45,528,2026-01-01T01:13:48Z
order_00004430,batch_0004,trader_0011,ETH-USD,BUY,1812.81,291,2026-01-01T01:13:49Z
order_00004431,batch_0004,trader_0015,ETH-USD,SELL,1989.06,712,2026-01-01T01:13:50Z
order_00004432,batch_0004,trader_0021,ETH-USD,BUY,1922.56,522,2026-01-01T01:13:51Z
order_00004433,batch_0004,trader_0008,ETH-USD,SELL,1967.19,411,2026-01-01T01:13:52Z
order_00004434,batch_0004,trader_0011,ETH-USD,SELL,1923.73,868,2026-01-01T01:13:53Z
order_00004435,batch_0004,trader_0005,ETH-USD,BUY,1859.49,473,2026-01-01T01:13:54Z
order_00004436,batch_0004,trader_0004,ETH-USD,BUY,2035.07,61,2026-01-01T01:13:55Z
order_00004437,batch_0004,trader_0024,ETH-USD,BUY,1850.44,460,2026-01-01T01:13:56Z
order_00004438,batch_0004,trader_0011,ETH-USD,BUY,1933.09,789,2026-01-01T01:13:57Z
order_00004439,batch_0004,trader_0014,ETH-USD,SELL,1992.64,736,2026-01-01T01:13:58Z
order_00004440,batch_0004,trader_0022,ETH-USD,BUY,2067.31,660,2026-01-01T01:13:59Z
order_00004441,batch_0004,trader_0023,ETH-USD,SELL,1921.02,602,2026-01-01T01:14:00Z
order_00004442,batch_0004,trader_0012,ETH-USD,BUY,2062.47,485,2026-01-01T01:14:01Z
order_00004443,batch_0004,trader_0002,ETH-USD,BUY,1938.03,197,2026-01-01T01:14:02Z
order_00004444,batch_0004,trader_0013,ETH-USD,BUY,2121.45,874,2026-01-01T01:14:03Z
order_00004445,batch_0004,trader_0013,ETH-USD,BUY,1985.4,510,2026-01-01T01:14:04Z
order_00004446,batch_0004,trader_0005,ETH-USD,SELL,1929.43,884,2026-01-01T01:14:05Z
order_00004447,batch_0004,trader_0014,ETH-USD,SELL,2186.68,764,2026-01-01T01:14:06Z
order_00004448,batch_0004,trader_0019,ETH-USD,SELL,2166.2,982,2026-01-01T01:14:07Z
order_00004449,batch_0004,trader_0006,ETH-USD,SELL,1802.98,189,2026-01-01T01:14:08Z
order_00004450,batch_0004,trader_0011,ETH-USD,SELL,1837.29,426,2026-01-01T01:14:09Z
order_00004451,batch_0004,trader_0017,ETH-USD,BUY,1856.14,906,2026-01-01T01:14:10Z
order_00004452,batch_0004,trader_0007,ETH-USD,SELL,1911.14,981,2026-01-01T01:14:11Z
order_00004453,batch_0004,trader_0001,ETH-USD,SELL,1815.38,428,2026-01-01T01:14:12Z
order_00004454,batch_0004,trader_0020,ETH-USD,SELL,1937.19,729,2026-01-01T01:14:13Z
order_00004455,batch_0004,trader_0025,ETH-USD,BUY,1841.84,3,2026-01-01T01:14:14Z
order_00004456,batch_0004,trader_0005,ETH-USD,SELL,1880.69,514,2026-01-01T01:14:15Z
order_00004457,batch_0004,trader_0024,ETH-USD,BUY,2143.11,675,2026-01-01T01:14:16Z
order_00004458,batch_0004,trader_0017,ETH-USD,SELL,1956.28,544,2026-01-01T01:14:17Z
order_00004459,batch_0004,trader_0007,ETH-USD,SELL,2170.63,628,2026-01-01T01:14:18Z
order_00004460,batch_0004,trader_0002,ETH-USD,BUY,2092.51,973,2026-01-01T01:14:19Z
order_00004461,batch_0004,trader_0010,ETH-USD,BUY,2036.39,737,2026-01-01T01:14:20Z
order_00004462,batch_0004,trader_0010,ETH-USD,SELL,1982.57,774,2026-01-01T01:14:21Z
order_00004463,batch_0004,trader_0003,ETH-USD,BUY,2035.73,418,2026-01-01T01:14:22Z
order_00004464,batch_0004,trader_0015,ETH-USD,BUY,1966.9,900,2026-01-01T01:14:23Z
order_00004465,batch_0004,trader_0011,ETH-USD,SELL,2028.76,624,2026-01-01T01:14:24Z
order_00004466,batch_0004,trader_0010,ETH-USD,SELL,1979.71,229,2026-01-01T01:14:25Z
order_00004467,batch_0004,trader_0008,ETH-USD,SELL,1815.48,873,2026-01-01T01:14:26Z
order_00004468,batch_0004,trader_0009,ETH-USD,SELL,1901.66,594,2026-01-01T01:14:27Z
order_00004469,batch_0004,trader_0015,ETH-USD,BUY,1816.22,235,2026-01-01T01:14:28Z
order_00004470,batch_0004,trader_0003,ETH-USD,BUY,1972.0,3,2026-01-01T01:14:29Z
order_00004471,batch_0004,trader_0018,ETH-USD,SELL,2014.1,281,2026-01-01T01:14:30Z
order_00004472,batch_0004,trader_0024,ETH-USD,SELL,2000.7,17,2026-01-01T01:14:31Z
order_00004473,batch_0004,trader_0025,ETH-USD,SELL,2115.2,656,2026-01-01T01:14:32Z
order_00004474,batch_0004,trader_0019,ETH-USD,SELL,1998.65,53,2026-01-01T01:14:33Z
order_00004475,batch_0004,trader_0025,ETH-USD,BUY,2020.94,678,2026-01-01T01:14:34Z
order_00004476,batch_0004,trader_0013,ETH-USD,BUY,2170.25,241,2026-01-01T01:14:35Z
order_00004477,batch_0004,trader_0021,ETH-USD,SELL,1870.89,337,2026-01-01T01:14:36Z
order_00004478,batch_0004,trader_0011,ETH-USD,BUY,1971.8,702,2026-01-01T01:14:37Z
order_00004479,batch_0004,trader_0004,ETH-USD,SELL,1991.95,970,2026-01-01T01:14:38Z
order_00004480,batch_0004,trader_0006,ETH-USD,BUY,2092.41,768,2026-01-01T01:14:39Z
order_00004481,batch_0004,trader_0006,ETH-USD,SELL,1902.84,688,2026-01-01T01:14:40Z
order_00004482,batch_0004,trader_0012,ETH-USD,SELL,2091.66,209,2026-01-01T01:14:41Z
order_00004483,batch_0004,trader_0018,ETH-USD,BUY,1915.51,955,2026-01-01T01:14:42Z
order_00004484,batch_0004,trader_0005,ETH-USD,SELL,1827.44,655,2026-01-01T01:14:43Z
order_00004485,batch_0004,trader_0008,ETH-USD,SELL,2174.84,874,2026-01-01T01:14:44Z
order_00004486,batch_0004,trader_0009,ETH-USD,BUY,2117.77,789,2026-01-01T01:14:45Z
order_00004487,batch_0004,trader_0011,ETH-USD,SELL,2105.96,117,2026-01-01T01:14:46Z
order_00004488,batch_0004,trader_0018,ETH-USD,BUY,2134.08,785,2026-01-01T01:14:47Z
order_00004489,batch_0004,trader_0020,ETH-USD,BUY,1992.5,126,2026-01-01T01:14:48Z
order_00004490,batch_0004,trader_0003,ETH-USD,BUY,1942.5,86,2026-01-01T01:14:49Z
order_00004491,batch_0004,trader_0018,ETH-USD,BUY,2122.64,398,2026-01-01T01:14:50Z
order_00004492,batch_0004,trader_0020,ETH-USD,SELL,1807.29,743,2026-01-01T01:14:51Z
order_00004493,batch_0004,trader_0003,ETH-USD,SELL,2106.59,813,2026-01-01T01:14:52Z
order_00004494,batch_0004,trader_0023,ETH-USD,BUY,1864.14,351,2026-01-01T01:14:53Z
order_00004495,batch_0004,trader_0025,ETH-USD,SELL,2196.45,491,2026-01-01T01:14:54Z
order_00004496,batch_0004,trader_0013,ETH-USD,SELL,1936.07,31,2026-01-01T01:14:55Z
order_00004497,batch_0004,trader_0017,ETH-USD,SELL,1841.43,443,2026-01-01T01:14:56Z
order_00004498,batch_0004,trader_0007,ETH-USD,SELL,1884.94,413,2026-01-01T01:14:57Z
order_00004499,batch_0004,trader_0024,ETH-USD,SELL,2109.39,496,2026-01-01T01:14:58Z
order_00004500,batch_0004,trader_0008,ETH-USD,SELL,2197.21,1000,2026-01-01T01:14:59Z
order_00004501,batch_0004,trader_0016,ETH-USD,SELL,2165.15,957,2026-01-01T01:15:00Z
order_00004502,batch_0004,trader_0021,ETH-USD,SELL,1954.91,469,2026-01-01T01:15:01Z
order_00004503,batch_0004,trader_0015,ETH-USD,BUY,1816.79,922,2026-01-01T01:15:02Z
order_00004504,batch_0004,trader_0022,ETH-USD,BUY,1942.17,585,2026-01-01T01:15:03Z
order_00004505,batch_0004,trader_0024,ETH-USD,SELL,1935.49,665,2026-01-01T01:15:04Z
order_00004506,batch_0004,trader_0015,ETH-USD,SELL,1926.07,993,2026-01-01T01:15:05Z
order_00004507,batch_0004,trader_0017,ETH-USD,BUY,1838.39,864,2026-01-01T01:15:06Z
order_00004508,batch_0004,trader_0016,ETH-USD,SELL,2037.15,120,2026-01-01T01:15:07Z
order_00004509,batch_0004,trader_0011,ETH-USD,BUY,2090.36,565,2026-01-01T01:15:08Z
order_00004510,batch_0004,trader_0021,ETH-USD,BUY,1812.99,831,2026-01-01T01:15:09Z
order_00004511,batch_0004,trader_0014,ETH-USD,BUY,2014.83,320,2026-01-01T01:15:10Z
order_00004512,batch_0004,trader_0010,ETH-USD,BUY,1842.63,880,2026-01-01T01:15:11Z
order_00004513,batch_0004,trader_0013,ETH-USD,SELL,2078.36,141,2026-01-01T01:15:12Z
order_00004514,batch_0004,trader_0014,ETH-USD,SELL,1935.98,288,2026-01-01T01:15:13Z
order_00004515,batch_0004,trader_0003,ETH-USD,SELL,2012.38,999,2026-01-01T01:15:14Z
order_00004516,batch_0004,trader_0001,ETH-USD,BUY,1919.93,757,2026-01-01T01:15:15Z
order_00004517,batch_0004,trader_0023,ETH-USD,BUY,1931.1,292,2026-01-01T01:15:16Z
order_00004518,batch_0004,trader_0020,ETH-USD,BUY,2172.56,141,2026-01-01T01:15:17Z
order_00004519,batch_0004,trader_0004,ETH-USD,SELL,1945.01,103,2026-01-01T01:15:18Z
order_00004520,batch_0004,trader_0004,ETH-USD,SELL,1933.51,787,2026-01-01T01:15:19Z
order_00004521,batch_0004,trader_0003,ETH-USD,BUY,2032.89,218,2026-01-01T01:15:20Z
order_00004522,batch_0004,trader_0025,ETH-USD,BUY,1924.6,284,2026-01-01T01:15:21Z
order_00004523,batch_0004,trader_0003,ETH-USD,SELL,2165.19,555,2026-01-01T01:15:22Z
order_00004524,batch_0004,trader_0023,ETH-USD,SELL,2174.08,563,2026-01-01T01:15:23Z
order_00004525,batch_0004,trader_0010,ETH-USD,SELL,2020.95,929,2026-01-01T01:15:24Z
order_00004526,batch_0004,trader_0002,ETH-USD,BUY,2100.92,414,2026-01-01T01:15:25Z
order_00004527,batch_0004,trader_0022,ETH-USD,BUY,1968.07,900,2026-01-01T01:15:26Z
order_00004528,batch_0004,trader_0003,ETH-USD,BUY,1820.82,759,2026-01-01T01:15:27Z
order_00004529,batch_0004,trader_0004,ETH-USD,BUY,2035.32,968,2026-01-01T01:15:28Z
order_00004530,batch_0004,trader_0012,ETH-USD,SELL,1987.69,44,2026-01-01T01:15:29Z
order_00004531,batch_0004,trader_0019,ETH-USD,BUY,1905.71,110,2026-01-01T01:15:30Z
order_00004532,batch_0004,trader_0003,ETH-USD,SELL,2117.64,917,2026-01-01T01:15:31Z
order_00004533,batch_0004,trader_0019,ETH-USD,BUY,2059.39,190,2026-01-01T01:15:32Z
order_00004534,batch_0004,trader_0001,ETH-USD,SELL,2052.34,107,2026-01-01T01:15:33Z
order_00004535,batch_0004,trader_0006,ETH-USD,BUY,2083.26,747,2026-01-01T01:15:34Z
order_00004536,batch_0004,trader_0017,ETH-USD,SELL,2145.53,842,2026-01-01T01:15:35Z
order_00004537,batch_0004,trader_0017,ETH-USD,BUY,1802.11,418,2026-01-01T01:15:36Z
order_00004538,batch_0004,trader_0025,ETH-USD,SELL,2117.86,591,2026-01-01T01:15:37Z
order_00004539,batch_0004,trader_0002,ETH-USD,SELL,2019.03,505,2026-01-01T01:15:38Z
order_00004540,batch_0004,trader_0007,ETH-USD,BUY,2066.75,628,2026-01-01T01:15:39Z
order_00004541,batch_0004,trader_0013,ETH-USD,SELL,1937.71,300,2026-01-01T01:15:40Z
order_00004542,batch_0004,trader_0010,ETH-USD,SELL,2164.3,422,2026-01-01T01:15:41Z
order_00004543,batch_0004,trader_0004,ETH-USD,BUY,2142.46,632,2026-01-01T01:15:42Z
order_00004544,batch_0004,trader_0016,ETH-USD,SELL,2059.34,262,2026-01-01T01:15:43Z
order_00004545,batch_0004,trader_0007,ETH-USD,BUY,1962.22,118,2026-01-01T01:15:44Z
order_00004546,batch_0004,trader_0006,ETH-USD,SELL,1851.28,708,2026-01-01T01:15:45Z
order_00004547,batch_0004,trader_0022,ETH-USD,SELL,1847.99,595,2026-01-01T01:15:46Z
order_00004548,batch_0004,trader_0008,ETH-USD,BUY,1816.08,729,2026-01-01T01:15:47Z
order_00004549,batch_0004,trader_0013,ETH-USD,SELL,1828.88,749,2026-01-01T01:15:48Z
order_00004550,batch_0004,trader_0004,ETH-USD,BUY,1910.62,224,2026-01-01T01:15:49Z
order_00004551,batch_0004,trader_0004,ETH-USD,SELL,1884.08,668,2026-01-01T01:15:50Z
order_00004552,batch_0004,trader_0011,ETH-USD,SELL,1965.34,15,2026-01-01T01:15:51Z
order_00004553,batch_0004,trader_0021,ETH-USD,BUY,1858.8,148,2026-01-01T01:15:52Z
order_00004554,batch_0004,trader_0014,ETH-USD,SELL,1947.5,890,2026-01-01T01:15:53Z
order_00004555,batch_0004,trader_0015,ETH-USD,BUY,2072.13,532,2026-01-01T01:15:54Z
order_00004556,batch_0004,trader_0007,ETH-USD,SELL,2054.02,879,2026-01-01T01:15:55Z
order_00004557,batch_0004,trader_0022,ETH-USD,BUY,2147.98,193,2026-01-01T01:15:56Z
order_00004558,batch_0004,trader_0014,ETH-USD,BUY,2179.66,501,2026-01-01T01:15:57Z
order_00004559,batch_0004,trader_0006,ETH-USD,BUY,1973.32,4,2026-01-01T01:15:58Z
order_00004560,batch_0004,trader_0024,ETH-USD,BUY,2133.48,911,2026-01-01T01:15:59Z
order_00004561,batch_0004,trader_0004,ETH-USD,BUY,1881.54,297,2026-01-01T01:16:00Z
order_00004562,batch_0004,trader_0006,ETH-USD,SELL,1913.38,145,2026-01-01T01:16:01Z
order_00004563,batch_0004,trader_0025,ETH-USD,BUY,1989.29,15,2026-01-01T01:16:02Z
order_00004564,batch_0004,trader_0010,ETH-USD,SELL,1981.77,601,2026-01-01T01:16:03Z
order_00004565,batch_0004,trader_0009,ETH-USD,SELL,1880.37,461,2026-01-01T01:16:04Z
order_00004566,batch_0004,trader_0006,ETH-USD,SELL,1956.24,987,2026-01-01T01:16:05Z
order_00004567,batch_0004,trader_0001,ETH-USD,BUY,2161.92,449,2026-01-01T01:16:06Z
order_00004568,batch_0004,trader_0008,ETH-USD,SELL,1994.36,661,2026-01-01T01:16:07Z
order_00004569,batch_0004,trader_0005,ETH-USD,SELL,2003.88,565,2026-01-01T01:16:08Z
order_00004570,batch_0004,trader_0009,ETH-USD,BUY,1948.33,739,2026-01-01T01:16:09Z
order_00004571,batch_0004,trader_0017,ETH-USD,SELL,2144.8,279,2026-01-01T01:16:10Z
order_00004572,batch_0004,trader_0003,ETH-USD,SELL,1961.49,765,2026-01-01T01:16:11Z
order_00004573,batch_0004,trader_0010,ETH-USD,SELL,1842.85,907,2026-01-01T01:16:12Z
order_00004574,batch_0004,trader_0022,ETH-USD,BUY,2103.09,251,2026-01-01T01:16:13Z
order_00004575,batch_0004,trader_0017,ETH-USD,SELL,2045.44,877,2026-01-01T01:16:14Z
order_00004576,batch_0004,trader_0017,ETH-USD,SELL,1998.81,643,2026-01-01T01:16:15Z
order_00004577,batch_0004,trader_0025,ETH-USD,BUY,1807.83,982,2026-01-01T01:16:16Z
order_00004578,batch_0004,trader_0011,ETH-USD,SELL,1967.89,568,2026-01-01T01:16:17Z
order_00004579,batch_0004,trader_0024,ETH-USD,BUY,1874.95,199,2026-01-01T01:16:18Z
order_00004580,batch_0004,trader_0023,ETH-USD,BUY,1969.94,783,2026-01-01T01:16:19Z
order_00004581,batch_0004,trader_0013,ETH-USD,SELL,1879.79,601,2026-01-01T01:16:20Z
order_00004582,batch_0004,trader_0019,ETH-USD,SELL,2040.63,984,2026-01-01T01:16:21Z
order_00004583,batch_0004,trader_0007,ETH-USD,BUY,1988.74,390,2026-01-01T01:16:22Z
order_00004584,batch_0004,trader_0011,ETH-USD,SELL,1818.32,333,2026-01-01T01:16:23Z
order_00004585,batch_0004,trader_0011,ETH-USD,BUY,1896.47,778,2026-01-01T01:16:24Z
order_00004586,batch_0004,trader_0001,ETH-USD,BUY,2183.0,442,2026-01-01T01:16:25Z
order_00004587,batch_0004,trader_0005,ETH-USD,SELL,2026.06,106,2026-01-01T01:16:26Z
order_00004588,batch_0004,trader_0015,ETH-USD,BUY,1817.55,888,2026-01-01T01:16:27Z
order_00004589,batch_0004,trader_0022,ETH-USD,BUY,1829.04,757,2026-01-01T01:16:28Z
order_00004590,batch_0004,trader_0005,ETH-USD,SELL,1976.51,562,2026-01-01T01:16:29Z
order_00004591,batch_0004,trader_0004,ETH-USD,BUY,1887.39,220,2026-01-01T01:16:30Z
order_00004592,batch_0004,trader_0014,ETH-USD,BUY,2167.28,12,2026-01-01T01:16:31Z
order_00004593,batch_0004,trader_0015,ETH-USD,BUY,2057.21,288,2026-01-01T01:16:32Z
order_00004594,batch_0004,trader_0008,ETH-USD,SELL,1936.33,96,2026-01-01T01:16:33Z
order_00004595,batch_0004,trader_0020,ETH-USD,SELL,2122.17,96,2026-01-01T01:16:34Z
order_00004596,batch_0004,trader_0008,ETH-USD,SELL,2175.31,645,2026-01-01T01:16:35Z
order_00004597,batch_0004,trader_0006,ETH-USD,BUY,1910.83,706,2026-01-01T01:16:36Z
order_00004598,batch_0004,trader_0016,ETH-USD,SELL,2091.47,713,2026-01-01T01:16:37Z
order_00004599,batch_0004,trader_0011,ETH-USD,SELL,2118.29,222,2026-01-01T01:16:38Z
order_00004600,batch_0004,trader_0019,ETH-USD,BUY,2033.15,516,2026-01-01T01:16:39Z
order_00004601,batch_0004,trader_0012,ETH-USD,BUY,2078.55,438,2026-01-01T01:16:40Z
order_00004602,batch_0004,trader_0001,ETH-USD,SELL,2078.38,570,2026-01-01T01:16:41Z
order_00004603,batch_0004,trader_0022,ETH-USD,SELL,2028.68,643,2026-01-01T01:16:42Z
order_00004604,batch_0004,trader_0008,ETH-USD,BUY,2128.93,177,2026-01-01T01:16:43Z
order_00004605,batch_0004,trader_0007,ETH-USD,SELL,1871.76,751,2026-01-01T01:16:44Z
order_00004606,batch_0004,trader_0022,ETH-USD,BUY,1984.34,303,2026-01-01T01:16:45Z
order_00004607,batch_0004,trader_0004,ETH-USD,BUY,1853.81,634,2026-01-01T01:16:46Z
order_00004608,batch_0004,trader_0021,ETH-USD,SELL,1881.67,742,2026-01-01T01:16:47Z
order_00004609,batch_0004,trader_0022,ETH-USD,SELL,1919.84,780,2026-01-01T01:16:48Z
order_00004610,batch_0004,trader_0006,ETH-USD,BUY,1825.31,705,2026-01-01T01:16:49Z
order_00004611,batch_0004,trader_0002,ETH-USD,BUY,1868.55,8,2026-01-01T01:16:50Z
order_00004612,batch_0004,trader_0014,ETH-USD,SELL,2137.16,701,2026-01-01T01:16:51Z
order_00004613,batch_0004,trader_0003,ETH-USD,BUY,1863.01,783,2026-01-01T01:16:52Z
order_00004614,batch_0004,trader_0023,ETH-USD,BUY,1973.85,112,2026-01-01T01:16:53Z
order_00004615,batch_0004,trader_0023,ETH-USD,SELL,2085.48,273,2026-01-01T01:16:54Z
order_00004616,batch_0004,trader_0019,ETH-USD,SELL,2012.35,694,2026-01-01T01:16:55Z
order_00004617,batch_0004,trader_0011,ETH-USD,SELL,2034.25,940,2026-01-01T01:16:56Z
order_00004618,batch_0004,trader_0020,ETH-USD,SELL,2131.51,162,2026-01-01T01:16:57Z
order_00004619,batch_0004,trader_0015,ETH-USD,SELL,1886.24,581,2026-01-01T01:16:58Z
order_00004620,batch_0004,trader_0015,ETH-USD,BUY,2134.68,626,2026-01-01T01:16:59Z
order_00004621,batch_0004,trader_0024,ETH-USD,BUY,2042.51,267,2026-01-01T01:17:00Z
order_00004622,batch_0004,trader_0013,ETH-USD,SELL,1808.01,856,2026-01-01T01:17:01Z
order_00004623,batch_0004,trader_0003,ETH-USD,BUY,2014.18,792,2026-01-01T01:17:02Z
order_00004624,batch_0004,trader_0005,ETH-USD,SELL,2118.64,119,2026-01-01T01:17:03Z
order_00004625,batch_0004,trader_0018,ETH-USD,SELL,2094.8,236,2026-01-01T01:17:04Z
order_00004626,batch_0004,trader_0013,ETH-USD,SELL,2024.03,116,2026-01-01T01:17:05Z
order_00004627,batch_0004,trader_0005,ETH-USD,SELL,2084.98,595,2026-01-01T01:17:06Z
order_00004628,batch_0004,trader_0008,ETH-USD,BUY,2015.61,185,2026-01-01T01:17:07Z
order_00004629,batch_0004,trader_0017,ETH-USD,SELL,2163.2,247,2026-01-01T01:17:08Z
order_00004630,batch_0004,trader_0008,ETH-USD,SELL,2153.77,557,2026-01-01T01:17:09Z
order_00004631,batch_0004,trader_0018,ETH-USD,SELL,1935.64,86,2026-01-01T01:17:10Z
order_00004632,batch_0004,trader_0005,ETH-USD,BUY,1932.83,268,2026-01-01T01:17:11Z
order_00004633,batch_0004,trader_0007,ETH-USD,SELL,1971.09,46,2026-01-01T01:17:12Z
order_00004634,batch_0004,trader_0021,ETH-USD,BUY,1888.2,809,2026-01-01T01:17:13Z
order_00004635,batch_0004,trader_0003,ETH-USD,BUY,2049.94,152,2026-01-01T01:17:14Z
order_00004636,batch_0004,trader_0024,ETH-USD,BUY,2018.69,650,2026-01-01T01:17:15Z
order_00004637,batch_0004,trader_0009,ETH-USD,SELL,1865.85,472,2026-01-01T01:17:16Z
order_00004638,batch_0004,trader_0025,ETH-USD,SELL,1811.98,346,2026-01-01T01:17:17Z
order_00004639,batch_0004,trader_0023,ETH-USD,BUY,2110.12,28,2026-01-01T01:17:18Z
order_00004640,batch_0004,trader_0003,ETH-USD,BUY,2089.24,830,2026-01-01T01:17:19Z
order_00004641,batch_0004,trader_0021,ETH-USD,BUY,2096.88,776,2026-01-01T01:17:20Z
order_00004642,batch_0004,trader_0016,ETH-USD,SELL,2075.18,85,2026-01-01T01:17:21Z
order_00004643,batch_0004,trader_0018,ETH-USD,SELL,1975.59,101,2026-01-01T01:17:22Z
order_00004644,batch_0004,trader_0024,ETH-USD,SELL,2114.99,59,2026-01-01T01:17:23Z
order_00004645,batch_0004,trader_0012,ETH-USD,SELL,2087.69,27,2026-01-01T01:17:24Z
order_00004646,batch_0004,trader_0017,ETH-USD,BUY,1846.06,689,2026-01-01T01:17:25Z
order_00004647,batch_0004,trader_0006,ETH-USD,SELL,1916.86,771,2026-01-01T01:17:26Z
order_00004648,batch_0004,trader_0022,ETH-USD,BUY,1859.18,833,2026-01-01T01:17:27Z
order_00004649,batch_0004,trader_0017,ETH-USD,SELL,1914.87,489,2026-01-01T01:17:28Z
order_00004650,batch_0004,trader_0025,ETH-USD,SELL,1860.23,79,2026-01-01T01:17:29Z
order_00004651,batch_0004,trader_0011,ETH-USD,BUY,2115.32,637,2026-01-01T01:17:30Z
order_00004652,batch_0004,trader_0015,ETH-USD,BUY,2002.86,42,2026-01-01T01:17:31Z
order_00004653,batch_0004,trader_0022,ETH-USD,BUY,1819.54,614,2026-01-01T01:17:32Z
order_00004654,batch_0004,trader_0021,ETH-USD,BUY,1951.16,252,2026-01-01T01:17:33Z
order_00004655,batch_0004,trader_0009,ETH-USD,BUY,2089.56,371,2026-01-01T01:17:34Z
order_00004656,batch_0004,trader_0004,ETH-USD,SELL,1951.09,415,2026-01-01T01:17:35Z
order_00004657,batch_0004,trader_0017,ETH-USD,BUY,2119.08,153,2026-01-01T01:17:36Z
order_00004658,batch_0004,trader_0002,ETH-USD,BUY,1947.83,330,2026-01-01T01:17:37Z
order_00004659,batch_0004,trader_0019,ETH-USD,BUY,1868.09,842,2026-01-01T01:17:38Z
order_00004660,batch_0004,trader_0002,ETH-USD,BUY,2021.02,43,2026-01-01T01:17:39Z
order_00004661,batch_0004,trader_0008,ETH-USD,SELL,1962.69,55,2026-01-01T01:17:40Z
order_00004662,batch_0004,trader_0015,ETH-USD,BUY,2045.68,877,2026-01-01T01:17:41Z
order_00004663,batch_0004,trader_0025,ETH-USD,SELL,2199.5,806,2026-01-01T01:17:42Z
order_00004664,batch_0004,trader_0017,ETH-USD,SELL,2181.24,652,2026-01-01T01:17:43Z
order_00004665,batch_0004,trader_0002,ETH-USD,BUY,1824.28,67,2026-01-01T01:17:44Z
order_00004666,batch_0004,trader_0017,ETH-USD,SELL,1956.67,887,2026-01-01T01:17:45Z
order_00004667,batch_0004,trader_0024,ETH-USD,BUY,2166.09,570,2026-01-01T01:17:46Z
order_00004668,batch_0004,trader_0021,ETH-USD,BUY,2093.31,641,2026-01-01T01:17:47Z
order_00004669,batch_0004,trader_0008,ETH-USD,BUY,1989.46,972,2026-01-01T01:17:48Z
order_00004670,batch_0004,trader_0007,ETH-USD,SELL,2087.27,388,2026-01-01T01:17:49Z
order_00004671,batch_0004,trader_0008,ETH-USD,SELL,1959.88,66,2026-01-01T01:17:50Z
order_00004672,batch_0004,trader_0013,ETH-USD,BUY,1856.6,68,2026-01-01T01:17:51Z
order_00004673,batch_0004,trader_0017,ETH-USD,SELL,2090.4,303,2026-01-01T01:17:52Z
order_00004674,batch_0004,trader_0010,ETH-USD,SELL,2066.79,686,2026-01-01T01:17:53Z
order_00004675,batch_0004,trader_0014,ETH-USD,BUY,1808.28,163,2026-01-01T01:17:54Z
order_00004676,batch_0004,trader_0024,ETH-USD,SELL,1947.3,134,2026-01-01T01:17:55Z
order_00004677,batch_0004,trader_0010,ETH-USD,SELL,1885.55,442,2026-01-01T01:17:56Z
order_00004678,batch_0004,trader_0002,ETH-USD,SELL,1832.87,258,2026-01-01T01:17:57Z
order_00004679,batch_0004,trader_0021,ETH-USD,SELL,2178.18,299,2026-01-01T01:17:58Z
order_00004680,batch_0004,trader_0012,ETH-USD,BUY,2178.46,364,2026-01-01T01:17:59Z
order_00004681,batch_0004,trader_0006,ETH-USD,SELL,2149.39,888,2026-01-01T01:18:00Z
order_00004682,batch_0004,trader_0012,ETH-USD,BUY,2088.45,235,2026-01-01T01:18:01Z
order_00004683,batch_0004,trader_0007,ETH-USD,BUY,1874.78,700,2026-01-01T01:18:02Z
order_00004684,batch_0004,trader_0022,ETH-USD,SELL,2091.7,934,2026-01-01T01:18:03Z
order_00004685,batch_0004,trader_0009,ETH-USD,BUY,1923.09,387,2026-01-01T01:18:04Z
order_00004686,batch_0004,trader_0017,ETH-USD,SELL,2030.28,526,2026-01-01T01:18:05Z
order_00004687,batch_0004,trader_0008,ETH-USD,SELL,1809.0,941,2026-01-01T01:18:06Z
order_00004688,batch_0004,trader_0023,ETH-USD,SELL,1896.58,378,2026-01-01T01:18:07Z
order_00004689,batch_0004,trader_0009,ETH-USD,SELL,2132.17,183,2026-01-01T01:18:08Z
order_00004690,batch_0004,trader_0020,ETH-USD,BUY,1853.7,996,2026-01-01T01:18:09Z
order_00004691,batch_0004,trader_0011,ETH-USD,SELL,2069.47,64,2026-01-01T01:18:10Z
order_00004692,batch_0004,trader_0010,ETH-USD,BUY,2055.63,704,2026-01-01T01:18:11Z
order_00004693,batch_0004,trader_0025,ETH-USD,BUY,1886.45,939,2026-01-01T01:18:12Z
order_00004694,batch_0004,trader_0009,ETH-USD,SELL,2131.41,199,2026-01-01T01:18:13Z
order_00004695,batch_0004,trader_0013,ETH-USD,SELL,2083.55,905,2026-01-01T01:18:14Z
order_00004696,batch_0004,trader_0004,ETH-USD,SELL,1856.57,827,2026-01-01T01:18:15Z
order_00004697,batch_0004,trader_0017,ETH-USD,BUY,2039.94,729,2026-01-01T01:18:16Z
order_00004698,batch_0004,trader_0018,ETH-USD,BUY,2114.95,900,2026-01-01T01:18:17Z
order_00004699,batch_0004,trader_0019,ETH-USD,BUY,1879.45,1000,2026-01-01T01:18:18Z
order_00004700,batch_0004,trader_0007,ETH-USD,BUY,1879.2,696,2026-01-01T01:18:19Z
order_00004701,batch_0004,trader_0008,ETH-USD,BUY,1929.21,660,2026-01-01T01:18:20Z
order_00004702,batch_0004,trader_0024,ETH-USD,BUY,2141.93,417,2026-01-01T01:18:21Z
order_00004703,batch_0004,trader_0020,ETH-USD,BUY,2167.25,86,2026-01-01T01:18:22Z
order_00004704,batch_0004,trader_0011,ETH-USD,SELL,2103.36,509,2026-01-01T01:18:23Z
order_00004705,batch_0004,trader_0017,ETH-USD,SELL,1984.69,98,2026-01-01T01:18:24Z
order_00004706,batch_0004,trader_0017,ETH-USD,SELL,2021.02,798,2026-01-01T01:18:25Z
order_00004707,batch_0004,trader_0007,ETH-USD,SELL,2164.6,11,2026-01-01T01:18:26Z
order_00004708,batch_0004,trader_0004,ETH-USD,SELL,1811.76,831,2026-01-01T01:18:27Z
order_00004709,batch_0004,trader_0005,ETH-USD,BUY,1844.81,425,2026-01-01T01:18:28Z
order_00004710,batch_0004,trader_0008,ETH-USD,SELL,2169.73,537,2026-01-01T01:18:29Z
order_00004711,batch_0004,trader_0023,ETH-USD,SELL,1988.91,342,2026-01-01T01:18:30Z
order_00004712,batch_0004,trader_0020,ETH-USD,BUY,1913.46,747,2026-01-01T01:18:31Z
order_00004713,batch_0004,trader_0001,ETH-USD,BUY,2163.17,743,2026-01-01T01:18:32Z
order_00004714,batch_0004,trader_0012,ETH-USD,SELL,1885.48,697,2026-01-01T01:18:33Z
order_00004715,batch_0004,trader_0002,ETH-USD,SELL,1853.57,355,2026-01-01T01:18:34Z
order_00004716,batch_0004,trader_0004,ETH-USD,BUY,1828.37,619,2026-01-01T01:18:35Z
order_00004717,batch_0004,trader_0010,ETH-USD,SELL,2108.75,655,2026-01-01T01:18:36Z
order_00004718,batch_0004,trader_0013,ETH-USD,BUY,1890.34,300,2026-01-01T01:18:37Z
order_00004719,batch_0004,trader_0019,ETH-USD,SELL,2135.23,352,2026-01-01T01:18:38Z
order_00004720,batch_0004,trader_0024,ETH-USD,BUY,1877.88,418,2026-01-01T01:18:39Z
order_00004721,batch_0004,trader_0017,ETH-USD,BUY,2042.63,221,2026-01-01T01:18:40Z
order_00004722,batch_0004,trader_0011,ETH-USD,BUY,1980.52,246,2026-01-01T01:18:41Z
order_00004723,batch_0004,trader_0002,ETH-USD,BUY,1836.89,79,2026-01-01T01:18:42Z
order_00004724,batch_0004,trader_0005,ETH-USD,SELL,2092.29,878,2026-01-01T01:18:43Z
order_00004725,batch_0004,trader_0002,ETH-USD,SELL,2176.27,418,2026-01-01T01:18:44Z
order_00004726,batch_0004,trader_0011,ETH-USD,SELL,1808.5,646,2026-01-01T01:18:45Z
order_00004727,batch_0004,trader_0014,ETH-USD,BUY,1958.2,959,2026-01-01T01:18:46Z
order_00004728,batch_0004,trader_0023,ETH-USD,SELL,1818.54,762,2026-01-01T01:18:47Z
order_00004729,batch_0004,trader_0025,ETH-USD,BUY,1851.51,765,2026-01-01T01:18:48Z
order_00004730,batch_0004,trader_0007,ETH-USD,SELL,1816.86,962,2026-01-01T01:18:49Z
order_00004731,batch_0004,trader_0007,ETH-USD,SELL,2008.1,57,2026-01-01T01:18:50Z
order_00004732,batch_0004,trader_0003,ETH-USD,BUY,2153.82,408,2026-01-01T01:18:51Z
order_00004733,batch_0004,trader_0005,ETH-USD,SELL,1810.91,782,2026-01-01T01:18:52Z
order_00004734,batch_0004,trader_0024,ETH-USD,SELL,1928.15,75,2026-01-01T01:18:53Z
order_00004735,batch_0004,trader_0007,ETH-USD,BUY,1870.2,976,2026-01-01T01:18:54Z
order_00004736,batch_0004,trader_0014,ETH-USD,BUY,1942.32,349,2026-01-01T01:18:55Z
order_00004737,batch_0004,trader_0004,ETH-USD,SELL,1974.5,188,2026-01-01T01:18:56Z
order_00004738,batch_0004,trader_0025,ETH-USD,BUY,1994.11,868,2026-01-01T01:18:57Z
order_00004739,batch_0004,trader_0007,ETH-USD,SELL,1857.04,925,2026-01-01T01:18:58Z
order_00004740,batch_0004,trader_0024,ETH-USD,SELL,1905.51,852,2026-01-01T01:18:59Z
order_00004741,batch_0004,trader_0018,ETH-USD,SELL,1896.84,119,2026-01-01T01:19:00Z
order_00004742,batch_0004,trader_0025,ETH-USD,BUY,2194.06,541,2026-01-01T01:19:01Z
order_00004743,batch_0004,trader_0022,ETH-USD,BUY,1894.97,306,2026-01-01T01:19:02Z
order_00004744,batch_0004,trader_0005,ETH-USD,SELL,2157.49,755,2026-01-01T01:19:03Z
order_00004745,batch_0004,trader_0012,ETH-USD,BUY,1893.5,218,2026-01-01T01:19:04Z
order_00004746,batch_0004,trader_0022,ETH-USD,SELL,1821.36,128,2026-01-01T01:19:05Z
order_00004747,batch_0004,trader_0020,ETH-USD,BUY,2077.59,708,2026-01-01T01:19:06Z
order_00004748,batch_0004,trader_0019,ETH-USD,SELL,1947.3,520,2026-01-01T01:19:07Z
order_00004749,batch_0004,trader_0010,ETH-USD,SELL,2121.31,67,2026-01-01T01:19:08Z
order_00004750,batch_0004,trader_0015,ETH-USD,SELL,1806.31,958,2026-01-01T01:19:09Z
order_00004751,batch_0004,trader_0013,ETH-USD,SELL,2122.93,597,2026-01-01T01:19:10Z
order_00004752,batch_0004,trader_0021,ETH-USD,SELL,2029.11,724,2026-01-01T01:19:11Z
order_00004753,batch_0004,trader_0013,ETH-USD,BUY,2029.09,640,2026-01-01T01:19:12Z
order_00004754,batch_0004,trader_0018,ETH-USD,SELL,1918.56,673,2026-01-01T01:19:13Z
order_00004755,batch_0004,trader_0024,ETH-USD,SELL,2040.12,778,2026-01-01T01:19:14Z
order_00004756,batch_0004,trader_0015,ETH-USD,SELL,2192.49,780,2026-01-01T01:19:15Z
order_00004757,batch_0004,trader_0018,ETH-USD,BUY,1918.22,535,2026-01-01T01:19:16Z
order_00004758,batch_0004,trader_0019,ETH-USD,SELL,1953.64,594,2026-01-01T01:19:17Z
order_00004759,batch_0004,trader_0010,ETH-USD,BUY,2026.14,339,2026-01-01T01:19:18Z
order_00004760,batch_0004,trader_0019,ETH-USD,BUY,2154.94,513,2026-01-01T01:19:19Z
order_00004761,batch_0004,trader_0006,ETH-USD,SELL,2142.73,999,2026-01-01T01:19:20Z
order_00004762,batch_0004,trader_0025,ETH-USD,SELL,1873.98,111,2026-01-01T01:19:21Z
order_00004763,batch_0004,trader_0005,ETH-USD,SELL,1917.77,229,2026-01-01T01:19:22Z
order_00004764,batch_0004,trader_0018,ETH-USD,SELL,1961.68,441,2026-01-01T01:19:23Z
order_00004765,batch_0004,trader_0023,ETH-USD,SELL,1963.13,57,2026-01-01T01:19:24Z
order_00004766,batch_0004,trader_0013,ETH-USD,BUY,1989.19,572,2026-01-01T01:19:25Z
order_00004767,batch_0004,trader_0001,ETH-USD,SELL,2105.52,469,2026-01-01T01:19:26Z
order_00004768,batch_0004,trader_0010,ETH-USD,SELL,2099.71,179,2026-01-01T01:19:27Z
order_00004769,batch_0004,trader_0020,ETH-USD,SELL,1891.24,742,2026-01-01T01:19:28Z
order_00004770,batch_0004,trader_0012,ETH-USD,BUY,2065.02,687,2026-01-01T01:19:29Z
order_00004771,batch_0004,trader_0005,ETH-USD,SELL,2180.03,921,2026-01-01T01:19:30Z
order_00004772,batch_0004,trader_0010,ETH-USD,SELL,2102.8,575,2026-01-01T01:19:31Z
order_00004773,batch_0004,trader_0014,ETH-USD,SELL,1937.87,919,2026-01-01T01:19:32Z
order_00004774,batch_0004,trader_0023,ETH-USD,SELL,2192.64,121,2026-01-01T01:19:33Z
order_00004775,batch_0004,trader_0018,ETH-USD,SELL,1936.54,445,2026-01-01T01:19:34Z
order_00004776,batch_0004,trader_0019,ETH-USD,SELL,1858.9,803,2026-01-01T01:19:35Z
order_00004777,batch_0004,trader_0014,ETH-USD,SELL,2070.62,558,2026-01-01T01:19:36Z
order_00004778,batch_0004,trader_0013,ETH-USD,SELL,2113.44,96,2026-01-01T01:19:37Z
order_00004779,batch_0004,trader_0003,ETH-USD,SELL,1962.77,353,2026-01-01T01:19:38Z
order_00004780,batch_0004,trader_0016,ETH-USD,SELL,1805.97,222,2026-01-01T01:19:39Z
order_00004781,batch_0004,trader_0022,ETH-USD,SELL,2068.8,101,2026-01-01T01:19:40Z
order_00004782,batch_0004,trader_0017,ETH-USD,SELL,1876.11,785,2026-01-01T01:19:41Z
order_00004783,batch_0004,trader_0025,ETH-USD,BUY,2192.19,345,2026-01-01T01:19:42Z
order_00004784,batch_0004,trader_0009,ETH-USD,BUY,1876.82,864,2026-01-01T01:19:43Z
order_00004785,batch_0004,trader_0025,ETH-USD,BUY,1896.24,153,2026-01-01T01:19:44Z
order_00004786,batch_0004,trader_0002,ETH-USD,BUY,1908.76,522,2026-01-01T01:19:45Z
order_00004787,batch_0004,trader_0016,ETH-USD,SELL,2183.69,853,2026-01-01T01:19:46Z
order_00004788,batch_0004,trader_0017,ETH-USD,SELL,1802.61,2,2026-01-01T01:19:47Z
order_00004789,batch_0004,trader_0013,ETH-USD,BUY,2162.94,401,2026-01-01T01:19:48Z
order_00004790,batch_0004,trader_0025,ETH-USD,BUY,1846.71,57,2026-01-01T01:19:49Z
order_00004791,batch_0004,trader_0022,ETH-USD,BUY,1830.02,207,2026-01-01T01:19:50Z
order_00004792,batch_0004,trader_0001,ETH-USD,BUY,1933.94,627,2026-01-01T01:19:51Z
order_00004793,batch_0004,trader_0002,ETH-USD,BUY,1950.08,68,2026-01-01T01:19:52Z
order_00004794,batch_0004,trader_0021,ETH-USD,SELL,1832.04,286,2026-01-01T01:19:53Z
order_00004795,batch_0004,trader_0002,ETH-USD,SELL,2095.09,879,2026-01-01T01:19:54Z
order_00004796,batch_0004,trader_0021,ETH-USD,BUY,1870.88,793,2026-01-01T01:19:55Z
order_00004797,batch_0004,trader_0015,ETH-USD,SELL,2032.98,893,2026-01-01T01:19:56Z
order_00004798,batch_0004,trader_0024,ETH-USD,SELL,1857.46,643,2026-01-01T01:19:57Z
order_00004799,batch_0004,trader_0001,ETH-USD,BUY,1911.92,653,2026-01-01T01:19:58Z
order_00004800,batch_0004,trader_0010,ETH-USD,SELL,1977.08,452,2026-01-01T01:19:59Z
order_00004801,batch_0004,trader_0015,ETH-USD,BUY,2085.73,60,2026-01-01T01:20:00Z
order_00004802,batch_0004,trader_0014,ETH-USD,SELL,1961.29,744,2026-01-01T01:20:01Z
order_00004803,batch_0004,trader_0001,ETH-USD,SELL,1854.88,611,2026-01-01T01:20:02Z
order_00004804,batch_0004,trader_0016,ETH-USD,SELL,2098.35,95,2026-01-01T01:20:03Z
order_00004805,batch_0004,trader_0013,ETH-USD,SELL,1989.66,846,2026-01-01T01:20:04Z
order_00004806,batch_0004,trader_0020,ETH-USD,SELL,2026.17,165,2026-01-01T01:20:05Z
order_00004807,batch_0004,trader_0013,ETH-USD,BUY,1905.42,797,2026-01-01T01:20:06Z
order_00004808,batch_0004,trader_0003,ETH-USD,SELL,2013.41,691,2026-01-01T01:20:07Z
order_00004809,batch_0004,trader_0008,ETH-USD,SELL,1881.07,204,2026-01-01T01:20:08Z
order_00004810,batch_0004,trader_0011,ETH-USD,BUY,2181.68,136,2026-01-01T01:20:09Z
order_00004811,batch_0004,trader_0012,ETH-USD,BUY,1868.5,953,2026-01-01T01:20:10Z
order_00004812,batch_0004,trader_0018,ETH-USD,SELL,1843.49,411,2026-01-01T01:20:11Z
order_00004813,batch_0004,trader_0006,ETH-USD,SELL,1804.26,476,2026-01-01T01:20:12Z
order_00004814,batch_0004,trader_0001,ETH-USD,SELL,2041.17,81,2026-01-01T01:20:13Z
order_00004815,batch_0004,trader_0008,ETH-USD,BUY,2100.14,225,2026-01-01T01:20:14Z
order_00004816,batch_0004,trader_0015,ETH-USD,SELL,1927.1,686,2026-01-01T01:20:15Z
order_00004817,batch_0004,trader_0013,ETH-USD,BUY,2190.57,588,2026-01-01T01:20:16Z
order_00004818,batch_0004,trader_0022,ETH-USD,BUY,1979.0,224,2026-01-01T01:20:17Z
order_00004819,batch_0004,trader_0002,ETH-USD,SELL,1905.84,315,2026-01-01T01:20:18Z
order_00004820,batch_0004,trader_0011,ETH-USD,SELL,2145.82,173,2026-01-01T01:20:19Z
order_00004821,batch_0004,trader_0017,ETH-USD,BUY,1958.24,885,2026-01-01T01:20:20Z
order_00004822,batch_0004,trader_0009,ETH-USD,BUY,1837.81,838,2026-01-01T01:20:21Z
order_00004823,batch_0004,trader_0007,ETH-USD,BUY,1894.6,55,2026-01-01T01:20:22Z
order_00004824,batch_0004,trader_0016,ETH-USD,SELL,1840.65,852,2026-01-01T01:20:23Z
order_00004825,batch_0004,trader_0015,ETH-USD,SELL,1856.71,950,2026-01-01T01:20:24Z
order_00004826,batch_0004,trader_0006,ETH-USD,SELL,2066.91,512,2026-01-01T01:20:25Z
order_00004827,batch_0004,trader_0006,ETH-USD,SELL,1805.61,77,2026-01-01T01:20:26Z
order_00004828,batch_0004,trader_0019,ETH-USD,SELL,1996.63,900,2026-01-01T01:20:27Z
order_00004829,batch_0004,trader_0007,ETH-USD,SELL,1840.94,187,2026-01-01T01:20:28Z
order_00004830,batch_0004,trader_0006,ETH-USD,BUY,2189.47,953,2026-01-01T01:20:29Z
order_00004831,batch_0004,trader_0016,ETH-USD,SELL,2093.82,349,2026-01-01T01:20:30Z
order_00004832,batch_0004,trader_0008,ETH-USD,SELL,2042.6,704,2026-01-01T01:20:31Z
order_00004833,batch_0004,trader_0018,ETH-USD,SELL,2130.53,888,2026-01-01T01:20:32Z
order_00004834,batch_0004,trader_0006,ETH-USD,BUY,2139.23,118,2026-01-01T01:20:33Z
order_00004835,batch_0004,trader_0011,ETH-USD,SELL,1963.37,327,2026-01-01T01:20:34Z
order_00004836,batch_0004,trader_0024,ETH-USD,BUY,1979.86,769,2026-01-01T01:20:35Z
order_00004837,batch_0004,trader_0018,ETH-USD,BUY,2081.13,805,2026-01-01T01:20:36Z
order_00004838,batch_0004,trader_0004,ETH-USD,SELL,1961.11,439,2026-01-01T01:20:37Z
order_00004839,batch_0004,trader_0016,ETH-USD,BUY,1824.44,717,2026-01-01T01:20:38Z
order_00004840,batch_0004,trader_0005,ETH-USD,BUY,2007.31,415,2026-01-01T01:20:39Z
order_00004841,batch_0004,trader_0001,ETH-USD,SELL,1946.03,16,2026-01-01T01:20:40Z
order_00004842,batch_0004,trader_0006,ETH-USD,BUY,1833.74,148,2026-01-01T01:20:41Z
order_00004843,batch_0004,trader_0022,ETH-USD,BUY,1939.72,645,2026-01-01T01:20:42Z
order_00004844,batch_0004,trader_0022,ETH-USD,BUY,2071.5,403,2026-01-01T01:20:43Z
order_00004845,batch_0004,trader_0015,ETH-USD,BUY,1934.02,796,2026-01-01T01:20:44Z
order_00004846,batch_0004,trader_0019,ETH-USD,SELL,1905.96,704,2026-01-01T01:20:45Z
order_00004847,batch_0004,trader_0025,ETH-USD,BUY,2009.13,75,2026-01-01T01:20:46Z
order_00004848,batch_0004,trader_0005,ETH-USD,SELL,2192.68,75,2026-01-01T01:20:47Z
order_00004849,batch_0004,trader_0025,ETH-USD,BUY,2187.57,408,2026-01-01T01:20:48Z
order_00004850,batch_0004,trader_0018,ETH-USD,SELL,2023.01,41,2026-01-01T01:20:49Z
order_00004851,batch_0004,trader_0020,ETH-USD,SELL,1894.09,275,2026-01-01T01:20:50Z
order_00004852,batch_0004,trader_0001,ETH-USD,SELL,2113.34,296,2026-01-01T01:20:51Z
order_00004853,batch_0004,trader_0002,ETH-USD,SELL,2156.87,130,2026-01-01T01:20:52Z
order_00004854,batch_0004,trader_0020,ETH-USD,SELL,1813.56,818,2026-01-01T01:20:53Z
order_00004855,batch_0004,trader_0018,ETH-USD,SELL,2064.93,236,2026-01-01T01:20:54Z
order_00004856,batch_0004,trader_0023,ETH-USD,BUY,2039.29,737,2026-01-01T01:20:55Z
order_00004857,batch_0004,trader_0005,ETH-USD,BUY,1916.75,993,2026-01-01T01:20:56Z
order_00004858,batch_0004,trader_0024,ETH-USD,BUY,1935.09,621,2026-01-01T01:20:57Z
order_00004859,batch_0004,trader_0021,ETH-USD,SELL,2051.81,567,2026-01-01T01:20:58Z
order_00004860,batch_0004,trader_0018,ETH-USD,BUY,1980.75,356,2026-01-01T01:20:59Z
order_00004861,batch_0004,trader_0002,ETH-USD,SELL,2124.1,986,2026-01-01T01:21:00Z
order_00004862,batch_0004,trader_0006,ETH-USD,SELL,1836.67,452,2026-01-01T01:21:01Z
order_00004863,batch_0004,trader_0013,ETH-USD,BUY,1960.66,558,2026-01-01T01:21:02Z
order_00004864,batch_0004,trader_0022,ETH-USD,BUY,2107.64,553,2026-01-01T01:21:03Z
order_00004865,batch_0004,trader_0009,ETH-USD,BUY,2046.23,957,2026-01-01T01:21:04Z
order_00004866,batch_0004,trader_0003,ETH-USD,BUY,2185.41,80,2026-01-01T01:21:05Z
order_00004867,batch_0004,trader_0016,ETH-USD,SELL,2189.34,680,2026-01-01T01:21:06Z
order_00004868,batch_0004,trader_0005,ETH-USD,SELL,1953.79,505,2026-01-01T01:21:07Z
order_00004869,batch_0004,trader_0017,ETH-USD,SELL,2166.13,589,2026-01-01T01:21:08Z
order_00004870,batch_0004,trader_0005,ETH-USD,BUY,1861.57,866,2026-01-01T01:21:09Z
order_00004871,batch_0004,trader_0024,ETH-USD,BUY,1878.46,591,2026-01-01T01:21:10Z
order_00004872,batch_0004,trader_0022,ETH-USD,BUY,2012.86,659,2026-01-01T01:21:11Z
order_00004873,batch_0004,trader_0022,ETH-USD,SELL,2057.42,409,2026-01-01T01:21:12Z
order_00004874,batch_0004,trader_0023,ETH-USD,SELL,1947.47,244,2026-01-01T01:21:13Z
order_00004875,batch_0004,trader_0012,ETH-USD,BUY,2065.43,31,2026-01-01T01:21:14Z
order_00004876,batch_0004,trader_0020,ETH-USD,SELL,1952.38,400,2026-01-01T01:21:15Z
order_00004877,batch_0004,trader_0001,ETH-USD,BUY,2027.68,468,2026-01-01T01:21:16Z
order_00004878,batch_0004,trader_0018,ETH-USD,SELL,1911.84,172,2026-01-01T01:21:17Z
order_00004879,batch_0004,trader_0012,ETH-USD,BUY,1937.05,765,2026-01-01T01:21:18Z
order_00004880,batch_0004,trader_0013,ETH-USD,BUY,2173.69,187,2026-01-01T01:21:19Z
order_00004881,batch_0004,trader_0012,ETH-USD,BUY,1878.44,404,2026-01-01T01:21:20Z
order_00004882,batch_0004,trader_0021,ETH-USD,SELL,1917.67,627,2026-01-01T01:21:21Z
order_00004883,batch_0004,trader_0018,ETH-USD,BUY,1853.24,975,2026-01-01T01:21:22Z
order_00004884,batch_0004,trader_0013,ETH-USD,SELL,1907.7,868,2026-01-01T01:21:23Z
order_00004885,batch_0004,trader_0007,ETH-USD,SELL,2146.52,228,2026-01-01T01:21:24Z
order_00004886,batch_0004,trader_0004,ETH-USD,SELL,2169.51,924,2026-01-01T01:21:25Z
order_00004887,batch_0004,trader_0022,ETH-USD,BUY,1904.29,169,2026-01-01T01:21:26Z
order_00004888,batch_0004,trader_0025,ETH-USD,SELL,1874.64,336,2026-01-01T01:21:27Z
order_00004889,batch_0004,trader_0011,ETH-USD,BUY,1993.32,955,2026-01-01T01:21:28Z
order_00004890,batch_0004,trader_0013,ETH-USD,BUY,2030.18,992,2026-01-01T01:21:29Z
order_00004891,batch_0004,trader_0008,ETH-USD,SELL,2147.33,227,2026-01-01T01:21:30Z
order_00004892,batch_0004,trader_0012,ETH-USD,BUY,2112.67,623,2026-01-01T01:21:31Z
order_00004893,batch_0004,trader_0017,ETH-USD,BUY,2196.57,882,2026-01-01T01:21:32Z
order_00004894,batch_0004,trader_0012,ETH-USD,BUY,1956.49,728,2026-01-01T01:21:33Z
order_00004895,batch_0004,trader_0009,ETH-USD,BUY,1995.85,662,2026-01-01T01:21:34Z
order_00004896,batch_0004,trader_0011,ETH-USD,SELL,2140.05,973,2026-01-01T01:21:35Z
order_00004897,batch_0004,trader_0025,ETH-USD,BUY,2102.4,329,2026-01-01T01:21:36Z
order_00004898,batch_0004,trader_0001,ETH-USD,SELL,1904.68,845,2026-01-01T01:21:37Z
order_00004899,batch_0004,trader_0022,ETH-USD,BUY,2049.27,644,2026-01-01T01:21:38Z
order_00004900,batch_0004,trader_0004,ETH-USD,SELL,2030.79,845,2026-01-01T01:21:39Z
order_00004901,batch_0004,trader_0002,ETH-USD,SELL,1993.7,614,2026-01-01T01:21:40Z
order_00004902,batch_0004,trader_0019,ETH-USD,BUY,2081.87,854,2026-01-01T01:21:41Z
order_00004903,batch_0004,trader_0012,ETH-USD,BUY,1815.08,813,2026-01-01T01:21:42Z
order_00004904,batch_0004,trader_0010,ETH-USD,BUY,1835.28,315,2026-01-01T01:21:43Z
order_00004905,batch_0004,trader_0007,ETH-USD,BUY,2131.04,335,2026-01-01T01:21:44Z
order_00004906,batch_0004,trader_0020,ETH-USD,BUY,1869.4,747,2026-01-01T01:21:45Z
order_00004907,batch_0004,trader_0024,ETH-USD,SELL,1967.79,838,2026-01-01T01:21:46Z
order_00004908,batch_0004,trader_0014,ETH-USD,SELL,1838.95,538,2026-01-01T01:21:47Z
order_00004909,batch_0004,trader_0020,ETH-USD,BUY,1818.32,325,2026-01-01T01:21:48Z
order_00004910,batch_0004,trader_0021,ETH-USD,BUY,1859.87,867,2026-01-01T01:21:49Z
order_00004911,batch_0004,trader_0003,ETH-USD,SELL,2180.15,291,2026-01-01T01:21:50Z
order_00004912,batch_0004,trader_0013,ETH-USD,BUY,1870.93,363,2026-01-01T01:21:51Z
order_00004913,batch_0004,trader_0023,ETH-USD,SELL,2199.04,971,2026-01-01T01:21:52Z
order_00004914,batch_0004,trader_0020,ETH-USD,SELL,2024.59,485,2026-01-01T01:21:53Z
order_00004915,batch_0004,trader_0001,ETH-USD,SELL,2103.11,135,2026-01-01T01:21:54Z
order_00004916,batch_0004,trader_0017,ETH-USD,BUY,1894.0,133,2026-01-01T01:21:55Z
order_00004917,batch_0004,trader_0013,ETH-USD,SELL,2106.79,878,2026-01-01T01:21:56Z
order_00004918,batch_0004,trader_0018,ETH-USD,BUY,2174.07,141,2026-01-01T01:21:57Z
order_00004919,batch_0004,trader_0014,ETH-USD,SELL,2110.34,829,2026-01-01T01:21:58Z
order_00004920,batch_0004,trader_0019,ETH-USD,BUY,2145.61,333,2026-01-01T01:21:59Z
order_00004921,batch_0004,trader_0018,ETH-USD,SELL,2101.72,812,2026-01-01T01:22:00Z
order_00004922,batch_0004,trader_0005,ETH-USD,BUY,2145.04,306,2026-01-01T01:22:01Z
order_00004923,batch_0004,trader_0024,ETH-USD,BUY,2004.08,346,2026-01-01T01:22:02Z
order_00004924,batch_0004,trader_0011,ETH-USD,SELL,2016.54,287,2026-01-01T01:22:03Z
order_00004925,batch_0004,trader_0011,ETH-USD,SELL,2185.81,433,2026-01-01T01:22:04Z
order_00004926,batch_0004,trader_0006,ETH-USD,SELL,2045.46,862,2026-01-01T01:22:05Z
order_00004927,batch_0004,trader_0004,ETH-USD,SELL,2183.2,312,2026-01-01T01:22:06Z
order_00004928,batch_0004,trader_0011,ETH-USD,SELL,2077.27,832,2026-01-01T01:22:07Z
order_00004929,batch_0004,trader_0002,ETH-USD,BUY,2140.41,955,2026-01-01T01:22:08Z
order_00004930,batch_0004,trader_0021,ETH-USD,BUY,1922.74,821,2026-01-01T01:22:09Z
order_00004931,batch_0004,trader_0003,ETH-USD,BUY,2151.36,663,2026-01-01T01:22:10Z
order_00004932,batch_0004,trader_0004,ETH-USD,SELL,2057.06,135,2026-01-01T01:22:11Z
order_00004933,batch_0004,trader_0007,ETH-USD,SELL,1926.95,890,2026-01-01T01:22:12Z
order_00004934,batch_0004,trader_0017,ETH-USD,BUY,1992.21,349,2026-01-01T01:22:13Z
order_00004935,batch_0004,trader_0024,ETH-USD,BUY,1970.27,649,2026-01-01T01:22:14Z
order_00004936,batch_0004,trader_0010,ETH-USD,BUY,1913.56,103,2026-01-01T01:22:15Z
order_00004937,batch_0004,trader_0013,ETH-USD,SELL,2046.76,538,2026-01-01T01:22:16Z
order_00004938,batch_0004,trader_0016,ETH-USD,SELL,1996.25,734,2026-01-01T01:22:17Z
order_00004939,batch_0004,trader_0008,ETH-USD,SELL,2196.19,707,2026-01-01T01:22:18Z
order_00004940,batch_0004,trader_0015,ETH-USD,BUY,2054.93,921,2026-01-01T01:22:19Z
order_00004941,batch_0004,trader_0005,ETH-USD,SELL,2057.26,300,2026-01-01T01:22:20Z
order_00004942,batch_0004,trader_0017,ETH-USD,SELL,1946.52,133,2026-01-01T01:22:21Z
order_00004943,batch_0004,trader_0012,ETH-USD,SELL,1867.08,721,2026-01-01T01:22:22Z
order_00004944,batch_0004,trader_0017,ETH-USD,BUY,2183.48,973,2026-01-01T01:22:23Z
order_00004945,batch_0004,trader_0018,ETH-USD,BUY,1869.15,834,2026-01-01T01:22:24Z
order_00004946,batch_0004,trader_0007,ETH-USD,SELL,2094.82,109,2026-01-01T01:22:25Z
order_00004947,batch_0004,trader_0005,ETH-USD,SELL,1880.07,130,2026-01-01T01:22:26Z
order_00004948,batch_0004,trader_0010,ETH-USD,SELL,1802.83,661,2026-01-01T01:22:27Z
order_00004949,batch_0004,trader_0001,ETH-USD,SELL,1950.86,61,2026-01-01T01:22:28Z
order_00004950,batch_0004,trader_0009,ETH-USD,SELL,1897.9,533,2026-01-01T01:22:29Z
order_00004951,batch_0004,trader_0015,ETH-USD,BUY,2087.02,209,2026-01-01T01:22:30Z
order_00004952,batch_0004,trader_0016,ETH-USD,BUY,1866.02,546,2026-01-01T01:22:31Z
order_00004953,batch_0004,trader_0015,ETH-USD,BUY,1834.84,724,2026-01-01T01:22:32Z
order_00004954,batch_0004,trader_0016,ETH-USD,BUY,2159.94,186,2026-01-01T01:22:33Z
order_00004955,batch_0004,trader_0012,ETH-USD,BUY,2098.73,267,2026-01-01T01:22:34Z
order_00004956,batch_0004,trader_0013,ETH-USD,SELL,1993.53,273,2026-01-01T01:22:35Z
order_00004957,batch_0004,trader_0011,ETH-USD,BUY,2176.86,585,2026-01-01T01:22:36Z
order_00004958,batch_0004,trader_0025,ETH-USD,BUY,2004.37,93,2026-01-01T01:22:37Z
order_00004959,batch_0004,trader_0022,ETH-USD,SELL,1981.43,760,2026-01-01T01:22:38Z
order_00004960,batch_0004,trader_0002,ETH-USD,SELL,1840.9,748,2026-01-01T01:22:39Z
order_00004961,batch_0004,trader_0004,ETH-USD,SELL,2087.32,187,2026-01-01T01:22:40Z
order_00004962,batch_0004,trader_0022,ETH-USD,SELL,1825.33,180,2026-01-01T01:22:41Z
order_00004963,batch_0004,trader_0024,ETH-USD,BUY,2114.88,454,2026-01-01T01:22:42Z
order_00004964,batch_0004,trader_0006,ETH-USD,BUY,2062.16,579,2026-01-01T01:22:43Z
order_00004965,batch_0004,trader_0006,ETH-USD,SELL,1811.71,949,2026-01-01T01:22:44Z
order_00004966,batch_0004,trader_0020,ETH-USD,BUY,2182.08,591,2026-01-01T01:22:45Z
order_00004967,batch_0004,trader_0004,ETH-USD,BUY,2152.62,422,2026-01-01T01:22:46Z
order_00004968,batch_0004,trader_0019,ETH-USD,SELL,1930.78,819,2026-01-01T01:22:47Z
order_00004969,batch_0004,trader_0018,ETH-USD,BUY,1894.51,311,2026-01-01T01:22:48Z
order_00004970,batch_0004,trader_0021,ETH-USD,BUY,1866.63,919,2026-01-01T01:22:49Z
order_00004971,batch_0004,trader_0019,ETH-USD,BUY,1897.81,988,2026-01-01T01:22:50Z
order_00004972,batch_0004,trader_0018,ETH-USD,SELL,1881.27,554,2026-01-01T01:22:51Z
order_00004973,batch_0004,trader_0016,ETH-USD,SELL,1967.15,274,2026-01-01T01:22:52Z
order_00004974,batch_0004,trader_0016,ETH-USD,SELL,2094.85,475,2026-01-01T01:22:53Z
order_00004975,batch_0004,trader_0008,ETH-USD,BUY,1957.23,828,2026-01-01T01:22:54Z
order_00004976,batch_0004,trader_0009,ETH-USD,SELL,1933.05,585,2026-01-01T01:22:55Z
order_00004977,batch_0004,trader_0020,ETH-USD,SELL,2109.97,976,2026-01-01T01:22:56Z
order_00004978,batch_0004,trader_0015,ETH-USD,SELL,1872.18,120,2026-01-01T01:22:57Z
order_00004979,batch_0004,trader_0015,ETH-USD,SELL,2144.25,869,2026-01-01T01:22:58Z
order_00004980,batch_0004,trader_0003,ETH-USD,BUY,1869.73,585,2026-01-01T01:22:59Z
order_00004981,batch_0004,trader_0020,ETH-USD,BUY,1898.6,340,2026-01-01T01:23:00Z
order_00004982,batch_0004,trader_0024,ETH-USD,BUY,2164.27,540,2026-01-01T01:23:01Z
order_00004983,batch_0004,trader_0011,ETH-USD,BUY,2083.17,503,2026-01-01T01:23:02Z
order_00004984,batch_0004,trader_0017,ETH-USD,BUY,2023.32,975,2026-01-01T01:23:03Z
order_00004985,batch_0004,trader_0022,ETH-USD,BUY,1811.23,153,2026-01-01T01:23:04Z
order_00004986,batch_0004,trader_0012,ETH-USD,SELL,1853.89,101,2026-01-01T01:23:05Z
order_00004987,batch_0004,trader_0002,ETH-USD,BUY,2090.44,810,2026-01-01T01:23:06Z
order_00004988,batch_0004,trader_0002,ETH-USD,SELL,1815.06,178,2026-01-01T01:23:07Z
order_00004989,batch_0004,trader_0022,ETH-USD,BUY,1995.58,568,2026-01-01T01:23:08Z
order_00004990,batch_0004,trader_0019,ETH-USD,SELL,2001.38,532,2026-01-01T01:23:09Z
order_00004991,batch_0004,trader_0024,ETH-USD,BUY,1884.23,701,2026-01-01T01:23:10Z
order_00004992,batch_0004,trader_0017,ETH-USD,SELL,1948.88,900,2026-01-01T01:23:11Z
order_00004993,batch_0004,trader_0013,ETH-USD,BUY,2054.97,243,2026-01-01T01:23:12Z
order_00004994,batch_0004,trader_0025,ETH-USD,SELL,2135.14,818,2026-01-01T01:23:13Z
order_00004995,batch_0004,trader_0007,ETH-USD,SELL,2107.43,834,2026-01-01T01:23:14Z
order_00004996,batch_0004,trader_0013,ETH-USD,BUY,1894.51,310,2026-01-01T01:23:15Z
order_00004997,batch_0004,trader_0019,ETH-USD,SELL,2029.07,835,2026-01-01T01:23:16Z
order_00004998,batch_0004,trader_0006,ETH-USD,BUY,1826.56,472,2026-01-01T01:23:17Z
order_00004999,batch_0004,trader_0003,ETH-USD,SELL,2091.18,893,2026-01-01T01:23:18Z
order_00005000,batch_0004,trader_0006,ETH-USD,BUY,2057.16,153,2026-01-01T01:23:19Z
order_00005001,batch_0004,trader_0024,ETH-USD,SELL,2176.73,748,2026-01-01T01:23:20Z
order_00005002,batch_0004,trader_0007,ETH-USD,BUY,1836.99,25,2026-01-01T01:23:21Z
order_00005003,batch_0004,trader_0017,ETH-USD,BUY,2147.14,670,2026-01-01T01:23:22Z
order_00005004,batch_0004,trader_0001,ETH-USD,BUY,2129.3,627,2026-01-01T01:23:23Z
order_00005005,batch_0004,trader_0022,ETH-USD,SELL,1833.06,482,2026-01-01T01:23:24Z
order_00005006,batch_0004,trader_0004,ETH-USD,SELL,2043.48,96,2026-01-01T01:23:25Z
order_00005007,batch_0004,trader_0024,ETH-USD,BUY,2053.32,50,2026-01-01T01:23:26Z
order_00005008,batch_0004,trader_0022,ETH-USD,BUY,1862.96,213,2026-01-01T01:23:27Z
order_00005009,batch_0004,trader_0015,ETH-USD,SELL,1984.14,984,2026-01-01T01:23:28Z
order_00005010,batch_0004,trader_0020,ETH-USD,SELL,1821.4,143,2026-01-01T01:23:29Z
order_00005011,batch_0004,trader_0004,ETH-USD,SELL,1835.69,690,2026-01-01T01:23:30Z
order_00005012,batch_0004,trader_0006,ETH-USD,BUY,1851.8,108,2026-01-01T01:23:31Z
order_00005013,batch_0004,trader_0015,ETH-USD,BUY,2088.67,633,2026-01-01T01:23:32Z
order_00005014,batch_0004,trader_0017,ETH-USD,BUY,2064.69,352,2026-01-01T01:23:33Z
order_00005015,batch_0004,trader_0020,ETH-USD,SELL,1899.47,955,2026-01-01T01:23:34Z
order_00005016,batch_0004,trader_0019,ETH-USD,SELL,1814.81,220,2026-01-01T01:23:35Z
order_00005017,batch_0004,trader_0018,ETH-USD,BUY,1934.93,390,2026-01-01T01:23:36Z
order_00005018,batch_0004,trader_0022,ETH-USD,BUY,1982.14,184,2026-01-01T01:23:37Z
order_00005019,batch_0004,trader_0005,ETH-USD,SELL,2008.4,796,2026-01-01T01:23:38Z
order_00005020,batch_0004,trader_0003,ETH-USD,SELL,1870.45,289,2026-01-01T01:23:39Z
order_00005021,batch_0004,trader_0013,ETH-USD,BUY,2023.35,809,2026-01-01T01:23:40Z
order_00005022,batch_0004,trader_0001,ETH-USD,SELL,2168.77,144,2026-01-01T01:23:41Z
order_00005023,batch_0004,trader_0005,ETH-USD,SELL,2192.79,335,2026-01-01T01:23:42Z
order_00005024,batch_0004,trader_0019,ETH-USD,SELL,1851.52,385,2026-01-01T01:23:43Z
order_00005025,batch_0004,trader_0012,ETH-USD,BUY,1946.69,868,2026-01-01T01:23:44Z
order_00005026,batch_0004,trader_0024,ETH-USD,SELL,2116.39,860,2026-01-01T01:23:45Z
order_00005027,batch_0004,trader_0007,ETH-USD,SELL,2122.14,2,2026-01-01T01:23:46Z
order_00005028,batch_0004,trader_0005,ETH-USD,SELL,2038.48,583,2026-01-01T01:23:47Z
order_00005029,batch_0004,trader_0001,ETH-USD,SELL,1998.62,598,2026-01-01T01:23:48Z
order_00005030,batch_0004,trader_0004,ETH-USD,SELL,2187.55,235,2026-01-01T01:23:49Z
order_00005031,batch_0004,trader_0012,ETH-USD,BUY,1969.54,196,2026-01-01T01:23:50Z
order_00005032,batch_0004,trader_0010,ETH-USD,SELL,1946.68,553,2026-01-01T01:23:51Z
order_00005033,batch_0004,trader_0001,ETH-USD,SELL,1884.81,134,2026-01-01T01:23:52Z
order_00005034,batch_0004,trader_0025,ETH-USD,BUY,2155.24,77,2026-01-01T01:23:53Z
order_00005035,batch_0004,trader_0002,ETH-USD,BUY,2196.04,145,2026-01-01T01:23:54Z
order_00005036,batch_0004,trader_0016,ETH-USD,BUY,2045.7,371,2026-01-01T01:23:55Z
order_00005037,batch_0004,trader_0006,ETH-USD,BUY,1911.17,507,2026-01-01T01:23:56Z
order_00005038,batch_0004,trader_0024,ETH-USD,SELL,1977.25,63,2026-01-01T01:23:57Z
order_00005039,batch_0004,trader_0019,ETH-USD,SELL,1970.48,442,2026-01-01T01:23:58Z
order_00005040,batch_0004,trader_0010,ETH-USD,BUY,1852.0,234,2026-01-01T01:23:59Z
order_00005041,batch_0004,trader_0011,ETH-USD,SELL,2160.45,968,2026-01-01T01:24:00Z
order_00005042,batch_0004,trader_0022,ETH-USD,BUY,2145.62,976,2026-01-01T01:24:01Z
order_00005043,batch_0004,trader_0023,ETH-USD,SELL,1888.73,8,2026-01-01T01:24:02Z
order_00005044,batch_0004,trader_0004,ETH-USD,SELL,1899.88,34,2026-01-01T01:24:03Z
order_00005045,batch_0004,trader_0013,ETH-USD,BUY,2163.19,372,2026-01-01T01:24:04Z
order_00005046,batch_0004,trader_0021,ETH-USD,SELL,2165.68,578,2026-01-01T01:24:05Z
order_00005047,batch_0004,trader_0010,ETH-USD,BUY,2157.22,434,2026-01-01T01:24:06Z
order_00005048,batch_0004,trader_0022,ETH-USD,SELL,1977.12,380,2026-01-01T01:24:07Z
order_00005049,batch_0004,trader_0014,ETH-USD,SELL,1948.79,357,2026-01-01T01:24:08Z
order_00005050,batch_0004,trader_0016,ETH-USD,SELL,1898.44,969,2026-01-01T01:24:09Z
order_00005051,batch_0004,trader_0009,ETH-USD,SELL,2134.71,141,2026-01-01T01:24:10Z
order_00005052,batch_0004,trader_0018,ETH-USD,BUY,1844.22,3,2026-01-01T01:24:11Z
order_00005053,batch_0004,trader_0017,ETH-USD,BUY,2118.9,122,2026-01-01T01:24:12Z
order_00005054,batch_0004,trader_0024,ETH-USD,BUY,1810.66,213,2026-01-01T01:24:13Z
order_00005055,batch_0004,trader_0015,ETH-USD,SELL,1891.94,568,2026-01-01T01:24:14Z
order_00005056,batch_0004,trader_0016,ETH-USD,BUY,2177.28,782,2026-01-01T01:24:15Z
order_00005057,batch_0004,trader_0001,ETH-USD,BUY,1817.05,529,2026-01-01T01:24:16Z
order_00005058,batch_0004,trader_0012,ETH-USD,SELL,2090.71,832,2026-01-01T01:24:17Z
order_00005059,batch_0004,trader_0024,ETH-USD,BUY,2037.1,152,2026-01-01T01:24:18Z
order_00005060,batch_0004,trader_0015,ETH-USD,BUY,2081.72,351,2026-01-01T01:24:19Z
order_00005061,batch_0004,trader_0015,ETH-USD,BUY,1816.98,521,2026-01-01T01:24:20Z
order_00005062,batch_0004,trader_0008,ETH-USD,BUY,1984.78,56,2026-01-01T01:24:21Z
order_00005063,batch_0004,trader_0010,ETH-USD,BUY,1819.12,993,2026-01-01T01:24:22Z
order_00005064,batch_0004,trader_0016,ETH-USD,BUY,2181.56,544,2026-01-01T01:24:23Z
order_00005065,batch_0004,trader_0004,ETH-USD,BUY,1960.25,821,2026-01-01T01:24:24Z
order_00005066,batch_0004,trader_0014,ETH-USD,SELL,1806.97,26,2026-01-01T01:24:25Z
order_00005067,batch_0004,trader_0022,ETH-USD,BUY,2143.76,545,2026-01-01T01:24:26Z
order_00005068,batch_0004,trader_0020,ETH-USD,BUY,2081.36,437,2026-01-01T01:24:27Z
order_00005069,batch_0004,trader_0018,ETH-USD,BUY,1881.82,31,2026-01-01T01:24:28Z
order_00005070,batch_0004,trader_0025,ETH-USD,BUY,2199.9,204,2026-01-01T01:24:29Z
order_00005071,batch_0004,trader_0015,ETH-USD,BUY,1862.63,413,2026-01-01T01:24:30Z
order_00005072,batch_0004,trader_0013,ETH-USD,SELL,1974.99,859,2026-01-01T01:24:31Z
order_00005073,batch_0004,trader_0019,ETH-USD,BUY,1831.57,153,2026-01-01T01:24:32Z
order_00005074,batch_0004,trader_0023,ETH-USD,BUY,2132.28,247,2026-01-01T01:24:33Z
order_00005075,batch_0004,trader_0009,ETH-USD,SELL,1812.83,20,2026-01-01T01:24:34Z
order_00005076,batch_0004,trader_0011,ETH-USD,BUY,1840.07,436,2026-01-01T01:24:35Z
order_00005077,batch_0004,trader_0004,ETH-USD,SELL,2102.04,26,2026-01-01T01:24:36Z
order_00005078,batch_0004,trader_0015,ETH-USD,BUY,1994.26,603,2026-01-01T01:24:37Z
order_00005079,batch_0004,trader_0024,ETH-USD,BUY,1814.94,259,2026-01-01T01:24:38Z
order_00005080,batch_0004,trader_0025,ETH-USD,SELL,1894.38,600,2026-01-01T01:24:39Z
order_00005081,batch_0004,trader_0019,ETH-USD,SELL,2128.22,70,2026-01-01T01:24:40Z
order_00005082,batch_0004,trader_0023,ETH-USD,SELL,2083.0,879,2026-01-01T01:24:41Z
order_00005083,batch_0004,trader_0022,ETH-USD,BUY,1926.02,4,2026-01-01T01:24:42Z
order_00005084,batch_0004,trader_0006,ETH-USD,SELL,1926.67,68,2026-01-01T01:24:43Z
order_00005085,batch_0004,trader_0002,ETH-USD,BUY,2043.54,626,2026-01-01T01:24:44Z
order_00005086,batch_0004,trader_0020,ETH-USD,SELL,2058.63,305,2026-01-01T01:24:45Z
order_00005087,batch_0004,trader_0020,ETH-USD,SELL,2165.03,952,2026-01-01T01:24:46Z
order_00005088,batch_0004,trader_0021,ETH-USD,SELL,2055.55,505,2026-01-01T01:24:47Z
order_00005089,batch_0004,trader_0022,ETH-USD,BUY,2036.13,475,2026-01-01T01:24:48Z
order_00005090,batch_0004,trader_0018,ETH-USD,BUY,1952.89,425,2026-01-01T01:24:49Z
order_00005091,batch_0004,trader_0013,ETH-USD,SELL,1964.35,105,2026-01-01T01:24:50Z
order_00005092,batch_0004,trader_0010,ETH-USD,SELL,1886.51,153,2026-01-01T01:24:51Z
order_00005093,batch_0004,trader_0009,ETH-USD,SELL,1991.96,497,2026-01-01T01:24:52Z
order_00005094,batch_0004,trader_0011,ETH-USD,BUY,1869.68,851,2026-01-01T01:24:53Z
order_00005095,batch_0004,trader_0017,ETH-USD,BUY,2094.79,216,2026-01-01T01:24:54Z
order_00005096,batch_0004,trader_0019,ETH-USD,SELL,1915.64,610,2026-01-01T01:24:55Z
order_00005097,batch_0004,trader_0001,ETH-USD,SELL,1978.43,626,2026-01-01T01:24:56Z
order_00005098,batch_0004,trader_0006,ETH-USD,BUY,2164.43,843,2026-01-01T01:24:57Z
order_00005099,batch_0004,trader_0022,ETH-USD,SELL,2195.22,869,2026-01-01T01:24:58Z
order_00005100,batch_0004,trader_0017,ETH-USD,BUY,1986.91,220,2026-01-01T01:24:59Z
order_00005101,batch_0004,trader_0006,ETH-USD,BUY,2016.22,926,2026-01-01T01:25:00Z
order_00005102,batch_0004,trader_0006,ETH-USD,BUY,1821.97,421,2026-01-01T01:25:01Z
order_00005103,batch_0004,trader_0022,ETH-USD,SELL,1810.97,676,2026-01-01T01:25:02Z
order_00005104,batch_0004,trader_0018,ETH-USD,SELL,2139.85,98,2026-01-01T01:25:03Z
order_00005105,batch_0004,trader_0012,ETH-USD,SELL,1833.48,819,2026-01-01T01:25:04Z
order_00005106,batch_0004,trader_0017,ETH-USD,SELL,2046.08,769,2026-01-01T01:25:05Z
order_00005107,batch_0004,trader_0019,ETH-USD,SELL,2197.22,907,2026-01-01T01:25:06Z
order_00005108,batch_0004,trader_0003,ETH-USD,BUY,2158.98,151,2026-01-01T01:25:07Z
order_00005109,batch_0004,trader_0018,ETH-USD,SELL,1808.97,986,2026-01-01T01:25:08Z
order_00005110,batch_0004,trader_0022,ETH-USD,SELL,2185.83,602,2026-01-01T01:25:09Z
order_00005111,batch_0004,trader_0003,ETH-USD,SELL,2128.14,835,2026-01-01T01:25:10Z
order_00005112,batch_0004,trader_0009,ETH-USD,SELL,1959.6,951,2026-01-01T01:25:11Z
order_00005113,batch_0004,trader_0004,ETH-USD,BUY,1864.29,142,2026-01-01T01:25:12Z
order_00005114,batch_0004,trader_0017,ETH-USD,BUY,2153.38,902,2026-01-01T01:25:13Z
order_00005115,batch_0004,trader_0015,ETH-USD,SELL,1893.26,950,2026-01-01T01:25:14Z
order_00005116,batch_0004,trader_0001,ETH-USD,SELL,1975.07,383,2026-01-01T01:25:15Z
order_00005117,batch_0004,trader_0009,ETH-USD,SELL,2124.75,64,2026-01-01T01:25:16Z
order_00005118,batch_0004,trader_0016,ETH-USD,SELL,1989.72,429,2026-01-01T01:25:17Z
order_00005119,batch_0004,trader_0007,ETH-USD,SELL,2137.04,849,2026-01-01T01:25:18Z
order_00005120,batch_0004,trader_0013,ETH-USD,BUY,1919.82,88,2026-01-01T01:25:19Z
order_00005121,batch_0004,trader_0006,ETH-USD,BUY,2067.19,664,2026-01-01T01:25:20Z
order_00005122,batch_0004,trader_0019,ETH-USD,SELL,2069.74,512,2026-01-01T01:25:21Z
order_00005123,batch_0004,trader_0014,ETH-USD,BUY,2039.96,170,2026-01-01T01:25:22Z
order_00005124,batch_0004,trader_0024,ETH-USD,SELL,1860.17,517,2026-01-01T01:25:23Z
order_00005125,batch_0004,trader_0022,ETH-USD,SELL,2177.31,593,2026-01-01T01:25:24Z
order_00005126,batch_0004,trader_0002,ETH-USD,SELL,2065.83,489,2026-01-01T01:25:25Z
order_00005127,batch_0004,trader_0023,ETH-USD,BUY,1941.86,603,2026-01-01T01:25:26Z
order_00005128,batch_0004,trader_0019,ETH-USD,BUY,2116.19,927,2026-01-01T01:25:27Z
order_00005129,batch_0004,trader_0016,ETH-USD,BUY,1970.86,364,2026-01-01T01:25:28Z
order_00005130,batch_0004,trader_0016,ETH-USD,SELL,1899.24,658,2026-01-01T01:25:29Z
order_00005131,batch_0004,trader_0018,ETH-USD,BUY,2123.39,916,2026-01-01T01:25:30Z
order_00005132,batch_0004,trader_0012,ETH-USD,SELL,2089.15,342,2026-01-01T01:25:31Z
order_00005133,batch_0004,trader_0022,ETH-USD,BUY,1984.1,954,2026-01-01T01:25:32Z
order_00005134,batch_0004,trader_0021,ETH-USD,SELL,1872.69,408,2026-01-01T01:25:33Z
order_00005135,batch_0004,trader_0023,ETH-USD,BUY,2170.49,620,2026-01-01T01:25:34Z
order_00005136,batch_0004,trader_0013,ETH-USD,SELL,2043.93,856,2026-01-01T01:25:35Z
order_00005137,batch_0004,trader_0020,ETH-USD,SELL,1905.93,738,2026-01-01T01:25:36Z
order_00005138,batch_0004,trader_0010,ETH-USD,BUY,1981.22,273,2026-01-01T01:25:37Z
order_00005139,batch_0004,trader_0018,ETH-USD,BUY,1804.65,455,2026-01-01T01:25:38Z
order_00005140,batch_0004,trader_0012,ETH-USD,BUY,1856.94,396,2026-01-01T01:25:39Z
order_00005141,batch_0004,trader_0014,ETH-USD,SELL,2130.21,249,2026-01-01T01:25:40Z
order_00005142,batch_0004,trader_0017,ETH-USD,BUY,1850.02,560,2026-01-01T01:25:41Z
order_00005143,batch_0004,trader_0008,ETH-USD,SELL,2115.74,984,2026-01-01T01:25:42Z
order_00005144,batch_0004,trader_0017,ETH-USD,BUY,2013.08,410,2026-01-01T01:25:43Z
order_00005145,batch_0004,trader_0005,ETH-USD,BUY,2152.13,43,2026-01-01T01:25:44Z
order_00005146,batch_0004,trader_0025,ETH-USD,SELL,1991.81,405,2026-01-01T01:25:45Z
order_00005147,batch_0004,trader_0014,ETH-USD,SELL,2030.3,617,2026-01-01T01:25:46Z
order_00005148,batch_0004,trader_0010,ETH-USD,BUY,1825.36,854,2026-01-01T01:25:47Z
order_00005149,batch_0004,trader_0025,ETH-USD,BUY,1845.18,850,2026-01-01T01:25:48Z
order_00005150,batch_0004,trader_0025,ETH-USD,SELL,1943.1,255,2026-01-01T01:25:49Z
order_00005151,batch_0004,trader_0007,ETH-USD,SELL,2125.95,656,2026-01-01T01:25:50Z
order_00005152,batch_0004,trader_0016,ETH-USD,SELL,1893.06,111,2026-01-01T01:25:51Z
order_00005153,batch_0004,trader_0006,ETH-USD,SELL,1800.17,916,2026-01-01T01:25:52Z
order_00005154,batch_0004,trader_0011,ETH-USD,SELL,2167.34,45,2026-01-01T01:25:53Z
order_00005155,batch_0004,trader_0025,ETH-USD,SELL,1960.24,97,2026-01-01T01:25:54Z
order_00005156,batch_0004,trader_0012,ETH-USD,SELL,2164.0,23,2026-01-01T01:25:55Z
order_00005157,batch_0004,trader_0016,ETH-USD,SELL,2100.19,286,2026-01-01T01:25:56Z
order_00005158,batch_0004,trader_0014,ETH-USD,BUY,2046.51,128,2026-01-01T01:25:57Z
order_00005159,batch_0004,trader_0023,ETH-USD,BUY,2149.22,33,2026-01-01T01:25:58Z
order_00005160,batch_0004,trader_0014,ETH-USD,BUY,2115.08,29,2026-01-01T01:25:59Z
order_00005161,batch_0004,trader_0024,ETH-USD,BUY,1988.02,65,2026-01-01T01:26:00Z
order_00005162,batch_0004,trader_0003,ETH-USD,BUY,2172.54,934,2026-01-01T01:26:01Z
order_00005163,batch_0004,trader_0020,ETH-USD,SELL,2080.08,130,2026-01-01T01:26:02Z
order_00005164,batch_0004,trader_0002,ETH-USD,SELL,2018.65,772,2026-01-01T01:26:03Z
order_00005165,batch_0004,trader_0001,ETH-USD,SELL,2163.02,980,2026-01-01T01:26:04Z
order_00005166,batch_0004,trader_0005,ETH-USD,SELL,2133.33,473,2026-01-01T01:26:05Z
order_00005167,batch_0004,trader_0014,ETH-USD,BUY,1977.14,82,2026-01-01T01:26:06Z
order_00005168,batch_0004,trader_0011,ETH-USD,SELL,2114.91,108,2026-01-01T01:26:07Z
order_00005169,batch_0004,trader_0013,ETH-USD,SELL,1957.81,942,2026-01-01T01:26:08Z
order_00005170,batch_0004,trader_0022,ETH-USD,SELL,1968.87,560,2026-01-01T01:26:09Z
order_00005171,batch_0004,trader_0023,ETH-USD,SELL,2166.06,825,2026-01-01T01:26:10Z
order_00005172,batch_0004,trader_0018,ETH-USD,SELL,2078.59,406,2026-01-01T01:26:11Z
order_00005173,batch_0004,trader_0019,ETH-USD,BUY,2002.69,953,2026-01-01T01:26:12Z
order_00005174,batch_0004,trader_0011,ETH-USD,BUY,2146.69,914,2026-01-01T01:26:13Z
order_00005175,batch_0004,trader_0022,ETH-USD,BUY,2191.56,268,2026-01-01T01:26:14Z
order_00005176,batch_0004,trader_0024,ETH-USD,BUY,2045.48,128,2026-01-01T01:26:15Z
order_00005177,batch_0004,trader_0022,ETH-USD,SELL,1823.44,185,2026-01-01T01:26:16Z
order_00005178,batch_0004,trader_0013,ETH-USD,SELL,1898.56,370,2026-01-01T01:26:17Z
order_00005179,batch_0004,trader_0003,ETH-USD,SELL,1940.5,46,2026-01-01T01:26:18Z
order_00005180,batch_0004,trader_0002,ETH-USD,BUY,2073.11,433,2026-01-01T01:26:19Z
order_00005181,batch_0004,trader_0025,ETH-USD,BUY,2015.13,611,2026-01-01T01:26:20Z
order_00005182,batch_0004,trader_0011,ETH-USD,SELL,1882.86,405,2026-01-01T01:26:21Z
order_00005183,batch_0004,trader_0005,ETH-USD,BUY,2083.74,1000,2026-01-01T01:26:22Z
order_00005184,batch_0004,trader_0012,ETH-USD,BUY,1903.96,594,2026-01-01T01:26:23Z
order_00005185,batch_0004,trader_0002,ETH-USD,SELL,1994.2,389,2026-01-01T01:26:24Z
order_00005186,batch_0004,trader_0010,ETH-USD,BUY,2060.53,672,2026-01-01T01:26:25Z
order_00005187,batch_0004,trader_0019,ETH-USD,SELL,2012.14,306,2026-01-01T01:26:26Z
order_00005188,batch_0004,trader_0013,ETH-USD,BUY,1917.33,49,2026-01-01T01:26:27Z
order_00005189,batch_0004,trader_0024,ETH-USD,SELL,2146.07,699,2026-01-01T01:26:28Z
order_00005190,batch_0004,trader_0016,ETH-USD,SELL,1973.96,629,2026-01-01T01:26:29Z
order_00005191,batch_0004,trader_0009,ETH-USD,BUY,2115.67,335,2026-01-01T01:26:30Z
order_00005192,batch_0004,trader_0010,ETH-USD,BUY,2116.2,840,2026-01-01T01:26:31Z
order_00005193,batch_0004,trader_0025,ETH-USD,BUY,1945.68,886,2026-01-01T01:26:32Z
order_00005194,batch_0004,trader_0019,ETH-USD,BUY,2156.99,551,2026-01-01T01:26:33Z
order_00005195,batch_0004,trader_0011,ETH-USD,BUY,1923.41,976,2026-01-01T01:26:34Z
order_00005196,batch_0004,trader_0020,ETH-USD,SELL,2112.5,197,2026-01-01T01:26:35Z
order_00005197,batch_0004,trader_0012,ETH-USD,BUY,1897.01,134,2026-01-01T01:26:36Z
order_00005198,batch_0004,trader_0005,ETH-USD,BUY,2150.35,415,2026-01-01T01:26:37Z
order_00005199,batch_0004,trader_0011,ETH-USD,SELL,2108.17,189,2026-01-01T01:26:38Z
order_00005200,batch_0004,trader_0021,ETH-USD,SELL,1843.36,56,2026-01-01T01:26:39Z
order_00005201,batch_0004,trader_0002,ETH-USD,BUY,1938.81,623,2026-01-01T01:26:40Z
order_00005202,batch_0004,trader_0006,ETH-USD,BUY,2070.11,955,2026-01-01T01:26:41Z
order_00005203,batch_0004,trader_0010,ETH-USD,SELL,1869.96,122,2026-01-01T01:26:42Z
order_00005204,batch_0004,trader_0014,ETH-USD,BUY,2119.28,781,2026-01-01T01:26:43Z
order_00005205,batch_0004,trader_0016,ETH-USD,SELL,2077.58,490,2026-01-01T01:26:44Z
order_00005206,batch_0004,trader_0020,ETH-USD,BUY,2105.52,138,2026-01-01T01:26:45Z
order_00005207,batch_0004,trader_0006,ETH-USD,BUY,1841.46,29,2026-01-01T01:26:46Z
order_00005208,batch_0004,trader_0017,ETH-USD,BUY,1836.92,103,2026-01-01T01:26:47Z
order_00005209,batch_0004,trader_0017,ETH-USD,SELL,2013.36,258,2026-01-01T01:26:48Z
order_00005210,batch_0004,trader_0018,ETH-USD,SELL,1802.45,62,2026-01-01T01:26:49Z
order_00005211,batch_0004,trader_0013,ETH-USD,BUY,2035.52,486,2026-01-01T01:26:50Z
order_00005212,batch_0004,trader_0005,ETH-USD,BUY,2196.65,507,2026-01-01T01:26:51Z
order_00005213,batch_0004,trader_0020,ETH-USD,BUY,1869.16,82,2026-01-01T01:26:52Z
order_00005214,batch_0004,trader_0001,ETH-USD,SELL,1977.64,367,2026-01-01T01:26:53Z
order_00005215,batch_0004,trader_0023,ETH-USD,SELL,1978.45,280,2026-01-01T01:26:54Z
order_00005216,batch_0004,trader_0021,ETH-USD,BUY,2141.1,270,2026-01-01T01:26:55Z
order_00005217,batch_0004,trader_0004,ETH-USD,SELL,1858.91,78,2026-01-01T01:26:56Z
order_00005218,batch_0004,trader_0009,ETH-USD,SELL,1881.56,55,2026-01-01T01:26:57Z
order_00005219,batch_0004,trader_0011,ETH-USD,BUY,2153.8,778,2026-01-01T01:26:58Z
order_00005220,batch_0004,trader_0024,ETH-USD,BUY,2078.57,355,2026-01-01T01:26:59Z
order_00005221,batch_0004,trader_0015,ETH-USD,BUY,2012.92,771,2026-01-01T01:27:00Z
order_00005222,batch_0004,trader_0006,ETH-USD,SELL,2127.6,998,2026-01-01T01:27:01Z
order_00005223,batch_0004,trader_0006,ETH-USD,BUY,2179.2,272,2026-01-01T01:27:02Z
order_00005224,batch_0004,trader_0023,ETH-USD,BUY,2068.7,127,2026-01-01T01:27:03Z
order_00005225,batch_0004,trader_0009,ETH-USD,SELL,1929.72,516,2026-01-01T01:27:04Z
order_00005226,batch_0004,trader_0009,ETH-USD,BUY,2191.98,771,2026-01-01T01:27:05Z
order_00005227,batch_0004,trader_0009,ETH-USD,BUY,2177.83,693,2026-01-01T01:27:06Z
order_00005228,batch_0004,trader_0015,ETH-USD,BUY,1914.08,377,2026-01-01T01:27:07Z
order_00005229,batch_0004,trader_0003,ETH-USD,BUY,2147.95,150,2026-01-01T01:27:08Z
order_00005230,batch_0004,trader_0023,ETH-USD,BUY,1877.42,968,2026-01-01T01:27:09Z
order_00005231,batch_0004,trader_0020,ETH-USD,SELL,2107.9,293,2026-01-01T01:27:10Z
order_00005232,batch_0004,trader_0022,ETH-USD,SELL,2190.86,749,2026-01-01T01:27:11Z
order_00005233,batch_0004,trader_0003,ETH-USD,SELL,2126.24,752,2026-01-01T01:27:12Z
order_00005234,batch_0004,trader_0025,ETH-USD,BUY,2109.42,923,2026-01-01T01:27:13Z
order_00005235,batch_0004,trader_0021,ETH-USD,BUY,1917.39,681,2026-01-01T01:27:14Z
order_00005236,batch_0004,trader_0001,ETH-USD,SELL,1995.71,171,2026-01-01T01:27:15Z
order_00005237,batch_0004,trader_0013,ETH-USD,BUY,2022.04,853,2026-01-01T01:27:16Z
order_00005238,batch_0004,trader_0016,ETH-USD,SELL,1829.11,840,2026-01-01T01:27:17Z
order_00005239,batch_0004,trader_0002,ETH-USD,BUY,2062.02,13,2026-01-01T01:27:18Z
order_00005240,batch_0004,trader_0013,ETH-USD,SELL,2042.7,69,2026-01-01T01:27:19Z
order_00005241,batch_0004,trader_0011,ETH-USD,SELL,1816.68,847,2026-01-01T01:27:20Z
order_00005242,batch_0004,trader_0020,ETH-USD,SELL,1813.28,200,2026-01-01T01:27:21Z
order_00005243,batch_0004,trader_0018,ETH-USD,SELL,1930.0,236,2026-01-01T01:27:22Z
order_00005244,batch_0004,trader_0008,ETH-USD,SELL,1906.71,149,2026-01-01T01:27:23Z
order_00005245,batch_0004,trader_0001,ETH-USD,BUY,2152.44,236,2026-01-01T01:27:24Z
order_00005246,batch_0004,trader_0021,ETH-USD,BUY,2145.29,943,2026-01-01T01:27:25Z
order_00005247,batch_0004,trader_0013,ETH-USD,SELL,1827.65,528,2026-01-01T01:27:26Z
order_00005248,batch_0004,trader_0003,ETH-USD,BUY,1914.64,518,2026-01-01T01:27:27Z
order_00005249,batch_0004,trader_0009,ETH-USD,SELL,2195.56,354,2026-01-01T01:27:28Z
order_00005250,batch_0004,trader_0012,ETH-USD,BUY,2068.01,939,2026-01-01T01:27:29Z
order_00005251,batch_0004,trader_0018,ETH-USD,BUY,1821.39,438,2026-01-01T01:27:30Z
order_00005252,batch_0004,trader_0023,ETH-USD,BUY,2151.6,548,2026-01-01T01:27:31Z
order_00005253,batch_0004,trader_0015,ETH-USD,BUY,2047.82,618,2026-01-01T01:27:32Z
order_00005254,batch_0004,trader_0021,ETH-USD,SELL,1842.86,566,2026-01-01T01:27:33Z
order_00005255,batch_0004,trader_0024,ETH-USD,SELL,2164.14,774,2026-01-01T01:27:34Z
order_00005256,batch_0004,trader_0004,ETH-USD,SELL,2057.46,247,2026-01-01T01:27:35Z
order_00005257,batch_0004,trader_0017,ETH-USD,BUY,2184.14,468,2026-01-01T01:27:36Z
order_00005258,batch_0004,trader_0013,ETH-USD,SELL,2015.55,896,2026-01-01T01:27:37Z
order_00005259,batch_0004,trader_0019,ETH-USD,SELL,2031.71,582,2026-01-01T01:27:38Z
order_00005260,batch_0004,trader_0025,ETH-USD,SELL,1862.0,796,2026-01-01T01:27:39Z
order_00005261,batch_0004,trader_0011,ETH-USD,SELL,1922.43,63,2026-01-01T01:27:40Z
order_00005262,batch_0004,trader_0016,ETH-USD,BUY,1853.14,720,2026-01-01T01:27:41Z
order_00005263,batch_0004,trader_0005,ETH-USD,BUY,1979.77,860,2026-01-01T01:27:42Z
order_00005264,batch_0004,trader_0003,ETH-USD,BUY,1814.57,239,2026-01-01T01:27:43Z
order_00005265,batch_0004,trader_0013,ETH-USD,SELL,2016.18,613,2026-01-01T01:27:44Z
order_00005266,batch_0004,trader_0007,ETH-USD,SELL,1907.12,180,2026-01-01T01:27:45Z
order_00005267,batch_0004,trader_0015,ETH-USD,SELL,1890.55,665,2026-01-01T01:27:46Z
order_00005268,batch_0004,trader_0004,ETH-USD,BUY,1895.31,242,2026-01-01T01:27:47Z
order_00005269,batch_0004,trader_0022,ETH-USD,BUY,2194.13,116,2026-01-01T01:27:48Z
order_00005270,batch_0004,trader_0006,ETH-USD,SELL,1956.76,31,2026-01-01T01:27:49Z
order_00005271,batch_0004,trader_0006,ETH-USD,SELL,1884.04,581,2026-01-01T01:27:50Z
order_00005272,batch_0004,trader_0023,ETH-USD,SELL,2169.66,528,2026-01-01T01:27:51Z
order_00005273,batch_0004,trader_0005,ETH-USD,SELL,1884.84,947,2026-01-01T01:27:52Z
order_00005274,batch_0004,trader_0006,ETH-USD,BUY,1846.79,836,2026-01-01T01:27:53Z
order_00005275,batch_0004,trader_0003,ETH-USD,BUY,1800.85,911,2026-01-01T01:27:54Z
order_00005276,batch_0004,trader_0013,ETH-USD,SELL,1984.52,396,2026-01-01T01:27:55Z
order_00005277,batch_0004,trader_0021,ETH-USD,BUY,1811.92,932,2026-01-01T01:27:56Z
order_00005278,batch_0004,trader_0022,ETH-USD,SELL,2023.24,889,2026-01-01T01:27:57Z
order_00005279,batch_0004,trader_0018,ETH-USD,BUY,1848.68,396,2026-01-01T01:27:58Z
order_00005280,batch_0004,trader_0013,ETH-USD,BUY,1875.74,303,2026-01-01T01:27:59Z
order_00005281,batch_0004,trader_0024,ETH-USD,SELL,1824.68,296,2026-01-01T01:28:00Z
order_00005282,batch_0004,trader_0011,ETH-USD,BUY,1915.75,567,2026-01-01T01:28:01Z
order_00005283,batch_0004,trader_0019,ETH-USD,SELL,2177.36,657,2026-01-01T01:28:02Z
order_00005284,batch_0004,trader_0009,ETH-USD,SELL,2114.47,49,2026-01-01T01:28:03Z
order_00005285,batch_0004,trader_0018,ETH-USD,BUY,2106.57,770,2026-01-01T01:28:04Z
order_00005286,batch_0004,trader_0014,ETH-USD,SELL,1925.94,200,2026-01-01T01:28:05Z
order_00005287,batch_0004,trader_0022,ETH-USD,SELL,1926.56,603,2026-01-01T01:28:06Z
order_00005288,batch_0004,trader_0024,ETH-USD,SELL,1801.46,36,2026-01-01T01:28:07Z
order_00005289,batch_0004,trader_0025,ETH-USD,SELL,1982.82,18,2026-01-01T01:28:08Z
order_00005290,batch_0004,trader_0009,ETH-USD,BUY,1801.4,187,2026-01-01T01:28:09Z
order_00005291,batch_0004,trader_0013,ETH-USD,SELL,2096.88,976,2026-01-01T01:28:10Z
order_00005292,batch_0004,trader_0023,ETH-USD,BUY,1932.56,77,2026-01-01T01:28:11Z
order_00005293,batch_0004,trader_0022,ETH-USD,BUY,2188.98,444,2026-01-01T01:28:12Z
order_00005294,batch_0004,trader_0001,ETH-USD,BUY,1836.81,276,2026-01-01T01:28:13Z
order_00005295,batch_0004,trader_0010,ETH-USD,SELL,2166.46,403,2026-01-01T01:28:14Z
order_00005296,batch_0004,trader_0008,ETH-USD,SELL,1836.12,726,2026-01-01T01:28:15Z
order_00005297,batch_0004,trader_0018,ETH-USD,SELL,2123.11,2,2026-01-01T01:28:16Z
order_00005298,batch_0004,trader_0019,ETH-USD,BUY,2045.65,409,2026-01-01T01:28:17Z
order_00005299,batch_0004,trader_0017,ETH-USD,BUY,1987.77,634,2026-01-01T01:28:18Z
order_00005300,batch_0004,trader_0025,ETH-USD,SELL,2109.2,377,2026-01-01T01:28:19Z
order_00005301,batch_0004,trader_0010,ETH-USD,BUY,2019.29,430,2026-01-01T01:28:20Z
order_00005302,batch_0004,trader_0019,ETH-USD,SELL,2013.72,387,2026-01-01T01:28:21Z
order_00005303,batch_0004,trader_0020,ETH-USD,SELL,1863.72,415,2026-01-01T01:28:22Z
order_00005304,batch_0004,trader_0018,ETH-USD,BUY,2011.18,16,2026-01-01T01:28:23Z
order_00005305,batch_0004,trader_0021,ETH-USD,BUY,2008.02,569,2026-01-01T01:28:24Z
order_00005306,batch_0004,trader_0022,ETH-USD,SELL,2011.66,484,2026-01-01T01:28:25Z
order_00005307,batch_0004,trader_0003,ETH-USD,SELL,2112.64,497,2026-01-01T01:28:26Z
order_00005308,batch_0004,trader_0014,ETH-USD,BUY,2121.14,380,2026-01-01T01:28:27Z
order_00005309,batch_0004,trader_0019,ETH-USD,BUY,2137.56,465,2026-01-01T01:28:28Z
order_00005310,batch_0004,trader_0020,ETH-USD,BUY,1809.35,387,2026-01-01T01:28:29Z
order_00005311,batch_0004,trader_0005,ETH-USD,BUY,2177.31,23,2026-01-01T01:28:30Z
order_00005312,batch_0004,trader_0012,ETH-USD,BUY,2105.6,719,2026-01-01T01:28:31Z
order_00005313,batch_0004,trader_0019,ETH-USD,BUY,2052.42,987,2026-01-01T01:28:32Z
order_00005314,batch_0004,trader_0001,ETH-USD,SELL,1874.71,894,2026-01-01T01:28:33Z
order_00005315,batch_0004,trader_0001,ETH-USD,BUY,2021.32,81,2026-01-01T01:28:34Z
order_00005316,batch_0004,trader_0005,ETH-USD,SELL,2028.66,919,2026-01-01T01:28:35Z
order_00005317,batch_0004,trader_0011,ETH-USD,SELL,1984.39,803,2026-01-01T01:28:36Z
order_00005318,batch_0004,trader_0015,ETH-USD,SELL,2182.93,995,2026-01-01T01:28:37Z
order_00005319,batch_0004,trader_0022,ETH-USD,BUY,2082.43,298,2026-01-01T01:28:38Z
order_00005320,batch_0004,trader_0020,ETH-USD,SELL,1918.72,500,2026-01-01T01:28:39Z
order_00005321,batch_0004,trader_0022,ETH-USD,BUY,1838.63,77,2026-01-01T01:28:40Z
order_00005322,batch_0004,trader_0009,ETH-USD,SELL,2020.57,661,2026-01-01T01:28:41Z
order_00005323,batch_0004,trader_0005,ETH-USD,BUY,2036.89,730,2026-01-01T01:28:42Z
order_00005324,batch_0004,trader_0020,ETH-USD,BUY,1865.09,182,2026-01-01T01:28:43Z
order_00005325,batch_0004,trader_0003,ETH-USD,SELL,2004.89,343,2026-01-01T01:28:44Z
order_00005326,batch_0004,trader_0009,ETH-USD,BUY,2082.85,831,2026-01-01T01:28:45Z
order_00005327,batch_0004,trader_0005,ETH-USD,SELL,1906.56,376,2026-01-01T01:28:46Z
order_00005328,batch_0004,trader_0010,ETH-USD,BUY,1938.64,567,2026-01-01T01:28:47Z
order_00005329,batch_0004,trader_0011,ETH-USD,BUY,2134.0,854,2026-01-01T01:28:48Z
order_00005330,batch_0004,trader_0019,ETH-USD,BUY,1850.57,518,2026-01-01T01:28:49Z
order_00005331,batch_0004,trader_0016,ETH-USD,BUY,2147.86,865,2026-01-01T01:28:50Z
order_00005332,batch_0004,trader_0024,ETH-USD,SELL,2029.81,728,2026-01-01T01:28:51Z
order_00005333,batch_0004,trader_0023,ETH-USD,BUY,1959.72,648,2026-01-01T01:28:52Z
order_00005334,batch_0004,trader_0002,ETH-USD,SELL,1910.04,420,2026-01-01T01:28:53Z
order_00005335,batch_0004,trader_0009,ETH-USD,BUY,2130.91,217,2026-01-01T01:28:54Z
order_00005336,batch_0004,trader_0017,ETH-USD,SELL,2196.75,482,2026-01-01T01:28:55Z
order_00005337,batch_0004,trader_0024,ETH-USD,BUY,2044.41,574,2026-01-01T01:28:56Z
order_00005338,batch_0004,trader_0003,ETH-USD,SELL,1802.02,287,2026-01-01T01:28:57Z
order_00005339,batch_0004,trader_0017,ETH-USD,BUY,2178.13,668,2026-01-01T01:28:58Z
order_00005340,batch_0004,trader_0015,ETH-USD,BUY,1904.73,706,2026-01-01T01:28:59Z
order_00005341,batch_0004,trader_0003,ETH-USD,BUY,2197.47,140,2026-01-01T01:29:00Z
order_00005342,batch_0004,trader_0025,ETH-USD,BUY,2016.9,957,2026-01-01T01:29:01Z
order_00005343,batch_0004,trader_0012,ETH-USD,BUY,1826.36,494,2026-01-01T01:29:02Z
order_00005344,batch_0004,trader_0002,ETH-USD,SELL,2079.21,657,2026-01-01T01:29:03Z
order_00005345,batch_0004,trader_0001,ETH-USD,BUY,1948.72,589,2026-01-01T01:29:04Z
order_00005346,batch_0004,trader_0004,ETH-USD,SELL,1985.53,865,2026-01-01T01:29:05Z
order_00005347,batch_0004,trader_0006,ETH-USD,SELL,1834.47,673,2026-01-01T01:29:06Z
order_00005348,batch_0004,trader_0024,ETH-USD,BUY,2152.04,766,2026-01-01T01:29:07Z
order_00005349,batch_0004,trader_0015,ETH-USD,BUY,2126.78,970,2026-01-01T01:29:08Z
order_00005350,batch_0004,trader_0002,ETH-USD,BUY,1854.47,584,2026-01-01T01:29:09Z
order_00005351,batch_0004,trader_0019,ETH-USD,BUY,2123.86,73,2026-01-01T01:29:10Z
order_00005352,batch_0004,trader_0016,ETH-USD,BUY,1801.84,16,2026-01-01T01:29:11Z
order_00005353,batch_0004,trader_0021,ETH-USD,BUY,2131.99,718,2026-01-01T01:29:12Z
order_00005354,batch_0004,trader_0010,ETH-USD,BUY,2029.6,517,2026-01-01T01:29:13Z
order_00005355,batch_0004,trader_0008,ETH-USD,SELL,2079.65,336,2026-01-01T01:29:14Z
order_00005356,batch_0004,trader_0017,ETH-USD,SELL,2118.98,145,2026-01-01T01:29:15Z
order_00005357,batch_0004,trader_0007,ETH-USD,BUY,2022.13,608,2026-01-01T01:29:16Z
order_00005358,batch_0004,trader_0020,ETH-USD,SELL,1937.85,423,2026-01-01T01:29:17Z
order_00005359,batch_0004,trader_0004,ETH-USD,BUY,1988.89,980,2026-01-01T01:29:18Z
order_00005360,batch_0004,trader_0020,ETH-USD,BUY,1835.24,751,2026-01-01T01:29:19Z
order_00005361,batch_0004,trader_0016,ETH-USD,SELL,2170.28,528,2026-01-01T01:29:20Z
order_00005362,batch_0004,trader_0003,ETH-USD,BUY,2124.37,319,2026-01-01T01:29:21Z
order_00005363,batch_0004,trader_0003,ETH-USD,BUY,2090.14,790,2026-01-01T01:29:22Z
order_00005364,batch_0004,trader_0012,ETH-USD,BUY,1818.16,341,2026-01-01T01:29:23Z
order_00005365,batch_0004,trader_0008,ETH-USD,SELL,2044.31,680,2026-01-01T01:29:24Z
order_00005366,batch_0004,trader_0010,ETH-USD,SELL,1987.31,71,2026-01-01T01:29:25Z
order_00005367,batch_0004,trader_0024,ETH-USD,BUY,2113.47,903,2026-01-01T01:29:26Z
order_00005368,batch_0004,trader_0008,ETH-USD,BUY,2009.61,263,2026-01-01T01:29:27Z
order_00005369,batch_0004,trader_0017,ETH-USD,BUY,1860.55,941,2026-01-01T01:29:28Z
order_00005370,batch_0004,trader_0018,ETH-USD,BUY,1909.2,883,2026-01-01T01:29:29Z
order_00005371,batch_0004,trader_0007,ETH-USD,BUY,1971.71,764,2026-01-01T01:29:30Z
order_00005372,batch_0004,trader_0009,ETH-USD,SELL,2195.89,225,2026-01-01T01:29:31Z
order_00005373,batch_0004,trader_0007,ETH-USD,SELL,2016.78,954,2026-01-01T01:29:32Z
order_00005374,batch_0004,trader_0008,ETH-USD,SELL,1870.75,991,2026-01-01T01:29:33Z
order_00005375,batch_0004,trader_0010,ETH-USD,BUY,2163.1,817,2026-01-01T01:29:34Z
order_00005376,batch_0004,trader_0011,ETH-USD,BUY,2016.08,142,2026-01-01T01:29:35Z
order_00005377,batch_0004,trader_0009,ETH-USD,BUY,2126.52,457,2026-01-01T01:29:36Z
order_00005378,batch_0004,trader_0020,ETH-USD,SELL,1944.04,403,2026-01-01T01:29:37Z
order_00005379,batch_0004,trader_0013,ETH-USD,BUY,1945.69,82,2026-01-01T01:29:38Z
order_00005380,batch_0004,trader_0001,ETH-USD,BUY,1873.11,579,2026-01-01T01:29:39Z
order_00005381,batch_0004,trader_0025,ETH-USD,SELL,2174.77,554,2026-01-01T01:29:40Z
order_00005382,batch_0004,trader_0023,ETH-USD,BUY,1997.35,44,2026-01-01T01:29:41Z
order_00005383,batch_0004,trader_0020,ETH-USD,BUY,2066.43,29,2026-01-01T01:29:42Z
order_00005384,batch_0004,trader_0003,ETH-USD,BUY,1839.89,240,2026-01-01T01:29:43Z
order_00005385,batch_0004,trader_0013,ETH-USD,SELL,2111.56,474,2026-01-01T01:29:44Z
order_00005386,batch_0004,trader_0011,ETH-USD,BUY,1807.64,704,2026-01-01T01:29:45Z
order_00005387,batch_0004,trader_0022,ETH-USD,SELL,2176.97,722,2026-01-01T01:29:46Z
order_00005388,batch_0004,trader_0006,ETH-USD,BUY,2081.08,704,2026-01-01T01:29:47Z
order_00005389,batch_0004,trader_0012,ETH-USD,SELL,2086.83,416,2026-01-01T01:29:48Z
order_00005390,batch_0004,trader_0009,ETH-USD,SELL,2127.03,323,2026-01-01T01:29:49Z
order_00005391,batch_0004,trader_0001,ETH-USD,SELL,2073.04,86,2026-01-01T01:29:50Z
order_00005392,batch_0004,trader_0015,ETH-USD,SELL,1854.09,683,2026-01-01T01:29:51Z
order_00005393,batch_0004,trader_0019,ETH-USD,SELL,2117.55,804,2026-01-01T01:29:52Z
order_00005394,batch_0004,trader_0006,ETH-USD,BUY,1823.81,986,2026-01-01T01:29:53Z
order_00005395,batch_0004,trader_0002,ETH-USD,SELL,2124.98,778,2026-01-01T01:29:54Z
order_00005396,batch_0004,trader_0024,ETH-USD,BUY,1934.9,114,2026-01-01T01:29:55Z
order_00005397,batch_0004,trader_0021,ETH-USD,SELL,2151.4,929,2026-01-01T01:29:56Z
order_00005398,batch_0004,trader_0021,ETH-USD,SELL,1903.85,603,2026-01-01T01:29:57Z
order_00005399,batch_0004,trader_0010,ETH-USD,SELL,1812.8,348,2026-01-01T01:29:58Z
order_00005400,batch_0004,trader_0025,ETH-USD,BUY,1996.93,855,2026-01-01T01:29:59Z
order_00005401,batch_0004,trader_0015,ETH-USD,BUY,2137.81,196,2026-01-01T01:30:00Z
order_00005402,batch_0004,trader_0023,ETH-USD,SELL,2172.3,51,2026-01-01T01:30:01Z
order_00005403,batch_0004,trader_0001,ETH-USD,SELL,1946.46,691,2026-01-01T01:30:02Z
order_00005404,batch_0004,trader_0003,ETH-USD,SELL,2100.4,683,2026-01-01T01:30:03Z
order_00005405,batch_0004,trader_0022,ETH-USD,BUY,1915.14,403,2026-01-01T01:30:04Z
order_00005406,batch_0004,trader_0024,ETH-USD,SELL,1921.62,994,2026-01-01T01:30:05Z
order_00005407,batch_0004,trader_0004,ETH-USD,BUY,2158.9,707,2026-01-01T01:30:06Z
order_00005408,batch_0004,trader_0002,ETH-USD,BUY,1850.42,357,2026-01-01T01:30:07Z
order_00005409,batch_0004,trader_0020,ETH-USD,SELL,1818.24,439,2026-01-01T01:30:08Z
order_00005410,batch_0004,trader_0003,ETH-USD,SELL,1913.68,779,2026-01-01T01:30:09Z
order_00005411,batch_0004,trader_0004,ETH-USD,SELL,2045.37,642,2026-01-01T01:30:10Z
order_00005412,batch_0004,trader_0020,ETH-USD,SELL,1934.72,670,2026-01-01T01:30:11Z
order_00005413,batch_0004,trader_0012,ETH-USD,SELL,2183.94,179,2026-01-01T01:30:12Z
order_00005414,batch_0004,trader_0012,ETH-USD,BUY,1897.45,769,2026-01-01T01:30:13Z
order_00005415,batch_0004,trader_0012,ETH-USD,SELL,1858.6,349,2026-01-01T01:30:14Z
order_00005416,batch_0004,trader_0016,ETH-USD,BUY,1823.73,35,2026-01-01T01:30:15Z
order_00005417,batch_0004,trader_0001,ETH-USD,SELL,1805.22,592,2026-01-01T01:30:16Z
order_00005418,batch_0004,trader_0018,ETH-USD,BUY,2177.16,439,2026-01-01T01:30:17Z
order_00005419,batch_0004,trader_0015,ETH-USD,BUY,1954.74,560,2026-01-01T01:30:18Z
order_00005420,batch_0004,trader_0008,ETH-USD,BUY,2111.32,46,2026-01-01T01:30:19Z
order_00005421,batch_0004,trader_0022,ETH-USD,SELL,1906.82,513,2026-01-01T01:30:20Z
order_00005422,batch_0004,trader_0022,ETH-USD,BUY,2182.57,912,2026-01-01T01:30:21Z
order_00005423,batch_0004,trader_0019,ETH-USD,BUY,1915.59,869,2026-01-01T01:30:22Z
order_00005424,batch_0004,trader_0001,ETH-USD,SELL,2144.76,384,2026-01-01T01:30:23Z
order_00005425,batch_0004,trader_0025,ETH-USD,BUY,1983.39,503,2026-01-01T01:30:24Z
order_00005426,batch_0004,trader_0001,ETH-USD,SELL,1933.67,161,2026-01-01T01:30:25Z
order_00005427,batch_0004,trader_0001,ETH-USD,BUY,1939.18,649,2026-01-01T01:30:26Z
order_00005428,batch_0004,trader_0011,ETH-USD,BUY,2194.15,218,2026-01-01T01:30:27Z
order_00005429,batch_0004,trader_0010,ETH-USD,BUY,1956.47,921,2026-01-01T01:30:28Z
order_00005430,batch_0004,trader_0019,ETH-USD,BUY,1901.91,551,2026-01-01T01:30:29Z
order_00005431,batch_0004,trader_0019,ETH-USD,BUY,2064.6,192,2026-01-01T01:30:30Z
order_00005432,batch_0004,trader_0008,ETH-USD,SELL,1887.53,154,2026-01-01T01:30:31Z
order_00005433,batch_0004,trader_0001,ETH-USD,BUY,1838.1,877,2026-01-01T01:30:32Z
order_00005434,batch_0004,trader_0021,ETH-USD,SELL,2028.53,33,2026-01-01T01:30:33Z
order_00005435,batch_0004,trader_0002,ETH-USD,SELL,2135.57,432,2026-01-01T01:30:34Z
order_00005436,batch_0004,trader_0018,ETH-USD,BUY,2054.88,6,2026-01-01T01:30:35Z
order_00005437,batch_0004,trader_0008,ETH-USD,SELL,2004.17,424,2026-01-01T01:30:36Z
order_00005438,batch_0004,trader_0003,ETH-USD,BUY,2161.14,908,2026-01-01T01:30:37Z
order_00005439,batch_0004,trader_0005,ETH-USD,BUY,1887.98,455,2026-01-01T01:30:38Z
order_00005440,batch_0004,trader_0022,ETH-USD,SELL,1912.64,7,2026-01-01T01:30:39Z
order_00005441,batch_0004,trader_0015,ETH-USD,BUY,2169.41,999,2026-01-01T01:30:40Z
order_00005442,batch_0004,trader_0018,ETH-USD,BUY,2198.41,898,2026-01-01T01:30:41Z
order_00005443,batch_0004,trader_0019,ETH-USD,SELL,1980.46,557,2026-01-01T01:30:42Z
order_00005444,batch_0004,trader_0024,ETH-USD,SELL,1868.4,90,2026-01-01T01:30:43Z
order_00005445,batch_0004,trader_0013,ETH-USD,SELL,1924.67,434,2026-01-01T01:30:44Z
order_00005446,batch_0004,trader_0014,ETH-USD,BUY,2137.27,977,2026-01-01T01:30:45Z
order_00005447,batch_0004,trader_0001,ETH-USD,SELL,1871.67,904,2026-01-01T01:30:46Z
order_00005448,batch_0004,trader_0012,ETH-USD,SELL,1983.03,145,2026-01-01T01:30:47Z
order_00005449,batch_0004,trader_0015,ETH-USD,SELL,1902.33,80,2026-01-01T01:30:48Z
order_00005450,batch_0004,trader_0001,ETH-USD,SELL,2038.34,712,2026-01-01T01:30:49Z
order_00005451,batch_0004,trader_0012,ETH-USD,SELL,1836.33,118,2026-01-01T01:30:50Z
order_00005452,batch_0004,trader_0018,ETH-USD,SELL,2085.48,232,2026-01-01T01:30:51Z
order_00005453,batch_0004,trader_0006,ETH-USD,BUY,1972.58,194,2026-01-01T01:30:52Z
order_00005454,batch_0004,trader_0022,ETH-USD,BUY,2043.2,815,2026-01-01T01:30:53Z
order_00005455,batch_0004,trader_0017,ETH-USD,BUY,2162.76,362,2026-01-01T01:30:54Z
order_00005456,batch_0004,trader_0016,ETH-USD,SELL,2029.14,535,2026-01-01T01:30:55Z
order_00005457,batch_0004,trader_0004,ETH-USD,SELL,1946.42,703,2026-01-01T01:30:56Z
order_00005458,batch_0004,trader_0014,ETH-USD,BUY,1844.83,792,2026-01-01T01:30:57Z
order_00005459,batch_0004,trader_0018,ETH-USD,BUY,1932.93,381,2026-01-01T01:30:58Z
order_00005460,batch_0004,trader_0019,ETH-USD,BUY,2152.29,603,2026-01-01T01:30:59Z
order_00005461,batch_0004,trader_0006,ETH-USD,SELL,2189.12,707,2026-01-01T01:31:00Z
order_00005462,batch_0004,trader_0017,ETH-USD,SELL,1952.69,97,2026-01-01T01:31:01Z
order_00005463,batch_0004,trader_0025,ETH-USD,BUY,2100.16,52,2026-01-01T01:31:02Z
order_00005464,batch_0004,trader_0025,ETH-USD,BUY,1991.5,243,2026-01-01T01:31:03Z
order_00005465,batch_0004,trader_0003,ETH-USD,SELL,2143.23,619,2026-01-01T01:31:04Z
order_00005466,batch_0004,trader_0005,ETH-USD,SELL,2043.46,385,2026-01-01T01:31:05Z
order_00005467,batch_0004,trader_0006,ETH-USD,SELL,1991.84,596,2026-01-01T01:31:06Z
order_00005468,batch_0004,trader_0010,ETH-USD,SELL,1932.68,283,2026-01-01T01:31:07Z
order_00005469,batch_0004,trader_0017,ETH-USD,SELL,1838.39,674,2026-01-01T01:31:08Z
order_00005470,batch_0004,trader_0006,ETH-USD,BUY,2101.6,740,2026-01-01T01:31:09Z
order_00005471,batch_0004,trader_0020,ETH-USD,BUY,2020.48,182,2026-01-01T01:31:10Z
order_00005472,batch_0004,trader_0008,ETH-USD,BUY,2050.11,131,2026-01-01T01:31:11Z
order_00005473,batch_0004,trader_0009,ETH-USD,BUY,1862.19,969,2026-01-01T01:31:12Z
order_00005474,batch_0004,trader_0009,ETH-USD,BUY,1994.91,286,2026-01-01T01:31:13Z
order_00005475,batch_0004,trader_0024,ETH-USD,SELL,1852.67,749,2026-01-01T01:31:14Z
order_00005476,batch_0004,trader_0014,ETH-USD,SELL,1843.88,766,2026-01-01T01:31:15Z
order_00005477,batch_0004,trader_0020,ETH-USD,SELL,1943.96,980,2026-01-01T01:31:16Z
order_00005478,batch_0004,trader_0005,ETH-USD,SELL,1804.08,718,2026-01-01T01:31:17Z
order_00005479,batch_0004,trader_0002,ETH-USD,SELL,1805.22,753,2026-01-01T01:31:18Z
order_00005480,batch_0004,trader_0023,ETH-USD,SELL,1910.8,52,2026-01-01T01:31:19Z
order_00005481,batch_0004,trader_0005,ETH-USD,SELL,2140.95,225,2026-01-01T01:31:20Z
order_00005482,batch_0004,trader_0005,ETH-USD,SELL,1943.67,510,2026-01-01T01:31:21Z
order_00005483,batch_0004,trader_0023,ETH-USD,SELL,1897.48,106,2026-01-01T01:31:22Z
order_00005484,batch_0004,trader_0005,ETH-USD,BUY,2110.74,921,2026-01-01T01:31:23Z
order_00005485,batch_0004,trader_0002,ETH-USD,SELL,1934.19,428,2026-01-01T01:31:24Z
order_00005486,batch_0004,trader_0022,ETH-USD,BUY,1878.82,406,2026-01-01T01:31:25Z
order_00005487,batch_0004,trader_0020,ETH-USD,SELL,1937.77,59,2026-01-01T01:31:26Z
order_00005488,batch_0004,trader_0015,ETH-USD,BUY,1975.99,849,2026-01-01T01:31:27Z
order_00005489,batch_0004,trader_0020,ETH-USD,BUY,2033.82,925,2026-01-01T01:31:28Z
order_00005490,batch_0004,trader_0022,ETH-USD,SELL,2107.16,136,2026-01-01T01:31:29Z
order_00005491,batch_0004,trader_0003,ETH-USD,BUY,2196.27,166,2026-01-01T01:31:30Z
order_00005492,batch_0004,trader_0024,ETH-USD,BUY,2125.18,905,2026-01-01T01:31:31Z
order_00005493,batch_0004,trader_0020,ETH-USD,BUY,1951.25,306,2026-01-01T01:31:32Z
order_00005494,batch_0004,trader_0024,ETH-USD,BUY,1863.65,968,2026-01-01T01:31:33Z
order_00005495,batch_0004,trader_0001,ETH-USD,SELL,1847.73,224,2026-01-01T01:31:34Z
order_00005496,batch_0004,trader_0018,ETH-USD,BUY,2186.14,863,2026-01-01T01:31:35Z
order_00005497,batch_0004,trader_0013,ETH-USD,SELL,2048.04,69,2026-01-01T01:31:36Z
order_00005498,batch_0004,trader_0007,ETH-USD,BUY,1832.46,582,2026-01-01T01:31:37Z
order_00005499,batch_0004,trader_0017,ETH-USD,SELL,1994.74,430,2026-01-01T01:31:38Z
order_00005500,batch_0004,trader_0012,ETH-USD,BUY,2022.87,416,2026-01-01T01:31:39Z
order_00005501,batch_0004,trader_0013,ETH-USD,SELL,2136.57,428,2026-01-01T01:31:40Z
order_00005502,batch_0004,trader_0002,ETH-USD,BUY,2150.81,772,2026-01-01T01:31:41Z
order_00005503,batch_0004,trader_0005,ETH-USD,BUY,1957.6,718,2026-01-01T01:31:42Z
order_00005504,batch_0004,trader_0012,ETH-USD,BUY,2121.67,525,2026-01-01T01:31:43Z
order_00005505,batch_0004,trader_0025,ETH-USD,BUY,2032.49,311,2026-01-01T01:31:44Z
order_00005506,batch_0004,trader_0002,ETH-USD,SELL,1920.2,261,2026-01-01T01:31:45Z
order_00005507,batch_0004,trader_0007,ETH-USD,BUY,1956.61,442,2026-01-01T01:31:46Z
order_00005508,batch_0004,trader_0023,ETH-USD,SELL,2108.08,620,2026-01-01T01:31:47Z
order_00005509,batch_0004,trader_0010,ETH-USD,BUY,1937.52,427,2026-01-01T01:31:48Z
order_00005510,batch_0004,trader_0007,ETH-USD,SELL,1866.91,386,2026-01-01T01:31:49Z
order_00005511,batch_0004,trader_0014,ETH-USD,BUY,1954.14,173,2026-01-01T01:31:50Z
order_00005512,batch_0004,trader_0005,ETH-USD,SELL,1835.38,121,2026-01-01T01:31:51Z
order_00005513,batch_0004,trader_0005,ETH-USD,BUY,1964.37,805,2026-01-01T01:31:52Z
order_00005514,batch_0004,trader_0021,ETH-USD,SELL,1937.41,757,2026-01-01T01:31:53Z
order_00005515,batch_0004,trader_0005,ETH-USD,SELL,1906.62,329,2026-01-01T01:31:54Z
order_00005516,batch_0004,trader_0021,ETH-USD,BUY,2140.06,528,2026-01-01T01:31:55Z
order_00005517,batch_0004,trader_0016,ETH-USD,SELL,2013.52,41,2026-01-01T01:31:56Z
order_00005518,batch_0004,trader_0020,ETH-USD,SELL,2180.15,609,2026-01-01T01:31:57Z
order_00005519,batch_0004,trader_0005,ETH-USD,BUY,2172.12,638,2026-01-01T01:31:58Z
order_00005520,batch_0004,trader_0023,ETH-USD,SELL,1924.45,742,2026-01-01T01:31:59Z
order_00005521,batch_0004,trader_0013,ETH-USD,BUY,2028.36,616,2026-01-01T01:32:00Z
order_00005522,batch_0004,trader_0008,ETH-USD,BUY,2023.88,206,2026-01-01T01:32:01Z
order_00005523,batch_0004,trader_0010,ETH-USD,SELL,2186.28,738,2026-01-01T01:32:02Z
order_00005524,batch_0004,trader_0012,ETH-USD,SELL,2183.2,998,2026-01-01T01:32:03Z
order_00005525,batch_0004,trader_0008,ETH-USD,SELL,2012.65,374,2026-01-01T01:32:04Z
order_00005526,batch_0004,trader_0002,ETH-USD,BUY,1880.92,973,2026-01-01T01:32:05Z
order_00005527,batch_0004,trader_0023,ETH-USD,SELL,1831.02,247,2026-01-01T01:32:06Z
order_00005528,batch_0004,trader_0016,ETH-USD,SELL,2067.38,869,2026-01-01T01:32:07Z
order_00005529,batch_0004,trader_0009,ETH-USD,BUY,2192.06,383,2026-01-01T01:32:08Z
order_00005530,batch_0004,trader_0013,ETH-USD,BUY,2111.34,479,2026-01-01T01:32:09Z
order_00005531,batch_0004,trader_0016,ETH-USD,SELL,2070.06,578,2026-01-01T01:32:10Z
order_00005532,batch_0004,trader_0023,ETH-USD,BUY,1960.55,465,2026-01-01T01:32:11Z
order_00005533,batch_0004,trader_0024,ETH-USD,SELL,2196.15,817,2026-01-01T01:32:12Z
order_00005534,batch_0004,trader_0011,ETH-USD,SELL,2166.47,924,2026-01-01T01:32:13Z
order_00005535,batch_0004,trader_0014,ETH-USD,SELL,2186.82,370,2026-01-01T01:32:14Z
order_00005536,batch_0004,trader_0009,ETH-USD,BUY,2196.45,484,2026-01-01T01:32:15Z
order_00005537,batch_0004,trader_0025,ETH-USD,BUY,2091.25,954,2026-01-01T01:32:16Z
order_00005538,batch_0004,trader_0014,ETH-USD,SELL,2122.76,986,2026-01-01T01:32:17Z
order_00005539,batch_0004,trader_0006,ETH-USD,BUY,1850.59,288,2026-01-01T01:32:18Z
order_00005540,batch_0004,trader_0023,ETH-USD,BUY,1808.85,379,2026-01-01T01:32:19Z
order_00005541,batch_0004,trader_0020,ETH-USD,SELL,1932.82,587,2026-01-01T01:32:20Z
order_00005542,batch_0004,trader_0011,ETH-USD,SELL,2003.22,314,2026-01-01T01:32:21Z
order_00005543,batch_0004,trader_0011,ETH-USD,BUY,2038.38,409,2026-01-01T01:32:22Z
order_00005544,batch_0004,trader_0013,ETH-USD,SELL,2030.29,381,2026-01-01T01:32:23Z
order_00005545,batch_0004,trader_0008,ETH-USD,BUY,1872.69,458,2026-01-01T01:32:24Z
order_00005546,batch_0004,trader_0005,ETH-USD,BUY,2192.33,891,2026-01-01T01:32:25Z
order_00005547,batch_0004,trader_0004,ETH-USD,BUY,2086.96,796,2026-01-01T01:32:26Z
order_00005548,batch_0004,trader_0010,ETH-USD,BUY,1849.02,395,2026-01-01T01:32:27Z
order_00005549,batch_0004,trader_0021,ETH-USD,BUY,2181.46,684,2026-01-01T01:32:28Z
order_00005550,batch_0004,trader_0006,ETH-USD,SELL,1899.12,201,2026-01-01T01:32:29Z
order_00005551,batch_0004,trader_0025,ETH-USD,SELL,1846.54,837,2026-01-01T01:32:30Z
order_00005552,batch_0004,trader_0002,ETH-USD,BUY,1885.4,317,2026-01-01T01:32:31Z
order_00005553,batch_0004,trader_0025,ETH-USD,BUY,1888.0,423,2026-01-01T01:32:32Z
order_00005554,batch_0004,trader_0022,ETH-USD,BUY,2184.42,107,2026-01-01T01:32:33Z
order_00005555,batch_0004,trader_0022,ETH-USD,SELL,2013.66,31,2026-01-01T01:32:34Z
order_00005556,batch_0004,trader_0012,ETH-USD,SELL,2176.06,508,2026-01-01T01:32:35Z
order_00005557,batch_0004,trader_0003,ETH-USD,SELL,2172.77,146,2026-01-01T01:32:36Z
order_00005558,batch_0004,trader_0018,ETH-USD,BUY,1978.65,563,2026-01-01T01:32:37Z
order_00005559,batch_0004,trader_0022,ETH-USD,BUY,1883.65,161,2026-01-01T01:32:38Z
order_00005560,batch_0004,trader_0017,ETH-USD,BUY,1870.49,918,2026-01-01T01:32:39Z
order_00005561,batch_0004,trader_0022,ETH-USD,SELL,1906.82,266,2026-01-01T01:32:40Z
order_00005562,batch_0004,trader_0004,ETH-USD,SELL,1999.22,696,2026-01-01T01:32:41Z
order_00005563,batch_0004,trader_0021,ETH-USD,BUY,2185.95,659,2026-01-01T01:32:42Z
order_00005564,batch_0004,trader_0017,ETH-USD,SELL,1810.13,693,2026-01-01T01:32:43Z
order_00005565,batch_0004,trader_0005,ETH-USD,BUY,2150.12,350,2026-01-01T01:32:44Z
order_00005566,batch_0004,trader_0005,ETH-USD,BUY,1985.12,456,2026-01-01T01:32:45Z
order_00005567,batch_0004,trader_0014,ETH-USD,SELL,2072.79,410,2026-01-01T01:32:46Z
order_00005568,batch_0004,trader_0009,ETH-USD,BUY,1801.36,480,2026-01-01T01:32:47Z
order_00005569,batch_0004,trader_0025,ETH-USD,SELL,2130.97,662,2026-01-01T01:32:48Z
order_00005570,batch_0004,trader_0015,ETH-USD,SELL,2126.12,366,2026-01-01T01:32:49Z
order_00005571,batch_0004,trader_0012,ETH-USD,SELL,1809.83,65,2026-01-01T01:32:50Z
order_00005572,batch_0004,trader_0002,ETH-USD,BUY,2063.31,532,2026-01-01T01:32:51Z
order_00005573,batch_0004,trader_0022,ETH-USD,BUY,1860.79,943,2026-01-01T01:32:52Z
order_00005574,batch_0004,trader_0006,ETH-USD,BUY,1826.29,132,2026-01-01T01:32:53Z
order_00005575,batch_0004,trader_0007,ETH-USD,BUY,2138.67,679,2026-01-01T01:32:54Z
order_00005576,batch_0004,trader_0008,ETH-USD,BUY,2041.69,28,2026-01-01T01:32:55Z
order_00005577,batch_0004,trader_0025,ETH-USD,SELL,2116.7,709,2026-01-01T01:32:56Z
order_00005578,batch_0004,trader_0021,ETH-USD,SELL,1959.2,782,2026-01-01T01:32:57Z
order_00005579,batch_0004,trader_0002,ETH-USD,SELL,2197.38,507,2026-01-01T01:32:58Z
order_00005580,batch_0004,trader_0012,ETH-USD,BUY,1951.23,203,2026-01-01T01:32:59Z
order_00005581,batch_0004,trader_0013,ETH-USD,BUY,2007.24,158,2026-01-01T01:33:00Z
order_00005582,batch_0004,trader_0021,ETH-USD,BUY,1810.72,739,2026-01-01T01:33:01Z
order_00005583,batch_0004,trader_0016,ETH-USD,BUY,2052.47,744,2026-01-01T01:33:02Z
order_00005584,batch_0004,trader_0012,ETH-USD,SELL,1851.13,353,2026-01-01T01:33:03Z
order_00005585,batch_0004,trader_0022,ETH-USD,SELL,2130.9,361,2026-01-01T01:33:04Z
order_00005586,batch_0004,trader_0006,ETH-USD,SELL,1893.85,932,2026-01-01T01:33:05Z
order_00005587,batch_0004,trader_0015,ETH-USD,BUY,2108.34,710,2026-01-01T01:33:06Z
order_00005588,batch_0004,trader_0017,ETH-USD,BUY,1876.04,631,2026-01-01T01:33:07Z
order_00005589,batch_0004,trader_0012,ETH-USD,SELL,1800.57,179,2026-01-01T01:33:08Z
order_00005590,batch_0004,trader_0008,ETH-USD,SELL,2077.4,708,2026-01-01T01:33:09Z
order_00005591,batch_0004,trader_0014,ETH-USD,SELL,1851.68,231,2026-01-01T01:33:10Z
order_00005592,batch_0004,trader_0002,ETH-USD,BUY,1940.0,520,2026-01-01T01:33:11Z
order_00005593,batch_0004,trader_0018,ETH-USD,BUY,2162.96,94,2026-01-01T01:33:12Z
order_00005594,batch_0004,trader_0013,ETH-USD,SELL,2004.58,47,2026-01-01T01:33:13Z
order_00005595,batch_0004,trader_0025,ETH-USD,SELL,2183.84,807,2026-01-01T01:33:14Z
order_00005596,batch_0004,trader_0007,ETH-USD,SELL,2131.91,163,2026-01-01T01:33:15Z
order_00005597,batch_0004,trader_0004,ETH-USD,BUY,1805.66,102,2026-01-01T01:33:16Z
order_00005598,batch_0004,trader_0018,ETH-USD,BUY,1941.69,103,2026-01-01T01:33:17Z
order_00005599,batch_0004,trader_0018,ETH-USD,BUY,2023.31,986,2026-01-01T01:33:18Z
order_00005600,batch_0004,trader_0016,ETH-USD,SELL,2082.43,188,2026-01-01T01:33:19Z
order_00005601,batch_0004,trader_0023,ETH-USD,SELL,2052.11,863,2026-01-01T01:33:20Z
order_00005602,batch_0004,trader_0025,ETH-USD,SELL,2143.81,547,2026-01-01T01:33:21Z
order_00005603,batch_0004,trader_0025,ETH-USD,BUY,1929.72,206,2026-01-01T01:33:22Z
order_00005604,batch_0004,trader_0007,ETH-USD,BUY,1883.93,149,2026-01-01T01:33:23Z
order_00005605,batch_0004,trader_0006,ETH-USD,SELL,1856.65,157,2026-01-01T01:33:24Z
order_00005606,batch_0004,trader_0004,ETH-USD,SELL,1806.75,521,2026-01-01T01:33:25Z
order_00005607,batch_0004,trader_0005,ETH-USD,SELL,1901.5,300,2026-01-01T01:33:26Z
order_00005608,batch_0004,trader_0019,ETH-USD,BUY,2143.23,687,2026-01-01T01:33:27Z
order_00005609,batch_0004,trader_0022,ETH-USD,BUY,2066.0,836,2026-01-01T01:33:28Z
order_00005610,batch_0004,trader_0012,ETH-USD,SELL,1871.46,189,2026-01-01T01:33:29Z
order_00005611,batch_0004,trader_0020,ETH-USD,BUY,1873.22,387,2026-01-01T01:33:30Z
order_00005612,batch_0004,trader_0021,ETH-USD,SELL,1884.43,346,2026-01-01T01:33:31Z
order_00005613,batch_0004,trader_0021,ETH-USD,BUY,1896.9,399,2026-01-01T01:33:32Z
order_00005614,batch_0004,trader_0008,ETH-USD,SELL,2145.8,491,2026-01-01T01:33:33Z
order_00005615,batch_0004,trader_0002,ETH-USD,BUY,1845.9,664,2026-01-01T01:33:34Z
order_00005616,batch_0004,trader_0009,ETH-USD,BUY,2117.19,701,2026-01-01T01:33:35Z
order_00005617,batch_0004,trader_0022,ETH-USD,BUY,1802.53,242,2026-01-01T01:33:36Z
order_00005618,batch_0004,trader_0010,ETH-USD,BUY,2023.56,878,2026-01-01T01:33:37Z
order_00005619,batch_0004,trader_0005,ETH-USD,SELL,2024.67,669,2026-01-01T01:33:38Z
order_00005620,batch_0004,trader_0025,ETH-USD,BUY,1828.69,676,2026-01-01T01:33:39Z
order_00005621,batch_0004,trader_0017,ETH-USD,BUY,2064.44,411,2026-01-01T01:33:40Z
order_00005622,batch_0004,trader_0019,ETH-USD,SELL,1959.72,680,2026-01-01T01:33:41Z
order_00005623,batch_0004,trader_0013,ETH-USD,SELL,2062.74,485,2026-01-01T01:33:42Z
order_00005624,batch_0004,trader_0016,ETH-USD,BUY,1910.74,749,2026-01-01T01:33:43Z
order_00005625,batch_0004,trader_0003,ETH-USD,BUY,1900.57,327,2026-01-01T01:33:44Z
order_00005626,batch_0004,trader_0003,ETH-USD,SELL,2050.48,960,2026-01-01T01:33:45Z
order_00005627,batch_0004,trader_0009,ETH-USD,BUY,2190.94,439,2026-01-01T01:33:46Z
order_00005628,batch_0004,trader_0022,ETH-USD,BUY,2106.57,580,2026-01-01T01:33:47Z
order_00005629,batch_0004,trader_0019,ETH-USD,BUY,1908.65,439,2026-01-01T01:33:48Z
order_00005630,batch_0004,trader_0013,ETH-USD,SELL,2030.49,94,2026-01-01T01:33:49Z
order_00005631,batch_0004,trader_0015,ETH-USD,SELL,2036.37,217,2026-01-01T01:33:50Z
order_00005632,batch_0004,trader_0002,ETH-USD,SELL,2121.94,367,2026-01-01T01:33:51Z
order_00005633,batch_0004,trader_0001,ETH-USD,BUY,2124.48,1,2026-01-01T01:33:52Z
order_00005634,batch_0004,trader_0022,ETH-USD,BUY,2190.56,446,2026-01-01T01:33:53Z
order_00005635,batch_0004,trader_0016,ETH-USD,BUY,2146.75,638,2026-01-01T01:33:54Z
order_00005636,batch_0004,trader_0005,ETH-USD,BUY,2064.65,747,2026-01-01T01:33:55Z
order_00005637,batch_0004,trader_0008,ETH-USD,BUY,1880.71,964,2026-01-01T01:33:56Z
order_00005638,batch_0004,trader_0020,ETH-USD,SELL,2162.37,441,2026-01-01T01:33:57Z
order_00005639,batch_0004,trader_0015,ETH-USD,BUY,2026.61,545,2026-01-01T01:33:58Z
order_00005640,batch_0004,trader_0016,ETH-USD,BUY,2181.96,580,2026-01-01T01:33:59Z
order_00005641,batch_0004,trader_0016,ETH-USD,BUY,1970.54,169,2026-01-01T01:34:00Z
order_00005642,batch_0004,trader_0025,ETH-USD,BUY,2040.78,818,2026-01-01T01:34:01Z
order_00005643,batch_0004,trader_0022,ETH-USD,BUY,2060.81,449,2026-01-01T01:34:02Z
order_00005644,batch_0004,trader_0023,ETH-USD,SELL,2183.66,472,2026-01-01T01:34:03Z
order_00005645,batch_0004,trader_0016,ETH-USD,SELL,2013.91,544,2026-01-01T01:34:04Z
order_00005646,batch_0004,trader_0021,ETH-USD,SELL,1940.97,431,2026-01-01T01:34:05Z
order_00005647,batch_0004,trader_0019,ETH-USD,SELL,2052.39,964,2026-01-01T01:34:06Z
order_00005648,batch_0004,trader_0007,ETH-USD,SELL,2077.19,716,2026-01-01T01:34:07Z
order_00005649,batch_0004,trader_0013,ETH-USD,BUY,2051.99,94,2026-01-01T01:34:08Z
order_00005650,batch_0004,trader_0017,ETH-USD,BUY,1812.35,193,2026-01-01T01:34:09Z
order_00005651,batch_0004,trader_0011,ETH-USD,SELL,2031.29,805,2026-01-01T01:34:10Z
order_00005652,batch_0004,trader_0006,ETH-USD,BUY,1857.89,128,2026-01-01T01:34:11Z
order_00005653,batch_0004,trader_0001,ETH-USD,BUY,1940.79,71,2026-01-01T01:34:12Z
order_00005654,batch_0004,trader_0009,ETH-USD,SELL,2123.02,498,2026-01-01T01:34:13Z
order_00005655,batch_0004,trader_0010,ETH-USD,SELL,2056.03,577,2026-01-01T01:34:14Z
order_00005656,batch_0004,trader_0005,ETH-USD,BUY,1819.98,729,2026-01-01T01:34:15Z
order_00005657,batch_0004,trader_0010,ETH-USD,BUY,1985.71,575,2026-01-01T01:34:16Z
order_00005658,batch_0004,trader_0016,ETH-USD,BUY,2105.01,682,2026-01-01T01:34:17Z
order_00005659,batch_0004,trader_0015,ETH-USD,BUY,1979.13,587,2026-01-01T01:34:18Z
order_00005660,batch_0004,trader_0014,ETH-USD,SELL,2176.4,907,2026-01-01T01:34:19Z
order_00005661,batch_0004,trader_0014,ETH-USD,SELL,2156.21,395,2026-01-01T01:34:20Z
order_00005662,batch_0004,trader_0011,ETH-USD,SELL,1902.77,35,2026-01-01T01:34:21Z
order_00005663,batch_0004,trader_0011,ETH-USD,BUY,1897.71,417,2026-01-01T01:34:22Z
order_00005664,batch_0004,trader_0019,ETH-USD,SELL,1879.67,482,2026-01-01T01:34:23Z
order_00005665,batch_0004,trader_0014,ETH-USD,SELL,1908.96,999,2026-01-01T01:34:24Z
order_00005666,batch_0004,trader_0003,ETH-USD,SELL,1985.76,986,2026-01-01T01:34:25Z
order_00005667,batch_0004,trader_0012,ETH-USD,BUY,2026.17,651,2026-01-01T01:34:26Z
order_00005668,batch_0004,trader_0011,ETH-USD,BUY,1952.06,713,2026-01-01T01:34:27Z
order_00005669,batch_0004,trader_0015,ETH-USD,BUY,1948.38,712,2026-01-01T01:34:28Z
order_00005670,batch_0004,trader_0004,ETH-USD,SELL,1947.2,184,2026-01-01T01:34:29Z
order_00005671,batch_0004,trader_0022,ETH-USD,BUY,1985.07,165,2026-01-01T01:34:30Z
order_00005672,batch_0004,trader_0003,ETH-USD,BUY,1893.91,307,2026-01-01T01:34:31Z
order_00005673,batch_0004,trader_0017,ETH-USD,SELL,1915.99,629,2026-01-01T01:34:32Z
order_00005674,batch_0004,trader_0025,ETH-USD,SELL,2136.2,574,2026-01-01T01:34:33Z
order_00005675,batch_0004,trader_0010,ETH-USD,BUY,1939.47,403,2026-01-01T01:34:34Z
order_00005676,batch_0004,trader_0011,ETH-USD,BUY,1899.21,446,2026-01-01T01:34:35Z
order_00005677,batch_0004,trader_0010,ETH-USD,SELL,2160.45,896,2026-01-01T01:34:36Z
order_00005678,batch_0004,trader_0003,ETH-USD,SELL,2083.61,315,2026-01-01T01:34:37Z
order_00005679,batch_0004,trader_0013,ETH-USD,SELL,2044.79,313,2026-01-01T01:34:38Z
order_00005680,batch_0004,trader_0025,ETH-USD,SELL,2035.64,618,2026-01-01T01:34:39Z
order_00005681,batch_0004,trader_0009,ETH-USD,SELL,2082.27,854,2026-01-01T01:34:40Z
order_00005682,batch_0004,trader_0019,ETH-USD,BUY,1914.04,462,2026-01-01T01:34:41Z
order_00005683,batch_0004,trader_0001,ETH-USD,SELL,1963.97,899,2026-01-01T01:34:42Z
order_00005684,batch_0004,trader_0023,ETH-USD,SELL,2134.71,693,2026-01-01T01:34:43Z
order_00005685,batch_0004,trader_0019,ETH-USD,SELL,1889.81,150,2026-01-01T01:34:44Z
order_00005686,batch_0004,trader_0024,ETH-USD,BUY,1851.32,431,2026-01-01T01:34:45Z
order_00005687,batch_0004,trader_0019,ETH-USD,BUY,1887.41,958,2026-01-01T01:34:46Z
order_00005688,batch_0004,trader_0017,ETH-USD,SELL,2057.02,546,2026-01-01T01:34:47Z
order_00005689,batch_0004,trader_0008,ETH-USD,SELL,1907.84,957,2026-01-01T01:34:48Z
order_00005690,batch_0004,trader_0025,ETH-USD,BUY,1803.19,991,2026-01-01T01:34:49Z
order_00005691,batch_0004,trader_0006,ETH-USD,SELL,1824.48,133,2026-01-01T01:34:50Z
order_00005692,batch_0004,trader_0016,ETH-USD,BUY,2104.67,491,2026-01-01T01:34:51Z
order_00005693,batch_0004,trader_0012,ETH-USD,BUY,2140.65,921,2026-01-01T01:34:52Z
order_00005694,batch_0004,trader_0014,ETH-USD,BUY,2083.9,646,2026-01-01T01:34:53Z
order_00005695,batch_0004,trader_0005,ETH-USD,BUY,2120.14,484,2026-01-01T01:34:54Z
order_00005696,batch_0004,trader_0001,ETH-USD,SELL,1814.92,129,2026-01-01T01:34:55Z
order_00005697,batch_0004,trader_0010,ETH-USD,BUY,2026.67,285,2026-01-01T01:34:56Z
order_00005698,batch_0004,trader_0020,ETH-USD,BUY,1859.35,66,2026-01-01T01:34:57Z
order_00005699,batch_0004,trader_0005,ETH-USD,BUY,2129.18,56,2026-01-01T01:34:58Z
order_00005700,batch_0004,trader_0005,ETH-USD,SELL,1942.31,896,2026-01-01T01:34:59Z
order_00005701,batch_0004,trader_0015,ETH-USD,SELL,2093.54,209,2026-01-01T01:35:00Z
order_00005702,batch_0004,trader_0017,ETH-USD,BUY,2145.73,403,2026-01-01T01:35:01Z
order_00005703,batch_0004,trader_0019,ETH-USD,SELL,1876.13,402,2026-01-01T01:35:02Z
order_00005704,batch_0004,trader_0001,ETH-USD,BUY,2135.83,694,2026-01-01T01:35:03Z
order_00005705,batch_0004,trader_0003,ETH-USD,SELL,2188.34,441,2026-01-01T01:35:04Z
order_00005706,batch_0004,trader_0003,ETH-USD,SELL,1887.36,625,2026-01-01T01:35:05Z
order_00005707,batch_0004,trader_0007,ETH-USD,BUY,2021.02,370,2026-01-01T01:35:06Z
order_00005708,batch_0004,trader_0008,ETH-USD,BUY,1958.62,336,2026-01-01T01:35:07Z
order_00005709,batch_0004,trader_0018,ETH-USD,BUY,2173.82,229,2026-01-01T01:35:08Z
order_00005710,batch_0004,trader_0006,ETH-USD,BUY,1881.88,907,2026-01-01T01:35:09Z
order_00005711,batch_0004,trader_0022,ETH-USD,BUY,1863.03,418,2026-01-01T01:35:10Z
order_00005712,batch_0004,trader_0007,ETH-USD,SELL,2143.19,35,2026-01-01T01:35:11Z
order_00005713,batch_0004,trader_0014,ETH-USD,BUY,1873.24,300,2026-01-01T01:35:12Z
order_00005714,batch_0004,trader_0008,ETH-USD,BUY,1807.49,111,2026-01-01T01:35:13Z
order_00005715,batch_0004,trader_0017,ETH-USD,SELL,2031.78,732,2026-01-01T01:35:14Z
order_00005716,batch_0004,trader_0013,ETH-USD,SELL,2120.4,691,2026-01-01T01:35:15Z
order_00005717,batch_0004,trader_0002,ETH-USD,SELL,2132.48,554,2026-01-01T01:35:16Z
order_00005718,batch_0004,trader_0021,ETH-USD,SELL,2195.43,924,2026-01-01T01:35:17Z
order_00005719,batch_0004,trader_0019,ETH-USD,BUY,2158.87,725,2026-01-01T01:35:18Z
order_00005720,batch_0004,trader_0002,ETH-USD,SELL,2101.31,391,2026-01-01T01:35:19Z
order_00005721,batch_0004,trader_0021,ETH-USD,BUY,2061.53,825,2026-01-01T01:35:20Z
order_00005722,batch_0004,trader_0010,ETH-USD,SELL,1975.26,499,2026-01-01T01:35:21Z
order_00005723,batch_0004,trader_0002,ETH-USD,BUY,1875.33,270,2026-01-01T01:35:22Z
order_00005724,batch_0004,trader_0005,ETH-USD,BUY,1927.41,862,2026-01-01T01:35:23Z
order_00005725,batch_0004,trader_0012,ETH-USD,BUY,2116.55,813,2026-01-01T01:35:24Z
order_00005726,batch_0004,trader_0018,ETH-USD,SELL,1864.79,168,2026-01-01T01:35:25Z
order_00005727,batch_0004,trader_0011,ETH-USD,SELL,1968.85,288,2026-01-01T01:35:26Z
order_00005728,batch_0004,trader_0025,ETH-USD,BUY,1934.71,770,2026-01-01T01:35:27Z
order_00005729,batch_0004,trader_0005,ETH-USD,SELL,1879.59,164,2026-01-01T01:35:28Z
order_00005730,batch_0004,trader_0008,ETH-USD,SELL,2049.44,157,2026-01-01T01:35:29Z
order_00005731,batch_0004,trader_0013,ETH-USD,BUY,1853.78,17,2026-01-01T01:35:30Z
order_00005732,batch_0004,trader_0001,ETH-USD,SELL,1886.21,111,2026-01-01T01:35:31Z
order_00005733,batch_0004,trader_0014,ETH-USD,BUY,1878.91,225,2026-01-01T01:35:32Z
order_00005734,batch_0004,trader_0004,ETH-USD,BUY,2093.63,70,2026-01-01T01:35:33Z
order_00005735,batch_0004,trader_0012,ETH-USD,SELL,2113.33,439,2026-01-01T01:35:34Z
order_00005736,batch_0004,trader_0014,ETH-USD,SELL,1975.02,11,2026-01-01T01:35:35Z
order_00005737,batch_0004,trader_0012,ETH-USD,BUY,2043.87,490,2026-01-01T01:35:36Z
order_00005738,batch_0004,trader_0024,ETH-USD,SELL,1899.65,323,2026-01-01T01:35:37Z
order_00005739,batch_0004,trader_0007,ETH-USD,BUY,2056.7,285,2026-01-01T01:35:38Z
order_00005740,batch_0004,trader_0008,ETH-USD,BUY,2161.4,965,2026-01-01T01:35:39Z
order_00005741,batch_0004,trader_0016,ETH-USD,SELL,2107.83,570,2026-01-01T01:35:40Z
order_00005742,batch_0004,trader_0023,ETH-USD,BUY,1886.71,30,2026-01-01T01:35:41Z
order_00005743,batch_0004,trader_0005,ETH-USD,SELL,1852.72,812,2026-01-01T01:35:42Z
order_00005744,batch_0004,trader_0019,ETH-USD,SELL,1827.24,470,2026-01-01T01:35:43Z
order_00005745,batch_0004,trader_0025,ETH-USD,SELL,2199.76,817,2026-01-01T01:35:44Z
order_00005746,batch_0004,trader_0006,ETH-USD,BUY,2087.08,466,2026-01-01T01:35:45Z
order_00005747,batch_0004,trader_0012,ETH-USD,SELL,1917.07,136,2026-01-01T01:35:46Z
order_00005748,batch_0004,trader_0014,ETH-USD,BUY,2151.47,834,2026-01-01T01:35:47Z
order_00005749,batch_0004,trader_0018,ETH-USD,SELL,2064.22,266,2026-01-01T01:35:48Z
order_00005750,batch_0004,trader_0016,ETH-USD,BUY,2183.38,795,2026-01-01T01:35:49Z
order_00005751,batch_0004,trader_0009,ETH-USD,SELL,1998.08,708,2026-01-01T01:35:50Z
order_00005752,batch_0004,trader_0020,ETH-USD,BUY,2114.66,638,2026-01-01T01:35:51Z
order_00005753,batch_0004,trader_0002,ETH-USD,SELL,2170.26,188,2026-01-01T01:35:52Z
order_00005754,batch_0004,trader_0018,ETH-USD,BUY,2016.65,656,2026-01-01T01:35:53Z
order_00005755,batch_0004,trader_0022,ETH-USD,SELL,1861.63,452,2026-01-01T01:35:54Z
order_00005756,batch_0004,trader_0003,ETH-USD,BUY,1935.79,152,2026-01-01T01:35:55Z
order_00005757,batch_0004,trader_0019,ETH-USD,BUY,2039.52,325,2026-01-01T01:35:56Z
order_00005758,batch_0004,trader_0025,ETH-USD,SELL,1954.11,352,2026-01-01T01:35:57Z
order_00005759,batch_0004,trader_0017,ETH-USD,SELL,1901.89,730,2026-01-01T01:35:58Z
order_00005760,batch_0004,trader_0016,ETH-USD,SELL,2178.86,151,2026-01-01T01:35:59Z
order_00005761,batch_0004,trader_0025,ETH-USD,BUY,1980.55,193,2026-01-01T01:36:00Z
order_00005762,batch_0004,trader_0005,ETH-USD,SELL,1874.52,814,2026-01-01T01:36:01Z
order_00005763,batch_0004,trader_0015,ETH-USD,BUY,1847.69,49,2026-01-01T01:36:02Z
order_00005764,batch_0004,trader_0012,ETH-USD,SELL,1894.28,43,2026-01-01T01:36:03Z
order_00005765,batch_0004,trader_0024,ETH-USD,SELL,1966.37,567,2026-01-01T01:36:04Z
order_00005766,batch_0004,trader_0003,ETH-USD,SELL,2166.53,686,2026-01-01T01:36:05Z
order_00005767,batch_0004,trader_0016,ETH-USD,BUY,2145.18,51,2026-01-01T01:36:06Z
order_00005768,batch_0004,trader_0008,ETH-USD,BUY,2119.18,37,2026-01-01T01:36:07Z
order_00005769,batch_0004,trader_0020,ETH-USD,SELL,1841.43,361,2026-01-01T01:36:08Z
order_00005770,batch_0004,trader_0020,ETH-USD,SELL,1941.98,712,2026-01-01T01:36:09Z
order_00005771,batch_0004,trader_0004,ETH-USD,BUY,2158.96,908,2026-01-01T01:36:10Z
order_00005772,batch_0004,trader_0016,ETH-USD,BUY,1870.2,177,2026-01-01T01:36:11Z
order_00005773,batch_0004,trader_0008,ETH-USD,SELL,1901.81,767,2026-01-01T01:36:12Z
order_00005774,batch_0004,trader_0012,ETH-USD,SELL,1865.42,187,2026-01-01T01:36:13Z
order_00005775,batch_0004,trader_0013,ETH-USD,SELL,1857.74,154,2026-01-01T01:36:14Z
order_00005776,batch_0004,trader_0009,ETH-USD,BUY,1928.2,696,2026-01-01T01:36:15Z
order_00005777,batch_0004,trader_0007,ETH-USD,SELL,1953.0,662,2026-01-01T01:36:16Z
order_00005778,batch_0004,trader_0023,ETH-USD,SELL,2094.38,758,2026-01-01T01:36:17Z
order_00005779,batch_0004,trader_0010,ETH-USD,SELL,1880.94,201,2026-01-01T01:36:18Z
order_00005780,batch_0004,trader_0001,ETH-USD,BUY,2150.88,454,2026-01-01T01:36:19Z
order_00005781,batch_0004,trader_0017,ETH-USD,BUY,2007.43,861,2026-01-01T01:36:20Z
order_00005782,batch_0004,trader_0009,ETH-USD,SELL,1932.24,945,2026-01-01T01:36:21Z
order_00005783,batch_0004,trader_0012,ETH-USD,BUY,1866.48,824,2026-01-01T01:36:22Z
order_00005784,batch_0004,trader_0022,ETH-USD,SELL,2106.38,387,2026-01-01T01:36:23Z
order_00005785,batch_0004,trader_0011,ETH-USD,BUY,2106.44,627,2026-01-01T01:36:24Z
order_00005786,batch_0004,trader_0009,ETH-USD,BUY,1979.28,699,2026-01-01T01:36:25Z
order_00005787,batch_0004,trader_0014,ETH-USD,SELL,1872.66,926,2026-01-01T01:36:26Z
order_00005788,batch_0004,trader_0020,ETH-USD,SELL,1863.98,215,2026-01-01T01:36:27Z
order_00005789,batch_0004,trader_0006,ETH-USD,SELL,1893.27,425,2026-01-01T01:36:28Z
order_00005790,batch_0004,trader_0006,ETH-USD,BUY,1989.67,510,2026-01-01T01:36:29Z
order_00005791,batch_0004,trader_0001,ETH-USD,BUY,2026.9,368,2026-01-01T01:36:30Z
order_00005792,batch_0004,trader_0018,ETH-USD,BUY,1959.75,908,2026-01-01T01:36:31Z
order_00005793,batch_0004,trader_0001,ETH-USD,BUY,2041.83,829,2026-01-01T01:36:32Z
order_00005794,batch_0004,trader_0006,ETH-USD,SELL,2090.05,587,2026-01-01T01:36:33Z
order_00005795,batch_0004,trader_0011,ETH-USD,BUY,1846.81,293,2026-01-01T01:36:34Z
order_00005796,batch_0004,trader_0014,ETH-USD,SELL,2171.57,978,2026-01-01T01:36:35Z
order_00005797,batch_0004,trader_0011,ETH-USD,BUY,2036.56,156,2026-01-01T01:36:36Z
order_00005798,batch_0004,trader_0008,ETH-USD,SELL,2032.63,718,2026-01-01T01:36:37Z
order_00005799,batch_0004,trader_0005,ETH-USD,BUY,2067.35,475,2026-01-01T01:36:38Z
order_00005800,batch_0004,trader_0024,ETH-USD,SELL,2130.67,177,2026-01-01T01:36:39Z
order_00005801,batch_0004,trader_0002,ETH-USD,BUY,2181.58,783,2026-01-01T01:36:40Z
order_00005802,batch_0004,trader_0009,ETH-USD,BUY,1934.09,78,2026-01-01T01:36:41Z
order_00005803,batch_0004,trader_0018,ETH-USD,SELL,2058.52,28,2026-01-01T01:36:42Z
order_00005804,batch_0004,trader_0004,ETH-USD,BUY,1881.91,200,2026-01-01T01:36:43Z
order_00005805,batch_0004,trader_0002,ETH-USD,BUY,2104.11,552,2026-01-01T01:36:44Z
order_00005806,batch_0004,trader_0008,ETH-USD,BUY,2013.77,588,2026-01-01T01:36:45Z
order_00005807,batch_0004,trader_0021,ETH-USD,SELL,1825.69,161,2026-01-01T01:36:46Z
order_00005808,batch_0004,trader_0006,ETH-USD,BUY,1860.74,871,2026-01-01T01:36:47Z
order_00005809,batch_0004,trader_0017,ETH-USD,SELL,2099.67,382,2026-01-01T01:36:48Z
order_00005810,batch_0004,trader_0012,ETH-USD,SELL,1845.06,905,2026-01-01T01:36:49Z
order_00005811,batch_0004,trader_0014,ETH-USD,SELL,1974.18,891,2026-01-01T01:36:50Z
order_00005812,batch_0004,trader_0001,ETH-USD,SELL,1919.18,412,2026-01-01T01:36:51Z
order_00005813,batch_0004,trader_0011,ETH-USD,BUY,1843.89,597,2026-01-01T01:36:52Z
order_00005814,batch_0004,trader_0010,ETH-USD,BUY,1823.4,551,2026-01-01T01:36:53Z
order_00005815,batch_0004,trader_0022,ETH-USD,SELL,1853.43,769,2026-01-01T01:36:54Z
order_00005816,batch_0004,trader_0019,ETH-USD,BUY,1955.31,814,2026-01-01T01:36:55Z
order_00005817,batch_0004,trader_0015,ETH-USD,SELL,2172.98,938,2026-01-01T01:36:56Z
order_00005818,batch_0004,trader_0011,ETH-USD,SELL,1897.82,492,2026-01-01T01:36:57Z
order_00005819,batch_0004,trader_0013,ETH-USD,SELL,2094.7,795,2026-01-01T01:36:58Z
order_00005820,batch_0004,trader_0013,ETH-USD,SELL,2178.29,289,2026-01-01T01:36:59Z
order_00005821,batch_0004,trader_0020,ETH-USD,SELL,2098.14,794,2026-01-01T01:37:00Z
order_00005822,batch_0004,trader_0022,ETH-USD,BUY,1887.08,133,2026-01-01T01:37:01Z
order_00005823,batch_0004,trader_0014,ETH-USD,BUY,1856.36,626,2026-01-01T01:37:02Z
order_00005824,batch_0004,trader_0006,ETH-USD,SELL,1830.04,184,2026-01-01T01:37:03Z
order_00005825,batch_0004,trader_0010,ETH-USD,BUY,1825.59,707,2026-01-01T01:37:04Z
order_00005826,batch_0004,trader_0004,ETH-USD,BUY,2012.76,260,2026-01-01T01:37:05Z
order_00005827,batch_0004,trader_0019,ETH-USD,BUY,2175.06,498,2026-01-01T01:37:06Z
order_00005828,batch_0004,trader_0003,ETH-USD,SELL,2146.34,717,2026-01-01T01:37:07Z
order_00005829,batch_0004,trader_0025,ETH-USD,BUY,1978.61,630,2026-01-01T01:37:08Z
order_00005830,batch_0004,trader_0020,ETH-USD,BUY,2037.62,625,2026-01-01T01:37:09Z
order_00005831,batch_0004,trader_0021,ETH-USD,BUY,2010.74,708,2026-01-01T01:37:10Z
order_00005832,batch_0004,trader_0024,ETH-USD,BUY,1879.66,716,2026-01-01T01:37:11Z
order_00005833,batch_0004,trader_0014,ETH-USD,SELL,1887.74,59,2026-01-01T01:37:12Z
order_00005834,batch_0004,trader_0024,ETH-USD,BUY,2095.0,22,2026-01-01T01:37:13Z
order_00005835,batch_0004,trader_0012,ETH-USD,BUY,1824.96,3,2026-01-01T01:37:14Z
order_00005836,batch_0004,trader_0011,ETH-USD,SELL,1864.52,766,2026-01-01T01:37:15Z
order_00005837,batch_0004,trader_0004,ETH-USD,BUY,1875.42,406,2026-01-01T01:37:16Z
order_00005838,batch_0004,trader_0006,ETH-USD,BUY,1818.57,647,2026-01-01T01:37:17Z
order_00005839,batch_0004,trader_0008,ETH-USD,BUY,2011.78,908,2026-01-01T01:37:18Z
order_00005840,batch_0004,trader_0018,ETH-USD,SELL,2174.13,2,2026-01-01T01:37:19Z
order_00005841,batch_0004,trader_0020,ETH-USD,SELL,1967.17,948,2026-01-01T01:37:20Z
order_00005842,batch_0004,trader_0020,ETH-USD,BUY,2025.82,798,2026-01-01T01:37:21Z
order_00005843,batch_0004,trader_0023,ETH-USD,BUY,1959.24,462,2026-01-01T01:37:22Z
order_00005844,batch_0004,trader_0014,ETH-USD,BUY,1982.96,843,2026-01-01T01:37:23Z
order_00005845,batch_0004,trader_0018,ETH-USD,SELL,1890.86,879,2026-01-01T01:37:24Z
order_00005846,batch_0004,trader_0017,ETH-USD,SELL,2152.81,212,2026-01-01T01:37:25Z
order_00005847,batch_0004,trader_0007,ETH-USD,SELL,2069.27,395,2026-01-01T01:37:26Z
order_00005848,batch_0004,trader_0024,ETH-USD,BUY,1963.0,496,2026-01-01T01:37:27Z
order_00005849,batch_0004,trader_0021,ETH-USD,BUY,2054.0,345,2026-01-01T01:37:28Z
order_00005850,batch_0004,trader_0025,ETH-USD,SELL,2124.53,935,2026-01-01T01:37:29Z
order_00005851,batch_0004,trader_0008,ETH-USD,BUY,1981.95,408,2026-01-01T01:37:30Z
order_00005852,batch_0004,trader_0004,ETH-USD,BUY,2186.05,313,2026-01-01T01:37:31Z
order_00005853,batch_0004,trader_0022,ETH-USD,BUY,1875.95,77,2026-01-01T01:37:32Z
order_00005854,batch_0004,trader_0008,ETH-USD,SELL,1880.45,161,2026-01-01T01:37:33Z
order_00005855,batch_0004,trader_0018,ETH-USD,SELL,1839.66,157,2026-01-01T01:37:34Z
order_00005856,batch_0004,trader_0012,ETH-USD,SELL,2188.33,749,2026-01-01T01:37:35Z
order_00005857,batch_0004,trader_0024,ETH-USD,SELL,2094.87,473,2026-01-01T01:37:36Z
order_00005858,batch_0004,trader_0023,ETH-USD,SELL,1990.75,542,2026-01-01T01:37:37Z
order_00005859,batch_0004,trader_0001,ETH-USD,SELL,2176.39,754,2026-01-01T01:37:38Z
order_00005860,batch_0004,trader_0013,ETH-USD,BUY,1992.91,918,2026-01-01T01:37:39Z
order_00005861,batch_0004,trader_0021,ETH-USD,BUY,1969.0,45,2026-01-01T01:37:40Z
order_00005862,batch_0004,trader_0001,ETH-USD,SELL,2032.8,846,2026-01-01T01:37:41Z
order_00005863,batch_0004,trader_0004,ETH-USD,SELL,2015.29,957,2026-01-01T01:37:42Z
order_00005864,batch_0004,trader_0025,ETH-USD,SELL,1906.56,833,2026-01-01T01:37:43Z
order_00005865,batch_0004,trader_0015,ETH-USD,BUY,1986.84,131,2026-01-01T01:37:44Z
order_00005866,batch_0004,trader_0017,ETH-USD,SELL,1984.26,120,2026-01-01T01:37:45Z
order_00005867,batch_0004,trader_0014,ETH-USD,SELL,2187.97,361,2026-01-01T01:37:46Z
order_00005868,batch_0004,trader_0018,ETH-USD,SELL,2057.3,547,2026-01-01T01:37:47Z
order_00005869,batch_0004,trader_0006,ETH-USD,SELL,2064.3,359,2026-01-01T01:37:48Z
order_00005870,batch_0004,trader_0024,ETH-USD,SELL,2196.27,18,2026-01-01T01:37:49Z
order_00005871,batch_0004,trader_0023,ETH-USD,BUY,1950.75,401,2026-01-01T01:37:50Z
order_00005872,batch_0004,trader_0025,ETH-USD,SELL,2013.55,409,2026-01-01T01:37:51Z
order_00005873,batch_0004,trader_0004,ETH-USD,BUY,1941.56,891,2026-01-01T01:37:52Z
order_00005874,batch_0004,trader_0020,ETH-USD,BUY,1881.66,459,2026-01-01T01:37:53Z
order_00005875,batch_0004,trader_0006,ETH-USD,SELL,2156.44,580,2026-01-01T01:37:54Z
order_00005876,batch_0004,trader_0022,ETH-USD,BUY,2040.94,229,2026-01-01T01:37:55Z
order_00005877,batch_0004,trader_0015,ETH-USD,BUY,1803.61,652,2026-01-01T01:37:56Z
order_00005878,batch_0004,trader_0020,ETH-USD,SELL,1854.6,908,2026-01-01T01:37:57Z
order_00005879,batch_0004,trader_0005,ETH-USD,BUY,2050.96,275,2026-01-01T01:37:58Z
order_00005880,batch_0004,trader_0010,ETH-USD,SELL,1969.22,422,2026-01-01T01:37:59Z
order_00005881,batch_0004,trader_0013,ETH-USD,BUY,2029.64,449,2026-01-01T01:38:00Z
order_00005882,batch_0004,trader_0020,ETH-USD,BUY,1801.54,576,2026-01-01T01:38:01Z
order_00005883,batch_0004,trader_0009,ETH-USD,BUY,2071.89,703,2026-01-01T01:38:02Z
order_00005884,batch_0004,trader_0019,ETH-USD,SELL,2047.12,703,2026-01-01T01:38:03Z
order_00005885,batch_0004,trader_0017,ETH-USD,BUY,1830.11,283,2026-01-01T01:38:04Z
order_00005886,batch_0004,trader_0010,ETH-USD,BUY,2120.79,623,2026-01-01T01:38:05Z
order_00005887,batch_0004,trader_0015,ETH-USD,BUY,1897.01,474,2026-01-01T01:38:06Z
order_00005888,batch_0004,trader_0013,ETH-USD,SELL,1937.35,646,2026-01-01T01:38:07Z
order_00005889,batch_0004,trader_0004,ETH-USD,SELL,2123.37,550,2026-01-01T01:38:08Z
order_00005890,batch_0004,trader_0018,ETH-USD,SELL,2110.56,300,2026-01-01T01:38:09Z
order_00005891,batch_0004,trader_0020,ETH-USD,BUY,1926.41,297,2026-01-01T01:38:10Z
order_00005892,batch_0004,trader_0013,ETH-USD,BUY,2005.91,656,2026-01-01T01:38:11Z
order_00005893,batch_0004,trader_0004,ETH-USD,SELL,2185.94,335,2026-01-01T01:38:12Z
order_00005894,batch_0004,trader_0005,ETH-USD,SELL,1865.61,33,2026-01-01T01:38:13Z
order_00005895,batch_0004,trader_0010,ETH-USD,SELL,1958.68,41,2026-01-01T01:38:14Z
order_00005896,batch_0004,trader_0018,ETH-USD,SELL,1824.48,924,2026-01-01T01:38:15Z
order_00005897,batch_0004,trader_0012,ETH-USD,BUY,2133.43,548,2026-01-01T01:38:16Z
order_00005898,batch_0004,trader_0018,ETH-USD,SELL,1888.58,789,2026-01-01T01:38:17Z
order_00005899,batch_0004,trader_0022,ETH-USD,SELL,2022.22,587,2026-01-01T01:38:18Z
order_00005900,batch_0004,trader_0022,ETH-USD,SELL,1992.99,338,2026-01-01T01:38:19Z
order_00005901,batch_0004,trader_0020,ETH-USD,SELL,1894.78,565,2026-01-01T01:38:20Z
order_00005902,batch_0004,trader_0024,ETH-USD,SELL,2133.36,269,2026-01-01T01:38:21Z
order_00005903,batch_0004,trader_0008,ETH-USD,SELL,1939.05,567,2026-01-01T01:38:22Z
order_00005904,batch_0004,trader_0012,ETH-USD,BUY,2184.05,948,2026-01-01T01:38:23Z
order_00005905,batch_0004,trader_0002,ETH-USD,SELL,1800.25,49,2026-01-01T01:38:24Z
order_00005906,batch_0004,trader_0022,ETH-USD,SELL,1956.15,738,2026-01-01T01:38:25Z
order_00005907,batch_0004,trader_0025,ETH-USD,BUY,2155.44,607,2026-01-01T01:38:26Z
order_00005908,batch_0004,trader_0012,ETH-USD,SELL,1881.32,661,2026-01-01T01:38:27Z
order_00005909,batch_0004,trader_0025,ETH-USD,BUY,2023.18,100,2026-01-01T01:38:28Z
order_00005910,batch_0004,trader_0018,ETH-USD,SELL,1975.31,846,2026-01-01T01:38:29Z
order_00005911,batch_0004,trader_0014,ETH-USD,SELL,2196.21,919,2026-01-01T01:38:30Z
order_00005912,batch_0004,trader_0016,ETH-USD,BUY,2001.06,54,2026-01-01T01:38:31Z
order_00005913,batch_0004,trader_0004,ETH-USD,SELL,1807.8,935,2026-01-01T01:38:32Z
order_00005914,batch_0004,trader_0021,ETH-USD,SELL,1965.78,166,2026-01-01T01:38:33Z
order_00005915,batch_0004,trader_0025,ETH-USD,SELL,1845.2,32,2026-01-01T01:38:34Z
order_00005916,batch_0004,trader_0004,ETH-USD,BUY,2155.42,382,2026-01-01T01:38:35Z
order_00005917,batch_0004,trader_0010,ETH-USD,BUY,2167.57,278,2026-01-01T01:38:36Z
order_00005918,batch_0004,trader_0020,ETH-USD,SELL,1852.61,259,2026-01-01T01:38:37Z
order_00005919,batch_0004,trader_0022,ETH-USD,SELL,1993.58,403,2026-01-01T01:38:38Z
order_00005920,batch_0004,trader_0013,ETH-USD,BUY,2023.45,433,2026-01-01T01:38:39Z
order_00005921,batch_0004,trader_0002,ETH-USD,SELL,1865.93,384,2026-01-01T01:38:40Z
order_00005922,batch_0004,trader_0004,ETH-USD,BUY,2111.25,807,2026-01-01T01:38:41Z
order_00005923,batch_0004,trader_0014,ETH-USD,BUY,2044.51,353,2026-01-01T01:38:42Z
order_00005924,batch_0004,trader_0014,ETH-USD,SELL,1926.17,141,2026-01-01T01:38:43Z
order_00005925,batch_0004,trader_0006,ETH-USD,SELL,2175.58,189,2026-01-01T01:38:44Z
order_00005926,batch_0004,trader_0007,ETH-USD,BUY,1932.71,9,2026-01-01T01:38:45Z
order_00005927,batch_0004,trader_0015,ETH-USD,SELL,2063.96,664,2026-01-01T01:38:46Z
order_00005928,batch_0004,trader_0016,ETH-USD,SELL,1999.56,265,2026-01-01T01:38:47Z
order_00005929,batch_0004,trader_0022,ETH-USD,SELL,2016.47,311,2026-01-01T01:38:48Z
order_00005930,batch_0004,trader_0020,ETH-USD,SELL,2038.92,382,2026-01-01T01:38:49Z
order_00005931,batch_0004,trader_0008,ETH-USD,BUY,1838.56,175,2026-01-01T01:38:50Z
order_00005932,batch_0004,trader_0003,ETH-USD,SELL,1802.44,321,2026-01-01T01:38:51Z
order_00005933,batch_0004,trader_0012,ETH-USD,SELL,1933.21,295,2026-01-01T01:38:52Z
order_00005934,batch_0004,trader_0020,ETH-USD,BUY,2080.61,171,2026-01-01T01:38:53Z
order_00005935,batch_0004,trader_0005,ETH-USD,BUY,1899.65,759,2026-01-01T01:38:54Z
order_00005936,batch_0004,trader_0003,ETH-USD,SELL,1836.56,970,2026-01-01T01:38:55Z
order_00005937,batch_0004,trader_0025,ETH-USD,SELL,1988.92,798,2026-01-01T01:38:56Z
order_00005938,batch_0004,trader_0016,ETH-USD,SELL,2187.96,649,2026-01-01T01:38:57Z
order_00005939,batch_0004,trader_0021,ETH-USD,BUY,1908.28,791,2026-01-01T01:38:58Z
order_00005940,batch_0004,trader_0018,ETH-USD,SELL,2046.99,253,2026-01-01T01:38:59Z
order_00005941,batch_0004,trader_0011,ETH-USD,BUY,1928.49,692,2026-01-01T01:39:00Z
order_00005942,batch_0004,trader_0006,ETH-USD,BUY,2067.44,599,2026-01-01T01:39:01Z
order_00005943,batch_0004,trader_0011,ETH-USD,SELL,1855.98,355,2026-01-01T01:39:02Z
order_00005944,batch_0004,trader_0011,ETH-USD,BUY,2191.0,119,2026-01-01T01:39:03Z
order_00005945,batch_0004,trader_0003,ETH-USD,BUY,1833.61,630,2026-01-01T01:39:04Z
order_00005946,batch_0004,trader_0021,ETH-USD,BUY,1820.89,939,2026-01-01T01:39:05Z
order_00005947,batch_0004,trader_0009,ETH-USD,BUY,2039.71,316,2026-01-01T01:39:06Z
order_00005948,batch_0004,trader_0008,ETH-USD,BUY,1907.7,315,2026-01-01T01:39:07Z
order_00005949,batch_0004,trader_0025,ETH-USD,SELL,1885.93,654,2026-01-01T01:39:08Z
order_00005950,batch_0004,trader_0024,ETH-USD,BUY,2149.54,449,2026-01-01T01:39:09Z
order_00005951,batch_0004,trader_0015,ETH-USD,SELL,1918.32,750,2026-01-01T01:39:10Z
order_00005952,batch_0004,trader_0019,ETH-USD,BUY,1920.11,595,2026-01-01T01:39:11Z
order_00005953,batch_0004,trader_0020,ETH-USD,BUY,1915.75,267,2026-01-01T01:39:12Z
order_00005954,batch_0004,trader_0017,ETH-USD,BUY,1892.55,342,2026-01-01T01:39:13Z
order_00005955,batch_0004,trader_0017,ETH-USD,SELL,1878.09,228,2026-01-01T01:39:14Z
order_00005956,batch_0004,trader_0003,ETH-USD,BUY,2149.54,86,2026-01-01T01:39:15Z
order_00005957,batch_0004,trader_0017,ETH-USD,SELL,2130.2,246,2026-01-01T01:39:16Z
order_00005958,batch_0004,trader_0002,ETH-USD,SELL,1970.85,187,2026-01-01T01:39:17Z
order_00005959,batch_0004,trader_0006,ETH-USD,SELL,2013.98,519,2026-01-01T01:39:18Z
order_00005960,batch_0004,trader_0006,ETH-USD,SELL,1827.33,571,2026-01-01T01:39:19Z
order_00005961,batch_0004,trader_0010,ETH-USD,BUY,1878.52,487,2026-01-01T01:39:20Z
order_00005962,batch_0004,trader_0022,ETH-USD,SELL,1873.58,446,2026-01-01T01:39:21Z
order_00005963,batch_0004,trader_0023,ETH-USD,BUY,1848.89,186,2026-01-01T01:39:22Z
order_00005964,batch_0004,trader_0007,ETH-USD,BUY,2132.69,335,2026-01-01T01:39:23Z
order_00005965,batch_0004,trader_0017,ETH-USD,SELL,1890.57,747,2026-01-01T01:39:24Z
order_00005966,batch_0004,trader_0004,ETH-USD,BUY,2025.81,525,2026-01-01T01:39:25Z
order_00005967,batch_0004,trader_0010,ETH-USD,BUY,1991.35,703,2026-01-01T01:39:26Z
order_00005968,batch_0004,trader_0024,ETH-USD,BUY,1998.63,391,2026-01-01T01:39:27Z
order_00005969,batch_0004,trader_0006,ETH-USD,BUY,1951.56,761,2026-01-01T01:39:28Z
order_00005970,batch_0004,trader_0003,ETH-USD,SELL,2035.54,408,2026-01-01T01:39:29Z
order_00005971,batch_0004,trader_0013,ETH-USD,SELL,1883.96,230,2026-01-01T01:39:30Z
order_00005972,batch_0004,trader_0013,ETH-USD,BUY,2030.24,620,2026-01-01T01:39:31Z
order_00005973,batch_0004,trader_0011,ETH-USD,SELL,1904.8,441,2026-01-01T01:39:32Z
order_00005974,batch_0004,trader_0001,ETH-USD,BUY,2030.05,602,2026-01-01T01:39:33Z
order_00005975,batch_0004,trader_0020,ETH-USD,SELL,1819.29,115,2026-01-01T01:39:34Z
order_00005976,batch_0004,trader_0001,ETH-USD,SELL,1891.15,492,2026-01-01T01:39:35Z
order_00005977,batch_0004,trader_0022,ETH-USD,SELL,2133.06,240,2026-01-01T01:39:36Z
order_00005978,batch_0004,trader_0003,ETH-USD,SELL,1838.08,168,2026-01-01T01:39:37Z
order_00005979,batch_0004,trader_0010,ETH-USD,SELL,2065.43,420,2026-01-01T01:39:38Z
order_00005980,batch_0004,trader_0013,ETH-USD,SELL,2060.22,175,2026-01-01T01:39:39Z
order_00005981,batch_0004,trader_0017,ETH-USD,BUY,2005.84,961,2026-01-01T01:39:40Z
order_00005982,batch_0004,trader_0022,ETH-USD,BUY,2175.67,770,2026-01-01T01:39:41Z
order_00005983,batch_0004,trader_0015,ETH-USD,SELL,2033.14,469,2026-01-01T01:39:42Z
order_00005984,batch_0004,trader_0025,ETH-USD,BUY,2150.74,933,2026-01-01T01:39:43Z
order_00005985,batch_0004,trader_0019,ETH-USD,SELL,2054.04,337,2026-01-01T01:39:44Z
order_00005986,batch_0004,trader_0017,ETH-USD,BUY,1850.57,533,2026-01-01T01:39:45Z
order_00005987,batch_0004,trader_0006,ETH-USD,SELL,2036.93,863,2026-01-01T01:39:46Z
order_00005988,batch_0004,trader_0015,ETH-USD,BUY,2098.08,452,2026-01-01T01:39:47Z
order_00005989,batch_0004,trader_0022,ETH-USD,SELL,2064.13,624,2026-01-01T01:39:48Z
order_00005990,batch_0004,trader_0005,ETH-USD,SELL,1829.59,859,2026-01-01T01:39:49Z
order_00005991,batch_0004,trader_0020,ETH-USD,BUY,1875.01,554,2026-01-01T01:39:50Z
order_00005992,batch_0004,trader_0015,ETH-USD,SELL,2159.49,463,2026-01-01T01:39:51Z
order_00005993,batch_0004,trader_0017,ETH-USD,BUY,2100.25,337,2026-01-01T01:39:52Z
order_00005994,batch_0004,trader_0011,ETH-USD,BUY,1905.08,989,2026-01-01T01:39:53Z
order_00005995,batch_0004,trader_0007,ETH-USD,SELL,1906.35,809,2026-01-01T01:39:54Z
order_00005996,batch_0004,trader_0017,ETH-USD,BUY,2149.54,779,2026-01-01T01:39:55Z
order_00005997,batch_0004,trader_0006,ETH-USD,SELL,1841.92,536,2026-01-01T01:39:56Z
order_00005998,batch_0004,trader_0017,ETH-USD,SELL,1811.87,654,2026-01-01T01:39:57Z
order_00005999,batch_0004,trader_0018,ETH-USD,SELL,1973.77,771,2026-01-01T01:39:58Z
order_00006000,batch_0004,trader_0020,ETH-USD,BUY,2031.25,84,2026-01-01T01:39:59Z
order_00006001,batch_0004,trader_0003,ETH-USD,SELL,2133.72,504,2026-01-01T01:40:00Z
order_00006002,batch_0004,trader_0001,ETH-USD,BUY,1934.62,939,2026-01-01T01:40:01Z
order_00006003,batch_0004,trader_0020,ETH-USD,SELL,2095.16,24,2026-01-01T01:40:02Z
order_00006004,batch_0004,trader_0024,ETH-USD,SELL,2186.43,888,2026-01-01T01:40:03Z
order_00006005,batch_0004,trader_0004,ETH-USD,SELL,1866.77,867,2026-01-01T01:40:04Z
order_00006006,batch_0004,trader_0011,ETH-USD,BUY,1818.8,591,2026-01-01T01:40:05Z
order_00006007,batch_0004,trader_0014,ETH-USD,BUY,1970.09,883,2026-01-01T01:40:06Z
order_00006008,batch_0004,trader_0012,ETH-USD,SELL,2129.25,227,2026-01-01T01:40:07Z
order_00006009,batch_0004,trader_0024,ETH-USD,BUY,2062.8,849,2026-01-01T01:40:08Z
order_00006010,batch_0004,trader_0024,ETH-USD,SELL,1808.27,769,2026-01-01T01:40:09Z
order_00006011,batch_0004,trader_0022,ETH-USD,BUY,1804.76,767,2026-01-01T01:40:10Z
order_00006012,batch_0004,trader_0001,ETH-USD,BUY,2069.33,130,2026-01-01T01:40:11Z
order_00006013,batch_0004,trader_0008,ETH-USD,SELL,1848.74,125,2026-01-01T01:40:12Z
order_00006014,batch_0004,trader_0018,ETH-USD,SELL,1804.17,82,2026-01-01T01:40:13Z
order_00006015,batch_0004,trader_0010,ETH-USD,BUY,2193.9,588,2026-01-01T01:40:14Z
order_00006016,batch_0004,trader_0004,ETH-USD,BUY,1926.06,887,2026-01-01T01:40:15Z
order_00006017,batch_0004,trader_0002,ETH-USD,BUY,1816.91,437,2026-01-01T01:40:16Z
order_00006018,batch_0004,trader_0004,ETH-USD,SELL,2130.54,336,2026-01-01T01:40:17Z
order_00006019,batch_0004,trader_0010,ETH-USD,SELL,1849.21,735,2026-01-01T01:40:18Z
order_00006020,batch_0004,trader_0007,ETH-USD,BUY,1854.25,901,2026-01-01T01:40:19Z
order_00006021,batch_0004,trader_0011,ETH-USD,SELL,1960.18,212,2026-01-01T01:40:20Z
order_00006022,batch_0004,trader_0016,ETH-USD,SELL,2114.81,815,2026-01-01T01:40:21Z
order_00006023,batch_0004,trader_0015,ETH-USD,BUY,1960.82,776,2026-01-01T01:40:22Z
order_00006024,batch_0004,trader_0024,ETH-USD,BUY,1939.47,707,2026-01-01T01:40:23Z
order_00006025,batch_0004,trader_0012,ETH-USD,SELL,1898.14,582,2026-01-01T01:40:24Z
order_00006026,batch_0004,trader_0001,ETH-USD,BUY,1824.14,634,2026-01-01T01:40:25Z
order_00006027,batch_0004,trader_0025,ETH-USD,SELL,1928.7,558,2026-01-01T01:40:26Z
order_00006028,batch_0004,trader_0021,ETH-USD,SELL,1836.14,441,2026-01-01T01:40:27Z
order_00006029,batch_0004,trader_0003,ETH-USD,SELL,2066.26,462,2026-01-01T01:40:28Z
order_00006030,batch_0004,trader_0013,ETH-USD,SELL,1954.33,882,2026-01-01T01:40:29Z
order_00006031,batch_0004,trader_0012,ETH-USD,BUY,2027.24,500,2026-01-01T01:40:30Z
order_00006032,batch_0004,trader_0013,ETH-USD,BUY,1846.28,899,2026-01-01T01:40:31Z
order_00006033,batch_0004,trader_0020,ETH-USD,BUY,2182.61,403,2026-01-01T01:40:32Z
order_00006034,batch_0004,trader_0008,ETH-USD,BUY,2135.33,138,2026-01-01T01:40:33Z
order_00006035,batch_0004,trader_0006,ETH-USD,BUY,1982.77,187,2026-01-01T01:40:34Z
order_00006036,batch_0004,trader_0021,ETH-USD,SELL,2198.71,432,2026-01-01T01:40:35Z
order_00006037,batch_0004,trader_0008,ETH-USD,BUY,1937.25,5,2026-01-01T01:40:36Z
order_00006038,batch_0004,trader_0009,ETH-USD,BUY,1832.88,534,2026-01-01T01:40:37Z
order_00006039,batch_0004,trader_0014,ETH-USD,BUY,2081.92,837,2026-01-01T01:40:38Z
order_00006040,batch_0004,trader_0023,ETH-USD,BUY,1841.94,915,2026-01-01T01:40:39Z
order_00006041,batch_0004,trader_0007,ETH-USD,BUY,1929.33,972,2026-01-01T01:40:40Z
order_00006042,batch_0004,trader_0010,ETH-USD,BUY,2127.25,894,2026-01-01T01:40:41Z
order_00006043,batch_0004,trader_0012,ETH-USD,BUY,1817.14,272,2026-01-01T01:40:42Z
order_00006044,batch_0004,trader_0018,ETH-USD,SELL,1875.56,39,2026-01-01T01:40:43Z
order_00006045,batch_0004,trader_0007,ETH-USD,SELL,1996.17,139,2026-01-01T01:40:44Z
order_00006046,batch_0004,trader_0007,ETH-USD,BUY,1994.64,147,2026-01-01T01:40:45Z
order_00006047,batch_0004,trader_0004,ETH-USD,BUY,2142.89,957,2026-01-01T01:40:46Z
order_00006048,batch_0004,trader_0015,ETH-USD,BUY,2070.57,266,2026-01-01T01:40:47Z
order_00006049,batch_0004,trader_0019,ETH-USD,BUY,2031.6,774,2026-01-01T01:40:48Z
order_00006050,batch_0004,trader_0019,ETH-USD,BUY,2170.63,217,2026-01-01T01:40:49Z
order_00006051,batch_0004,trader_0016,ETH-USD,BUY,1817.96,817,2026-01-01T01:40:50Z
order_00006052,batch_0004,trader_0022,ETH-USD,BUY,2102.47,712,2026-01-01T01:40:51Z
order_00006053,batch_0004,trader_0001,ETH-USD,SELL,2186.08,642,2026-01-01T01:40:52Z
order_00006054,batch_0004,trader_0025,ETH-USD,SELL,2002.26,178,2026-01-01T01:40:53Z
order_00006055,batch_0004,trader_0015,ETH-USD,SELL,2045.47,962,2026-01-01T01:40:54Z
order_00006056,batch_0004,trader_0012,ETH-USD,SELL,1927.96,893,2026-01-01T01:40:55Z
order_00006057,batch_0004,trader_0025,ETH-USD,BUY,1894.85,724,2026-01-01T01:40:56Z
order_00006058,batch_0004,trader_0005,ETH-USD,BUY,2157.1,767,2026-01-01T01:40:57Z
order_00006059,batch_0004,trader_0007,ETH-USD,SELL,1981.41,127,2026-01-01T01:40:58Z
order_00006060,batch_0004,trader_0018,ETH-USD,BUY,1969.93,992,2026-01-01T01:40:59Z
order_00006061,batch_0004,trader_0025,ETH-USD,SELL,2115.53,123,2026-01-01T01:41:00Z
order_00006062,batch_0004,trader_0025,ETH-USD,BUY,2128.3,853,2026-01-01T01:41:01Z
order_00006063,batch_0004,trader_0010,ETH-USD,SELL,1814.05,849,2026-01-01T01:41:02Z
order_00006064,batch_0004,trader_0017,ETH-USD,SELL,2001.55,605,2026-01-01T01:41:03Z
order_00006065,batch_0004,trader_0018,ETH-USD,SELL,1997.37,520,2026-01-01T01:41:04Z
order_00006066,batch_0004,trader_0017,ETH-USD,BUY,2098.97,668,2026-01-01T01:41:05Z
order_00006067,batch_0004,trader_0010,ETH-USD,BUY,1885.78,240,2026-01-01T01:41:06Z
order_00006068,batch_0004,trader_0009,ETH-USD,SELL,1805.57,461,2026-01-01T01:41:07Z
order_00006069,batch_0004,trader_0001,ETH-USD,BUY,1803.37,735,2026-01-01T01:41:08Z
order_00006070,batch_0004,trader_0012,ETH-USD,SELL,2176.83,116,2026-01-01T01:41:09Z
order_00006071,batch_0004,trader_0014,ETH-USD,BUY,2054.77,846,2026-01-01T01:41:10Z
order_00006072,batch_0004,trader_0013,ETH-USD,SELL,2017.98,191,2026-01-01T01:41:11Z
order_00006073,batch_0004,trader_0002,ETH-USD,BUY,2115.01,271,2026-01-01T01:41:12Z
order_00006074,batch_0004,trader_0006,ETH-USD,SELL,2062.08,70,2026-01-01T01:41:13Z
order_00006075,batch_0004,trader_0020,ETH-USD,SELL,2157.78,239,2026-01-01T01:41:14Z
order_00006076,batch_0004,trader_0015,ETH-USD,BUY,1942.44,669,2026-01-01T01:41:15Z
order_00006077,batch_0004,trader_0003,ETH-USD,BUY,2103.18,275,2026-01-01T01:41:16Z
order_00006078,batch_0004,trader_0023,ETH-USD,BUY,2076.06,725,2026-01-01T01:41:17Z
order_00006079,batch_0004,trader_0019,ETH-USD,SELL,1908.84,722,2026-01-01T01:41:18Z
order_00006080,batch_0004,trader_0025,ETH-USD,BUY,1948.49,278,2026-01-01T01:41:19Z
order_00006081,batch_0004,trader_0002,ETH-USD,BUY,2057.3,565,2026-01-01T01:41:20Z
order_00006082,batch_0004,trader_0004,ETH-USD,SELL,2046.45,732,2026-01-01T01:41:21Z
order_00006083,batch_0004,trader_0025,ETH-USD,SELL,1857.78,946,2026-01-01T01:41:22Z
order_00006084,batch_0004,trader_0019,ETH-USD,BUY,1986.25,975,2026-01-01T01:41:23Z
order_00006085,batch_0004,trader_0024,ETH-USD,SELL,1989.87,572,2026-01-01T01:41:24Z
order_00006086,batch_0004,trader_0019,ETH-USD,BUY,2146.22,262,2026-01-01T01:41:25Z
order_00006087,batch_0004,trader_0003,ETH-USD,BUY,1870.98,188,2026-01-01T01:41:26Z
order_00006088,batch_0004,trader_0005,ETH-USD,SELL,1919.42,863,2026-01-01T01:41:27Z
order_00006089,batch_0004,trader_0023,ETH-USD,BUY,1906.01,15,2026-01-01T01:41:28Z
order_00006090,batch_0004,trader_0004,ETH-USD,SELL,1868.96,220,2026-01-01T01:41:29Z
order_00006091,batch_0004,trader_0002,ETH-USD,BUY,2048.74,849,2026-01-01T01:41:30Z
order_00006092,batch_0004,trader_0004,ETH-USD,BUY,2010.34,392,2026-01-01T01:41:31Z
order_00006093,batch_0004,trader_0001,ETH-USD,SELL,1820.1,221,2026-01-01T01:41:32Z
order_00006094,batch_0004,trader_0021,ETH-USD,BUY,1979.46,409,2026-01-01T01:41:33Z
order_00006095,batch_0004,trader_0025,ETH-USD,BUY,2171.99,957,2026-01-01T01:41:34Z
order_00006096,batch_0004,trader_0008,ETH-USD,BUY,1934.09,609,2026-01-01T01:41:35Z
order_00006097,batch_0004,trader_0005,ETH-USD,BUY,1965.64,822,2026-01-01T01:41:36Z
order_00006098,batch_0004,trader_0018,ETH-USD,BUY,1878.64,370,2026-01-01T01:41:37Z
order_00006099,batch_0004,trader_0016,ETH-USD,SELL,1935.59,11,2026-01-01T01:41:38Z
order_00006100,batch_0004,trader_0016,ETH-USD,SELL,1823.97,31,2026-01-01T01:41:39Z
order_00006101,batch_0004,trader_0019,ETH-USD,BUY,2182.13,342,2026-01-01T01:41:40Z
order_00006102,batch_0004,trader_0007,ETH-USD,SELL,2119.41,27,2026-01-01T01:41:41Z
order_00006103,batch_0004,trader_0025,ETH-USD,SELL,1875.8,92,2026-01-01T01:41:42Z
order_00006104,batch_0004,trader_0003,ETH-USD,BUY,1868.67,463,2026-01-01T01:41:43Z
order_00006105,batch_0004,trader_0019,ETH-USD,BUY,2125.2,554,2026-01-01T01:41:44Z
order_00006106,batch_0004,trader_0003,ETH-USD,BUY,1989.05,522,2026-01-01T01:41:45Z
order_00006107,batch_0004,trader_0004,ETH-USD,SELL,1857.01,508,2026-01-01T01:41:46Z
order_00006108,batch_0004,trader_0023,ETH-USD,BUY,1901.55,844,2026-01-01T01:41:47Z
order_00006109,batch_0004,trader_0004,ETH-USD,SELL,1963.01,762,2026-01-01T01:41:48Z
order_00006110,batch_0004,trader_0018,ETH-USD,SELL,2027.79,114,2026-01-01T01:41:49Z
order_00006111,batch_0004,trader_0001,ETH-USD,SELL,1827.36,988,2026-01-01T01:41:50Z
order_00006112,batch_0004,trader_0002,ETH-USD,BUY,1897.95,314,2026-01-01T01:41:51Z
order_00006113,batch_0004,trader_0025,ETH-USD,SELL,2130.02,149,2026-01-01T01:41:52Z
order_00006114,batch_0004,trader_0005,ETH-USD,BUY,2114.61,878,2026-01-01T01:41:53Z
order_00006115,batch_0004,trader_0013,ETH-USD,BUY,1837.14,148,2026-01-01T01:41:54Z
order_00006116,batch_0004,trader_0019,ETH-USD,BUY,1872.43,351,2026-01-01T01:41:55Z
order_00006117,batch_0004,trader_0024,ETH-USD,BUY,1856.77,85,2026-01-01T01:41:56Z
order_00006118,batch_0004,trader_0019,ETH-USD,SELL,2092.17,681,2026-01-01T01:41:57Z
order_00006119,batch_0004,trader_0016,ETH-USD,BUY,2129.32,760,2026-01-01T01:41:58Z
order_00006120,batch_0004,trader_0007,ETH-USD,SELL,2046.81,385,2026-01-01T01:41:59Z
order_00006121,batch_0004,trader_0012,ETH-USD,SELL,2056.62,431,2026-01-01T01:42:00Z
order_00006122,batch_0004,trader_0016,ETH-USD,BUY,2169.18,231,2026-01-01T01:42:01Z
order_00006123,batch_0004,trader_0010,ETH-USD,BUY,1986.25,668,2026-01-01T01:42:02Z
order_00006124,batch_0004,trader_0022,ETH-USD,SELL,2188.2,25,2026-01-01T01:42:03Z
order_00006125,batch_0004,trader_0023,ETH-USD,BUY,1937.98,971,2026-01-01T01:42:04Z
order_00006126,batch_0004,trader_0013,ETH-USD,BUY,1940.3,554,2026-01-01T01:42:05Z
order_00006127,batch_0004,trader_0022,ETH-USD,BUY,1842.52,109,2026-01-01T01:42:06Z
order_00006128,batch_0004,trader_0019,ETH-USD,BUY,2172.06,979,2026-01-01T01:42:07Z
order_00006129,batch_0004,trader_0014,ETH-USD,SELL,1868.29,94,2026-01-01T01:42:08Z
order_00006130,batch_0004,trader_0023,ETH-USD,SELL,2197.35,415,2026-01-01T01:42:09Z
order_00006131,batch_0004,trader_0014,ETH-USD,BUY,2120.93,622,2026-01-01T01:42:10Z
order_00006132,batch_0004,trader_0017,ETH-USD,BUY,1971.18,570,2026-01-01T01:42:11Z
order_00006133,batch_0004,trader_0013,ETH-USD,SELL,1885.56,130,2026-01-01T01:42:12Z
order_00006134,batch_0004,trader_0017,ETH-USD,SELL,1803.87,930,2026-01-01T01:42:13Z
order_00006135,batch_0004,trader_0017,ETH-USD,BUY,1903.53,468,2026-01-01T01:42:14Z
order_00006136,batch_0004,trader_0018,ETH-USD,SELL,2128.35,449,2026-01-01T01:42:15Z
order_00006137,batch_0004,trader_0002,ETH-USD,SELL,1843.81,579,2026-01-01T01:42:16Z
order_00006138,batch_0004,trader_0005,ETH-USD,BUY,2138.55,635,2026-01-01T01:42:17Z
order_00006139,batch_0004,trader_0013,ETH-USD,BUY,1817.44,308,2026-01-01T01:42:18Z
order_00006140,batch_0004,trader_0025,ETH-USD,SELL,2105.64,744,2026-01-01T01:42:19Z
order_00006141,batch_0004,trader_0020,ETH-USD,SELL,1880.64,998,2026-01-01T01:42:20Z
order_00006142,batch_0004,trader_0007,ETH-USD,SELL,1851.14,641,2026-01-01T01:42:21Z
order_00006143,batch_0004,trader_0009,ETH-USD,SELL,1911.44,236,2026-01-01T01:42:22Z
order_00006144,batch_0004,trader_0002,ETH-USD,SELL,1979.62,277,2026-01-01T01:42:23Z
order_00006145,batch_0004,trader_0017,ETH-USD,SELL,1889.6,121,2026-01-01T01:42:24Z
order_00006146,batch_0004,trader_0005,ETH-USD,BUY,1972.68,281,2026-01-01T01:42:25Z
order_00006147,batch_0004,trader_0006,ETH-USD,SELL,1867.27,10,2026-01-01T01:42:26Z
order_00006148,batch_0004,trader_0024,ETH-USD,BUY,1996.67,745,2026-01-01T01:42:27Z
order_00006149,batch_0004,trader_0011,ETH-USD,BUY,1943.71,15,2026-01-01T01:42:28Z
order_00006150,batch_0004,trader_0001,ETH-USD,BUY,2104.54,214,2026-01-01T01:42:29Z
order_00006151,batch_0004,trader_0013,ETH-USD,BUY,2019.42,19,2026-01-01T01:42:30Z
order_00006152,batch_0004,trader_0013,ETH-USD,BUY,2097.51,299,2026-01-01T01:42:31Z
order_00006153,batch_0004,trader_0001,ETH-USD,BUY,1844.49,608,2026-01-01T01:42:32Z
order_00006154,batch_0004,trader_0025,ETH-USD,BUY,2028.69,534,2026-01-01T01:42:33Z
order_00006155,batch_0004,trader_0004,ETH-USD,SELL,1848.53,93,2026-01-01T01:42:34Z
order_00006156,batch_0004,trader_0003,ETH-USD,BUY,1809.26,3,2026-01-01T01:42:35Z
order_00006157,batch_0004,trader_0005,ETH-USD,BUY,2096.55,772,2026-01-01T01:42:36Z
order_00006158,batch_0004,trader_0007,ETH-USD,SELL,2074.2,143,2026-01-01T01:42:37Z
order_00006159,batch_0004,trader_0022,ETH-USD,SELL,2132.67,760,2026-01-01T01:42:38Z
order_00006160,batch_0004,trader_0015,ETH-USD,SELL,2030.87,792,2026-01-01T01:42:39Z
order_00006161,batch_0004,trader_0001,ETH-USD,SELL,1817.89,633,2026-01-01T01:42:40Z
order_00006162,batch_0004,trader_0018,ETH-USD,SELL,1934.74,751,2026-01-01T01:42:41Z
order_00006163,batch_0004,trader_0018,ETH-USD,SELL,1832.88,974,2026-01-01T01:42:42Z
order_00006164,batch_0004,trader_0002,ETH-USD,BUY,1955.4,265,2026-01-01T01:42:43Z
order_00006165,batch_0004,trader_0019,ETH-USD,BUY,2038.69,944,2026-01-01T01:42:44Z
order_00006166,batch_0004,trader_0014,ETH-USD,SELL,1887.65,701,2026-01-01T01:42:45Z
order_00006167,batch_0004,trader_0008,ETH-USD,BUY,2089.21,100,2026-01-01T01:42:46Z
order_00006168,batch_0004,trader_0017,ETH-USD,SELL,2171.83,85,2026-01-01T01:42:47Z
order_00006169,batch_0004,trader_0020,ETH-USD,SELL,1836.99,326,2026-01-01T01:42:48Z
order_00006170,batch_0004,trader_0011,ETH-USD,SELL,2077.72,379,2026-01-01T01:42:49Z
order_00006171,batch_0004,trader_0010,ETH-USD,SELL,2029.33,778,2026-01-01T01:42:50Z
order_00006172,batch_0004,trader_0009,ETH-USD,BUY,1875.65,19,2026-01-01T01:42:51Z
order_00006173,batch_0004,trader_0012,ETH-USD,SELL,1804.82,681,2026-01-01T01:42:52Z
order_00006174,batch_0004,trader_0014,ETH-USD,BUY,1895.67,781,2026-01-01T01:42:53Z
order_00006175,batch_0004,trader_0019,ETH-USD,BUY,1928.66,458,2026-01-01T01:42:54Z
order_00006176,batch_0004,trader_0023,ETH-USD,SELL,1913.35,257,2026-01-01T01:42:55Z
order_00006177,batch_0004,trader_0005,ETH-USD,BUY,1972.78,415,2026-01-01T01:42:56Z
order_00006178,batch_0004,trader_0005,ETH-USD,SELL,1823.42,98,2026-01-01T01:42:57Z
order_00006179,batch_0004,trader_0005,ETH-USD,BUY,2088.41,660,2026-01-01T01:42:58Z
order_00006180,batch_0004,trader_0023,ETH-USD,SELL,2164.1,553,2026-01-01T01:42:59Z
order_00006181,batch_0004,trader_0008,ETH-USD,SELL,1855.11,943,2026-01-01T01:43:00Z
order_00006182,batch_0004,trader_0010,ETH-USD,SELL,2168.98,611,2026-01-01T01:43:01Z
order_00006183,batch_0004,trader_0013,ETH-USD,SELL,2184.39,153,2026-01-01T01:43:02Z
order_00006184,batch_0004,trader_0003,ETH-USD,BUY,1938.66,544,2026-01-01T01:43:03Z
order_00006185,batch_0004,trader_0005,ETH-USD,BUY,1929.9,706,2026-01-01T01:43:04Z
order_00006186,batch_0004,trader_0021,ETH-USD,BUY,2165.1,809,2026-01-01T01:43:05Z
order_00006187,batch_0004,trader_0008,ETH-USD,SELL,1924.63,422,2026-01-01T01:43:06Z
order_00006188,batch_0004,trader_0010,ETH-USD,BUY,1806.96,466,2026-01-01T01:43:07Z
order_00006189,batch_0004,trader_0025,ETH-USD,BUY,1837.88,635,2026-01-01T01:43:08Z
order_00006190,batch_0004,trader_0011,ETH-USD,SELL,2020.66,143,2026-01-01T01:43:09Z
order_00006191,batch_0004,trader_0003,ETH-USD,BUY,2074.65,119,2026-01-01T01:43:10Z
order_00006192,batch_0004,trader_0011,ETH-USD,SELL,2052.62,806,2026-01-01T01:43:11Z
order_00006193,batch_0004,trader_0013,ETH-USD,BUY,1914.75,19,2026-01-01T01:43:12Z
order_00006194,batch_0004,trader_0020,ETH-USD,BUY,1824.33,33,2026-01-01T01:43:13Z
order_00006195,batch_0004,trader_0014,ETH-USD,BUY,1905.8,57,2026-01-01T01:43:14Z
order_00006196,batch_0004,trader_0008,ETH-USD,BUY,1851.11,88,2026-01-01T01:43:15Z
order_00006197,batch_0004,trader_0003,ETH-USD,SELL,1834.67,470,2026-01-01T01:43:16Z
order_00006198,batch_0004,trader_0007,ETH-USD,SELL,2162.95,764,2026-01-01T01:43:17Z
order_00006199,batch_0004,trader_0021,ETH-USD,SELL,2027.12,131,2026-01-01T01:43:18Z
order_00006200,batch_0004,trader_0001,ETH-USD,BUY,1835.83,360,2026-01-01T01:43:19Z
order_00006201,batch_0004,trader_0023,ETH-USD,SELL,2178.6,271,2026-01-01T01:43:20Z
order_00006202,batch_0004,trader_0014,ETH-USD,BUY,2094.17,510,2026-01-01T01:43:21Z
order_00006203,batch_0004,trader_0025,ETH-USD,SELL,2182.29,230,2026-01-01T01:43:22Z
order_00006204,batch_0004,trader_0009,ETH-USD,SELL,2189.42,936,2026-01-01T01:43:23Z
order_00006205,batch_0004,trader_0010,ETH-USD,BUY,1818.4,743,2026-01-01T01:43:24Z
order_00006206,batch_0004,trader_0015,ETH-USD,SELL,1857.73,916,2026-01-01T01:43:25Z
order_00006207,batch_0004,trader_0010,ETH-USD,BUY,2140.85,225,2026-01-01T01:43:26Z
order_00006208,batch_0004,trader_0020,ETH-USD,BUY,1810.06,990,2026-01-01T01:43:27Z
order_00006209,batch_0004,trader_0016,ETH-USD,BUY,1802.74,243,2026-01-01T01:43:28Z
order_00006210,batch_0004,trader_0007,ETH-USD,SELL,2050.37,818,2026-01-01T01:43:29Z
order_00006211,batch_0004,trader_0005,ETH-USD,SELL,1996.73,317,2026-01-01T01:43:30Z
order_00006212,batch_0004,trader_0014,ETH-USD,BUY,2023.33,359,2026-01-01T01:43:31Z
order_00006213,batch_0004,trader_0006,ETH-USD,BUY,2013.9,420,2026-01-01T01:43:32Z
order_00006214,batch_0004,trader_0022,ETH-USD,SELL,1840.62,776,2026-01-01T01:43:33Z
order_00006215,batch_0004,trader_0006,ETH-USD,BUY,2067.27,470,2026-01-01T01:43:34Z
order_00006216,batch_0004,trader_0014,ETH-USD,BUY,2003.76,4,2026-01-01T01:43:35Z
order_00006217,batch_0004,trader_0023,ETH-USD,SELL,2173.98,397,2026-01-01T01:43:36Z
order_00006218,batch_0004,trader_0005,ETH-USD,SELL,1861.06,976,2026-01-01T01:43:37Z
order_00006219,batch_0004,trader_0020,ETH-USD,BUY,2182.56,79,2026-01-01T01:43:38Z
order_00006220,batch_0004,trader_0018,ETH-USD,SELL,2199.12,906,2026-01-01T01:43:39Z
order_00006221,batch_0004,trader_0020,ETH-USD,BUY,2137.72,877,2026-01-01T01:43:40Z
order_00006222,batch_0004,trader_0022,ETH-USD,BUY,2131.95,479,2026-01-01T01:43:41Z
order_00006223,batch_0004,trader_0012,ETH-USD,BUY,2055.64,62,2026-01-01T01:43:42Z
order_00006224,batch_0004,trader_0004,ETH-USD,BUY,2189.99,423,2026-01-01T01:43:43Z
order_00006225,batch_0004,trader_0016,ETH-USD,SELL,2000.24,311,2026-01-01T01:43:44Z
order_00006226,batch_0004,trader_0008,ETH-USD,SELL,1858.23,997,2026-01-01T01:43:45Z
order_00006227,batch_0004,trader_0010,ETH-USD,BUY,2124.68,279,2026-01-01T01:43:46Z
order_00006228,batch_0004,trader_0024,ETH-USD,BUY,1967.71,744,2026-01-01T01:43:47Z
order_00006229,batch_0004,trader_0004,ETH-USD,SELL,1860.94,561,2026-01-01T01:43:48Z
order_00006230,batch_0004,trader_0014,ETH-USD,BUY,2116.25,345,2026-01-01T01:43:49Z
order_00006231,batch_0004,trader_0012,ETH-USD,SELL,2095.3,620,2026-01-01T01:43:50Z
order_00006232,batch_0004,trader_0006,ETH-USD,BUY,2029.93,263,2026-01-01T01:43:51Z
order_00006233,batch_0004,trader_0009,ETH-USD,BUY,2063.97,410,2026-01-01T01:43:52Z
order_00006234,batch_0004,trader_0025,ETH-USD,SELL,2127.34,659,2026-01-01T01:43:53Z
order_00006235,batch_0004,trader_0016,ETH-USD,BUY,2084.1,687,2026-01-01T01:43:54Z
order_00006236,batch_0004,trader_0017,ETH-USD,SELL,2020.17,560,2026-01-01T01:43:55Z
order_00006237,batch_0004,trader_0022,ETH-USD,BUY,1801.01,256,2026-01-01T01:43:56Z
order_00006238,batch_0004,trader_0022,ETH-USD,BUY,1890.14,315,2026-01-01T01:43:57Z
order_00006239,batch_0004,trader_0017,ETH-USD,SELL,2000.18,295,2026-01-01T01:43:58Z
order_00006240,batch_0004,trader_0017,ETH-USD,SELL,1825.91,742,2026-01-01T01:43:59Z
order_00006241,batch_0004,trader_0001,ETH-USD,BUY,1967.91,821,2026-01-01T01:44:00Z
order_00006242,batch_0004,trader_0025,ETH-USD,SELL,1903.87,415,2026-01-01T01:44:01Z
order_00006243,batch_0004,trader_0004,ETH-USD,BUY,1839.34,868,2026-01-01T01:44:02Z
order_00006244,batch_0004,trader_0012,ETH-USD,SELL,1836.44,187,2026-01-01T01:44:03Z
order_00006245,batch_0004,trader_0003,ETH-USD,BUY,2099.9,673,2026-01-01T01:44:04Z
order_00006246,batch_0004,trader_0001,ETH-USD,SELL,1898.85,191,2026-01-01T01:44:05Z
order_00006247,batch_0004,trader_0020,ETH-USD,BUY,1820.38,412,2026-01-01T01:44:06Z
order_00006248,batch_0004,trader_0008,ETH-USD,SELL,1969.55,541,2026-01-01T01:44:07Z
order_00006249,batch_0004,trader_0021,ETH-USD,BUY,2085.41,103,2026-01-01T01:44:08Z
order_00006250,batch_0004,trader_0002,ETH-USD,SELL,1821.15,395,2026-01-01T01:44:09Z
order_00006251,batch_0004,trader_0007,ETH-USD,BUY,2199.8,64,2026-01-01T01:44:10Z
order_00006252,batch_0004,trader_0019,ETH-USD,BUY,2020.3,458,2026-01-01T01:44:11Z
order_00006253,batch_0004,trader_0003,ETH-USD,SELL,2183.19,935,2026-01-01T01:44:12Z
order_00006254,batch_0004,trader_0001,ETH-USD,BUY,1812.97,283,2026-01-01T01:44:13Z
order_00006255,batch_0004,trader_0004,ETH-USD,BUY,2174.71,942,2026-01-01T01:44:14Z
order_00006256,batch_0004,trader_0024,ETH-USD,BUY,2075.94,769,2026-01-01T01:44:15Z
order_00006257,batch_0004,trader_0021,ETH-USD,BUY,1986.65,843,2026-01-01T01:44:16Z
order_00006258,batch_0004,trader_0004,ETH-USD,SELL,2112.27,47,2026-01-01T01:44:17Z
order_00006259,batch_0004,trader_0005,ETH-USD,SELL,1955.18,776,2026-01-01T01:44:18Z
order_00006260,batch_0004,trader_0023,ETH-USD,SELL,1941.91,963,2026-01-01T01:44:19Z
order_00006261,batch_0004,trader_0024,ETH-USD,SELL,2196.25,770,2026-01-01T01:44:20Z
order_00006262,batch_0004,trader_0010,ETH-USD,SELL,2032.73,101,2026-01-01T01:44:21Z
order_00006263,batch_0004,trader_0017,ETH-USD,SELL,1986.66,652,2026-01-01T01:44:22Z
order_00006264,batch_0004,trader_0021,ETH-USD,BUY,2168.51,374,2026-01-01T01:44:23Z
order_00006265,batch_0004,trader_0011,ETH-USD,BUY,2183.28,211,2026-01-01T01:44:24Z
order_00006266,batch_0004,trader_0004,ETH-USD,BUY,1866.26,543,2026-01-01T01:44:25Z
order_00006267,batch_0004,trader_0017,ETH-USD,BUY,1866.59,945,2026-01-01T01:44:26Z
order_00006268,batch_0004,trader_0024,ETH-USD,SELL,1977.46,858,2026-01-01T01:44:27Z
order_00006269,batch_0004,trader_0020,ETH-USD,BUY,2111.76,141,2026-01-01T01:44:28Z
order_00006270,batch_0004,trader_0004,ETH-USD,SELL,1890.68,733,2026-01-01T01:44:29Z
order_00006271,batch_0004,trader_0018,ETH-USD,SELL,1970.7,109,2026-01-01T01:44:30Z
order_00006272,batch_0004,trader_0016,ETH-USD,SELL,2111.68,114,2026-01-01T01:44:31Z
order_00006273,batch_0004,trader_0007,ETH-USD,SELL,1851.91,159,2026-01-01T01:44:32Z
order_00006274,batch_0004,trader_0021,ETH-USD,SELL,2103.27,901,2026-01-01T01:44:33Z
order_00006275,batch_0004,trader_0025,ETH-USD,SELL,1992.45,258,2026-01-01T01:44:34Z
order_00006276,batch_0004,trader_0008,ETH-USD,BUY,1994.07,203,2026-01-01T01:44:35Z
order_00006277,batch_0004,trader_0004,ETH-USD,BUY,1967.69,900,2026-01-01T01:44:36Z
order_00006278,batch_0004,trader_0010,ETH-USD,SELL,1872.82,8,2026-01-01T01:44:37Z
order_00006279,batch_0004,trader_0018,ETH-USD,SELL,2089.12,690,2026-01-01T01:44:38Z
order_00006280,batch_0004,trader_0017,ETH-USD,BUY,1986.21,361,2026-01-01T01:44:39Z
order_00006281,batch_0004,trader_0022,ETH-USD,BUY,2060.53,174,2026-01-01T01:44:40Z
order_00006282,batch_0004,trader_0005,ETH-USD,SELL,2119.36,199,2026-01-01T01:44:41Z
order_00006283,batch_0004,trader_0006,ETH-USD,BUY,2185.6,405,2026-01-01T01:44:42Z
order_00006284,batch_0004,trader_0002,ETH-USD,SELL,1956.28,125,2026-01-01T01:44:43Z
order_00006285,batch_0004,trader_0025,ETH-USD,SELL,2040.99,394,2026-01-01T01:44:44Z
order_00006286,batch_0004,trader_0009,ETH-USD,BUY,2138.77,361,2026-01-01T01:44:45Z
order_00006287,batch_0004,trader_0015,ETH-USD,BUY,1807.97,484,2026-01-01T01:44:46Z
order_00006288,batch_0004,trader_0020,ETH-USD,SELL,1826.52,366,2026-01-01T01:44:47Z
order_00006289,batch_0004,trader_0012,ETH-USD,SELL,2031.23,252,2026-01-01T01:44:48Z
order_00006290,batch_0004,trader_0005,ETH-USD,SELL,2150.99,963,2026-01-01T01:44:49Z
order_00006291,batch_0004,trader_0014,ETH-USD,BUY,2094.32,57,2026-01-01T01:44:50Z
order_00006292,batch_0004,trader_0003,ETH-USD,SELL,1858.08,844,2026-01-01T01:44:51Z
order_00006293,batch_0004,trader_0007,ETH-USD,BUY,1803.86,951,2026-01-01T01:44:52Z
order_00006294,batch_0004,trader_0021,ETH-USD,BUY,2182.0,964,2026-01-01T01:44:53Z
order_00006295,batch_0004,trader_0006,ETH-USD,SELL,2157.12,265,2026-01-01T01:44:54Z
order_00006296,batch_0004,trader_0023,ETH-USD,BUY,2081.13,217,2026-01-01T01:44:55Z
order_00006297,batch_0004,trader_0019,ETH-USD,BUY,2146.28,552,2026-01-01T01:44:56Z
order_00006298,batch_0004,trader_0017,ETH-USD,BUY,2142.11,555,2026-01-01T01:44:57Z
order_00006299,batch_0004,trader_0004,ETH-USD,BUY,1804.09,25,2026-01-01T01:44:58Z
order_00006300,batch_0004,trader_0003,ETH-USD,SELL,2123.75,616,2026-01-01T01:44:59Z
order_00006301,batch_0004,trader_0002,ETH-USD,SELL,2143.26,324,2026-01-01T01:45:00Z
order_00006302,batch_0004,trader_0013,ETH-USD,BUY,2164.64,378,2026-01-01T01:45:01Z
order_00006303,batch_0004,trader_0023,ETH-USD,BUY,2105.46,374,2026-01-01T01:45:02Z
order_00006304,batch_0004,trader_0013,ETH-USD,SELL,2079.31,398,2026-01-01T01:45:03Z
order_00006305,batch_0004,trader_0020,ETH-USD,SELL,1892.44,251,2026-01-01T01:45:04Z
order_00006306,batch_0004,trader_0003,ETH-USD,SELL,1923.94,239,2026-01-01T01:45:05Z
order_00006307,batch_0004,trader_0004,ETH-USD,BUY,1806.83,334,2026-01-01T01:45:06Z
order_00006308,batch_0004,trader_0014,ETH-USD,SELL,2164.83,283,2026-01-01T01:45:07Z
order_00006309,batch_0004,trader_0019,ETH-USD,BUY,1996.23,160,2026-01-01T01:45:08Z
order_00006310,batch_0004,trader_0011,ETH-USD,SELL,2183.66,877,2026-01-01T01:45:09Z
order_00006311,batch_0004,trader_0024,ETH-USD,BUY,1934.78,566,2026-01-01T01:45:10Z
order_00006312,batch_0004,trader_0018,ETH-USD,SELL,1844.47,885,2026-01-01T01:45:11Z
order_00006313,batch_0004,trader_0016,ETH-USD,SELL,1979.62,928,2026-01-01T01:45:12Z
order_00006314,batch_0004,trader_0019,ETH-USD,BUY,1853.59,101,2026-01-01T01:45:13Z
order_00006315,batch_0004,trader_0004,ETH-USD,BUY,1999.1,577,2026-01-01T01:45:14Z
order_00006316,batch_0004,trader_0021,ETH-USD,BUY,1861.91,266,2026-01-01T01:45:15Z
order_00006317,batch_0004,trader_0015,ETH-USD,BUY,2124.84,688,2026-01-01T01:45:16Z
order_00006318,batch_0004,trader_0005,ETH-USD,BUY,1953.34,752,2026-01-01T01:45:17Z
order_00006319,batch_0004,trader_0024,ETH-USD,BUY,1974.05,300,2026-01-01T01:45:18Z
order_00006320,batch_0004,trader_0014,ETH-USD,SELL,2108.68,379,2026-01-01T01:45:19Z
order_00006321,batch_0004,trader_0012,ETH-USD,SELL,1856.54,480,2026-01-01T01:45:20Z
order_00006322,batch_0004,trader_0007,ETH-USD,BUY,1810.93,105,2026-01-01T01:45:21Z
order_00006323,batch_0004,trader_0012,ETH-USD,BUY,1985.54,513,2026-01-01T01:45:22Z
order_00006324,batch_0004,trader_0016,ETH-USD,BUY,2101.88,270,2026-01-01T01:45:23Z
order_00006325,batch_0004,trader_0016,ETH-USD,SELL,2101.06,657,2026-01-01T01:45:24Z
order_00006326,batch_0004,trader_0016,ETH-USD,SELL,1886.61,63,2026-01-01T01:45:25Z
order_00006327,batch_0004,trader_0025,ETH-USD,BUY,2012.03,234,2026-01-01T01:45:26Z
order_00006328,batch_0004,trader_0003,ETH-USD,BUY,1918.6,453,2026-01-01T01:45:27Z
order_00006329,batch_0004,trader_0023,ETH-USD,SELL,2138.67,516,2026-01-01T01:45:28Z
order_00006330,batch_0004,trader_0006,ETH-USD,BUY,1953.33,186,2026-01-01T01:45:29Z
order_00006331,batch_0004,trader_0025,ETH-USD,SELL,1903.82,341,2026-01-01T01:45:30Z
order_00006332,batch_0004,trader_0005,ETH-USD,BUY,1961.13,541,2026-01-01T01:45:31Z
order_00006333,batch_0004,trader_0010,ETH-USD,SELL,2022.0,191,2026-01-01T01:45:32Z
order_00006334,batch_0004,trader_0009,ETH-USD,SELL,1966.65,460,2026-01-01T01:45:33Z
order_00006335,batch_0004,trader_0013,ETH-USD,BUY,2061.08,457,2026-01-01T01:45:34Z
order_00006336,batch_0004,trader_0003,ETH-USD,SELL,1991.29,148,2026-01-01T01:45:35Z
order_00006337,batch_0004,trader_0011,ETH-USD,SELL,1882.61,724,2026-01-01T01:45:36Z
order_00006338,batch_0004,trader_0013,ETH-USD,BUY,2186.76,562,2026-01-01T01:45:37Z
order_00006339,batch_0004,trader_0020,ETH-USD,BUY,1855.35,709,2026-01-01T01:45:38Z
order_00006340,batch_0004,trader_0024,ETH-USD,BUY,2011.61,915,2026-01-01T01:45:39Z
order_00006341,batch_0004,trader_0014,ETH-USD,SELL,2042.95,487,2026-01-01T01:45:40Z
order_00006342,batch_0004,trader_0009,ETH-USD,SELL,1812.08,711,2026-01-01T01:45:41Z
order_00006343,batch_0004,trader_0013,ETH-USD,SELL,2009.33,959,2026-01-01T01:45:42Z
order_00006344,batch_0004,trader_0023,ETH-USD,SELL,1870.55,240,2026-01-01T01:45:43Z
order_00006345,batch_0004,trader_0009,ETH-USD,BUY,2110.97,380,2026-01-01T01:45:44Z
order_00006346,batch_0004,trader_0017,ETH-USD,BUY,1810.16,808,2026-01-01T01:45:45Z
order_00006347,batch_0004,trader_0016,ETH-USD,SELL,2108.8,619,2026-01-01T01:45:46Z
order_00006348,batch_0004,trader_0011,ETH-USD,BUY,2096.88,429,2026-01-01T01:45:47Z
order_00006349,batch_0004,trader_0009,ETH-USD,SELL,1971.63,461,2026-01-01T01:45:48Z
order_00006350,batch_0004,trader_0021,ETH-USD,SELL,1876.74,322,2026-01-01T01:45:49Z
order_00006351,batch_0004,trader_0024,ETH-USD,SELL,1980.09,422,2026-01-01T01:45:50Z
order_00006352,batch_0004,trader_0016,ETH-USD,BUY,2152.73,610,2026-01-01T01:45:51Z
order_00006353,batch_0004,trader_0014,ETH-USD,SELL,1901.88,353,2026-01-01T01:45:52Z
order_00006354,batch_0004,trader_0001,ETH-USD,SELL,2081.79,601,2026-01-01T01:45:53Z
order_00006355,batch_0004,trader_0005,ETH-USD,BUY,2010.79,801,2026-01-01T01:45:54Z
order_00006356,batch_0004,trader_0013,ETH-USD,SELL,1884.02,489,2026-01-01T01:45:55Z
order_00006357,batch_0004,trader_0007,ETH-USD,SELL,1982.18,134,2026-01-01T01:45:56Z
order_00006358,batch_0004,trader_0021,ETH-USD,BUY,1870.43,724,2026-01-01T01:45:57Z
order_00006359,batch_0004,trader_0003,ETH-USD,BUY,1842.57,106,2026-01-01T01:45:58Z
order_00006360,batch_0004,trader_0016,ETH-USD,SELL,1948.4,851,2026-01-01T01:45:59Z
order_00006361,batch_0004,trader_0004,ETH-USD,BUY,2187.48,124,2026-01-01T01:46:00Z
order_00006362,batch_0004,trader_0006,ETH-USD,BUY,2111.78,59,2026-01-01T01:46:01Z
order_00006363,batch_0004,trader_0010,ETH-USD,SELL,1948.78,557,2026-01-01T01:46:02Z
order_00006364,batch_0004,trader_0018,ETH-USD,BUY,1961.66,566,2026-01-01T01:46:03Z
order_00006365,batch_0004,trader_0004,ETH-USD,BUY,1870.29,384,2026-01-01T01:46:04Z
order_00006366,batch_0004,trader_0007,ETH-USD,SELL,2031.43,979,2026-01-01T01:46:05Z
order_00006367,batch_0004,trader_0001,ETH-USD,SELL,1871.67,826,2026-01-01T01:46:06Z
order_00006368,batch_0004,trader_0019,ETH-USD,SELL,1965.28,765,2026-01-01T01:46:07Z
order_00006369,batch_0004,trader_0009,ETH-USD,SELL,1838.26,15,2026-01-01T01:46:08Z
order_00006370,batch_0004,trader_0003,ETH-USD,BUY,1907.46,408,2026-01-01T01:46:09Z
order_00006371,batch_0004,trader_0003,ETH-USD,BUY,1810.11,560,2026-01-01T01:46:10Z
order_00006372,batch_0004,trader_0001,ETH-USD,BUY,2154.82,905,2026-01-01T01:46:11Z
order_00006373,batch_0004,trader_0013,ETH-USD,SELL,2199.12,826,2026-01-01T01:46:12Z
order_00006374,batch_0004,trader_0002,ETH-USD,SELL,2154.84,457,2026-01-01T01:46:13Z
order_00006375,batch_0004,trader_0002,ETH-USD,SELL,1804.31,702,2026-01-01T01:46:14Z
order_00006376,batch_0004,trader_0014,ETH-USD,BUY,1883.47,204,2026-01-01T01:46:15Z
order_00006377,batch_0004,trader_0009,ETH-USD,SELL,1901.52,188,2026-01-01T01:46:16Z
order_00006378,batch_0004,trader_0015,ETH-USD,BUY,2141.12,230,2026-01-01T01:46:17Z
order_00006379,batch_0004,trader_0014,ETH-USD,BUY,2113.01,286,2026-01-01T01:46:18Z
order_00006380,batch_0004,trader_0018,ETH-USD,SELL,2022.08,938,2026-01-01T01:46:19Z
order_00006381,batch_0004,trader_0013,ETH-USD,BUY,1813.0,577,2026-01-01T01:46:20Z
order_00006382,batch_0004,trader_0006,ETH-USD,SELL,1904.04,333,2026-01-01T01:46:21Z
order_00006383,batch_0004,trader_0018,ETH-USD,SELL,2091.41,631,2026-01-01T01:46:22Z
order_00006384,batch_0004,trader_0024,ETH-USD,BUY,2041.45,716,2026-01-01T01:46:23Z
order_00006385,batch_0004,trader_0006,ETH-USD,SELL,1984.81,131,2026-01-01T01:46:24Z
order_00006386,batch_0004,trader_0003,ETH-USD,SELL,1872.07,506,2026-01-01T01:46:25Z
order_00006387,batch_0004,trader_0013,ETH-USD,BUY,1847.15,587,2026-01-01T01:46:26Z
order_00006388,batch_0004,trader_0025,ETH-USD,BUY,1819.1,668,2026-01-01T01:46:27Z
order_00006389,batch_0004,trader_0014,ETH-USD,SELL,1823.8,440,2026-01-01T01:46:28Z
order_00006390,batch_0004,trader_0011,ETH-USD,SELL,1958.05,464,2026-01-01T01:46:29Z
order_00006391,batch_0004,trader_0018,ETH-USD,SELL,2145.21,465,2026-01-01T01:46:30Z
order_00006392,batch_0004,trader_0019,ETH-USD,SELL,2190.89,365,2026-01-01T01:46:31Z
order_00006393,batch_0004,trader_0019,ETH-USD,BUY,2099.57,639,2026-01-01T01:46:32Z
order_00006394,batch_0004,trader_0017,ETH-USD,BUY,2089.11,464,2026-01-01T01:46:33Z
order_00006395,batch_0004,trader_0001,ETH-USD,SELL,1920.54,446,2026-01-01T01:46:34Z
order_00006396,batch_0004,trader_0025,ETH-USD,BUY,2197.49,508,2026-01-01T01:46:35Z
order_00006397,batch_0004,trader_0002,ETH-USD,BUY,1808.68,892,2026-01-01T01:46:36Z
order_00006398,batch_0004,trader_0004,ETH-USD,SELL,2085.95,682,2026-01-01T01:46:37Z
order_00006399,batch_0004,trader_0020,ETH-USD,SELL,2137.78,863,2026-01-01T01:46:38Z
order_00006400,batch_0004,trader_0012,ETH-USD,BUY,2108.66,191,2026-01-01T01:46:39Z
order_00006401,batch_0004,trader_0008,ETH-USD,SELL,1919.72,968,2026-01-01T01:46:40Z
order_00006402,batch_0004,trader_0019,ETH-USD,SELL,1903.62,287,2026-01-01T01:46:41Z
order_00006403,batch_0004,trader_0006,ETH-USD,SELL,1890.07,599,2026-01-01T01:46:42Z
order_00006404,batch_0004,trader_0006,ETH-USD,BUY,1898.91,198,2026-01-01T01:46:43Z
order_00006405,batch_0004,trader_0003,ETH-USD,BUY,1897.87,172,2026-01-01T01:46:44Z
order_00006406,batch_0004,trader_0021,ETH-USD,BUY,1949.7,830,2026-01-01T01:46:45Z
order_00006407,batch_0004,trader_0002,ETH-USD,SELL,2141.4,353,2026-01-01T01:46:46Z
order_00006408,batch_0004,trader_0011,ETH-USD,BUY,2091.75,906,2026-01-01T01:46:47Z
order_00006409,batch_0004,trader_0002,ETH-USD,BUY,2087.17,816,2026-01-01T01:46:48Z
order_00006410,batch_0004,trader_0018,ETH-USD,BUY,2032.36,415,2026-01-01T01:46:49Z
order_00006411,batch_0004,trader_0007,ETH-USD,SELL,2078.06,292,2026-01-01T01:46:50Z
order_00006412,batch_0004,trader_0007,ETH-USD,SELL,2110.31,774,2026-01-01T01:46:51Z
order_00006413,batch_0004,trader_0013,ETH-USD,SELL,2139.92,302,2026-01-01T01:46:52Z
order_00006414,batch_0004,trader_0001,ETH-USD,SELL,1970.7,607,2026-01-01T01:46:53Z
order_00006415,batch_0004,trader_0024,ETH-USD,SELL,1938.73,28,2026-01-01T01:46:54Z
order_00006416,batch_0004,trader_0005,ETH-USD,SELL,1892.2,661,2026-01-01T01:46:55Z
order_00006417,batch_0004,trader_0009,ETH-USD,SELL,1907.79,808,2026-01-01T01:46:56Z
order_00006418,batch_0004,trader_0015,ETH-USD,BUY,2031.92,901,2026-01-01T01:46:57Z
order_00006419,batch_0004,trader_0011,ETH-USD,SELL,2039.38,770,2026-01-01T01:46:58Z
order_00006420,batch_0004,trader_0005,ETH-USD,SELL,2040.46,627,2026-01-01T01:46:59Z
order_00006421,batch_0004,trader_0016,ETH-USD,SELL,1857.06,121,2026-01-01T01:47:00Z
order_00006422,batch_0004,trader_0010,ETH-USD,BUY,1992.45,78,2026-01-01T01:47:01Z
order_00006423,batch_0004,trader_0001,ETH-USD,SELL,1864.02,285,2026-01-01T01:47:02Z
order_00006424,batch_0004,trader_0009,ETH-USD,BUY,2109.95,610,2026-01-01T01:47:03Z
order_00006425,batch_0004,trader_0015,ETH-USD,SELL,1881.26,580,2026-01-01T01:47:04Z
order_00006426,batch_0004,trader_0005,ETH-USD,BUY,1839.12,816,2026-01-01T01:47:05Z
order_00006427,batch_0004,trader_0008,ETH-USD,BUY,1830.41,458,2026-01-01T01:47:06Z
order_00006428,batch_0004,trader_0013,ETH-USD,BUY,1892.85,382,2026-01-01T01:47:07Z
order_00006429,batch_0004,trader_0009,ETH-USD,BUY,2141.99,434,2026-01-01T01:47:08Z
order_00006430,batch_0004,trader_0017,ETH-USD,BUY,2067.11,155,2026-01-01T01:47:09Z
order_00006431,batch_0004,trader_0004,ETH-USD,SELL,1900.75,409,2026-01-01T01:47:10Z
order_00006432,batch_0004,trader_0020,ETH-USD,SELL,2080.49,146,2026-01-01T01:47:11Z
order_00006433,batch_0004,trader_0008,ETH-USD,BUY,2123.46,460,2026-01-01T01:47:12Z
order_00006434,batch_0004,trader_0022,ETH-USD,BUY,2037.24,585,2026-01-01T01:47:13Z
order_00006435,batch_0004,trader_0011,ETH-USD,SELL,2160.95,546,2026-01-01T01:47:14Z
order_00006436,batch_0004,trader_0006,ETH-USD,SELL,1824.43,277,2026-01-01T01:47:15Z
order_00006437,batch_0004,trader_0008,ETH-USD,SELL,1941.53,65,2026-01-01T01:47:16Z
order_00006438,batch_0004,trader_0004,ETH-USD,SELL,1803.97,364,2026-01-01T01:47:17Z
order_00006439,batch_0004,trader_0004,ETH-USD,BUY,2108.76,738,2026-01-01T01:47:18Z
order_00006440,batch_0004,trader_0022,ETH-USD,SELL,1919.81,108,2026-01-01T01:47:19Z
order_00006441,batch_0004,trader_0016,ETH-USD,SELL,2140.54,530,2026-01-01T01:47:20Z
order_00006442,batch_0004,trader_0009,ETH-USD,SELL,2055.08,473,2026-01-01T01:47:21Z
order_00006443,batch_0004,trader_0023,ETH-USD,BUY,1850.74,998,2026-01-01T01:47:22Z
order_00006444,batch_0004,trader_0003,ETH-USD,SELL,1852.52,881,2026-01-01T01:47:23Z
order_00006445,batch_0004,trader_0009,ETH-USD,SELL,2083.28,242,2026-01-01T01:47:24Z
order_00006446,batch_0004,trader_0018,ETH-USD,SELL,1928.53,692,2026-01-01T01:47:25Z
order_00006447,batch_0004,trader_0001,ETH-USD,SELL,1872.13,605,2026-01-01T01:47:26Z
order_00006448,batch_0004,trader_0002,ETH-USD,BUY,1993.24,556,2026-01-01T01:47:27Z
order_00006449,batch_0004,trader_0019,ETH-USD,BUY,1952.88,650,2026-01-01T01:47:28Z
order_00006450,batch_0004,trader_0025,ETH-USD,BUY,2152.25,214,2026-01-01T01:47:29Z
order_00006451,batch_0004,trader_0014,ETH-USD,BUY,2194.47,604,2026-01-01T01:47:30Z
order_00006452,batch_0004,trader_0002,ETH-USD,BUY,2149.04,367,2026-01-01T01:47:31Z
order_00006453,batch_0004,trader_0022,ETH-USD,BUY,2086.56,479,2026-01-01T01:47:32Z
order_00006454,batch_0004,trader_0017,ETH-USD,BUY,1909.97,444,2026-01-01T01:47:33Z
order_00006455,batch_0004,trader_0012,ETH-USD,BUY,2114.24,516,2026-01-01T01:47:34Z
order_00006456,batch_0004,trader_0024,ETH-USD,SELL,1876.84,544,2026-01-01T01:47:35Z
order_00006457,batch_0004,trader_0023,ETH-USD,SELL,2109.94,997,2026-01-01T01:47:36Z
order_00006458,batch_0004,trader_0013,ETH-USD,BUY,1991.13,813,2026-01-01T01:47:37Z
order_00006459,batch_0004,trader_0009,ETH-USD,SELL,2095.86,19,2026-01-01T01:47:38Z
order_00006460,batch_0004,trader_0025,ETH-USD,BUY,2063.38,129,2026-01-01T01:47:39Z
order_00006461,batch_0004,trader_0025,ETH-USD,BUY,2169.59,313,2026-01-01T01:47:40Z
order_00006462,batch_0004,trader_0003,ETH-USD,SELL,2094.85,327,2026-01-01T01:47:41Z
order_00006463,batch_0004,trader_0006,ETH-USD,SELL,1867.51,402,2026-01-01T01:47:42Z
order_00006464,batch_0004,trader_0025,ETH-USD,BUY,1940.15,891,2026-01-01T01:47:43Z
order_00006465,batch_0004,trader_0022,ETH-USD,BUY,1941.07,188,2026-01-01T01:47:44Z
order_00006466,batch_0004,trader_0010,ETH-USD,SELL,1867.2,416,2026-01-01T01:47:45Z
order_00006467,batch_0004,trader_0019,ETH-USD,BUY,1964.48,566,2026-01-01T01:47:46Z
order_00006468,batch_0004,trader_0001,ETH-USD,SELL,1872.11,902,2026-01-01T01:47:47Z
order_00006469,batch_0004,trader_0006,ETH-USD,BUY,1867.81,969,2026-01-01T01:47:48Z
order_00006470,batch_0004,trader_0019,ETH-USD,BUY,1834.88,281,2026-01-01T01:47:49Z
order_00006471,batch_0004,trader_0001,ETH-USD,SELL,1804.58,609,2026-01-01T01:47:50Z
order_00006472,batch_0004,trader_0006,ETH-USD,SELL,1967.0,671,2026-01-01T01:47:51Z
order_00006473,batch_0004,trader_0014,ETH-USD,SELL,1815.9,455,2026-01-01T01:47:52Z
order_00006474,batch_0004,trader_0011,ETH-USD,BUY,2167.42,269,2026-01-01T01:47:53Z
order_00006475,batch_0004,trader_0012,ETH-USD,SELL,2185.15,54,2026-01-01T01:47:54Z
order_00006476,batch_0004,trader_0010,ETH-USD,BUY,1826.7,190,2026-01-01T01:47:55Z
order_00006477,batch_0004,trader_0020,ETH-USD,SELL,2086.87,20,2026-01-01T01:47:56Z
order_00006478,batch_0004,trader_0019,ETH-USD,BUY,2104.1,756,2026-01-01T01:47:57Z
order_00006479,batch_0004,trader_0018,ETH-USD,BUY,2105.21,380,2026-01-01T01:47:58Z
order_00006480,batch_0004,trader_0015,ETH-USD,SELL,1864.13,138,2026-01-01T01:47:59Z
order_00006481,batch_0004,trader_0013,ETH-USD,BUY,2036.75,973,2026-01-01T01:48:00Z
order_00006482,batch_0004,trader_0001,ETH-USD,SELL,1818.71,712,2026-01-01T01:48:01Z
order_00006483,batch_0004,trader_0022,ETH-USD,SELL,1984.56,148,2026-01-01T01:48:02Z
order_00006484,batch_0004,trader_0004,ETH-USD,BUY,1912.39,410,2026-01-01T01:48:03Z
order_00006485,batch_0004,trader_0002,ETH-USD,SELL,1967.19,767,2026-01-01T01:48:04Z
order_00006486,batch_0004,trader_0013,ETH-USD,BUY,2148.12,447,2026-01-01T01:48:05Z
order_00006487,batch_0004,trader_0012,ETH-USD,BUY,2010.29,726,2026-01-01T01:48:06Z
order_00006488,batch_0004,trader_0015,ETH-USD,BUY,1930.23,587,2026-01-01T01:48:07Z
order_00006489,batch_0004,trader_0015,ETH-USD,BUY,1969.46,278,2026-01-01T01:48:08Z
order_00006490,batch_0004,trader_0008,ETH-USD,SELL,1858.65,675,2026-01-01T01:48:09Z
order_00006491,batch_0004,trader_0007,ETH-USD,SELL,2193.22,211,2026-01-01T01:48:10Z
order_00006492,batch_0004,trader_0020,ETH-USD,SELL,1804.97,118,2026-01-01T01:48:11Z
order_00006493,batch_0004,trader_0014,ETH-USD,BUY,1837.26,730,2026-01-01T01:48:12Z
order_00006494,batch_0004,trader_0004,ETH-USD,BUY,1880.02,962,2026-01-01T01:48:13Z
order_00006495,batch_0004,trader_0010,ETH-USD,BUY,2159.97,283,2026-01-01T01:48:14Z
order_00006496,batch_0004,trader_0006,ETH-USD,BUY,1878.65,767,2026-01-01T01:48:15Z
order_00006497,batch_0004,trader_0017,ETH-USD,BUY,2157.9,675,2026-01-01T01:48:16Z
order_00006498,batch_0004,trader_0025,ETH-USD,BUY,1968.09,974,2026-01-01T01:48:17Z
order_00006499,batch_0004,trader_0009,ETH-USD,BUY,2077.02,880,2026-01-01T01:48:18Z
order_00006500,batch_0004,trader_0002,ETH-USD,SELL,2049.47,185,2026-01-01T01:48:19Z
order_00006501,batch_0004,trader_0003,ETH-USD,SELL,1971.43,902,2026-01-01T01:48:20Z
order_00006502,batch_0004,trader_0017,ETH-USD,BUY,1936.07,879,2026-01-01T01:48:21Z
order_00006503,batch_0004,trader_0016,ETH-USD,SELL,2199.2,21,2026-01-01T01:48:22Z
order_00006504,batch_0004,trader_0010,ETH-USD,SELL,1875.51,579,2026-01-01T01:48:23Z
order_00006505,batch_0004,trader_0010,ETH-USD,SELL,2152.88,43,2026-01-01T01:48:24Z
order_00006506,batch_0004,trader_0025,ETH-USD,SELL,1923.06,456,2026-01-01T01:48:25Z
order_00006507,batch_0004,trader_0008,ETH-USD,BUY,1998.48,788,2026-01-01T01:48:26Z
order_00006508,batch_0004,trader_0007,ETH-USD,BUY,2112.36,439,2026-01-01T01:48:27Z
order_00006509,batch_0004,trader_0015,ETH-USD,SELL,2029.04,399,2026-01-01T01:48:28Z
order_00006510,batch_0004,trader_0010,ETH-USD,SELL,1866.2,12,2026-01-01T01:48:29Z
order_00006511,batch_0004,trader_0013,ETH-USD,SELL,2098.14,379,2026-01-01T01:48:30Z
order_00006512,batch_0004,trader_0019,ETH-USD,SELL,1967.21,141,2026-01-01T01:48:31Z
order_00006513,batch_0004,trader_0007,ETH-USD,BUY,1987.04,705,2026-01-01T01:48:32Z
order_00006514,batch_0004,trader_0003,ETH-USD,SELL,2082.44,752,2026-01-01T01:48:33Z
order_00006515,batch_0004,trader_0011,ETH-USD,SELL,1801.29,981,2026-01-01T01:48:34Z
order_00006516,batch_0004,trader_0011,ETH-USD,BUY,1934.89,896,2026-01-01T01:48:35Z
order_00006517,batch_0004,trader_0003,ETH-USD,BUY,1907.17,967,2026-01-01T01:48:36Z
order_00006518,batch_0004,trader_0025,ETH-USD,BUY,1893.78,286,2026-01-01T01:48:37Z
order_00006519,batch_0004,trader_0002,ETH-USD,SELL,2134.09,17,2026-01-01T01:48:38Z
order_00006520,batch_0004,trader_0003,ETH-USD,SELL,1990.78,226,2026-01-01T01:48:39Z
order_00006521,batch_0004,trader_0016,ETH-USD,BUY,1819.96,438,2026-01-01T01:48:40Z
order_00006522,batch_0004,trader_0004,ETH-USD,SELL,1964.23,651,2026-01-01T01:48:41Z
order_00006523,batch_0004,trader_0017,ETH-USD,BUY,2002.08,467,2026-01-01T01:48:42Z
order_00006524,batch_0004,trader_0013,ETH-USD,BUY,1982.81,218,2026-01-01T01:48:43Z
order_00006525,batch_0004,trader_0015,ETH-USD,SELL,2016.89,85,2026-01-01T01:48:44Z
order_00006526,batch_0004,trader_0014,ETH-USD,SELL,2142.46,987,2026-01-01T01:48:45Z
order_00006527,batch_0004,trader_0005,ETH-USD,BUY,2139.63,425,2026-01-01T01:48:46Z
order_00006528,batch_0004,trader_0013,ETH-USD,SELL,2102.01,398,2026-01-01T01:48:47Z
order_00006529,batch_0004,trader_0003,ETH-USD,SELL,2160.53,829,2026-01-01T01:48:48Z
order_00006530,batch_0004,trader_0003,ETH-USD,BUY,2152.91,305,2026-01-01T01:48:49Z
order_00006531,batch_0004,trader_0020,ETH-USD,SELL,2007.01,837,2026-01-01T01:48:50Z
order_00006532,batch_0004,trader_0015,ETH-USD,SELL,1823.92,961,2026-01-01T01:48:51Z
order_00006533,batch_0004,trader_0004,ETH-USD,BUY,1866.77,713,2026-01-01T01:48:52Z
order_00006534,batch_0004,trader_0002,ETH-USD,BUY,1923.23,530,2026-01-01T01:48:53Z
order_00006535,batch_0004,trader_0018,ETH-USD,SELL,2136.5,666,2026-01-01T01:48:54Z
order_00006536,batch_0004,trader_0012,ETH-USD,BUY,2190.52,298,2026-01-01T01:48:55Z
order_00006537,batch_0004,trader_0011,ETH-USD,BUY,1971.36,904,2026-01-01T01:48:56Z
order_00006538,batch_0004,trader_0015,ETH-USD,SELL,2082.36,234,2026-01-01T01:48:57Z
order_00006539,batch_0004,trader_0008,ETH-USD,BUY,2036.86,436,2026-01-01T01:48:58Z
order_00006540,batch_0004,trader_0015,ETH-USD,BUY,1993.22,406,2026-01-01T01:48:59Z
order_00006541,batch_0004,trader_0016,ETH-USD,SELL,2126.97,23,2026-01-01T01:49:00Z
order_00006542,batch_0004,trader_0018,ETH-USD,SELL,2161.91,909,2026-01-01T01:49:01Z
order_00006543,batch_0004,trader_0014,ETH-USD,SELL,2093.96,188,2026-01-01T01:49:02Z
order_00006544,batch_0004,trader_0019,ETH-USD,BUY,1990.15,879,2026-01-01T01:49:03Z
order_00006545,batch_0004,trader_0001,ETH-USD,SELL,1832.51,795,2026-01-01T01:49:04Z
order_00006546,batch_0004,trader_0017,ETH-USD,SELL,2003.23,463,2026-01-01T01:49:05Z
order_00006547,batch_0004,trader_0011,ETH-USD,BUY,2000.95,224,2026-01-01T01:49:06Z
order_00006548,batch_0004,trader_0013,ETH-USD,SELL,2130.58,828,2026-01-01T01:49:07Z
order_00006549,batch_0004,trader_0007,ETH-USD,BUY,2029.06,211,2026-01-01T01:49:08Z
order_00006550,batch_0004,trader_0017,ETH-USD,BUY,1867.66,833,2026-01-01T01:49:09Z
order_00006551,batch_0004,trader_0025,ETH-USD,SELL,2139.13,890,2026-01-01T01:49:10Z
order_00006552,batch_0004,trader_0011,ETH-USD,BUY,1809.63,410,2026-01-01T01:49:11Z
order_00006553,batch_0004,trader_0001,ETH-USD,SELL,1929.06,653,2026-01-01T01:49:12Z
order_00006554,batch_0004,trader_0005,ETH-USD,SELL,1921.07,653,2026-01-01T01:49:13Z
order_00006555,batch_0004,trader_0002,ETH-USD,BUY,2077.79,121,2026-01-01T01:49:14Z
order_00006556,batch_0004,trader_0025,ETH-USD,BUY,2024.41,878,2026-01-01T01:49:15Z
order_00006557,batch_0004,trader_0013,ETH-USD,SELL,2018.03,80,2026-01-01T01:49:16Z
order_00006558,batch_0004,trader_0013,ETH-USD,SELL,1811.9,454,2026-01-01T01:49:17Z
order_00006559,batch_0004,trader_0003,ETH-USD,BUY,1824.48,860,2026-01-01T01:49:18Z
order_00006560,batch_0004,trader_0022,ETH-USD,BUY,2031.15,167,2026-01-01T01:49:19Z
order_00006561,batch_0004,trader_0019,ETH-USD,SELL,1989.83,16,2026-01-01T01:49:20Z
order_00006562,batch_0004,trader_0020,ETH-USD,SELL,2134.79,786,2026-01-01T01:49:21Z
order_00006563,batch_0004,trader_0006,ETH-USD,BUY,2126.56,581,2026-01-01T01:49:22Z
order_00006564,batch_0004,trader_0023,ETH-USD,BUY,1861.57,576,2026-01-01T01:49:23Z
order_00006565,batch_0004,trader_0025,ETH-USD,BUY,2107.79,905,2026-01-01T01:49:24Z
order_00006566,batch_0004,trader_0024,ETH-USD,SELL,1836.17,475,2026-01-01T01:49:25Z
order_00006567,batch_0004,trader_0010,ETH-USD,SELL,2013.56,7,2026-01-01T01:49:26Z
order_00006568,batch_0004,trader_0010,ETH-USD,SELL,1962.09,176,2026-01-01T01:49:27Z
order_00006569,batch_0004,trader_0019,ETH-USD,BUY,2087.19,212,2026-01-01T01:49:28Z
order_00006570,batch_0004,trader_0003,ETH-USD,SELL,2065.95,977,2026-01-01T01:49:29Z
order_00006571,batch_0004,trader_0010,ETH-USD,SELL,2183.06,244,2026-01-01T01:49:30Z
order_00006572,batch_0004,trader_0001,ETH-USD,SELL,2040.6,656,2026-01-01T01:49:31Z
order_00006573,batch_0004,trader_0020,ETH-USD,BUY,2110.03,368,2026-01-01T01:49:32Z
order_00006574,batch_0004,trader_0013,ETH-USD,SELL,1810.71,461,2026-01-01T01:49:33Z
order_00006575,batch_0004,trader_0018,ETH-USD,SELL,2046.77,66,2026-01-01T01:49:34Z
order_00006576,batch_0004,trader_0020,ETH-USD,BUY,1947.15,3,2026-01-01T01:49:35Z
order_00006577,batch_0004,trader_0008,ETH-USD,SELL,2199.74,982,2026-01-01T01:49:36Z
order_00006578,batch_0004,trader_0009,ETH-USD,SELL,2097.0,525,2026-01-01T01:49:37Z
order_00006579,batch_0004,trader_0023,ETH-USD,SELL,2124.69,252,2026-01-01T01:49:38Z
order_00006580,batch_0004,trader_0024,ETH-USD,BUY,2077.5,893,2026-01-01T01:49:39Z
order_00006581,batch_0004,trader_0014,ETH-USD,BUY,2015.51,743,2026-01-01T01:49:40Z
order_00006582,batch_0004,trader_0013,ETH-USD,BUY,2170.97,881,2026-01-01T01:49:41Z
order_00006583,batch_0004,trader_0022,ETH-USD,SELL,2056.36,977,2026-01-01T01:49:42Z
order_00006584,batch_0004,trader_0021,ETH-USD,BUY,1937.5,117,2026-01-01T01:49:43Z
order_00006585,batch_0004,trader_0002,ETH-USD,SELL,2102.24,885,2026-01-01T01:49:44Z
order_00006586,batch_0004,trader_0025,ETH-USD,BUY,2140.37,667,2026-01-01T01:49:45Z
order_00006587,batch_0004,trader_0021,ETH-USD,SELL,2063.27,741,2026-01-01T01:49:46Z
order_00006588,batch_0004,trader_0015,ETH-USD,SELL,1800.59,337,2026-01-01T01:49:47Z
order_00006589,batch_0004,trader_0020,ETH-USD,SELL,1990.38,118,2026-01-01T01:49:48Z
order_00006590,batch_0004,trader_0002,ETH-USD,SELL,2052.32,423,2026-01-01T01:49:49Z
order_00006591,batch_0004,trader_0017,ETH-USD,BUY,1881.43,50,2026-01-01T01:49:50Z
order_00006592,batch_0004,trader_0003,ETH-USD,SELL,2007.03,33,2026-01-01T01:49:51Z
order_00006593,batch_0004,trader_0006,ETH-USD,BUY,1860.09,412,2026-01-01T01:49:52Z
order_00006594,batch_0004,trader_0021,ETH-USD,SELL,2020.11,425,2026-01-01T01:49:53Z
order_00006595,batch_0004,trader_0017,ETH-USD,SELL,2133.17,304,2026-01-01T01:49:54Z
order_00006596,batch_0004,trader_0001,ETH-USD,BUY,1812.08,970,2026-01-01T01:49:55Z
order_00006597,batch_0004,trader_0019,ETH-USD,BUY,2003.06,529,2026-01-01T01:49:56Z
order_00006598,batch_0004,trader_0021,ETH-USD,SELL,2025.98,975,2026-01-01T01:49:57Z
order_00006599,batch_0004,trader_0003,ETH-USD,SELL,1910.24,647,2026-01-01T01:49:58Z
order_00006600,batch_0004,trader_0019,ETH-USD,BUY,1969.19,3,2026-01-01T01:49:59Z
