order_id,batch_id,trader_id,symbol,side,price,quantity,timestamp
order_00006601,batch_0005,trader_0013,ETH-USD,SELL,2039.94,737,2026-01-01T01:50:00Z
order_00006602,batch_0005,trader_0013,ETH-USD,SELL,2119.92,176,2026-01-01T01:50:01Z
order_00006603,batch_0005,trader_0017,ETH-USD,BUY,2022.99,16,2026-01-01T01:50:02Z
order_00006604,batch_0005,trader_0004,ETH-USD,BUY,1896.04,18,2026-01-01T01:50:03Z
order_00006605,batch_0005,trader_0006,ETH-USD,BUY,2102.96,651,2026-01-01T01:50:04Z
order_00006606,batch_0005,trader_0009,ETH-USD,SELL,1877.85,432,2026-01-01T01:50:05Z
order_00006607,batch_0005,trader_0020,ETH-USD,BUY,1930.43,224,2026-01-01T01:50:06Z
order_00006608,batch_0005,trader_0009,ETH-USD,BUY,1873.55,667,2026-01-01T01:50:07Z
order_00006609,batch_0005,trader_0016,ETH-USD,BUY,2072.19,535,2026-01-01T01:50:08Z
order_00006610,batch_0005,trader_0024,ETH-USD,SELL,1871.46,84,2026-01-01T01:50:09Z
order_00006611,batch_0005,trader_0022,ETH-USD,SELL,2064.77,830,2026-01-01T01:50:10Z
order_00006612,batch_0005,trader_0012,ETH-USD,BUY,2063.05,167,2026-01-01T01:50:11Z
order_00006613,batch_0005,trader_0003,ETH-USD,BUY,1807.43,611,2026-01-01T01:50:12Z
order_00006614,batch_0005,trader_0015,ETH-USD,SELL,2182.73,160,2026-01-01T01:50:13Z
order_00006615,batch_0005,trader_0009,ETH-USD,BUY,1873.06,10,2026-01-01T01:50:14Z
order_00006616,batch_0005,trader_0023,ETH-USD,SELL,2129.17,415,2026-01-01T01:50:15Z
order_00006617,batch_0005,trader_0025,ETH-USD,BUY,1950.69,625,2026-01-01T01:50:16Z
order_00006618,batch_0005,trader_0010,ETH-USD,BUY,2167.32,136,2026-01-01T01:50:17Z
order_00006619,batch_0005,trader_0025,ETH-USD,BUY,1853.18,326,2026-01-01T01:50:18Z
order_00006620,batch_0005,trader_0012,ETH-USD,SELL,1816.81,316,2026-01-01T01:50:19Z
order_00006621,batch_0005,trader_0017,ETH-USD,BUY,1969.97,783,2026-01-01T01:50:20Z
order_00006622,batch_0005,trader_0015,ETH-USD,SELL,2013.12,717,2026-01-01T01:50:21Z
order_00006623,batch_0005,trader_0022,ETH-USD,SELL,2176.65,798,2026-01-01T01:50:22Z
order_00006624,batch_0005,trader_0023,ETH-USD,BUY,2149.48,249,2026-01-01T01:50:23Z
order_00006625,batch_0005,trader_0018,ETH-USD,BUY,2159.54,899,2026-01-01T01:50:24Z
order_00006626,batch_0005,trader_0019,ETH-USD,BUY,2149.71,361,2026-01-01T01:50:25Z
order_00006627,batch_0005,trader_0012,ETH-USD,BUY,1899.51,511,2026-01-01T01:50:26Z
order_00006628,batch_0005,trader_0005,ETH-USD,BUY,1960.03,730,2026-01-01T01:50:27Z
order_00006629,batch_0005,trader_0014,ETH-USD,SELL,1850.87,984,2026-01-01T01:50:28Z
order_00006630,batch_0005,trader_0020,ETH-USD,BUY,2122.72,413,2026-01-01T01:50:29Z
order_00006631,batch_0005,trader_0010,ETH-USD,SELL,2011.58,994,2026-01-01T01:50:30Z
order_00006632,batch_0005,trader_0010,ETH-USD,SELL,1949.13,133,2026-01-01T01:50:31Z
order_00006633,batch_0005,trader_0022,ETH-USD,SELL,2187.12,497,2026-01-01T01:50:32Z
order_00006634,batch_0005,trader_0009,ETH-USD,SELL,2099.4,139,2026-01-01T01:50:33Z
order_00006635,batch_0005,trader_0006,ETH-USD,BUY,1954.78,538,2026-01-01T01:50:34Z
order_00006636,batch_0005,trader_0001,ETH-USD,SELL,2047.95,578,2026-01-01T01:50:35Z
order_00006637,batch_0005,trader_0015,ETH-USD,BUY,1829.07,408,2026-01-01T01:50:36Z
order_00006638,batch_0005,trader_0006,ETH-USD,SELL,2033.36,583,2026-01-01T01:50:37Z
order_00006639,batch_0005,trader_0019,ETH-USD,BUY,1950.78,354,2026-01-01T01:50:38Z
order_00006640,batch_0005,trader_0005,ETH-USD,SELL,2040.33,971,2026-01-01T01:50:39Z
order_00006641,batch_0005,trader_0024,ETH-USD,SELL,2041.28,755,2026-01-01T01:50:40Z
order_00006642,batch_0005,trader_0018,ETH-USD,SELL,1928.25,221,2026-01-01T01:50:41Z
order_00006643,batch_0005,trader_0018,ETH-USD,SELL,2189.02,886,2026-01-01T01:50:42Z
order_00006644,batch_0005,trader_0020,ETH-USD,SELL,1998.17,728,2026-01-01T01:50:43Z
order_00006645,batch_0005,trader_0001,ETH-USD,BUY,2112.4,939,2026-01-01T01:50:44Z
order_00006646,batch_0005,trader_0006,ETH-USD,BUY,1901.92,253,2026-01-01T01:50:45Z
order_00006647,batch_0005,trader_0009,ETH-USD,BUY,2146.77,971,2026-01-01T01:50:46Z
order_00006648,batch_0005,trader_0011,ETH-USD,SELL,1898.81,833,2026-01-01T01:50:47Z
order_00006649,batch_0005,trader_0025,ETH-USD,BUY,2098.41,541,2026-01-01T01:50:48Z
order_00006650,batch_0005,trader_0013,ETH-USD,SELL,2196.42,159,2026-01-01T01:50:49Z
order_00006651,batch_0005,trader_0010,ETH-USD,BUY,2158.72,5,2026-01-01T01:50:50Z
order_00006652,batch_0005,trader_0023,ETH-USD,BUY,2191.56,669,2026-01-01T01:50:51Z
order_00006653,batch_0005,trader_0020,ETH-USD,BUY,1858.72,409,2026-01-01T01:50:52Z
order_00006654,batch_0005,trader_0010,ETH-USD,SELL,1826.94,967,2026-01-01T01:50:53Z
order_00006655,batch_0005,trader_0002,ETH-USD,SELL,1890.73,678,2026-01-01T01:50:54Z
order_00006656,batch_0005,trader_0003,ETH-USD,SELL,2174.31,749,2026-01-01T01:50:55Z
order_00006657,batch_0005,trader_0017,ETH-USD,BUY,1806.67,122,2026-01-01T01:50:56Z
order_00006658,batch_0005,trader_0021,ETH-USD,SELL,1928.56,508,2026-01-01T01:50:57Z
order_00006659,batch_0005,trader_0019,ETH-USD,SELL,1852.96,482,2026-01-01T01:50:58Z
order_00006660,batch_0005,trader_0022,ETH-USD,SELL,2057.77,446,2026-01-01T01:50:59Z
order_00006661,batch_0005,trader_0022,ETH-USD,BUY,2096.91,164,2026-01-01T01:51:00Z
order_00006662,batch_0005,trader_0001,ETH-USD,SELL,1918.74,139,2026-01-01T01:51:01Z
order_00006663,batch_0005,trader_0005,ETH-USD,BUY,2083.77,993,2026-01-01T01:51:02Z
order_00006664,batch_0005,trader_0008,ETH-USD,BUY,1893.41,188,2026-01-01T01:51:03Z
order_00006665,batch_0005,trader_0014,ETH-USD,BUY,1993.79,955,2026-01-01T01:51:04Z
order_00006666,batch_0005,trader_0020,ETH-USD,BUY,2120.16,966,2026-01-01T01:51:05Z
order_00006667,batch_0005,trader_0013,ETH-USD,SELL,2162.3,573,2026-01-01T01:51:06Z
order_00006668,batch_0005,trader_0025,ETH-USD,BUY,2027.35,961,2026-01-01T01:51:07Z
order_00006669,batch_0005,trader_0002,ETH-USD,SELL,2191.6,997,2026-01-01T01:51:08Z
order_00006670,batch_0005,trader_0018,ETH-USD,SELL,1948.01,878,2026-01-01T01:51:09Z
order_00006671,batch_0005,trader_0022,ETH-USD,BUY,1834.07,5,2026-01-01T01:51:10Z
order_00006672,batch_0005,trader_0015,ETH-USD,BUY,2174.1,644,2026-01-01T01:51:11Z
order_00006673,batch_0005,trader_0017,ETH-USD,SELL,1840.2,419,2026-01-01T01:51:12Z
order_00006674,batch_0005,trader_0005,ETH-USD,BUY,2191.27,342,2026-01-01T01:51:13Z
order_00006675,batch_0005,trader_0021,ETH-USD,SELL,2166.14,668,2026-01-01T01:51:14Z
order_00006676,batch_0005,trader_0001,ETH-USD,SELL,2139.83,298,2026-01-01T01:51:15Z
order_00006677,batch_0005,trader_0016,ETH-USD,BUY,2175.75,815,2026-01-01T01:51:16Z
order_00006678,batch_0005,trader_0008,ETH-USD,BUY,1865.35,728,2026-01-01T01:51:17Z
order_00006679,batch_0005,trader_0022,ETH-USD,SELL,1877.67,673,2026-01-01T01:51:18Z
order_00006680,batch_0005,trader_0001,ETH-USD,SELL,1961.88,871,2026-01-01T01:51:19Z
order_00006681,batch_0005,trader_0021,ETH-USD,BUY,1998.35,502,2026-01-01T01:51:20Z
order_00006682,batch_0005,trader_0012,ETH-USD,BUY,2196.23,509,2026-01-01T01:51:21Z
order_00006683,batch_0005,trader_0019,ETH-USD,BUY,1834.46,430,2026-01-01T01:51:22Z
order_00006684,batch_0005,trader_0005,ETH-USD,SELL,2186.4,184,2026-01-01T01:51:23Z
order_00006685,batch_0005,trader_0019,ETH-USD,SELL,2048.81,854,2026-01-01T01:51:24Z
order_00006686,batch_0005,trader_0017,ETH-USD,SELL,2036.31,73,2026-01-01T01:51:25Z
order_00006687,batch_0005,trader_0007,ETH-USD,BUY,1983.85,216,2026-01-01T01:51:26Z
order_00006688,batch_0005,trader_0010,ETH-USD,BUY,2124.15,189,2026-01-01T01:51:27Z
order_00006689,batch_0005,trader_0020,ETH-USD,BUY,1914.64,460,2026-01-01T01:51:28Z
order_00006690,batch_0005,trader_0001,ETH-USD,BUY,1997.35,278,2026-01-01T01:51:29Z
order_00006691,batch_0005,trader_0005,ETH-USD,BUY,2013.82,982,2026-01-01T01:51:30Z
order_00006692,batch_0005,trader_0001,ETH-USD,SELL,2194.58,323,2026-01-01T01:51:31Z
order_00006693,batch_0005,trader_0003,ETH-USD,SELL,1965.42,482,2026-01-01T01:51:32Z
order_00006694,batch_0005,trader_0016,ETH-USD,SELL,1828.52,623,2026-01-01T01:51:33Z
order_00006695,batch_0005,trader_0025,ETH-USD,SELL,2075.22,941,2026-01-01T01:51:34Z
order_00006696,batch_0005,trader_0008,ETH-USD,SELL,1993.33,92,2026-01-01T01:51:35Z
order_00006697,batch_0005,trader_0019,ETH-USD,SELL,2145.55,171,2026-01-01T01:51:36Z
order_00006698,batch_0005,trader_0007,ETH-USD,BUY,1940.67,275,2026-01-01T01:51:37Z
order_00006699,batch_0005,trader_0003,ETH-USD,SELL,2042.01,38,2026-01-01T01:51:38Z
order_00006700,batch_0005,trader_0012,ETH-USD,SELL,2003.55,363,2026-01-01T01:51:39Z
order_00006701,batch_0005,trader_0024,ETH-USD,BUY,1831.62,760,2026-01-01T01:51:40Z
order_00006702,batch_0005,trader_0015,ETH-USD,SELL,2158.08,329,2026-01-01T01:51:41Z
order_00006703,batch_0005,trader_0013,ETH-USD,BUY,2120.31,736,2026-01-01T01:51:42Z
order_00006704,batch_0005,trader_0004,ETH-USD,SELL,2040.91,255,2026-01-01T01:51:43Z
order_00006705,batch_0005,trader_0016,ETH-USD,SELL,2058.64,49,2026-01-01T01:51:44Z
order_00006706,batch_0005,trader_0008,ETH-USD,BUY,1804.52,292,2026-01-01T01:51:45Z
order_00006707,batch_0005,trader_0010,ETH-USD,SELL,1805.04,821,2026-01-01T01:51:46Z
order_00006708,batch_0005,trader_0009,ETH-USD,BUY,1846.89,320,2026-01-01T01:51:47Z
order_00006709,batch_0005,trader_0023,ETH-USD,SELL,1899.46,780,2026-01-01T01:51:48Z
order_00006710,batch_0005,trader_0018,ETH-USD,SELL,1832.57,183,2026-01-01T01:51:49Z
order_00006711,batch_0005,trader_0013,ETH-USD,BUY,2035.43,215,2026-01-01T01:51:50Z
order_00006712,batch_0005,trader_0024,ETH-USD,SELL,2175.91,786,2026-01-01T01:51:51Z
order_00006713,batch_0005,trader_0018,ETH-USD,BUY,1948.7,527,2026-01-01T01:51:52Z
order_00006714,batch_0005,trader_0021,ETH-USD,SELL,2179.41,701,2026-01-01T01:51:53Z
order_00006715,batch_0005,trader_0015,ETH-USD,SELL,1808.42,762,2026-01-01T01:51:54Z
order_00006716,batch_0005,trader_0011,ETH-USD,SELL,1860.62,13,2026-01-01T01:51:55Z
order_00006717,batch_0005,trader_0013,ETH-USD,BUY,1935.18,715,2026-01-01T01:51:56Z
order_00006718,batch_0005,trader_0007,ETH-USD,BUY,2083.72,448,2026-01-01T01:51:57Z
order_00006719,batch_0005,trader_0024,ETH-USD,SELL,1894.69,740,2026-01-01T01:51:58Z
order_00006720,batch_0005,trader_0007,ETH-USD,BUY,1822.2,205,2026-01-01T01:51:59Z
order_00006721,batch_0005,trader_0001,ETH-USD,SELL,1919.99,480,2026-01-01T01:52:00Z
order_00006722,batch_0005,trader_0025,ETH-USD,SELL,2160.0,520,2026-01-01T01:52:01Z
order_00006723,batch_0005,trader_0017,ETH-USD,SELL,1994.95,443,2026-01-01T01:52:02Z
order_00006724,batch_0005,trader_0002,ETH-USD,SELL,2023.36,620,2026-01-01T01:52:03Z
order_00006725,batch_0005,trader_0023,ETH-USD,SELL,2191.62,43,2026-01-01T01:52:04Z
order_00006726,batch_0005,trader_0018,ETH-USD,BUY,2046.05,717,2026-01-01T01:52:05Z
order_00006727,batch_0005,trader_0010,ETH-USD,SELL,2077.1,843,2026-01-01T01:52:06Z
order_00006728,batch_0005,trader_0022,ETH-USD,SELL,1836.75,81,2026-01-01T01:52:07Z
order_00006729,batch_0005,trader_0013,ETH-USD,SELL,2124.3,149,2026-01-01T01:52:08Z
order_00006730,batch_0005,trader_0018,ETH-USD,BUY,2014.85,344,2026-01-01T01:52:09Z
order_00006731,batch_0005,trader_0013,ETH-USD,BUY,1937.16,49,2026-01-01T01:52:10Z
order_00006732,batch_0005,trader_0020,ETH-USD,BUY,1847.72,674,2026-01-01T01:52:11Z
order_00006733,batch_0005,trader_0015,ETH-USD,SELL,1918.11,34,2026-01-01T01:52:12Z
order_00006734,batch_0005,trader_0005,ETH-USD,SELL,2195.12,689,2026-01-01T01:52:13Z
order_00006735,batch_0005,trader_0016,ETH-USD,BUY,2040.25,232,2026-01-01T01:52:14Z
order_00006736,batch_0005,trader_0009,ETH-USD,SELL,1990.96,488,2026-01-01T01:52:15Z
order_00006737,batch_0005,trader_0024,ETH-USD,BUY,1918.51,286,2026-01-01T01:52:16Z
order_00006738,batch_0005,trader_0018,ETH-USD,SELL,1822.68,809,2026-01-01T01:52:17Z
order_00006739,batch_0005,trader_0021,ETH-USD,SELL,2109.03,696,2026-01-01T01:52:18Z
order_00006740,batch_0005,trader_0003,ETH-USD,SELL,1977.52,82,2026-01-01T01:52:19Z
order_00006741,batch_0005,trader_0020,ETH-USD,BUY,1829.37,764,2026-01-01T01:52:20Z
order_00006742,batch_0005,trader_0009,ETH-USD,SELL,1897.55,747,2026-01-01T01:52:21Z
order_00006743,batch_0005,trader_0013,ETH-USD,BUY,1994.37,812,2026-01-01T01:52:22Z
order_00006744,batch_0005,trader_0006,ETH-USD,SELL,2149.11,136,2026-01-01T01:52:23Z
order_00006745,batch_0005,trader_0013,ETH-USD,BUY,2103.58,720,2026-01-01T01:52:24Z
order_00006746,batch_0005,trader_0001,ETH-USD,SELL,1892.84,373,2026-01-01T01:52:25Z
order_00006747,batch_0005,trader_0018,ETH-USD,BUY,1829.47,394,2026-01-01T01:52:26Z
order_00006748,batch_0005,trader_0018,ETH-USD,BUY,1949.59,133,2026-01-01T01:52:27Z
order_00006749,batch_0005,trader_0013,ETH-USD,SELL,1886.43,7,2026-01-01T01:52:28Z
order_00006750,batch_0005,trader_0002,ETH-USD,SELL,1932.26,50,2026-01-01T01:52:29Z
order_00006751,batch_0005,trader_0008,ETH-USD,BUY,1958.49,43,2026-01-01T01:52:30Z
order_00006752,batch_0005,trader_0005,ETH-USD,BUY,1948.39,9,2026-01-01T01:52:31Z
order_00006753,batch_0005,trader_0021,ETH-USD,SELL,2056.43,909,2026-01-01T01:52:32Z
order_00006754,batch_0005,trader_0020,ETH-USD,SELL,2134.97,273,2026-01-01T01:52:33Z
order_00006755,batch_0005,trader_0007,ETH-USD,SELL,1804.38,124,2026-01-01T01:52:34Z
order_00006756,batch_0005,trader_0006,ETH-USD,SELL,1847.31,607,2026-01-01T01:52:35Z
order_00006757,batch_0005,trader_0001,ETH-USD,BUY,1894.9,759,2026-01-01T01:52:36Z
order_00006758,batch_0005,trader_0009,ETH-USD,BUY,1809.32,139,2026-01-01T01:52:37Z
order_00006759,batch_0005,trader_0015,ETH-USD,BUY,1880.01,706,2026-01-01T01:52:38Z
order_00006760,batch_0005,trader_0020,ETH-USD,SELL,1987.0,583,2026-01-01T01:52:39Z
order_00006761,batch_0005,trader_0021,ETH-USD,BUY,1844.85,879,2026-01-01T01:52:40Z
order_00006762,batch_0005,trader_0002,ETH-USD,SELL,1956.97,993,2026-01-01T01:52:41Z
order_00006763,batch_0005,trader_0005,ETH-USD,SELL,1972.15,547,2026-01-01T01:52:42Z
order_00006764,batch_0005,trader_0016,ETH-USD,SELL,1939.53,475,2026-01-01T01:52:43Z
order_00006765,batch_0005,trader_0009,ETH-USD,SELL,1928.67,678,2026-01-01T01:52:44Z
order_00006766,batch_0005,trader_0002,ETH-USD,SELL,2180.73,605,2026-01-01T01:52:45Z
order_00006767,batch_0005,trader_0020,ETH-USD,BUY,2022.73,766,2026-01-01T01:52:46Z
order_00006768,batch_0005,trader_0008,ETH-USD,BUY,2170.29,293,2026-01-01T01:52:47Z
order_00006769,batch_0005,trader_0021,ETH-USD,SELL,2022.98,128,2026-01-01T01:52:48Z
order_00006770,batch_0005,trader_0013,ETH-USD,SELL,2019.21,736,2026-01-01T01:52:49Z
order_00006771,batch_0005,trader_0010,ETH-USD,BUY,2011.76,359,2026-01-01T01:52:50Z
order_00006772,batch_0005,trader_0011,ETH-USD,SELL,1913.2,866,2026-01-01T01:52:51Z
order_00006773,batch_0005,trader_0006,ETH-USD,BUY,1862.76,416,2026-01-01T01:52:52Z
order_00006774,batch_0005,trader_0004,ETH-USD,SELL,1948.4,703,2026-01-01T01:52:53Z
order_00006775,batch_0005,trader_0023,ETH-USD,BUY,1820.93,507,2026-01-01T01:52:54Z
order_00006776,batch_0005,trader_0014,ETH-USD,BUY,1893.89,13,2026-01-01T01:52:55Z
order_00006777,batch_0005,trader_0010,ETH-USD,BUY,2136.14,431,2026-01-01T01:52:56Z
order_00006778,batch_0005,trader_0010,ETH-USD,SELL,1979.06,32,2026-01-01T01:52:57Z
order_00006779,batch_0005,trader_0014,ETH-USD,BUY,1861.71,656,2026-01-01T01:52:58Z
order_00006780,batch_0005,trader_0007,ETH-USD,SELL,1806.41,416,2026-01-01T01:52:59Z
order_00006781,batch_0005,trader_0012,ETH-USD,BUY,1946.39,65,2026-01-01T01:53:00Z
order_00006782,batch_0005,trader_0022,ETH-USD,BUY,2181.96,384,2026-01-01T01:53:01Z
order_00006783,batch_0005,trader_0024,ETH-USD,BUY,1892.16,452,2026-01-01T01:53:02Z
order_00006784,batch_0005,trader_0004,ETH-USD,SELL,1969.26,93,2026-01-01T01:53:03Z
order_00006785,batch_0005,trader_0015,ETH-USD,BUY,1938.74,56,2026-01-01T01:53:04Z
order_00006786,batch_0005,trader_0009,ETH-USD,SELL,1851.58,383,2026-01-01T01:53:05Z
order_00006787,batch_0005,trader_0011,ETH-USD,BUY,1898.12,215,2026-01-01T01:53:06Z
order_00006788,batch_0005,trader_0023,ETH-USD,BUY,1906.14,581,2026-01-01T01:53:07Z
order_00006789,batch_0005,trader_0012,ETH-USD,BUY,2092.77,271,2026-01-01T01:53:08Z
order_00006790,batch_0005,trader_0023,ETH-USD,BUY,2124.66,697,2026-01-01T01:53:09Z
order_00006791,batch_0005,trader_0002,ETH-USD,SELL,1987.02,940,2026-01-01T01:53:10Z
order_00006792,batch_0005,trader_0024,ETH-USD,BUY,1849.24,472,2026-01-01T01:53:11Z
order_00006793,batch_0005,trader_0021,ETH-USD,BUY,2172.96,659,2026-01-01T01:53:12Z
order_00006794,batch_0005,trader_0024,ETH-USD,SELL,1973.89,408,2026-01-01T01:53:13Z
order_00006795,batch_0005,trader_0019,ETH-USD,SELL,2087.4,868,2026-01-01T01:53:14Z
order_00006796,batch_0005,trader_0004,ETH-USD,BUY,1955.34,339,2026-01-01T01:53:15Z
order_00006797,batch_0005,trader_0023,ETH-USD,SELL,2152.44,200,2026-01-01T01:53:16Z
order_00006798,batch_0005,trader_0018,ETH-USD,SELL,2050.88,271,2026-01-01T01:53:17Z
order_00006799,batch_0005,trader_0012,ETH-USD,BUY,2181.94,561,2026-01-01T01:53:18Z
order_00006800,batch_0005,trader_0008,ETH-USD,SELL,2108.8,51,2026-01-01T01:53:19Z
order_00006801,batch_0005,trader_0016,ETH-USD,SELL,1991.31,711,2026-01-01T01:53:20Z
order_00006802,batch_0005,trader_0008,ETH-USD,SELL,2016.82,91,2026-01-01T01:53:21Z
order_00006803,batch_0005,trader_0019,ETH-USD,SELL,2056.96,826,2026-01-01T01:53:22Z
order_00006804,batch_0005,trader_0014,ETH-USD,BUY,2041.39,27,2026-01-01T01:53:23Z
order_00006805,batch_0005,trader_0005,ETH-USD,BUY,1875.86,223,2026-01-01T01:53:24Z
order_00006806,batch_0005,trader_0007,ETH-USD,SELL,2079.44,619,2026-01-01T01:53:25Z
order_00006807,batch_0005,trader_0013,ETH-USD,SELL,1884.13,137,2026-01-01T01:53:26Z
order_00006808,batch_0005,trader_0018,ETH-USD,BUY,1874.42,41,2026-01-01T01:53:27Z
order_00006809,batch_0005,trader_0006,ETH-USD,SELL,1896.03,330,2026-01-01T01:53:28Z
order_00006810,batch_0005,trader_0015,ETH-USD,SELL,2121.56,958,2026-01-01T01:53:29Z
order_00006811,batch_0005,trader_0006,ETH-USD,BUY,2037.5,881,2026-01-01T01:53:30Z
order_00006812,batch_0005,trader_0008,ETH-USD,BUY,1989.36,450,2026-01-01T01:53:31Z
order_00006813,batch_0005,trader_0024,ETH-USD,SELL,1863.78,727,2026-01-01T01:53:32Z
order_00006814,batch_0005,trader_0002,ETH-USD,SELL,2060.68,347,2026-01-01T01:53:33Z
order_00006815,batch_0005,trader_0019,ETH-USD,BUY,1872.94,703,2026-01-01T01:53:34Z
order_00006816,batch_0005,trader_0003,ETH-USD,BUY,2196.63,706,2026-01-01T01:53:35Z
order_00006817,batch_0005,trader_0006,ETH-USD,BUY,1891.18,194,2026-01-01T01:53:36Z
order_00006818,batch_0005,trader_0010,ETH-USD,SELL,1855.32,301,2026-01-01T01:53:37Z
order_00006819,batch_0005,trader_0017,ETH-USD,BUY,2041.86,73,2026-01-01T01:53:38Z
order_00006820,batch_0005,trader_0022,ETH-USD,BUY,1803.64,623,2026-01-01T01:53:39Z
order_00006821,batch_0005,trader_0003,ETH-USD,BUY,1928.43,840,2026-01-01T01:53:40Z
order_00006822,batch_0005,trader_0005,ETH-USD,BUY,2076.02,276,2026-01-01T01:53:41Z
order_00006823,batch_0005,trader_0015,ETH-USD,SELL,2165.94,59,2026-01-01T01:53:42Z
order_00006824,batch_0005,trader_0020,ETH-USD,BUY,2075.89,583,2026-01-01T01:53:43Z
order_00006825,batch_0005,trader_0004,ETH-USD,BUY,2183.76,565,2026-01-01T01:53:44Z
order_00006826,batch_0005,trader_0010,ETH-USD,BUY,2132.94,734,2026-01-01T01:53:45Z
order_00006827,batch_0005,trader_0006,ETH-USD,SELL,2069.37,219,2026-01-01T01:53:46Z
order_00006828,batch_0005,trader_0024,ETH-USD,SELL,2197.16,443,2026-01-01T01:53:47Z
order_00006829,batch_0005,trader_0015,ETH-USD,SELL,1851.31,936,2026-01-01T01:53:48Z
order_00006830,batch_0005,trader_0003,ETH-USD,BUY,1881.5,224,2026-01-01T01:53:49Z
order_00006831,batch_0005,trader_0002,ETH-USD,BUY,2002.49,744,2026-01-01T01:53:50Z
order_00006832,batch_0005,trader_0024,ETH-USD,SELL,2171.43,412,2026-01-01T01:53:51Z
order_00006833,batch_0005,trader_0001,ETH-USD,BUY,2121.06,948,2026-01-01T01:53:52Z
order_00006834,batch_0005,trader_0013,ETH-USD,BUY,1820.94,371,2026-01-01T01:53:53Z
order_00006835,batch_0005,trader_0006,ETH-USD,SELL,2045.75,344,2026-01-01T01:53:54Z
order_00006836,batch_0005,trader_0021,ETH-USD,SELL,1921.69,816,2026-01-01T01:53:55Z
order_00006837,batch_0005,trader_0021,ETH-USD,BUY,2129.64,746,2026-01-01T01:53:56Z
order_00006838,batch_0005,trader_0002,ETH-USD,BUY,1919.0,726,2026-01-01T01:53:57Z
order_00006839,batch_0005,trader_0022,ETH-USD,BUY,1908.1,508,2026-01-01T01:53:58Z
order_00006840,batch_0005,trader_0025,ETH-USD,SELL,1989.3,445,2026-01-01T01:53:59Z
order_00006841,batch_0005,trader_0014,ETH-USD,BUY,1971.21,172,2026-01-01T01:54:00Z
order_00006842,batch_0005,trader_0014,ETH-USD,BUY,2170.4,583,2026-01-01T01:54:01Z
order_00006843,batch_0005,trader_0008,ETH-USD,SELL,2137.11,15,2026-01-01T01:54:02Z
order_00006844,batch_0005,trader_0022,ETH-USD,SELL,2121.94,196,2026-01-01T01:54:03Z
order_00006845,batch_0005,trader_0013,ETH-USD,SELL,2138.78,650,2026-01-01T01:54:04Z
order_00006846,batch_0005,trader_0014,ETH-USD,SELL,1904.95,815,2026-01-01T01:54:05Z
order_00006847,batch_0005,trader_0009,ETH-USD,SELL,2029.47,290,2026-01-01T01:54:06Z
order_00006848,batch_0005,trader_0007,ETH-USD,BUY,2058.28,498,2026-01-01T01:54:07Z
order_00006849,batch_0005,trader_0019,ETH-USD,BUY,1887.04,948,2026-01-01T01:54:08Z
order_00006850,batch_0005,trader_0024,ETH-USD,SELL,2071.76,585,2026-01-01T01:54:09Z
order_00006851,batch_0005,trader_0020,ETH-USD,SELL,2083.23,555,2026-01-01T01:54:10Z
order_00006852,batch_0005,trader_0023,ETH-USD,SELL,2039.5,264,2026-01-01T01:54:11Z
order_00006853,batch_0005,trader_0020,ETH-USD,SELL,2035.71,36,2026-01-01T01:54:12Z
order_00006854,batch_0005,trader_0010,ETH-USD,SELL,1925.43,834,2026-01-01T01:54:13Z
order_00006855,batch_0005,trader_0005,ETH-USD,SELL,2064.74,820,2026-01-01T01:54:14Z
order_00006856,batch_0005,trader_0010,ETH-USD,SELL,2148.96,794,2026-01-01T01:54:15Z
order_00006857,batch_0005,trader_0019,ETH-USD,BUY,2098.12,135,2026-01-01T01:54:16Z
order_00006858,batch_0005,trader_0004,ETH-USD,BUY,1840.57,391,2026-01-01T01:54:17Z
order_00006859,batch_0005,trader_0018,ETH-USD,BUY,2034.29,562,2026-01-01T01:54:18Z
order_00006860,batch_0005,trader_0004,ETH-USD,SELL,2064.21,77,2026-01-01T01:54:19Z
order_00006861,batch_0005,trader_0011,ETH-USD,BUY,2024.95,296,2026-01-01T01:54:20Z
order_00006862,batch_0005,trader_0003,ETH-USD,BUY,1801.63,17,2026-01-01T01:54:21Z
order_00006863,batch_0005,trader_0023,ETH-USD,BUY,1974.77,462,2026-01-01T01:54:22Z
order_00006864,batch_0005,trader_0007,ETH-USD,SELL,1865.34,897,2026-01-01T01:54:23Z
order_00006865,batch_0005,trader_0010,ETH-USD,SELL,2012.42,996,2026-01-01T01:54:24Z
order_00006866,batch_0005,trader_0021,ETH-USD,SELL,1869.05,308,2026-01-01T01:54:25Z
order_00006867,batch_0005,trader_0024,ETH-USD,BUY,2086.05,408,2026-01-01T01:54:26Z
order_00006868,batch_0005,trader_0017,ETH-USD,SELL,1825.69,504,2026-01-01T01:54:27Z
order_00006869,batch_0005,trader_0005,ETH-USD,SELL,1856.54,539,2026-01-01T01:54:28Z
order_00006870,batch_0005,trader_0021,ETH-USD,BUY,2057.18,539,2026-01-01T01:54:29Z
order_00006871,batch_0005,trader_0010,ETH-USD,BUY,2062.91,338,2026-01-01T01:54:30Z
order_00006872,batch_0005,trader_0023,ETH-USD,BUY,1819.79,535,2026-01-01T01:54:31Z
order_00006873,batch_0005,trader_0024,ETH-USD,BUY,1879.97,749,2026-01-01T01:54:32Z
order_00006874,batch_0005,trader_0010,ETH-USD,BUY,1948.03,658,2026-01-01T01:54:33Z
order_00006875,batch_0005,trader_0009,ETH-USD,BUY,2039.78,589,2026-01-01T01:54:34Z
order_00006876,batch_0005,trader_0017,ETH-USD,BUY,2071.78,772,2026-01-01T01:54:35Z
order_00006877,batch_0005,trader_0019,ETH-USD,BUY,2049.41,455,2026-01-01T01:54:36Z
order_00006878,batch_0005,trader_0022,ETH-USD,SELL,1877.12,397,2026-01-01T01:54:37Z
order_00006879,batch_0005,trader_0020,ETH-USD,SELL,1801.48,995,2026-01-01T01:54:38Z
order_00006880,batch_0005,trader_0013,ETH-USD,SELL,1861.67,456,2026-01-01T01:54:39Z
order_00006881,batch_0005,trader_0002,ETH-USD,SELL,2135.76,52,2026-01-01T01:54:40Z
order_00006882,batch_0005,trader_0013,ETH-USD,SELL,1966.87,145,2026-01-01T01:54:41Z
order_00006883,batch_0005,trader_0011,ETH-USD,BUY,1839.58,8,2026-01-01T01:54:42Z
order_00006884,batch_0005,trader_0022,ETH-USD,BUY,2092.98,327,2026-01-01T01:54:43Z
order_00006885,batch_0005,trader_0016,ETH-USD,SELL,1911.11,974,2026-01-01T01:54:44Z
order_00006886,batch_0005,trader_0011,ETH-USD,SELL,2178.81,536,2026-01-01T01:54:45Z
order_00006887,batch_0005,trader_0016,ETH-USD,BUY,1943.39,777,2026-01-01T01:54:46Z
order_00006888,batch_0005,trader_0016,ETH-USD,BUY,1868.86,990,2026-01-01T01:54:47Z
order_00006889,batch_0005,trader_0013,ETH-USD,BUY,1802.74,6,2026-01-01T01:54:48Z
order_00006890,batch_0005,trader_0014,ETH-USD,SELL,2008.41,346,2026-01-01T01:54:49Z
order_00006891,batch_0005,trader_0022,ETH-USD,SELL,1853.12,877,2026-01-01T01:54:50Z
order_00006892,batch_0005,trader_0012,ETH-USD,BUY,1965.89,74,2026-01-01T01:54:51Z
order_00006893,batch_0005,trader_0009,ETH-USD,BUY,1861.56,110,2026-01-01T01:54:52Z
order_00006894,batch_0005,trader_0017,ETH-USD,SELL,1827.48,267,2026-01-01T01:54:53Z
order_00006895,batch_0005,trader_0001,ETH-USD,SELL,2173.18,484,2026-01-01T01:54:54Z
order_00006896,batch_0005,trader_0007,ETH-USD,BUY,2133.28,869,2026-01-01T01:54:55Z
order_00006897,batch_0005,trader_0014,ETH-USD,SELL,2013.76,935,2026-01-01T01:54:56Z
order_00006898,batch_0005,trader_0011,ETH-USD,BUY,1893.35,795,2026-01-01T01:54:57Z
order_00006899,batch_0005,trader_0003,ETH-USD,SELL,1816.76,889,2026-01-01T01:54:58Z
order_00006900,batch_0005,trader_0007,ETH-USD,BUY,1898.06,982,2026-01-01T01:54:59Z
order_00006901,batch_0005,trader_0009,ETH-USD,BUY,1919.32,638,2026-01-01T01:55:00Z
order_00006902,batch_0005,trader_0014,ETH-USD,BUY,2005.08,218,2026-01-01T01:55:01Z
order_00006903,batch_0005,trader_0011,ETH-USD,BUY,2118.93,47,2026-01-01T01:55:02Z
order_00006904,batch_0005,trader_0018,ETH-USD,SELL,2044.59,554,2026-01-01T01:55:03Z
order_00006905,batch_0005,trader_0009,ETH-USD,BUY,2110.74,624,2026-01-01T01:55:04Z
order_00006906,batch_0005,trader_0019,ETH-USD,SELL,1907.65,218,2026-01-01T01:55:05Z
order_00006907,batch_0005,trader_0003,ETH-USD,BUY,1973.3,789,2026-01-01T01:55:06Z
order_00006908,batch_0005,trader_0019,ETH-USD,SELL,2038.55,488,2026-01-01T01:55:07Z
order_00006909,batch_0005,trader_0011,ETH-USD,SELL,2136.28,139,2026-01-01T01:55:08Z
order_00006910,batch_0005,trader_0007,ETH-USD,SELL,1907.49,569,2026-01-01T01:55:09Z
order_00006911,batch_0005,trader_0001,ETH-USD,BUY,1908.12,625,2026-01-01T01:55:10Z
order_00006912,batch_0005,trader_0007,ETH-USD,BUY,1816.89,937,2026-01-01T01:55:11Z
order_00006913,batch_0005,trader_0023,ETH-USD,BUY,1951.06,789,2026-01-01T01:55:12Z
order_00006914,batch_0005,trader_0001,ETH-USD,BUY,2189.47,522,2026-01-01T01:55:13Z
order_00006915,batch_0005,trader_0008,ETH-USD,SELL,2056.09,511,2026-01-01T01:55:14Z
order_00006916,batch_0005,trader_0011,ETH-USD,SELL,1807.54,694,2026-01-01T01:55:15Z
order_00006917,batch_0005,trader_0002,ETH-USD,SELL,2104.51,644,2026-01-01T01:55:16Z
order_00006918,batch_0005,trader_0023,ETH-USD,BUY,1800.44,443,2026-01-01T01:55:17Z
order_00006919,batch_0005,trader_0002,ETH-USD,SELL,1858.86,277,2026-01-01T01:55:18Z
order_00006920,batch_0005,trader_0017,ETH-USD,SELL,1836.01,993,2026-01-01T01:55:19Z
order_00006921,batch_0005,trader_0017,ETH-USD,SELL,1855.96,782,2026-01-01T01:55:20Z
order_00006922,batch_0005,trader_0015,ETH-USD,BUY,2148.4,862,2026-01-01T01:55:21Z
order_00006923,batch_0005,trader_0008,ETH-USD,BUY,1861.43,320,2026-01-01T01:55:22Z
order_00006924,batch_0005,trader_0015,ETH-USD,BUY,1976.01,762,2026-01-01T01:55:23Z
order_00006925,batch_0005,trader_0012,ETH-USD,BUY,1974.71,546,2026-01-01T01:55:24Z
order_00006926,batch_0005,trader_0022,ETH-USD,SELL,2179.45,979,2026-01-01T01:55:25Z
order_00006927,batch_0005,trader_0024,ETH-USD,BUY,2159.74,526,2026-01-01T01:55:26Z
order_00006928,batch_0005,trader_0024,ETH-USD,BUY,2074.69,931,2026-01-01T01:55:27Z
order_00006929,batch_0005,trader_0025,ETH-USD,BUY,2000.34,4,2026-01-01T01:55:28Z
order_00006930,batch_0005,trader_0021,ETH-USD,SELL,2042.55,860,2026-01-01T01:55:29Z
order_00006931,batch_0005,trader_0009,ETH-USD,SELL,2078.53,406,2026-01-01T01:55:30Z
order_00006932,batch_0005,trader_0021,ETH-USD,BUY,1863.67,431,2026-01-01T01:55:31Z
order_00006933,batch_0005,trader_0014,ETH-USD,SELL,2188.43,173,2026-01-01T01:55:32Z
order_00006934,batch_0005,trader_0018,ETH-USD,BUY,1944.24,659,2026-01-01T01:55:33Z
order_00006935,batch_0005,trader_0006,ETH-USD,BUY,2102.7,638,2026-01-01T01:55:34Z
order_00006936,batch_0005,trader_0017,ETH-USD,BUY,1992.23,859,2026-01-01T01:55:35Z
order_00006937,batch_0005,trader_0007,ETH-USD,BUY,2192.88,870,2026-01-01T01:55:36Z
order_00006938,batch_0005,trader_0019,ETH-USD,SELL,1961.14,394,2026-01-01T01:55:37Z
order_00006939,batch_0005,trader_0022,ETH-USD,BUY,2056.9,990,2026-01-01T01:55:38Z
order_00006940,batch_0005,trader_0017,ETH-USD,BUY,2192.69,95,2026-01-01T01:55:39Z
order_00006941,batch_0005,trader_0015,ETH-USD,SELL,2105.74,818,2026-01-01T01:55:40Z
order_00006942,batch_0005,trader_0005,ETH-USD,SELL,1917.96,154,2026-01-01T01:55:41Z
order_00006943,batch_0005,trader_0011,ETH-USD,SELL,1944.73,844,2026-01-01T01:55:42Z
order_00006944,batch_0005,trader_0019,ETH-USD,SELL,2049.14,425,2026-01-01T01:55:43Z
order_00006945,batch_0005,trader_0005,ETH-USD,SELL,1968.16,956,2026-01-01T01:55:44Z
order_00006946,batch_0005,trader_0008,ETH-USD,BUY,2089.97,472,2026-01-01T01:55:45Z
order_00006947,batch_0005,trader_0017,ETH-USD,SELL,1980.12,122,2026-01-01T01:55:46Z
order_00006948,batch_0005,trader_0006,ETH-USD,SELL,2192.28,28,2026-01-01T01:55:47Z
order_00006949,batch_0005,trader_0002,ETH-USD,BUY,2131.01,696,2026-01-01T01:55:48Z
order_00006950,batch_0005,trader_0014,ETH-USD,BUY,2118.63,833,2026-01-01T01:55:49Z
order_00006951,batch_0005,trader_0023,ETH-USD,BUY,2149.17,280,2026-01-01T01:55:50Z
order_00006952,batch_0005,trader_0022,ETH-USD,SELL,1979.21,654,2026-01-01T01:55:51Z
order_00006953,batch_0005,trader_0015,ETH-USD,SELL,2123.97,288,2026-01-01T01:55:52Z
order_00006954,batch_0005,trader_0021,ETH-USD,SELL,1903.8,721,2026-01-01T01:55:53Z
order_00006955,batch_0005,trader_0011,ETH-USD,SELL,1998.56,431,2026-01-01T01:55:54Z
order_00006956,batch_0005,trader_0018,ETH-USD,BUY,1830.96,538,2026-01-01T01:55:55Z
order_00006957,batch_0005,trader_0015,ETH-USD,SELL,1815.92,702,2026-01-01T01:55:56Z
order_00006958,batch_0005,trader_0012,ETH-USD,SELL,2005.68,474,2026-01-01T01:55:57Z
order_00006959,batch_0005,trader_0002,ETH-USD,SELL,1997.65,329,2026-01-01T01:55:58Z
order_00006960,batch_0005,trader_0020,ETH-USD,SELL,1947.84,310,2026-01-01T01:55:59Z
order_00006961,batch_0005,trader_0013,ETH-USD,SELL,1956.24,643,2026-01-01T01:56:00Z
order_00006962,batch_0005,trader_0018,ETH-USD,SELL,2002.21,216,2026-01-01T01:56:01Z
order_00006963,batch_0005,trader_0001,ETH-USD,SELL,1882.15,421,2026-01-01T01:56:02Z
order_00006964,batch_0005,trader_0016,ETH-USD,SELL,1806.76,983,2026-01-01T01:56:03Z
order_00006965,batch_0005,trader_0013,ETH-USD,BUY,1895.12,155,2026-01-01T01:56:04Z
order_00006966,batch_0005,trader_0021,ETH-USD,SELL,1845.81,185,2026-01-01T01:56:05Z
order_00006967,batch_0005,trader_0011,ETH-USD,SELL,1811.14,618,2026-01-01T01:56:06Z
order_00006968,batch_0005,trader_0018,ETH-USD,SELL,2151.4,561,2026-01-01T01:56:07Z
order_00006969,batch_0005,trader_0018,ETH-USD,BUY,2026.83,951,2026-01-01T01:56:08Z
order_00006970,batch_0005,trader_0025,ETH-USD,SELL,2138.93,397,2026-01-01T01:56:09Z
order_00006971,batch_0005,trader_0001,ETH-USD,BUY,1853.53,786,2026-01-01T01:56:10Z
order_00006972,batch_0005,trader_0013,ETH-USD,SELL,1802.82,501,2026-01-01T01:56:11Z
order_00006973,batch_0005,trader_0020,ETH-USD,BUY,2139.92,779,2026-01-01T01:56:12Z
order_00006974,batch_0005,trader_0019,ETH-USD,BUY,1818.83,122,2026-01-01T01:56:13Z
order_00006975,batch_0005,trader_0019,ETH-USD,BUY,2111.73,493,2026-01-01T01:56:14Z
order_00006976,batch_0005,trader_0008,ETH-USD,SELL,2021.31,397,2026-01-01T01:56:15Z
order_00006977,batch_0005,trader_0022,ETH-USD,BUY,2082.58,928,2026-01-01T01:56:16Z
order_00006978,batch_0005,trader_0020,ETH-USD,SELL,2064.54,448,2026-01-01T01:56:17Z
order_00006979,batch_0005,trader_0023,ETH-USD,SELL,1818.49,944,2026-01-01T01:56:18Z
order_00006980,batch_0005,trader_0015,ETH-USD,BUY,1996.33,431,2026-01-01T01:56:19Z
order_00006981,batch_0005,trader_0024,ETH-USD,SELL,2144.9,424,2026-01-01T01:56:20Z
order_00006982,batch_0005,trader_0012,ETH-USD,SELL,1876.4,998,2026-01-01T01:56:21Z
order_00006983,batch_0005,trader_0015,ETH-USD,SELL,2120.15,14,2026-01-01T01:56:22Z
order_00006984,batch_0005,trader_0022,ETH-USD,BUY,2106.38,104,2026-01-01T01:56:23Z
order_00006985,batch_0005,trader_0011,ETH-USD,SELL,1840.06,224,2026-01-01T01:56:24Z
order_00006986,batch_0005,trader_0025,ETH-USD,BUY,2072.54,44,2026-01-01T01:56:25Z
order_00006987,batch_0005,trader_0012,ETH-USD,BUY,2162.03,693,2026-01-01T01:56:26Z
order_00006988,batch_0005,trader_0020,ETH-USD,BUY,2009.92,96,2026-01-01T01:56:27Z
order_00006989,batch_0005,trader_0017,ETH-USD,SELL,2095.66,899,2026-01-01T01:56:28Z
order_00006990,batch_0005,trader_0002,ETH-USD,BUY,1912.06,842,2026-01-01T01:56:29Z
order_00006991,batch_0005,trader_0004,ETH-USD,BUY,2014.96,522,2026-01-01T01:56:30Z
order_00006992,batch_0005,trader_0016,ETH-USD,SELL,1825.56,319,2026-01-01T01:56:31Z
order_00006993,batch_0005,trader_0004,ETH-USD,SELL,2167.9,668,2026-01-01T01:56:32Z
order_00006994,batch_0005,trader_0021,ETH-USD,SELL,1890.73,959,2026-01-01T01:56:33Z
order_00006995,batch_0005,trader_0013,ETH-USD,SELL,1819.69,872,2026-01-01T01:56:34Z
order_00006996,batch_0005,trader_0021,ETH-USD,SELL,1845.53,455,2026-01-01T01:56:35Z
order_00006997,batch_0005,trader_0018,ETH-USD,SELL,2173.76,839,2026-01-01T01:56:36Z
order_00006998,batch_0005,trader_0021,ETH-USD,SELL,1814.99,762,2026-01-01T01:56:37Z
order_00006999,batch_0005,trader_0015,ETH-USD,BUY,1980.13,894,2026-01-01T01:56:38Z
order_00007000,batch_0005,trader_0008,ETH-USD,SELL,2152.99,895,2026-01-01T01:56:39Z
order_00007001,batch_0005,trader_0021,ETH-USD,SELL,2121.72,310,2026-01-01T01:56:40Z
order_00007002,batch_0005,trader_0009,ETH-USD,BUY,2004.95,437,2026-01-01T01:56:41Z
order_00007003,batch_0005,trader_0010,ETH-USD,BUY,2029.8,485,2026-01-01T01:56:42Z
order_00007004,batch_0005,trader_0025,ETH-USD,BUY,2195.87,780,2026-01-01T01:56:43Z
order_00007005,batch_0005,trader_0010,ETH-USD,BUY,1970.91,877,2026-01-01T01:56:44Z
order_00007006,batch_0005,trader_0005,ETH-USD,SELL,1972.8,68,2026-01-01T01:56:45Z
order_00007007,batch_0005,trader_0016,ETH-USD,SELL,1887.45,492,2026-01-01T01:56:46Z
order_00007008,batch_0005,trader_0012,ETH-USD,SELL,2147.44,214,2026-01-01T01:56:47Z
order_00007009,batch_0005,trader_0023,ETH-USD,SELL,1946.42,511,2026-01-01T01:56:48Z
order_00007010,batch_0005,trader_0022,ETH-USD,SELL,2164.0,616,2026-01-01T01:56:49Z
order_00007011,batch_0005,trader_0017,ETH-USD,BUY,1893.41,450,2026-01-01T01:56:50Z
order_00007012,batch_0005,trader_0007,ETH-USD,BUY,2109.61,573,2026-01-01T01:56:51Z
order_00007013,batch_0005,trader_0003,ETH-USD,SELL,2025.97,140,2026-01-01T01:56:52Z
order_00007014,batch_0005,trader_0022,ETH-USD,BUY,2168.71,378,2026-01-01T01:56:53Z
order_00007015,batch_0005,trader_0008,ETH-USD,BUY,2198.37,168,2026-01-01T01:56:54Z
order_00007016,batch_0005,trader_0024,ETH-USD,BUY,1836.19,308,2026-01-01T01:56:55Z
order_00007017,batch_0005,trader_0024,ETH-USD,BUY,1938.78,564,2026-01-01T01:56:56Z
order_00007018,batch_0005,trader_0013,ETH-USD,BUY,2033.23,254,2026-01-01T01:56:57Z
order_00007019,batch_0005,trader_0010,ETH-USD,BUY,2164.15,478,2026-01-01T01:56:58Z
order_00007020,batch_0005,trader_0023,ETH-USD,BUY,2138.62,394,2026-01-01T01:56:59Z
order_00007021,batch_0005,trader_0012,ETH-USD,BUY,2090.86,181,2026-01-01T01:57:00Z
order_00007022,batch_0005,trader_0010,ETH-USD,SELL,1942.69,587,2026-01-01T01:57:01Z
order_00007023,batch_0005,trader_0009,ETH-USD,SELL,2050.84,944,2026-01-01T01:57:02Z
order_00007024,batch_0005,trader_0004,ETH-USD,SELL,2171.64,946,2026-01-01T01:57:03Z
order_00007025,batch_0005,trader_0001,ETH-USD,BUY,1801.17,453,2026-01-01T01:57:04Z
order_00007026,batch_0005,trader_0017,ETH-USD,SELL,1866.23,920,2026-01-01T01:57:05Z
order_00007027,batch_0005,trader_0003,ETH-USD,SELL,2025.82,415,2026-01-01T01:57:06Z
order_00007028,batch_0005,trader_0004,ETH-USD,SELL,1914.67,966,2026-01-01T01:57:07Z
order_00007029,batch_0005,trader_0009,ETH-USD,BUY,1919.94,782,2026-01-01T01:57:08Z
order_00007030,batch_0005,trader_0002,ETH-USD,SELL,2079.62,396,2026-01-01T01:57:09Z
order_00007031,batch_0005,trader_0007,ETH-USD,SELL,2126.92,262,2026-01-01T01:57:10Z
order_00007032,batch_0005,trader_0001,ETH-USD,SELL,1979.9,831,2026-01-01T01:57:11Z
order_00007033,batch_0005,trader_0024,ETH-USD,SELL,2036.6,132,2026-01-01T01:57:12Z
order_00007034,batch_0005,trader_0022,ETH-USD,SELL,1962.03,549,2026-01-01T01:57:13Z
order_00007035,batch_0005,trader_0025,ETH-USD,SELL,2188.44,248,2026-01-01T01:57:14Z
order_00007036,batch_0005,trader_0021,ETH-USD,SELL,1860.63,832,2026-01-01T01:57:15Z
order_00007037,batch_0005,trader_0019,ETH-USD,BUY,2099.64,956,2026-01-01T01:57:16Z
order_00007038,batch_0005,trader_0006,ETH-USD,SELL,1953.79,600,2026-01-01T01:57:17Z
order_00007039,batch_0005,trader_0013,ETH-USD,BUY,1875.44,913,2026-01-01T01:57:18Z
order_00007040,batch_0005,trader_0013,ETH-USD,BUY,2039.91,127,2026-01-01T01:57:19Z
order_00007041,batch_0005,trader_0003,ETH-USD,SELL,1974.2,424,2026-01-01T01:57:20Z
order_00007042,batch_0005,trader_0008,ETH-USD,BUY,2098.64,321,2026-01-01T01:57:21Z
order_00007043,batch_0005,trader_0002,ETH-USD,BUY,2180.05,831,2026-01-01T01:57:22Z
order_00007044,batch_0005,trader_0005,ETH-USD,BUY,2135.31,870,2026-01-01T01:57:23Z
order_00007045,batch_0005,trader_0019,ETH-USD,SELL,1907.47,226,2026-01-01T01:57:24Z
order_00007046,batch_0005,trader_0007,ETH-USD,SELL,2159.86,75,2026-01-01T01:57:25Z
order_00007047,batch_0005,trader_0008,ETH-USD,SELL,1969.35,996,2026-01-01T01:57:26Z
order_00007048,batch_0005,trader_0024,ETH-USD,SELL,1943.23,500,2026-01-01T01:57:27Z
order_00007049,batch_0005,trader_0020,ETH-USD,BUY,2145.7,486,2026-01-01T01:57:28Z
order_00007050,batch_0005,trader_0009,ETH-USD,BUY,2054.27,154,2026-01-01T01:57:29Z
order_00007051,batch_0005,trader_0001,ETH-USD,SELL,1909.74,124,2026-01-01T01:57:30Z
order_00007052,batch_0005,trader_0012,ETH-USD,SELL,1898.13,217,2026-01-01T01:57:31Z
order_00007053,batch_0005,trader_0012,ETH-USD,BUY,2140.59,312,2026-01-01T01:57:32Z
order_00007054,batch_0005,trader_0013,ETH-USD,BUY,1856.04,315,2026-01-01T01:57:33Z
order_00007055,batch_0005,trader_0008,ETH-USD,SELL,2019.83,113,2026-01-01T01:57:34Z
order_00007056,batch_0005,trader_0003,ETH-USD,BUY,1951.84,132,2026-01-01T01:57:35Z
order_00007057,batch_0005,trader_0024,ETH-USD,SELL,2100.18,802,2026-01-01T01:57:36Z
order_00007058,batch_0005,trader_0021,ETH-USD,SELL,2157.45,391,2026-01-01T01:57:37Z
order_00007059,batch_0005,trader_0021,ETH-USD,BUY,2103.17,597,2026-01-01T01:57:38Z
order_00007060,batch_0005,trader_0009,ETH-USD,BUY,1975.47,702,2026-01-01T01:57:39Z
order_00007061,batch_0005,trader_0001,ETH-USD,SELL,2043.14,306,2026-01-01T01:57:40Z
order_00007062,batch_0005,trader_0018,ETH-USD,BUY,2187.5,879,2026-01-01T01:57:41Z
order_00007063,batch_0005,trader_0011,ETH-USD,BUY,1871.56,997,2026-01-01T01:57:42Z
order_00007064,batch_0005,trader_0007,ETH-USD,BUY,2088.8,747,2026-01-01T01:57:43Z
order_00007065,batch_0005,trader_0025,ETH-USD,SELL,2187.42,801,2026-01-01T01:57:44Z
order_00007066,batch_0005,trader_0018,ETH-USD,BUY,1902.33,700,2026-01-01T01:57:45Z
order_00007067,batch_0005,trader_0018,ETH-USD,BUY,1872.23,145,2026-01-01T01:57:46Z
order_00007068,batch_0005,trader_0025,ETH-USD,BUY,1920.28,1,2026-01-01T01:57:47Z
order_00007069,batch_0005,trader_0012,ETH-USD,BUY,1826.44,240,2026-01-01T01:57:48Z
order_00007070,batch_0005,trader_0003,ETH-USD,BUY,2095.57,749,2026-01-01T01:57:49Z
order_00007071,batch_0005,trader_0007,ETH-USD,BUY,1916.96,494,2026-01-01T01:57:50Z
order_00007072,batch_0005,trader_0023,ETH-USD,BUY,1845.78,96,2026-01-01T01:57:51Z
order_00007073,batch_0005,trader_0015,ETH-USD,SELL,2010.39,469,2026-01-01T01:57:52Z
order_00007074,batch_0005,trader_0005,ETH-USD,SELL,1885.46,325,2026-01-01T01:57:53Z
order_00007075,batch_0005,trader_0019,ETH-USD,SELL,1915.81,9,2026-01-01T01:57:54Z
order_00007076,batch_0005,trader_0021,ETH-USD,BUY,1976.32,250,2026-01-01T01:57:55Z
order_00007077,batch_0005,trader_0002,ETH-USD,BUY,2005.53,98,2026-01-01T01:57:56Z
order_00007078,batch_0005,trader_0002,ETH-USD,SELL,1949.59,824,2026-01-01T01:57:57Z
order_00007079,batch_0005,trader_0016,ETH-USD,BUY,2078.68,741,2026-01-01T01:57:58Z
order_00007080,batch_0005,trader_0019,ETH-USD,SELL,1924.81,88,2026-01-01T01:57:59Z
order_00007081,batch_0005,trader_0009,ETH-USD,BUY,2175.33,95,2026-01-01T01:58:00Z
order_00007082,batch_0005,trader_0006,ETH-USD,BUY,2013.94,493,2026-01-01T01:58:01Z
order_00007083,batch_0005,trader_0016,ETH-USD,SELL,2120.08,968,2026-01-01T01:58:02Z
order_00007084,batch_0005,trader_0004,ETH-USD,SELL,2019.52,80,2026-01-01T01:58:03Z
order_00007085,batch_0005,trader_0017,ETH-USD,BUY,1962.16,688,2026-01-01T01:58:04Z
order_00007086,batch_0005,trader_0025,ETH-USD,BUY,1851.55,309,2026-01-01T01:58:05Z
order_00007087,batch_0005,trader_0018,ETH-USD,BUY,1962.62,55,2026-01-01T01:58:06Z
order_00007088,batch_0005,trader_0014,ETH-USD,SELL,1857.12,3,2026-01-01T01:58:07Z
order_00007089,batch_0005,trader_0024,ETH-USD,SELL,1879.17,673,2026-01-01T01:58:08Z
order_00007090,batch_0005,trader_0023,ETH-USD,BUY,1905.31,965,2026-01-01T01:58:09Z
order_00007091,batch_0005,trader_0002,ETH-USD,SELL,1961.7,13,2026-01-01T01:58:10Z
order_00007092,batch_0005,trader_0017,ETH-USD,BUY,1874.01,56,2026-01-01T01:58:11Z
order_00007093,batch_0005,trader_0023,ETH-USD,BUY,2190.72,344,2026-01-01T01:58:12Z
order_00007094,batch_0005,trader_0022,ETH-USD,SELL,2078.15,932,2026-01-01T01:58:13Z
order_00007095,batch_0005,trader_0010,ETH-USD,BUY,1855.24,851,2026-01-01T01:58:14Z
order_00007096,batch_0005,trader_0005,ETH-USD,SELL,1915.71,99,2026-01-01T01:58:15Z
order_00007097,batch_0005,trader_0004,ETH-USD,BUY,1992.16,419,2026-01-01T01:58:16Z
order_00007098,batch_0005,trader_0019,ETH-USD,BUY,1927.9,263,2026-01-01T01:58:17Z
order_00007099,batch_0005,trader_0013,ETH-USD,SELL,1838.18,20,2026-01-01T01:58:18Z
order_00007100,batch_0005,trader_0024,ETH-USD,BUY,1882.32,256,2026-01-01T01:58:19Z
order_00007101,batch_0005,trader_0005,ETH-USD,SELL,1854.27,132,2026-01-01T01:58:20Z
order_00007102,batch_0005,trader_0008,ETH-USD,BUY,2196.49,33,2026-01-01T01:58:21Z
order_00007103,batch_0005,trader_0022,ETH-USD,SELL,1852.2,602,2026-01-01T01:58:22Z
order_00007104,batch_0005,trader_0021,ETH-USD,BUY,1951.11,382,2026-01-01T01:58:23Z
order_00007105,batch_0005,trader_0020,ETH-USD,BUY,2065.3,984,2026-01-01T01:58:24Z
order_00007106,batch_0005,trader_0025,ETH-USD,SELL,1830.21,871,2026-01-01T01:58:25Z
order_00007107,batch_0005,trader_0008,ETH-USD,BUY,1922.7,548,2026-01-01T01:58:26Z
order_00007108,batch_0005,trader_0006,ETH-USD,SELL,1891.13,198,2026-01-01T01:58:27Z
order_00007109,batch_0005,trader_0004,ETH-USD,BUY,1951.53,530,2026-01-01T01:58:28Z
order_00007110,batch_0005,trader_0020,ETH-USD,SELL,1897.3,163,2026-01-01T01:58:29Z
order_00007111,batch_0005,trader_0022,ETH-USD,BUY,2143.97,853,2026-01-01T01:58:30Z
order_00007112,batch_0005,trader_0006,ETH-USD,BUY,1886.63,130,2026-01-01T01:58:31Z
order_00007113,batch_0005,trader_0010,ETH-USD,SELL,2109.01,306,2026-01-01T01:58:32Z
order_00007114,batch_0005,trader_0006,ETH-USD,SELL,2117.22,439,2026-01-01T01:58:33Z
order_00007115,batch_0005,trader_0007,ETH-USD,BUY,1972.02,525,2026-01-01T01:58:34Z
order_00007116,batch_0005,trader_0019,ETH-USD,BUY,1821.8,764,2026-01-01T01:58:35Z
order_00007117,batch_0005,trader_0015,ETH-USD,SELL,1974.91,254,2026-01-01T01:58:36Z
order_00007118,batch_0005,trader_0008,ETH-USD,SELL,2050.04,485,2026-01-01T01:58:37Z
order_00007119,batch_0005,trader_0021,ETH-USD,BUY,2020.06,587,2026-01-01T01:58:38Z
order_00007120,batch_0005,trader_0008,ETH-USD,BUY,1988.76,637,2026-01-01T01:58:39Z
order_00007121,batch_0005,trader_0011,ETH-USD,BUY,2109.76,855,2026-01-01T01:58:40Z
order_00007122,batch_0005,trader_0013,ETH-USD,SELL,2192.73,393,2026-01-01T01:58:41Z
order_00007123,batch_0005,trader_0003,ETH-USD,BUY,2025.09,341,2026-01-01T01:58:42Z
order_00007124,batch_0005,trader_0006,ETH-USD,BUY,2158.89,783,2026-01-01T01:58:43Z
order_00007125,batch_0005,trader_0017,ETH-USD,BUY,2148.93,253,2026-01-01T01:58:44Z
order_00007126,batch_0005,trader_0010,ETH-USD,BUY,1966.62,939,2026-01-01T01:58:45Z
order_00007127,batch_0005,trader_0012,ETH-USD,BUY,2113.1,485,2026-01-01T01:58:46Z
order_00007128,batch_0005,trader_0023,ETH-USD,BUY,2139.6,415,2026-01-01T01:58:47Z
order_00007129,batch_0005,trader_0025,ETH-USD,BUY,2151.26,296,2026-01-01T01:58:48Z
order_00007130,batch_0005,trader_0013,ETH-USD,SELL,2169.52,278,2026-01-01T01:58:49Z
order_00007131,batch_0005,trader_0011,ETH-USD,BUY,2066.77,326,2026-01-01T01:58:50Z
order_00007132,batch_0005,trader_0023,ETH-USD,BUY,2079.5,595,2026-01-01T01:58:51Z
order_00007133,batch_0005,trader_0025,ETH-USD,SELL,2104.76,131,2026-01-01T01:58:52Z
order_00007134,batch_0005,trader_0008,ETH-USD,SELL,1935.63,910,2026-01-01T01:58:53Z
order_00007135,batch_0005,trader_0023,ETH-USD,BUY,2150.97,208,2026-01-01T01:58:54Z
order_00007136,batch_0005,trader_0019,ETH-USD,SELL,1997.54,398,2026-01-01T01:58:55Z
order_00007137,batch_0005,trader_0003,ETH-USD,BUY,1935.5,106,2026-01-01T01:58:56Z
order_00007138,batch_0005,trader_0023,ETH-USD,BUY,2145.36,469,2026-01-01T01:58:57Z
order_00007139,batch_0005,trader_0021,ETH-USD,SELL,1878.61,974,2026-01-01T01:58:58Z
order_00007140,batch_0005,trader_0007,ETH-USD,SELL,1929.59,230,2026-01-01T01:58:59Z
order_00007141,batch_0005,trader_0011,ETH-USD,SELL,1964.33,294,2026-01-01T01:59:00Z
order_00007142,batch_0005,trader_0019,ETH-USD,SELL,1898.54,440,2026-01-01T01:59:01Z
order_00007143,batch_0005,trader_0024,ETH-USD,BUY,1840.51,804,2026-01-01T01:59:02Z
order_00007144,batch_0005,trader_0019,ETH-USD,SELL,2026.2,304,2026-01-01T01:59:03Z
order_00007145,batch_0005,trader_0025,ETH-USD,SELL,2043.37,631,2026-01-01T01:59:04Z
order_00007146,batch_0005,trader_0004,ETH-USD,SELL,1830.87,674,2026-01-01T01:59:05Z
order_00007147,batch_0005,trader_0017,ETH-USD,BUY,2069.52,230,2026-01-01T01:59:06Z
order_00007148,batch_0005,trader_0017,ETH-USD,BUY,2158.77,404,2026-01-01T01:59:07Z
order_00007149,batch_0005,trader_0001,ETH-USD,SELL,1984.76,712,2026-01-01T01:59:08Z
order_00007150,batch_0005,trader_0016,ETH-USD,BUY,2122.56,510,2026-01-01T01:59:09Z
order_00007151,batch_0005,trader_0006,ETH-USD,BUY,1988.61,61,2026-01-01T01:59:10Z
order_00007152,batch_0005,trader_0004,ETH-USD,SELL,1801.63,792,2026-01-01T01:59:11Z
order_00007153,batch_0005,trader_0016,ETH-USD,BUY,1969.44,629,2026-01-01T01:59:12Z
order_00007154,batch_0005,trader_0018,ETH-USD,SELL,2084.63,926,2026-01-01T01:59:13Z
order_00007155,batch_0005,trader_0019,ETH-USD,SELL,2092.77,396,2026-01-01T01:59:14Z
order_00007156,batch_0005,trader_0010,ETH-USD,BUY,2191.68,135,2026-01-01T01:59:15Z
order_00007157,batch_0005,trader_0010,ETH-USD,BUY,2036.86,202,2026-01-01T01:59:16Z
order_00007158,batch_0005,trader_0011,ETH-USD,SELL,1958.74,453,2026-01-01T01:59:17Z
order_00007159,batch_0005,trader_0019,ETH-USD,SELL,1857.66,859,2026-01-01T01:59:18Z
order_00007160,batch_0005,trader_0023,ETH-USD,SELL,1865.78,649,2026-01-01T01:59:19Z
order_00007161,batch_0005,trader_0007,ETH-USD,BUY,1962.18,769,2026-01-01T01:59:20Z
order_00007162,batch_0005,trader_0019,ETH-USD,SELL,1855.48,472,2026-01-01T01:59:21Z
order_00007163,batch_0005,trader_0010,ETH-USD,SELL,2052.24,603,2026-01-01T01:59:22Z
order_00007164,batch_0005,trader_0009,ETH-USD,BUY,2128.26,405,2026-01-01T01:59:23Z
order_00007165,batch_0005,trader_0022,ETH-USD,SELL,1831.97,681,2026-01-01T01:59:24Z
order_00007166,batch_0005,trader_0013,ETH-USD,BUY,1965.44,658,2026-01-01T01:59:25Z
order_00007167,batch_0005,trader_0020,ETH-USD,SELL,1984.07,581,2026-01-01T01:59:26Z
order_00007168,batch_0005,trader_0022,ETH-USD,BUY,1810.23,689,2026-01-01T01:59:27Z
order_00007169,batch_0005,trader_0008,ETH-USD,SELL,1887.38,230,2026-01-01T01:59:28Z
order_00007170,batch_0005,trader_0013,ETH-USD,SELL,1841.95,34,2026-01-01T01:59:29Z
order_00007171,batch_0005,trader_0019,ETH-USD,BUY,2114.11,359,2026-01-01T01:59:30Z
order_00007172,batch_0005,trader_0008,ETH-USD,BUY,2110.43,411,2026-01-01T01:59:31Z
order_00007173,batch_0005,trader_0002,ETH-USD,SELL,2092.55,279,2026-01-01T01:59:32Z
order_00007174,batch_0005,trader_0008,ETH-USD,SELL,1877.87,84,2026-01-01T01:59:33Z
order_00007175,batch_0005,trader_0022,ETH-USD,BUY,1886.18,279,2026-01-01T01:59:34Z
order_00007176,batch_0005,trader_0007,ETH-USD,BUY,2062.72,494,2026-01-01T01:59:35Z
order_00007177,batch_0005,trader_0004,ETH-USD,SELL,2013.39,281,2026-01-01T01:59:36Z
order_00007178,batch_0005,trader_0023,ETH-USD,BUY,2025.34,846,2026-01-01T01:59:37Z
order_00007179,batch_0005,trader_0003,ETH-USD,BUY,1824.83,746,2026-01-01T01:59:38Z
order_00007180,batch_0005,trader_0002,ETH-USD,SELL,2040.2,506,2026-01-01T01:59:39Z
order_00007181,batch_0005,trader_0003,ETH-USD,BUY,2163.48,258,2026-01-01T01:59:40Z
order_00007182,batch_0005,trader_0019,ETH-USD,BUY,2190.13,11,2026-01-01T01:59:41Z
order_00007183,batch_0005,trader_0003,ETH-USD,SELL,2065.17,605,2026-01-01T01:59:42Z
order_00007184,batch_0005,trader_0021,ETH-USD,SELL,2139.37,49,2026-01-01T01:59:43Z
order_00007185,batch_0005,trader_0002,ETH-USD,SELL,2157.45,166,2026-01-01T01:59:44Z
order_00007186,batch_0005,trader_0014,ETH-USD,BUY,2132.32,576,2026-01-01T01:59:45Z
order_00007187,batch_0005,trader_0018,ETH-USD,SELL,1847.63,949,2026-01-01T01:59:46Z
order_00007188,batch_0005,trader_0020,ETH-USD,SELL,2185.93,766,2026-01-01T01:59:47Z
order_00007189,batch_0005,trader_0004,ETH-USD,SELL,1916.79,253,2026-01-01T01:59:48Z
order_00007190,batch_0005,trader_0017,ETH-USD,SELL,1880.23,789,2026-01-01T01:59:49Z
order_00007191,batch_0005,trader_0018,ETH-USD,SELL,1931.65,957,2026-01-01T01:59:50Z
order_00007192,batch_0005,trader_0007,ETH-USD,BUY,2198.57,160,2026-01-01T01:59:51Z
order_00007193,batch_0005,trader_0023,ETH-USD,BUY,1970.19,77,2026-01-01T01:59:52Z
order_00007194,batch_0005,trader_0019,ETH-USD,BUY,1838.47,688,2026-01-01T01:59:53Z
order_00007195,batch_0005,trader_0002,ETH-USD,BUY,2017.42,943,2026-01-01T01:59:54Z
order_00007196,batch_0005,trader_0023,ETH-USD,BUY,1992.22,807,2026-01-01T01:59:55Z
order_00007197,batch_0005,trader_0007,ETH-USD,SELL,1998.2,810,2026-01-01T01:59:56Z
order_00007198,batch_0005,trader_0019,ETH-USD,SELL,2082.17,802,2026-01-01T01:59:57Z
order_00007199,batch_0005,trader_0001,ETH-USD,SELL,2139.04,949,2026-01-01T01:59:58Z
order_00007200,batch_0005,trader_0022,ETH-USD,SELL,2162.48,311,2026-01-01T01:59:59Z
order_00007201,batch_0005,trader_0017,ETH-USD,SELL,2188.26,166,2026-01-01T02:00:00Z
order_00007202,batch_0005,trader_0003,ETH-USD,SELL,1835.31,671,2026-01-01T02:00:01Z
order_00007203,batch_0005,trader_0021,ETH-USD,BUY,2013.45,861,2026-01-01T02:00:02Z
order_00007204,batch_0005,trader_0023,ETH-USD,BUY,2163.46,140,2026-01-01T02:00:03Z
order_00007205,batch_0005,trader_0014,ETH-USD,BUY,2043.03,952,2026-01-01T02:00:04Z
order_00007206,batch_0005,trader_0013,ETH-USD,BUY,1947.4,523,2026-01-01T02:00:05Z
order_00007207,batch_0005,trader_0003,ETH-USD,BUY,1875.01,439,2026-01-01T02:00:06Z
order_00007208,batch_0005,trader_0002,ETH-USD,BUY,2185.59,808,2026-01-01T02:00:07Z
order_00007209,batch_0005,trader_0004,ETH-USD,SELL,1920.67,512,2026-01-01T02:00:08Z
order_00007210,batch_0005,trader_0019,ETH-USD,SELL,1848.85,389,2026-01-01T02:00:09Z
order_00007211,batch_0005,trader_0005,ETH-USD,SELL,1899.8,174,2026-01-01T02:00:10Z
order_00007212,batch_0005,trader_0003,ETH-USD,BUY,2150.79,291,2026-01-01T02:00:11Z
order_00007213,batch_0005,trader_0007,ETH-USD,SELL,2168.03,85,2026-01-01T02:00:12Z
order_00007214,batch_0005,trader_0014,ETH-USD,BUY,2038.72,421,2026-01-01T02:00:13Z
order_00007215,batch_0005,trader_0014,ETH-USD,SELL,1955.41,190,2026-01-01T02:00:14Z
order_00007216,batch_0005,trader_0006,ETH-USD,SELL,1937.76,834,2026-01-01T02:00:15Z
order_00007217,batch_0005,trader_0016,ETH-USD,SELL,2103.06,180,2026-01-01T02:00:16Z
order_00007218,batch_0005,trader_0005,ETH-USD,SELL,1830.02,915,2026-01-01T02:00:17Z
order_00007219,batch_0005,trader_0003,ETH-USD,SELL,1994.62,290,2026-01-01T02:00:18Z
order_00007220,batch_0005,trader_0020,ETH-USD,SELL,2033.5,478,2026-01-01T02:00:19Z
order_00007221,batch_0005,trader_0012,ETH-USD,SELL,2008.24,283,2026-01-01T02:00:20Z
order_00007222,batch_0005,trader_0019,ETH-USD,BUY,1912.93,620,2026-01-01T02:00:21Z
order_00007223,batch_0005,trader_0002,ETH-USD,SELL,1888.36,613,2026-01-01T02:00:22Z
order_00007224,batch_0005,trader_0021,ETH-USD,BUY,2036.34,109,2026-01-01T02:00:23Z
order_00007225,batch_0005,trader_0012,ETH-USD,SELL,1973.07,349,2026-01-01T02:00:24Z
order_00007226,batch_0005,trader_0012,ETH-USD,SELL,1960.76,940,2026-01-01T02:00:25Z
order_00007227,batch_0005,trader_0005,ETH-USD,BUY,1918.5,517,2026-01-01T02:00:26Z
order_00007228,batch_0005,trader_0024,ETH-USD,SELL,1979.3,189,2026-01-01T02:00:27Z
order_00007229,batch_0005,trader_0005,ETH-USD,BUY,1955.89,160,2026-01-01T02:00:28Z
order_00007230,batch_0005,trader_0001,ETH-USD,SELL,1962.04,371,2026-01-01T02:00:29Z
order_00007231,batch_0005,trader_0001,ETH-USD,BUY,1803.2,895,2026-01-01T02:00:30Z
order_00007232,batch_0005,trader_0021,ETH-USD,SELL,1917.62,85,2026-01-01T02:00:31Z
order_00007233,batch_0005,trader_0001,ETH-USD,SELL,2135.53,114,2026-01-01T02:00:32Z
order_00007234,batch_0005,trader_0014,ETH-USD,SELL,2003.7,388,2026-01-01T02:00:33Z
order_00007235,batch_0005,trader_0023,ETH-USD,SELL,1816.21,267,2026-01-01T02:00:34Z
order_00007236,batch_0005,trader_0001,ETH-USD,SELL,2123.21,797,2026-01-01T02:00:35Z
order_00007237,batch_0005,trader_0014,ETH-USD,BUY,2192.19,654,2026-01-01T02:00:36Z
order_00007238,batch_0005,trader_0009,ETH-USD,BUY,1823.6,614,2026-01-01T02:00:37Z
order_00007239,batch_0005,trader_0016,ETH-USD,SELL,2103.88,824,2026-01-01T02:00:38Z
order_00007240,batch_0005,trader_0014,ETH-USD,BUY,1803.08,145,2026-01-01T02:00:39Z
order_00007241,batch_0005,trader_0004,ETH-USD,BUY,2088.05,514,2026-01-01T02:00:40Z
order_00007242,batch_0005,trader_0005,ETH-USD,BUY,2063.84,812,2026-01-01T02:00:41Z
order_00007243,batch_0005,trader_0006,ETH-USD,BUY,1859.23,566,2026-01-01T02:00:42Z
order_00007244,batch_0005,trader_0009,ETH-USD,SELL,1805.27,291,2026-01-01T02:00:43Z
order_00007245,batch_0005,trader_0007,ETH-USD,BUY,1862.22,888,2026-01-01T02:00:44Z
order_00007246,batch_0005,trader_0010,ETH-USD,BUY,2036.42,621,2026-01-01T02:00:45Z
order_00007247,batch_0005,trader_0024,ETH-USD,BUY,1836.91,280,2026-01-01T02:00:46Z
order_00007248,batch_0005,trader_0004,ETH-USD,SELL,1980.95,275,2026-01-01T02:00:47Z
order_00007249,batch_0005,trader_0023,ETH-USD,BUY,2112.7,912,2026-01-01T02:00:48Z
order_00007250,batch_0005,trader_0001,ETH-USD,BUY,1938.81,253,2026-01-01T02:00:49Z
order_00007251,batch_0005,trader_0007,ETH-USD,SELL,2109.72,969,2026-01-01T02:00:50Z
order_00007252,batch_0005,trader_0005,ETH-USD,BUY,2177.47,799,2026-01-01T02:00:51Z
order_00007253,batch_0005,trader_0005,ETH-USD,BUY,2012.25,659,2026-01-01T02:00:52Z
order_00007254,batch_0005,trader_0014,ETH-USD,SELL,2116.62,8,2026-01-01T02:00:53Z
order_00007255,batch_0005,trader_0022,ETH-USD,BUY,2080.08,655,2026-01-01T02:00:54Z
order_00007256,batch_0005,trader_0002,ETH-USD,BUY,2022.61,502,2026-01-01T02:00:55Z
order_00007257,batch_0005,trader_0001,ETH-USD,SELL,2009.68,476,2026-01-01T02:00:56Z
order_00007258,batch_0005,trader_0003,ETH-USD,BUY,1806.88,554,2026-01-01T02:00:57Z
order_00007259,batch_0005,trader_0010,ETH-USD,BUY,1840.93,308,2026-01-01T02:00:58Z
order_00007260,batch_0005,trader_0008,ETH-USD,SELL,2177.29,730,2026-01-01T02:00:59Z
order_00007261,batch_0005,trader_0025,ETH-USD,BUY,1933.17,628,2026-01-01T02:01:00Z
order_00007262,batch_0005,trader_0004,ETH-USD,BUY,2004.22,781,2026-01-01T02:01:01Z
order_00007263,batch_0005,trader_0018,ETH-USD,SELL,1915.16,269,2026-01-01T02:01:02Z
order_00007264,batch_0005,trader_0021,ETH-USD,BUY,1915.13,466,2026-01-01T02:01:03Z
order_00007265,batch_0005,trader_0021,ETH-USD,BUY,1870.11,38,2026-01-01T02:01:04Z
order_00007266,batch_0005,trader_0008,ETH-USD,SELL,2170.54,569,2026-01-01T02:01:05Z
order_00007267,batch_0005,trader_0016,ETH-USD,BUY,2102.4,228,2026-01-01T02:01:06Z
order_00007268,batch_0005,trader_0001,ETH-USD,SELL,2056.99,573,2026-01-01T02:01:07Z
order_00007269,batch_0005,trader_0019,ETH-USD,SELL,1985.86,233,2026-01-01T02:01:08Z
order_00007270,batch_0005,trader_0008,ETH-USD,SELL,1858.36,684,2026-01-01T02:01:09Z
order_00007271,batch_0005,trader_0023,ETH-USD,SELL,2090.15,636,2026-01-01T02:01:10Z
order_00007272,batch_0005,trader_0008,ETH-USD,BUY,2167.08,954,2026-01-01T02:01:11Z
order_00007273,batch_0005,trader_0001,ETH-USD,SELL,2038.5,413,2026-01-01T02:01:12Z
order_00007274,batch_0005,trader_0012,ETH-USD,BUY,2021.02,340,2026-01-01T02:01:13Z
order_00007275,batch_0005,trader_0019,ETH-USD,SELL,1948.83,804,2026-01-01T02:01:14Z
order_00007276,batch_0005,trader_0025,ETH-USD,BUY,1808.34,787,2026-01-01T02:01:15Z
order_00007277,batch_0005,trader_0001,ETH-USD,BUY,2157.92,590,2026-01-01T02:01:16Z
order_00007278,batch_0005,trader_0019,ETH-USD,SELL,2185.9,618,2026-01-01T02:01:17Z
order_00007279,batch_0005,trader_0005,ETH-USD,SELL,1919.21,707,2026-01-01T02:01:18Z
order_00007280,batch_0005,trader_0001,ETH-USD,SELL,2017.29,821,2026-01-01T02:01:19Z
order_00007281,batch_0005,trader_0011,ETH-USD,BUY,1819.39,746,2026-01-01T02:01:20Z
order_00007282,batch_0005,trader_0025,ETH-USD,BUY,1893.41,247,2026-01-01T02:01:21Z
order_00007283,batch_0005,trader_0003,ETH-USD,BUY,2157.47,455,2026-01-01T02:01:22Z
order_00007284,batch_0005,trader_0003,ETH-USD,BUY,1977.66,148,2026-01-01T02:01:23Z
order_00007285,batch_0005,trader_0003,ETH-USD,SELL,2065.55,429,2026-01-01T02:01:24Z
order_00007286,batch_0005,trader_0005,ETH-USD,BUY,2020.73,921,2026-01-01T02:01:25Z
order_00007287,batch_0005,trader_0009,ETH-USD,BUY,1808.2,651,2026-01-01T02:01:26Z
order_00007288,batch_0005,trader_0020,ETH-USD,BUY,1959.39,741,2026-01-01T02:01:27Z
order_00007289,batch_0005,trader_0010,ETH-USD,BUY,2139.55,628,2026-01-01T02:01:28Z
order_00007290,batch_0005,trader_0016,ETH-USD,BUY,2109.55,471,2026-01-01T02:01:29Z
order_00007291,batch_0005,trader_0001,ETH-USD,SELL,1929.24,185,2026-01-01T02:01:30Z
order_00007292,batch_0005,trader_0024,ETH-USD,SELL,1873.67,692,2026-01-01T02:01:31Z
order_00007293,batch_0005,trader_0010,ETH-USD,BUY,1869.64,257,2026-01-01T02:01:32Z
order_00007294,batch_0005,trader_0003,ETH-USD,SELL,1812.76,786,2026-01-01T02:01:33Z
order_00007295,batch_0005,trader_0024,ETH-USD,BUY,1923.13,130,2026-01-01T02:01:34Z
order_00007296,batch_0005,trader_0013,ETH-USD,BUY,2176.92,253,2026-01-01T02:01:35Z
order_00007297,batch_0005,trader_0011,ETH-USD,SELL,2013.83,336,2026-01-01T02:01:36Z
order_00007298,batch_0005,trader_0001,ETH-USD,BUY,2182.68,867,2026-01-01T02:01:37Z
order_00007299,batch_0005,trader_0013,ETH-USD,BUY,1999.6,855,2026-01-01T02:01:38Z
order_00007300,batch_0005,trader_0015,ETH-USD,BUY,1865.82,285,2026-01-01T02:01:39Z
order_00007301,batch_0005,trader_0022,ETH-USD,BUY,1885.16,782,2026-01-01T02:01:40Z
order_00007302,batch_0005,trader_0020,ETH-USD,BUY,1935.17,814,2026-01-01T02:01:41Z
order_00007303,batch_0005,trader_0003,ETH-USD,BUY,2172.37,186,2026-01-01T02:01:42Z
order_00007304,batch_0005,trader_0005,ETH-USD,BUY,2168.65,551,2026-01-01T02:01:43Z
order_00007305,batch_0005,trader_0001,ETH-USD,SELL,1818.44,232,2026-01-01T02:01:44Z
order_00007306,batch_0005,trader_0013,ETH-USD,SELL,2042.04,144,2026-01-01T02:01:45Z
order_00007307,batch_0005,trader_0020,ETH-USD,BUY,2076.06,903,2026-01-01T02:01:46Z
order_00007308,batch_0005,trader_0010,ETH-USD,BUY,1839.68,162,2026-01-01T02:01:47Z
order_00007309,batch_0005,trader_0005,ETH-USD,SELL,1855.53,615,2026-01-01T02:01:48Z
order_00007310,batch_0005,trader_0018,ETH-USD,BUY,1962.91,90,2026-01-01T02:01:49Z
order_00007311,batch_0005,trader_0012,ETH-USD,SELL,2162.07,182,2026-01-01T02:01:50Z
order_00007312,batch_0005,trader_0013,ETH-USD,SELL,1870.44,605,2026-01-01T02:01:51Z
order_00007313,batch_0005,trader_0001,ETH-USD,BUY,1989.94,215,2026-01-01T02:01:52Z
order_00007314,batch_0005,trader_0025,ETH-USD,BUY,2127.76,130,2026-01-01T02:01:53Z
order_00007315,batch_0005,trader_0008,ETH-USD,BUY,1848.44,221,2026-01-01T02:01:54Z
order_00007316,batch_0005,trader_0018,ETH-USD,SELL,1818.06,513,2026-01-01T02:01:55Z
order_00007317,batch_0005,trader_0006,ETH-USD,SELL,1943.32,842,2026-01-01T02:01:56Z
order_00007318,batch_0005,trader_0019,ETH-USD,BUY,1838.09,429,2026-01-01T02:01:57Z
order_00007319,batch_0005,trader_0008,ETH-USD,BUY,1895.74,591,2026-01-01T02:01:58Z
order_00007320,batch_0005,trader_0020,ETH-USD,BUY,1890.28,634,2026-01-01T02:01:59Z
order_00007321,batch_0005,trader_0002,ETH-USD,BUY,1824.72,619,2026-01-01T02:02:00Z
order_00007322,batch_0005,trader_0021,ETH-USD,SELL,2083.49,189,2026-01-01T02:02:01Z
order_00007323,batch_0005,trader_0006,ETH-USD,BUY,1950.71,102,2026-01-01T02:02:02Z
order_00007324,batch_0005,trader_0022,ETH-USD,SELL,2086.22,386,2026-01-01T02:02:03Z
order_00007325,batch_0005,trader_0024,ETH-USD,BUY,1825.6,505,2026-01-01T02:02:04Z
order_00007326,batch_0005,trader_0001,ETH-USD,BUY,2039.88,994,2026-01-01T02:02:05Z
order_00007327,batch_0005,trader_0005,ETH-USD,SELL,2199.0,594,2026-01-01T02:02:06Z
order_00007328,batch_0005,trader_0012,ETH-USD,BUY,2117.57,293,2026-01-01T02:02:07Z
order_00007329,batch_0005,trader_0008,ETH-USD,SELL,1854.69,223,2026-01-01T02:02:08Z
order_00007330,batch_0005,trader_0015,ETH-USD,BUY,2060.36,395,2026-01-01T02:02:09Z
order_00007331,batch_0005,trader_0003,ETH-USD,BUY,2013.79,801,2026-01-01T02:02:10Z
order_00007332,batch_0005,trader_0024,ETH-USD,BUY,1915.85,386,2026-01-01T02:02:11Z
order_00007333,batch_0005,trader_0024,ETH-USD,BUY,1977.58,251,2026-01-01T02:02:12Z
order_00007334,batch_0005,trader_0012,ETH-USD,BUY,2177.99,303,2026-01-01T02:02:13Z
order_00007335,batch_0005,trader_0004,ETH-USD,BUY,2079.72,630,2026-01-01T02:02:14Z
order_00007336,batch_0005,trader_0016,ETH-USD,SELL,1980.54,687,2026-01-01T02:02:15Z
order_00007337,batch_0005,trader_0011,ETH-USD,BUY,2084.6,431,2026-01-01T02:02:16Z
order_00007338,batch_0005,trader_0021,ETH-USD,BUY,2063.53,182,2026-01-01T02:02:17Z
order_00007339,batch_0005,trader_0001,ETH-USD,SELL,1826.76,429,2026-01-01T02:02:18Z
order_00007340,batch_0005,trader_0023,ETH-USD,SELL,2021.51,164,2026-01-01T02:02:19Z
order_00007341,batch_0005,trader_0014,ETH-USD,SELL,2018.98,489,2026-01-01T02:02:20Z
order_00007342,batch_0005,trader_0002,ETH-USD,SELL,2088.54,817,2026-01-01T02:02:21Z
order_00007343,batch_0005,trader_0004,ETH-USD,BUY,1827.7,252,2026-01-01T02:02:22Z
order_00007344,batch_0005,trader_0015,ETH-USD,BUY,2018.84,642,2026-01-01T02:02:23Z
order_00007345,batch_0005,trader_0021,ETH-USD,BUY,2130.36,645,2026-01-01T02:02:24Z
order_00007346,batch_0005,trader_0005,ETH-USD,BUY,1898.43,344,2026-01-01T02:02:25Z
order_00007347,batch_0005,trader_0012,ETH-USD,BUY,1849.24,498,2026-01-01T02:02:26Z
order_00007348,batch_0005,trader_0013,ETH-USD,SELL,2147.6,74,2026-01-01T02:02:27Z
order_00007349,batch_0005,trader_0021,ETH-USD,SELL,2088.18,530,2026-01-01T02:02:28Z
order_00007350,batch_0005,trader_0016,ETH-USD,SELL,1888.27,425,2026-01-01T02:02:29Z
order_00007351,batch_0005,trader_0020,ETH-USD,BUY,2138.32,293,2026-01-01T02:02:30Z
order_00007352,batch_0005,trader_0024,ETH-USD,BUY,1816.02,23,2026-01-01T02:02:31Z
order_00007353,batch_0005,trader_0008,ETH-USD,BUY,1934.66,851,2026-01-01T02:02:32Z
order_00007354,batch_0005,trader_0023,ETH-USD,SELL,2025.84,551,2026-01-01T02:02:33Z
order_00007355,batch_0005,trader_0003,ETH-USD,BUY,2081.22,250,2026-01-01T02:02:34Z
order_00007356,batch_0005,trader_0020,ETH-USD,BUY,1974.94,266,2026-01-01T02:02:35Z
order_00007357,batch_0005,trader_0013,ETH-USD,SELL,2140.58,515,2026-01-01T02:02:36Z
order_00007358,batch_0005,trader_0025,ETH-USD,SELL,2188.36,130,2026-01-01T02:02:37Z
order_00007359,batch_0005,trader_0016,ETH-USD,SELL,1903.14,731,2026-01-01T02:02:38Z
order_00007360,batch_0005,trader_0016,ETH-USD,SELL,2120.58,207,2026-01-01T02:02:39Z
order_00007361,batch_0005,trader_0011,ETH-USD,BUY,1828.63,584,2026-01-01T02:02:40Z
order_00007362,batch_0005,trader_0002,ETH-USD,SELL,2009.52,942,2026-01-01T02:02:41Z
order_00007363,batch_0005,trader_0001,ETH-USD,BUY,1909.92,798,2026-01-01T02:02:42Z
order_00007364,batch_0005,trader_0023,ETH-USD,SELL,1941.24,824,2026-01-01T02:02:43Z
order_00007365,batch_0005,trader_0015,ETH-USD,BUY,1873.6,300,2026-01-01T02:02:44Z
order_00007366,batch_0005,trader_0012,ETH-USD,SELL,1888.13,898,2026-01-01T02:02:45Z
order_00007367,batch_0005,trader_0009,ETH-USD,BUY,1995.14,148,2026-01-01T02:02:46Z
order_00007368,batch_0005,trader_0008,ETH-USD,BUY,1888.24,354,2026-01-01T02:02:47Z
order_00007369,batch_0005,trader_0013,ETH-USD,BUY,1946.17,855,2026-01-01T02:02:48Z
order_00007370,batch_0005,trader_0016,ETH-USD,BUY,1954.36,770,2026-01-01T02:02:49Z
order_00007371,batch_0005,trader_0017,ETH-USD,SELL,2011.57,267,2026-01-01T02:02:50Z
order_00007372,batch_0005,trader_0009,ETH-USD,BUY,1863.9,437,2026-01-01T02:02:51Z
order_00007373,batch_0005,trader_0012,ETH-USD,SELL,1915.19,592,2026-01-01T02:02:52Z
order_00007374,batch_0005,trader_0021,ETH-USD,SELL,1922.73,23,2026-01-01T02:02:53Z
order_00007375,batch_0005,trader_0019,ETH-USD,BUY,2183.43,6,2026-01-01T02:02:54Z
order_00007376,batch_0005,trader_0013,ETH-USD,BUY,1967.52,582,2026-01-01T02:02:55Z
order_00007377,batch_0005,trader_0005,ETH-USD,SELL,2143.5,342,2026-01-01T02:02:56Z
order_00007378,batch_0005,trader_0025,ETH-USD,SELL,2146.55,56,2026-01-01T02:02:57Z
order_00007379,batch_0005,trader_0023,ETH-USD,BUY,2150.33,459,2026-01-01T02:02:58Z
order_00007380,batch_0005,trader_0024,ETH-USD,BUY,2177.86,612,2026-01-01T02:02:59Z
order_00007381,batch_0005,trader_0019,ETH-USD,BUY,2045.56,23,2026-01-01T02:03:00Z
order_00007382,batch_0005,trader_0009,ETH-USD,SELL,2073.93,264,2026-01-01T02:03:01Z
order_00007383,batch_0005,trader_0004,ETH-USD,SELL,1852.4,75,2026-01-01T02:03:02Z
order_00007384,batch_0005,trader_0012,ETH-USD,BUY,2113.03,890,2026-01-01T02:03:03Z
order_00007385,batch_0005,trader_0007,ETH-USD,SELL,1858.94,191,2026-01-01T02:03:04Z
order_00007386,batch_0005,trader_0023,ETH-USD,BUY,1984.59,506,2026-01-01T02:03:05Z
order_00007387,batch_0005,trader_0023,ETH-USD,SELL,2067.25,717,2026-01-01T02:03:06Z
order_00007388,batch_0005,trader_0016,ETH-USD,BUY,1937.96,933,2026-01-01T02:03:07Z
order_00007389,batch_0005,trader_0005,ETH-USD,SELL,2143.19,475,2026-01-01T02:03:08Z
order_00007390,batch_0005,trader_0023,ETH-USD,BUY,2007.9,885,2026-01-01T02:03:09Z
order_00007391,batch_0005,trader_0008,ETH-USD,SELL,1809.69,470,2026-01-01T02:03:10Z
order_00007392,batch_0005,trader_0010,ETH-USD,SELL,1853.58,543,2026-01-01T02:03:11Z
order_00007393,batch_0005,trader_0005,ETH-USD,BUY,2136.35,697,2026-01-01T02:03:12Z
order_00007394,batch_0005,trader_0024,ETH-USD,SELL,1977.88,198,2026-01-01T02:03:13Z
order_00007395,batch_0005,trader_0019,ETH-USD,SELL,1822.44,711,2026-01-01T02:03:14Z
order_00007396,batch_0005,trader_0023,ETH-USD,SELL,1926.66,277,2026-01-01T02:03:15Z
order_00007397,batch_0005,trader_0024,ETH-USD,SELL,1960.08,500,2026-01-01T02:03:16Z
order_00007398,batch_0005,trader_0021,ETH-USD,BUY,1878.85,405,2026-01-01T02:03:17Z
order_00007399,batch_0005,trader_0017,ETH-USD,BUY,2139.48,144,2026-01-01T02:03:18Z
order_00007400,batch_0005,trader_0005,ETH-USD,BUY,1845.13,5,2026-01-01T02:03:19Z
order_00007401,batch_0005,trader_0002,ETH-USD,SELL,1860.62,846,2026-01-01T02:03:20Z
order_00007402,batch_0005,trader_0010,ETH-USD,SELL,2070.36,738,2026-01-01T02:03:21Z
order_00007403,batch_0005,trader_0009,ETH-USD,SELL,1850.6,275,2026-01-01T02:03:22Z
order_00007404,batch_0005,trader_0007,ETH-USD,SELL,2017.25,891,2026-01-01T02:03:23Z
order_00007405,batch_0005,trader_0015,ETH-USD,SELL,1969.14,218,2026-01-01T02:03:24Z
order_00007406,batch_0005,trader_0017,ETH-USD,SELL,1809.18,391,2026-01-01T02:03:25Z
order_00007407,batch_0005,trader_0013,ETH-USD,BUY,2016.1,708,2026-01-01T02:03:26Z
order_00007408,batch_0005,trader_0023,ETH-USD,BUY,2055.25,758,2026-01-01T02:03:27Z
order_00007409,batch_0005,trader_0021,ETH-USD,BUY,2140.73,9,2026-01-01T02:03:28Z
order_00007410,batch_0005,trader_0014,ETH-USD,SELL,2166.94,622,2026-01-01T02:03:29Z
order_00007411,batch_0005,trader_0018,ETH-USD,SELL,1853.23,614,2026-01-01T02:03:30Z
order_00007412,batch_0005,trader_0019,ETH-USD,SELL,1967.72,940,2026-01-01T02:03:31Z
order_00007413,batch_0005,trader_0007,ETH-USD,SELL,1845.49,54,2026-01-01T02:03:32Z
order_00007414,batch_0005,trader_0003,ETH-USD,BUY,1947.84,637,2026-01-01T02:03:33Z
order_00007415,batch_0005,trader_0002,ETH-USD,SELL,1886.06,953,2026-01-01T02:03:34Z
order_00007416,batch_0005,trader_0001,ETH-USD,SELL,2156.0,993,2026-01-01T02:03:35Z
order_00007417,batch_0005,trader_0013,ETH-USD,BUY,1932.72,921,2026-01-01T02:03:36Z
order_00007418,batch_0005,trader_0017,ETH-USD,BUY,2114.83,354,2026-01-01T02:03:37Z
order_00007419,batch_0005,trader_0002,ETH-USD,SELL,2083.39,917,2026-01-01T02:03:38Z
order_00007420,batch_0005,trader_0017,ETH-USD,SELL,1886.69,50,2026-01-01T02:03:39Z
order_00007421,batch_0005,trader_0024,ETH-USD,SELL,2055.57,591,2026-01-01T02:03:40Z
order_00007422,batch_0005,trader_0003,ETH-USD,SELL,1902.11,293,2026-01-01T02:03:41Z
order_00007423,batch_0005,trader_0003,ETH-USD,BUY,1908.78,63,2026-01-01T02:03:42Z
order_00007424,batch_0005,trader_0011,ETH-USD,BUY,2157.45,395,2026-01-01T02:03:43Z
order_00007425,batch_0005,trader_0007,ETH-USD,BUY,2133.46,219,2026-01-01T02:03:44Z
order_00007426,batch_0005,trader_0017,ETH-USD,SELL,1841.21,671,2026-01-01T02:03:45Z
order_00007427,batch_0005,trader_0011,ETH-USD,SELL,1924.12,489,2026-01-01T02:03:46Z
order_00007428,batch_0005,trader_0020,ETH-USD,BUY,1878.83,52,2026-01-01T02:03:47Z
order_00007429,batch_0005,trader_0017,ETH-USD,SELL,2168.87,106,2026-01-01T02:03:48Z
order_00007430,batch_0005,trader_0004,ETH-USD,SELL,1912.73,391,2026-01-01T02:03:49Z
order_00007431,batch_0005,trader_0009,ETH-USD,BUY,1980.32,836,2026-01-01T02:03:50Z
order_00007432,batch_0005,trader_0002,ETH-USD,BUY,2170.86,986,2026-01-01T02:03:51Z
order_00007433,batch_0005,trader_0022,ETH-USD,BUY,2116.12,474,2026-01-01T02:03:52Z
order_00007434,batch_0005,trader_0023,ETH-USD,BUY,2042.52,919,2026-01-01T02:03:53Z
order_00007435,batch_0005,trader_0023,ETH-USD,SELL,1881.68,721,2026-01-01T02:03:54Z
order_00007436,batch_0005,trader_0017,ETH-USD,BUY,1842.68,96,2026-01-01T02:03:55Z
order_00007437,batch_0005,trader_0017,ETH-USD,SELL,2192.38,435,2026-01-01T02:03:56Z
order_00007438,batch_0005,trader_0019,ETH-USD,SELL,1834.07,116,2026-01-01T02:03:57Z
order_00007439,batch_0005,trader_0012,ETH-USD,BUY,1954.15,852,2026-01-01T02:03:58Z
order_00007440,batch_0005,trader_0022,ETH-USD,SELL,2008.53,730,2026-01-01T02:03:59Z
order_00007441,batch_0005,trader_0002,ETH-USD,BUY,1826.27,424,2026-01-01T02:04:00Z
order_00007442,batch_0005,trader_0018,ETH-USD,SELL,1811.23,886,2026-01-01T02:04:01Z
order_00007443,batch_0005,trader_0021,ETH-USD,BUY,1902.23,195,2026-01-01T02:04:02Z
order_00007444,batch_0005,trader_0011,ETH-USD,SELL,1939.11,603,2026-01-01T02:04:03Z
order_00007445,batch_0005,trader_0008,ETH-USD,BUY,2018.17,154,2026-01-01T02:04:04Z
order_00007446,batch_0005,trader_0019,ETH-USD,BUY,2194.96,246,2026-01-01T02:04:05Z
order_00007447,batch_0005,trader_0006,ETH-USD,SELL,2104.43,789,2026-01-01T02:04:06Z
order_00007448,batch_0005,trader_0005,ETH-USD,BUY,1960.07,398,2026-01-01T02:04:07Z
order_00007449,batch_0005,trader_0016,ETH-USD,BUY,2110.71,928,2026-01-01T02:04:08Z
order_00007450,batch_0005,trader_0011,ETH-USD,BUY,1826.61,45,2026-01-01T02:04:09Z
order_00007451,batch_0005,trader_0014,ETH-USD,SELL,2171.61,275,2026-01-01T02:04:10Z
order_00007452,batch_0005,trader_0001,ETH-USD,SELL,2147.6,620,2026-01-01T02:04:11Z
order_00007453,batch_0005,trader_0005,ETH-USD,SELL,1880.96,796,2026-01-01T02:04:12Z
order_00007454,batch_0005,trader_0015,ETH-USD,SELL,1881.8,350,2026-01-01T02:04:13Z
order_00007455,batch_0005,trader_0019,ETH-USD,BUY,1953.7,773,2026-01-01T02:04:14Z
order_00007456,batch_0005,trader_0011,ETH-USD,SELL,1888.79,663,2026-01-01T02:04:15Z
order_00007457,batch_0005,trader_0023,ETH-USD,BUY,2124.4,380,2026-01-01T02:04:16Z
order_00007458,batch_0005,trader_0017,ETH-USD,BUY,1850.31,328,2026-01-01T02:04:17Z
order_00007459,batch_0005,trader_0008,ETH-USD,BUY,1970.59,308,2026-01-01T02:04:18Z
order_00007460,batch_0005,trader_0007,ETH-USD,BUY,1986.85,558,2026-01-01T02:04:19Z
order_00007461,batch_0005,trader_0019,ETH-USD,SELL,2014.07,8,2026-01-01T02:04:20Z
order_00007462,batch_0005,trader_0001,ETH-USD,SELL,2154.4,129,2026-01-01T02:04:21Z
order_00007463,batch_0005,trader_0018,ETH-USD,SELL,2131.46,784,2026-01-01T02:04:22Z
order_00007464,batch_0005,trader_0016,ETH-USD,SELL,1866.77,865,2026-01-01T02:04:23Z
order_00007465,batch_0005,trader_0024,ETH-USD,SELL,1982.35,481,2026-01-01T02:04:24Z
order_00007466,batch_0005,trader_0025,ETH-USD,SELL,1848.35,119,2026-01-01T02:04:25Z
order_00007467,batch_0005,trader_0023,ETH-USD,SELL,1927.62,144,2026-01-01T02:04:26Z
order_00007468,batch_0005,trader_0013,ETH-USD,SELL,2001.58,669,2026-01-01T02:04:27Z
order_00007469,batch_0005,trader_0001,ETH-USD,BUY,2041.02,799,2026-01-01T02:04:28Z
order_00007470,batch_0005,trader_0002,ETH-USD,BUY,1858.57,85,2026-01-01T02:04:29Z
order_00007471,batch_0005,trader_0005,ETH-USD,SELL,2143.02,734,2026-01-01T02:04:30Z
order_00007472,batch_0005,trader_0007,ETH-USD,BUY,1916.11,692,2026-01-01T02:04:31Z
order_00007473,batch_0005,trader_0024,ETH-USD,SELL,1820.73,988,2026-01-01T02:04:32Z
order_00007474,batch_0005,trader_0022,ETH-USD,SELL,2128.66,870,2026-01-01T02:04:33Z
order_00007475,batch_0005,trader_0020,ETH-USD,BUY,1837.57,481,2026-01-01T02:04:34Z
order_00007476,batch_0005,trader_0014,ETH-USD,SELL,2084.73,803,2026-01-01T02:04:35Z
order_00007477,batch_0005,trader_0021,ETH-USD,SELL,2031.85,695,2026-01-01T02:04:36Z
order_00007478,batch_0005,trader_0020,ETH-USD,BUY,1945.91,386,2026-01-01T02:04:37Z
order_00007479,batch_0005,trader_0025,ETH-USD,BUY,1959.5,791,2026-01-01T02:04:38Z
order_00007480,batch_0005,trader_0020,ETH-USD,BUY,1816.28,304,2026-01-01T02:04:39Z
order_00007481,batch_0005,trader_0008,ETH-USD,SELL,2009.61,387,2026-01-01T02:04:40Z
order_00007482,batch_0005,trader_0001,ETH-USD,BUY,1906.41,798,2026-01-01T02:04:41Z
order_00007483,batch_0005,trader_0010,ETH-USD,SELL,1860.94,376,2026-01-01T02:04:42Z
order_00007484,batch_0005,trader_0023,ETH-USD,SELL,1951.94,691,2026-01-01T02:04:43Z
order_00007485,batch_0005,trader_0007,ETH-USD,BUY,1983.56,800,2026-01-01T02:04:44Z
order_00007486,batch_0005,trader_0003,ETH-USD,SELL,1850.87,187,2026-01-01T02:04:45Z
order_00007487,batch_0005,trader_0020,ETH-USD,SELL,1903.35,779,2026-01-01T02:04:46Z
order_00007488,batch_0005,trader_0023,ETH-USD,SELL,1808.5,470,2026-01-01T02:04:47Z
order_00007489,batch_0005,trader_0002,ETH-USD,BUY,1897.3,688,2026-01-01T02:04:48Z
order_00007490,batch_0005,trader_0021,ETH-USD,SELL,1997.14,343,2026-01-01T02:04:49Z
order_00007491,batch_0005,trader_0011,ETH-USD,SELL,2163.15,85,2026-01-01T02:04:50Z
order_00007492,batch_0005,trader_0003,ETH-USD,BUY,1838.47,719,2026-01-01T02:04:51Z
order_00007493,batch_0005,trader_0014,ETH-USD,BUY,2163.81,849,2026-01-01T02:04:52Z
order_00007494,batch_0005,trader_0013,ETH-USD,BUY,1813.08,517,2026-01-01T02:04:53Z
order_00007495,batch_0005,trader_0022,ETH-USD,BUY,2087.11,586,2026-01-01T02:04:54Z
order_00007496,batch_0005,trader_0020,ETH-USD,BUY,2163.89,480,2026-01-01T02:04:55Z
order_00007497,batch_0005,trader_0007,ETH-USD,BUY,2167.41,570,2026-01-01T02:04:56Z
order_00007498,batch_0005,trader_0023,ETH-USD,BUY,2003.04,296,2026-01-01T02:04:57Z
order_00007499,batch_0005,trader_0020,ETH-USD,BUY,2157.77,504,2026-01-01T02:04:58Z
order_00007500,batch_0005,trader_0016,ETH-USD,BUY,2028.18,291,2026-01-01T02:04:59Z
order_00007501,batch_0005,trader_0008,ETH-USD,SELL,1900.86,838,2026-01-01T02:05:00Z
order_00007502,batch_0005,trader_0014,ETH-USD,SELL,2002.14,728,2026-01-01T02:05:01Z
order_00007503,batch_0005,trader_0022,ETH-USD,SELL,2141.23,397,2026-01-01T02:05:02Z
order_00007504,batch_0005,trader_0007,ETH-USD,SELL,1862.31,832,2026-01-01T02:05:03Z
order_00007505,batch_0005,trader_0005,ETH-USD,BUY,1997.94,973,2026-01-01T02:05:04Z
order_00007506,batch_0005,trader_0005,ETH-USD,SELL,1969.31,418,2026-01-01T02:05:05Z
order_00007507,batch_0005,trader_0018,ETH-USD,SELL,1924.15,146,2026-01-01T02:05:06Z
order_00007508,batch_0005,trader_0006,ETH-USD,BUY,2155.59,879,2026-01-01T02:05:07Z
order_00007509,batch_0005,trader_0010,ETH-USD,SELL,2067.92,511,2026-01-01T02:05:08Z
order_00007510,batch_0005,trader_0024,ETH-USD,BUY,1813.75,831,2026-01-01T02:05:09Z
order_00007511,batch_0005,trader_0013,ETH-USD,SELL,1808.32,145,2026-01-01T02:05:10Z
order_00007512,batch_0005,trader_0024,ETH-USD,SELL,1921.68,89,2026-01-01T02:05:11Z
order_00007513,batch_0005,trader_0019,ETH-USD,BUY,1927.85,18,2026-01-01T02:05:12Z
order_00007514,batch_0005,trader_0007,ETH-USD,BUY,1935.17,785,2026-01-01T02:05:13Z
order_00007515,batch_0005,trader_0013,ETH-USD,SELL,2150.96,508,2026-01-01T02:05:14Z
order_00007516,batch_0005,trader_0021,ETH-USD,SELL,2091.85,208,2026-01-01T02:05:15Z
order_00007517,batch_0005,trader_0011,ETH-USD,SELL,2195.34,203,2026-01-01T02:05:16Z
order_00007518,batch_0005,trader_0007,ETH-USD,SELL,2062.18,866,2026-01-01T02:05:17Z
order_00007519,batch_0005,trader_0007,ETH-USD,BUY,2105.05,730,2026-01-01T02:05:18Z
order_00007520,batch_0005,trader_0002,ETH-USD,SELL,2162.83,92,2026-01-01T02:05:19Z
order_00007521,batch_0005,trader_0020,ETH-USD,SELL,1820.97,604,2026-01-01T02:05:20Z
order_00007522,batch_0005,trader_0017,ETH-USD,SELL,2021.22,68,2026-01-01T02:05:21Z
order_00007523,batch_0005,trader_0010,ETH-USD,BUY,2123.82,4,2026-01-01T02:05:22Z
order_00007524,batch_0005,trader_0006,ETH-USD,SELL,2186.87,545,2026-01-01T02:05:23Z
order_00007525,batch_0005,trader_0023,ETH-USD,SELL,1892.26,972,2026-01-01T02:05:24Z
order_00007526,batch_0005,trader_0020,ETH-USD,SELL,1934.04,67,2026-01-01T02:05:25Z
order_00007527,batch_0005,trader_0020,ETH-USD,SELL,2073.18,640,2026-01-01T02:05:26Z
order_00007528,batch_0005,trader_0023,ETH-USD,SELL,2169.38,51,2026-01-01T02:05:27Z
order_00007529,batch_0005,trader_0003,ETH-USD,BUY,1966.86,455,2026-01-01T02:05:28Z
order_00007530,batch_0005,trader_0018,ETH-USD,BUY,1957.56,428,2026-01-01T02:05:29Z
order_00007531,batch_0005,trader_0003,ETH-USD,SELL,2004.74,26,2026-01-01T02:05:30Z
order_00007532,batch_0005,trader_0014,ETH-USD,BUY,2069.75,141,2026-01-01T02:05:31Z
order_00007533,batch_0005,trader_0025,ETH-USD,SELL,2141.22,358,2026-01-01T02:05:32Z
order_00007534,batch_0005,trader_0023,ETH-USD,SELL,1983.55,799,2026-01-01T02:05:33Z
order_00007535,batch_0005,trader_0001,ETH-USD,SELL,1983.2,788,2026-01-01T02:05:34Z
order_00007536,batch_0005,trader_0003,ETH-USD,SELL,2087.12,934,2026-01-01T02:05:35Z
order_00007537,batch_0005,trader_0002,ETH-USD,SELL,2199.15,884,2026-01-01T02:05:36Z
order_00007538,batch_0005,trader_0007,ETH-USD,SELL,2019.39,698,2026-01-01T02:05:37Z
order_00007539,batch_0005,trader_0020,ETH-USD,SELL,1897.8,760,2026-01-01T02:05:38Z
order_00007540,batch_0005,trader_0015,ETH-USD,BUY,1881.12,953,2026-01-01T02:05:39Z
order_00007541,batch_0005,trader_0004,ETH-USD,SELL,2191.49,298,2026-01-01T02:05:40Z
order_00007542,batch_0005,trader_0005,ETH-USD,SELL,2098.8,128,2026-01-01T02:05:41Z
order_00007543,batch_0005,trader_0014,ETH-USD,SELL,1893.11,621,2026-01-01T02:05:42Z
order_00007544,batch_0005,trader_0025,ETH-USD,SELL,2059.06,365,2026-01-01T02:05:43Z
order_00007545,batch_0005,trader_0014,ETH-USD,SELL,2124.92,416,2026-01-01T02:05:44Z
order_00007546,batch_0005,trader_0016,ETH-USD,BUY,1839.32,888,2026-01-01T02:05:45Z
order_00007547,batch_0005,trader_0022,ETH-USD,BUY,2159.18,891,2026-01-01T02:05:46Z
order_00007548,batch_0005,trader_0014,ETH-USD,SELL,2183.28,830,2026-01-01T02:05:47Z
order_00007549,batch_0005,trader_0022,ETH-USD,SELL,2017.9,443,2026-01-01T02:05:48Z
order_00007550,batch_0005,trader_0021,ETH-USD,SELL,1835.11,26,2026-01-01T02:05:49Z
order_00007551,batch_0005,trader_0006,ETH-USD,BUY,2112.93,795,2026-01-01T02:05:50Z
order_00007552,batch_0005,trader_0006,ETH-USD,BUY,1868.76,412,2026-01-01T02:05:51Z
order_00007553,batch_0005,trader_0017,ETH-USD,BUY,1973.99,443,2026-01-01T02:05:52Z
order_00007554,batch_0005,trader_0023,ETH-USD,SELL,1804.48,528,2026-01-01T02:05:53Z
order_00007555,batch_0005,trader_0003,ETH-USD,SELL,2057.43,459,2026-01-01T02:05:54Z
order_00007556,batch_0005,trader_0006,ETH-USD,SELL,1929.95,837,2026-01-01T02:05:55Z
order_00007557,batch_0005,trader_0023,ETH-USD,SELL,2040.89,657,2026-01-01T02:05:56Z
order_00007558,batch_0005,trader_0010,ETH-USD,SELL,1800.27,624,2026-01-01T02:05:57Z
order_00007559,batch_0005,trader_0019,ETH-USD,SELL,2123.37,248,2026-01-01T02:05:58Z
order_00007560,batch_0005,trader_0020,ETH-USD,SELL,1929.38,139,2026-01-01T02:05:59Z
order_00007561,batch_0005,trader_0011,ETH-USD,BUY,1860.92,477,2026-01-01T02:06:00Z
order_00007562,batch_0005,trader_0010,ETH-USD,SELL,1998.4,857,2026-01-01T02:06:01Z
order_00007563,batch_0005,trader_0018,ETH-USD,BUY,1875.18,859,2026-01-01T02:06:02Z
order_00007564,batch_0005,trader_0011,ETH-USD,BUY,2012.88,760,2026-01-01T02:06:03Z
order_00007565,batch_0005,trader_0010,ETH-USD,BUY,2167.38,75,2026-01-01T02:06:04Z
order_00007566,batch_0005,trader_0025,ETH-USD,BUY,1843.74,452,2026-01-01T02:06:05Z
order_00007567,batch_0005,trader_0007,ETH-USD,BUY,2020.57,495,2026-01-01T02:06:06Z
order_00007568,batch_0005,trader_0019,ETH-USD,SELL,2129.19,977,2026-01-01T02:06:07Z
order_00007569,batch_0005,trader_0013,ETH-USD,SELL,1940.99,884,2026-01-01T02:06:08Z
order_00007570,batch_0005,trader_0015,ETH-USD,BUY,2013.75,96,2026-01-01T02:06:09Z
order_00007571,batch_0005,trader_0010,ETH-USD,BUY,2136.61,117,2026-01-01T02:06:10Z
order_00007572,batch_0005,trader_0021,ETH-USD,SELL,1822.43,41,2026-01-01T02:06:11Z
order_00007573,batch_0005,trader_0020,ETH-USD,BUY,1801.75,45,2026-01-01T02:06:12Z
order_00007574,batch_0005,trader_0021,ETH-USD,BUY,2037.75,277,2026-01-01T02:06:13Z
order_00007575,batch_0005,trader_0016,ETH-USD,BUY,1978.88,971,2026-01-01T02:06:14Z
order_00007576,batch_0005,trader_0021,ETH-USD,BUY,2196.97,475,2026-01-01T02:06:15Z
order_00007577,batch_0005,trader_0019,ETH-USD,BUY,2109.58,18,2026-01-01T02:06:16Z
order_00007578,batch_0005,trader_0005,ETH-USD,BUY,1840.67,127,2026-01-01T02:06:17Z
order_00007579,batch_0005,trader_0017,ETH-USD,BUY,1825.52,14,2026-01-01T02:06:18Z
order_00007580,batch_0005,trader_0009,ETH-USD,BUY,1814.45,641,2026-01-01T02:06:19Z
order_00007581,batch_0005,trader_0013,ETH-USD,BUY,2187.62,773,2026-01-01T02:06:20Z
order_00007582,batch_0005,trader_0006,ETH-USD,SELL,1937.85,616,2026-01-01T02:06:21Z
order_00007583,batch_0005,trader_0020,ETH-USD,BUY,1875.61,872,2026-01-01T02:06:22Z
order_00007584,batch_0005,trader_0001,ETH-USD,BUY,2053.6,122,2026-01-01T02:06:23Z
order_00007585,batch_0005,trader_0016,ETH-USD,BUY,1816.74,908,2026-01-01T02:06:24Z
order_00007586,batch_0005,trader_0009,ETH-USD,SELL,2176.17,21,2026-01-01T02:06:25Z
order_00007587,batch_0005,trader_0023,ETH-USD,SELL,1953.96,927,2026-01-01T02:06:26Z
order_00007588,batch_0005,trader_0019,ETH-USD,BUY,2080.7,266,2026-01-01T02:06:27Z
order_00007589,batch_0005,trader_0024,ETH-USD,BUY,1987.83,245,2026-01-01T02:06:28Z
order_00007590,batch_0005,trader_0011,ETH-USD,SELL,2078.91,26,2026-01-01T02:06:29Z
order_00007591,batch_0005,trader_0021,ETH-USD,BUY,2076.15,801,2026-01-01T02:06:30Z
order_00007592,batch_0005,trader_0022,ETH-USD,SELL,1956.41,313,2026-01-01T02:06:31Z
order_00007593,batch_0005,trader_0022,ETH-USD,SELL,2160.52,377,2026-01-01T02:06:32Z
order_00007594,batch_0005,trader_0024,ETH-USD,SELL,1902.28,508,2026-01-01T02:06:33Z
order_00007595,batch_0005,trader_0007,ETH-USD,BUY,1997.18,925,2026-01-01T02:06:34Z
order_00007596,batch_0005,trader_0012,ETH-USD,BUY,1901.26,312,2026-01-01T02:06:35Z
order_00007597,batch_0005,trader_0009,ETH-USD,BUY,2089.82,339,2026-01-01T02:06:36Z
order_00007598,batch_0005,trader_0018,ETH-USD,BUY,2158.53,440,2026-01-01T02:06:37Z
order_00007599,batch_0005,trader_0017,ETH-USD,SELL,1941.57,429,2026-01-01T02:06:38Z
order_00007600,batch_0005,trader_0017,ETH-USD,BUY,2149.03,766,2026-01-01T02:06:39Z
order_00007601,batch_0005,trader_0008,ETH-USD,BUY,2024.63,304,2026-01-01T02:06:40Z
order_00007602,batch_0005,trader_0018,ETH-USD,SELL,1941.27,950,2026-01-01T02:06:41Z
order_00007603,batch_0005,trader_0014,ETH-USD,SELL,1864.01,646,2026-01-01T02:06:42Z
order_00007604,batch_0005,trader_0013,ETH-USD,SELL,1973.67,222,2026-01-01T02:06:43Z
order_00007605,batch_0005,trader_0005,ETH-USD,SELL,1925.28,531,2026-01-01T02:06:44Z
order_00007606,batch_0005,trader_0016,ETH-USD,BUY,2124.56,679,2026-01-01T02:06:45Z
order_00007607,batch_0005,trader_0017,ETH-USD,BUY,1801.83,483,2026-01-01T02:06:46Z
order_00007608,batch_0005,trader_0025,ETH-USD,SELL,1897.48,298,2026-01-01T02:06:47Z
order_00007609,batch_0005,trader_0020,ETH-USD,SELL,2108.58,419,2026-01-01T02:06:48Z
order_00007610,batch_0005,trader_0009,ETH-USD,SELL,2131.65,673,2026-01-01T02:06:49Z
order_00007611,batch_0005,trader_0014,ETH-USD,BUY,2190.16,893,2026-01-01T02:06:50Z
order_00007612,batch_0005,trader_0018,ETH-USD,SELL,1934.89,708,2026-01-01T02:06:51Z
order_00007613,batch_0005,trader_0010,ETH-USD,BUY,2105.26,25,2026-01-01T02:06:52Z
order_00007614,batch_0005,trader_0024,ETH-USD,BUY,1944.47,62,2026-01-01T02:06:53Z
order_00007615,batch_0005,trader_0013,ETH-USD,BUY,2012.8,180,2026-01-01T02:06:54Z
order_00007616,batch_0005,trader_0002,ETH-USD,BUY,2129.09,751,2026-01-01T02:06:55Z
order_00007617,batch_0005,trader_0025,ETH-USD,BUY,1868.89,288,2026-01-01T02:06:56Z
order_00007618,batch_0005,trader_0023,ETH-USD,SELL,2026.86,201,2026-01-01T02:06:57Z
order_00007619,batch_0005,trader_0016,ETH-USD,BUY,2165.87,233,2026-01-01T02:06:58Z
order_00007620,batch_0005,trader_0011,ETH-USD,SELL,2188.84,865,2026-01-01T02:06:59Z
order_00007621,batch_0005,trader_0022,ETH-USD,BUY,2168.83,808,2026-01-01T02:07:00Z
order_00007622,batch_0005,trader_0018,ETH-USD,SELL,1801.91,703,2026-01-01T02:07:01Z
order_00007623,batch_0005,trader_0011,ETH-USD,SELL,1968.68,65,2026-01-01T02:07:02Z
order_00007624,batch_0005,trader_0002,ETH-USD,SELL,1843.98,360,2026-01-01T02:07:03Z
order_00007625,batch_0005,trader_0001,ETH-USD,SELL,2078.88,706,2026-01-01T02:07:04Z
order_00007626,batch_0005,trader_0006,ETH-USD,BUY,1809.26,352,2026-01-01T02:07:05Z
order_00007627,batch_0005,trader_0011,ETH-USD,SELL,1924.66,97,2026-01-01T02:07:06Z
order_00007628,batch_0005,trader_0015,ETH-USD,BUY,1855.71,67,2026-01-01T02:07:07Z
order_00007629,batch_0005,trader_0022,ETH-USD,SELL,2073.51,791,2026-01-01T02:07:08Z
order_00007630,batch_0005,trader_0016,ETH-USD,SELL,1889.52,845,2026-01-01T02:07:09Z
order_00007631,batch_0005,trader_0007,ETH-USD,SELL,2103.37,853,2026-01-01T02:07:10Z
order_00007632,batch_0005,trader_0004,ETH-USD,BUY,2089.95,739,2026-01-01T02:07:11Z
order_00007633,batch_0005,trader_0019,ETH-USD,BUY,2062.73,245,2026-01-01T02:07:12Z
order_00007634,batch_0005,trader_0012,ETH-USD,BUY,1866.75,890,2026-01-01T02:07:13Z
order_00007635,batch_0005,trader_0005,ETH-USD,BUY,2126.85,472,2026-01-01T02:07:14Z
order_00007636,batch_0005,trader_0006,ETH-USD,SELL,2070.26,861,2026-01-01T02:07:15Z
order_00007637,batch_0005,trader_0002,ETH-USD,SELL,1844.4,353,2026-01-01T02:07:16Z
order_00007638,batch_0005,trader_0007,ETH-USD,SELL,1889.38,508,2026-01-01T02:07:17Z
order_00007639,batch_0005,trader_0010,ETH-USD,SELL,1940.04,694,2026-01-01T02:07:18Z
order_00007640,batch_0005,trader_0025,ETH-USD,BUY,1903.82,83,2026-01-01T02:07:19Z
order_00007641,batch_0005,trader_0021,ETH-USD,BUY,2119.27,42,2026-01-01T02:07:20Z
order_00007642,batch_0005,trader_0003,ETH-USD,BUY,1929.67,238,2026-01-01T02:07:21Z
order_00007643,batch_0005,trader_0012,ETH-USD,BUY,2169.26,924,2026-01-01T02:07:22Z
order_00007644,batch_0005,trader_0008,ETH-USD,SELL,2102.32,321,2026-01-01T02:07:23Z
order_00007645,batch_0005,trader_0025,ETH-USD,SELL,1812.5,716,2026-01-01T02:07:24Z
order_00007646,batch_0005,trader_0004,ETH-USD,BUY,1874.59,486,2026-01-01T02:07:25Z
order_00007647,batch_0005,trader_0009,ETH-USD,BUY,1898.98,205,2026-01-01T02:07:26Z
order_00007648,batch_0005,trader_0003,ETH-USD,BUY,1856.16,864,2026-01-01T02:07:27Z
order_00007649,batch_0005,trader_0014,ETH-USD,SELL,1990.25,851,2026-01-01T02:07:28Z
order_00007650,batch_0005,trader_0006,ETH-USD,SELL,2147.8,781,2026-01-01T02:07:29Z
order_00007651,batch_0005,trader_0006,ETH-USD,SELL,2153.19,264,2026-01-01T02:07:30Z
order_00007652,batch_0005,trader_0017,ETH-USD,SELL,2005.48,30,2026-01-01T02:07:31Z
order_00007653,batch_0005,trader_0015,ETH-USD,BUY,2113.41,1000,2026-01-01T02:07:32Z
order_00007654,batch_0005,trader_0002,ETH-USD,BUY,2035.66,15,2026-01-01T02:07:33Z
order_00007655,batch_0005,trader_0014,ETH-USD,BUY,1833.53,240,2026-01-01T02:07:34Z
order_00007656,batch_0005,trader_0020,ETH-USD,BUY,2137.63,810,2026-01-01T02:07:35Z
order_00007657,batch_0005,trader_0024,ETH-USD,SELL,1829.5,973,2026-01-01T02:07:36Z
order_00007658,batch_0005,trader_0002,ETH-USD,BUY,1924.31,61,2026-01-01T02:07:37Z
order_00007659,batch_0005,trader_0019,ETH-USD,SELL,2046.22,739,2026-01-01T02:07:38Z
order_00007660,batch_0005,trader_0022,ETH-USD,SELL,2128.36,940,2026-01-01T02:07:39Z
order_00007661,batch_0005,trader_0022,ETH-USD,SELL,1976.29,429,2026-01-01T02:07:40Z
order_00007662,batch_0005,trader_0025,ETH-USD,SELL,1869.3,971,2026-01-01T02:07:41Z
order_00007663,batch_0005,trader_0025,ETH-USD,BUY,1891.66,801,2026-01-01T02:07:42Z
order_00007664,batch_0005,trader_0002,ETH-USD,SELL,2012.24,570,2026-01-01T02:07:43Z
order_00007665,batch_0005,trader_0003,ETH-USD,BUY,2140.08,353,2026-01-01T02:07:44Z
order_00007666,batch_0005,trader_0005,ETH-USD,SELL,1860.9,666,2026-01-01T02:07:45Z
order_00007667,batch_0005,trader_0010,ETH-USD,BUY,1896.92,836,2026-01-01T02:07:46Z
order_00007668,batch_0005,trader_0018,ETH-USD,BUY,2071.81,880,2026-01-01T02:07:47Z
order_00007669,batch_0005,trader_0008,ETH-USD,BUY,1895.02,740,2026-01-01T02:07:48Z
order_00007670,batch_0005,trader_0012,ETH-USD,BUY,1944.72,483,2026-01-01T02:07:49Z
order_00007671,batch_0005,trader_0020,ETH-USD,BUY,1873.92,478,2026-01-01T02:07:50Z
order_00007672,batch_0005,trader_0019,ETH-USD,BUY,1932.49,736,2026-01-01T02:07:51Z
order_00007673,batch_0005,trader_0007,ETH-USD,BUY,2051.48,293,2026-01-01T02:07:52Z
order_00007674,batch_0005,trader_0007,ETH-USD,SELL,2140.34,534,2026-01-01T02:07:53Z
order_00007675,batch_0005,trader_0020,ETH-USD,SELL,1974.35,255,2026-01-01T02:07:54Z
order_00007676,batch_0005,trader_0002,ETH-USD,BUY,2118.22,938,2026-01-01T02:07:55Z
order_00007677,batch_0005,trader_0019,ETH-USD,SELL,1862.71,877,2026-01-01T02:07:56Z
order_00007678,batch_0005,trader_0004,ETH-USD,BUY,2071.28,122,2026-01-01T02:07:57Z
order_00007679,batch_0005,trader_0019,ETH-USD,BUY,1858.83,418,2026-01-01T02:07:58Z
order_00007680,batch_0005,trader_0020,ETH-USD,BUY,2174.45,690,2026-01-01T02:07:59Z
order_00007681,batch_0005,trader_0011,ETH-USD,BUY,2112.9,925,2026-01-01T02:08:00Z
order_00007682,batch_0005,trader_0006,ETH-USD,SELL,1980.77,932,2026-01-01T02:08:01Z
order_00007683,batch_0005,trader_0022,ETH-USD,SELL,1970.94,863,2026-01-01T02:08:02Z
order_00007684,batch_0005,trader_0017,ETH-USD,SELL,1821.43,762,2026-01-01T02:08:03Z
order_00007685,batch_0005,trader_0006,ETH-USD,BUY,2047.42,840,2026-01-01T02:08:04Z
order_00007686,batch_0005,trader_0019,ETH-USD,BUY,1898.47,564,2026-01-01T02:08:05Z
order_00007687,batch_0005,trader_0007,ETH-USD,SELL,1928.91,806,2026-01-01T02:08:06Z
order_00007688,batch_0005,trader_0004,ETH-USD,SELL,2111.21,446,2026-01-01T02:08:07Z
order_00007689,batch_0005,trader_0017,ETH-USD,SELL,1854.76,368,2026-01-01T02:08:08Z
order_00007690,batch_0005,trader_0021,ETH-USD,SELL,1800.39,500,2026-01-01T02:08:09Z
order_00007691,batch_0005,trader_0020,ETH-USD,BUY,2037.94,871,2026-01-01T02:08:10Z
order_00007692,batch_0005,trader_0007,ETH-USD,SELL,1949.26,83,2026-01-01T02:08:11Z
order_00007693,batch_0005,trader_0001,ETH-USD,BUY,1927.12,281,2026-01-01T02:08:12Z
order_00007694,batch_0005,trader_0025,ETH-USD,SELL,1802.35,182,2026-01-01T02:08:13Z
order_00007695,batch_0005,trader_0008,ETH-USD,SELL,2122.77,761,2026-01-01T02:08:14Z
order_00007696,batch_0005,trader_0007,ETH-USD,SELL,2045.17,569,2026-01-01T02:08:15Z
order_00007697,batch_0005,trader_0002,ETH-USD,SELL,2055.18,318,2026-01-01T02:08:16Z
order_00007698,batch_0005,trader_0015,ETH-USD,BUY,2001.2,324,2026-01-01T02:08:17Z
order_00007699,batch_0005,trader_0025,ETH-USD,SELL,1895.1,49,2026-01-01T02:08:18Z
order_00007700,batch_0005,trader_0024,ETH-USD,BUY,2041.83,9,2026-01-01T02:08:19Z
order_00007701,batch_0005,trader_0023,ETH-USD,SELL,1963.23,280,2026-01-01T02:08:20Z
order_00007702,batch_0005,trader_0003,ETH-USD,BUY,1919.04,357,2026-01-01T02:08:21Z
order_00007703,batch_0005,trader_0014,ETH-USD,SELL,1858.48,741,2026-01-01T02:08:22Z
order_00007704,batch_0005,trader_0008,ETH-USD,SELL,1817.86,99,2026-01-01T02:08:23Z
order_00007705,batch_0005,trader_0006,ETH-USD,SELL,1852.86,681,2026-01-01T02:08:24Z
order_00007706,batch_0005,trader_0004,ETH-USD,BUY,2100.14,893,2026-01-01T02:08:25Z
order_00007707,batch_0005,trader_0004,ETH-USD,BUY,1950.12,288,2026-01-01T02:08:26Z
order_00007708,batch_0005,trader_0004,ETH-USD,SELL,1859.56,164,2026-01-01T02:08:27Z
order_00007709,batch_0005,trader_0012,ETH-USD,BUY,2018.76,674,2026-01-01T02:08:28Z
order_00007710,batch_0005,trader_0018,ETH-USD,SELL,1812.61,178,2026-01-01T02:08:29Z
order_00007711,batch_0005,trader_0025,ETH-USD,SELL,2092.48,702,2026-01-01T02:08:30Z
order_00007712,batch_0005,trader_0025,ETH-USD,SELL,1848.62,536,2026-01-01T02:08:31Z
order_00007713,batch_0005,trader_0001,ETH-USD,SELL,1966.13,228,2026-01-01T02:08:32Z
order_00007714,batch_0005,trader_0022,ETH-USD,BUY,2070.69,579,2026-01-01T02:08:33Z
order_00007715,batch_0005,trader_0008,ETH-USD,BUY,2080.57,961,2026-01-01T02:08:34Z
order_00007716,batch_0005,trader_0024,ETH-USD,SELL,1805.05,615,2026-01-01T02:08:35Z
order_00007717,batch_0005,trader_0016,ETH-USD,SELL,1922.5,724,2026-01-01T02:08:36Z
order_00007718,batch_0005,trader_0001,ETH-USD,BUY,1818.47,189,2026-01-01T02:08:37Z
order_00007719,batch_0005,trader_0023,ETH-USD,BUY,1902.79,83,2026-01-01T02:08:38Z
order_00007720,batch_0005,trader_0001,ETH-USD,BUY,2186.61,52,2026-01-01T02:08:39Z
order_00007721,batch_0005,trader_0018,ETH-USD,BUY,1896.58,445,2026-01-01T02:08:40Z
order_00007722,batch_0005,trader_0021,ETH-USD,BUY,1811.03,814,2026-01-01T02:08:41Z
order_00007723,batch_0005,trader_0004,ETH-USD,SELL,2042.66,859,2026-01-01T02:08:42Z
order_00007724,batch_0005,trader_0012,ETH-USD,BUY,1802.57,470,2026-01-01T02:08:43Z
order_00007725,batch_0005,trader_0019,ETH-USD,BUY,2152.86,113,2026-01-01T02:08:44Z
order_00007726,batch_0005,trader_0021,ETH-USD,SELL,1905.93,638,2026-01-01T02:08:45Z
order_00007727,batch_0005,trader_0014,ETH-USD,BUY,2173.9,266,2026-01-01T02:08:46Z
order_00007728,batch_0005,trader_0012,ETH-USD,SELL,2046.73,146,2026-01-01T02:08:47Z
order_00007729,batch_0005,trader_0006,ETH-USD,BUY,1845.95,843,2026-01-01T02:08:48Z
order_00007730,batch_0005,trader_0015,ETH-USD,BUY,1831.3,511,2026-01-01T02:08:49Z
order_00007731,batch_0005,trader_0023,ETH-USD,BUY,2124.35,701,2026-01-01T02:08:50Z
order_00007732,batch_0005,trader_0025,ETH-USD,SELL,2000.19,514,2026-01-01T02:08:51Z
order_00007733,batch_0005,trader_0012,ETH-USD,BUY,1896.21,436,2026-01-01T02:08:52Z
order_00007734,batch_0005,trader_0025,ETH-USD,BUY,2096.87,138,2026-01-01T02:08:53Z
order_00007735,batch_0005,trader_0018,ETH-USD,SELL,2110.54,946,2026-01-01T02:08:54Z
order_00007736,batch_0005,trader_0016,ETH-USD,BUY,1948.9,26,2026-01-01T02:08:55Z
order_00007737,batch_0005,trader_0017,ETH-USD,BUY,1878.24,101,2026-01-01T02:08:56Z
order_00007738,batch_0005,trader_0002,ETH-USD,BUY,2129.27,294,2026-01-01T02:08:57Z
order_00007739,batch_0005,trader_0021,ETH-USD,BUY,1886.97,144,2026-01-01T02:08:58Z
order_00007740,batch_0005,trader_0022,ETH-USD,SELL,2182.15,780,2026-01-01T02:08:59Z
order_00007741,batch_0005,trader_0013,ETH-USD,BUY,1920.77,71,2026-01-01T02:09:00Z
order_00007742,batch_0005,trader_0007,ETH-USD,SELL,1997.7,181,2026-01-01T02:09:01Z
order_00007743,batch_0005,trader_0022,ETH-USD,SELL,1918.74,1,2026-01-01T02:09:02Z
order_00007744,batch_0005,trader_0025,ETH-USD,BUY,1982.83,825,2026-01-01T02:09:03Z
order_00007745,batch_0005,trader_0022,ETH-USD,BUY,1869.65,306,2026-01-01T02:09:04Z
order_00007746,batch_0005,trader_0008,ETH-USD,BUY,1918.21,191,2026-01-01T02:09:05Z
order_00007747,batch_0005,trader_0024,ETH-USD,BUY,2196.14,407,2026-01-01T02:09:06Z
order_00007748,batch_0005,trader_0009,ETH-USD,BUY,2169.23,909,2026-01-01T02:09:07Z
order_00007749,batch_0005,trader_0011,ETH-USD,BUY,1900.1,862,2026-01-01T02:09:08Z
order_00007750,batch_0005,trader_0017,ETH-USD,BUY,1955.0,579,2026-01-01T02:09:09Z
order_00007751,batch_0005,trader_0013,ETH-USD,SELL,1808.74,950,2026-01-01T02:09:10Z
order_00007752,batch_0005,trader_0001,ETH-USD,SELL,2184.52,799,2026-01-01T02:09:11Z
order_00007753,batch_0005,trader_0022,ETH-USD,BUY,1887.96,555,2026-01-01T02:09:12Z
order_00007754,batch_0005,trader_0024,ETH-USD,SELL,1891.13,657,2026-01-01T02:09:13Z
order_00007755,batch_0005,trader_0012,ETH-USD,BUY,1831.5,864,2026-01-01T02:09:14Z
order_00007756,batch_0005,trader_0005,ETH-USD,SELL,2098.73,186,2026-01-01T02:09:15Z
order_00007757,batch_0005,trader_0020,ETH-USD,SELL,2195.13,724,2026-01-01T02:09:16Z
order_00007758,batch_0005,trader_0002,ETH-USD,BUY,1867.07,660,2026-01-01T02:09:17Z
order_00007759,batch_0005,trader_0003,ETH-USD,BUY,1889.22,613,2026-01-01T02:09:18Z
order_00007760,batch_0005,trader_0024,ETH-USD,BUY,1819.95,271,2026-01-01T02:09:19Z
order_00007761,batch_0005,trader_0003,ETH-USD,SELL,2031.6,149,2026-01-01T02:09:20Z
order_00007762,batch_0005,trader_0006,ETH-USD,SELL,1851.31,175,2026-01-01T02:09:21Z
order_00007763,batch_0005,trader_0001,ETH-USD,BUY,2007.44,128,2026-01-01T02:09:22Z
order_00007764,batch_0005,trader_0019,ETH-USD,BUY,1978.54,117,2026-01-01T02:09:23Z
order_00007765,batch_0005,trader_0002,ETH-USD,SELL,1960.19,969,2026-01-01T02:09:24Z
order_00007766,batch_0005,trader_0015,ETH-USD,SELL,1933.87,492,2026-01-01T02:09:25Z
order_00007767,batch_0005,trader_0024,ETH-USD,SELL,2116.02,747,2026-01-01T02:09:26Z
order_00007768,batch_0005,trader_0016,ETH-USD,SELL,2133.05,259,2026-01-01T02:09:27Z
order_00007769,batch_0005,trader_0020,ETH-USD,SELL,2045.72,596,2026-01-01T02:09:28Z
order_00007770,batch_0005,trader_0005,ETH-USD,SELL,1864.49,324,2026-01-01T02:09:29Z
order_00007771,batch_0005,trader_0018,ETH-USD,BUY,1844.15,128,2026-01-01T02:09:30Z
order_00007772,batch_0005,trader_0014,ETH-USD,SELL,1934.3,810,2026-01-01T02:09:31Z
order_00007773,batch_0005,trader_0020,ETH-USD,BUY,1837.97,756,2026-01-01T02:09:32Z
order_00007774,batch_0005,trader_0001,ETH-USD,SELL,2197.96,105,2026-01-01T02:09:33Z
order_00007775,batch_0005,trader_0022,ETH-USD,BUY,1884.5,505,2026-01-01T02:09:34Z
order_00007776,batch_0005,trader_0014,ETH-USD,SELL,2082.63,887,2026-01-01T02:09:35Z
order_00007777,batch_0005,trader_0007,ETH-USD,SELL,2197.26,97,2026-01-01T02:09:36Z
order_00007778,batch_0005,trader_0012,ETH-USD,SELL,2038.55,173,2026-01-01T02:09:37Z
order_00007779,batch_0005,trader_0024,ETH-USD,SELL,2127.19,460,2026-01-01T02:09:38Z
order_00007780,batch_0005,trader_0020,ETH-USD,SELL,1841.34,425,2026-01-01T02:09:39Z
order_00007781,batch_0005,trader_0018,ETH-USD,BUY,1887.17,421,2026-01-01T02:09:40Z
order_00007782,batch_0005,trader_0007,ETH-USD,SELL,2029.58,91,2026-01-01T02:09:41Z
order_00007783,batch_0005,trader_0021,ETH-USD,SELL,2084.21,707,2026-01-01T02:09:42Z
order_00007784,batch_0005,trader_0017,ETH-USD,SELL,1821.42,600,2026-01-01T02:09:43Z
order_00007785,batch_0005,trader_0004,ETH-USD,SELL,2079.08,171,2026-01-01T02:09:44Z
order_00007786,batch_0005,trader_0016,ETH-USD,SELL,2129.32,659,2026-01-01T02:09:45Z
order_00007787,batch_0005,trader_0022,ETH-USD,BUY,1939.22,506,2026-01-01T02:09:46Z
order_00007788,batch_0005,trader_0023,ETH-USD,SELL,1955.61,118,2026-01-01T02:09:47Z
order_00007789,batch_0005,trader_0008,ETH-USD,BUY,1848.21,944,2026-01-01T02:09:48Z
order_00007790,batch_0005,trader_0011,ETH-USD,BUY,2144.39,629,2026-01-01T02:09:49Z
order_00007791,batch_0005,trader_0002,ETH-USD,BUY,2101.73,38,2026-01-01T02:09:50Z
order_00007792,batch_0005,trader_0008,ETH-USD,BUY,2133.92,617,2026-01-01T02:09:51Z
order_00007793,batch_0005,trader_0024,ETH-USD,BUY,2040.55,168,2026-01-01T02:09:52Z
order_00007794,batch_0005,trader_0017,ETH-USD,BUY,2110.61,529,2026-01-01T02:09:53Z
order_00007795,batch_0005,trader_0008,ETH-USD,BUY,1968.44,712,2026-01-01T02:09:54Z
order_00007796,batch_0005,trader_0025,ETH-USD,SELL,2034.4,940,2026-01-01T02:09:55Z
order_00007797,batch_0005,trader_0009,ETH-USD,SELL,1992.73,157,2026-01-01T02:09:56Z
order_00007798,batch_0005,trader_0005,ETH-USD,SELL,2041.5,224,2026-01-01T02:09:57Z
order_00007799,batch_0005,trader_0011,ETH-USD,BUY,2110.88,330,2026-01-01T02:09:58Z
order_00007800,batch_0005,trader_0020,ETH-USD,BUY,1908.93,829,2026-01-01T02:09:59Z
order_00007801,batch_0005,trader_0003,ETH-USD,SELL,1929.07,189,2026-01-01T02:10:00Z
order_00007802,batch_0005,trader_0009,ETH-USD,SELL,2192.58,864,2026-01-01T02:10:01Z
order_00007803,batch_0005,trader_0006,ETH-USD,SELL,1968.39,889,2026-01-01T02:10:02Z
order_00007804,batch_0005,trader_0006,ETH-USD,SELL,2127.56,109,2026-01-01T02:10:03Z
order_00007805,batch_0005,trader_0004,ETH-USD,SELL,2124.44,416,2026-01-01T02:10:04Z
order_00007806,batch_0005,trader_0020,ETH-USD,SELL,1893.31,405,2026-01-01T02:10:05Z
order_00007807,batch_0005,trader_0007,ETH-USD,BUY,1839.07,265,2026-01-01T02:10:06Z
order_00007808,batch_0005,trader_0008,ETH-USD,SELL,1900.68,569,2026-01-01T02:10:07Z
order_00007809,batch_0005,trader_0002,ETH-USD,BUY,1887.05,399,2026-01-01T02:10:08Z
order_00007810,batch_0005,trader_0016,ETH-USD,SELL,2157.9,9,2026-01-01T02:10:09Z
order_00007811,batch_0005,trader_0011,ETH-USD,SELL,2064.59,534,2026-01-01T02:10:10Z
order_00007812,batch_0005,trader_0019,ETH-USD,SELL,1818.46,637,2026-01-01T02:10:11Z
order_00007813,batch_0005,trader_0019,ETH-USD,BUY,1922.34,678,2026-01-01T02:10:12Z
order_00007814,batch_0005,trader_0024,ETH-USD,SELL,2051.86,139,2026-01-01T02:10:13Z
order_00007815,batch_0005,trader_0006,ETH-USD,BUY,2044.51,768,2026-01-01T02:10:14Z
order_00007816,batch_0005,trader_0025,ETH-USD,SELL,1993.38,472,2026-01-01T02:10:15Z
order_00007817,batch_0005,trader_0025,ETH-USD,SELL,2060.34,337,2026-01-01T02:10:16Z
order_00007818,batch_0005,trader_0003,ETH-USD,SELL,1960.18,429,2026-01-01T02:10:17Z
order_00007819,batch_0005,trader_0020,ETH-USD,BUY,1886.32,212,2026-01-01T02:10:18Z
order_00007820,batch_0005,trader_0001,ETH-USD,BUY,1971.52,957,2026-01-01T02:10:19Z
order_00007821,batch_0005,trader_0022,ETH-USD,BUY,1848.41,140,2026-01-01T02:10:20Z
order_00007822,batch_0005,trader_0023,ETH-USD,BUY,2189.85,301,2026-01-01T02:10:21Z
order_00007823,batch_0005,trader_0006,ETH-USD,SELL,1853.04,313,2026-01-01T02:10:22Z
order_00007824,batch_0005,trader_0009,ETH-USD,SELL,2140.39,753,2026-01-01T02:10:23Z
order_00007825,batch_0005,trader_0024,ETH-USD,BUY,2010.08,632,2026-01-01T02:10:24Z
order_00007826,batch_0005,trader_0022,ETH-USD,BUY,1824.53,829,2026-01-01T02:10:25Z
order_00007827,batch_0005,trader_0014,ETH-USD,SELL,2093.41,190,2026-01-01T02:10:26Z
order_00007828,batch_0005,trader_0018,ETH-USD,BUY,1805.77,924,2026-01-01T02:10:27Z
order_00007829,batch_0005,trader_0009,ETH-USD,BUY,1924.0,810,2026-01-01T02:10:28Z
order_00007830,batch_0005,trader_0009,ETH-USD,BUY,2188.81,780,2026-01-01T02:10:29Z
order_00007831,batch_0005,trader_0023,ETH-USD,BUY,1812.33,685,2026-01-01T02:10:30Z
order_00007832,batch_0005,trader_0012,ETH-USD,BUY,2134.71,828,2026-01-01T02:10:31Z
order_00007833,batch_0005,trader_0014,ETH-USD,BUY,1923.06,616,2026-01-01T02:10:32Z
order_00007834,batch_0005,trader_0004,ETH-USD,BUY,2175.19,916,2026-01-01T02:10:33Z
order_00007835,batch_0005,trader_0003,ETH-USD,SELL,1970.32,528,2026-01-01T02:10:34Z
order_00007836,batch_0005,trader_0001,ETH-USD,SELL,2195.88,427,2026-01-01T02:10:35Z
order_00007837,batch_0005,trader_0010,ETH-USD,SELL,1914.0,590,2026-01-01T02:10:36Z
order_00007838,batch_0005,trader_0020,ETH-USD,BUY,2048.4,198,2026-01-01T02:10:37Z
order_00007839,batch_0005,trader_0002,ETH-USD,SELL,1877.01,919,2026-01-01T02:10:38Z
order_00007840,batch_0005,trader_0010,ETH-USD,BUY,2054.51,851,2026-01-01T02:10:39Z
order_00007841,batch_0005,trader_0020,ETH-USD,SELL,2073.75,96,2026-01-01T02:10:40Z
order_00007842,batch_0005,trader_0013,ETH-USD,BUY,2129.86,932,2026-01-01T02:10:41Z
order_00007843,batch_0005,trader_0025,ETH-USD,SELL,2160.73,684,2026-01-01T02:10:42Z
order_00007844,batch_0005,trader_0013,ETH-USD,BUY,1879.85,659,2026-01-01T02:10:43Z
order_00007845,batch_0005,trader_0019,ETH-USD,BUY,1872.5,274,2026-01-01T02:10:44Z
order_00007846,batch_0005,trader_0006,ETH-USD,SELL,1814.09,180,2026-01-01T02:10:45Z
order_00007847,batch_0005,trader_0014,ETH-USD,BUY,2084.45,392,2026-01-01T02:10:46Z
order_00007848,batch_0005,trader_0020,ETH-USD,SELL,2199.59,960,2026-01-01T02:10:47Z
order_00007849,batch_0005,trader_0008,ETH-USD,BUY,2027.94,172,2026-01-01T02:10:48Z
order_00007850,batch_0005,trader_0009,ETH-USD,BUY,1837.31,393,2026-01-01T02:10:49Z
order_00007851,batch_0005,trader_0018,ETH-USD,BUY,2050.05,67,2026-01-01T02:10:50Z
order_00007852,batch_0005,trader_0001,ETH-USD,SELL,2043.53,197,2026-01-01T02:10:51Z
order_00007853,batch_0005,trader_0010,ETH-USD,SELL,1892.2,813,2026-01-01T02:10:52Z
order_00007854,batch_0005,trader_0005,ETH-USD,BUY,2052.37,670,2026-01-01T02:10:53Z
order_00007855,batch_0005,trader_0006,ETH-USD,BUY,1969.86,388,2026-01-01T02:10:54Z
order_00007856,batch_0005,trader_0007,ETH-USD,SELL,1908.06,193,2026-01-01T02:10:55Z
order_00007857,batch_0005,trader_0018,ETH-USD,BUY,2069.82,308,2026-01-01T02:10:56Z
order_00007858,batch_0005,trader_0007,ETH-USD,SELL,1895.25,976,2026-01-01T02:10:57Z
order_00007859,batch_0005,trader_0024,ETH-USD,BUY,2175.63,105,2026-01-01T02:10:58Z
order_00007860,batch_0005,trader_0009,ETH-USD,SELL,2161.01,447,2026-01-01T02:10:59Z
order_00007861,batch_0005,trader_0012,ETH-USD,SELL,1973.86,520,2026-01-01T02:11:00Z
order_00007862,batch_0005,trader_0024,ETH-USD,SELL,1913.71,180,2026-01-01T02:11:01Z
order_00007863,batch_0005,trader_0005,ETH-USD,SELL,2177.51,393,2026-01-01T02:11:02Z
order_00007864,batch_0005,trader_0009,ETH-USD,SELL,1808.33,352,2026-01-01T02:11:03Z
order_00007865,batch_0005,trader_0019,ETH-USD,BUY,2133.15,841,2026-01-01T02:11:04Z
order_00007866,batch_0005,trader_0018,ETH-USD,SELL,2189.63,168,2026-01-01T02:11:05Z
order_00007867,batch_0005,trader_0020,ETH-USD,SELL,2009.22,959,2026-01-01T02:11:06Z
order_00007868,batch_0005,trader_0016,ETH-USD,SELL,1908.79,624,2026-01-01T02:11:07Z
order_00007869,batch_0005,trader_0019,ETH-USD,SELL,1803.3,887,2026-01-01T02:11:08Z
order_00007870,batch_0005,trader_0014,ETH-USD,BUY,2042.02,927,2026-01-01T02:11:09Z
order_00007871,batch_0005,trader_0004,ETH-USD,BUY,1929.09,215,2026-01-01T02:11:10Z
order_00007872,batch_0005,trader_0002,ETH-USD,SELL,1961.94,482,2026-01-01T02:11:11Z
order_00007873,batch_0005,trader_0017,ETH-USD,BUY,2121.03,128,2026-01-01T02:11:12Z
order_00007874,batch_0005,trader_0019,ETH-USD,BUY,2104.81,39,2026-01-01T02:11:13Z
order_00007875,batch_0005,trader_0015,ETH-USD,BUY,2020.19,140,2026-01-01T02:11:14Z
order_00007876,batch_0005,trader_0024,ETH-USD,BUY,2194.38,282,2026-01-01T02:11:15Z
order_00007877,batch_0005,trader_0013,ETH-USD,SELL,1960.79,661,2026-01-01T02:11:16Z
order_00007878,batch_0005,trader_0019,ETH-USD,SELL,1971.88,445,2026-01-01T02:11:17Z
order_00007879,batch_0005,trader_0001,ETH-USD,SELL,1903.29,594,2026-01-01T02:11:18Z
order_00007880,batch_0005,trader_0021,ETH-USD,BUY,1983.03,110,2026-01-01T02:11:19Z
order_00007881,batch_0005,trader_0014,ETH-USD,BUY,2146.61,885,2026-01-01T02:11:20Z
order_00007882,batch_0005,trader_0020,ETH-USD,SELL,2138.51,88,2026-01-01T02:11:21Z
order_00007883,batch_0005,trader_0025,ETH-USD,BUY,1832.32,85,2026-01-01T02:11:22Z
order_00007884,batch_0005,trader_0023,ETH-USD,BUY,1904.28,537,2026-01-01T02:11:23Z
order_00007885,batch_0005,trader_0013,ETH-USD,SELL,1841.05,459,2026-01-01T02:11:24Z
order_00007886,batch_0005,trader_0024,ETH-USD,BUY,1967.53,368,2026-01-01T02:11:25Z
order_00007887,batch_0005,trader_0018,ETH-USD,BUY,1935.48,669,2026-01-01T02:11:26Z
order_00007888,batch_0005,trader_0022,ETH-USD,SELL,2177.47,433,2026-01-01T02:11:27Z
order_00007889,batch_0005,trader_0009,ETH-USD,BUY,2064.87,504,2026-01-01T02:11:28Z
order_00007890,batch_0005,trader_0007,ETH-USD,SELL,2073.24,741,2026-01-01T02:11:29Z
order_00007891,batch_0005,trader_0012,ETH-USD,BUY,2187.86,213,2026-01-01T02:11:30Z
order_00007892,batch_0005,trader_0019,ETH-USD,SELL,2193.35,656,2026-01-01T02:11:31Z
order_00007893,batch_0005,trader_0009,ETH-USD,SELL,2153.18,20,2026-01-01T02:11:32Z
order_00007894,batch_0005,trader_0011,ETH-USD,BUY,1806.66,932,2026-01-01T02:11:33Z
order_00007895,batch_0005,trader_0019,ETH-USD,SELL,2142.75,419,2026-01-01T02:11:34Z
order_00007896,batch_0005,trader_0010,ETH-USD,SELL,1993.79,235,2026-01-01T02:11:35Z
order_00007897,batch_0005,trader_0009,ETH-USD,BUY,2084.77,845,2026-01-01T02:11:36Z
order_00007898,batch_0005,trader_0003,ETH-USD,SELL,2024.4,815,2026-01-01T02:11:37Z
order_00007899,batch_0005,trader_0006,ETH-USD,BUY,2014.82,720,2026-01-01T02:11:38Z
order_00007900,batch_0005,trader_0010,ETH-USD,SELL,1978.28,821,2026-01-01T02:11:39Z
order_00007901,batch_0005,trader_0002,ETH-USD,SELL,1852.02,865,2026-01-01T02:11:40Z
order_00007902,batch_0005,trader_0018,ETH-USD,SELL,2143.71,699,2026-01-01T02:11:41Z
order_00007903,batch_0005,trader_0014,ETH-USD,BUY,2199.6,723,2026-01-01T02:11:42Z
order_00007904,batch_0005,trader_0010,ETH-USD,SELL,1950.56,774,2026-01-01T02:11:43Z
order_00007905,batch_0005,trader_0014,ETH-USD,SELL,1828.54,809,2026-01-01T02:11:44Z
order_00007906,batch_0005,trader_0010,ETH-USD,SELL,2006.92,256,2026-01-01T02:11:45Z
order_00007907,batch_0005,trader_0018,ETH-USD,SELL,2099.46,777,2026-01-01T02:11:46Z
order_00007908,batch_0005,trader_0011,ETH-USD,SELL,1954.15,688,2026-01-01T02:11:47Z
order_00007909,batch_0005,trader_0003,ETH-USD,SELL,1807.58,227,2026-01-01T02:11:48Z
order_00007910,batch_0005,trader_0005,ETH-USD,BUY,2140.06,82,2026-01-01T02:11:49Z
order_00007911,batch_0005,trader_0011,ETH-USD,BUY,1950.95,592,2026-01-01T02:11:50Z
order_00007912,batch_0005,trader_0007,ETH-USD,BUY,2044.16,826,2026-01-01T02:11:51Z
order_00007913,batch_0005,trader_0017,ETH-USD,BUY,2057.08,302,2026-01-01T02:11:52Z
order_00007914,batch_0005,trader_0023,ETH-USD,SELL,2162.62,151,2026-01-01T02:11:53Z
order_00007915,batch_0005,trader_0025,ETH-USD,BUY,2009.67,359,2026-01-01T02:11:54Z
order_00007916,batch_0005,trader_0011,ETH-USD,BUY,1886.49,913,2026-01-01T02:11:55Z
order_00007917,batch_0005,trader_0024,ETH-USD,BUY,2178.14,53,2026-01-01T02:11:56Z
order_00007918,batch_0005,trader_0010,ETH-USD,BUY,1921.62,260,2026-01-01T02:11:57Z
order_00007919,batch_0005,trader_0017,ETH-USD,BUY,1903.27,610,2026-01-01T02:11:58Z
order_00007920,batch_0005,trader_0023,ETH-USD,SELL,2098.88,387,2026-01-01T02:11:59Z
order_00007921,batch_0005,trader_0022,ETH-USD,BUY,2014.89,108,2026-01-01T02:12:00Z
order_00007922,batch_0005,trader_0015,ETH-USD,SELL,1888.94,201,2026-01-01T02:12:01Z
order_00007923,batch_0005,trader_0024,ETH-USD,SELL,1990.71,91,2026-01-01T02:12:02Z
order_00007924,batch_0005,trader_0004,ETH-USD,SELL,2153.12,460,2026-01-01T02:12:03Z
order_00007925,batch_0005,trader_0012,ETH-USD,SELL,1911.98,309,2026-01-01T02:12:04Z
order_00007926,batch_0005,trader_0022,ETH-USD,BUY,1971.2,908,2026-01-01T02:12:05Z
order_00007927,batch_0005,trader_0013,ETH-USD,BUY,1955.25,140,2026-01-01T02:12:06Z
order_00007928,batch_0005,trader_0017,ETH-USD,BUY,2078.65,321,2026-01-01T02:12:07Z
order_00007929,batch_0005,trader_0020,ETH-USD,SELL,2021.71,932,2026-01-01T02:12:08Z
order_00007930,batch_0005,trader_0016,ETH-USD,BUY,1905.99,508,2026-01-01T02:12:09Z
order_00007931,batch_0005,trader_0009,ETH-USD,SELL,1949.73,880,2026-01-01T02:12:10Z
order_00007932,batch_0005,trader_0010,ETH-USD,SELL,1895.77,666,2026-01-01T02:12:11Z
order_00007933,batch_0005,trader_0019,ETH-USD,SELL,1933.71,730,2026-01-01T02:12:12Z
order_00007934,batch_0005,trader_0015,ETH-USD,BUY,1978.45,195,2026-01-01T02:12:13Z
order_00007935,batch_0005,trader_0001,ETH-USD,SELL,2130.33,900,2026-01-01T02:12:14Z
order_00007936,batch_0005,trader_0013,ETH-USD,SELL,1896.01,803,2026-01-01T02:12:15Z
order_00007937,batch_0005,trader_0001,ETH-USD,BUY,1990.13,571,2026-01-01T02:12:16Z
order_00007938,batch_0005,trader_0016,ETH-USD,BUY,1809.01,154,2026-01-01T02:12:17Z
order_00007939,batch_0005,trader_0020,ETH-USD,BUY,1832.21,364,2026-01-01T02:12:18Z
order_00007940,batch_0005,trader_0003,ETH-USD,BUY,1919.22,205,2026-01-01T02:12:19Z
order_00007941,batch_0005,trader_0021,ETH-USD,BUY,2106.61,483,2026-01-01T02:12:20Z
order_00007942,batch_0005,trader_0002,ETH-USD,SELL,2048.8,61,2026-01-01T02:12:21Z
order_00007943,batch_0005,trader_0019,ETH-USD,SELL,2087.05,659,2026-01-01T02:12:22Z
order_00007944,batch_0005,trader_0014,ETH-USD,SELL,1813.4,757,2026-01-01T02:12:23Z
order_00007945,batch_0005,trader_0005,ETH-USD,BUY,2090.39,366,2026-01-01T02:12:24Z
order_00007946,batch_0005,trader_0011,ETH-USD,BUY,2088.94,298,2026-01-01T02:12:25Z
order_00007947,batch_0005,trader_0021,ETH-USD,BUY,2120.2,982,2026-01-01T02:12:26Z
order_00007948,batch_0005,trader_0006,ETH-USD,SELL,1898.4,375,2026-01-01T02:12:27Z
order_00007949,batch_0005,trader_0014,ETH-USD,SELL,2070.73,886,2026-01-01T02:12:28Z
order_00007950,batch_0005,trader_0022,ETH-USD,BUY,2052.52,33,2026-01-01T02:12:29Z
order_00007951,batch_0005,trader_0009,ETH-USD,SELL,2183.19,883,2026-01-01T02:12:30Z
order_00007952,batch_0005,trader_0024,ETH-USD,BUY,2199.82,876,2026-01-01T02:12:31Z
order_00007953,batch_0005,trader_0010,ETH-USD,BUY,2094.24,62,2026-01-01T02:12:32Z
order_00007954,batch_0005,trader_0014,ETH-USD,SELL,2066.27,772,2026-01-01T02:12:33Z
order_00007955,batch_0005,trader_0020,ETH-USD,BUY,2075.77,615,2026-01-01T02:12:34Z
order_00007956,batch_0005,trader_0011,ETH-USD,SELL,2094.24,606,2026-01-01T02:12:35Z
order_00007957,batch_0005,trader_0022,ETH-USD,SELL,2019.05,89,2026-01-01T02:12:36Z
order_00007958,batch_0005,trader_0015,ETH-USD,SELL,1886.01,515,2026-01-01T02:12:37Z
order_00007959,batch_0005,trader_0003,ETH-USD,SELL,1960.72,284,2026-01-01T02:12:38Z
order_00007960,batch_0005,trader_0014,ETH-USD,BUY,1988.15,314,2026-01-01T02:12:39Z
order_00007961,batch_0005,trader_0021,ETH-USD,SELL,2057.13,523,2026-01-01T02:12:40Z
order_00007962,batch_0005,trader_0009,ETH-USD,BUY,2067.57,499,2026-01-01T02:12:41Z
order_00007963,batch_0005,trader_0013,ETH-USD,SELL,2033.42,751,2026-01-01T02:12:42Z
order_00007964,batch_0005,trader_0013,ETH-USD,SELL,2112.79,880,2026-01-01T02:12:43Z
order_00007965,batch_0005,trader_0001,ETH-USD,SELL,2083.27,151,2026-01-01T02:12:44Z
order_00007966,batch_0005,trader_0013,ETH-USD,SELL,1853.27,730,2026-01-01T02:12:45Z
order_00007967,batch_0005,trader_0001,ETH-USD,BUY,2034.47,615,2026-01-01T02:12:46Z
order_00007968,batch_0005,trader_0023,ETH-USD,SELL,1827.12,634,2026-01-01T02:12:47Z
order_00007969,batch_0005,trader_0001,ETH-USD,BUY,2076.66,239,2026-01-01T02:12:48Z
order_00007970,batch_0005,trader_0016,ETH-USD,SELL,2081.75,589,2026-01-01T02:12:49Z
order_00007971,batch_0005,trader_0011,ETH-USD,BUY,2142.15,293,2026-01-01T02:12:50Z
order_00007972,batch_0005,trader_0020,ETH-USD,BUY,2072.16,493,2026-01-01T02:12:51Z
order_00007973,batch_0005,trader_0003,ETH-USD,SELL,2165.85,179,2026-01-01T02:12:52Z
order_00007974,batch_0005,trader_0003,ETH-USD,BUY,1826.89,364,2026-01-01T02:12:53Z
order_00007975,batch_0005,trader_0016,ETH-USD,SELL,1812.89,386,2026-01-01T02:12:54Z
order_00007976,batch_0005,trader_0018,ETH-USD,BUY,1897.45,889,2026-01-01T02:12:55Z
order_00007977,batch_0005,trader_0024,ETH-USD,SELL,1901.33,93,2026-01-01T02:12:56Z
order_00007978,batch_0005,trader_0015,ETH-USD,SELL,1867.06,348,2026-01-01T02:12:57Z
order_00007979,batch_0005,trader_0001,ETH-USD,BUY,2131.05,310,2026-01-01T02:12:58Z
order_00007980,batch_0005,trader_0004,ETH-USD,BUY,1904.98,621,2026-01-01T02:12:59Z
order_00007981,batch_0005,trader_0022,ETH-USD,BUY,2098.52,919,2026-01-01T02:13:00Z
order_00007982,batch_0005,trader_0017,ETH-USD,BUY,1890.37,740,2026-01-01T02:13:01Z
order_00007983,batch_0005,trader_0003,ETH-USD,BUY,2135.32,232,2026-01-01T02:13:02Z
order_00007984,batch_0005,trader_0025,ETH-USD,SELL,2072.78,766,2026-01-01T02:13:03Z
order_00007985,batch_0005,trader_0016,ETH-USD,SELL,1924.04,424,2026-01-01T02:13:04Z
order_00007986,batch_0005,trader_0007,ETH-USD,BUY,1881.51,98,2026-01-01T02:13:05Z
order_00007987,batch_0005,trader_0007,ETH-USD,SELL,2002.19,79,2026-01-01T02:13:06Z
order_00007988,batch_0005,trader_0007,ETH-USD,BUY,2005.65,364,2026-01-01T02:13:07Z
order_00007989,batch_0005,trader_0025,ETH-USD,BUY,2188.2,968,2026-01-01T02:13:08Z
order_00007990,batch_0005,trader_0007,ETH-USD,BUY,1831.41,835,2026-01-01T02:13:09Z
order_00007991,batch_0005,trader_0018,ETH-USD,SELL,2010.89,959,2026-01-01T02:13:10Z
order_00007992,batch_0005,trader_0016,ETH-USD,BUY,2077.51,172,2026-01-01T02:13:11Z
order_00007993,batch_0005,trader_0020,ETH-USD,SELL,1937.49,336,2026-01-01T02:13:12Z
order_00007994,batch_0005,trader_0017,ETH-USD,SELL,2123.54,60,2026-01-01T02:13:13Z
order_00007995,batch_0005,trader_0003,ETH-USD,BUY,2070.97,908,2026-01-01T02:13:14Z
order_00007996,batch_0005,trader_0013,ETH-USD,SELL,2199.18,995,2026-01-01T02:13:15Z
order_00007997,batch_0005,trader_0004,ETH-USD,BUY,2007.53,828,2026-01-01T02:13:16Z
order_00007998,batch_0005,trader_0006,ETH-USD,BUY,2103.16,354,2026-01-01T02:13:17Z
order_00007999,batch_0005,trader_0004,ETH-USD,BUY,2176.99,211,2026-01-01T02:13:18Z
order_00008000,batch_0005,trader_0019,ETH-USD,SELL,2013.0,319,2026-01-01T02:13:19Z
order_00008001,batch_0005,trader_0002,ETH-USD,BUY,2086.59,913,2026-01-01T02:13:20Z
order_00008002,batch_0005,trader_0003,ETH-USD,SELL,2184.21,201,2026-01-01T02:13:21Z
order_00008003,batch_0005,trader_0009,ETH-USD,SELL,1954.07,887,2026-01-01T02:13:22Z
order_00008004,batch_0005,trader_0006,ETH-USD,BUY,2192.81,622,2026-01-01T02:13:23Z
order_00008005,batch_0005,trader_0020,ETH-USD,BUY,1841.12,161,2026-01-01T02:13:24Z
order_00008006,batch_0005,trader_0008,ETH-USD,SELL,1985.32,589,2026-01-01T02:13:25Z
order_00008007,batch_0005,trader_0019,ETH-USD,SELL,1820.81,868,2026-01-01T02:13:26Z
order_00008008,batch_0005,trader_0017,ETH-USD,SELL,1869.36,105,2026-01-01T02:13:27Z
order_00008009,batch_0005,trader_0010,ETH-USD,BUY,2161.84,484,2026-01-01T02:13:28Z
order_00008010,batch_0005,trader_0013,ETH-USD,BUY,1918.29,90,2026-01-01T02:13:29Z
order_00008011,batch_0005,trader_0021,ETH-USD,BUY,1833.54,256,2026-01-01T02:13:30Z
order_00008012,batch_0005,trader_0003,ETH-USD,BUY,2139.59,201,2026-01-01T02:13:31Z
order_00008013,batch_0005,trader_0010,ETH-USD,BUY,1875.92,40,2026-01-01T02:13:32Z
order_00008014,batch_0005,trader_0003,ETH-USD,BUY,1976.38,461,2026-01-01T02:13:33Z
order_00008015,batch_0005,trader_0020,ETH-USD,SELL,2157.48,103,2026-01-01T02:13:34Z
order_00008016,batch_0005,trader_0020,ETH-USD,SELL,1962.91,759,2026-01-01T02:13:35Z
order_00008017,batch_0005,trader_0011,ETH-USD,SELL,2107.22,680,2026-01-01T02:13:36Z
order_00008018,batch_0005,trader_0014,ETH-USD,BUY,2135.76,760,2026-01-01T02:13:37Z
order_00008019,batch_0005,trader_0010,ETH-USD,BUY,1922.17,820,2026-01-01T02:13:38Z
order_00008020,batch_0005,trader_0006,ETH-USD,BUY,2096.79,572,2026-01-01T02:13:39Z
order_00008021,batch_0005,trader_0020,ETH-USD,SELL,1856.54,101,2026-01-01T02:13:40Z
order_00008022,batch_0005,trader_0005,ETH-USD,SELL,1906.76,613,2026-01-01T02:13:41Z
order_00008023,batch_0005,trader_0020,ETH-USD,BUY,2073.77,315,2026-01-01T02:13:42Z
order_00008024,batch_0005,trader_0014,ETH-USD,SELL,1841.19,823,2026-01-01T02:13:43Z
order_00008025,batch_0005,trader_0013,ETH-USD,SELL,2077.91,940,2026-01-01T02:13:44Z
order_00008026,batch_0005,trader_0003,ETH-USD,SELL,2076.01,390,2026-01-01T02:13:45Z
order_00008027,batch_0005,trader_0023,ETH-USD,BUY,2101.5,917,2026-01-01T02:13:46Z
order_00008028,batch_0005,trader_0022,ETH-USD,SELL,1852.97,652,2026-01-01T02:13:47Z
order_00008029,batch_0005,trader_0013,ETH-USD,BUY,2096.02,820,2026-01-01T02:13:48Z
order_00008030,batch_0005,trader_0005,ETH-USD,SELL,2129.69,428,2026-01-01T02:13:49Z
order_00008031,batch_0005,trader_0016,ETH-USD,BUY,2053.13,86,2026-01-01T02:13:50Z
order_00008032,batch_0005,trader_0021,ETH-USD,BUY,1960.84,654,2026-01-01T02:13:51Z
order_00008033,batch_0005,trader_0025,ETH-USD,SELL,2047.31,856,2026-01-01T02:13:52Z
order_00008034,batch_0005,trader_0007,ETH-USD,BUY,1812.19,150,2026-01-01T02:13:53Z
order_00008035,batch_0005,trader_0023,ETH-USD,SELL,2029.17,509,2026-01-01T02:13:54Z
order_00008036,batch_0005,trader_0019,ETH-USD,BUY,1804.45,4,2026-01-01T02:13:55Z
order_00008037,batch_0005,trader_0021,ETH-USD,BUY,2119.86,678,2026-01-01T02:13:56Z
order_00008038,batch_0005,trader_0016,ETH-USD,SELL,2053.42,970,2026-01-01T02:13:57Z
order_00008039,batch_0005,trader_0015,ETH-USD,BUY,2020.51,136,2026-01-01T02:13:58Z
order_00008040,batch_0005,trader_0001,ETH-USD,BUY,1863.16,207,2026-01-01T02:13:59Z
order_00008041,batch_0005,trader_0009,ETH-USD,BUY,2064.4,661,2026-01-01T02:14:00Z
order_00008042,batch_0005,trader_0005,ETH-USD,SELL,1997.34,631,2026-01-01T02:14:01Z
order_00008043,batch_0005,trader_0004,ETH-USD,BUY,2022.6,196,2026-01-01T02:14:02Z
order_00008044,batch_0005,trader_0011,ETH-USD,BUY,1835.35,359,2026-01-01T02:14:03Z
order_00008045,batch_0005,trader_0011,ETH-USD,BUY,2124.56,735,2026-01-01T02:14:04Z
order_00008046,batch_0005,trader_0021,ETH-USD,SELL,2153.83,525,2026-01-01T02:14:05Z
order_00008047,batch_0005,trader_0021,ETH-USD,BUY,1858.97,953,2026-01-01T02:14:06Z
order_00008048,batch_0005,trader_0013,ETH-USD,SELL,1806.37,410,2026-01-01T02:14:07Z
order_00008049,batch_0005,trader_0006,ETH-USD,BUY,1811.47,566,2026-01-01T02:14:08Z
order_00008050,batch_0005,trader_0010,ETH-USD,BUY,2113.27,429,2026-01-01T02:14:09Z
order_00008051,batch_0005,trader_0013,ETH-USD,SELL,1980.46,270,2026-01-01T02:14:10Z
order_00008052,batch_0005,trader_0002,ETH-USD,SELL,2186.42,622,2026-01-01T02:14:11Z
order_00008053,batch_0005,trader_0003,ETH-USD,SELL,1902.87,24,2026-01-01T02:14:12Z
order_00008054,batch_0005,trader_0017,ETH-USD,SELL,2091.47,996,2026-01-01T02:14:13Z
order_00008055,batch_0005,trader_0009,ETH-USD,BUY,2185.17,402,2026-01-01T02:14:14Z
order_00008056,batch_0005,trader_0011,ETH-USD,BUY,2160.23,97,2026-01-01T02:14:15Z
order_00008057,batch_0005,trader_0005,ETH-USD,SELL,1972.57,363,2026-01-01T02:14:16Z
order_00008058,batch_0005,trader_0017,ETH-USD,BUY,1996.85,573,2026-01-01T02:14:17Z
order_00008059,batch_0005,trader_0013,ETH-USD,SELL,2091.2,454,2026-01-01T02:14:18Z
order_00008060,batch_0005,trader_0020,ETH-USD,BUY,2193.01,714,2026-01-01T02:14:19Z
order_00008061,batch_0005,trader_0013,ETH-USD,SELL,1829.63,244,2026-01-01T02:14:20Z
order_00008062,batch_0005,trader_0005,ETH-USD,SELL,1966.68,54,2026-01-01T02:14:21Z
order_00008063,batch_0005,trader_0001,ETH-USD,SELL,2137.34,142,2026-01-01T02:14:22Z
order_00008064,batch_0005,trader_0007,ETH-USD,SELL,2119.75,101,2026-01-01T02:14:23Z
order_00008065,batch_0005,trader_0016,ETH-USD,SELL,2168.84,10,2026-01-01T02:14:24Z
order_00008066,batch_0005,trader_0015,ETH-USD,SELL,2066.16,284,2026-01-01T02:14:25Z
order_00008067,batch_0005,trader_0020,ETH-USD,SELL,2101.47,82,2026-01-01T02:14:26Z
order_00008068,batch_0005,trader_0011,ETH-USD,BUY,1806.67,522,2026-01-01T02:14:27Z
order_00008069,batch_0005,trader_0017,ETH-USD,BUY,2092.11,739,2026-01-01T02:14:28Z
order_00008070,batch_0005,trader_0008,ETH-USD,SELL,1929.06,784,2026-01-01T02:14:29Z
order_00008071,batch_0005,trader_0010,ETH-USD,SELL,2087.3,974,2026-01-01T02:14:30Z
order_00008072,batch_0005,trader_0004,ETH-USD,BUY,2084.52,604,2026-01-01T02:14:31Z
order_00008073,batch_0005,trader_0002,ETH-USD,BUY,2025.34,829,2026-01-01T02:14:32Z
order_00008074,batch_0005,trader_0005,ETH-USD,SELL,1923.05,239,2026-01-01T02:14:33Z
order_00008075,batch_0005,trader_0003,ETH-USD,SELL,1943.36,603,2026-01-01T02:14:34Z
order_00008076,batch_0005,trader_0021,ETH-USD,SELL,1989.69,419,2026-01-01T02:14:35Z
order_00008077,batch_0005,trader_0008,ETH-USD,BUY,1932.55,578,2026-01-01T02:14:36Z
order_00008078,batch_0005,trader_0001,ETH-USD,BUY,1957.54,748,2026-01-01T02:14:37Z
order_00008079,batch_0005,trader_0025,ETH-USD,SELL,2145.81,262,2026-01-01T02:14:38Z
order_00008080,batch_0005,trader_0024,ETH-USD,SELL,2050.72,835,2026-01-01T02:14:39Z
order_00008081,batch_0005,trader_0013,ETH-USD,SELL,2119.87,855,2026-01-01T02:14:40Z
order_00008082,batch_0005,trader_0006,ETH-USD,SELL,2037.2,153,2026-01-01T02:14:41Z
order_00008083,batch_0005,trader_0018,ETH-USD,BUY,2175.7,680,2026-01-01T02:14:42Z
order_00008084,batch_0005,trader_0017,ETH-USD,SELL,2154.36,894,2026-01-01T02:14:43Z
order_00008085,batch_0005,trader_0001,ETH-USD,SELL,2014.61,735,2026-01-01T02:14:44Z
order_00008086,batch_0005,trader_0005,ETH-USD,SELL,2010.78,114,2026-01-01T02:14:45Z
order_00008087,batch_0005,trader_0017,ETH-USD,BUY,1816.69,215,2026-01-01T02:14:46Z
order_00008088,batch_0005,trader_0010,ETH-USD,SELL,2014.07,438,2026-01-01T02:14:47Z
order_00008089,batch_0005,trader_0014,ETH-USD,SELL,1968.96,852,2026-01-01T02:14:48Z
order_00008090,batch_0005,trader_0013,ETH-USD,SELL,1807.39,515,2026-01-01T02:14:49Z
order_00008091,batch_0005,trader_0016,ETH-USD,BUY,2020.67,821,2026-01-01T02:14:50Z
order_00008092,batch_0005,trader_0011,ETH-USD,SELL,1912.29,752,2026-01-01T02:14:51Z
order_00008093,batch_0005,trader_0003,ETH-USD,SELL,1933.89,487,2026-01-01T02:14:52Z
order_00008094,batch_0005,trader_0016,ETH-USD,BUY,1880.27,652,2026-01-01T02:14:53Z
order_00008095,batch_0005,trader_0023,ETH-USD,BUY,2073.47,353,2026-01-01T02:14:54Z
order_00008096,batch_0005,trader_0017,ETH-USD,BUY,1863.46,644,2026-01-01T02:14:55Z
order_00008097,batch_0005,trader_0023,ETH-USD,SELL,1909.82,501,2026-01-01T02:14:56Z
order_00008098,batch_0005,trader_0022,ETH-USD,BUY,1834.79,284,2026-01-01T02:14:57Z
order_00008099,batch_0005,trader_0017,ETH-USD,BUY,1916.45,652,2026-01-01T02:14:58Z
order_00008100,batch_0005,trader_0006,ETH-USD,BUY,2193.1,909,2026-01-01T02:14:59Z
order_00008101,batch_0005,trader_0024,ETH-USD,BUY,2104.25,331,2026-01-01T02:15:00Z
order_00008102,batch_0005,trader_0016,ETH-USD,SELL,2046.84,809,2026-01-01T02:15:01Z
order_00008103,batch_0005,trader_0020,ETH-USD,BUY,1889.61,343,2026-01-01T02:15:02Z
order_00008104,batch_0005,trader_0025,ETH-USD,BUY,1927.32,807,2026-01-01T02:15:03Z
order_00008105,batch_0005,trader_0004,ETH-USD,BUY,1974.33,657,2026-01-01T02:15:04Z
order_00008106,batch_0005,trader_0014,ETH-USD,SELL,2011.76,452,2026-01-01T02:15:05Z
order_00008107,batch_0005,trader_0002,ETH-USD,BUY,1803.17,740,2026-01-01T02:15:06Z
order_00008108,batch_0005,trader_0017,ETH-USD,SELL,1940.38,212,2026-01-01T02:15:07Z
order_00008109,batch_0005,trader_0013,ETH-USD,SELL,2134.03,63,2026-01-01T02:15:08Z
order_00008110,batch_0005,trader_0025,ETH-USD,SELL,1815.06,858,2026-01-01T02:15:09Z
order_00008111,batch_0005,trader_0021,ETH-USD,SELL,1990.16,590,2026-01-01T02:15:10Z
order_00008112,batch_0005,trader_0005,ETH-USD,BUY,1912.31,945,2026-01-01T02:15:11Z
order_00008113,batch_0005,trader_0024,ETH-USD,SELL,2016.58,778,2026-01-01T02:15:12Z
order_00008114,batch_0005,trader_0006,ETH-USD,BUY,2065.13,791,2026-01-01T02:15:13Z
order_00008115,batch_0005,trader_0019,ETH-USD,BUY,2021.32,421,2026-01-01T02:15:14Z
order_00008116,batch_0005,trader_0021,ETH-USD,SELL,1901.62,785,2026-01-01T02:15:15Z
order_00008117,batch_0005,trader_0021,ETH-USD,SELL,1833.13,978,2026-01-01T02:15:16Z
order_00008118,batch_0005,trader_0001,ETH-USD,SELL,1813.43,995,2026-01-01T02:15:17Z
order_00008119,batch_0005,trader_0018,ETH-USD,SELL,2164.0,202,2026-01-01T02:15:18Z
order_00008120,batch_0005,trader_0008,ETH-USD,BUY,2141.73,859,2026-01-01T02:15:19Z
order_00008121,batch_0005,trader_0017,ETH-USD,BUY,1949.89,248,2026-01-01T02:15:20Z
order_00008122,batch_0005,trader_0012,ETH-USD,BUY,1994.39,765,2026-01-01T02:15:21Z
order_00008123,batch_0005,trader_0001,ETH-USD,BUY,1966.73,280,2026-01-01T02:15:22Z
order_00008124,batch_0005,trader_0013,ETH-USD,BUY,1861.7,600,2026-01-01T02:15:23Z
order_00008125,batch_0005,trader_0009,ETH-USD,BUY,1974.97,912,2026-01-01T02:15:24Z
order_00008126,batch_0005,trader_0021,ETH-USD,SELL,2196.23,845,2026-01-01T02:15:25Z
order_00008127,batch_0005,trader_0021,ETH-USD,SELL,1854.41,508,2026-01-01T02:15:26Z
order_00008128,batch_0005,trader_0023,ETH-USD,BUY,1958.04,212,2026-01-01T02:15:27Z
order_00008129,batch_0005,trader_0003,ETH-USD,SELL,2049.62,307,2026-01-01T02:15:28Z
order_00008130,batch_0005,trader_0017,ETH-USD,BUY,1861.26,708,2026-01-01T02:15:29Z
order_00008131,batch_0005,trader_0024,ETH-USD,SELL,1963.51,358,2026-01-01T02:15:30Z
order_00008132,batch_0005,trader_0017,ETH-USD,SELL,1861.43,700,2026-01-01T02:15:31Z
order_00008133,batch_0005,trader_0003,ETH-USD,BUY,1868.28,44,2026-01-01T02:15:32Z
order_00008134,batch_0005,trader_0011,ETH-USD,SELL,1942.97,973,2026-01-01T02:15:33Z
order_00008135,batch_0005,trader_0022,ETH-USD,SELL,2113.87,871,2026-01-01T02:15:34Z
order_00008136,batch_0005,trader_0022,ETH-USD,BUY,2144.36,252,2026-01-01T02:15:35Z
order_00008137,batch_0005,trader_0018,ETH-USD,BUY,2149.9,349,2026-01-01T02:15:36Z
order_00008138,batch_0005,trader_0006,ETH-USD,BUY,1863.49,937,2026-01-01T02:15:37Z
order_00008139,batch_0005,trader_0012,ETH-USD,BUY,2176.96,223,2026-01-01T02:15:38Z
order_00008140,batch_0005,trader_0010,ETH-USD,BUY,2004.8,657,2026-01-01T02:15:39Z
order_00008141,batch_0005,trader_0020,ETH-USD,SELL,1978.32,3,2026-01-01T02:15:40Z
order_00008142,batch_0005,trader_0011,ETH-USD,SELL,2132.48,23,2026-01-01T02:15:41Z
order_00008143,batch_0005,trader_0023,ETH-USD,BUY,2157.48,801,2026-01-01T02:15:42Z
order_00008144,batch_0005,trader_0003,ETH-USD,SELL,2042.86,103,2026-01-01T02:15:43Z
order_00008145,batch_0005,trader_0005,ETH-USD,BUY,1948.13,384,2026-01-01T02:15:44Z
order_00008146,batch_0005,trader_0004,ETH-USD,SELL,1910.93,705,2026-01-01T02:15:45Z
order_00008147,batch_0005,trader_0011,ETH-USD,SELL,2112.3,619,2026-01-01T02:15:46Z
order_00008148,batch_0005,trader_0009,ETH-USD,BUY,1971.78,103,2026-01-01T02:15:47Z
order_00008149,batch_0005,trader_0022,ETH-USD,SELL,2008.01,183,2026-01-01T02:15:48Z
order_00008150,batch_0005,trader_0011,ETH-USD,SELL,2112.25,530,2026-01-01T02:15:49Z
order_00008151,batch_0005,trader_0015,ETH-USD,SELL,1908.85,488,2026-01-01T02:15:50Z
order_00008152,batch_0005,trader_0019,ETH-USD,BUY,2112.05,389,2026-01-01T02:15:51Z
order_00008153,batch_0005,trader_0011,ETH-USD,SELL,1807.5,493,2026-01-01T02:15:52Z
order_00008154,batch_0005,trader_0023,ETH-USD,BUY,1905.33,628,2026-01-01T02:15:53Z
order_00008155,batch_0005,trader_0025,ETH-USD,BUY,1922.37,856,2026-01-01T02:15:54Z
order_00008156,batch_0005,trader_0004,ETH-USD,BUY,2062.9,483,2026-01-01T02:15:55Z
order_00008157,batch_0005,trader_0006,ETH-USD,BUY,2120.28,421,2026-01-01T02:15:56Z
order_00008158,batch_0005,trader_0019,ETH-USD,SELL,1801.07,744,2026-01-01T02:15:57Z
order_00008159,batch_0005,trader_0002,ETH-USD,BUY,2143.44,628,2026-01-01T02:15:58Z
order_00008160,batch_0005,trader_0008,ETH-USD,BUY,2179.78,970,2026-01-01T02:15:59Z
order_00008161,batch_0005,trader_0012,ETH-USD,BUY,1938.31,116,2026-01-01T02:16:00Z
order_00008162,batch_0005,trader_0002,ETH-USD,SELL,1850.0,478,2026-01-01T02:16:01Z
order_00008163,batch_0005,trader_0011,ETH-USD,SELL,1849.23,113,2026-01-01T02:16:02Z
order_00008164,batch_0005,trader_0008,ETH-USD,SELL,1981.94,474,2026-01-01T02:16:03Z
order_00008165,batch_0005,trader_0008,ETH-USD,SELL,2184.38,630,2026-01-01T02:16:04Z
order_00008166,batch_0005,trader_0009,ETH-USD,SELL,2157.77,839,2026-01-01T02:16:05Z
order_00008167,batch_0005,trader_0012,ETH-USD,SELL,1853.4,496,2026-01-01T02:16:06Z
order_00008168,batch_0005,trader_0011,ETH-USD,SELL,2184.77,480,2026-01-01T02:16:07Z
order_00008169,batch_0005,trader_0009,ETH-USD,BUY,1889.3,107,2026-01-01T02:16:08Z
order_00008170,batch_0005,trader_0010,ETH-USD,SELL,2053.55,749,2026-01-01T02:16:09Z
order_00008171,batch_0005,trader_0021,ETH-USD,BUY,1931.52,547,2026-01-01T02:16:10Z
order_00008172,batch_0005,trader_0011,ETH-USD,BUY,2047.83,220,2026-01-01T02:16:11Z
order_00008173,batch_0005,trader_0012,ETH-USD,BUY,1857.83,882,2026-01-01T02:16:12Z
order_00008174,batch_0005,trader_0025,ETH-USD,SELL,2021.08,358,2026-01-01T02:16:13Z
order_00008175,batch_0005,trader_0012,ETH-USD,SELL,2114.3,597,2026-01-01T02:16:14Z
order_00008176,batch_0005,trader_0016,ETH-USD,BUY,1920.56,613,2026-01-01T02:16:15Z
order_00008177,batch_0005,trader_0014,ETH-USD,BUY,1839.09,514,2026-01-01T02:16:16Z
order_00008178,batch_0005,trader_0017,ETH-USD,BUY,2114.97,160,2026-01-01T02:16:17Z
order_00008179,batch_0005,trader_0004,ETH-USD,SELL,2051.23,269,2026-01-01T02:16:18Z
order_00008180,batch_0005,trader_0007,ETH-USD,SELL,1867.06,421,2026-01-01T02:16:19Z
order_00008181,batch_0005,trader_0021,ETH-USD,SELL,2114.84,671,2026-01-01T02:16:20Z
order_00008182,batch_0005,trader_0015,ETH-USD,BUY,1920.23,2,2026-01-01T02:16:21Z
order_00008183,batch_0005,trader_0015,ETH-USD,BUY,2122.75,411,2026-01-01T02:16:22Z
order_00008184,batch_0005,trader_0016,ETH-USD,SELL,1901.79,99,2026-01-01T02:16:23Z
order_00008185,batch_0005,trader_0023,ETH-USD,SELL,2088.15,501,2026-01-01T02:16:24Z
order_00008186,batch_0005,trader_0012,ETH-USD,BUY,1849.79,298,2026-01-01T02:16:25Z
order_00008187,batch_0005,trader_0002,ETH-USD,SELL,1936.02,586,2026-01-01T02:16:26Z
order_00008188,batch_0005,trader_0010,ETH-USD,SELL,1999.73,222,2026-01-01T02:16:27Z
order_00008189,batch_0005,trader_0004,ETH-USD,BUY,1960.97,785,2026-01-01T02:16:28Z
order_00008190,batch_0005,trader_0013,ETH-USD,BUY,2043.39,196,2026-01-01T02:16:29Z
order_00008191,batch_0005,trader_0020,ETH-USD,BUY,1984.05,80,2026-01-01T02:16:30Z
order_00008192,batch_0005,trader_0025,ETH-USD,SELL,2138.55,675,2026-01-01T02:16:31Z
order_00008193,batch_0005,trader_0013,ETH-USD,BUY,1814.11,768,2026-01-01T02:16:32Z
order_00008194,batch_0005,trader_0019,ETH-USD,BUY,2058.48,810,2026-01-01T02:16:33Z
order_00008195,batch_0005,trader_0020,ETH-USD,BUY,1972.99,557,2026-01-01T02:16:34Z
order_00008196,batch_0005,trader_0022,ETH-USD,BUY,1925.04,542,2026-01-01T02:16:35Z
order_00008197,batch_0005,trader_0004,ETH-USD,BUY,2081.45,926,2026-01-01T02:16:36Z
order_00008198,batch_0005,trader_0025,ETH-USD,SELL,2031.32,374,2026-01-01T02:16:37Z
order_00008199,batch_0005,trader_0019,ETH-USD,BUY,2108.26,563,2026-01-01T02:16:38Z
order_00008200,batch_0005,trader_0012,ETH-USD,BUY,2070.74,412,2026-01-01T02:16:39Z
order_00008201,batch_0005,trader_0008,ETH-USD,SELL,1971.37,810,2026-01-01T02:16:40Z
order_00008202,batch_0005,trader_0023,ETH-USD,BUY,2118.23,690,2026-01-01T02:16:41Z
order_00008203,batch_0005,trader_0002,ETH-USD,SELL,1818.19,418,2026-01-01T02:16:42Z
order_00008204,batch_0005,trader_0007,ETH-USD,BUY,2013.59,137,2026-01-01T02:16:43Z
order_00008205,batch_0005,trader_0008,ETH-USD,BUY,2186.82,88,2026-01-01T02:16:44Z
order_00008206,batch_0005,trader_0007,ETH-USD,SELL,1842.59,840,2026-01-01T02:16:45Z
order_00008207,batch_0005,trader_0002,ETH-USD,SELL,1908.84,77,2026-01-01T02:16:46Z
order_00008208,batch_0005,trader_0006,ETH-USD,SELL,2142.91,933,2026-01-01T02:16:47Z
order_00008209,batch_0005,trader_0008,ETH-USD,BUY,2190.23,318,2026-01-01T02:16:48Z
order_00008210,batch_0005,trader_0008,ETH-USD,BUY,2068.95,872,2026-01-01T02:16:49Z
order_00008211,batch_0005,trader_0019,ETH-USD,BUY,2108.76,730,2026-01-01T02:16:50Z
order_00008212,batch_0005,trader_0003,ETH-USD,BUY,2128.07,788,2026-01-01T02:16:51Z
order_00008213,batch_0005,trader_0001,ETH-USD,SELL,2008.06,275,2026-01-01T02:16:52Z
order_00008214,batch_0005,trader_0022,ETH-USD,BUY,2141.66,787,2026-01-01T02:16:53Z
order_00008215,batch_0005,trader_0022,ETH-USD,BUY,2165.67,53,2026-01-01T02:16:54Z
order_00008216,batch_0005,trader_0021,ETH-USD,SELL,1945.68,824,2026-01-01T02:16:55Z
order_00008217,batch_0005,trader_0005,ETH-USD,BUY,2024.29,374,2026-01-01T02:16:56Z
order_00008218,batch_0005,trader_0011,ETH-USD,BUY,2005.47,26,2026-01-01T02:16:57Z
order_00008219,batch_0005,trader_0024,ETH-USD,BUY,1966.03,686,2026-01-01T02:16:58Z
order_00008220,batch_0005,trader_0023,ETH-USD,BUY,2178.39,606,2026-01-01T02:16:59Z
order_00008221,batch_0005,trader_0017,ETH-USD,SELL,1856.6,70,2026-01-01T02:17:00Z
order_00008222,batch_0005,trader_0019,ETH-USD,SELL,1956.14,536,2026-01-01T02:17:01Z
order_00008223,batch_0005,trader_0005,ETH-USD,BUY,1850.5,830,2026-01-01T02:17:02Z
order_00008224,batch_0005,trader_0003,ETH-USD,SELL,2120.91,816,2026-01-01T02:17:03Z
order_00008225,batch_0005,trader_0006,ETH-USD,BUY,1866.56,674,2026-01-01T02:17:04Z
order_00008226,batch_0005,trader_0019,ETH-USD,SELL,2169.31,85,2026-01-01T02:17:05Z
order_00008227,batch_0005,trader_0005,ETH-USD,BUY,2018.62,658,2026-01-01T02:17:06Z
order_00008228,batch_0005,trader_0010,ETH-USD,SELL,2047.48,830,2026-01-01T02:17:07Z
order_00008229,batch_0005,trader_0015,ETH-USD,BUY,2103.51,777,2026-01-01T02:17:08Z
order_00008230,batch_0005,trader_0013,ETH-USD,SELL,2051.65,645,2026-01-01T02:17:09Z
order_00008231,batch_0005,trader_0012,ETH-USD,SELL,1885.91,717,2026-01-01T02:17:10Z
order_00008232,batch_0005,trader_0003,ETH-USD,SELL,1912.07,325,2026-01-01T02:17:11Z
order_00008233,batch_0005,trader_0023,ETH-USD,BUY,2118.92,100,2026-01-01T02:17:12Z
order_00008234,batch_0005,trader_0023,ETH-USD,SELL,2105.81,871,2026-01-01T02:17:13Z
order_00008235,batch_0005,trader_0015,ETH-USD,BUY,1952.82,219,2026-01-01T02:17:14Z
order_00008236,batch_0005,trader_0011,ETH-USD,BUY,1807.32,990,2026-01-01T02:17:15Z
order_00008237,batch_0005,trader_0021,ETH-USD,BUY,2021.05,212,2026-01-01T02:17:16Z
order_00008238,batch_0005,trader_0007,ETH-USD,SELL,2076.01,103,2026-01-01T02:17:17Z
order_00008239,batch_0005,trader_0017,ETH-USD,BUY,2088.91,975,2026-01-01T02:17:18Z
order_00008240,batch_0005,trader_0009,ETH-USD,BUY,2014.82,103,2026-01-01T02:17:19Z
order_00008241,batch_0005,trader_0013,ETH-USD,SELL,1832.11,962,2026-01-01T02:17:20Z
order_00008242,batch_0005,trader_0003,ETH-USD,SELL,1811.16,170,2026-01-01T02:17:21Z
order_00008243,batch_0005,trader_0008,ETH-USD,BUY,1897.53,535,2026-01-01T02:17:22Z
order_00008244,batch_0005,trader_0004,ETH-USD,BUY,1823.87,999,2026-01-01T02:17:23Z
order_00008245,batch_0005,trader_0007,ETH-USD,BUY,1867.59,454,2026-01-01T02:17:24Z
order_00008246,batch_0005,trader_0017,ETH-USD,SELL,1878.24,12,2026-01-01T02:17:25Z
order_00008247,batch_0005,trader_0010,ETH-USD,BUY,1957.96,797,2026-01-01T02:17:26Z
order_00008248,batch_0005,trader_0019,ETH-USD,BUY,1818.48,495,2026-01-01T02:17:27Z
order_00008249,batch_0005,trader_0016,ETH-USD,BUY,2064.56,432,2026-01-01T02:17:28Z
order_00008250,batch_0005,trader_0025,ETH-USD,BUY,2017.39,995,2026-01-01T02:17:29Z
order_00008251,batch_0005,trader_0012,ETH-USD,BUY,2096.19,148,2026-01-01T02:17:30Z
order_00008252,batch_0005,trader_0023,ETH-USD,BUY,2061.68,432,2026-01-01T02:17:31Z
order_00008253,batch_0005,trader_0004,ETH-USD,SELL,1966.41,652,2026-01-01T02:17:32Z
order_00008254,batch_0005,trader_0017,ETH-USD,BUY,1912.78,43,2026-01-01T02:17:33Z
order_00008255,batch_0005,trader_0022,ETH-USD,SELL,2024.37,405,2026-01-01T02:17:34Z
order_00008256,batch_0005,trader_0019,ETH-USD,BUY,1955.97,514,2026-01-01T02:17:35Z
order_00008257,batch_0005,trader_0022,ETH-USD,BUY,2154.42,232,2026-01-01T02:17:36Z
order_00008258,batch_0005,trader_0011,ETH-USD,BUY,1918.95,866,2026-01-01T02:17:37Z
order_00008259,batch_0005,trader_0015,ETH-USD,SELL,2045.9,263,2026-01-01T02:17:38Z
order_00008260,batch_0005,trader_0013,ETH-USD,BUY,2045.15,603,2026-01-01T02:17:39Z
order_00008261,batch_0005,trader_0025,ETH-USD,BUY,2162.48,736,2026-01-01T02:17:40Z
order_00008262,batch_0005,trader_0009,ETH-USD,BUY,1808.17,699,2026-01-01T02:17:41Z
order_00008263,batch_0005,trader_0019,ETH-USD,SELL,1813.28,583,2026-01-01T02:17:42Z
order_00008264,batch_0005,trader_0001,ETH-USD,SELL,1994.62,769,2026-01-01T02:17:43Z
order_00008265,batch_0005,trader_0022,ETH-USD,BUY,1934.52,134,2026-01-01T02:17:44Z
order_00008266,batch_0005,trader_0015,ETH-USD,SELL,2184.53,723,2026-01-01T02:17:45Z
order_00008267,batch_0005,trader_0024,ETH-USD,SELL,2020.92,127,2026-01-01T02:17:46Z
order_00008268,batch_0005,trader_0007,ETH-USD,SELL,2029.55,573,2026-01-01T02:17:47Z
order_00008269,batch_0005,trader_0013,ETH-USD,BUY,1856.88,558,2026-01-01T02:17:48Z
order_00008270,batch_0005,trader_0006,ETH-USD,BUY,1984.95,12,2026-01-01T02:17:49Z
order_00008271,batch_0005,trader_0003,ETH-USD,BUY,2168.91,341,2026-01-01T02:17:50Z
order_00008272,batch_0005,trader_0024,ETH-USD,SELL,2160.53,653,2026-01-01T02:17:51Z
order_00008273,batch_0005,trader_0006,ETH-USD,BUY,1936.37,896,2026-01-01T02:17:52Z
order_00008274,batch_0005,trader_0004,ETH-USD,BUY,1856.24,4,2026-01-01T02:17:53Z
order_00008275,batch_0005,trader_0001,ETH-USD,BUY,2171.69,753,2026-01-01T02:17:54Z
order_00008276,batch_0005,trader_0009,ETH-USD,SELL,1982.2,523,2026-01-01T02:17:55Z
order_00008277,batch_0005,trader_0020,ETH-USD,SELL,2145.94,145,2026-01-01T02:17:56Z
order_00008278,batch_0005,trader_0018,ETH-USD,BUY,2197.46,792,2026-01-01T02:17:57Z
order_00008279,batch_0005,trader_0007,ETH-USD,BUY,2131.02,516,2026-01-01T02:17:58Z
order_00008280,batch_0005,trader_0001,ETH-USD,SELL,2055.51,637,2026-01-01T02:17:59Z
order_00008281,batch_0005,trader_0011,ETH-USD,BUY,1895.73,460,2026-01-01T02:18:00Z
order_00008282,batch_0005,trader_0009,ETH-USD,SELL,1924.6,492,2026-01-01T02:18:01Z
order_00008283,batch_0005,trader_0023,ETH-USD,BUY,2108.6,223,2026-01-01T02:18:02Z
order_00008284,batch_0005,trader_0024,ETH-USD,BUY,2150.43,27,2026-01-01T02:18:03Z
order_00008285,batch_0005,trader_0025,ETH-USD,BUY,2162.94,49,2026-01-01T02:18:04Z
order_00008286,batch_0005,trader_0007,ETH-USD,BUY,2017.23,933,2026-01-01T02:18:05Z
order_00008287,batch_0005,trader_0021,ETH-USD,BUY,1947.06,339,2026-01-01T02:18:06Z
order_00008288,batch_0005,trader_0001,ETH-USD,SELL,2026.5,494,2026-01-01T02:18:07Z
order_00008289,batch_0005,trader_0020,ETH-USD,SELL,2123.21,348,2026-01-01T02:18:08Z
order_00008290,batch_0005,trader_0003,ETH-USD,BUY,2171.58,505,2026-01-01T02:18:09Z
order_00008291,batch_0005,trader_0002,ETH-USD,SELL,1810.73,717,2026-01-01T02:18:10Z
order_00008292,batch_0005,trader_0002,ETH-USD,BUY,1980.76,513,2026-01-01T02:18:11Z
order_00008293,batch_0005,trader_0009,ETH-USD,SELL,1829.49,311,2026-01-01T02:18:12Z
order_00008294,batch_0005,trader_0011,ETH-USD,SELL,1952.79,716,2026-01-01T02:18:13Z
order_00008295,batch_0005,trader_0008,ETH-USD,BUY,1901.35,402,2026-01-01T02:18:14Z
order_00008296,batch_0005,trader_0011,ETH-USD,SELL,2022.11,647,2026-01-01T02:18:15Z
order_00008297,batch_0005,trader_0009,ETH-USD,BUY,1954.07,459,2026-01-01T02:18:16Z
order_00008298,batch_0005,trader_0013,ETH-USD,BUY,1981.42,571,2026-01-01T02:18:17Z
order_00008299,batch_0005,trader_0002,ETH-USD,BUY,2066.89,887,2026-01-01T02:18:18Z
order_00008300,batch_0005,trader_0011,ETH-USD,BUY,1889.78,287,2026-01-01T02:18:19Z
order_00008301,batch_0005,trader_0019,ETH-USD,SELL,2137.12,672,2026-01-01T02:18:20Z
order_00008302,batch_0005,trader_0022,ETH-USD,SELL,2070.53,466,2026-01-01T02:18:21Z
order_00008303,batch_0005,trader_0025,ETH-USD,SELL,1832.01,863,2026-01-01T02:18:22Z
order_00008304,batch_0005,trader_0008,ETH-USD,BUY,1817.84,243,2026-01-01T02:18:23Z
order_00008305,batch_0005,trader_0024,ETH-USD,BUY,2116.5,595,2026-01-01T02:18:24Z
order_00008306,batch_0005,trader_0025,ETH-USD,SELL,1980.48,743,2026-01-01T02:18:25Z
order_00008307,batch_0005,trader_0011,ETH-USD,SELL,2192.01,918,2026-01-01T02:18:26Z
order_00008308,batch_0005,trader_0009,ETH-USD,BUY,1920.88,1,2026-01-01T02:18:27Z
order_00008309,batch_0005,trader_0010,ETH-USD,SELL,1817.28,880,2026-01-01T02:18:28Z
order_00008310,batch_0005,trader_0007,ETH-USD,SELL,2090.14,450,2026-01-01T02:18:29Z
order_00008311,batch_0005,trader_0012,ETH-USD,SELL,1837.09,555,2026-01-01T02:18:30Z
order_00008312,batch_0005,trader_0010,ETH-USD,BUY,1936.36,878,2026-01-01T02:18:31Z
order_00008313,batch_0005,trader_0025,ETH-USD,BUY,1982.01,53,2026-01-01T02:18:32Z
order_00008314,batch_0005,trader_0019,ETH-USD,SELL,2175.72,913,2026-01-01T02:18:33Z
order_00008315,batch_0005,trader_0014,ETH-USD,SELL,2121.1,307,2026-01-01T02:18:34Z
order_00008316,batch_0005,trader_0016,ETH-USD,SELL,1843.0,108,2026-01-01T02:18:35Z
order_00008317,batch_0005,trader_0010,ETH-USD,SELL,1989.06,590,2026-01-01T02:18:36Z
order_00008318,batch_0005,trader_0024,ETH-USD,SELL,1915.97,371,2026-01-01T02:18:37Z
order_00008319,batch_0005,trader_0017,ETH-USD,BUY,1984.53,350,2026-01-01T02:18:38Z
order_00008320,batch_0005,trader_0013,ETH-USD,SELL,1860.68,467,2026-01-01T02:18:39Z
order_00008321,batch_0005,trader_0011,ETH-USD,SELL,1918.42,216,2026-01-01T02:18:40Z
order_00008322,batch_0005,trader_0007,ETH-USD,BUY,1809.89,697,2026-01-01T02:18:41Z
order_00008323,batch_0005,trader_0022,ETH-USD,SELL,2002.99,624,2026-01-01T02:18:42Z
order_00008324,batch_0005,trader_0014,ETH-USD,BUY,1939.55,879,2026-01-01T02:18:43Z
order_00008325,batch_0005,trader_0019,ETH-USD,BUY,1951.58,445,2026-01-01T02:18:44Z
order_00008326,batch_0005,trader_0021,ETH-USD,SELL,2168.87,187,2026-01-01T02:18:45Z
order_00008327,batch_0005,trader_0017,ETH-USD,SELL,1827.07,418,2026-01-01T02:18:46Z
order_00008328,batch_0005,trader_0016,ETH-USD,BUY,2112.72,420,2026-01-01T02:18:47Z
order_00008329,batch_0005,trader_0015,ETH-USD,BUY,2144.92,786,2026-01-01T02:18:48Z
order_00008330,batch_0005,trader_0015,ETH-USD,SELL,2038.46,450,2026-01-01T02:18:49Z
order_00008331,batch_0005,trader_0019,ETH-USD,BUY,1882.05,670,2026-01-01T02:18:50Z
order_00008332,batch_0005,trader_0008,ETH-USD,SELL,1857.73,417,2026-01-01T02:18:51Z
order_00008333,batch_0005,trader_0024,ETH-USD,BUY,1873.5,604,2026-01-01T02:18:52Z
order_00008334,batch_0005,trader_0022,ETH-USD,SELL,1977.62,945,2026-01-01T02:18:53Z
order_00008335,batch_0005,trader_0025,ETH-USD,SELL,2178.54,57,2026-01-01T02:18:54Z
order_00008336,batch_0005,trader_0018,ETH-USD,BUY,1849.28,367,2026-01-01T02:18:55Z
order_00008337,batch_0005,trader_0002,ETH-USD,SELL,1874.97,177,2026-01-01T02:18:56Z
order_00008338,batch_0005,trader_0006,ETH-USD,BUY,2160.4,991,2026-01-01T02:18:57Z
order_00008339,batch_0005,trader_0022,ETH-USD,BUY,1892.73,168,2026-01-01T02:18:58Z
order_00008340,batch_0005,trader_0005,ETH-USD,SELL,1820.75,248,2026-01-01T02:18:59Z
order_00008341,batch_0005,trader_0009,ETH-USD,BUY,2171.63,604,2026-01-01T02:19:00Z
order_00008342,batch_0005,trader_0023,ETH-USD,BUY,2115.0,24,2026-01-01T02:19:01Z
order_00008343,batch_0005,trader_0013,ETH-USD,SELL,2139.27,855,2026-01-01T02:19:02Z
order_00008344,batch_0005,trader_0008,ETH-USD,SELL,1903.44,998,2026-01-01T02:19:03Z
order_00008345,batch_0005,trader_0012,ETH-USD,SELL,1959.53,3,2026-01-01T02:19:04Z
order_00008346,batch_0005,trader_0018,ETH-USD,SELL,1936.41,196,2026-01-01T02:19:05Z
order_00008347,batch_0005,trader_0020,ETH-USD,SELL,2111.41,331,2026-01-01T02:19:06Z
order_00008348,batch_0005,trader_0008,ETH-USD,BUY,2002.34,140,2026-01-01T02:19:07Z
order_00008349,batch_0005,trader_0013,ETH-USD,BUY,1819.42,855,2026-01-01T02:19:08Z
order_00008350,batch_0005,trader_0018,ETH-USD,SELL,1901.52,272,2026-01-01T02:19:09Z
order_00008351,batch_0005,trader_0011,ETH-USD,BUY,1991.55,545,2026-01-01T02:19:10Z
order_00008352,batch_0005,trader_0021,ETH-USD,BUY,2184.74,120,2026-01-01T02:19:11Z
order_00008353,batch_0005,trader_0001,ETH-USD,SELL,2008.11,819,2026-01-01T02:19:12Z
order_00008354,batch_0005,trader_0010,ETH-USD,BUY,1940.03,371,2026-01-01T02:19:13Z
order_00008355,batch_0005,trader_0011,ETH-USD,SELL,2120.86,543,2026-01-01T02:19:14Z
order_00008356,batch_0005,trader_0010,ETH-USD,BUY,1964.08,455,2026-01-01T02:19:15Z
order_00008357,batch_0005,trader_0001,ETH-USD,SELL,1933.21,374,2026-01-01T02:19:16Z
order_00008358,batch_0005,trader_0014,ETH-USD,BUY,2188.37,881,2026-01-01T02:19:17Z
order_00008359,batch_0005,trader_0018,ETH-USD,SELL,2184.23,653,2026-01-01T02:19:18Z
order_00008360,batch_0005,trader_0008,ETH-USD,BUY,1872.17,696,2026-01-01T02:19:19Z
order_00008361,batch_0005,trader_0004,ETH-USD,SELL,1852.02,974,2026-01-01T02:19:20Z
order_00008362,batch_0005,trader_0002,ETH-USD,BUY,2166.82,77,2026-01-01T02:19:21Z
order_00008363,batch_0005,trader_0023,ETH-USD,SELL,2048.57,96,2026-01-01T02:19:22Z
order_00008364,batch_0005,trader_0014,ETH-USD,SELL,1960.51,574,2026-01-01T02:19:23Z
order_00008365,batch_0005,trader_0019,ETH-USD,SELL,2036.75,975,2026-01-01T02:19:24Z
order_00008366,batch_0005,trader_0019,ETH-USD,SELL,2124.44,553,2026-01-01T02:19:25Z
order_00008367,batch_0005,trader_0017,ETH-USD,SELL,1863.79,496,2026-01-01T02:19:26Z
order_00008368,batch_0005,trader_0003,ETH-USD,BUY,2119.03,847,2026-01-01T02:19:27Z
order_00008369,batch_0005,trader_0019,ETH-USD,BUY,2122.23,162,2026-01-01T02:19:28Z
order_00008370,batch_0005,trader_0004,ETH-USD,BUY,1869.47,419,2026-01-01T02:19:29Z
order_00008371,batch_0005,trader_0010,ETH-USD,BUY,2030.97,683,2026-01-01T02:19:30Z
order_00008372,batch_0005,trader_0007,ETH-USD,BUY,1803.34,438,2026-01-01T02:19:31Z
order_00008373,batch_0005,trader_0001,ETH-USD,SELL,2022.68,555,2026-01-01T02:19:32Z
order_00008374,batch_0005,trader_0023,ETH-USD,BUY,1929.67,20,2026-01-01T02:19:33Z
order_00008375,batch_0005,trader_0011,ETH-USD,BUY,1995.07,540,2026-01-01T02:19:34Z
order_00008376,batch_0005,trader_0005,ETH-USD,SELL,2175.6,154,2026-01-01T02:19:35Z
order_00008377,batch_0005,trader_0025,ETH-USD,SELL,2081.32,749,2026-01-01T02:19:36Z
order_00008378,batch_0005,trader_0012,ETH-USD,BUY,2154.98,741,2026-01-01T02:19:37Z
order_00008379,batch_0005,trader_0013,ETH-USD,BUY,1908.64,970,2026-01-01T02:19:38Z
order_00008380,batch_0005,trader_0022,ETH-USD,BUY,2047.81,511,2026-01-01T02:19:39Z
order_00008381,batch_0005,trader_0009,ETH-USD,SELL,1822.22,70,2026-01-01T02:19:40Z
order_00008382,batch_0005,trader_0011,ETH-USD,BUY,2149.78,135,2026-01-01T02:19:41Z
order_00008383,batch_0005,trader_0012,ETH-USD,SELL,2111.97,19,2026-01-01T02:19:42Z
order_00008384,batch_0005,trader_0015,ETH-USD,BUY,2072.22,698,2026-01-01T02:19:43Z
order_00008385,batch_0005,trader_0008,ETH-USD,BUY,2130.09,175,2026-01-01T02:19:44Z
order_00008386,batch_0005,trader_0018,ETH-USD,SELL,1822.16,408,2026-01-01T02:19:45Z
order_00008387,batch_0005,trader_0018,ETH-USD,SELL,1916.94,350,2026-01-01T02:19:46Z
order_00008388,batch_0005,trader_0001,ETH-USD,SELL,1875.46,825,2026-01-01T02:19:47Z
order_00008389,batch_0005,trader_0016,ETH-USD,SELL,2003.08,382,2026-01-01T02:19:48Z
order_00008390,batch_0005,trader_0007,ETH-USD,BUY,2075.52,244,2026-01-01T02:19:49Z
order_00008391,batch_0005,trader_0014,ETH-USD,BUY,2057.71,725,2026-01-01T02:19:50Z
order_00008392,batch_0005,trader_0011,ETH-USD,BUY,2145.77,91,2026-01-01T02:19:51Z
order_00008393,batch_0005,trader_0005,ETH-USD,BUY,1861.41,609,2026-01-01T02:19:52Z
order_00008394,batch_0005,trader_0022,ETH-USD,BUY,1907.16,78,2026-01-01T02:19:53Z
order_00008395,batch_0005,trader_0020,ETH-USD,SELL,2081.48,513,2026-01-01T02:19:54Z
order_00008396,batch_0005,trader_0002,ETH-USD,SELL,1838.26,8,2026-01-01T02:19:55Z
order_00008397,batch_0005,trader_0020,ETH-USD,SELL,1972.91,580,2026-01-01T02:19:56Z
order_00008398,batch_0005,trader_0005,ETH-USD,SELL,1993.35,999,2026-01-01T02:19:57Z
order_00008399,batch_0005,trader_0019,ETH-USD,BUY,1940.16,133,2026-01-01T02:19:58Z
order_00008400,batch_0005,trader_0005,ETH-USD,BUY,2139.35,123,2026-01-01T02:19:59Z
order_00008401,batch_0005,trader_0008,ETH-USD,SELL,1941.13,739,2026-01-01T02:20:00Z
order_00008402,batch_0005,trader_0015,ETH-USD,BUY,2187.81,153,2026-01-01T02:20:01Z
order_00008403,batch_0005,trader_0021,ETH-USD,SELL,1907.46,852,2026-01-01T02:20:02Z
order_00008404,batch_0005,trader_0011,ETH-USD,SELL,1990.65,773,2026-01-01T02:20:03Z
order_00008405,batch_0005,trader_0011,ETH-USD,SELL,2163.8,608,2026-01-01T02:20:04Z
order_00008406,batch_0005,trader_0012,ETH-USD,SELL,2052.65,961,2026-01-01T02:20:05Z
order_00008407,batch_0005,trader_0014,ETH-USD,SELL,1849.96,831,2026-01-01T02:20:06Z
order_00008408,batch_0005,trader_0015,ETH-USD,SELL,2041.74,822,2026-01-01T02:20:07Z
order_00008409,batch_0005,trader_0001,ETH-USD,BUY,1865.95,616,2026-01-01T02:20:08Z
order_00008410,batch_0005,trader_0015,ETH-USD,SELL,1933.7,478,2026-01-01T02:20:09Z
order_00008411,batch_0005,trader_0010,ETH-USD,BUY,1844.28,880,2026-01-01T02:20:10Z
order_00008412,batch_0005,trader_0015,ETH-USD,SELL,2024.52,307,2026-01-01T02:20:11Z
order_00008413,batch_0005,trader_0013,ETH-USD,SELL,1964.82,597,2026-01-01T02:20:12Z
order_00008414,batch_0005,trader_0018,ETH-USD,BUY,1831.89,616,2026-01-01T02:20:13Z
order_00008415,batch_0005,trader_0021,ETH-USD,BUY,1871.13,72,2026-01-01T02:20:14Z
order_00008416,batch_0005,trader_0016,ETH-USD,SELL,2116.69,992,2026-01-01T02:20:15Z
order_00008417,batch_0005,trader_0021,ETH-USD,SELL,2103.89,242,2026-01-01T02:20:16Z
order_00008418,batch_0005,trader_0006,ETH-USD,BUY,1984.44,809,2026-01-01T02:20:17Z
order_00008419,batch_0005,trader_0021,ETH-USD,SELL,1918.83,265,2026-01-01T02:20:18Z
order_00008420,batch_0005,trader_0010,ETH-USD,BUY,2153.34,645,2026-01-01T02:20:19Z
order_00008421,batch_0005,trader_0006,ETH-USD,SELL,2007.56,474,2026-01-01T02:20:20Z
order_00008422,batch_0005,trader_0016,ETH-USD,SELL,1950.56,888,2026-01-01T02:20:21Z
order_00008423,batch_0005,trader_0023,ETH-USD,BUY,1962.44,926,2026-01-01T02:20:22Z
order_00008424,batch_0005,trader_0022,ETH-USD,SELL,2157.73,229,2026-01-01T02:20:23Z
order_00008425,batch_0005,trader_0019,ETH-USD,SELL,1862.68,855,2026-01-01T02:20:24Z
order_00008426,batch_0005,trader_0018,ETH-USD,BUY,1890.56,826,2026-01-01T02:20:25Z
order_00008427,batch_0005,trader_0010,ETH-USD,SELL,1918.73,657,2026-01-01T02:20:26Z
order_00008428,batch_0005,trader_0002,ETH-USD,BUY,1967.5,885,2026-01-01T02:20:27Z
order_00008429,batch_0005,trader_0010,ETH-USD,SELL,1819.94,739,2026-01-01T02:20:28Z
order_00008430,batch_0005,trader_0012,ETH-USD,BUY,1967.58,68,2026-01-01T02:20:29Z
order_00008431,batch_0005,trader_0010,ETH-USD,BUY,1966.08,490,2026-01-01T02:20:30Z
order_00008432,batch_0005,trader_0025,ETH-USD,SELL,1952.78,416,2026-01-01T02:20:31Z
order_00008433,batch_0005,trader_0012,ETH-USD,SELL,1855.37,854,2026-01-01T02:20:32Z
order_00008434,batch_0005,trader_0008,ETH-USD,BUY,2169.14,158,2026-01-01T02:20:33Z
order_00008435,batch_0005,trader_0020,ETH-USD,BUY,1892.37,614,2026-01-01T02:20:34Z
order_00008436,batch_0005,trader_0021,ETH-USD,SELL,2182.99,736,2026-01-01T02:20:35Z
order_00008437,batch_0005,trader_0011,ETH-USD,SELL,1840.1,935,2026-01-01T02:20:36Z
order_00008438,batch_0005,trader_0023,ETH-USD,BUY,1843.49,248,2026-01-01T02:20:37Z
order_00008439,batch_0005,trader_0006,ETH-USD,BUY,1873.74,472,2026-01-01T02:20:38Z
order_00008440,batch_0005,trader_0016,ETH-USD,BUY,1826.33,934,2026-01-01T02:20:39Z
order_00008441,batch_0005,trader_0001,ETH-USD,SELL,1968.44,337,2026-01-01T02:20:40Z
order_00008442,batch_0005,trader_0009,ETH-USD,SELL,1826.31,650,2026-01-01T02:20:41Z
order_00008443,batch_0005,trader_0007,ETH-USD,BUY,2118.87,626,2026-01-01T02:20:42Z
order_00008444,batch_0005,trader_0024,ETH-USD,SELL,2011.0,626,2026-01-01T02:20:43Z
order_00008445,batch_0005,trader_0006,ETH-USD,BUY,1922.47,821,2026-01-01T02:20:44Z
order_00008446,batch_0005,trader_0025,ETH-USD,SELL,1896.94,653,2026-01-01T02:20:45Z
order_00008447,batch_0005,trader_0022,ETH-USD,SELL,2046.58,331,2026-01-01T02:20:46Z
order_00008448,batch_0005,trader_0016,ETH-USD,BUY,1992.52,711,2026-01-01T02:20:47Z
order_00008449,batch_0005,trader_0008,ETH-USD,SELL,2193.18,85,2026-01-01T02:20:48Z
order_00008450,batch_0005,trader_0006,ETH-USD,SELL,2115.86,21,2026-01-01T02:20:49Z
order_00008451,batch_0005,trader_0010,ETH-USD,BUY,1865.41,935,2026-01-01T02:20:50Z
order_00008452,batch_0005,trader_0011,ETH-USD,BUY,1894.51,799,2026-01-01T02:20:51Z
order_00008453,batch_0005,trader_0020,ETH-USD,BUY,1881.12,737,2026-01-01T02:20:52Z
order_00008454,batch_0005,trader_0021,ETH-USD,SELL,1815.17,589,2026-01-01T02:20:53Z
order_00008455,batch_0005,trader_0014,ETH-USD,BUY,2136.97,308,2026-01-01T02:20:54Z
order_00008456,batch_0005,trader_0010,ETH-USD,BUY,2057.97,861,2026-01-01T02:20:55Z
order_00008457,batch_0005,trader_0024,ETH-USD,BUY,1995.56,516,2026-01-01T02:20:56Z
order_00008458,batch_0005,trader_0002,ETH-USD,SELL,1903.92,326,2026-01-01T02:20:57Z
order_00008459,batch_0005,trader_0008,ETH-USD,SELL,1870.41,291,2026-01-01T02:20:58Z
order_00008460,batch_0005,trader_0005,ETH-USD,BUY,1997.08,635,2026-01-01T02:20:59Z
order_00008461,batch_0005,trader_0014,ETH-USD,SELL,1824.47,768,2026-01-01T02:21:00Z
order_00008462,batch_0005,trader_0009,ETH-USD,BUY,2124.57,373,2026-01-01T02:21:01Z
order_00008463,batch_0005,trader_0010,ETH-USD,SELL,2048.79,231,2026-01-01T02:21:02Z
order_00008464,batch_0005,trader_0019,ETH-USD,SELL,2029.83,701,2026-01-01T02:21:03Z
order_00008465,batch_0005,trader_0024,ETH-USD,BUY,2141.47,328,2026-01-01T02:21:04Z
order_00008466,batch_0005,trader_0023,ETH-USD,SELL,2146.05,605,2026-01-01T02:21:05Z
order_00008467,batch_0005,trader_0023,ETH-USD,BUY,1987.52,526,2026-01-01T02:21:06Z
order_00008468,batch_0005,trader_0017,ETH-USD,BUY,1879.25,468,2026-01-01T02:21:07Z
order_00008469,batch_0005,trader_0016,ETH-USD,BUY,1898.51,227,2026-01-01T02:21:08Z
order_00008470,batch_0005,trader_0022,ETH-USD,BUY,1899.42,349,2026-01-01T02:21:09Z
order_00008471,batch_0005,trader_0014,ETH-USD,BUY,2194.3,186,2026-01-01T02:21:10Z
order_00008472,batch_0005,trader_0010,ETH-USD,BUY,1871.49,866,2026-01-01T02:21:11Z
order_00008473,batch_0005,trader_0021,ETH-USD,SELL,1901.4,956,2026-01-01T02:21:12Z
order_00008474,batch_0005,trader_0015,ETH-USD,SELL,1876.35,384,2026-01-01T02:21:13Z
order_00008475,batch_0005,trader_0002,ETH-USD,BUY,1892.06,248,2026-01-01T02:21:14Z
order_00008476,batch_0005,trader_0005,ETH-USD,BUY,1959.9,75,2026-01-01T02:21:15Z
order_00008477,batch_0005,trader_0001,ETH-USD,BUY,1930.66,136,2026-01-01T02:21:16Z
order_00008478,batch_0005,trader_0012,ETH-USD,BUY,1946.26,92,2026-01-01T02:21:17Z
order_00008479,batch_0005,trader_0019,ETH-USD,BUY,1999.46,880,2026-01-01T02:21:18Z
order_00008480,batch_0005,trader_0023,ETH-USD,SELL,2053.62,274,2026-01-01T02:21:19Z
order_00008481,batch_0005,trader_0021,ETH-USD,BUY,1860.93,156,2026-01-01T02:21:20Z
order_00008482,batch_0005,trader_0011,ETH-USD,SELL,1919.66,692,2026-01-01T02:21:21Z
order_00008483,batch_0005,trader_0020,ETH-USD,BUY,1831.48,73,2026-01-01T02:21:22Z
order_00008484,batch_0005,trader_0003,ETH-USD,BUY,1948.9,833,2026-01-01T02:21:23Z
order_00008485,batch_0005,trader_0002,ETH-USD,BUY,2004.28,239,2026-01-01T02:21:24Z
order_00008486,batch_0005,trader_0019,ETH-USD,SELL,2006.75,790,2026-01-01T02:21:25Z
order_00008487,batch_0005,trader_0024,ETH-USD,BUY,2128.92,256,2026-01-01T02:21:26Z
order_00008488,batch_0005,trader_0012,ETH-USD,SELL,2161.37,354,2026-01-01T02:21:27Z
order_00008489,batch_0005,trader_0010,ETH-USD,SELL,2091.69,229,2026-01-01T02:21:28Z
order_00008490,batch_0005,trader_0003,ETH-USD,SELL,2172.64,261,2026-01-01T02:21:29Z
order_00008491,batch_0005,trader_0011,ETH-USD,SELL,1988.18,896,2026-01-01T02:21:30Z
order_00008492,batch_0005,trader_0012,ETH-USD,SELL,2102.58,879,2026-01-01T02:21:31Z
order_00008493,batch_0005,trader_0013,ETH-USD,BUY,2157.65,125,2026-01-01T02:21:32Z
order_00008494,batch_0005,trader_0017,ETH-USD,BUY,1869.47,237,2026-01-01T02:21:33Z
order_00008495,batch_0005,trader_0014,ETH-USD,SELL,2192.26,135,2026-01-01T02:21:34Z
order_00008496,batch_0005,trader_0004,ETH-USD,BUY,2113.53,861,2026-01-01T02:21:35Z
order_00008497,batch_0005,trader_0003,ETH-USD,SELL,2138.15,138,2026-01-01T02:21:36Z
order_00008498,batch_0005,trader_0012,ETH-USD,SELL,2014.58,894,2026-01-01T02:21:37Z
order_00008499,batch_0005,trader_0011,ETH-USD,SELL,1973.03,734,2026-01-01T02:21:38Z
order_00008500,batch_0005,trader_0015,ETH-USD,BUY,2111.64,895,2026-01-01T02:21:39Z
order_00008501,batch_0005,trader_0010,ETH-USD,BUY,1925.06,75,2026-01-01T02:21:40Z
order_00008502,batch_0005,trader_0022,ETH-USD,BUY,2042.85,322,2026-01-01T02:21:41Z
order_00008503,batch_0005,trader_0021,ETH-USD,BUY,1943.4,829,2026-01-01T02:21:42Z
order_00008504,batch_0005,trader_0003,ETH-USD,BUY,1984.23,457,2026-01-01T02:21:43Z
order_00008505,batch_0005,trader_0014,ETH-USD,BUY,1886.31,703,2026-01-01T02:21:44Z
order_00008506,batch_0005,trader_0024,ETH-USD,BUY,2002.07,956,2026-01-01T02:21:45Z
order_00008507,batch_0005,trader_0003,ETH-USD,SELL,1843.72,39,2026-01-01T02:21:46Z
order_00008508,batch_0005,trader_0024,ETH-USD,SELL,2101.72,784,2026-01-01T02:21:47Z
order_00008509,batch_0005,trader_0020,ETH-USD,BUY,2093.07,52,2026-01-01T02:21:48Z
order_00008510,batch_0005,trader_0017,ETH-USD,BUY,2005.38,852,2026-01-01T02:21:49Z
order_00008511,batch_0005,trader_0002,ETH-USD,SELL,2037.56,551,2026-01-01T02:21:50Z
order_00008512,batch_0005,trader_0022,ETH-USD,BUY,2158.33,998,2026-01-01T02:21:51Z
order_00008513,batch_0005,trader_0017,ETH-USD,BUY,1897.23,961,2026-01-01T02:21:52Z
order_00008514,batch_0005,trader_0023,ETH-USD,BUY,2003.3,991,2026-01-01T02:21:53Z
order_00008515,batch_0005,trader_0022,ETH-USD,SELL,1835.44,361,2026-01-01T02:21:54Z
order_00008516,batch_0005,trader_0002,ETH-USD,BUY,2172.39,431,2026-01-01T02:21:55Z
order_00008517,batch_0005,trader_0019,ETH-USD,SELL,1814.07,643,2026-01-01T02:21:56Z
order_00008518,batch_0005,trader_0018,ETH-USD,BUY,2103.5,410,2026-01-01T02:21:57Z
order_00008519,batch_0005,trader_0017,ETH-USD,SELL,1991.45,390,2026-01-01T02:21:58Z
order_00008520,batch_0005,trader_0023,ETH-USD,BUY,2179.7,491,2026-01-01T02:21:59Z
order_00008521,batch_0005,trader_0021,ETH-USD,BUY,1800.71,844,2026-01-01T02:22:00Z
order_00008522,batch_0005,trader_0010,ETH-USD,SELL,2069.29,115,2026-01-01T02:22:01Z
order_00008523,batch_0005,trader_0007,ETH-USD,BUY,1877.26,648,2026-01-01T02:22:02Z
order_00008524,batch_0005,trader_0017,ETH-USD,BUY,1807.1,290,2026-01-01T02:22:03Z
order_00008525,batch_0005,trader_0001,ETH-USD,BUY,2084.77,742,2026-01-01T02:22:04Z
order_00008526,batch_0005,trader_0013,ETH-USD,SELL,1819.89,228,2026-01-01T02:22:05Z
order_00008527,batch_0005,trader_0025,ETH-USD,SELL,2153.72,976,2026-01-01T02:22:06Z
order_00008528,batch_0005,trader_0012,ETH-USD,SELL,2195.46,644,2026-01-01T02:22:07Z
order_00008529,batch_0005,trader_0010,ETH-USD,BUY,1938.67,262,2026-01-01T02:22:08Z
order_00008530,batch_0005,trader_0003,ETH-USD,SELL,1964.66,210,2026-01-01T02:22:09Z
order_00008531,batch_0005,trader_0002,ETH-USD,BUY,1905.37,493,2026-01-01T02:22:10Z
order_00008532,batch_0005,trader_0024,ETH-USD,SELL,2010.74,389,2026-01-01T02:22:11Z
order_00008533,batch_0005,trader_0018,ETH-USD,BUY,1827.35,382,2026-01-01T02:22:12Z
order_00008534,batch_0005,trader_0003,ETH-USD,BUY,2157.29,504,2026-01-01T02:22:13Z
order_00008535,batch_0005,trader_0012,ETH-USD,BUY,1972.44,363,2026-01-01T02:22:14Z
order_00008536,batch_0005,trader_0013,ETH-USD,SELL,1946.18,815,2026-01-01T02:22:15Z
order_00008537,batch_0005,trader_0025,ETH-USD,BUY,1899.58,311,2026-01-01T02:22:16Z
order_00008538,batch_0005,trader_0021,ETH-USD,BUY,2166.44,50,2026-01-01T02:22:17Z
order_00008539,batch_0005,trader_0001,ETH-USD,BUY,2172.8,603,2026-01-01T02:22:18Z
order_00008540,batch_0005,trader_0012,ETH-USD,SELL,1939.8,138,2026-01-01T02:22:19Z
order_00008541,batch_0005,trader_0008,ETH-USD,BUY,2116.4,777,2026-01-01T02:22:20Z
order_00008542,batch_0005,trader_0008,ETH-USD,SELL,1990.73,721,2026-01-01T02:22:21Z
order_00008543,batch_0005,trader_0016,ETH-USD,BUY,1839.77,205,2026-01-01T02:22:22Z
order_00008544,batch_0005,trader_0006,ETH-USD,SELL,1843.31,493,2026-01-01T02:22:23Z
order_00008545,batch_0005,trader_0018,ETH-USD,SELL,1948.47,111,2026-01-01T02:22:24Z
order_00008546,batch_0005,trader_0004,ETH-USD,BUY,1805.05,158,2026-01-01T02:22:25Z
order_00008547,batch_0005,trader_0012,ETH-USD,BUY,1823.03,681,2026-01-01T02:22:26Z
order_00008548,batch_0005,trader_0001,ETH-USD,SELL,1934.81,298,2026-01-01T02:22:27Z
order_00008549,batch_0005,trader_0002,ETH-USD,SELL,1918.31,351,2026-01-01T02:22:28Z
order_00008550,batch_0005,trader_0022,ETH-USD,SELL,2087.97,763,2026-01-01T02:22:29Z
order_00008551,batch_0005,trader_0007,ETH-USD,SELL,2020.22,941,2026-01-01T02:22:30Z
order_00008552,batch_0005,trader_0015,ETH-USD,SELL,1960.58,508,2026-01-01T02:22:31Z
order_00008553,batch_0005,trader_0010,ETH-USD,BUY,1991.32,523,2026-01-01T02:22:32Z
order_00008554,batch_0005,trader_0007,ETH-USD,BUY,1885.82,402,2026-01-01T02:22:33Z
order_00008555,batch_0005,trader_0017,ETH-USD,SELL,1912.84,791,2026-01-01T02:22:34Z
order_00008556,batch_0005,trader_0001,ETH-USD,BUY,1823.78,688,2026-01-01T02:22:35Z
order_00008557,batch_0005,trader_0006,ETH-USD,SELL,1889.36,299,2026-01-01T02:22:36Z
order_00008558,batch_0005,trader_0001,ETH-USD,SELL,2174.74,634,2026-01-01T02:22:37Z
order_00008559,batch_0005,trader_0004,ETH-USD,BUY,2085.55,998,2026-01-01T02:22:38Z
order_00008560,batch_0005,trader_0021,ETH-USD,BUY,2026.56,582,2026-01-01T02:22:39Z
order_00008561,batch_0005,trader_0013,ETH-USD,BUY,1965.32,278,2026-01-01T02:22:40Z
order_00008562,batch_0005,trader_0007,ETH-USD,BUY,1998.61,635,2026-01-01T02:22:41Z
order_00008563,batch_0005,trader_0013,ETH-USD,BUY,2042.25,535,2026-01-01T02:22:42Z
order_00008564,batch_0005,trader_0025,ETH-USD,BUY,1862.08,345,2026-01-01T02:22:43Z
order_00008565,batch_0005,trader_0006,ETH-USD,BUY,1822.27,414,2026-01-01T02:22:44Z
order_00008566,batch_0005,trader_0010,ETH-USD,BUY,1851.86,39,2026-01-01T02:22:45Z
order_00008567,batch_0005,trader_0015,ETH-USD,BUY,2097.42,392,2026-01-01T02:22:46Z
order_00008568,batch_0005,trader_0006,ETH-USD,SELL,2181.38,1000,2026-01-01T02:22:47Z
order_00008569,batch_0005,trader_0019,ETH-USD,BUY,1947.59,676,2026-01-01T02:22:48Z
order_00008570,batch_0005,trader_0017,ETH-USD,SELL,1904.96,846,2026-01-01T02:22:49Z
order_00008571,batch_0005,trader_0017,ETH-USD,SELL,2108.88,170,2026-01-01T02:22:50Z
order_00008572,batch_0005,trader_0014,ETH-USD,SELL,1934.73,13,2026-01-01T02:22:51Z
order_00008573,batch_0005,trader_0004,ETH-USD,BUY,2083.86,45,2026-01-01T02:22:52Z
order_00008574,batch_0005,trader_0016,ETH-USD,SELL,2031.65,223,2026-01-01T02:22:53Z
order_00008575,batch_0005,trader_0016,ETH-USD,SELL,2108.53,301,2026-01-01T02:22:54Z
order_00008576,batch_0005,trader_0013,ETH-USD,SELL,2033.48,35,2026-01-01T02:22:55Z
order_00008577,batch_0005,trader_0005,ETH-USD,SELL,1833.16,427,2026-01-01T02:22:56Z
order_00008578,batch_0005,trader_0018,ETH-USD,BUY,1929.18,627,2026-01-01T02:22:57Z
order_00008579,batch_0005,trader_0010,ETH-USD,SELL,2143.11,877,2026-01-01T02:22:58Z
order_00008580,batch_0005,trader_0009,ETH-USD,BUY,1857.9,16,2026-01-01T02:22:59Z
order_00008581,batch_0005,trader_0018,ETH-USD,SELL,1900.42,153,2026-01-01T02:23:00Z
order_00008582,batch_0005,trader_0008,ETH-USD,SELL,2089.67,196,2026-01-01T02:23:01Z
order_00008583,batch_0005,trader_0010,ETH-USD,SELL,1984.81,241,2026-01-01T02:23:02Z
order_00008584,batch_0005,trader_0004,ETH-USD,BUY,2177.21,232,2026-01-01T02:23:03Z
order_00008585,batch_0005,trader_0013,ETH-USD,SELL,2078.18,33,2026-01-01T02:23:04Z
order_00008586,batch_0005,trader_0004,ETH-USD,SELL,2034.86,647,2026-01-01T02:23:05Z
order_00008587,batch_0005,trader_0025,ETH-USD,SELL,1848.61,807,2026-01-01T02:23:06Z
order_00008588,batch_0005,trader_0013,ETH-USD,BUY,1963.51,588,2026-01-01T02:23:07Z
order_00008589,batch_0005,trader_0003,ETH-USD,BUY,1981.68,271,2026-01-01T02:23:08Z
order_00008590,batch_0005,trader_0004,ETH-USD,SELL,2133.32,582,2026-01-01T02:23:09Z
order_00008591,batch_0005,trader_0020,ETH-USD,SELL,2032.06,835,2026-01-01T02:23:10Z
order_00008592,batch_0005,trader_0013,ETH-USD,BUY,2138.8,323,2026-01-01T02:23:11Z
order_00008593,batch_0005,trader_0010,ETH-USD,SELL,2039.7,693,2026-01-01T02:23:12Z
order_00008594,batch_0005,trader_0022,ETH-USD,SELL,2024.08,420,2026-01-01T02:23:13Z
order_00008595,batch_0005,trader_0002,ETH-USD,SELL,1825.36,297,2026-01-01T02:23:14Z
order_00008596,batch_0005,trader_0007,ETH-USD,BUY,1912.36,81,2026-01-01T02:23:15Z
order_00008597,batch_0005,trader_0018,ETH-USD,SELL,1841.46,529,2026-01-01T02:23:16Z
order_00008598,batch_0005,trader_0011,ETH-USD,SELL,1803.88,320,2026-01-01T02:23:17Z
order_00008599,batch_0005,trader_0006,ETH-USD,SELL,2081.55,715,2026-01-01T02:23:18Z
order_00008600,batch_0005,trader_0019,ETH-USD,BUY,1977.97,119,2026-01-01T02:23:19Z
order_00008601,batch_0005,trader_0002,ETH-USD,SELL,1924.73,318,2026-01-01T02:23:20Z
order_00008602,batch_0005,trader_0024,ETH-USD,SELL,1800.55,425,2026-01-01T02:23:21Z
order_00008603,batch_0005,trader_0013,ETH-USD,BUY,2122.67,49,2026-01-01T02:23:22Z
order_00008604,batch_0005,trader_0017,ETH-USD,BUY,2064.23,304,2026-01-01T02:23:23Z
order_00008605,batch_0005,trader_0007,ETH-USD,BUY,1827.68,218,2026-01-01T02:23:24Z
order_00008606,batch_0005,trader_0025,ETH-USD,BUY,2122.9,829,2026-01-01T02:23:25Z
order_00008607,batch_0005,trader_0005,ETH-USD,SELL,1925.88,279,2026-01-01T02:23:26Z
order_00008608,batch_0005,trader_0022,ETH-USD,SELL,1983.09,157,2026-01-01T02:23:27Z
order_00008609,batch_0005,trader_0002,ETH-USD,SELL,1907.52,615,2026-01-01T02:23:28Z
order_00008610,batch_0005,trader_0007,ETH-USD,BUY,1810.93,275,2026-01-01T02:23:29Z
order_00008611,batch_0005,trader_0009,ETH-USD,SELL,1979.89,960,2026-01-01T02:23:30Z
order_00008612,batch_0005,trader_0017,ETH-USD,SELL,2045.37,595,2026-01-01T02:23:31Z
order_00008613,batch_0005,trader_0008,ETH-USD,BUY,2177.03,619,2026-01-01T02:23:32Z
order_00008614,batch_0005,trader_0024,ETH-USD,SELL,1891.5,726,2026-01-01T02:23:33Z
order_00008615,batch_0005,trader_0006,ETH-USD,SELL,1915.57,630,2026-01-01T02:23:34Z
order_00008616,batch_0005,trader_0003,ETH-USD,SELL,2185.39,415,2026-01-01T02:23:35Z
order_00008617,batch_0005,trader_0006,ETH-USD,BUY,1806.77,395,2026-01-01T02:23:36Z
order_00008618,batch_0005,trader_0008,ETH-USD,BUY,1980.37,829,2026-01-01T02:23:37Z
order_00008619,batch_0005,trader_0002,ETH-USD,SELL,2058.36,720,2026-01-01T02:23:38Z
order_00008620,batch_0005,trader_0008,ETH-USD,BUY,2179.18,948,2026-01-01T02:23:39Z
order_00008621,batch_0005,trader_0001,ETH-USD,BUY,1814.48,857,2026-01-01T02:23:40Z
order_00008622,batch_0005,trader_0011,ETH-USD,SELL,1962.42,618,2026-01-01T02:23:41Z
order_00008623,batch_0005,trader_0011,ETH-USD,BUY,1837.85,806,2026-01-01T02:23:42Z
order_00008624,batch_0005,trader_0010,ETH-USD,BUY,1955.4,39,2026-01-01T02:23:43Z
order_00008625,batch_0005,trader_0017,ETH-USD,BUY,1976.32,288,2026-01-01T02:23:44Z
order_00008626,batch_0005,trader_0018,ETH-USD,BUY,1920.13,614,2026-01-01T02:23:45Z
order_00008627,batch_0005,trader_0017,ETH-USD,BUY,2054.46,651,2026-01-01T02:23:46Z
order_00008628,batch_0005,trader_0003,ETH-USD,SELL,1900.93,521,2026-01-01T02:23:47Z
order_00008629,batch_0005,trader_0013,ETH-USD,BUY,2059.85,920,2026-01-01T02:23:48Z
order_00008630,batch_0005,trader_0015,ETH-USD,SELL,2195.29,26,2026-01-01T02:23:49Z
order_00008631,batch_0005,trader_0015,ETH-USD,SELL,2101.4,5,2026-01-01T02:23:50Z
order_00008632,batch_0005,trader_0008,ETH-USD,BUY,2106.09,979,2026-01-01T02:23:51Z
order_00008633,batch_0005,trader_0010,ETH-USD,SELL,2029.65,321,2026-01-01T02:23:52Z
order_00008634,batch_0005,trader_0002,ETH-USD,SELL,1880.8,829,2026-01-01T02:23:53Z
order_00008635,batch_0005,trader_0003,ETH-USD,BUY,1844.26,106,2026-01-01T02:23:54Z
order_00008636,batch_0005,trader_0014,ETH-USD,BUY,2081.39,588,2026-01-01T02:23:55Z
order_00008637,batch_0005,trader_0001,ETH-USD,SELL,1911.21,38,2026-01-01T02:23:56Z
order_00008638,batch_0005,trader_0010,ETH-USD,BUY,1907.22,96,2026-01-01T02:23:57Z
order_00008639,batch_0005,trader_0011,ETH-USD,BUY,2124.06,996,2026-01-01T02:23:58Z
order_00008640,batch_0005,trader_0008,ETH-USD,SELL,1979.1,434,2026-01-01T02:23:59Z
order_00008641,batch_0005,trader_0010,ETH-USD,BUY,2064.79,682,2026-01-01T02:24:00Z
order_00008642,batch_0005,trader_0023,ETH-USD,SELL,1962.86,748,2026-01-01T02:24:01Z
order_00008643,batch_0005,trader_0008,ETH-USD,SELL,2176.05,384,2026-01-01T02:24:02Z
order_00008644,batch_0005,trader_0022,ETH-USD,SELL,1992.02,112,2026-01-01T02:24:03Z
order_00008645,batch_0005,trader_0012,ETH-USD,BUY,2090.76,217,2026-01-01T02:24:04Z
order_00008646,batch_0005,trader_0025,ETH-USD,BUY,2150.57,2,2026-01-01T02:24:05Z
order_00008647,batch_0005,trader_0019,ETH-USD,BUY,2077.89,633,2026-01-01T02:24:06Z
order_00008648,batch_0005,trader_0012,ETH-USD,SELL,2050.6,394,2026-01-01T02:24:07Z
order_00008649,batch_0005,trader_0024,ETH-USD,BUY,2087.05,396,2026-01-01T02:24:08Z
order_00008650,batch_0005,trader_0008,ETH-USD,SELL,2132.59,664,2026-01-01T02:24:09Z
order_00008651,batch_0005,trader_0019,ETH-USD,BUY,1886.58,466,2026-01-01T02:24:10Z
order_00008652,batch_0005,trader_0005,ETH-USD,SELL,1971.03,782,2026-01-01T02:24:11Z
order_00008653,batch_0005,trader_0005,ETH-USD,BUY,2087.06,508,2026-01-01T02:24:12Z
order_00008654,batch_0005,trader_0018,ETH-USD,SELL,2117.11,201,2026-01-01T02:24:13Z
order_00008655,batch_0005,trader_0011,ETH-USD,SELL,2010.42,867,2026-01-01T02:24:14Z
order_00008656,batch_0005,trader_0005,ETH-USD,SELL,2134.24,250,2026-01-01T02:24:15Z
order_00008657,batch_0005,trader_0018,ETH-USD,SELL,2124.83,675,2026-01-01T02:24:16Z
order_00008658,batch_0005,trader_0003,ETH-USD,BUY,1904.31,95,2026-01-01T02:24:17Z
order_00008659,batch_0005,trader_0019,ETH-USD,SELL,1896.57,982,2026-01-01T02:24:18Z
order_00008660,batch_0005,trader_0016,ETH-USD,BUY,2157.82,128,2026-01-01T02:24:19Z
order_00008661,batch_0005,trader_0002,ETH-USD,SELL,1976.13,400,2026-01-01T02:24:20Z
order_00008662,batch_0005,trader_0021,ETH-USD,BUY,1945.54,375,2026-01-01T02:24:21Z
order_00008663,batch_0005,trader_0011,ETH-USD,BUY,1891.6,894,2026-01-01T02:24:22Z
order_00008664,batch_0005,trader_0023,ETH-USD,BUY,1847.38,129,2026-01-01T02:24:23Z
order_00008665,batch_0005,trader_0013,ETH-USD,BUY,1935.6,140,2026-01-01T02:24:24Z
order_00008666,batch_0005,trader_0007,ETH-USD,SELL,2022.92,602,2026-01-01T02:24:25Z
order_00008667,batch_0005,trader_0013,ETH-USD,SELL,2100.05,380,2026-01-01T02:24:26Z
order_00008668,batch_0005,trader_0018,ETH-USD,BUY,2127.84,214,2026-01-01T02:24:27Z
order_00008669,batch_0005,trader_0010,ETH-USD,SELL,1806.23,459,2026-01-01T02:24:28Z
order_00008670,batch_0005,trader_0012,ETH-USD,SELL,2058.36,644,2026-01-01T02:24:29Z
order_00008671,batch_0005,trader_0020,ETH-USD,BUY,2149.57,868,2026-01-01T02:24:30Z
order_00008672,batch_0005,trader_0016,ETH-USD,SELL,2064.56,257,2026-01-01T02:24:31Z
order_00008673,batch_0005,trader_0013,ETH-USD,SELL,2089.72,102,2026-01-01T02:24:32Z
order_00008674,batch_0005,trader_0005,ETH-USD,BUY,2033.28,766,2026-01-01T02:24:33Z
order_00008675,batch_0005,trader_0021,ETH-USD,BUY,2041.73,130,2026-01-01T02:24:34Z
order_00008676,batch_0005,trader_0006,ETH-USD,BUY,2048.46,25,2026-01-01T02:24:35Z
order_00008677,batch_0005,trader_0022,ETH-USD,BUY,1802.84,55,2026-01-01T02:24:36Z
order_00008678,batch_0005,trader_0004,ETH-USD,BUY,2118.51,982,2026-01-01T02:24:37Z
order_00008679,batch_0005,trader_0011,ETH-USD,SELL,1822.15,768,2026-01-01T02:24:38Z
order_00008680,batch_0005,trader_0019,ETH-USD,BUY,1828.17,426,2026-01-01T02:24:39Z
order_00008681,batch_0005,trader_0009,ETH-USD,BUY,1903.17,576,2026-01-01T02:24:40Z
order_00008682,batch_0005,trader_0017,ETH-USD,SELL,2049.39,765,2026-01-01T02:24:41Z
order_00008683,batch_0005,trader_0008,ETH-USD,BUY,1835.09,971,2026-01-01T02:24:42Z
order_00008684,batch_0005,trader_0017,ETH-USD,BUY,2095.95,689,2026-01-01T02:24:43Z
order_00008685,batch_0005,trader_0010,ETH-USD,BUY,1877.29,783,2026-01-01T02:24:44Z
order_00008686,batch_0005,trader_0020,ETH-USD,SELL,2132.88,385,2026-01-01T02:24:45Z
order_00008687,batch_0005,trader_0023,ETH-USD,BUY,2074.64,697,2026-01-01T02:24:46Z
order_00008688,batch_0005,trader_0005,ETH-USD,SELL,1961.95,874,2026-01-01T02:24:47Z
order_00008689,batch_0005,trader_0002,ETH-USD,BUY,1887.22,955,2026-01-01T02:24:48Z
order_00008690,batch_0005,trader_0016,ETH-USD,BUY,2011.69,269,2026-01-01T02:24:49Z
order_00008691,batch_0005,trader_0021,ETH-USD,SELL,2191.61,967,2026-01-01T02:24:50Z
order_00008692,batch_0005,trader_0012,ETH-USD,BUY,2142.43,423,2026-01-01T02:24:51Z
order_00008693,batch_0005,trader_0020,ETH-USD,SELL,1967.6,743,2026-01-01T02:24:52Z
order_00008694,batch_0005,trader_0017,ETH-USD,BUY,2108.84,74,2026-01-01T02:24:53Z
order_00008695,batch_0005,trader_0014,ETH-USD,SELL,1855.88,900,2026-01-01T02:24:54Z
order_00008696,batch_0005,trader_0013,ETH-USD,BUY,2010.51,84,2026-01-01T02:24:55Z
order_00008697,batch_0005,trader_0003,ETH-USD,SELL,1992.28,125,2026-01-01T02:24:56Z
order_00008698,batch_0005,trader_0008,ETH-USD,SELL,2189.9,643,2026-01-01T02:24:57Z
order_00008699,batch_0005,trader_0009,ETH-USD,SELL,1875.83,160,2026-01-01T02:24:58Z
order_00008700,batch_0005,trader_0020,ETH-USD,SELL,2051.12,707,2026-01-01T02:24:59Z
order_00008701,batch_0005,trader_0021,ETH-USD,BUY,1875.71,519,2026-01-01T02:25:00Z
order_00008702,batch_0005,trader_0015,ETH-USD,SELL,1965.53,68,2026-01-01T02:25:01Z
order_00008703,batch_0005,trader_0005,ETH-USD,BUY,2134.64,16,2026-01-01T02:25:02Z
order_00008704,batch_0005,trader_0023,ETH-USD,BUY,2066.57,592,2026-01-01T02:25:03Z
order_00008705,batch_0005,trader_0011,ETH-USD,SELL,2063.44,234,2026-01-01T02:25:04Z
order_00008706,batch_0005,trader_0021,ETH-USD,BUY,2013.46,922,2026-01-01T02:25:05Z
order_00008707,batch_0005,trader_0004,ETH-USD,SELL,1981.69,825,2026-01-01T02:25:06Z
order_00008708,batch_0005,trader_0015,ETH-USD,BUY,2041.0,910,2026-01-01T02:25:07Z
order_00008709,batch_0005,trader_0019,ETH-USD,SELL,2138.29,620,2026-01-01T02:25:08Z
order_00008710,batch_0005,trader_0006,ETH-USD,BUY,1866.17,881,2026-01-01T02:25:09Z
order_00008711,batch_0005,trader_0025,ETH-USD,BUY,2045.96,929,2026-01-01T02:25:10Z
order_00008712,batch_0005,trader_0009,ETH-USD,BUY,2073.52,309,2026-01-01T02:25:11Z
order_00008713,batch_0005,trader_0024,ETH-USD,SELL,2120.57,255,2026-01-01T02:25:12Z
order_00008714,batch_0005,trader_0018,ETH-USD,SELL,2081.39,786,2026-01-01T02:25:13Z
order_00008715,batch_0005,trader_0004,ETH-USD,BUY,2148.84,116,2026-01-01T02:25:14Z
order_00008716,batch_0005,trader_0008,ETH-USD,BUY,2188.44,802,2026-01-01T02:25:15Z
order_00008717,batch_0005,trader_0023,ETH-USD,BUY,1809.72,264,2026-01-01T02:25:16Z
order_00008718,batch_0005,trader_0016,ETH-USD,SELL,2024.77,329,2026-01-01T02:25:17Z
order_00008719,batch_0005,trader_0012,ETH-USD,BUY,1926.91,342,2026-01-01T02:25:18Z
order_00008720,batch_0005,trader_0002,ETH-USD,SELL,2112.69,676,2026-01-01T02:25:19Z
order_00008721,batch_0005,trader_0006,ETH-USD,SELL,1955.46,932,2026-01-01T02:25:20Z
order_00008722,batch_0005,trader_0020,ETH-USD,SELL,1991.56,544,2026-01-01T02:25:21Z
order_00008723,batch_0005,trader_0004,ETH-USD,BUY,1942.53,945,2026-01-01T02:25:22Z
order_00008724,batch_0005,trader_0009,ETH-USD,SELL,2085.3,17,2026-01-01T02:25:23Z
order_00008725,batch_0005,trader_0006,ETH-USD,SELL,1894.15,977,2026-01-01T02:25:24Z
order_00008726,batch_0005,trader_0013,ETH-USD,BUY,2154.53,183,2026-01-01T02:25:25Z
order_00008727,batch_0005,trader_0007,ETH-USD,BUY,1886.55,24,2026-01-01T02:25:26Z
order_00008728,batch_0005,trader_0001,ETH-USD,BUY,1828.98,305,2026-01-01T02:25:27Z
order_00008729,batch_0005,trader_0020,ETH-USD,BUY,1937.88,328,2026-01-01T02:25:28Z
order_00008730,batch_0005,trader_0025,ETH-USD,SELL,1995.88,975,2026-01-01T02:25:29Z
order_00008731,batch_0005,trader_0019,ETH-USD,BUY,2188.07,467,2026-01-01T02:25:30Z
order_00008732,batch_0005,trader_0016,ETH-USD,BUY,1943.6,851,2026-01-01T02:25:31Z
order_00008733,batch_0005,trader_0003,ETH-USD,SELL,2105.46,324,2026-01-01T02:25:32Z
order_00008734,batch_0005,trader_0009,ETH-USD,SELL,2126.45,659,2026-01-01T02:25:33Z
order_00008735,batch_0005,trader_0003,ETH-USD,SELL,2072.88,276,2026-01-01T02:25:34Z
order_00008736,batch_0005,trader_0013,ETH-USD,BUY,1886.63,692,2026-01-01T02:25:35Z
order_00008737,batch_0005,trader_0023,ETH-USD,SELL,1804.74,467,2026-01-01T02:25:36Z
order_00008738,batch_0005,trader_0013,ETH-USD,SELL,2184.52,152,2026-01-01T02:25:37Z
order_00008739,batch_0005,trader_0004,ETH-USD,SELL,2145.14,475,2026-01-01T02:25:38Z
order_00008740,batch_0005,trader_0010,ETH-USD,BUY,2179.23,374,2026-01-01T02:25:39Z
order_00008741,batch_0005,trader_0001,ETH-USD,SELL,1882.11,165,2026-01-01T02:25:40Z
order_00008742,batch_0005,trader_0013,ETH-USD,SELL,1817.18,557,2026-01-01T02:25:41Z
order_00008743,batch_0005,trader_0017,ETH-USD,SELL,2097.25,33,2026-01-01T02:25:42Z
order_00008744,batch_0005,trader_0021,ETH-USD,SELL,2185.6,592,2026-01-01T02:25:43Z
order_00008745,batch_0005,trader_0017,ETH-USD,BUY,2023.45,653,2026-01-01T02:25:44Z
order_00008746,batch_0005,trader_0006,ETH-USD,BUY,2163.65,985,2026-01-01T02:25:45Z
order_00008747,batch_0005,trader_0022,ETH-USD,SELL,2155.19,41,2026-01-01T02:25:46Z
order_00008748,batch_0005,trader_0006,ETH-USD,SELL,1881.09,538,2026-01-01T02:25:47Z
order_00008749,batch_0005,trader_0012,ETH-USD,SELL,2086.51,236,2026-01-01T02:25:48Z
order_00008750,batch_0005,trader_0005,ETH-USD,SELL,2017.91,298,2026-01-01T02:25:49Z
order_00008751,batch_0005,trader_0003,ETH-USD,BUY,1853.49,484,2026-01-01T02:25:50Z
order_00008752,batch_0005,trader_0010,ETH-USD,SELL,1809.0,866,2026-01-01T02:25:51Z
order_00008753,batch_0005,trader_0022,ETH-USD,BUY,1901.35,482,2026-01-01T02:25:52Z
order_00008754,batch_0005,trader_0016,ETH-USD,BUY,2086.59,699,2026-01-01T02:25:53Z
order_00008755,batch_0005,trader_0007,ETH-USD,SELL,2104.81,441,2026-01-01T02:25:54Z
order_00008756,batch_0005,trader_0020,ETH-USD,SELL,1826.49,335,2026-01-01T02:25:55Z
order_00008757,batch_0005,trader_0003,ETH-USD,SELL,1941.39,336,2026-01-01T02:25:56Z
order_00008758,batch_0005,trader_0012,ETH-USD,SELL,1807.33,20,2026-01-01T02:25:57Z
order_00008759,batch_0005,trader_0020,ETH-USD,SELL,2005.31,34,2026-01-01T02:25:58Z
order_00008760,batch_0005,trader_0023,ETH-USD,BUY,2107.43,551,2026-01-01T02:25:59Z
order_00008761,batch_0005,trader_0007,ETH-USD,BUY,2150.85,440,2026-01-01T02:26:00Z
order_00008762,batch_0005,trader_0001,ETH-USD,SELL,1883.92,14,2026-01-01T02:26:01Z
order_00008763,batch_0005,trader_0011,ETH-USD,SELL,1851.6,138,2026-01-01T02:26:02Z
order_00008764,batch_0005,trader_0008,ETH-USD,BUY,2061.68,764,2026-01-01T02:26:03Z
order_00008765,batch_0005,trader_0009,ETH-USD,BUY,1876.16,927,2026-01-01T02:26:04Z
order_00008766,batch_0005,trader_0009,ETH-USD,SELL,2127.71,899,2026-01-01T02:26:05Z
order_00008767,batch_0005,trader_0007,ETH-USD,BUY,1932.36,468,2026-01-01T02:26:06Z
order_00008768,batch_0005,trader_0005,ETH-USD,SELL,2107.01,446,2026-01-01T02:26:07Z
order_00008769,batch_0005,trader_0020,ETH-USD,SELL,1812.05,574,2026-01-01T02:26:08Z
order_00008770,batch_0005,trader_0008,ETH-USD,BUY,2083.79,426,2026-01-01T02:26:09Z
order_00008771,batch_0005,trader_0014,ETH-USD,BUY,2159.94,861,2026-01-01T02:26:10Z
order_00008772,batch_0005,trader_0024,ETH-USD,SELL,2023.26,857,2026-01-01T02:26:11Z
order_00008773,batch_0005,trader_0001,ETH-USD,SELL,1899.49,10,2026-01-01T02:26:12Z
order_00008774,batch_0005,trader_0003,ETH-USD,BUY,2163.95,286,2026-01-01T02:26:13Z
order_00008775,batch_0005,trader_0013,ETH-USD,SELL,1839.84,399,2026-01-01T02:26:14Z
order_00008776,batch_0005,trader_0022,ETH-USD,BUY,1801.71,476,2026-01-01T02:26:15Z
order_00008777,batch_0005,trader_0011,ETH-USD,SELL,2115.51,298,2026-01-01T02:26:16Z
order_00008778,batch_0005,trader_0021,ETH-USD,SELL,1931.68,103,2026-01-01T02:26:17Z
order_00008779,batch_0005,trader_0019,ETH-USD,BUY,1919.73,417,2026-01-01T02:26:18Z
order_00008780,batch_0005,trader_0017,ETH-USD,SELL,2077.32,851,2026-01-01T02:26:19Z
order_00008781,batch_0005,trader_0004,ETH-USD,BUY,1918.29,133,2026-01-01T02:26:20Z
order_00008782,batch_0005,trader_0021,ETH-USD,BUY,2127.25,326,2026-01-01T02:26:21Z
order_00008783,batch_0005,trader_0019,ETH-USD,SELL,1963.18,826,2026-01-01T02:26:22Z
order_00008784,batch_0005,trader_0024,ETH-USD,SELL,1839.49,426,2026-01-01T02:26:23Z
order_00008785,batch_0005,trader_0006,ETH-USD,SELL,1931.96,126,2026-01-01T02:26:24Z
order_00008786,batch_0005,trader_0008,ETH-USD,SELL,1863.92,382,2026-01-01T02:26:25Z
order_00008787,batch_0005,trader_0018,ETH-USD,SELL,2064.26,137,2026-01-01T02:26:26Z
order_00008788,batch_0005,trader_0018,ETH-USD,SELL,2001.29,333,2026-01-01T02:26:27Z
order_00008789,batch_0005,trader_0021,ETH-USD,BUY,2059.17,467,2026-01-01T02:26:28Z
order_00008790,batch_0005,trader_0024,ETH-USD,BUY,2168.49,359,2026-01-01T02:26:29Z
order_00008791,batch_0005,trader_0010,ETH-USD,BUY,2140.33,717,2026-01-01T02:26:30Z
order_00008792,batch_0005,trader_0011,ETH-USD,BUY,1869.74,415,2026-01-01T02:26:31Z
order_00008793,batch_0005,trader_0012,ETH-USD,SELL,1879.39,693,2026-01-01T02:26:32Z
order_00008794,batch_0005,trader_0011,ETH-USD,BUY,1834.78,110,2026-01-01T02:26:33Z
order_00008795,batch_0005,trader_0017,ETH-USD,SELL,1929.85,837,2026-01-01T02:26:34Z
order_00008796,batch_0005,trader_0015,ETH-USD,SELL,1872.63,855,2026-01-01T02:26:35Z
order_00008797,batch_0005,trader_0013,ETH-USD,SELL,2015.32,566,2026-01-01T02:26:36Z
order_00008798,batch_0005,trader_0009,ETH-USD,BUY,2193.27,85,2026-01-01T02:26:37Z
order_00008799,batch_0005,trader_0001,ETH-USD,SELL,2187.75,20,2026-01-01T02:26:38Z
order_00008800,batch_0005,trader_0018,ETH-USD,BUY,1943.5,987,2026-01-01T02:26:39Z
order_00008801,batch_0005,trader_0025,ETH-USD,SELL,1802.8,520,2026-01-01T02:26:40Z
order_00008802,batch_0005,trader_0014,ETH-USD,SELL,2134.71,121,2026-01-01T02:26:41Z
order_00008803,batch_0005,trader_0010,ETH-USD,BUY,2139.82,911,2026-01-01T02:26:42Z
order_00008804,batch_0005,trader_0008,ETH-USD,SELL,1871.24,135,2026-01-01T02:26:43Z
order_00008805,batch_0005,trader_0023,ETH-USD,BUY,1931.39,720,2026-01-01T02:26:44Z
order_00008806,batch_0005,trader_0020,ETH-USD,SELL,2092.33,677,2026-01-01T02:26:45Z
order_00008807,batch_0005,trader_0012,ETH-USD,SELL,1930.39,47,2026-01-01T02:26:46Z
order_00008808,batch_0005,trader_0016,ETH-USD,SELL,1928.47,454,2026-01-01T02:26:47Z
order_00008809,batch_0005,trader_0022,ETH-USD,SELL,1835.31,874,2026-01-01T02:26:48Z
order_00008810,batch_0005,trader_0018,ETH-USD,BUY,2195.78,460,2026-01-01T02:26:49Z
order_00008811,batch_0005,trader_0011,ETH-USD,BUY,1922.18,726,2026-01-01T02:26:50Z
order_00008812,batch_0005,trader_0009,ETH-USD,BUY,1857.12,995,2026-01-01T02:26:51Z
order_00008813,batch_0005,trader_0003,ETH-USD,BUY,2073.13,889,2026-01-01T02:26:52Z
order_00008814,batch_0005,trader_0012,ETH-USD,SELL,2019.8,1,2026-01-01T02:26:53Z
order_00008815,batch_0005,trader_0002,ETH-USD,SELL,1985.9,585,2026-01-01T02:26:54Z
order_00008816,batch_0005,trader_0022,ETH-USD,SELL,2151.28,112,2026-01-01T02:26:55Z
order_00008817,batch_0005,trader_0025,ETH-USD,SELL,1872.61,172,2026-01-01T02:26:56Z
order_00008818,batch_0005,trader_0020,ETH-USD,BUY,2083.73,389,2026-01-01T02:26:57Z
order_00008819,batch_0005,trader_0017,ETH-USD,SELL,1803.1,63,2026-01-01T02:26:58Z
order_00008820,batch_0005,trader_0024,ETH-USD,BUY,1973.05,470,2026-01-01T02:26:59Z
order_00008821,batch_0005,trader_0019,ETH-USD,BUY,2003.03,688,2026-01-01T02:27:00Z
order_00008822,batch_0005,trader_0008,ETH-USD,SELL,2046.97,601,2026-01-01T02:27:01Z
order_00008823,batch_0005,trader_0013,ETH-USD,BUY,1998.34,943,2026-01-01T02:27:02Z
order_00008824,batch_0005,trader_0008,ETH-USD,SELL,1846.73,759,2026-01-01T02:27:03Z
order_00008825,batch_0005,trader_0021,ETH-USD,SELL,2041.72,586,2026-01-01T02:27:04Z
order_00008826,batch_0005,trader_0020,ETH-USD,BUY,2144.12,906,2026-01-01T02:27:05Z
order_00008827,batch_0005,trader_0011,ETH-USD,BUY,2053.36,108,2026-01-01T02:27:06Z
order_00008828,batch_0005,trader_0008,ETH-USD,SELL,1819.46,958,2026-01-01T02:27:07Z
order_00008829,batch_0005,trader_0018,ETH-USD,BUY,1994.3,694,2026-01-01T02:27:08Z
order_00008830,batch_0005,trader_0005,ETH-USD,SELL,1941.11,693,2026-01-01T02:27:09Z
order_00008831,batch_0005,trader_0018,ETH-USD,SELL,2057.08,752,2026-01-01T02:27:10Z
order_00008832,batch_0005,trader_0021,ETH-USD,SELL,1958.63,525,2026-01-01T02:27:11Z
order_00008833,batch_0005,trader_0025,ETH-USD,BUY,2106.8,792,2026-01-01T02:27:12Z
order_00008834,batch_0005,trader_0023,ETH-USD,BUY,1986.96,590,2026-01-01T02:27:13Z
order_00008835,batch_0005,trader_0019,ETH-USD,BUY,2163.75,729,2026-01-01T02:27:14Z
order_00008836,batch_0005,trader_0016,ETH-USD,BUY,1988.11,5,2026-01-01T02:27:15Z
order_00008837,batch_0005,trader_0020,ETH-USD,SELL,2032.96,631,2026-01-01T02:27:16Z
order_00008838,batch_0005,trader_0010,ETH-USD,SELL,2091.2,966,2026-01-01T02:27:17Z
order_00008839,batch_0005,trader_0021,ETH-USD,SELL,1985.02,321,2026-01-01T02:27:18Z
order_00008840,batch_0005,trader_0009,ETH-USD,SELL,2119.99,891,2026-01-01T02:27:19Z
order_00008841,batch_0005,trader_0013,ETH-USD,BUY,1817.29,987,2026-01-01T02:27:20Z
order_00008842,batch_0005,trader_0014,ETH-USD,SELL,1868.14,849,2026-01-01T02:27:21Z
order_00008843,batch_0005,trader_0011,ETH-USD,BUY,2108.47,656,2026-01-01T02:27:22Z
order_00008844,batch_0005,trader_0015,ETH-USD,BUY,1919.09,238,2026-01-01T02:27:23Z
order_00008845,batch_0005,trader_0013,ETH-USD,SELL,1843.65,582,2026-01-01T02:27:24Z
order_00008846,batch_0005,trader_0008,ETH-USD,BUY,2093.45,820,2026-01-01T02:27:25Z
order_00008847,batch_0005,trader_0007,ETH-USD,BUY,2167.84,668,2026-01-01T02:27:26Z
order_00008848,batch_0005,trader_0021,ETH-USD,SELL,1931.76,529,2026-01-01T02:27:27Z
order_00008849,batch_0005,trader_0002,ETH-USD,SELL,2027.08,883,2026-01-01T02:27:28Z
order_00008850,batch_0005,trader_0019,ETH-USD,BUY,2081.62,621,2026-01-01T02:27:29Z
order_00008851,batch_0005,trader_0011,ETH-USD,SELL,2002.51,373,2026-01-01T02:27:30Z
order_00008852,batch_0005,trader_0022,ETH-USD,BUY,1889.19,775,2026-01-01T02:27:31Z
order_00008853,batch_0005,trader_0018,ETH-USD,BUY,2066.4,427,2026-01-01T02:27:32Z
order_00008854,batch_0005,trader_0007,ETH-USD,BUY,2010.5,489,2026-01-01T02:27:33Z
order_00008855,batch_0005,trader_0023,ETH-USD,SELL,1815.58,694,2026-01-01T02:27:34Z
order_00008856,batch_0005,trader_0004,ETH-USD,BUY,2060.86,454,2026-01-01T02:27:35Z
order_00008857,batch_0005,trader_0013,ETH-USD,SELL,1986.39,861,2026-01-01T02:27:36Z
order_00008858,batch_0005,trader_0007,ETH-USD,BUY,2074.43,944,2026-01-01T02:27:37Z
order_00008859,batch_0005,trader_0001,ETH-USD,BUY,2056.77,27,2026-01-01T02:27:38Z
order_00008860,batch_0005,trader_0019,ETH-USD,BUY,1887.16,548,2026-01-01T02:27:39Z
order_00008861,batch_0005,trader_0023,ETH-USD,BUY,1878.95,196,2026-01-01T02:27:40Z
order_00008862,batch_0005,trader_0007,ETH-USD,SELL,1805.46,290,2026-01-01T02:27:41Z
order_00008863,batch_0005,trader_0005,ETH-USD,BUY,2041.61,602,2026-01-01T02:27:42Z
order_00008864,batch_0005,trader_0002,ETH-USD,SELL,2072.85,342,2026-01-01T02:27:43Z
order_00008865,batch_0005,trader_0005,ETH-USD,SELL,1834.8,230,2026-01-01T02:27:44Z
order_00008866,batch_0005,trader_0011,ETH-USD,SELL,2120.47,700,2026-01-01T02:27:45Z
order_00008867,batch_0005,trader_0023,ETH-USD,BUY,1895.16,470,2026-01-01T02:27:46Z
order_00008868,batch_0005,trader_0010,ETH-USD,SELL,2123.54,339,2026-01-01T02:27:47Z
order_00008869,batch_0005,trader_0023,ETH-USD,SELL,1904.99,160,2026-01-01T02:27:48Z
order_00008870,batch_0005,trader_0008,ETH-USD,BUY,2187.43,144,2026-01-01T02:27:49Z
order_00008871,batch_0005,trader_0014,ETH-USD,BUY,1829.93,499,2026-01-01T02:27:50Z
order_00008872,batch_0005,trader_0019,ETH-USD,SELL,2154.49,338,2026-01-01T02:27:51Z
order_00008873,batch_0005,trader_0012,ETH-USD,BUY,1925.59,366,2026-01-01T02:27:52Z
order_00008874,batch_0005,trader_0005,ETH-USD,SELL,2165.3,43,2026-01-01T02:27:53Z
order_00008875,batch_0005,trader_0009,ETH-USD,BUY,1845.42,421,2026-01-01T02:27:54Z
order_00008876,batch_0005,trader_0009,ETH-USD,BUY,2189.75,429,2026-01-01T02:27:55Z
order_00008877,batch_0005,trader_0009,ETH-USD,SELL,1944.18,812,2026-01-01T02:27:56Z
order_00008878,batch_0005,trader_0025,ETH-USD,SELL,1956.65,819,2026-01-01T02:27:57Z
order_00008879,batch_0005,trader_0022,ETH-USD,BUY,2025.49,565,2026-01-01T02:27:58Z
order_00008880,batch_0005,trader_0016,ETH-USD,SELL,2053.95,980,2026-01-01T02:27:59Z
order_00008881,batch_0005,trader_0014,ETH-USD,SELL,2114.28,774,2026-01-01T02:28:00Z
order_00008882,batch_0005,trader_0004,ETH-USD,BUY,2093.98,449,2026-01-01T02:28:01Z
order_00008883,batch_0005,trader_0018,ETH-USD,SELL,2147.72,173,2026-01-01T02:28:02Z
order_00008884,batch_0005,trader_0001,ETH-USD,SELL,2084.03,672,2026-01-01T02:28:03Z
order_00008885,batch_0005,trader_0018,ETH-USD,BUY,1913.31,304,2026-01-01T02:28:04Z
order_00008886,batch_0005,trader_0009,ETH-USD,SELL,2068.48,255,2026-01-01T02:28:05Z
order_00008887,batch_0005,trader_0011,ETH-USD,BUY,2124.51,332,2026-01-01T02:28:06Z
order_00008888,batch_0005,trader_0014,ETH-USD,SELL,1850.43,53,2026-01-01T02:28:07Z
order_00008889,batch_0005,trader_0016,ETH-USD,BUY,1971.48,341,2026-01-01T02:28:08Z
order_00008890,batch_0005,trader_0022,ETH-USD,BUY,2015.57,787,2026-01-01T02:28:09Z
order_00008891,batch_0005,trader_0021,ETH-USD,BUY,1886.56,813,2026-01-01T02:28:10Z
order_00008892,batch_0005,trader_0007,ETH-USD,BUY,2143.13,420,2026-01-01T02:28:11Z
order_00008893,batch_0005,trader_0022,ETH-USD,SELL,1824.69,616,2026-01-01T02:28:12Z
order_00008894,batch_0005,trader_0006,ETH-USD,SELL,1811.69,37,2026-01-01T02:28:13Z
order_00008895,batch_0005,trader_0019,ETH-USD,SELL,1897.68,845,2026-01-01T02:28:14Z
order_00008896,batch_0005,trader_0005,ETH-USD,BUY,2193.22,677,2026-01-01T02:28:15Z
order_00008897,batch_0005,trader_0019,ETH-USD,SELL,2155.92,435,2026-01-01T02:28:16Z
order_00008898,batch_0005,trader_0005,ETH-USD,BUY,2074.26,970,2026-01-01T02:28:17Z
order_00008899,batch_0005,trader_0011,ETH-USD,BUY,1949.81,455,2026-01-01T02:28:18Z
order_00008900,batch_0005,trader_0025,ETH-USD,SELL,1841.67,411,2026-01-01T02:28:19Z
order_00008901,batch_0005,trader_0015,ETH-USD,SELL,2057.33,443,2026-01-01T02:28:20Z
order_00008902,batch_0005,trader_0011,ETH-USD,BUY,1826.85,739,2026-01-01T02:28:21Z
order_00008903,batch_0005,trader_0007,ETH-USD,SELL,1815.47,177,2026-01-01T02:28:22Z
order_00008904,batch_0005,trader_0020,ETH-USD,SELL,1901.14,214,2026-01-01T02:28:23Z
order_00008905,batch_0005,trader_0006,ETH-USD,BUY,2039.65,447,2026-01-01T02:28:24Z
order_00008906,batch_0005,trader_0003,ETH-USD,SELL,1872.93,392,2026-01-01T02:28:25Z
order_00008907,batch_0005,trader_0025,ETH-USD,SELL,2074.35,199,2026-01-01T02:28:26Z
order_00008908,batch_0005,trader_0021,ETH-USD,SELL,2035.27,237,2026-01-01T02:28:27Z
order_00008909,batch_0005,trader_0006,ETH-USD,SELL,2096.25,75,2026-01-01T02:28:28Z
order_00008910,batch_0005,trader_0020,ETH-USD,SELL,2113.28,387,2026-01-01T02:28:29Z
order_00008911,batch_0005,trader_0008,ETH-USD,BUY,2140.04,3,2026-01-01T02:28:30Z
order_00008912,batch_0005,trader_0014,ETH-USD,BUY,1863.85,88,2026-01-01T02:28:31Z
order_00008913,batch_0005,trader_0005,ETH-USD,BUY,2159.09,57,2026-01-01T02:28:32Z
order_00008914,batch_0005,trader_0015,ETH-USD,SELL,1893.27,524,2026-01-01T02:28:33Z
order_00008915,batch_0005,trader_0025,ETH-USD,BUY,1872.73,287,2026-01-01T02:28:34Z
order_00008916,batch_0005,trader_0011,ETH-USD,BUY,2048.18,293,2026-01-01T02:28:35Z
order_00008917,batch_0005,trader_0015,ETH-USD,BUY,2014.18,555,2026-01-01T02:28:36Z
order_00008918,batch_0005,trader_0005,ETH-USD,SELL,2019.0,913,2026-01-01T02:28:37Z
order_00008919,batch_0005,trader_0023,ETH-USD,BUY,1860.29,199,2026-01-01T02:28:38Z
order_00008920,batch_0005,trader_0024,ETH-USD,SELL,2077.48,851,2026-01-01T02:28:39Z
order_00008921,batch_0005,trader_0006,ETH-USD,BUY,2192.34,82,2026-01-01T02:28:40Z
order_00008922,batch_0005,trader_0010,ETH-USD,BUY,2021.36,591,2026-01-01T02:28:41Z
order_00008923,batch_0005,trader_0017,ETH-USD,BUY,1967.63,721,2026-01-01T02:28:42Z
order_00008924,batch_0005,trader_0009,ETH-USD,SELL,2096.26,141,2026-01-01T02:28:43Z
order_00008925,batch_0005,trader_0014,ETH-USD,BUY,2137.86,14,2026-01-01T02:28:44Z
order_00008926,batch_0005,trader_0014,ETH-USD,SELL,1807.78,842,2026-01-01T02:28:45Z
order_00008927,batch_0005,trader_0005,ETH-USD,SELL,1906.11,974,2026-01-01T02:28:46Z
order_00008928,batch_0005,trader_0011,ETH-USD,SELL,2166.73,264,2026-01-01T02:28:47Z
order_00008929,batch_0005,trader_0018,ETH-USD,BUY,1887.01,473,2026-01-01T02:28:48Z
order_00008930,batch_0005,trader_0018,ETH-USD,BUY,1987.71,257,2026-01-01T02:28:49Z
order_00008931,batch_0005,trader_0001,ETH-USD,SELL,1805.64,268,2026-01-01T02:28:50Z
order_00008932,batch_0005,trader_0014,ETH-USD,SELL,2042.4,716,2026-01-01T02:28:51Z
order_00008933,batch_0005,trader_0002,ETH-USD,BUY,1983.26,480,2026-01-01T02:28:52Z
order_00008934,batch_0005,trader_0020,ETH-USD,SELL,1856.91,89,2026-01-01T02:28:53Z
order_00008935,batch_0005,trader_0005,ETH-USD,SELL,1981.5,622,2026-01-01T02:28:54Z
order_00008936,batch_0005,trader_0002,ETH-USD,SELL,1959.55,159,2026-01-01T02:28:55Z
order_00008937,batch_0005,trader_0005,ETH-USD,SELL,2005.06,140,2026-01-01T02:28:56Z
order_00008938,batch_0005,trader_0023,ETH-USD,SELL,2087.82,704,2026-01-01T02:28:57Z
order_00008939,batch_0005,trader_0015,ETH-USD,SELL,1902.86,387,2026-01-01T02:28:58Z
order_00008940,batch_0005,trader_0016,ETH-USD,BUY,1878.35,350,2026-01-01T02:28:59Z
order_00008941,batch_0005,trader_0002,ETH-USD,BUY,2176.6,529,2026-01-01T02:29:00Z
order_00008942,batch_0005,trader_0018,ETH-USD,BUY,2086.89,747,2026-01-01T02:29:01Z
order_00008943,batch_0005,trader_0023,ETH-USD,SELL,1880.51,814,2026-01-01T02:29:02Z
order_00008944,batch_0005,trader_0010,ETH-USD,SELL,1960.57,657,2026-01-01T02:29:03Z
order_00008945,batch_0005,trader_0012,ETH-USD,SELL,2147.98,993,2026-01-01T02:29:04Z
order_00008946,batch_0005,trader_0017,ETH-USD,SELL,1986.48,148,2026-01-01T02:29:05Z
order_00008947,batch_0005,trader_0025,ETH-USD,BUY,2152.05,127,2026-01-01T02:29:06Z
order_00008948,batch_0005,trader_0022,ETH-USD,SELL,1853.41,269,2026-01-01T02:29:07Z
order_00008949,batch_0005,trader_0009,ETH-USD,BUY,2068.9,383,2026-01-01T02:29:08Z
order_00008950,batch_0005,trader_0003,ETH-USD,BUY,2116.72,409,2026-01-01T02:29:09Z
order_00008951,batch_0005,trader_0018,ETH-USD,SELL,2190.84,88,2026-01-01T02:29:10Z
order_00008952,batch_0005,trader_0015,ETH-USD,SELL,1807.89,570,2026-01-01T02:29:11Z
order_00008953,batch_0005,trader_0001,ETH-USD,BUY,1847.4,720,2026-01-01T02:29:12Z
order_00008954,batch_0005,trader_0013,ETH-USD,SELL,2089.57,799,2026-01-01T02:29:13Z
order_00008955,batch_0005,trader_0006,ETH-USD,BUY,1841.11,920,2026-01-01T02:29:14Z
order_00008956,batch_0005,trader_0024,ETH-USD,BUY,2059.55,479,2026-01-01T02:29:15Z
order_00008957,batch_0005,trader_0002,ETH-USD,SELL,2130.8,483,2026-01-01T02:29:16Z
order_00008958,batch_0005,trader_0018,ETH-USD,BUY,1969.86,231,2026-01-01T02:29:17Z
order_00008959,batch_0005,trader_0013,ETH-USD,SELL,1977.05,750,2026-01-01T02:29:18Z
order_00008960,batch_0005,trader_0010,ETH-USD,BUY,2059.25,156,2026-01-01T02:29:19Z
order_00008961,batch_0005,trader_0003,ETH-USD,BUY,1821.48,686,2026-01-01T02:29:20Z
order_00008962,batch_0005,trader_0001,ETH-USD,BUY,2131.47,949,2026-01-01T02:29:21Z
order_00008963,batch_0005,trader_0004,ETH-USD,BUY,1820.4,481,2026-01-01T02:29:22Z
order_00008964,batch_0005,trader_0024,ETH-USD,BUY,1944.85,755,2026-01-01T02:29:23Z
order_00008965,batch_0005,trader_0012,ETH-USD,BUY,1819.23,382,2026-01-01T02:29:24Z
order_00008966,batch_0005,trader_0022,ETH-USD,SELL,1989.42,579,2026-01-01T02:29:25Z
order_00008967,batch_0005,trader_0022,ETH-USD,SELL,1891.86,642,2026-01-01T02:29:26Z
order_00008968,batch_0005,trader_0022,ETH-USD,SELL,1832.76,34,2026-01-01T02:29:27Z
order_00008969,batch_0005,trader_0012,ETH-USD,BUY,2154.28,923,2026-01-01T02:29:28Z
order_00008970,batch_0005,trader_0009,ETH-USD,SELL,2041.22,810,2026-01-01T02:29:29Z
order_00008971,batch_0005,trader_0022,ETH-USD,SELL,2077.13,691,2026-01-01T02:29:30Z
order_00008972,batch_0005,trader_0020,ETH-USD,SELL,2056.0,342,2026-01-01T02:29:31Z
order_00008973,batch_0005,trader_0015,ETH-USD,BUY,2146.83,610,2026-01-01T02:29:32Z
order_00008974,batch_0005,trader_0006,ETH-USD,SELL,2132.57,261,2026-01-01T02:29:33Z
order_00008975,batch_0005,trader_0022,ETH-USD,BUY,2065.24,393,2026-01-01T02:29:34Z
order_00008976,batch_0005,trader_0021,ETH-USD,SELL,1903.17,760,2026-01-01T02:29:35Z
order_00008977,batch_0005,trader_0010,ETH-USD,BUY,1833.35,289,2026-01-01T02:29:36Z
order_00008978,batch_0005,trader_0015,ETH-USD,BUY,2087.52,798,2026-01-01T02:29:37Z
order_00008979,batch_0005,trader_0022,ETH-USD,BUY,2117.34,964,2026-01-01T02:29:38Z
order_00008980,batch_0005,trader_0007,ETH-USD,SELL,2160.18,96,2026-01-01T02:29:39Z
order_00008981,batch_0005,trader_0020,ETH-USD,BUY,2112.39,960,2026-01-01T02:29:40Z
order_00008982,batch_0005,trader_0014,ETH-USD,SELL,1977.66,890,2026-01-01T02:29:41Z
order_00008983,batch_0005,trader_0025,ETH-USD,SELL,2096.62,405,2026-01-01T02:29:42Z
order_00008984,batch_0005,trader_0018,ETH-USD,SELL,1978.92,623,2026-01-01T02:29:43Z
order_00008985,batch_0005,trader_0025,ETH-USD,BUY,2160.2,693,2026-01-01T02:29:44Z
order_00008986,batch_0005,trader_0011,ETH-USD,SELL,2012.08,858,2026-01-01T02:29:45Z
order_00008987,batch_0005,trader_0015,ETH-USD,BUY,2123.33,91,2026-01-01T02:29:46Z
order_00008988,batch_0005,trader_0012,ETH-USD,BUY,1818.57,674,2026-01-01T02:29:47Z
order_00008989,batch_0005,trader_0017,ETH-USD,SELL,2089.43,631,2026-01-01T02:29:48Z
order_00008990,batch_0005,trader_0020,ETH-USD,SELL,1909.15,282,2026-01-01T02:29:49Z
order_00008991,batch_0005,trader_0011,ETH-USD,BUY,1884.58,60,2026-01-01T02:29:50Z
order_00008992,batch_0005,trader_0002,ETH-USD,SELL,1913.3,176,2026-01-01T02:29:51Z
order_00008993,batch_0005,trader_0011,ETH-USD,SELL,1902.2,455,2026-01-01T02:29:52Z
order_00008994,batch_0005,trader_0014,ETH-USD,BUY,2031.02,633,2026-01-01T02:29:53Z
order_00008995,batch_0005,trader_0008,ETH-USD,BUY,1949.55,265,2026-01-01T02:29:54Z
order_00008996,batch_0005,trader_0019,ETH-USD,BUY,1976.55,998,2026-01-01T02:29:55Z
order_00008997,batch_0005,trader_0023,ETH-USD,BUY,1846.62,923,2026-01-01T02:29:56Z
order_00008998,batch_0005,trader_0012,ETH-USD,SELL,2080.45,933,2026-01-01T02:29:57Z
order_00008999,batch_0005,trader_0018,ETH-USD,SELL,1828.33,883,2026-01-01T02:29:58Z
order_00009000,batch_0005,trader_0017,ETH-USD,BUY,1969.72,694,2026-01-01T02:29:59Z
order_00009001,batch_0005,trader_0011,ETH-USD,SELL,2198.19,685,2026-01-01T02:30:00Z
order_00009002,batch_0005,trader_0008,ETH-USD,SELL,1866.38,839,2026-01-01T02:30:01Z
order_00009003,batch_0005,trader_0017,ETH-USD,BUY,1964.82,591,2026-01-01T02:30:02Z
order_00009004,batch_0005,trader_0015,ETH-USD,SELL,2127.49,54,2026-01-01T02:30:03Z
order_00009005,batch_0005,trader_0023,ETH-USD,SELL,2060.33,204,2026-01-01T02:30:04Z
order_00009006,batch_0005,trader_0025,ETH-USD,SELL,1803.33,545,2026-01-01T02:30:05Z
order_00009007,batch_0005,trader_0014,ETH-USD,BUY,1859.12,160,2026-01-01T02:30:06Z
order_00009008,batch_0005,trader_0016,ETH-USD,BUY,2046.48,355,2026-01-01T02:30:07Z
order_00009009,batch_0005,trader_0011,ETH-USD,SELL,1803.46,138,2026-01-01T02:30:08Z
order_00009010,batch_0005,trader_0019,ETH-USD,BUY,1865.59,847,2026-01-01T02:30:09Z
order_00009011,batch_0005,trader_0018,ETH-USD,SELL,2170.89,906,2026-01-01T02:30:10Z
order_00009012,batch_0005,trader_0003,ETH-USD,SELL,2043.9,736,2026-01-01T02:30:11Z
order_00009013,batch_0005,trader_0022,ETH-USD,SELL,1912.77,824,2026-01-01T02:30:12Z
order_00009014,batch_0005,trader_0015,ETH-USD,BUY,2015.93,747,2026-01-01T02:30:13Z
order_00009015,batch_0005,trader_0019,ETH-USD,BUY,1917.87,6,2026-01-01T02:30:14Z
order_00009016,batch_0005,trader_0016,ETH-USD,BUY,2183.36,467,2026-01-01T02:30:15Z
order_00009017,batch_0005,trader_0016,ETH-USD,SELL,1900.83,941,2026-01-01T02:30:16Z
order_00009018,batch_0005,trader_0009,ETH-USD,SELL,1872.1,901,2026-01-01T02:30:17Z
order_00009019,batch_0005,trader_0011,ETH-USD,BUY,1873.26,470,2026-01-01T02:30:18Z
order_00009020,batch_0005,trader_0005,ETH-USD,SELL,1908.57,829,2026-01-01T02:30:19Z
order_00009021,batch_0005,trader_0015,ETH-USD,SELL,1872.37,919,2026-01-01T02:30:20Z
order_00009022,batch_0005,trader_0017,ETH-USD,SELL,1971.14,860,2026-01-01T02:30:21Z
order_00009023,batch_0005,trader_0018,ETH-USD,SELL,1982.0,634,2026-01-01T02:30:22Z
order_00009024,batch_0005,trader_0010,ETH-USD,SELL,1988.25,964,2026-01-01T02:30:23Z
order_00009025,batch_0005,trader_0015,ETH-USD,BUY,1903.19,526,2026-01-01T02:30:24Z
order_00009026,batch_0005,trader_0009,ETH-USD,SELL,1827.71,990,2026-01-01T02:30:25Z
order_00009027,batch_0005,trader_0005,ETH-USD,BUY,2044.15,941,2026-01-01T02:30:26Z
order_00009028,batch_0005,trader_0007,ETH-USD,SELL,2196.45,596,2026-01-01T02:30:27Z
order_00009029,batch_0005,trader_0023,ETH-USD,BUY,2166.78,912,2026-01-01T02:30:28Z
order_00009030,batch_0005,trader_0023,ETH-USD,BUY,1973.99,617,2026-01-01T02:30:29Z
order_00009031,batch_0005,trader_0023,ETH-USD,BUY,2196.42,680,2026-01-01T02:30:30Z
order_00009032,batch_0005,trader_0008,ETH-USD,SELL,1950.75,258,2026-01-01T02:30:31Z
order_00009033,batch_0005,trader_0009,ETH-USD,SELL,1844.35,28,2026-01-01T02:30:32Z
order_00009034,batch_0005,trader_0010,ETH-USD,SELL,1914.54,541,2026-01-01T02:30:33Z
order_00009035,batch_0005,trader_0022,ETH-USD,BUY,1968.77,249,2026-01-01T02:30:34Z
order_00009036,batch_0005,trader_0003,ETH-USD,BUY,2168.45,122,2026-01-01T02:30:35Z
order_00009037,batch_0005,trader_0013,ETH-USD,SELL,2021.75,420,2026-01-01T02:30:36Z
order_00009038,batch_0005,trader_0008,ETH-USD,BUY,2080.49,136,2026-01-01T02:30:37Z
order_00009039,batch_0005,trader_0015,ETH-USD,SELL,2186.44,64,2026-01-01T02:30:38Z
order_00009040,batch_0005,trader_0009,ETH-USD,BUY,1934.12,429,2026-01-01T02:30:39Z
order_00009041,batch_0005,trader_0008,ETH-USD,SELL,1926.43,888,2026-01-01T02:30:40Z
order_00009042,batch_0005,trader_0005,ETH-USD,BUY,1852.53,36,2026-01-01T02:30:41Z
order_00009043,batch_0005,trader_0008,ETH-USD,BUY,1919.8,946,2026-01-01T02:30:42Z
order_00009044,batch_0005,trader_0022,ETH-USD,BUY,1976.0,858,2026-01-01T02:30:43Z
order_00009045,batch_0005,trader_0023,ETH-USD,BUY,2165.44,907,2026-01-01T02:30:44Z
order_00009046,batch_0005,trader_0014,ETH-USD,SELL,1826.96,504,2026-01-01T02:30:45Z
order_00009047,batch_0005,trader_0015,ETH-USD,SELL,1913.71,166,2026-01-01T02:30:46Z
order_00009048,batch_0005,trader_0003,ETH-USD,SELL,1967.35,361,2026-01-01T02:30:47Z
order_00009049,batch_0005,trader_0003,ETH-USD,SELL,1852.02,108,2026-01-01T02:30:48Z
order_00009050,batch_0005,trader_0018,ETH-USD,BUY,1805.73,716,2026-01-01T02:30:49Z
order_00009051,batch_0005,trader_0018,ETH-USD,SELL,2161.63,571,2026-01-01T02:30:50Z
order_00009052,batch_0005,trader_0014,ETH-USD,SELL,2162.47,49,2026-01-01T02:30:51Z
order_00009053,batch_0005,trader_0012,ETH-USD,BUY,2152.8,714,2026-01-01T02:30:52Z
order_00009054,batch_0005,trader_0013,ETH-USD,SELL,1932.53,523,2026-01-01T02:30:53Z
order_00009055,batch_0005,trader_0023,ETH-USD,BUY,1973.2,363,2026-01-01T02:30:54Z
order_00009056,batch_0005,trader_0001,ETH-USD,SELL,2009.15,82,2026-01-01T02:30:55Z
order_00009057,batch_0005,trader_0017,ETH-USD,BUY,2020.39,876,2026-01-01T02:30:56Z
order_00009058,batch_0005,trader_0006,ETH-USD,BUY,1830.41,143,2026-01-01T02:30:57Z
order_00009059,batch_0005,trader_0013,ETH-USD,SELL,2081.96,536,2026-01-01T02:30:58Z
order_00009060,batch_0005,trader_0011,ETH-USD,BUY,2164.53,43,2026-01-01T02:30:59Z
order_00009061,batch_0005,trader_0019,ETH-USD,SELL,1909.0,629,2026-01-01T02:31:00Z
order_00009062,batch_0005,trader_0010,ETH-USD,SELL,2010.39,621,2026-01-01T02:31:01Z
order_00009063,batch_0005,trader_0023,ETH-USD,BUY,2156.22,514,2026-01-01T02:31:02Z
order_00009064,batch_0005,trader_0002,ETH-USD,SELL,1979.6,294,2026-01-01T02:31:03Z
order_00009065,batch_0005,trader_0022,ETH-USD,BUY,1897.02,46,2026-01-01T02:31:04Z
order_00009066,batch_0005,trader_0020,ETH-USD,BUY,1867.02,691,2026-01-01T02:31:05Z
order_00009067,batch_0005,trader_0003,ETH-USD,SELL,2161.86,888,2026-01-01T02:31:06Z
order_00009068,batch_0005,trader_0007,ETH-USD,SELL,2145.95,773,2026-01-01T02:31:07Z
order_00009069,batch_0005,trader_0014,ETH-USD,SELL,1806.71,940,2026-01-01T02:31:08Z
order_00009070,batch_0005,trader_0010,ETH-USD,SELL,1974.59,536,2026-01-01T02:31:09Z
order_00009071,batch_0005,trader_0024,ETH-USD,BUY,2171.79,454,2026-01-01T02:31:10Z
order_00009072,batch_0005,trader_0018,ETH-USD,BUY,1854.47,399,2026-01-01T02:31:11Z
order_00009073,batch_0005,trader_0016,ETH-USD,SELL,1935.17,797,2026-01-01T02:31:12Z
order_00009074,batch_0005,trader_0001,ETH-USD,BUY,2095.51,474,2026-01-01T02:31:13Z
order_00009075,batch_0005,trader_0016,ETH-USD,SELL,1802.52,154,2026-01-01T02:31:14Z
order_00009076,batch_0005,trader_0015,ETH-USD,BUY,2132.46,232,2026-01-01T02:31:15Z
order_00009077,batch_0005,trader_0014,ETH-USD,SELL,2097.35,980,2026-01-01T02:31:16Z
order_00009078,batch_0005,trader_0008,ETH-USD,BUY,1891.02,550,2026-01-01T02:31:17Z
order_00009079,batch_0005,trader_0025,ETH-USD,BUY,1938.78,649,2026-01-01T02:31:18Z
order_00009080,batch_0005,trader_0012,ETH-USD,SELL,2054.64,979,2026-01-01T02:31:19Z
order_00009081,batch_0005,trader_0006,ETH-USD,BUY,2156.28,351,2026-01-01T02:31:20Z
order_00009082,batch_0005,trader_0015,ETH-USD,BUY,1851.63,666,2026-01-01T02:31:21Z
order_00009083,batch_0005,trader_0002,ETH-USD,BUY,2106.84,731,2026-01-01T02:31:22Z
order_00009084,batch_0005,trader_0012,ETH-USD,BUY,1935.86,219,2026-01-01T02:31:23Z
order_00009085,batch_0005,trader_0005,ETH-USD,SELL,1887.33,482,2026-01-01T02:31:24Z
order_00009086,batch_0005,trader_0022,ETH-USD,SELL,2098.19,226,2026-01-01T02:31:25Z
order_00009087,batch_0005,trader_0015,ETH-USD,SELL,2020.3,175,2026-01-01T02:31:26Z
order_00009088,batch_0005,trader_0006,ETH-USD,SELL,1924.87,24,2026-01-01T02:31:27Z
order_00009089,batch_0005,trader_0005,ETH-USD,SELL,2105.32,43,2026-01-01T02:31:28Z
order_00009090,batch_0005,trader_0014,ETH-USD,BUY,1916.14,346,2026-01-01T02:31:29Z
order_00009091,batch_0005,trader_0022,ETH-USD,SELL,2115.9,744,2026-01-01T02:31:30Z
order_00009092,batch_0005,trader_0015,ETH-USD,BUY,2118.31,593,2026-01-01T02:31:31Z
order_00009093,batch_0005,trader_0014,ETH-USD,SELL,1841.7,301,2026-01-01T02:31:32Z
order_00009094,batch_0005,trader_0003,ETH-USD,BUY,2014.97,572,2026-01-01T02:31:33Z
order_00009095,batch_0005,trader_0010,ETH-USD,BUY,1968.53,598,2026-01-01T02:31:34Z
order_00009096,batch_0005,trader_0017,ETH-USD,BUY,1984.09,661,2026-01-01T02:31:35Z
order_00009097,batch_0005,trader_0011,ETH-USD,BUY,2194.6,806,2026-01-01T02:31:36Z
order_00009098,batch_0005,trader_0009,ETH-USD,BUY,1918.81,11,2026-01-01T02:31:37Z
order_00009099,batch_0005,trader_0024,ETH-USD,SELL,2159.11,950,2026-01-01T02:31:38Z
order_00009100,batch_0005,trader_0007,ETH-USD,SELL,2098.44,512,2026-01-01T02:31:39Z
order_00009101,batch_0005,trader_0003,ETH-USD,BUY,2049.44,183,2026-01-01T02:31:40Z
order_00009102,batch_0005,trader_0020,ETH-USD,SELL,1913.37,167,2026-01-01T02:31:41Z
order_00009103,batch_0005,trader_0023,ETH-USD,BUY,1986.1,548,2026-01-01T02:31:42Z
order_00009104,batch_0005,trader_0014,ETH-USD,BUY,2063.69,11,2026-01-01T02:31:43Z
order_00009105,batch_0005,trader_0009,ETH-USD,SELL,2070.96,245,2026-01-01T02:31:44Z
order_00009106,batch_0005,trader_0022,ETH-USD,SELL,2136.12,597,2026-01-01T02:31:45Z
order_00009107,batch_0005,trader_0009,ETH-USD,SELL,1863.86,982,2026-01-01T02:31:46Z
order_00009108,batch_0005,trader_0018,ETH-USD,BUY,1809.61,423,2026-01-01T02:31:47Z
order_00009109,batch_0005,trader_0005,ETH-USD,SELL,1823.66,212,2026-01-01T02:31:48Z
order_00009110,batch_0005,trader_0008,ETH-USD,SELL,1890.16,49,2026-01-01T02:31:49Z
order_00009111,batch_0005,trader_0008,ETH-USD,SELL,2077.52,30,2026-01-01T02:31:50Z
order_00009112,batch_0005,trader_0025,ETH-USD,SELL,1999.52,517,2026-01-01T02:31:51Z
order_00009113,batch_0005,trader_0012,ETH-USD,BUY,1889.54,558,2026-01-01T02:31:52Z
order_00009114,batch_0005,trader_0018,ETH-USD,BUY,1821.34,640,2026-01-01T02:31:53Z
order_00009115,batch_0005,trader_0022,ETH-USD,SELL,1815.28,78,2026-01-01T02:31:54Z
order_00009116,batch_0005,trader_0007,ETH-USD,BUY,1946.39,120,2026-01-01T02:31:55Z
order_00009117,batch_0005,trader_0007,ETH-USD,BUY,2135.08,287,2026-01-01T02:31:56Z
order_00009118,batch_0005,trader_0021,ETH-USD,BUY,1808.47,470,2026-01-01T02:31:57Z
order_00009119,batch_0005,trader_0025,ETH-USD,SELL,1866.28,503,2026-01-01T02:31:58Z
order_00009120,batch_0005,trader_0012,ETH-USD,BUY,2170.4,327,2026-01-01T02:31:59Z
order_00009121,batch_0005,trader_0015,ETH-USD,SELL,2048.4,676,2026-01-01T02:32:00Z
order_00009122,batch_0005,trader_0010,ETH-USD,SELL,2067.11,596,2026-01-01T02:32:01Z
order_00009123,batch_0005,trader_0011,ETH-USD,BUY,1936.25,507,2026-01-01T02:32:02Z
order_00009124,batch_0005,trader_0001,ETH-USD,SELL,2190.51,380,2026-01-01T02:32:03Z
order_00009125,batch_0005,trader_0008,ETH-USD,SELL,2158.62,332,2026-01-01T02:32:04Z
order_00009126,batch_0005,trader_0023,ETH-USD,SELL,1853.6,397,2026-01-01T02:32:05Z
order_00009127,batch_0005,trader_0017,ETH-USD,SELL,1845.89,454,2026-01-01T02:32:06Z
order_00009128,batch_0005,trader_0010,ETH-USD,BUY,2182.83,912,2026-01-01T02:32:07Z
order_00009129,batch_0005,trader_0012,ETH-USD,SELL,1889.7,573,2026-01-01T02:32:08Z
order_00009130,batch_0005,trader_0024,ETH-USD,SELL,1925.18,707,2026-01-01T02:32:09Z
order_00009131,batch_0005,trader_0002,ETH-USD,SELL,1946.79,919,2026-01-01T02:32:10Z
order_00009132,batch_0005,trader_0017,ETH-USD,SELL,2067.49,916,2026-01-01T02:32:11Z
order_00009133,batch_0005,trader_0025,ETH-USD,SELL,1865.61,513,2026-01-01T02:32:12Z
order_00009134,batch_0005,trader_0003,ETH-USD,BUY,1925.33,666,2026-01-01T02:32:13Z
order_00009135,batch_0005,trader_0010,ETH-USD,SELL,1873.99,727,2026-01-01T02:32:14Z
order_00009136,batch_0005,trader_0023,ETH-USD,SELL,1996.57,384,2026-01-01T02:32:15Z
order_00009137,batch_0005,trader_0007,ETH-USD,BUY,1824.02,153,2026-01-01T02:32:16Z
order_00009138,batch_0005,trader_0016,ETH-USD,BUY,2065.92,827,2026-01-01T02:32:17Z
order_00009139,batch_0005,trader_0009,ETH-USD,SELL,2049.18,784,2026-01-01T02:32:18Z
order_00009140,batch_0005,trader_0025,ETH-USD,BUY,2005.16,27,2026-01-01T02:32:19Z
order_00009141,batch_0005,trader_0007,ETH-USD,SELL,2180.43,308,2026-01-01T02:32:20Z
order_00009142,batch_0005,trader_0008,ETH-USD,SELL,2073.28,372,2026-01-01T02:32:21Z
order_00009143,batch_0005,trader_0006,ETH-USD,BUY,1836.62,960,2026-01-01T02:32:22Z
order_00009144,batch_0005,trader_0010,ETH-USD,SELL,2151.22,292,2026-01-01T02:32:23Z
order_00009145,batch_0005,trader_0007,ETH-USD,BUY,1869.15,720,2026-01-01T02:32:24Z
order_00009146,batch_0005,trader_0021,ETH-USD,SELL,1893.42,447,2026-01-01T02:32:25Z
order_00009147,batch_0005,trader_0009,ETH-USD,SELL,1808.82,805,2026-01-01T02:32:26Z
order_00009148,batch_0005,trader_0018,ETH-USD,BUY,2086.62,817,2026-01-01T02:32:27Z
order_00009149,batch_0005,trader_0022,ETH-USD,SELL,2087.37,371,2026-01-01T02:32:28Z
order_00009150,batch_0005,trader_0019,ETH-USD,BUY,2028.67,490,2026-01-01T02:32:29Z
order_00009151,batch_0005,trader_0016,ETH-USD,SELL,1810.76,725,2026-01-01T02:32:30Z
order_00009152,batch_0005,trader_0021,ETH-USD,SELL,1835.42,259,2026-01-01T02:32:31Z
order_00009153,batch_0005,trader_0014,ETH-USD,BUY,1929.97,158,2026-01-01T02:32:32Z
order_00009154,batch_0005,trader_0003,ETH-USD,BUY,2160.02,567,2026-01-01T02:32:33Z
order_00009155,batch_0005,trader_0010,ETH-USD,SELL,1845.54,801,2026-01-01T02:32:34Z
order_00009156,batch_0005,trader_0009,ETH-USD,SELL,2190.96,748,2026-01-01T02:32:35Z
order_00009157,batch_0005,trader_0003,ETH-USD,SELL,1946.76,728,2026-01-01T02:32:36Z
order_00009158,batch_0005,trader_0020,ETH-USD,BUY,2106.85,616,2026-01-01T02:32:37Z
order_00009159,batch_0005,trader_0014,ETH-USD,BUY,2157.0,181,2026-01-01T02:32:38Z
order_00009160,batch_0005,trader_0008,ETH-USD,SELL,1874.26,90,2026-01-01T02:32:39Z
order_00009161,batch_0005,trader_0004,ETH-USD,BUY,1846.39,132,2026-01-01T02:32:40Z
order_00009162,batch_0005,trader_0003,ETH-USD,BUY,1866.17,792,2026-01-01T02:32:41Z
order_00009163,batch_0005,trader_0003,ETH-USD,SELL,1881.53,725,2026-01-01T02:32:42Z
order_00009164,batch_0005,trader_0019,ETH-USD,SELL,1836.91,41,2026-01-01T02:32:43Z
order_00009165,batch_0005,trader_0020,ETH-USD,SELL,1813.75,574,2026-01-01T02:32:44Z
order_00009166,batch_0005,trader_0018,ETH-USD,SELL,1820.3,617,2026-01-01T02:32:45Z
order_00009167,batch_0005,trader_0013,ETH-USD,SELL,1828.09,729,2026-01-01T02:32:46Z
order_00009168,batch_0005,trader_0006,ETH-USD,SELL,2123.83,310,2026-01-01T02:32:47Z
order_00009169,batch_0005,trader_0022,ETH-USD,BUY,2028.91,845,2026-01-01T02:32:48Z
order_00009170,batch_0005,trader_0005,ETH-USD,SELL,1814.44,605,2026-01-01T02:32:49Z
order_00009171,batch_0005,trader_0013,ETH-USD,BUY,1876.88,223,2026-01-01T02:32:50Z
order_00009172,batch_0005,trader_0007,ETH-USD,SELL,2126.66,745,2026-01-01T02:32:51Z
order_00009173,batch_0005,trader_0025,ETH-USD,BUY,1860.64,983,2026-01-01T02:32:52Z
order_00009174,batch_0005,trader_0016,ETH-USD,BUY,2050.41,884,2026-01-01T02:32:53Z
order_00009175,batch_0005,trader_0023,ETH-USD,BUY,2189.52,308,2026-01-01T02:32:54Z
order_00009176,batch_0005,trader_0003,ETH-USD,SELL,2164.51,71,2026-01-01T02:32:55Z
order_00009177,batch_0005,trader_0018,ETH-USD,BUY,1887.06,671,2026-01-01T02:32:56Z
order_00009178,batch_0005,trader_0017,ETH-USD,SELL,2047.35,95,2026-01-01T02:32:57Z
order_00009179,batch_0005,trader_0011,ETH-USD,SELL,1916.22,491,2026-01-01T02:32:58Z
order_00009180,batch_0005,trader_0024,ETH-USD,SELL,1844.81,31,2026-01-01T02:32:59Z
order_00009181,batch_0005,trader_0008,ETH-USD,BUY,1809.17,163,2026-01-01T02:33:00Z
order_00009182,batch_0005,trader_0012,ETH-USD,BUY,1905.4,819,2026-01-01T02:33:01Z
order_00009183,batch_0005,trader_0009,ETH-USD,BUY,1997.24,982,2026-01-01T02:33:02Z
order_00009184,batch_0005,trader_0012,ETH-USD,SELL,2107.98,487,2026-01-01T02:33:03Z
order_00009185,batch_0005,trader_0012,ETH-USD,BUY,1998.37,733,2026-01-01T02:33:04Z
order_00009186,batch_0005,trader_0021,ETH-USD,SELL,1943.24,158,2026-01-01T02:33:05Z
order_00009187,batch_0005,trader_0013,ETH-USD,BUY,1830.1,232,2026-01-01T02:33:06Z
order_00009188,batch_0005,trader_0001,ETH-USD,SELL,1847.07,214,2026-01-01T02:33:07Z
order_00009189,batch_0005,trader_0021,ETH-USD,SELL,1998.99,679,2026-01-01T02:33:08Z
order_00009190,batch_0005,trader_0022,ETH-USD,SELL,1837.13,79,2026-01-01T02:33:09Z
order_00009191,batch_0005,trader_0025,ETH-USD,SELL,1821.95,788,2026-01-01T02:33:10Z
order_00009192,batch_0005,trader_0001,ETH-USD,SELL,1975.8,774,2026-01-01T02:33:11Z
order_00009193,batch_0005,trader_0020,ETH-USD,SELL,2142.76,778,2026-01-01T02:33:12Z
order_00009194,batch_0005,trader_0014,ETH-USD,BUY,1882.31,791,2026-01-01T02:33:13Z
order_00009195,batch_0005,trader_0012,ETH-USD,BUY,1809.08,473,2026-01-01T02:33:14Z
order_00009196,batch_0005,trader_0020,ETH-USD,SELL,1961.04,288,2026-01-01T02:33:15Z
order_00009197,batch_0005,trader_0022,ETH-USD,SELL,1958.76,992,2026-01-01T02:33:16Z
order_00009198,batch_0005,trader_0025,ETH-USD,SELL,2086.29,882,2026-01-01T02:33:17Z
order_00009199,batch_0005,trader_0001,ETH-USD,BUY,1984.49,707,2026-01-01T02:33:18Z
order_00009200,batch_0005,trader_0017,ETH-USD,BUY,2072.47,761,2026-01-01T02:33:19Z
order_00009201,batch_0005,trader_0016,ETH-USD,SELL,1810.57,801,2026-01-01T02:33:20Z
order_00009202,batch_0005,trader_0002,ETH-USD,SELL,1909.74,68,2026-01-01T02:33:21Z
order_00009203,batch_0005,trader_0007,ETH-USD,SELL,1899.86,203,2026-01-01T02:33:22Z
order_00009204,batch_0005,trader_0025,ETH-USD,BUY,1812.25,865,2026-01-01T02:33:23Z
order_00009205,batch_0005,trader_0016,ETH-USD,BUY,2013.81,911,2026-01-01T02:33:24Z
order_00009206,batch_0005,trader_0023,ETH-USD,BUY,2078.34,903,2026-01-01T02:33:25Z
order_00009207,batch_0005,trader_0021,ETH-USD,SELL,2049.22,198,2026-01-01T02:33:26Z
order_00009208,batch_0005,trader_0024,ETH-USD,BUY,1934.02,480,2026-01-01T02:33:27Z
order_00009209,batch_0005,trader_0005,ETH-USD,BUY,1997.16,592,2026-01-01T02:33:28Z
order_00009210,batch_0005,trader_0018,ETH-USD,SELL,1930.01,911,2026-01-01T02:33:29Z
order_00009211,batch_0005,trader_0018,ETH-USD,SELL,2074.36,145,2026-01-01T02:33:30Z
order_00009212,batch_0005,trader_0011,ETH-USD,SELL,1909.74,761,2026-01-01T02:33:31Z
order_00009213,batch_0005,trader_0025,ETH-USD,SELL,1884.63,116,2026-01-01T02:33:32Z
order_00009214,batch_0005,trader_0001,ETH-USD,BUY,2181.93,590,2026-01-01T02:33:33Z
order_00009215,batch_0005,trader_0006,ETH-USD,SELL,1924.33,942,2026-01-01T02:33:34Z
order_00009216,batch_0005,trader_0018,ETH-USD,SELL,1971.35,241,2026-01-01T02:33:35Z
order_00009217,batch_0005,trader_0016,ETH-USD,SELL,2019.12,212,2026-01-01T02:33:36Z
order_00009218,batch_0005,trader_0021,ETH-USD,BUY,2025.04,900,2026-01-01T02:33:37Z
order_00009219,batch_0005,trader_0001,ETH-USD,BUY,1896.21,976,2026-01-01T02:33:38Z
order_00009220,batch_0005,trader_0009,ETH-USD,BUY,1894.15,712,2026-01-01T02:33:39Z
order_00009221,batch_0005,trader_0014,ETH-USD,BUY,1924.48,532,2026-01-01T02:33:40Z
order_00009222,batch_0005,trader_0024,ETH-USD,SELL,2006.9,281,2026-01-01T02:33:41Z
order_00009223,batch_0005,trader_0013,ETH-USD,BUY,1906.3,729,2026-01-01T02:33:42Z
order_00009224,batch_0005,trader_0002,ETH-USD,BUY,1835.33,786,2026-01-01T02:33:43Z
order_00009225,batch_0005,trader_0012,ETH-USD,BUY,1982.95,109,2026-01-01T02:33:44Z
order_00009226,batch_0005,trader_0013,ETH-USD,SELL,1976.91,589,2026-01-01T02:33:45Z
order_00009227,batch_0005,trader_0010,ETH-USD,BUY,1943.34,267,2026-01-01T02:33:46Z
order_00009228,batch_0005,trader_0025,ETH-USD,BUY,1844.36,106,2026-01-01T02:33:47Z
order_00009229,batch_0005,trader_0015,ETH-USD,BUY,1831.79,819,2026-01-01T02:33:48Z
order_00009230,batch_0005,trader_0023,ETH-USD,BUY,2082.69,116,2026-01-01T02:33:49Z
order_00009231,batch_0005,trader_0003,ETH-USD,BUY,2156.65,389,2026-01-01T02:33:50Z
order_00009232,batch_0005,trader_0010,ETH-USD,BUY,1847.31,391,2026-01-01T02:33:51Z
order_00009233,batch_0005,trader_0013,ETH-USD,BUY,2143.9,32,2026-01-01T02:33:52Z
order_00009234,batch_0005,trader_0013,ETH-USD,BUY,2043.03,529,2026-01-01T02:33:53Z
order_00009235,batch_0005,trader_0011,ETH-USD,SELL,2113.08,23,2026-01-01T02:33:54Z
order_00009236,batch_0005,trader_0012,ETH-USD,BUY,1907.85,646,2026-01-01T02:33:55Z
order_00009237,batch_0005,trader_0017,ETH-USD,SELL,2096.61,180,2026-01-01T02:33:56Z
order_00009238,batch_0005,trader_0009,ETH-USD,SELL,2002.62,389,2026-01-01T02:33:57Z
order_00009239,batch_0005,trader_0008,ETH-USD,SELL,2111.54,966,2026-01-01T02:33:58Z
order_00009240,batch_0005,trader_0001,ETH-USD,BUY,2195.46,92,2026-01-01T02:33:59Z
order_00009241,batch_0005,trader_0009,ETH-USD,BUY,2119.72,899,2026-01-01T02:34:00Z
order_00009242,batch_0005,trader_0011,ETH-USD,SELL,1912.32,323,2026-01-01T02:34:01Z
order_00009243,batch_0005,trader_0014,ETH-USD,SELL,2069.83,363,2026-01-01T02:34:02Z
order_00009244,batch_0005,trader_0003,ETH-USD,BUY,2196.99,237,2026-01-01T02:34:03Z
order_00009245,batch_0005,trader_0005,ETH-USD,BUY,1965.46,979,2026-01-01T02:34:04Z
order_00009246,batch_0005,trader_0008,ETH-USD,BUY,1859.93,795,2026-01-01T02:34:05Z
order_00009247,batch_0005,trader_0016,ETH-USD,SELL,2119.94,386,2026-01-01T02:34:06Z
order_00009248,batch_0005,trader_0004,ETH-USD,SELL,1850.28,704,2026-01-01T02:34:07Z
order_00009249,batch_0005,trader_0015,ETH-USD,SELL,2186.36,745,2026-01-01T02:34:08Z
order_00009250,batch_0005,trader_0017,ETH-USD,SELL,1883.06,823,2026-01-01T02:34:09Z
order_00009251,batch_0005,trader_0002,ETH-USD,BUY,2063.25,377,2026-01-01T02:34:10Z
order_00009252,batch_0005,trader_0021,ETH-USD,SELL,2135.09,333,2026-01-01T02:34:11Z
order_00009253,batch_0005,trader_0009,ETH-USD,BUY,2034.19,809,2026-01-01T02:34:12Z
order_00009254,batch_0005,trader_0003,ETH-USD,BUY,2041.82,734,2026-01-01T02:34:13Z
order_00009255,batch_0005,trader_0002,ETH-USD,BUY,2162.75,941,2026-01-01T02:34:14Z
order_00009256,batch_0005,trader_0023,ETH-USD,SELL,1875.59,72,2026-01-01T02:34:15Z
order_00009257,batch_0005,trader_0025,ETH-USD,SELL,2156.64,877,2026-01-01T02:34:16Z
order_00009258,batch_0005,trader_0017,ETH-USD,SELL,1910.04,247,2026-01-01T02:34:17Z
order_00009259,batch_0005,trader_0024,ETH-USD,SELL,1908.8,576,2026-01-01T02:34:18Z
order_00009260,batch_0005,trader_0001,ETH-USD,SELL,1985.36,833,2026-01-01T02:34:19Z
order_00009261,batch_0005,trader_0019,ETH-USD,SELL,2124.19,177,2026-01-01T02:34:20Z
order_00009262,batch_0005,trader_0023,ETH-USD,BUY,2030.56,677,2026-01-01T02:34:21Z
order_00009263,batch_0005,trader_0012,ETH-USD,BUY,1872.5,831,2026-01-01T02:34:22Z
order_00009264,batch_0005,trader_0014,ETH-USD,BUY,2099.54,628,2026-01-01T02:34:23Z
order_00009265,batch_0005,trader_0003,ETH-USD,SELL,1855.28,301,2026-01-01T02:34:24Z
order_00009266,batch_0005,trader_0023,ETH-USD,SELL,2078.68,770,2026-01-01T02:34:25Z
order_00009267,batch_0005,trader_0005,ETH-USD,SELL,2137.9,363,2026-01-01T02:34:26Z
order_00009268,batch_0005,trader_0001,ETH-USD,BUY,2000.2,173,2026-01-01T02:34:27Z
order_00009269,batch_0005,trader_0023,ETH-USD,BUY,2172.09,991,2026-01-01T02:34:28Z
order_00009270,batch_0005,trader_0007,ETH-USD,SELL,2197.13,664,2026-01-01T02:34:29Z
order_00009271,batch_0005,trader_0010,ETH-USD,BUY,2031.98,473,2026-01-01T02:34:30Z
order_00009272,batch_0005,trader_0008,ETH-USD,SELL,2034.03,327,2026-01-01T02:34:31Z
order_00009273,batch_0005,trader_0023,ETH-USD,BUY,2126.45,121,2026-01-01T02:34:32Z
order_00009274,batch_0005,trader_0014,ETH-USD,BUY,2129.32,234,2026-01-01T02:34:33Z
order_00009275,batch_0005,trader_0016,ETH-USD,BUY,2005.75,750,2026-01-01T02:34:34Z
order_00009276,batch_0005,trader_0002,ETH-USD,SELL,2182.22,704,2026-01-01T02:34:35Z
order_00009277,batch_0005,trader_0018,ETH-USD,BUY,1805.1,456,2026-01-01T02:34:36Z
order_00009278,batch_0005,trader_0023,ETH-USD,SELL,1850.18,106,2026-01-01T02:34:37Z
order_00009279,batch_0005,trader_0015,ETH-USD,SELL,2062.45,652,2026-01-01T02:34:38Z
order_00009280,batch_0005,trader_0008,ETH-USD,BUY,2095.07,77,2026-01-01T02:34:39Z
order_00009281,batch_0005,trader_0025,ETH-USD,BUY,2149.58,278,2026-01-01T02:34:40Z
order_00009282,batch_0005,trader_0010,ETH-USD,SELL,1920.69,580,2026-01-01T02:34:41Z
order_00009283,batch_0005,trader_0006,ETH-USD,BUY,2141.27,944,2026-01-01T02:34:42Z
order_00009284,batch_0005,trader_0008,ETH-USD,SELL,2054.84,913,2026-01-01T02:34:43Z
order_00009285,batch_0005,trader_0018,ETH-USD,BUY,2109.55,360,2026-01-01T02:34:44Z
order_00009286,batch_0005,trader_0022,ETH-USD,BUY,1993.36,219,2026-01-01T02:34:45Z
order_00009287,batch_0005,trader_0013,ETH-USD,SELL,2085.18,484,2026-01-01T02:34:46Z
order_00009288,batch_0005,trader_0004,ETH-USD,SELL,2197.42,588,2026-01-01T02:34:47Z
order_00009289,batch_0005,trader_0014,ETH-USD,SELL,2167.32,50,2026-01-01T02:34:48Z
order_00009290,batch_0005,trader_0015,ETH-USD,SELL,1909.57,388,2026-01-01T02:34:49Z
order_00009291,batch_0005,trader_0003,ETH-USD,SELL,1838.34,484,2026-01-01T02:34:50Z
order_00009292,batch_0005,trader_0024,ETH-USD,BUY,1851.96,574,2026-01-01T02:34:51Z
order_00009293,batch_0005,trader_0015,ETH-USD,SELL,2134.32,67,2026-01-01T02:34:52Z
order_00009294,batch_0005,trader_0020,ETH-USD,SELL,2156.04,692,2026-01-01T02:34:53Z
order_00009295,batch_0005,trader_0001,ETH-USD,BUY,2088.61,955,2026-01-01T02:34:54Z
order_00009296,batch_0005,trader_0014,ETH-USD,BUY,1848.33,591,2026-01-01T02:34:55Z
order_00009297,batch_0005,trader_0009,ETH-USD,BUY,2173.21,308,2026-01-01T02:34:56Z
order_00009298,batch_0005,trader_0004,ETH-USD,BUY,2059.85,730,2026-01-01T02:34:57Z
order_00009299,batch_0005,trader_0002,ETH-USD,SELL,2001.93,877,2026-01-01T02:34:58Z
order_00009300,batch_0005,trader_0010,ETH-USD,SELL,1945.3,469,2026-01-01T02:34:59Z
order_00009301,batch_0005,trader_0016,ETH-USD,BUY,1920.79,786,2026-01-01T02:35:00Z
order_00009302,batch_0005,trader_0022,ETH-USD,BUY,2125.33,750,2026-01-01T02:35:01Z
order_00009303,batch_0005,trader_0025,ETH-USD,SELL,2143.19,560,2026-01-01T02:35:02Z
order_00009304,batch_0005,trader_0016,ETH-USD,BUY,1873.89,728,2026-01-01T02:35:03Z
order_00009305,batch_0005,trader_0010,ETH-USD,SELL,1993.14,686,2026-01-01T02:35:04Z
order_00009306,batch_0005,trader_0016,ETH-USD,SELL,2188.52,859,2026-01-01T02:35:05Z
order_00009307,batch_0005,trader_0018,ETH-USD,BUY,1987.5,58,2026-01-01T02:35:06Z
order_00009308,batch_0005,trader_0008,ETH-USD,SELL,1858.81,648,2026-01-01T02:35:07Z
order_00009309,batch_0005,trader_0003,ETH-USD,BUY,1837.92,954,2026-01-01T02:35:08Z
order_00009310,batch_0005,trader_0001,ETH-USD,SELL,2108.36,745,2026-01-01T02:35:09Z
order_00009311,batch_0005,trader_0013,ETH-USD,SELL,2101.98,168,2026-01-01T02:35:10Z
order_00009312,batch_0005,trader_0020,ETH-USD,BUY,2034.22,995,2026-01-01T02:35:11Z
order_00009313,batch_0005,trader_0001,ETH-USD,BUY,1964.77,416,2026-01-01T02:35:12Z
order_00009314,batch_0005,trader_0024,ETH-USD,BUY,1944.23,441,2026-01-01T02:35:13Z
order_00009315,batch_0005,trader_0019,ETH-USD,SELL,2197.1,563,2026-01-01T02:35:14Z
order_00009316,batch_0005,trader_0014,ETH-USD,SELL,1983.75,370,2026-01-01T02:35:15Z
order_00009317,batch_0005,trader_0017,ETH-USD,BUY,2130.11,777,2026-01-01T02:35:16Z
order_00009318,batch_0005,trader_0001,ETH-USD,BUY,2107.41,112,2026-01-01T02:35:17Z
order_00009319,batch_0005,trader_0024,ETH-USD,SELL,2073.15,194,2026-01-01T02:35:18Z
order_00009320,batch_0005,trader_0019,ETH-USD,BUY,2102.81,852,2026-01-01T02:35:19Z
order_00009321,batch_0005,trader_0008,ETH-USD,SELL,1978.81,22,2026-01-01T02:35:20Z
order_00009322,batch_0005,trader_0021,ETH-USD,BUY,1824.31,796,2026-01-01T02:35:21Z
order_00009323,batch_0005,trader_0023,ETH-USD,SELL,1966.77,751,2026-01-01T02:35:22Z
order_00009324,batch_0005,trader_0019,ETH-USD,SELL,2100.58,446,2026-01-01T02:35:23Z
order_00009325,batch_0005,trader_0025,ETH-USD,BUY,1999.48,38,2026-01-01T02:35:24Z
order_00009326,batch_0005,trader_0017,ETH-USD,SELL,2185.56,585,2026-01-01T02:35:25Z
order_00009327,batch_0005,trader_0005,ETH-USD,BUY,1908.53,517,2026-01-01T02:35:26Z
order_00009328,batch_0005,trader_0024,ETH-USD,SELL,1974.08,709,2026-01-01T02:35:27Z
order_00009329,batch_0005,trader_0022,ETH-USD,BUY,2146.09,451,2026-01-01T02:35:28Z
order_00009330,batch_0005,trader_0016,ETH-USD,BUY,1939.05,420,2026-01-01T02:35:29Z
order_00009331,batch_0005,trader_0011,ETH-USD,SELL,2145.39,690,2026-01-01T02:35:30Z
order_00009332,batch_0005,trader_0016,ETH-USD,BUY,1853.29,453,2026-01-01T02:35:31Z
order_00009333,batch_0005,trader_0025,ETH-USD,BUY,1910.47,694,2026-01-01T02:35:32Z
order_00009334,batch_0005,trader_0015,ETH-USD,SELL,2000.86,165,2026-01-01T02:35:33Z
order_00009335,batch_0005,trader_0019,ETH-USD,SELL,1999.36,278,2026-01-01T02:35:34Z
order_00009336,batch_0005,trader_0002,ETH-USD,BUY,2167.78,880,2026-01-01T02:35:35Z
order_00009337,batch_0005,trader_0025,ETH-USD,BUY,2105.89,342,2026-01-01T02:35:36Z
order_00009338,batch_0005,trader_0006,ETH-USD,BUY,1974.99,191,2026-01-01T02:35:37Z
order_00009339,batch_0005,trader_0005,ETH-USD,BUY,1823.34,232,2026-01-01T02:35:38Z
order_00009340,batch_0005,trader_0009,ETH-USD,SELL,2065.32,399,2026-01-01T02:35:39Z
order_00009341,batch_0005,trader_0015,ETH-USD,BUY,2170.56,976,2026-01-01T02:35:40Z
order_00009342,batch_0005,trader_0023,ETH-USD,BUY,2044.72,11,2026-01-01T02:35:41Z
order_00009343,batch_0005,trader_0009,ETH-USD,SELL,2101.39,473,2026-01-01T02:35:42Z
order_00009344,batch_0005,trader_0008,ETH-USD,SELL,2092.98,41,2026-01-01T02:35:43Z
order_00009345,batch_0005,trader_0005,ETH-USD,BUY,2005.98,444,2026-01-01T02:35:44Z
order_00009346,batch_0005,trader_0024,ETH-USD,SELL,1985.99,279,2026-01-01T02:35:45Z
order_00009347,batch_0005,trader_0023,ETH-USD,BUY,1850.06,126,2026-01-01T02:35:46Z
order_00009348,batch_0005,trader_0019,ETH-USD,SELL,2104.02,494,2026-01-01T02:35:47Z
order_00009349,batch_0005,trader_0012,ETH-USD,SELL,1824.74,26,2026-01-01T02:35:48Z
order_00009350,batch_0005,trader_0024,ETH-USD,SELL,1883.98,901,2026-01-01T02:35:49Z
order_00009351,batch_0005,trader_0007,ETH-USD,SELL,2040.19,418,2026-01-01T02:35:50Z
order_00009352,batch_0005,trader_0007,ETH-USD,BUY,1973.79,505,2026-01-01T02:35:51Z
order_00009353,batch_0005,trader_0012,ETH-USD,SELL,1859.78,133,2026-01-01T02:35:52Z
order_00009354,batch_0005,trader_0025,ETH-USD,SELL,2109.33,164,2026-01-01T02:35:53Z
order_00009355,batch_0005,trader_0008,ETH-USD,SELL,1855.93,477,2026-01-01T02:35:54Z
order_00009356,batch_0005,trader_0025,ETH-USD,BUY,1874.5,181,2026-01-01T02:35:55Z
order_00009357,batch_0005,trader_0008,ETH-USD,SELL,1814.14,105,2026-01-01T02:35:56Z
order_00009358,batch_0005,trader_0023,ETH-USD,SELL,2106.73,845,2026-01-01T02:35:57Z
order_00009359,batch_0005,trader_0023,ETH-USD,SELL,1802.76,55,2026-01-01T02:35:58Z
order_00009360,batch_0005,trader_0009,ETH-USD,SELL,2061.99,146,2026-01-01T02:35:59Z
order_00009361,batch_0005,trader_0015,ETH-USD,SELL,1881.77,35,2026-01-01T02:36:00Z
order_00009362,batch_0005,trader_0025,ETH-USD,BUY,1876.43,203,2026-01-01T02:36:01Z
order_00009363,batch_0005,trader_0018,ETH-USD,BUY,2052.9,127,2026-01-01T02:36:02Z
order_00009364,batch_0005,trader_0009,ETH-USD,SELL,1884.22,527,2026-01-01T02:36:03Z
order_00009365,batch_0005,trader_0003,ETH-USD,BUY,2106.42,650,2026-01-01T02:36:04Z
order_00009366,batch_0005,trader_0018,ETH-USD,BUY,1994.75,662,2026-01-01T02:36:05Z
order_00009367,batch_0005,trader_0008,ETH-USD,SELL,1907.75,13,2026-01-01T02:36:06Z
order_00009368,batch_0005,trader_0023,ETH-USD,BUY,2009.51,607,2026-01-01T02:36:07Z
order_00009369,batch_0005,trader_0022,ETH-USD,SELL,2101.1,381,2026-01-01T02:36:08Z
order_00009370,batch_0005,trader_0019,ETH-USD,SELL,2179.79,489,2026-01-01T02:36:09Z
order_00009371,batch_0005,trader_0021,ETH-USD,SELL,1806.63,554,2026-01-01T02:36:10Z
order_00009372,batch_0005,trader_0023,ETH-USD,SELL,1947.81,303,2026-01-01T02:36:11Z
order_00009373,batch_0005,trader_0023,ETH-USD,BUY,2091.16,310,2026-01-01T02:36:12Z
order_00009374,batch_0005,trader_0023,ETH-USD,BUY,1995.79,377,2026-01-01T02:36:13Z
order_00009375,batch_0005,trader_0022,ETH-USD,SELL,1985.43,228,2026-01-01T02:36:14Z
order_00009376,batch_0005,trader_0007,ETH-USD,BUY,1812.05,297,2026-01-01T02:36:15Z
order_00009377,batch_0005,trader_0007,ETH-USD,SELL,2129.56,645,2026-01-01T02:36:16Z
order_00009378,batch_0005,trader_0017,ETH-USD,SELL,2041.01,992,2026-01-01T02:36:17Z
order_00009379,batch_0005,trader_0024,ETH-USD,SELL,1881.67,632,2026-01-01T02:36:18Z
order_00009380,batch_0005,trader_0007,ETH-USD,SELL,2196.82,539,2026-01-01T02:36:19Z
order_00009381,batch_0005,trader_0020,ETH-USD,SELL,1815.21,586,2026-01-01T02:36:20Z
order_00009382,batch_0005,trader_0022,ETH-USD,BUY,2042.88,933,2026-01-01T02:36:21Z
order_00009383,batch_0005,trader_0007,ETH-USD,SELL,1887.08,884,2026-01-01T02:36:22Z
order_00009384,batch_0005,trader_0006,ETH-USD,BUY,1809.14,382,2026-01-01T02:36:23Z
order_00009385,batch_0005,trader_0019,ETH-USD,BUY,1949.65,523,2026-01-01T02:36:24Z
order_00009386,batch_0005,trader_0012,ETH-USD,SELL,2185.58,431,2026-01-01T02:36:25Z
order_00009387,batch_0005,trader_0001,ETH-USD,SELL,2073.98,698,2026-01-01T02:36:26Z
order_00009388,batch_0005,trader_0014,ETH-USD,BUY,1958.45,12,2026-01-01T02:36:27Z
order_00009389,batch_0005,trader_0013,ETH-USD,SELL,2059.74,755,2026-01-01T02:36:28Z
order_00009390,batch_0005,trader_0021,ETH-USD,SELL,1814.73,786,2026-01-01T02:36:29Z
order_00009391,batch_0005,trader_0016,ETH-USD,BUY,1997.68,305,2026-01-01T02:36:30Z
order_00009392,batch_0005,trader_0019,ETH-USD,BUY,2131.54,305,2026-01-01T02:36:31Z
order_00009393,batch_0005,trader_0018,ETH-USD,SELL,1898.65,439,2026-01-01T02:36:32Z
order_00009394,batch_0005,trader_0024,ETH-USD,SELL,2046.26,742,2026-01-01T02:36:33Z
order_00009395,batch_0005,trader_0010,ETH-USD,BUY,1933.98,541,2026-01-01T02:36:34Z
order_00009396,batch_0005,trader_0005,ETH-USD,BUY,1952.45,481,2026-01-01T02:36:35Z
order_00009397,batch_0005,trader_0013,ETH-USD,BUY,2026.39,361,2026-01-01T02:36:36Z
order_00009398,batch_0005,trader_0007,ETH-USD,BUY,1976.71,694,2026-01-01T02:36:37Z
order_00009399,batch_0005,trader_0020,ETH-USD,SELL,1891.14,425,2026-01-01T02:36:38Z
order_00009400,batch_0005,trader_0010,ETH-USD,BUY,2166.78,345,2026-01-01T02:36:39Z
order_00009401,batch_0005,trader_0011,ETH-USD,BUY,2025.15,570,2026-01-01T02:36:40Z
order_00009402,batch_0005,trader_0014,ETH-USD,SELL,1965.9,293,2026-01-01T02:36:41Z
order_00009403,batch_0005,trader_0003,ETH-USD,SELL,1947.2,669,2026-01-01T02:36:42Z
order_00009404,batch_0005,trader_0002,ETH-USD,BUY,1996.24,526,2026-01-01T02:36:43Z
order_00009405,batch_0005,trader_0001,ETH-USD,BUY,2140.87,757,2026-01-01T02:36:44Z
order_00009406,batch_0005,trader_0015,ETH-USD,SELL,2122.67,754,2026-01-01T02:36:45Z
order_00009407,batch_0005,trader_0008,ETH-USD,SELL,2068.59,390,2026-01-01T02:36:46Z
order_00009408,batch_0005,trader_0024,ETH-USD,SELL,1867.1,997,2026-01-01T02:36:47Z
order_00009409,batch_0005,trader_0024,ETH-USD,BUY,1984.48,814,2026-01-01T02:36:48Z
order_00009410,batch_0005,trader_0024,ETH-USD,SELL,1868.0,191,2026-01-01T02:36:49Z
order_00009411,batch_0005,trader_0009,ETH-USD,BUY,2002.0,941,2026-01-01T02:36:50Z
order_00009412,batch_0005,trader_0014,ETH-USD,SELL,2191.88,613,2026-01-01T02:36:51Z
order_00009413,batch_0005,trader_0019,ETH-USD,SELL,2118.78,6,2026-01-01T02:36:52Z
order_00009414,batch_0005,trader_0018,ETH-USD,BUY,1804.15,618,2026-01-01T02:36:53Z
order_00009415,batch_0005,trader_0024,ETH-USD,SELL,2088.0,406,2026-01-01T02:36:54Z
order_00009416,batch_0005,trader_0024,ETH-USD,BUY,1883.15,453,2026-01-01T02:36:55Z
order_00009417,batch_0005,trader_0025,ETH-USD,BUY,1921.68,317,2026-01-01T02:36:56Z
order_00009418,batch_0005,trader_0019,ETH-USD,BUY,2023.05,788,2026-01-01T02:36:57Z
order_00009419,batch_0005,trader_0017,ETH-USD,SELL,2065.79,203,2026-01-01T02:36:58Z
order_00009420,batch_0005,trader_0009,ETH-USD,BUY,2052.04,372,2026-01-01T02:36:59Z
order_00009421,batch_0005,trader_0020,ETH-USD,BUY,2117.98,442,2026-01-01T02:37:00Z
order_00009422,batch_0005,trader_0004,ETH-USD,SELL,1879.13,614,2026-01-01T02:37:01Z
order_00009423,batch_0005,trader_0025,ETH-USD,SELL,2166.12,300,2026-01-01T02:37:02Z
order_00009424,batch_0005,trader_0018,ETH-USD,SELL,1946.3,678,2026-01-01T02:37:03Z
order_00009425,batch_0005,trader_0016,ETH-USD,BUY,1940.03,293,2026-01-01T02:37:04Z
order_00009426,batch_0005,trader_0014,ETH-USD,SELL,1908.76,733,2026-01-01T02:37:05Z
order_00009427,batch_0005,trader_0016,ETH-USD,SELL,1920.06,856,2026-01-01T02:37:06Z
order_00009428,batch_0005,trader_0008,ETH-USD,SELL,2184.16,706,2026-01-01T02:37:07Z
order_00009429,batch_0005,trader_0002,ETH-USD,SELL,2019.64,787,2026-01-01T02:37:08Z
order_00009430,batch_0005,trader_0023,ETH-USD,SELL,2156.74,806,2026-01-01T02:37:09Z
order_00009431,batch_0005,trader_0001,ETH-USD,BUY,2177.35,514,2026-01-01T02:37:10Z
order_00009432,batch_0005,trader_0003,ETH-USD,SELL,1974.7,399,2026-01-01T02:37:11Z
order_00009433,batch_0005,trader_0010,ETH-USD,SELL,2016.93,454,2026-01-01T02:37:12Z
order_00009434,batch_0005,trader_0017,ETH-USD,SELL,1836.23,454,2026-01-01T02:37:13Z
order_00009435,batch_0005,trader_0015,ETH-USD,SELL,2000.98,553,2026-01-01T02:37:14Z
order_00009436,batch_0005,trader_0002,ETH-USD,BUY,1905.61,835,2026-01-01T02:37:15Z
order_00009437,batch_0005,trader_0020,ETH-USD,SELL,2003.24,413,2026-01-01T02:37:16Z
order_00009438,batch_0005,trader_0024,ETH-USD,BUY,1958.03,42,2026-01-01T02:37:17Z
order_00009439,batch_0005,trader_0017,ETH-USD,BUY,1895.9,154,2026-01-01T02:37:18Z
order_00009440,batch_0005,trader_0022,ETH-USD,SELL,2036.68,661,2026-01-01T02:37:19Z
order_00009441,batch_0005,trader_0021,ETH-USD,BUY,2120.89,403,2026-01-01T02:37:20Z
order_00009442,batch_0005,trader_0025,ETH-USD,BUY,1888.92,953,2026-01-01T02:37:21Z
order_00009443,batch_0005,trader_0013,ETH-USD,SELL,1900.45,367,2026-01-01T02:37:22Z
order_00009444,batch_0005,trader_0006,ETH-USD,SELL,2198.7,182,2026-01-01T02:37:23Z
order_00009445,batch_0005,trader_0002,ETH-USD,SELL,1942.27,703,2026-01-01T02:37:24Z
order_00009446,batch_0005,trader_0001,ETH-USD,SELL,1980.75,517,2026-01-01T02:37:25Z
order_00009447,batch_0005,trader_0010,ETH-USD,SELL,1883.83,47,2026-01-01T02:37:26Z
order_00009448,batch_0005,trader_0001,ETH-USD,BUY,1952.7,298,2026-01-01T02:37:27Z
order_00009449,batch_0005,trader_0007,ETH-USD,SELL,2120.95,602,2026-01-01T02:37:28Z
order_00009450,batch_0005,trader_0015,ETH-USD,BUY,1976.52,266,2026-01-01T02:37:29Z
order_00009451,batch_0005,trader_0022,ETH-USD,BUY,2033.14,936,2026-01-01T02:37:30Z
order_00009452,batch_0005,trader_0006,ETH-USD,SELL,1970.41,84,2026-01-01T02:37:31Z
order_00009453,batch_0005,trader_0025,ETH-USD,BUY,1935.21,832,2026-01-01T02:37:32Z
order_00009454,batch_0005,trader_0013,ETH-USD,BUY,2126.46,589,2026-01-01T02:37:33Z
order_00009455,batch_0005,trader_0014,ETH-USD,SELL,2020.5,360,2026-01-01T02:37:34Z
order_00009456,batch_0005,trader_0003,ETH-USD,SELL,2170.48,729,2026-01-01T02:37:35Z
order_00009457,batch_0005,trader_0002,ETH-USD,SELL,2055.53,925,2026-01-01T02:37:36Z
order_00009458,batch_0005,trader_0017,ETH-USD,SELL,1849.05,310,2026-01-01T02:37:37Z
order_00009459,batch_0005,trader_0005,ETH-USD,SELL,1886.67,221,2026-01-01T02:37:38Z
order_00009460,batch_0005,trader_0022,ETH-USD,SELL,2085.86,426,2026-01-01T02:37:39Z
order_00009461,batch_0005,trader_0017,ETH-USD,BUY,2125.97,103,2026-01-01T02:37:40Z
order_00009462,batch_0005,trader_0001,ETH-USD,BUY,1800.13,768,2026-01-01T02:37:41Z
order_00009463,batch_0005,trader_0016,ETH-USD,BUY,2114.16,347,2026-01-01T02:37:42Z
order_00009464,batch_0005,trader_0001,ETH-USD,BUY,1804.62,532,2026-01-01T02:37:43Z
order_00009465,batch_0005,trader_0012,ETH-USD,BUY,1917.72,877,2026-01-01T02:37:44Z
order_00009466,batch_0005,trader_0003,ETH-USD,SELL,2185.24,97,2026-01-01T02:37:45Z
order_00009467,batch_0005,trader_0024,ETH-USD,SELL,1821.92,573,2026-01-01T02:37:46Z
order_00009468,batch_0005,trader_0010,ETH-USD,SELL,1836.25,828,2026-01-01T02:37:47Z
order_00009469,batch_0005,trader_0007,ETH-USD,SELL,2031.36,790,2026-01-01T02:37:48Z
order_00009470,batch_0005,trader_0012,ETH-USD,SELL,2113.76,641,2026-01-01T02:37:49Z
order_00009471,batch_0005,trader_0019,ETH-USD,BUY,1934.42,365,2026-01-01T02:37:50Z
order_00009472,batch_0005,trader_0019,ETH-USD,BUY,2095.88,833,2026-01-01T02:37:51Z
order_00009473,batch_0005,trader_0018,ETH-USD,BUY,2030.56,951,2026-01-01T02:37:52Z
order_00009474,batch_0005,trader_0022,ETH-USD,BUY,1973.24,514,2026-01-01T02:37:53Z
order_00009475,batch_0005,trader_0001,ETH-USD,BUY,1803.11,495,2026-01-01T02:37:54Z
order_00009476,batch_0005,trader_0020,ETH-USD,SELL,2179.17,625,2026-01-01T02:37:55Z
order_00009477,batch_0005,trader_0018,ETH-USD,SELL,1865.17,725,2026-01-01T02:37:56Z
order_00009478,batch_0005,trader_0012,ETH-USD,SELL,2112.57,978,2026-01-01T02:37:57Z
order_00009479,batch_0005,trader_0004,ETH-USD,BUY,2164.71,941,2026-01-01T02:37:58Z
order_00009480,batch_0005,trader_0019,ETH-USD,SELL,1861.48,86,2026-01-01T02:37:59Z
order_00009481,batch_0005,trader_0025,ETH-USD,BUY,1856.2,833,2026-01-01T02:38:00Z
order_00009482,batch_0005,trader_0005,ETH-USD,BUY,1941.21,591,2026-01-01T02:38:01Z
order_00009483,batch_0005,trader_0025,ETH-USD,BUY,2176.8,893,2026-01-01T02:38:02Z
order_00009484,batch_0005,trader_0007,ETH-USD,SELL,2066.29,43,2026-01-01T02:38:03Z
order_00009485,batch_0005,trader_0016,ETH-USD,BUY,1829.22,693,2026-01-01T02:38:04Z
order_00009486,batch_0005,trader_0013,ETH-USD,BUY,2022.27,535,2026-01-01T02:38:05Z
order_00009487,batch_0005,trader_0001,ETH-USD,BUY,1901.95,460,2026-01-01T02:38:06Z
order_00009488,batch_0005,trader_0006,ETH-USD,BUY,1827.32,109,2026-01-01T02:38:07Z
order_00009489,batch_0005,trader_0005,ETH-USD,SELL,2190.54,808,2026-01-01T02:38:08Z
order_00009490,batch_0005,trader_0002,ETH-USD,SELL,1891.82,666,2026-01-01T02:38:09Z
order_00009491,batch_0005,trader_0012,ETH-USD,SELL,2198.66,607,2026-01-01T02:38:10Z
order_00009492,batch_0005,trader_0022,ETH-USD,SELL,1927.2,440,2026-01-01T02:38:11Z
order_00009493,batch_0005,trader_0014,ETH-USD,BUY,1847.15,113,2026-01-01T02:38:12Z
order_00009494,batch_0005,trader_0003,ETH-USD,BUY,1825.39,659,2026-01-01T02:38:13Z
order_00009495,batch_0005,trader_0022,ETH-USD,SELL,2091.95,684,2026-01-01T02:38:14Z
order_00009496,batch_0005,trader_0022,ETH-USD,SELL,1892.01,799,2026-01-01T02:38:15Z
order_00009497,batch_0005,trader_0007,ETH-USD,SELL,2170.47,624,2026-01-01T02:38:16Z
order_00009498,batch_0005,trader_0024,ETH-USD,BUY,1942.87,333,2026-01-01T02:38:17Z
order_00009499,batch_0005,trader_0005,ETH-USD,SELL,2032.32,508,2026-01-01T02:38:18Z
order_00009500,batch_0005,trader_0004,ETH-USD,BUY,1860.26,807,2026-01-01T02:38:19Z
order_00009501,batch_0005,trader_0020,ETH-USD,SELL,2065.1,836,2026-01-01T02:38:20Z
order_00009502,batch_0005,trader_0023,ETH-USD,BUY,2075.01,674,2026-01-01T02:38:21Z
order_00009503,batch_0005,trader_0001,ETH-USD,SELL,2126.18,867,2026-01-01T02:38:22Z
order_00009504,batch_0005,trader_0004,ETH-USD,SELL,1954.76,721,2026-01-01T02:38:23Z
order_00009505,batch_0005,trader_0002,ETH-USD,SELL,2144.07,415,2026-01-01T02:38:24Z
order_00009506,batch_0005,trader_0006,ETH-USD,SELL,1812.34,368,2026-01-01T02:38:25Z
order_00009507,batch_0005,trader_0007,ETH-USD,BUY,2101.81,145,2026-01-01T02:38:26Z
order_00009508,batch_0005,trader_0013,ETH-USD,SELL,2007.55,7,2026-01-01T02:38:27Z
order_00009509,batch_0005,trader_0023,ETH-USD,SELL,1841.29,795,2026-01-01T02:38:28Z
order_00009510,batch_0005,trader_0009,ETH-USD,SELL,1805.33,788,2026-01-01T02:38:29Z
order_00009511,batch_0005,trader_0002,ETH-USD,SELL,1962.83,827,2026-01-01T02:38:30Z
order_00009512,batch_0005,trader_0020,ETH-USD,SELL,1830.15,719,2026-01-01T02:38:31Z
order_00009513,batch_0005,trader_0025,ETH-USD,BUY,1902.66,105,2026-01-01T02:38:32Z
order_00009514,batch_0005,trader_0019,ETH-USD,SELL,1909.27,242,2026-01-01T02:38:33Z
order_00009515,batch_0005,trader_0012,ETH-USD,BUY,2026.42,288,2026-01-01T02:38:34Z
order_00009516,batch_0005,trader_0022,ETH-USD,BUY,1804.62,414,2026-01-01T02:38:35Z
order_00009517,batch_0005,trader_0017,ETH-USD,SELL,1932.97,758,2026-01-01T02:38:36Z
order_00009518,batch_0005,trader_0015,ETH-USD,BUY,1852.68,848,2026-01-01T02:38:37Z
order_00009519,batch_0005,trader_0018,ETH-USD,BUY,1972.88,408,2026-01-01T02:38:38Z
order_00009520,batch_0005,trader_0012,ETH-USD,BUY,2055.07,634,2026-01-01T02:38:39Z
order_00009521,batch_0005,trader_0005,ETH-USD,SELL,1994.84,42,2026-01-01T02:38:40Z
order_00009522,batch_0005,trader_0005,ETH-USD,SELL,1831.27,281,2026-01-01T02:38:41Z
order_00009523,batch_0005,trader_0020,ETH-USD,SELL,1806.43,674,2026-01-01T02:38:42Z
order_00009524,batch_0005,trader_0021,ETH-USD,BUY,2143.76,953,2026-01-01T02:38:43Z
order_00009525,batch_0005,trader_0007,ETH-USD,BUY,1871.66,442,2026-01-01T02:38:44Z
order_00009526,batch_0005,trader_0015,ETH-USD,SELL,2013.46,643,2026-01-01T02:38:45Z
order_00009527,batch_0005,trader_0020,ETH-USD,BUY,2041.93,400,2026-01-01T02:38:46Z
order_00009528,batch_0005,trader_0013,ETH-USD,SELL,1817.96,200,2026-01-01T02:38:47Z
order_00009529,batch_0005,trader_0005,ETH-USD,SELL,1914.28,991,2026-01-01T02:38:48Z
order_00009530,batch_0005,trader_0016,ETH-USD,SELL,1960.34,646,2026-01-01T02:38:49Z
order_00009531,batch_0005,trader_0017,ETH-USD,SELL,2084.88,689,2026-01-01T02:38:50Z
order_00009532,batch_0005,trader_0022,ETH-USD,BUY,1805.73,929,2026-01-01T02:38:51Z
order_00009533,batch_0005,trader_0013,ETH-USD,BUY,2122.66,624,2026-01-01T02:38:52Z
order_00009534,batch_0005,trader_0005,ETH-USD,BUY,1956.09,777,2026-01-01T02:38:53Z
order_00009535,batch_0005,trader_0001,ETH-USD,SELL,1959.61,554,2026-01-01T02:38:54Z
order_00009536,batch_0005,trader_0005,ETH-USD,SELL,2038.71,316,2026-01-01T02:38:55Z
order_00009537,batch_0005,trader_0018,ETH-USD,BUY,1960.01,964,2026-01-01T02:38:56Z
order_00009538,batch_0005,trader_0022,ETH-USD,SELL,2199.17,647,2026-01-01T02:38:57Z
order_00009539,batch_0005,trader_0013,ETH-USD,BUY,1818.39,667,2026-01-01T02:38:58Z
order_00009540,batch_0005,trader_0024,ETH-USD,BUY,2135.67,162,2026-01-01T02:38:59Z
order_00009541,batch_0005,trader_0006,ETH-USD,BUY,1918.14,701,2026-01-01T02:39:00Z
order_00009542,batch_0005,trader_0016,ETH-USD,BUY,2128.74,373,2026-01-01T02:39:01Z
order_00009543,batch_0005,trader_0005,ETH-USD,SELL,1834.69,212,2026-01-01T02:39:02Z
order_00009544,batch_0005,trader_0007,ETH-USD,BUY,1871.72,281,2026-01-01T02:39:03Z
order_00009545,batch_0005,trader_0013,ETH-USD,BUY,2131.12,350,2026-01-01T02:39:04Z
order_00009546,batch_0005,trader_0024,ETH-USD,SELL,2008.4,1,2026-01-01T02:39:05Z
order_00009547,batch_0005,trader_0020,ETH-USD,SELL,2047.72,858,2026-01-01T02:39:06Z
order_00009548,batch_0005,trader_0004,ETH-USD,BUY,1981.05,65,2026-01-01T02:39:07Z
order_00009549,batch_0005,trader_0025,ETH-USD,BUY,1822.63,870,2026-01-01T02:39:08Z
order_00009550,batch_0005,trader_0024,ETH-USD,BUY,1943.99,641,2026-01-01T02:39:09Z
order_00009551,batch_0005,trader_0003,ETH-USD,SELL,1879.69,339,2026-01-01T02:39:10Z
order_00009552,batch_0005,trader_0012,ETH-USD,BUY,2006.01,122,2026-01-01T02:39:11Z
order_00009553,batch_0005,trader_0020,ETH-USD,SELL,1931.75,18,2026-01-01T02:39:12Z
order_00009554,batch_0005,trader_0005,ETH-USD,BUY,1859.77,680,2026-01-01T02:39:13Z
order_00009555,batch_0005,trader_0001,ETH-USD,BUY,2084.44,736,2026-01-01T02:39:14Z
order_00009556,batch_0005,trader_0019,ETH-USD,SELL,1858.75,905,2026-01-01T02:39:15Z
order_00009557,batch_0005,trader_0008,ETH-USD,BUY,2155.64,265,2026-01-01T02:39:16Z
order_00009558,batch_0005,trader_0023,ETH-USD,SELL,2125.75,812,2026-01-01T02:39:17Z
order_00009559,batch_0005,trader_0001,ETH-USD,SELL,1912.41,77,2026-01-01T02:39:18Z
order_00009560,batch_0005,trader_0016,ETH-USD,SELL,2170.5,552,2026-01-01T02:39:19Z
order_00009561,batch_0005,trader_0007,ETH-USD,SELL,2077.87,272,2026-01-01T02:39:20Z
order_00009562,batch_0005,trader_0016,ETH-USD,SELL,1986.23,651,2026-01-01T02:39:21Z
order_00009563,batch_0005,trader_0010,ETH-USD,SELL,1860.45,558,2026-01-01T02:39:22Z
order_00009564,batch_0005,trader_0004,ETH-USD,BUY,1838.67,153,2026-01-01T02:39:23Z
order_00009565,batch_0005,trader_0003,ETH-USD,BUY,1858.91,544,2026-01-01T02:39:24Z
order_00009566,batch_0005,trader_0022,ETH-USD,BUY,2176.13,638,2026-01-01T02:39:25Z
order_00009567,batch_0005,trader_0004,ETH-USD,SELL,1832.32,530,2026-01-01T02:39:26Z
order_00009568,batch_0005,trader_0022,ETH-USD,SELL,1817.05,984,2026-01-01T02:39:27Z
order_00009569,batch_0005,trader_0006,ETH-USD,SELL,2144.61,155,2026-01-01T02:39:28Z
order_00009570,batch_0005,trader_0017,ETH-USD,SELL,2197.35,353,2026-01-01T02:39:29Z
order_00009571,batch_0005,trader_0007,ETH-USD,SELL,2122.21,773,2026-01-01T02:39:30Z
order_00009572,batch_0005,trader_0015,ETH-USD,SELL,2001.57,371,2026-01-01T02:39:31Z
order_00009573,batch_0005,trader_0012,ETH-USD,SELL,2177.66,795,2026-01-01T02:39:32Z
order_00009574,batch_0005,trader_0023,ETH-USD,SELL,1885.28,428,2026-01-01T02:39:33Z
order_00009575,batch_0005,trader_0005,ETH-USD,BUY,2180.14,536,2026-01-01T02:39:34Z
order_00009576,batch_0005,trader_0021,ETH-USD,BUY,2196.86,776,2026-01-01T02:39:35Z
order_00009577,batch_0005,trader_0006,ETH-USD,BUY,1918.17,319,2026-01-01T02:39:36Z
order_00009578,batch_0005,trader_0004,ETH-USD,BUY,1881.04,330,2026-01-01T02:39:37Z
order_00009579,batch_0005,trader_0022,ETH-USD,BUY,2188.0,478,2026-01-01T02:39:38Z
order_00009580,batch_0005,trader_0011,ETH-USD,SELL,2021.42,192,2026-01-01T02:39:39Z
order_00009581,batch_0005,trader_0012,ETH-USD,BUY,1900.71,256,2026-01-01T02:39:40Z
order_00009582,batch_0005,trader_0017,ETH-USD,BUY,2010.91,754,2026-01-01T02:39:41Z
order_00009583,batch_0005,trader_0009,ETH-USD,SELL,1802.85,163,2026-01-01T02:39:42Z
order_00009584,batch_0005,trader_0013,ETH-USD,BUY,1974.06,485,2026-01-01T02:39:43Z
order_00009585,batch_0005,trader_0018,ETH-USD,SELL,1851.4,546,2026-01-01T02:39:44Z
order_00009586,batch_0005,trader_0023,ETH-USD,SELL,1928.38,307,2026-01-01T02:39:45Z
order_00009587,batch_0005,trader_0022,ETH-USD,SELL,1831.61,458,2026-01-01T02:39:46Z
order_00009588,batch_0005,trader_0007,ETH-USD,BUY,1989.06,641,2026-01-01T02:39:47Z
order_00009589,batch_0005,trader_0023,ETH-USD,BUY,2128.62,863,2026-01-01T02:39:48Z
order_00009590,batch_0005,trader_0007,ETH-USD,SELL,1943.96,569,2026-01-01T02:39:49Z
order_00009591,batch_0005,trader_0005,ETH-USD,BUY,2100.03,796,2026-01-01T02:39:50Z
order_00009592,batch_0005,trader_0002,ETH-USD,BUY,2062.67,98,2026-01-01T02:39:51Z
order_00009593,batch_0005,trader_0003,ETH-USD,BUY,2084.75,303,2026-01-01T02:39:52Z
order_00009594,batch_0005,trader_0001,ETH-USD,BUY,1905.33,978,2026-01-01T02:39:53Z
order_00009595,batch_0005,trader_0013,ETH-USD,SELL,1806.09,125,2026-01-01T02:39:54Z
order_00009596,batch_0005,trader_0005,ETH-USD,BUY,1914.46,945,2026-01-01T02:39:55Z
order_00009597,batch_0005,trader_0010,ETH-USD,SELL,2039.0,889,2026-01-01T02:39:56Z
order_00009598,batch_0005,trader_0007,ETH-USD,BUY,1924.76,473,2026-01-01T02:39:57Z
order_00009599,batch_0005,trader_0016,ETH-USD,BUY,2118.28,610,2026-01-01T02:39:58Z
order_00009600,batch_0005,trader_0012,ETH-USD,BUY,2073.41,126,2026-01-01T02:39:59Z
order_00009601,batch_0005,trader_0009,ETH-USD,BUY,1897.22,839,2026-01-01T02:40:00Z
order_00009602,batch_0005,trader_0020,ETH-USD,SELL,1980.37,956,2026-01-01T02:40:01Z
order_00009603,batch_0005,trader_0003,ETH-USD,BUY,1986.96,631,2026-01-01T02:40:02Z
order_00009604,batch_0005,trader_0021,ETH-USD,BUY,2098.52,47,2026-01-01T02:40:03Z
order_00009605,batch_0005,trader_0020,ETH-USD,BUY,1920.61,302,2026-01-01T02:40:04Z
order_00009606,batch_0005,trader_0023,ETH-USD,BUY,2084.58,757,2026-01-01T02:40:05Z
order_00009607,batch_0005,trader_0021,ETH-USD,BUY,2086.78,565,2026-01-01T02:40:06Z
order_00009608,batch_0005,trader_0003,ETH-USD,BUY,2009.4,544,2026-01-01T02:40:07Z
order_00009609,batch_0005,trader_0002,ETH-USD,SELL,2004.69,488,2026-01-01T02:40:08Z
order_00009610,batch_0005,trader_0005,ETH-USD,SELL,2123.6,953,2026-01-01T02:40:09Z
order_00009611,batch_0005,trader_0016,ETH-USD,BUY,2036.31,587,2026-01-01T02:40:10Z
order_00009612,batch_0005,trader_0008,ETH-USD,SELL,1982.54,223,2026-01-01T02:40:11Z
order_00009613,batch_0005,trader_0019,ETH-USD,SELL,2161.21,503,2026-01-01T02:40:12Z
order_00009614,batch_0005,trader_0007,ETH-USD,SELL,2167.93,976,2026-01-01T02:40:13Z
order_00009615,batch_0005,trader_0020,ETH-USD,BUY,1874.49,172,2026-01-01T02:40:14Z
order_00009616,batch_0005,trader_0015,ETH-USD,BUY,1816.38,571,2026-01-01T02:40:15Z
order_00009617,batch_0005,trader_0004,ETH-USD,BUY,1882.7,462,2026-01-01T02:40:16Z
order_00009618,batch_0005,trader_0024,ETH-USD,SELL,2176.72,750,2026-01-01T02:40:17Z
order_00009619,batch_0005,trader_0013,ETH-USD,SELL,1887.34,538,2026-01-01T02:40:18Z
order_00009620,batch_0005,trader_0024,ETH-USD,SELL,1983.93,318,2026-01-01T02:40:19Z
order_00009621,batch_0005,trader_0001,ETH-USD,SELL,1802.55,262,2026-01-01T02:40:20Z
order_00009622,batch_0005,trader_0025,ETH-USD,BUY,1964.45,395,2026-01-01T02:40:21Z
order_00009623,batch_0005,trader_0015,ETH-USD,BUY,1801.49,13,2026-01-01T02:40:22Z
order_00009624,batch_0005,trader_0018,ETH-USD,BUY,1855.7,735,2026-01-01T02:40:23Z
order_00009625,batch_0005,trader_0006,ETH-USD,SELL,2146.18,124,2026-01-01T02:40:24Z
order_00009626,batch_0005,trader_0004,ETH-USD,SELL,2015.51,661,2026-01-01T02:40:25Z
order_00009627,batch_0005,trader_0017,ETH-USD,SELL,1885.01,951,2026-01-01T02:40:26Z
order_00009628,batch_0005,trader_0016,ETH-USD,BUY,2014.87,982,2026-01-01T02:40:27Z
order_00009629,batch_0005,trader_0005,ETH-USD,SELL,2105.02,268,2026-01-01T02:40:28Z
order_00009630,batch_0005,trader_0020,ETH-USD,BUY,2116.18,726,2026-01-01T02:40:29Z
order_00009631,batch_0005,trader_0010,ETH-USD,BUY,1804.44,871,2026-01-01T02:40:30Z
order_00009632,batch_0005,trader_0014,ETH-USD,SELL,2057.54,369,2026-01-01T02:40:31Z
order_00009633,batch_0005,trader_0013,ETH-USD,SELL,2104.2,679,2026-01-01T02:40:32Z
order_00009634,batch_0005,trader_0009,ETH-USD,BUY,1958.84,990,2026-01-01T02:40:33Z
order_00009635,batch_0005,trader_0007,ETH-USD,SELL,1837.8,238,2026-01-01T02:40:34Z
order_00009636,batch_0005,trader_0011,ETH-USD,BUY,1905.85,937,2026-01-01T02:40:35Z
order_00009637,batch_0005,trader_0018,ETH-USD,SELL,1910.85,745,2026-01-01T02:40:36Z
order_00009638,batch_0005,trader_0010,ETH-USD,BUY,2008.34,990,2026-01-01T02:40:37Z
order_00009639,batch_0005,trader_0004,ETH-USD,SELL,1973.2,818,2026-01-01T02:40:38Z
order_00009640,batch_0005,trader_0001,ETH-USD,BUY,1872.53,268,2026-01-01T02:40:39Z
order_00009641,batch_0005,trader_0018,ETH-USD,SELL,1894.02,768,2026-01-01T02:40:40Z
order_00009642,batch_0005,trader_0001,ETH-USD,SELL,2102.86,486,2026-01-01T02:40:41Z
order_00009643,batch_0005,trader_0008,ETH-USD,BUY,2090.34,728,2026-01-01T02:40:42Z
order_00009644,batch_0005,trader_0017,ETH-USD,SELL,2050.37,259,2026-01-01T02:40:43Z
order_00009645,batch_0005,trader_0011,ETH-USD,BUY,1964.31,706,2026-01-01T02:40:44Z
order_00009646,batch_0005,trader_0018,ETH-USD,SELL,1944.57,948,2026-01-01T02:40:45Z
order_00009647,batch_0005,trader_0009,ETH-USD,SELL,1948.91,727,2026-01-01T02:40:46Z
order_00009648,batch_0005,trader_0019,ETH-USD,BUY,1898.7,638,2026-01-01T02:40:47Z
order_00009649,batch_0005,trader_0025,ETH-USD,SELL,1841.76,944,2026-01-01T02:40:48Z
order_00009650,batch_0005,trader_0013,ETH-USD,SELL,2163.84,199,2026-01-01T02:40:49Z
order_00009651,batch_0005,trader_0013,ETH-USD,BUY,1870.91,509,2026-01-01T02:40:50Z
order_00009652,batch_0005,trader_0016,ETH-USD,BUY,1996.95,533,2026-01-01T02:40:51Z
order_00009653,batch_0005,trader_0018,ETH-USD,BUY,1944.35,215,2026-01-01T02:40:52Z
order_00009654,batch_0005,trader_0010,ETH-USD,BUY,2133.38,214,2026-01-01T02:40:53Z
order_00009655,batch_0005,trader_0003,ETH-USD,BUY,2199.37,264,2026-01-01T02:40:54Z
order_00009656,batch_0005,trader_0018,ETH-USD,SELL,2109.77,226,2026-01-01T02:40:55Z
order_00009657,batch_0005,trader_0010,ETH-USD,BUY,2060.94,561,2026-01-01T02:40:56Z
order_00009658,batch_0005,trader_0005,ETH-USD,BUY,1996.56,806,2026-01-01T02:40:57Z
order_00009659,batch_0005,trader_0022,ETH-USD,BUY,2042.77,623,2026-01-01T02:40:58Z
order_00009660,batch_0005,trader_0012,ETH-USD,SELL,1962.42,870,2026-01-01T02:40:59Z
order_00009661,batch_0005,trader_0003,ETH-USD,SELL,1837.59,34,2026-01-01T02:41:00Z
order_00009662,batch_0005,trader_0017,ETH-USD,BUY,1933.72,109,2026-01-01T02:41:01Z
order_00009663,batch_0005,trader_0024,ETH-USD,SELL,1913.22,316,2026-01-01T02:41:02Z
order_00009664,batch_0005,trader_0020,ETH-USD,BUY,1900.45,996,2026-01-01T02:41:03Z
order_00009665,batch_0005,trader_0019,ETH-USD,BUY,1904.62,77,2026-01-01T02:41:04Z
order_00009666,batch_0005,trader_0024,ETH-USD,SELL,1801.01,90,2026-01-01T02:41:05Z
order_00009667,batch_0005,trader_0013,ETH-USD,SELL,1838.9,404,2026-01-01T02:41:06Z
order_00009668,batch_0005,trader_0015,ETH-USD,SELL,2129.33,930,2026-01-01T02:41:07Z
order_00009669,batch_0005,trader_0021,ETH-USD,SELL,1924.75,19,2026-01-01T02:41:08Z
order_00009670,batch_0005,trader_0003,ETH-USD,SELL,2041.11,675,2026-01-01T02:41:09Z
order_00009671,batch_0005,trader_0017,ETH-USD,BUY,1992.48,928,2026-01-01T02:41:10Z
order_00009672,batch_0005,trader_0020,ETH-USD,SELL,1952.57,28,2026-01-01T02:41:11Z
order_00009673,batch_0005,trader_0008,ETH-USD,SELL,1984.72,391,2026-01-01T02:41:12Z
order_00009674,batch_0005,trader_0019,ETH-USD,BUY,2191.12,186,2026-01-01T02:41:13Z
order_00009675,batch_0005,trader_0006,ETH-USD,SELL,1818.02,122,2026-01-01T02:41:14Z
order_00009676,batch_0005,trader_0010,ETH-USD,SELL,1872.48,470,2026-01-01T02:41:15Z
order_00009677,batch_0005,trader_0017,ETH-USD,BUY,1822.85,178,2026-01-01T02:41:16Z
order_00009678,batch_0005,trader_0006,ETH-USD,SELL,2026.36,582,2026-01-01T02:41:17Z
order_00009679,batch_0005,trader_0016,ETH-USD,SELL,1945.23,934,2026-01-01T02:41:18Z
order_00009680,batch_0005,trader_0012,ETH-USD,BUY,2101.17,865,2026-01-01T02:41:19Z
order_00009681,batch_0005,trader_0007,ETH-USD,BUY,1977.57,699,2026-01-01T02:41:20Z
order_00009682,batch_0005,trader_0001,ETH-USD,BUY,1995.56,898,2026-01-01T02:41:21Z
order_00009683,batch_0005,trader_0022,ETH-USD,BUY,1934.26,698,2026-01-01T02:41:22Z
order_00009684,batch_0005,trader_0022,ETH-USD,SELL,2186.03,854,2026-01-01T02:41:23Z
order_00009685,batch_0005,trader_0024,ETH-USD,BUY,2123.35,641,2026-01-01T02:41:24Z
order_00009686,batch_0005,trader_0019,ETH-USD,SELL,1801.84,424,2026-01-01T02:41:25Z
order_00009687,batch_0005,trader_0018,ETH-USD,BUY,1962.52,349,2026-01-01T02:41:26Z
order_00009688,batch_0005,trader_0018,ETH-USD,SELL,2056.34,889,2026-01-01T02:41:27Z
order_00009689,batch_0005,trader_0025,ETH-USD,BUY,1813.97,65,2026-01-01T02:41:28Z
order_00009690,batch_0005,trader_0007,ETH-USD,SELL,2041.98,690,2026-01-01T02:41:29Z
order_00009691,batch_0005,trader_0016,ETH-USD,SELL,1951.4,513,2026-01-01T02:41:30Z
order_00009692,batch_0005,trader_0019,ETH-USD,SELL,2168.17,838,2026-01-01T02:41:31Z
order_00009693,batch_0005,trader_0007,ETH-USD,BUY,2179.56,218,2026-01-01T02:41:32Z
order_00009694,batch_0005,trader_0016,ETH-USD,SELL,1909.52,421,2026-01-01T02:41:33Z
order_00009695,batch_0005,trader_0016,ETH-USD,BUY,1880.31,392,2026-01-01T02:41:34Z
order_00009696,batch_0005,trader_0025,ETH-USD,BUY,2063.14,505,2026-01-01T02:41:35Z
order_00009697,batch_0005,trader_0009,ETH-USD,SELL,1957.48,609,2026-01-01T02:41:36Z
order_00009698,batch_0005,trader_0024,ETH-USD,SELL,1977.78,531,2026-01-01T02:41:37Z
order_00009699,batch_0005,trader_0019,ETH-USD,BUY,1903.71,634,2026-01-01T02:41:38Z
order_00009700,batch_0005,trader_0003,ETH-USD,SELL,1977.05,996,2026-01-01T02:41:39Z
order_00009701,batch_0005,trader_0024,ETH-USD,BUY,2051.34,863,2026-01-01T02:41:40Z
order_00009702,batch_0005,trader_0009,ETH-USD,BUY,1977.34,875,2026-01-01T02:41:41Z
order_00009703,batch_0005,trader_0021,ETH-USD,SELL,1814.43,664,2026-01-01T02:41:42Z
order_00009704,batch_0005,trader_0008,ETH-USD,BUY,2109.86,25,2026-01-01T02:41:43Z
order_00009705,batch_0005,trader_0001,ETH-USD,BUY,2040.21,174,2026-01-01T02:41:44Z
order_00009706,batch_0005,trader_0024,ETH-USD,SELL,2071.69,280,2026-01-01T02:41:45Z
order_00009707,batch_0005,trader_0008,ETH-USD,SELL,1925.93,408,2026-01-01T02:41:46Z
order_00009708,batch_0005,trader_0001,ETH-USD,SELL,1933.11,265,2026-01-01T02:41:47Z
order_00009709,batch_0005,trader_0009,ETH-USD,BUY,2125.9,825,2026-01-01T02:41:48Z
order_00009710,batch_0005,trader_0016,ETH-USD,SELL,1813.02,965,2026-01-01T02:41:49Z
order_00009711,batch_0005,trader_0007,ETH-USD,SELL,1891.83,384,2026-01-01T02:41:50Z
order_00009712,batch_0005,trader_0013,ETH-USD,BUY,1948.75,547,2026-01-01T02:41:51Z
order_00009713,batch_0005,trader_0004,ETH-USD,SELL,2088.65,192,2026-01-01T02:41:52Z
order_00009714,batch_0005,trader_0024,ETH-USD,BUY,1951.91,616,2026-01-01T02:41:53Z
order_00009715,batch_0005,trader_0025,ETH-USD,SELL,2167.52,714,2026-01-01T02:41:54Z
order_00009716,batch_0005,trader_0002,ETH-USD,BUY,1983.44,227,2026-01-01T02:41:55Z
order_00009717,batch_0005,trader_0012,ETH-USD,SELL,1909.93,897,2026-01-01T02:41:56Z
order_00009718,batch_0005,trader_0006,ETH-USD,BUY,1954.53,902,2026-01-01T02:41:57Z
order_00009719,batch_0005,trader_0001,ETH-USD,SELL,1903.03,724,2026-01-01T02:41:58Z
order_00009720,batch_0005,trader_0005,ETH-USD,BUY,2120.87,47,2026-01-01T02:41:59Z
order_00009721,batch_0005,trader_0018,ETH-USD,BUY,1892.18,529,2026-01-01T02:42:00Z
order_00009722,batch_0005,trader_0007,ETH-USD,BUY,1972.75,596,2026-01-01T02:42:01Z
order_00009723,batch_0005,trader_0009,ETH-USD,SELL,1957.83,947,2026-01-01T02:42:02Z
order_00009724,batch_0005,trader_0013,ETH-USD,SELL,2076.66,273,2026-01-01T02:42:03Z
order_00009725,batch_0005,trader_0007,ETH-USD,SELL,1814.94,764,2026-01-01T02:42:04Z
order_00009726,batch_0005,trader_0016,ETH-USD,SELL,1854.6,975,2026-01-01T02:42:05Z
order_00009727,batch_0005,trader_0016,ETH-USD,BUY,2028.15,803,2026-01-01T02:42:06Z
order_00009728,batch_0005,trader_0002,ETH-USD,BUY,2037.85,344,2026-01-01T02:42:07Z
order_00009729,batch_0005,trader_0003,ETH-USD,SELL,2030.23,777,2026-01-01T02:42:08Z
order_00009730,batch_0005,trader_0021,ETH-USD,BUY,1808.46,91,2026-01-01T02:42:09Z
order_00009731,batch_0005,trader_0018,ETH-USD,BUY,1993.18,46,2026-01-01T02:42:10Z
order_00009732,batch_0005,trader_0004,ETH-USD,BUY,2038.53,895,2026-01-01T02:42:11Z
order_00009733,batch_0005,trader_0015,ETH-USD,BUY,1904.95,531,2026-01-01T02:42:12Z
order_00009734,batch_0005,trader_0017,ETH-USD,BUY,1987.73,650,2026-01-01T02:42:13Z
order_00009735,batch_0005,trader_0001,ETH-USD,BUY,2145.22,242,2026-01-01T02:42:14Z
order_00009736,batch_0005,trader_0011,ETH-USD,BUY,1900.64,270,2026-01-01T02:42:15Z
order_00009737,batch_0005,trader_0023,ETH-USD,BUY,1948.48,672,2026-01-01T02:42:16Z
order_00009738,batch_0005,trader_0011,ETH-USD,SELL,2036.02,541,2026-01-01T02:42:17Z
order_00009739,batch_0005,trader_0022,ETH-USD,BUY,2164.51,828,2026-01-01T02:42:18Z
order_00009740,batch_0005,trader_0014,ETH-USD,SELL,2074.5,657,2026-01-01T02:42:19Z
order_00009741,batch_0005,trader_0024,ETH-USD,BUY,1986.94,779,2026-01-01T02:42:20Z
order_00009742,batch_0005,trader_0014,ETH-USD,BUY,1988.15,541,2026-01-01T02:42:21Z
order_00009743,batch_0005,trader_0021,ETH-USD,SELL,1992.35,62,2026-01-01T02:42:22Z
order_00009744,batch_0005,trader_0004,ETH-USD,SELL,2016.7,717,2026-01-01T02:42:23Z
order_00009745,batch_0005,trader_0024,ETH-USD,SELL,1872.93,615,2026-01-01T02:42:24Z
order_00009746,batch_0005,trader_0019,ETH-USD,BUY,2145.08,98,2026-01-01T02:42:25Z
order_00009747,batch_0005,trader_0009,ETH-USD,BUY,1996.79,193,2026-01-01T02:42:26Z
order_00009748,batch_0005,trader_0010,ETH-USD,BUY,2035.3,661,2026-01-01T02:42:27Z
order_00009749,batch_0005,trader_0007,ETH-USD,SELL,2079.95,105,2026-01-01T02:42:28Z
order_00009750,batch_0005,trader_0017,ETH-USD,SELL,1999.29,255,2026-01-01T02:42:29Z
order_00009751,batch_0005,trader_0017,ETH-USD,BUY,2166.67,343,2026-01-01T02:42:30Z
order_00009752,batch_0005,trader_0003,ETH-USD,SELL,1995.71,12,2026-01-01T02:42:31Z
order_00009753,batch_0005,trader_0013,ETH-USD,SELL,2121.06,644,2026-01-01T02:42:32Z
order_00009754,batch_0005,trader_0001,ETH-USD,SELL,1847.64,373,2026-01-01T02:42:33Z
order_00009755,batch_0005,trader_0002,ETH-USD,SELL,1816.33,274,2026-01-01T02:42:34Z
order_00009756,batch_0005,trader_0018,ETH-USD,SELL,1881.99,541,2026-01-01T02:42:35Z
order_00009757,batch_0005,trader_0024,ETH-USD,SELL,1976.55,309,2026-01-01T02:42:36Z
order_00009758,batch_0005,trader_0001,ETH-USD,BUY,1878.51,993,2026-01-01T02:42:37Z
order_00009759,batch_0005,trader_0012,ETH-USD,BUY,2136.57,530,2026-01-01T02:42:38Z
order_00009760,batch_0005,trader_0011,ETH-USD,BUY,2171.88,444,2026-01-01T02:42:39Z
order_00009761,batch_0005,trader_0010,ETH-USD,SELL,2071.36,707,2026-01-01T02:42:40Z
order_00009762,batch_0005,trader_0006,ETH-USD,SELL,1851.72,636,2026-01-01T02:42:41Z
order_00009763,batch_0005,trader_0004,ETH-USD,SELL,1803.96,630,2026-01-01T02:42:42Z
order_00009764,batch_0005,trader_0017,ETH-USD,SELL,2147.65,568,2026-01-01T02:42:43Z
order_00009765,batch_0005,trader_0009,ETH-USD,BUY,2114.35,680,2026-01-01T02:42:44Z
order_00009766,batch_0005,trader_0016,ETH-USD,BUY,1833.08,971,2026-01-01T02:42:45Z
order_00009767,batch_0005,trader_0017,ETH-USD,SELL,2098.45,334,2026-01-01T02:42:46Z
order_00009768,batch_0005,trader_0009,ETH-USD,SELL,1904.44,971,2026-01-01T02:42:47Z
order_00009769,batch_0005,trader_0019,ETH-USD,SELL,2024.79,565,2026-01-01T02:42:48Z
order_00009770,batch_0005,trader_0001,ETH-USD,SELL,2035.05,761,2026-01-01T02:42:49Z
order_00009771,batch_0005,trader_0002,ETH-USD,BUY,2188.69,191,2026-01-01T02:42:50Z
order_00009772,batch_0005,trader_0001,ETH-USD,BUY,1948.7,909,2026-01-01T02:42:51Z
order_00009773,batch_0005,trader_0014,ETH-USD,SELL,1936.91,845,2026-01-01T02:42:52Z
order_00009774,batch_0005,trader_0024,ETH-USD,SELL,1821.63,800,2026-01-01T02:42:53Z
order_00009775,batch_0005,trader_0021,ETH-USD,BUY,2133.36,212,2026-01-01T02:42:54Z
order_00009776,batch_0005,trader_0020,ETH-USD,BUY,2042.82,134,2026-01-01T02:42:55Z
order_00009777,batch_0005,trader_0008,ETH-USD,SELL,1952.44,412,2026-01-01T02:42:56Z
order_00009778,batch_0005,trader_0006,ETH-USD,BUY,2129.01,615,2026-01-01T02:42:57Z
order_00009779,batch_0005,trader_0013,ETH-USD,SELL,2139.87,367,2026-01-01T02:42:58Z
order_00009780,batch_0005,trader_0008,ETH-USD,BUY,1801.29,993,2026-01-01T02:42:59Z
order_00009781,batch_0005,trader_0004,ETH-USD,BUY,2057.07,612,2026-01-01T02:43:00Z
order_00009782,batch_0005,trader_0002,ETH-USD,SELL,2122.04,282,2026-01-01T02:43:01Z
order_00009783,batch_0005,trader_0006,ETH-USD,SELL,1985.16,700,2026-01-01T02:43:02Z
order_00009784,batch_0005,trader_0021,ETH-USD,BUY,2146.55,150,2026-01-01T02:43:03Z
order_00009785,batch_0005,trader_0011,ETH-USD,SELL,1837.37,221,2026-01-01T02:43:04Z
order_00009786,batch_0005,trader_0003,ETH-USD,BUY,1851.21,300,2026-01-01T02:43:05Z
order_00009787,batch_0005,trader_0002,ETH-USD,SELL,1856.01,545,2026-01-01T02:43:06Z
order_00009788,batch_0005,trader_0017,ETH-USD,SELL,2141.73,710,2026-01-01T02:43:07Z
order_00009789,batch_0005,trader_0017,ETH-USD,BUY,1822.19,931,2026-01-01T02:43:08Z
order_00009790,batch_0005,trader_0019,ETH-USD,SELL,2077.25,801,2026-01-01T02:43:09Z
order_00009791,batch_0005,trader_0012,ETH-USD,BUY,1822.37,991,2026-01-01T02:43:10Z
order_00009792,batch_0005,trader_0007,ETH-USD,BUY,2083.53,295,2026-01-01T02:43:11Z
order_00009793,batch_0005,trader_0016,ETH-USD,SELL,1977.39,368,2026-01-01T02:43:12Z
order_00009794,batch_0005,trader_0017,ETH-USD,SELL,1881.83,907,2026-01-01T02:43:13Z
order_00009795,batch_0005,trader_0023,ETH-USD,SELL,1908.36,154,2026-01-01T02:43:14Z
order_00009796,batch_0005,trader_0017,ETH-USD,BUY,1930.97,697,2026-01-01T02:43:15Z
order_00009797,batch_0005,trader_0018,ETH-USD,SELL,2143.21,384,2026-01-01T02:43:16Z
order_00009798,batch_0005,trader_0007,ETH-USD,BUY,2143.83,149,2026-01-01T02:43:17Z
order_00009799,batch_0005,trader_0009,ETH-USD,SELL,1855.23,892,2026-01-01T02:43:18Z
order_00009800,batch_0005,trader_0004,ETH-USD,SELL,1942.01,601,2026-01-01T02:43:19Z
order_00009801,batch_0005,trader_0012,ETH-USD,SELL,2148.33,190,2026-01-01T02:43:20Z
order_00009802,batch_0005,trader_0017,ETH-USD,SELL,1967.52,703,2026-01-01T02:43:21Z
order_00009803,batch_0005,trader_0011,ETH-USD,SELL,2089.53,678,2026-01-01T02:43:22Z
order_00009804,batch_0005,trader_0002,ETH-USD,SELL,1816.41,606,2026-01-01T02:43:23Z
order_00009805,batch_0005,trader_0024,ETH-USD,SELL,2030.08,127,2026-01-01T02:43:24Z
order_00009806,batch_0005,trader_0010,ETH-USD,SELL,2048.23,851,2026-01-01T02:43:25Z
order_00009807,batch_0005,trader_0004,ETH-USD,BUY,1981.39,514,2026-01-01T02:43:26Z
order_00009808,batch_0005,trader_0023,ETH-USD,SELL,1805.96,347,2026-01-01T02:43:27Z
order_00009809,batch_0005,trader_0019,ETH-USD,SELL,2021.76,525,2026-01-01T02:43:28Z
order_00009810,batch_0005,trader_0011,ETH-USD,SELL,2085.2,907,2026-01-01T02:43:29Z
order_00009811,batch_0005,trader_0021,ETH-USD,SELL,2028.84,523,2026-01-01T02:43:30Z
order_00009812,batch_0005,trader_0002,ETH-USD,BUY,2084.74,417,2026-01-01T02:43:31Z
order_00009813,batch_0005,trader_0014,ETH-USD,BUY,1810.7,341,2026-01-01T02:43:32Z
order_00009814,batch_0005,trader_0012,ETH-USD,SELL,1938.67,370,2026-01-01T02:43:33Z
order_00009815,batch_0005,trader_0007,ETH-USD,SELL,2109.44,820,2026-01-01T02:43:34Z
order_00009816,batch_0005,trader_0003,ETH-USD,BUY,2003.32,341,2026-01-01T02:43:35Z
order_00009817,batch_0005,trader_0005,ETH-USD,SELL,2102.65,520,2026-01-01T02:43:36Z
order_00009818,batch_0005,trader_0011,ETH-USD,SELL,1975.46,458,2026-01-01T02:43:37Z
order_00009819,batch_0005,trader_0021,ETH-USD,BUY,2134.55,787,2026-01-01T02:43:38Z
order_00009820,batch_0005,trader_0019,ETH-USD,BUY,1908.6,505,2026-01-01T02:43:39Z
order_00009821,batch_0005,trader_0023,ETH-USD,SELL,1913.55,379,2026-01-01T02:43:40Z
order_00009822,batch_0005,trader_0005,ETH-USD,BUY,2005.73,223,2026-01-01T02:43:41Z
order_00009823,batch_0005,trader_0008,ETH-USD,SELL,2034.72,755,2026-01-01T02:43:42Z
order_00009824,batch_0005,trader_0001,ETH-USD,BUY,2046.28,482,2026-01-01T02:43:43Z
order_00009825,batch_0005,trader_0011,ETH-USD,BUY,1914.01,728,2026-01-01T02:43:44Z
order_00009826,batch_0005,trader_0018,ETH-USD,SELL,2193.31,615,2026-01-01T02:43:45Z
order_00009827,batch_0005,trader_0014,ETH-USD,SELL,2075.2,583,2026-01-01T02:43:46Z
order_00009828,batch_0005,trader_0004,ETH-USD,BUY,2168.81,272,2026-01-01T02:43:47Z
order_00009829,batch_0005,trader_0019,ETH-USD,BUY,1878.99,136,2026-01-01T02:43:48Z
order_00009830,batch_0005,trader_0016,ETH-USD,BUY,2063.6,432,2026-01-01T02:43:49Z
order_00009831,batch_0005,trader_0008,ETH-USD,BUY,1945.61,338,2026-01-01T02:43:50Z
order_00009832,batch_0005,trader_0025,ETH-USD,BUY,2172.05,31,2026-01-01T02:43:51Z
order_00009833,batch_0005,trader_0024,ETH-USD,BUY,1905.4,458,2026-01-01T02:43:52Z
order_00009834,batch_0005,trader_0005,ETH-USD,SELL,1920.45,385,2026-01-01T02:43:53Z
order_00009835,batch_0005,trader_0022,ETH-USD,SELL,1996.33,157,2026-01-01T02:43:54Z
order_00009836,batch_0005,trader_0003,ETH-USD,BUY,1878.94,370,2026-01-01T02:43:55Z
order_00009837,batch_0005,trader_0004,ETH-USD,SELL,1947.13,837,2026-01-01T02:43:56Z
order_00009838,batch_0005,trader_0016,ETH-USD,SELL,1910.52,207,2026-01-01T02:43:57Z
order_00009839,batch_0005,trader_0002,ETH-USD,SELL,2127.65,653,2026-01-01T02:43:58Z
order_00009840,batch_0005,trader_0018,ETH-USD,BUY,1945.81,984,2026-01-01T02:43:59Z
order_00009841,batch_0005,trader_0020,ETH-USD,BUY,1941.28,297,2026-01-01T02:44:00Z
order_00009842,batch_0005,trader_0014,ETH-USD,SELL,2132.31,910,2026-01-01T02:44:01Z
order_00009843,batch_0005,trader_0018,ETH-USD,SELL,1849.21,982,2026-01-01T02:44:02Z
order_00009844,batch_0005,trader_0012,ETH-USD,SELL,1885.88,680,2026-01-01T02:44:03Z
order_00009845,batch_0005,trader_0023,ETH-USD,SELL,2063.21,951,2026-01-01T02:44:04Z
order_00009846,batch_0005,trader_0017,ETH-USD,SELL,1965.84,783,2026-01-01T02:44:05Z
order_00009847,batch_0005,trader_0012,ETH-USD,BUY,2112.93,841,2026-01-01T02:44:06Z
order_00009848,batch_0005,trader_0024,ETH-USD,SELL,2195.4,309,2026-01-01T02:44:07Z
order_00009849,batch_0005,trader_0025,ETH-USD,SELL,2001.1,31,2026-01-01T02:44:08Z
order_00009850,batch_0005,trader_0016,ETH-USD,SELL,1880.37,301,2026-01-01T02:44:09Z
order_00009851,batch_0005,trader_0016,ETH-USD,BUY,1931.85,933,2026-01-01T02:44:10Z
order_00009852,batch_0005,trader_0021,ETH-USD,SELL,1863.47,785,2026-01-01T02:44:11Z
order_00009853,batch_0005,trader_0008,ETH-USD,SELL,2033.23,468,2026-01-01T02:44:12Z
order_00009854,batch_0005,trader_0025,ETH-USD,BUY,2154.87,393,2026-01-01T02:44:13Z
order_00009855,batch_0005,trader_0003,ETH-USD,SELL,2186.21,699,2026-01-01T02:44:14Z
order_00009856,batch_0005,trader_0019,ETH-USD,SELL,1814.42,431,2026-01-01T02:44:15Z
order_00009857,batch_0005,trader_0017,ETH-USD,SELL,2007.06,905,2026-01-01T02:44:16Z
order_00009858,batch_0005,trader_0003,ETH-USD,SELL,2071.69,662,2026-01-01T02:44:17Z
order_00009859,batch_0005,trader_0018,ETH-USD,BUY,2116.02,381,2026-01-01T02:44:18Z
order_00009860,batch_0005,trader_0012,ETH-USD,BUY,1837.13,81,2026-01-01T02:44:19Z
order_00009861,batch_0005,trader_0013,ETH-USD,SELL,1817.48,178,2026-01-01T02:44:20Z
order_00009862,batch_0005,trader_0007,ETH-USD,BUY,2044.44,34,2026-01-01T02:44:21Z
order_00009863,batch_0005,trader_0007,ETH-USD,SELL,1894.95,752,2026-01-01T02:44:22Z
order_00009864,batch_0005,trader_0019,ETH-USD,SELL,1897.2,444,2026-01-01T02:44:23Z
order_00009865,batch_0005,trader_0022,ETH-USD,BUY,1800.98,932,2026-01-01T02:44:24Z
order_00009866,batch_0005,trader_0015,ETH-USD,SELL,2024.21,557,2026-01-01T02:44:25Z
order_00009867,batch_0005,trader_0003,ETH-USD,SELL,2061.95,967,2026-01-01T02:44:26Z
order_00009868,batch_0005,trader_0010,ETH-USD,SELL,1884.5,630,2026-01-01T02:44:27Z
order_00009869,batch_0005,trader_0004,ETH-USD,BUY,1979.92,962,2026-01-01T02:44:28Z
order_00009870,batch_0005,trader_0014,ETH-USD,SELL,2109.17,423,2026-01-01T02:44:29Z
order_00009871,batch_0005,trader_0005,ETH-USD,BUY,2152.79,766,2026-01-01T02:44:30Z
order_00009872,batch_0005,trader_0017,ETH-USD,SELL,1893.03,557,2026-01-01T02:44:31Z
order_00009873,batch_0005,trader_0024,ETH-USD,SELL,1917.58,191,2026-01-01T02:44:32Z
order_00009874,batch_0005,trader_0009,ETH-USD,SELL,1916.84,446,2026-01-01T02:44:33Z
order_00009875,batch_0005,trader_0009,ETH-USD,BUY,1965.21,836,2026-01-01T02:44:34Z
order_00009876,batch_0005,trader_0018,ETH-USD,SELL,1985.24,264,2026-01-01T02:44:35Z
order_00009877,batch_0005,trader_0025,ETH-USD,BUY,2105.99,701,2026-01-01T02:44:36Z
order_00009878,batch_0005,trader_0008,ETH-USD,BUY,1973.64,841,2026-01-01T02:44:37Z
order_00009879,batch_0005,trader_0017,ETH-USD,BUY,2060.48,804,2026-01-01T02:44:38Z
order_00009880,batch_0005,trader_0015,ETH-USD,BUY,2019.87,710,2026-01-01T02:44:39Z
order_00009881,batch_0005,trader_0019,ETH-USD,SELL,1909.05,310,2026-01-01T02:44:40Z
order_00009882,batch_0005,trader_0022,ETH-USD,BUY,2010.59,398,2026-01-01T02:44:41Z
order_00009883,batch_0005,trader_0013,ETH-USD,BUY,2179.95,955,2026-01-01T02:44:42Z
order_00009884,batch_0005,trader_0019,ETH-USD,SELL,2193.1,223,2026-01-01T02:44:43Z
order_00009885,batch_0005,trader_0011,ETH-USD,SELL,1899.73,343,2026-01-01T02:44:44Z
order_00009886,batch_0005,trader_0021,ETH-USD,BUY,1961.35,448,2026-01-01T02:44:45Z
order_00009887,batch_0005,trader_0005,ETH-USD,BUY,1911.66,630,2026-01-01T02:44:46Z
order_00009888,batch_0005,trader_0025,ETH-USD,SELL,2117.57,812,2026-01-01T02:44:47Z
order_00009889,batch_0005,trader_0013,ETH-USD,BUY,2175.5,569,2026-01-01T02:44:48Z
order_00009890,batch_0005,trader_0013,ETH-USD,BUY,2035.66,979,2026-01-01T02:44:49Z
order_00009891,batch_0005,trader_0004,ETH-USD,BUY,2007.74,828,2026-01-01T02:44:50Z
order_00009892,batch_0005,trader_0005,ETH-USD,SELL,1872.82,551,2026-01-01T02:44:51Z
order_00009893,batch_0005,trader_0022,ETH-USD,SELL,1858.36,810,2026-01-01T02:44:52Z
order_00009894,batch_0005,trader_0021,ETH-USD,SELL,2189.91,646,2026-01-01T02:44:53Z
order_00009895,batch_0005,trader_0005,ETH-USD,BUY,2024.07,393,2026-01-01T02:44:54Z
order_00009896,batch_0005,trader_0007,ETH-USD,BUY,1890.62,54,2026-01-01T02:44:55Z
order_00009897,batch_0005,trader_0009,ETH-USD,BUY,2023.2,724,2026-01-01T02:44:56Z
order_00009898,batch_0005,trader_0003,ETH-USD,BUY,2070.2,397,2026-01-01T02:44:57Z
order_00009899,batch_0005,trader_0010,ETH-USD,BUY,1996.78,424,2026-01-01T02:44:58Z
order_00009900,batch_0005,trader_0016,ETH-USD,SELL,2185.46,534,2026-01-01T02:44:59Z
order_00009901,batch_0005,trader_0011,ETH-USD,SELL,2171.3,53,2026-01-01T02:45:00Z
order_00009902,batch_0005,trader_0011,ETH-USD,BUY,2074.59,395,2026-01-01T02:45:01Z
order_00009903,batch_0005,trader_0021,ETH-USD,SELL,2065.04,461,2026-01-01T02:45:02Z
order_00009904,batch_0005,trader_0012,ETH-USD,SELL,2116.32,939,2026-01-01T02:45:03Z
order_00009905,batch_0005,trader_0018,ETH-USD,SELL,2000.97,472,2026-01-01T02:45:04Z
order_00009906,batch_0005,trader_0011,ETH-USD,SELL,2154.68,56,2026-01-01T02:45:05Z
order_00009907,batch_0005,trader_0013,ETH-USD,BUY,1852.71,753,2026-01-01T02:45:06Z
order_00009908,batch_0005,trader_0009,ETH-USD,SELL,2060.66,491,2026-01-01T02:45:07Z
order_00009909,batch_0005,trader_0007,ETH-USD,SELL,2040.66,964,2026-01-01T02:45:08Z
order_00009910,batch_0005,trader_0015,ETH-USD,SELL,1889.68,938,2026-01-01T02:45:09Z
order_00009911,batch_0005,trader_0014,ETH-USD,BUY,1842.95,421,2026-01-01T02:45:10Z
order_00009912,batch_0005,trader_0009,ETH-USD,BUY,1900.52,904,2026-01-01T02:45:11Z
order_00009913,batch_0005,trader_0003,ETH-USD,BUY,1916.74,63,2026-01-01T02:45:12Z
order_00009914,batch_0005,trader_0009,ETH-USD,SELL,1972.52,523,2026-01-01T02:45:13Z
order_00009915,batch_0005,trader_0005,ETH-USD,BUY,2146.18,103,2026-01-01T02:45:14Z
order_00009916,batch_0005,trader_0019,ETH-USD,BUY,1833.13,334,2026-01-01T02:45:15Z
order_00009917,batch_0005,trader_0022,ETH-USD,BUY,2011.07,995,2026-01-01T02:45:16Z
order_00009918,batch_0005,trader_0014,ETH-USD,SELL,2121.79,23,2026-01-01T02:45:17Z
order_00009919,batch_0005,trader_0011,ETH-USD,BUY,1894.17,104,2026-01-01T02:45:18Z
order_00009920,batch_0005,trader_0018,ETH-USD,SELL,1927.8,561,2026-01-01T02:45:19Z
order_00009921,batch_0005,trader_0006,ETH-USD,BUY,2195.56,270,2026-01-01T02:45:20Z
order_00009922,batch_0005,trader_0016,ETH-USD,SELL,2025.06,727,2026-01-01T02:45:21Z
order_00009923,batch_0005,trader_0007,ETH-USD,SELL,2084.09,421,2026-01-01T02:45:22Z
order_00009924,batch_0005,trader_0023,ETH-USD,BUY,2068.65,502,2026-01-01T02:45:23Z
order_00009925,batch_0005,trader_0007,ETH-USD,SELL,1911.66,799,2026-01-01T02:45:24Z
order_00009926,batch_0005,trader_0002,ETH-USD,BUY,1800.63,99,2026-01-01T02:45:25Z
order_00009927,batch_0005,trader_0020,ETH-USD,SELL,2120.16,762,2026-01-01T02:45:26Z
order_00009928,batch_0005,trader_0002,ETH-USD,SELL,2129.39,755,2026-01-01T02:45:27Z
order_00009929,batch_0005,trader_0003,ETH-USD,BUY,1850.76,155,2026-01-01T02:45:28Z
order_00009930,batch_0005,trader_0021,ETH-USD,SELL,1983.65,358,2026-01-01T02:45:29Z
order_00009931,batch_0005,trader_0025,ETH-USD,SELL,1918.19,941,2026-01-01T02:45:30Z
order_00009932,batch_0005,trader_0011,ETH-USD,BUY,2039.44,633,2026-01-01T02:45:31Z
order_00009933,batch_0005,trader_0006,ETH-USD,SELL,1807.58,485,2026-01-01T02:45:32Z
order_00009934,batch_0005,trader_0004,ETH-USD,BUY,1971.69,636,2026-01-01T02:45:33Z
order_00009935,batch_0005,trader_0017,ETH-USD,SELL,1926.61,221,2026-01-01T02:45:34Z
order_00009936,batch_0005,trader_0001,ETH-USD,SELL,1924.84,46,2026-01-01T02:45:35Z
order_00009937,batch_0005,trader_0024,ETH-USD,SELL,2092.63,491,2026-01-01T02:45:36Z
order_00009938,batch_0005,trader_0014,ETH-USD,SELL,1888.33,127,2026-01-01T02:45:37Z
order_00009939,batch_0005,trader_0005,ETH-USD,BUY,2100.47,610,2026-01-01T02:45:38Z
order_00009940,batch_0005,trader_0010,ETH-USD,BUY,2035.07,563,2026-01-01T02:45:39Z
order_00009941,batch_0005,trader_0015,ETH-USD,BUY,1880.47,959,2026-01-01T02:45:40Z
order_00009942,batch_0005,trader_0005,ETH-USD,BUY,1895.68,458,2026-01-01T02:45:41Z
order_00009943,batch_0005,trader_0005,ETH-USD,BUY,1833.07,252,2026-01-01T02:45:42Z
order_00009944,batch_0005,trader_0006,ETH-USD,BUY,2119.94,255,2026-01-01T02:45:43Z
order_00009945,batch_0005,trader_0002,ETH-USD,BUY,1940.56,422,2026-01-01T02:45:44Z
order_00009946,batch_0005,trader_0014,ETH-USD,BUY,1960.68,207,2026-01-01T02:45:45Z
order_00009947,batch_0005,trader_0014,ETH-USD,SELL,2004.08,348,2026-01-01T02:45:46Z
order_00009948,batch_0005,trader_0011,ETH-USD,SELL,1981.48,257,2026-01-01T02:45:47Z
order_00009949,batch_0005,trader_0005,ETH-USD,BUY,1982.76,432,2026-01-01T02:45:48Z
order_00009950,batch_0005,trader_0021,ETH-USD,SELL,1896.78,691,2026-01-01T02:45:49Z
order_00009951,batch_0005,trader_0015,ETH-USD,SELL,1822.98,766,2026-01-01T02:45:50Z
order_00009952,batch_0005,trader_0012,ETH-USD,SELL,1803.09,116,2026-01-01T02:45:51Z
order_00009953,batch_0005,trader_0022,ETH-USD,SELL,2136.79,866,2026-01-01T02:45:52Z
order_00009954,batch_0005,trader_0014,ETH-USD,SELL,1994.97,564,2026-01-01T02:45:53Z
order_00009955,batch_0005,trader_0003,ETH-USD,SELL,1984.94,327,2026-01-01T02:45:54Z
order_00009956,batch_0005,trader_0023,ETH-USD,SELL,1871.13,995,2026-01-01T02:45:55Z
order_00009957,batch_0005,trader_0023,ETH-USD,SELL,1953.23,870,2026-01-01T02:45:56Z
order_00009958,batch_0005,trader_0008,ETH-USD,SELL,1872.09,830,2026-01-01T02:45:57Z
order_00009959,batch_0005,trader_0008,ETH-USD,BUY,1875.05,815,2026-01-01T02:45:58Z
order_00009960,batch_0005,trader_0021,ETH-USD,SELL,1892.54,942,2026-01-01T02:45:59Z
order_00009961,batch_0005,trader_0024,ETH-USD,SELL,2011.89,280,2026-01-01T02:46:00Z
order_00009962,batch_0005,trader_0014,ETH-USD,SELL,2187.33,328,2026-01-01T02:46:01Z
order_00009963,batch_0005,trader_0015,ETH-USD,BUY,1822.43,838,2026-01-01T02:46:02Z
order_00009964,batch_0005,trader_0004,ETH-USD,SELL,1858.11,193,2026-01-01T02:46:03Z
order_00009965,batch_0005,trader_0009,ETH-USD,SELL,1812.83,233,2026-01-01T02:46:04Z
order_00009966,batch_0005,trader_0024,ETH-USD,BUY,1906.03,700,2026-01-01T02:46:05Z
order_00009967,batch_0005,trader_0022,ETH-USD,SELL,2051.23,343,2026-01-01T02:46:06Z
order_00009968,batch_0005,trader_0005,ETH-USD,BUY,2029.41,114,2026-01-01T02:46:07Z
order_00009969,batch_0005,trader_0025,ETH-USD,SELL,1827.53,312,2026-01-01T02:46:08Z
order_00009970,batch_0005,trader_0010,ETH-USD,SELL,1929.2,67,2026-01-01T02:46:09Z
order_00009971,batch_0005,trader_0004,ETH-USD,SELL,2111.62,34,2026-01-01T02:46:10Z
order_00009972,batch_0005,trader_0013,ETH-USD,BUY,1876.14,227,2026-01-01T02:46:11Z
order_00009973,batch_0005,trader_0014,ETH-USD,SELL,1899.13,741,2026-01-01T02:46:12Z
order_00009974,batch_0005,trader_0016,ETH-USD,BUY,1802.61,244,2026-01-01T02:46:13Z
order_00009975,batch_0005,trader_0007,ETH-USD,SELL,2079.96,378,2026-01-01T02:46:14Z
order_00009976,batch_0005,trader_0019,ETH-USD,BUY,1821.17,892,2026-01-01T02:46:15Z
order_00009977,batch_0005,trader_0013,ETH-USD,SELL,1912.72,922,2026-01-01T02:46:16Z
order_00009978,batch_0005,trader_0015,ETH-USD,SELL,1893.31,270,2026-01-01T02:46:17Z
order_00009979,batch_0005,trader_0015,ETH-USD,BUY,1858.69,663,2026-01-01T02:46:18Z
order_00009980,batch_0005,trader_0015,ETH-USD,BUY,2098.68,990,2026-01-01T02:46:19Z
order_00009981,batch_0005,trader_0023,ETH-USD,BUY,1873.57,839,2026-01-01T02:46:20Z
order_00009982,batch_0005,trader_0022,ETH-USD,SELL,1867.85,638,2026-01-01T02:46:21Z
order_00009983,batch_0005,trader_0021,ETH-USD,SELL,2145.04,230,2026-01-01T02:46:22Z
order_00009984,batch_0005,trader_0015,ETH-USD,SELL,1988.28,763,2026-01-01T02:46:23Z
order_00009985,batch_0005,trader_0013,ETH-USD,SELL,2015.63,868,2026-01-01T02:46:24Z
order_00009986,batch_0005,trader_0015,ETH-USD,SELL,1951.44,465,2026-01-01T02:46:25Z
order_00009987,batch_0005,trader_0016,ETH-USD,BUY,2041.72,364,2026-01-01T02:46:26Z
order_00009988,batch_0005,trader_0025,ETH-USD,SELL,2187.15,243,2026-01-01T02:46:27Z
order_00009989,batch_0005,trader_0003,ETH-USD,SELL,2105.39,32,2026-01-01T02:46:28Z
order_00009990,batch_0005,trader_0012,ETH-USD,SELL,1938.86,703,2026-01-01T02:46:29Z
order_00009991,batch_0005,trader_0013,ETH-USD,SELL,1833.58,604,2026-01-01T02:46:30Z
order_00009992,batch_0005,trader_0023,ETH-USD,SELL,1875.68,562,2026-01-01T02:46:31Z
order_00009993,batch_0005,trader_0013,ETH-USD,SELL,2035.54,500,2026-01-01T02:46:32Z
order_00009994,batch_0005,trader_0020,ETH-USD,BUY,1811.17,512,2026-01-01T02:46:33Z
order_00009995,batch_0005,trader_0002,ETH-USD,SELL,2089.07,264,2026-01-01T02:46:34Z
order_00009996,batch_0005,trader_0021,ETH-USD,BUY,2086.95,722,2026-01-01T02:46:35Z
order_00009997,batch_0005,trader_0005,ETH-USD,BUY,1941.98,891,2026-01-01T02:46:36Z
order_00009998,batch_0005,trader_0012,ETH-USD,SELL,2028.37,343,2026-01-01T02:46:37Z
order_00009999,batch_0005,trader_0013,ETH-USD,BUY,1998.99,680,2026-01-01T02:46:38Z
order_00010000,batch_0005,trader_0013,ETH-USD,SELL,2030.62,7,2026-01-01T02:46:39Z
order_00010001,batch_0005,trader_0021,ETH-USD,BUY,1987.59,13,2026-01-01T02:46:40Z
order_00010002,batch_0005,trader_0024,ETH-USD,BUY,2061.02,151,2026-01-01T02:46:41Z
order_00010003,batch_0005,trader_0006,ETH-USD,BUY,2032.39,114,2026-01-01T02:46:42Z
order_00010004,batch_0005,trader_0021,ETH-USD,BUY,1851.47,779,2026-01-01T02:46:43Z
order_00010005,batch_0005,trader_0003,ETH-USD,SELL,2095.85,807,2026-01-01T02:46:44Z
order_00010006,batch_0005,trader_0001,ETH-USD,BUY,2005.01,447,2026-01-01T02:46:45Z
order_00010007,batch_0005,trader_0008,ETH-USD,SELL,2195.94,28,2026-01-01T02:46:46Z
order_00010008,batch_0005,trader_0003,ETH-USD,BUY,2035.05,4,2026-01-01T02:46:47Z
order_00010009,batch_0005,trader_0018,ETH-USD,SELL,2028.71,865,2026-01-01T02:46:48Z
order_00010010,batch_0005,trader_0007,ETH-USD,BUY,1819.58,479,2026-01-01T02:46:49Z
order_00010011,batch_0005,trader_0022,ETH-USD,SELL,2076.12,512,2026-01-01T02:46:50Z
order_00010012,batch_0005,trader_0022,ETH-USD,BUY,1937.89,25,2026-01-01T02:46:51Z
order_00010013,batch_0005,trader_0016,ETH-USD,SELL,1984.73,537,2026-01-01T02:46:52Z
order_00010014,batch_0005,trader_0009,ETH-USD,SELL,1819.9,804,2026-01-01T02:46:53Z
order_00010015,batch_0005,trader_0013,ETH-USD,SELL,1853.65,476,2026-01-01T02:46:54Z
order_00010016,batch_0005,trader_0004,ETH-USD,SELL,2183.54,903,2026-01-01T02:46:55Z
order_00010017,batch_0005,trader_0025,ETH-USD,SELL,2058.99,438,2026-01-01T02:46:56Z
order_00010018,batch_0005,trader_0014,ETH-USD,SELL,1960.49,931,2026-01-01T02:46:57Z
order_00010019,batch_0005,trader_0021,ETH-USD,BUY,1979.84,503,2026-01-01T02:46:58Z
order_00010020,batch_0005,trader_0023,ETH-USD,BUY,1944.81,609,2026-01-01T02:46:59Z
order_00010021,batch_0005,trader_0019,ETH-USD,SELL,1844.83,703,2026-01-01T02:47:00Z
order_00010022,batch_0005,trader_0004,ETH-USD,SELL,1814.77,153,2026-01-01T02:47:01Z
order_00010023,batch_0005,trader_0024,ETH-USD,SELL,1960.51,378,2026-01-01T02:47:02Z
order_00010024,batch_0005,trader_0015,ETH-USD,SELL,2095.41,957,2026-01-01T02:47:03Z
order_00010025,batch_0005,trader_0022,ETH-USD,SELL,2012.26,749,2026-01-01T02:47:04Z
order_00010026,batch_0005,trader_0016,ETH-USD,SELL,1817.95,361,2026-01-01T02:47:05Z
order_00010027,batch_0005,trader_0009,ETH-USD,BUY,1986.79,435,2026-01-01T02:47:06Z
order_00010028,batch_0005,trader_0021,ETH-USD,SELL,2009.98,740,2026-01-01T02:47:07Z
order_00010029,batch_0005,trader_0018,ETH-USD,BUY,2016.54,372,2026-01-01T02:47:08Z
order_00010030,batch_0005,trader_0016,ETH-USD,BUY,1996.03,116,2026-01-01T02:47:09Z
order_00010031,batch_0005,trader_0010,ETH-USD,BUY,2177.55,461,2026-01-01T02:47:10Z
order_00010032,batch_0005,trader_0020,ETH-USD,BUY,1895.5,622,2026-01-01T02:47:11Z
order_00010033,batch_0005,trader_0011,ETH-USD,SELL,2071.24,683,2026-01-01T02:47:12Z
order_00010034,batch_0005,trader_0008,ETH-USD,SELL,1886.46,315,2026-01-01T02:47:13Z
order_00010035,batch_0005,trader_0016,ETH-USD,BUY,2031.48,619,2026-01-01T02:47:14Z
order_00010036,batch_0005,trader_0025,ETH-USD,SELL,1940.27,182,2026-01-01T02:47:15Z
order_00010037,batch_0005,trader_0002,ETH-USD,BUY,2044.65,83,2026-01-01T02:47:16Z
order_00010038,batch_0005,trader_0021,ETH-USD,SELL,1901.67,914,2026-01-01T02:47:17Z
order_00010039,batch_0005,trader_0016,ETH-USD,SELL,1952.61,153,2026-01-01T02:47:18Z
order_00010040,batch_0005,trader_0019,ETH-USD,BUY,2027.44,92,2026-01-01T02:47:19Z
order_00010041,batch_0005,trader_0022,ETH-USD,SELL,1947.82,216,2026-01-01T02:47:20Z
order_00010042,batch_0005,trader_0025,ETH-USD,BUY,1830.52,643,2026-01-01T02:47:21Z
order_00010043,batch_0005,trader_0011,ETH-USD,SELL,1886.7,571,2026-01-01T02:47:22Z
order_00010044,batch_0005,trader_0024,ETH-USD,SELL,1853.04,544,2026-01-01T02:47:23Z
order_00010045,batch_0005,trader_0008,ETH-USD,SELL,1949.56,489,2026-01-01T02:47:24Z
order_00010046,batch_0005,trader_0023,ETH-USD,BUY,1871.17,340,2026-01-01T02:47:25Z
order_00010047,batch_0005,trader_0009,ETH-USD,BUY,2039.29,140,2026-01-01T02:47:26Z
order_00010048,batch_0005,trader_0016,ETH-USD,SELL,1996.38,980,2026-01-01T02:47:27Z
order_00010049,batch_0005,trader_0006,ETH-USD,SELL,1874.52,117,2026-01-01T02:47:28Z
order_00010050,batch_0005,trader_0007,ETH-USD,BUY,2065.78,876,2026-01-01T02:47:29Z
order_00010051,batch_0005,trader_0008,ETH-USD,BUY,1848.89,378,2026-01-01T02:47:30Z
order_00010052,batch_0005,trader_0005,ETH-USD,SELL,2120.26,170,2026-01-01T02:47:31Z
order_00010053,batch_0005,trader_0015,ETH-USD,SELL,1976.2,85,2026-01-01T02:47:32Z
order_00010054,batch_0005,trader_0001,ETH-USD,SELL,2162.27,344,2026-01-01T02:47:33Z
order_00010055,batch_0005,trader_0022,ETH-USD,SELL,2060.41,582,2026-01-01T02:47:34Z
order_00010056,batch_0005,trader_0025,ETH-USD,SELL,1975.75,865,2026-01-01T02:47:35Z
order_00010057,batch_0005,trader_0016,ETH-USD,SELL,1926.51,57,2026-01-01T02:47:36Z
order_00010058,batch_0005,trader_0025,ETH-USD,SELL,2089.91,507,2026-01-01T02:47:37Z
order_00010059,batch_0005,trader_0007,ETH-USD,SELL,1983.47,81,2026-01-01T02:47:38Z
order_00010060,batch_0005,trader_0007,ETH-USD,BUY,2067.73,129,2026-01-01T02:47:39Z
order_00010061,batch_0005,trader_0008,ETH-USD,BUY,1882.56,327,2026-01-01T02:47:40Z
order_00010062,batch_0005,trader_0023,ETH-USD,SELL,1830.6,713,2026-01-01T02:47:41Z
order_00010063,batch_0005,trader_0019,ETH-USD,BUY,1812.66,361,2026-01-01T02:47:42Z
order_00010064,batch_0005,trader_0002,ETH-USD,BUY,1983.77,992,2026-01-01T02:47:43Z
order_00010065,batch_0005,trader_0007,ETH-USD,SELL,1813.86,528,2026-01-01T02:47:44Z
order_00010066,batch_0005,trader_0015,ETH-USD,BUY,2141.86,719,2026-01-01T02:47:45Z
order_00010067,batch_0005,trader_0020,ETH-USD,SELL,1874.58,428,2026-01-01T02:47:46Z
order_00010068,batch_0005,trader_0014,ETH-USD,BUY,2030.65,205,2026-01-01T02:47:47Z
order_00010069,batch_0005,trader_0015,ETH-USD,SELL,2130.71,912,2026-01-01T02:47:48Z
order_00010070,batch_0005,trader_0011,ETH-USD,SELL,2008.34,826,2026-01-01T02:47:49Z
order_00010071,batch_0005,trader_0009,ETH-USD,BUY,2029.05,410,2026-01-01T02:47:50Z
order_00010072,batch_0005,trader_0009,ETH-USD,BUY,2031.68,945,2026-01-01T02:47:51Z
order_00010073,batch_0005,trader_0023,ETH-USD,BUY,1824.18,109,2026-01-01T02:47:52Z
order_00010074,batch_0005,trader_0016,ETH-USD,BUY,1858.36,308,2026-01-01T02:47:53Z
order_00010075,batch_0005,trader_0020,ETH-USD,SELL,1989.58,608,2026-01-01T02:47:54Z
order_00010076,batch_0005,trader_0005,ETH-USD,BUY,2136.6,286,2026-01-01T02:47:55Z
order_00010077,batch_0005,trader_0017,ETH-USD,BUY,1800.56,981,2026-01-01T02:47:56Z
order_00010078,batch_0005,trader_0021,ETH-USD,SELL,2018.28,518,2026-01-01T02:47:57Z
order_00010079,batch_0005,trader_0020,ETH-USD,SELL,2157.46,626,2026-01-01T02:47:58Z
order_00010080,batch_0005,trader_0025,ETH-USD,SELL,2183.75,220,2026-01-01T02:47:59Z
order_00010081,batch_0005,trader_0012,ETH-USD,SELL,2034.49,643,2026-01-01T02:48:00Z
order_00010082,batch_0005,trader_0017,ETH-USD,BUY,1928.38,977,2026-01-01T02:48:01Z
order_00010083,batch_0005,trader_0003,ETH-USD,BUY,2155.1,515,2026-01-01T02:48:02Z
order_00010084,batch_0005,trader_0002,ETH-USD,BUY,2086.66,333,2026-01-01T02:48:03Z
order_00010085,batch_0005,trader_0013,ETH-USD,SELL,1983.22,307,2026-01-01T02:48:04Z
order_00010086,batch_0005,trader_0014,ETH-USD,BUY,2148.26,95,2026-01-01T02:48:05Z
order_00010087,batch_0005,trader_0006,ETH-USD,BUY,2151.52,956,2026-01-01T02:48:06Z
order_00010088,batch_0005,trader_0011,ETH-USD,BUY,2132.87,310,2026-01-01T02:48:07Z
order_00010089,batch_0005,trader_0006,ETH-USD,SELL,1966.49,291,2026-01-01T02:48:08Z
order_00010090,batch_0005,trader_0008,ETH-USD,BUY,2184.61,183,2026-01-01T02:48:09Z
order_00010091,batch_0005,trader_0020,ETH-USD,BUY,2117.22,257,2026-01-01T02:48:10Z
order_00010092,batch_0005,trader_0008,ETH-USD,SELL,1857.63,174,2026-01-01T02:48:11Z
order_00010093,batch_0005,trader_0003,ETH-USD,SELL,1996.08,5,2026-01-01T02:48:12Z
order_00010094,batch_0005,trader_0008,ETH-USD,SELL,2066.56,253,2026-01-01T02:48:13Z
order_00010095,batch_0005,trader_0020,ETH-USD,BUY,2165.23,393,2026-01-01T02:48:14Z
order_00010096,batch_0005,trader_0016,ETH-USD,SELL,2170.47,854,2026-01-01T02:48:15Z
order_00010097,batch_0005,trader_0014,ETH-USD,SELL,2064.8,739,2026-01-01T02:48:16Z
order_00010098,batch_0005,trader_0019,ETH-USD,BUY,1899.93,811,2026-01-01T02:48:17Z
order_00010099,batch_0005,trader_0019,ETH-USD,SELL,1820.59,79,2026-01-01T02:48:18Z
order_00010100,batch_0005,trader_0007,ETH-USD,SELL,1843.34,367,2026-01-01T02:48:19Z
order_00010101,batch_0005,trader_0025,ETH-USD,BUY,1903.9,77,2026-01-01T02:48:20Z
order_00010102,batch_0005,trader_0006,ETH-USD,SELL,1870.93,758,2026-01-01T02:48:21Z
order_00010103,batch_0005,trader_0011,ETH-USD,BUY,1842.68,649,2026-01-01T02:48:22Z
order_00010104,batch_0005,trader_0020,ETH-USD,BUY,2005.84,393,2026-01-01T02:48:23Z
order_00010105,batch_0005,trader_0003,ETH-USD,BUY,2065.78,260,2026-01-01T02:48:24Z
order_00010106,batch_0005,trader_0009,ETH-USD,SELL,2162.94,978,2026-01-01T02:48:25Z
order_00010107,batch_0005,trader_0014,ETH-USD,BUY,2069.64,224,2026-01-01T02:48:26Z
order_00010108,batch_0005,trader_0005,ETH-USD,BUY,2121.45,749,2026-01-01T02:48:27Z
order_00010109,batch_0005,trader_0003,ETH-USD,SELL,2038.91,963,2026-01-01T02:48:28Z
order_00010110,batch_0005,trader_0011,ETH-USD,BUY,2078.66,442,2026-01-01T02:48:29Z
order_00010111,batch_0005,trader_0004,ETH-USD,SELL,2058.72,450,2026-01-01T02:48:30Z
order_00010112,batch_0005,trader_0006,ETH-USD,SELL,1989.38,745,2026-01-01T02:48:31Z
order_00010113,batch_0005,trader_0024,ETH-USD,SELL,1931.68,721,2026-01-01T02:48:32Z
order_00010114,batch_0005,trader_0003,ETH-USD,SELL,1871.31,607,2026-01-01T02:48:33Z
order_00010115,batch_0005,trader_0022,ETH-USD,SELL,1846.46,884,2026-01-01T02:48:34Z
order_00010116,batch_0005,trader_0019,ETH-USD,BUY,1864.01,290,2026-01-01T02:48:35Z
order_00010117,batch_0005,trader_0010,ETH-USD,SELL,2001.51,277,2026-01-01T02:48:36Z
order_00010118,batch_0005,trader_0007,ETH-USD,BUY,2100.43,8,2026-01-01T02:48:37Z
order_00010119,batch_0005,trader_0023,ETH-USD,SELL,1944.73,985,2026-01-01T02:48:38Z
order_00010120,batch_0005,trader_0019,ETH-USD,BUY,2032.43,592,2026-01-01T02:48:39Z
order_00010121,batch_0005,trader_0011,ETH-USD,BUY,1867.36,876,2026-01-01T02:48:40Z
order_00010122,batch_0005,trader_0006,ETH-USD,BUY,1848.28,928,2026-01-01T02:48:41Z
order_00010123,batch_0005,trader_0010,ETH-USD,SELL,1843.23,32,2026-01-01T02:48:42Z
order_00010124,batch_0005,trader_0017,ETH-USD,SELL,1820.66,156,2026-01-01T02:48:43Z
order_00010125,batch_0005,trader_0020,ETH-USD,SELL,1922.89,719,2026-01-01T02:48:44Z
order_00010126,batch_0005,trader_0013,ETH-USD,SELL,2184.14,526,2026-01-01T02:48:45Z
order_00010127,batch_0005,trader_0003,ETH-USD,BUY,1918.92,640,2026-01-01T02:48:46Z
order_00010128,batch_0005,trader_0020,ETH-USD,SELL,1985.34,151,2026-01-01T02:48:47Z
order_00010129,batch_0005,trader_0022,ETH-USD,BUY,1954.23,678,2026-01-01T02:48:48Z
order_00010130,batch_0005,trader_0014,ETH-USD,BUY,2180.66,622,2026-01-01T02:48:49Z
order_00010131,batch_0005,trader_0019,ETH-USD,BUY,2077.54,280,2026-01-01T02:48:50Z
order_00010132,batch_0005,trader_0007,ETH-USD,BUY,2186.67,931,2026-01-01T02:48:51Z
order_00010133,batch_0005,trader_0021,ETH-USD,SELL,1845.47,737,2026-01-01T02:48:52Z
order_00010134,batch_0005,trader_0002,ETH-USD,BUY,1839.35,98,2026-01-01T02:48:53Z
order_00010135,batch_0005,trader_0004,ETH-USD,SELL,1854.96,904,2026-01-01T02:48:54Z
order_00010136,batch_0005,trader_0025,ETH-USD,BUY,2151.13,849,2026-01-01T02:48:55Z
order_00010137,batch_0005,trader_0006,ETH-USD,BUY,1894.33,988,2026-01-01T02:48:56Z
order_00010138,batch_0005,trader_0001,ETH-USD,SELL,2086.11,957,2026-01-01T02:48:57Z
order_00010139,batch_0005,trader_0024,ETH-USD,SELL,2152.56,152,2026-01-01T02:48:58Z
order_00010140,batch_0005,trader_0013,ETH-USD,SELL,1869.66,405,2026-01-01T02:48:59Z
order_00010141,batch_0005,trader_0025,ETH-USD,BUY,2051.89,84,2026-01-01T02:49:00Z
order_00010142,batch_0005,trader_0025,ETH-USD,BUY,1925.25,143,2026-01-01T02:49:01Z
order_00010143,batch_0005,trader_0014,ETH-USD,SELL,1896.7,163,2026-01-01T02:49:02Z
order_00010144,batch_0005,trader_0016,ETH-USD,BUY,2125.42,41,2026-01-01T02:49:03Z
order_00010145,batch_0005,trader_0020,ETH-USD,BUY,2109.1,319,2026-01-01T02:49:04Z
order_00010146,batch_0005,trader_0021,ETH-USD,SELL,2060.73,203,2026-01-01T02:49:05Z
order_00010147,batch_0005,trader_0018,ETH-USD,SELL,2036.02,677,2026-01-01T02:49:06Z
order_00010148,batch_0005,trader_0014,ETH-USD,BUY,2163.97,724,2026-01-01T02:49:07Z
order_00010149,batch_0005,trader_0002,ETH-USD,SELL,1987.91,932,2026-01-01T02:49:08Z
order_00010150,batch_0005,trader_0016,ETH-USD,SELL,2150.61,718,2026-01-01T02:49:09Z
order_00010151,batch_0005,trader_0015,ETH-USD,BUY,1830.02,138,2026-01-01T02:49:10Z
order_00010152,batch_0005,trader_0023,ETH-USD,SELL,2117.4,183,2026-01-01T02:49:11Z
order_00010153,batch_0005,trader_0023,ETH-USD,BUY,2133.02,247,2026-01-01T02:49:12Z
order_00010154,batch_0005,trader_0003,ETH-USD,BUY,1948.15,811,2026-01-01T02:49:13Z
order_00010155,batch_0005,trader_0025,ETH-USD,BUY,2125.75,690,2026-01-01T02:49:14Z
order_00010156,batch_0005,trader_0005,ETH-USD,SELL,1997.22,884,2026-01-01T02:49:15Z
order_00010157,batch_0005,trader_0005,ETH-USD,BUY,2121.73,474,2026-01-01T02:49:16Z
order_00010158,batch_0005,trader_0010,ETH-USD,BUY,1972.9,188,2026-01-01T02:49:17Z
order_00010159,batch_0005,trader_0022,ETH-USD,SELL,2097.98,448,2026-01-01T02:49:18Z
order_00010160,batch_0005,trader_0019,ETH-USD,SELL,2068.36,607,2026-01-01T02:49:19Z
order_00010161,batch_0005,trader_0024,ETH-USD,BUY,1973.76,865,2026-01-01T02:49:20Z
order_00010162,batch_0005,trader_0019,ETH-USD,SELL,2085.32,727,2026-01-01T02:49:21Z
order_00010163,batch_0005,trader_0018,ETH-USD,SELL,1874.11,717,2026-01-01T02:49:22Z
order_00010164,batch_0005,trader_0017,ETH-USD,SELL,2020.53,825,2026-01-01T02:49:23Z
order_00010165,batch_0005,trader_0007,ETH-USD,SELL,1952.53,930,2026-01-01T02:49:24Z
order_00010166,batch_0005,trader_0015,ETH-USD,SELL,1866.56,642,2026-01-01T02:49:25Z
order_00010167,batch_0005,trader_0016,ETH-USD,SELL,2006.39,437,2026-01-01T02:49:26Z
order_00010168,batch_0005,trader_0009,ETH-USD,SELL,2167.45,756,2026-01-01T02:49:27Z
order_00010169,batch_0005,trader_0015,ETH-USD,BUY,1892.9,898,2026-01-01T02:49:28Z
order_00010170,batch_0005,trader_0020,ETH-USD,SELL,1831.63,237,2026-01-01T02:49:29Z
order_00010171,batch_0005,trader_0003,ETH-USD,SELL,1894.11,593,2026-01-01T02:49:30Z
order_00010172,batch_0005,trader_0006,ETH-USD,SELL,2031.44,699,2026-01-01T02:49:31Z
order_00010173,batch_0005,trader_0008,ETH-USD,SELL,1876.47,667,2026-01-01T02:49:32Z
order_00010174,batch_0005,trader_0012,ETH-USD,BUY,2087.97,479,2026-01-01T02:49:33Z
order_00010175,batch_0005,trader_0021,ETH-USD,BUY,2193.36,481,2026-01-01T02:49:34Z
order_00010176,batch_0005,trader_0024,ETH-USD,BUY,1949.98,491,2026-01-01T02:49:35Z
order_00010177,batch_0005,trader_0010,ETH-USD,SELL,2109.73,941,2026-01-01T02:49:36Z
order_00010178,batch_0005,trader_0020,ETH-USD,SELL,2031.15,675,2026-01-01T02:49:37Z
order_00010179,batch_0005,trader_0012,ETH-USD,SELL,1879.13,410,2026-01-01T02:49:38Z
order_00010180,batch_0005,trader_0014,ETH-USD,BUY,1966.46,517,2026-01-01T02:49:39Z
order_00010181,batch_0005,trader_0001,ETH-USD,BUY,1895.07,73,2026-01-01T02:49:40Z
order_00010182,batch_0005,trader_0003,ETH-USD,SELL,2031.52,934,2026-01-01T02:49:41Z
order_00010183,batch_0005,trader_0009,ETH-USD,SELL,1902.88,843,2026-01-01T02:49:42Z
order_00010184,batch_0005,trader_0006,ETH-USD,SELL,2099.3,285,2026-01-01T02:49:43Z
order_00010185,batch_0005,trader_0004,ETH-USD,SELL,1933.12,597,2026-01-01T02:49:44Z
order_00010186,batch_0005,trader_0023,ETH-USD,BUY,2129.79,867,2026-01-01T02:49:45Z
order_00010187,batch_0005,trader_0012,ETH-USD,BUY,2044.93,336,2026-01-01T02:49:46Z
order_00010188,batch_0005,trader_0022,ETH-USD,BUY,1965.39,596,2026-01-01T02:49:47Z
order_00010189,batch_0005,trader_0023,ETH-USD,SELL,2168.29,113,2026-01-01T02:49:48Z
order_00010190,batch_0005,trader_0014,ETH-USD,SELL,1810.36,102,2026-01-01T02:49:49Z
order_00010191,batch_0005,trader_0008,ETH-USD,BUY,1842.9,351,2026-01-01T02:49:50Z
order_00010192,batch_0005,trader_0008,ETH-USD,SELL,2172.68,827,2026-01-01T02:49:51Z
order_00010193,batch_0005,trader_0001,ETH-USD,BUY,2093.65,365,2026-01-01T02:49:52Z
order_00010194,batch_0005,trader_0009,ETH-USD,SELL,2093.59,344,2026-01-01T02:49:53Z
order_00010195,batch_0005,trader_0005,ETH-USD,BUY,1998.65,244,2026-01-01T02:49:54Z
order_00010196,batch_0005,trader_0023,ETH-USD,BUY,1853.72,268,2026-01-01T02:49:55Z
order_00010197,batch_0005,trader_0015,ETH-USD,BUY,2114.74,515,2026-01-01T02:49:56Z
order_00010198,batch_0005,trader_0023,ETH-USD,SELL,1815.82,981,2026-01-01T02:49:57Z
order_00010199,batch_0005,trader_0006,ETH-USD,BUY,2130.42,979,2026-01-01T02:49:58Z
order_00010200,batch_0005,trader_0005,ETH-USD,BUY,2018.0,846,2026-01-01T02:49:59Z
order_00010201,batch_0005,trader_0017,ETH-USD,SELL,1825.25,452,2026-01-01T02:50:00Z
order_00010202,batch_0005,trader_0025,ETH-USD,SELL,2090.19,670,2026-01-01T02:50:01Z
order_00010203,batch_0005,trader_0022,ETH-USD,BUY,2144.29,968,2026-01-01T02:50:02Z
order_00010204,batch_0005,trader_0011,ETH-USD,BUY,2140.64,699,2026-01-01T02:50:03Z
order_00010205,batch_0005,trader_0003,ETH-USD,SELL,2128.44,978,2026-01-01T02:50:04Z
order_00010206,batch_0005,trader_0019,ETH-USD,SELL,2099.68,452,2026-01-01T02:50:05Z
order_00010207,batch_0005,trader_0007,ETH-USD,BUY,2142.65,776,2026-01-01T02:50:06Z
order_00010208,batch_0005,trader_0007,ETH-USD,BUY,2042.53,314,2026-01-01T02:50:07Z
order_00010209,batch_0005,trader_0018,ETH-USD,BUY,2159.07,108,2026-01-01T02:50:08Z
order_00010210,batch_0005,trader_0002,ETH-USD,SELL,2189.6,166,2026-01-01T02:50:09Z
order_00010211,batch_0005,trader_0019,ETH-USD,SELL,2106.74,750,2026-01-01T02:50:10Z
order_00010212,batch_0005,trader_0001,ETH-USD,SELL,2132.21,690,2026-01-01T02:50:11Z
order_00010213,batch_0005,trader_0017,ETH-USD,BUY,2013.02,951,2026-01-01T02:50:12Z
order_00010214,batch_0005,trader_0010,ETH-USD,SELL,2081.99,250,2026-01-01T02:50:13Z
order_00010215,batch_0005,trader_0022,ETH-USD,SELL,2086.11,382,2026-01-01T02:50:14Z
order_00010216,batch_0005,trader_0017,ETH-USD,BUY,1851.6,46,2026-01-01T02:50:15Z
order_00010217,batch_0005,trader_0001,ETH-USD,BUY,2082.57,78,2026-01-01T02:50:16Z
order_00010218,batch_0005,trader_0017,ETH-USD,SELL,1818.22,459,2026-01-01T02:50:17Z
order_00010219,batch_0005,trader_0021,ETH-USD,BUY,1825.07,433,2026-01-01T02:50:18Z
order_00010220,batch_0005,trader_0021,ETH-USD,SELL,1978.25,546,2026-01-01T02:50:19Z
order_00010221,batch_0005,trader_0019,ETH-USD,BUY,1825.69,778,2026-01-01T02:50:20Z
order_00010222,batch_0005,trader_0001,ETH-USD,SELL,2144.75,490,2026-01-01T02:50:21Z
order_00010223,batch_0005,trader_0009,ETH-USD,BUY,2185.06,132,2026-01-01T02:50:22Z
order_00010224,batch_0005,trader_0009,ETH-USD,BUY,2065.72,319,2026-01-01T02:50:23Z
order_00010225,batch_0005,trader_0005,ETH-USD,BUY,1922.71,210,2026-01-01T02:50:24Z
order_00010226,batch_0005,trader_0002,ETH-USD,BUY,1944.49,422,2026-01-01T02:50:25Z
order_00010227,batch_0005,trader_0001,ETH-USD,SELL,2137.38,302,2026-01-01T02:50:26Z
order_00010228,batch_0005,trader_0007,ETH-USD,BUY,1916.92,645,2026-01-01T02:50:27Z
order_00010229,batch_0005,trader_0024,ETH-USD,BUY,1946.55,345,2026-01-01T02:50:28Z
order_00010230,batch_0005,trader_0024,ETH-USD,BUY,1853.26,311,2026-01-01T02:50:29Z
order_00010231,batch_0005,trader_0022,ETH-USD,BUY,2199.4,1000,2026-01-01T02:50:30Z
order_00010232,batch_0005,trader_0012,ETH-USD,SELL,1892.81,696,2026-01-01T02:50:31Z
order_00010233,batch_0005,trader_0015,ETH-USD,BUY,2198.21,882,2026-01-01T02:50:32Z
order_00010234,batch_0005,trader_0025,ETH-USD,BUY,1995.65,88,2026-01-01T02:50:33Z
order_00010235,batch_0005,trader_0020,ETH-USD,BUY,2120.29,536,2026-01-01T02:50:34Z
order_00010236,batch_0005,trader_0018,ETH-USD,SELL,2176.38,573,2026-01-01T02:50:35Z
order_00010237,batch_0005,trader_0015,ETH-USD,BUY,2162.49,568,2026-01-01T02:50:36Z
order_00010238,batch_0005,trader_0012,ETH-USD,BUY,2094.22,488,2026-01-01T02:50:37Z
order_00010239,batch_0005,trader_0015,ETH-USD,SELL,2000.04,223,2026-01-01T02:50:38Z
order_00010240,batch_0005,trader_0020,ETH-USD,SELL,2115.93,132,2026-01-01T02:50:39Z
order_00010241,batch_0005,trader_0008,ETH-USD,SELL,2188.38,546,2026-01-01T02:50:40Z
order_00010242,batch_0005,trader_0006,ETH-USD,SELL,2054.34,659,2026-01-01T02:50:41Z
order_00010243,batch_0005,trader_0002,ETH-USD,BUY,1990.62,519,2026-01-01T02:50:42Z
order_00010244,batch_0005,trader_0011,ETH-USD,BUY,2034.77,120,2026-01-01T02:50:43Z
order_00010245,batch_0005,trader_0017,ETH-USD,BUY,1963.96,514,2026-01-01T02:50:44Z
order_00010246,batch_0005,trader_0015,ETH-USD,SELL,2058.08,87,2026-01-01T02:50:45Z
order_00010247,batch_0005,trader_0018,ETH-USD,SELL,1912.22,229,2026-01-01T02:50:46Z
order_00010248,batch_0005,trader_0019,ETH-USD,SELL,1812.25,703,2026-01-01T02:50:47Z
order_00010249,batch_0005,trader_0022,ETH-USD,SELL,1924.68,798,2026-01-01T02:50:48Z
order_00010250,batch_0005,trader_0004,ETH-USD,BUY,2053.47,642,2026-01-01T02:50:49Z
order_00010251,batch_0005,trader_0017,ETH-USD,BUY,2121.94,497,2026-01-01T02:50:50Z
order_00010252,batch_0005,trader_0004,ETH-USD,BUY,2162.87,198,2026-01-01T02:50:51Z
order_00010253,batch_0005,trader_0008,ETH-USD,SELL,2055.02,553,2026-01-01T02:50:52Z
order_00010254,batch_0005,trader_0012,ETH-USD,SELL,1856.08,738,2026-01-01T02:50:53Z
order_00010255,batch_0005,trader_0007,ETH-USD,SELL,1922.27,848,2026-01-01T02:50:54Z
order_00010256,batch_0005,trader_0003,ETH-USD,SELL,1873.08,598,2026-01-01T02:50:55Z
order_00010257,batch_0005,trader_0014,ETH-USD,SELL,1900.67,324,2026-01-01T02:50:56Z
order_00010258,batch_0005,trader_0015,ETH-USD,BUY,2138.98,322,2026-01-01T02:50:57Z
order_00010259,batch_0005,trader_0021,ETH-USD,BUY,2095.55,56,2026-01-01T02:50:58Z
order_00010260,batch_0005,trader_0018,ETH-USD,BUY,1878.89,364,2026-01-01T02:50:59Z
order_00010261,batch_0005,trader_0012,ETH-USD,SELL,1822.07,191,2026-01-01T02:51:00Z
order_00010262,batch_0005,trader_0011,ETH-USD,BUY,1939.3,665,2026-01-01T02:51:01Z
order_00010263,batch_0005,trader_0010,ETH-USD,SELL,1927.84,690,2026-01-01T02:51:02Z
order_00010264,batch_0005,trader_0025,ETH-USD,SELL,1814.4,870,2026-01-01T02:51:03Z
order_00010265,batch_0005,trader_0022,ETH-USD,SELL,2083.28,529,2026-01-01T02:51:04Z
order_00010266,batch_0005,trader_0017,ETH-USD,BUY,2079.42,480,2026-01-01T02:51:05Z
order_00010267,batch_0005,trader_0019,ETH-USD,SELL,2188.82,551,2026-01-01T02:51:06Z
order_00010268,batch_0005,trader_0024,ETH-USD,SELL,2057.74,169,2026-01-01T02:51:07Z
order_00010269,batch_0005,trader_0025,ETH-USD,BUY,2119.62,997,2026-01-01T02:51:08Z
order_00010270,batch_0005,trader_0025,ETH-USD,SELL,1815.48,759,2026-01-01T02:51:09Z
order_00010271,batch_0005,trader_0009,ETH-USD,BUY,1803.66,683,2026-01-01T02:51:10Z
order_00010272,batch_0005,trader_0016,ETH-USD,BUY,2047.42,775,2026-01-01T02:51:11Z
order_00010273,batch_0005,trader_0006,ETH-USD,SELL,2194.87,70,2026-01-01T02:51:12Z
order_00010274,batch_0005,trader_0012,ETH-USD,BUY,2075.23,109,2026-01-01T02:51:13Z
order_00010275,batch_0005,trader_0009,ETH-USD,SELL,2077.14,551,2026-01-01T02:51:14Z
order_00010276,batch_0005,trader_0023,ETH-USD,BUY,1809.19,910,2026-01-01T02:51:15Z
order_00010277,batch_0005,trader_0016,ETH-USD,SELL,1971.01,566,2026-01-01T02:51:16Z
order_00010278,batch_0005,trader_0009,ETH-USD,BUY,1902.84,429,2026-01-01T02:51:17Z
order_00010279,batch_0005,trader_0010,ETH-USD,BUY,1850.43,444,2026-01-01T02:51:18Z
order_00010280,batch_0005,trader_0002,ETH-USD,BUY,2184.48,970,2026-01-01T02:51:19Z
order_00010281,batch_0005,trader_0016,ETH-USD,SELL,2019.45,577,2026-01-01T02:51:20Z
order_00010282,batch_0005,trader_0004,ETH-USD,BUY,1806.27,825,2026-01-01T02:51:21Z
order_00010283,batch_0005,trader_0008,ETH-USD,SELL,2111.44,478,2026-01-01T02:51:22Z
order_00010284,batch_0005,trader_0002,ETH-USD,BUY,1985.3,335,2026-01-01T02:51:23Z
order_00010285,batch_0005,trader_0025,ETH-USD,SELL,1917.5,676,2026-01-01T02:51:24Z
order_00010286,batch_0005,trader_0013,ETH-USD,BUY,1853.84,251,2026-01-01T02:51:25Z
order_00010287,batch_0005,trader_0020,ETH-USD,SELL,2012.04,792,2026-01-01T02:51:26Z
order_00010288,batch_0005,trader_0020,ETH-USD,SELL,2156.86,674,2026-01-01T02:51:27Z
order_00010289,batch_0005,trader_0007,ETH-USD,SELL,1823.94,696,2026-01-01T02:51:28Z
order_00010290,batch_0005,trader_0008,ETH-USD,SELL,1904.31,59,2026-01-01T02:51:29Z
order_00010291,batch_0005,trader_0015,ETH-USD,SELL,2121.12,104,2026-01-01T02:51:30Z
order_00010292,batch_0005,trader_0019,ETH-USD,SELL,2096.27,900,2026-01-01T02:51:31Z
order_00010293,batch_0005,trader_0019,ETH-USD,SELL,1961.58,268,2026-01-01T02:51:32Z
order_00010294,batch_0005,trader_0017,ETH-USD,BUY,1808.93,479,2026-01-01T02:51:33Z
order_00010295,batch_0005,trader_0007,ETH-USD,BUY,2173.96,952,2026-01-01T02:51:34Z
order_00010296,batch_0005,trader_0010,ETH-USD,BUY,1970.4,524,2026-01-01T02:51:35Z
order_00010297,batch_0005,trader_0009,ETH-USD,BUY,1833.5,254,2026-01-01T02:51:36Z
order_00010298,batch_0005,trader_0012,ETH-USD,SELL,1951.58,706,2026-01-01T02:51:37Z
order_00010299,batch_0005,trader_0015,ETH-USD,BUY,1849.88,807,2026-01-01T02:51:38Z
order_00010300,batch_0005,trader_0016,ETH-USD,BUY,2159.01,83,2026-01-01T02:51:39Z
order_00010301,batch_0005,trader_0025,ETH-USD,BUY,1908.49,252,2026-01-01T02:51:40Z
order_00010302,batch_0005,trader_0005,ETH-USD,BUY,2091.53,203,2026-01-01T02:51:41Z
order_00010303,batch_0005,trader_0016,ETH-USD,BUY,2122.43,391,2026-01-01T02:51:42Z
order_00010304,batch_0005,trader_0023,ETH-USD,BUY,2125.01,996,2026-01-01T02:51:43Z
order_00010305,batch_0005,trader_0003,ETH-USD,BUY,1855.23,390,2026-01-01T02:51:44Z
order_00010306,batch_0005,trader_0004,ETH-USD,SELL,1861.93,688,2026-01-01T02:51:45Z
order_00010307,batch_0005,trader_0021,ETH-USD,BUY,1903.13,345,2026-01-01T02:51:46Z
order_00010308,batch_0005,trader_0001,ETH-USD,BUY,2134.39,607,2026-01-01T02:51:47Z
order_00010309,batch_0005,trader_0016,ETH-USD,SELL,1951.67,29,2026-01-01T02:51:48Z
order_00010310,batch_0005,trader_0019,ETH-USD,BUY,1960.8,755,2026-01-01T02:51:49Z
order_00010311,batch_0005,trader_0005,ETH-USD,BUY,1813.22,803,2026-01-01T02:51:50Z
order_00010312,batch_0005,trader_0006,ETH-USD,BUY,1923.72,692,2026-01-01T02:51:51Z
order_00010313,batch_0005,trader_0015,ETH-USD,SELL,2113.67,435,2026-01-01T02:51:52Z
order_00010314,batch_0005,trader_0025,ETH-USD,SELL,1897.74,969,2026-01-01T02:51:53Z
order_00010315,batch_0005,trader_0022,ETH-USD,BUY,2024.22,205,2026-01-01T02:51:54Z
order_00010316,batch_0005,trader_0004,ETH-USD,BUY,1969.77,794,2026-01-01T02:51:55Z
order_00010317,batch_0005,trader_0011,ETH-USD,SELL,2185.33,112,2026-01-01T02:51:56Z
order_00010318,batch_0005,trader_0020,ETH-USD,SELL,2028.35,637,2026-01-01T02:51:57Z
order_00010319,batch_0005,trader_0023,ETH-USD,BUY,1856.67,753,2026-01-01T02:51:58Z
order_00010320,batch_0005,trader_0011,ETH-USD,BUY,2140.41,282,2026-01-01T02:51:59Z
order_00010321,batch_0005,trader_0011,ETH-USD,BUY,2105.28,450,2026-01-01T02:52:00Z
order_00010322,batch_0005,trader_0005,ETH-USD,SELL,1960.59,158,2026-01-01T02:52:01Z
order_00010323,batch_0005,trader_0018,ETH-USD,SELL,1947.5,640,2026-01-01T02:52:02Z
order_00010324,batch_0005,trader_0022,ETH-USD,BUY,2044.82,872,2026-01-01T02:52:03Z
order_00010325,batch_0005,trader_0007,ETH-USD,BUY,1873.19,33,2026-01-01T02:52:04Z
order_00010326,batch_0005,trader_0019,ETH-USD,BUY,2022.06,356,2026-01-01T02:52:05Z
order_00010327,batch_0005,trader_0023,ETH-USD,BUY,2004.47,357,2026-01-01T02:52:06Z
order_00010328,batch_0005,trader_0021,ETH-USD,BUY,2094.72,686,2026-01-01T02:52:07Z
order_00010329,batch_0005,trader_0017,ETH-USD,BUY,1868.56,661,2026-01-01T02:52:08Z
order_00010330,batch_0005,trader_0016,ETH-USD,BUY,2170.42,29,2026-01-01T02:52:09Z
order_00010331,batch_0005,trader_0022,ETH-USD,BUY,1998.83,894,2026-01-01T02:52:10Z
order_00010332,batch_0005,trader_0021,ETH-USD,SELL,2074.45,600,2026-01-01T02:52:11Z
order_00010333,batch_0005,trader_0009,ETH-USD,SELL,1884.73,828,2026-01-01T02:52:12Z
order_00010334,batch_0005,trader_0005,ETH-USD,SELL,1917.88,843,2026-01-01T02:52:13Z
order_00010335,batch_0005,trader_0016,ETH-USD,BUY,2081.5,288,2026-01-01T02:52:14Z
order_00010336,batch_0005,trader_0025,ETH-USD,BUY,1901.24,495,2026-01-01T02:52:15Z
order_00010337,batch_0005,trader_0019,ETH-USD,SELL,1956.21,580,2026-01-01T02:52:16Z
order_00010338,batch_0005,trader_0002,ETH-USD,BUY,1970.86,314,2026-01-01T02:52:17Z
order_00010339,batch_0005,trader_0018,ETH-USD,BUY,1954.61,9,2026-01-01T02:52:18Z
order_00010340,batch_0005,trader_0010,ETH-USD,SELL,1854.29,947,2026-01-01T02:52:19Z
order_00010341,batch_0005,trader_0022,ETH-USD,SELL,2184.11,129,2026-01-01T02:52:20Z
order_00010342,batch_0005,trader_0007,ETH-USD,BUY,1946.0,826,2026-01-01T02:52:21Z
order_00010343,batch_0005,trader_0018,ETH-USD,BUY,1891.15,608,2026-01-01T02:52:22Z
order_00010344,batch_0005,trader_0021,ETH-USD,BUY,2146.14,668,2026-01-01T02:52:23Z
order_00010345,batch_0005,trader_0005,ETH-USD,SELL,2033.12,22,2026-01-01T02:52:24Z
order_00010346,batch_0005,trader_0001,ETH-USD,BUY,2138.58,908,2026-01-01T02:52:25Z
order_00010347,batch_0005,trader_0012,ETH-USD,BUY,1944.18,881,2026-01-01T02:52:26Z
order_00010348,batch_0005,trader_0003,ETH-USD,SELL,1974.03,618,2026-01-01T02:52:27Z
order_00010349,batch_0005,trader_0020,ETH-USD,SELL,2029.4,62,2026-01-01T02:52:28Z
order_00010350,batch_0005,trader_0021,ETH-USD,SELL,1889.02,834,2026-01-01T02:52:29Z
order_00010351,batch_0005,trader_0019,ETH-USD,SELL,1812.43,480,2026-01-01T02:52:30Z
order_00010352,batch_0005,trader_0022,ETH-USD,BUY,1854.43,976,2026-01-01T02:52:31Z
order_00010353,batch_0005,trader_0016,ETH-USD,SELL,1841.66,814,2026-01-01T02:52:32Z
order_00010354,batch_0005,trader_0025,ETH-USD,BUY,2074.26,128,2026-01-01T02:52:33Z
order_00010355,batch_0005,trader_0021,ETH-USD,BUY,1948.69,135,2026-01-01T02:52:34Z
order_00010356,batch_0005,trader_0023,ETH-USD,SELL,2072.16,768,2026-01-01T02:52:35Z
order_00010357,batch_0005,trader_0021,ETH-USD,SELL,1898.61,305,2026-01-01T02:52:36Z
order_00010358,batch_0005,trader_0009,ETH-USD,SELL,2012.47,957,2026-01-01T02:52:37Z
order_00010359,batch_0005,trader_0012,ETH-USD,SELL,2022.72,471,2026-01-01T02:52:38Z
order_00010360,batch_0005,trader_0003,ETH-USD,BUY,1897.12,947,2026-01-01T02:52:39Z
order_00010361,batch_0005,trader_0009,ETH-USD,SELL,2036.61,512,2026-01-01T02:52:40Z
order_00010362,batch_0005,trader_0010,ETH-USD,SELL,1905.03,744,2026-01-01T02:52:41Z
order_00010363,batch_0005,trader_0023,ETH-USD,SELL,2158.34,767,2026-01-01T02:52:42Z
order_00010364,batch_0005,trader_0017,ETH-USD,SELL,1982.57,863,2026-01-01T02:52:43Z
order_00010365,batch_0005,trader_0007,ETH-USD,SELL,1979.45,178,2026-01-01T02:52:44Z
order_00010366,batch_0005,trader_0010,ETH-USD,SELL,2083.85,505,2026-01-01T02:52:45Z
order_00010367,batch_0005,trader_0005,ETH-USD,SELL,2063.5,884,2026-01-01T02:52:46Z
order_00010368,batch_0005,trader_0005,ETH-USD,BUY,2011.63,110,2026-01-01T02:52:47Z
order_00010369,batch_0005,trader_0001,ETH-USD,SELL,2073.11,955,2026-01-01T02:52:48Z
order_00010370,batch_0005,trader_0013,ETH-USD,BUY,2186.0,615,2026-01-01T02:52:49Z
order_00010371,batch_0005,trader_0013,ETH-USD,SELL,1851.74,937,2026-01-01T02:52:50Z
order_00010372,batch_0005,trader_0009,ETH-USD,BUY,2167.25,419,2026-01-01T02:52:51Z
order_00010373,batch_0005,trader_0002,ETH-USD,SELL,2066.53,785,2026-01-01T02:52:52Z
order_00010374,batch_0005,trader_0022,ETH-USD,BUY,1955.78,946,2026-01-01T02:52:53Z
order_00010375,batch_0005,trader_0013,ETH-USD,BUY,1865.35,83,2026-01-01T02:52:54Z
order_00010376,batch_0005,trader_0001,ETH-USD,BUY,2182.8,82,2026-01-01T02:52:55Z
order_00010377,batch_0005,trader_0005,ETH-USD,BUY,1854.34,961,2026-01-01T02:52:56Z
order_00010378,batch_0005,trader_0016,ETH-USD,SELL,1864.77,618,2026-01-01T02:52:57Z
order_00010379,batch_0005,trader_0011,ETH-USD,SELL,2071.67,299,2026-01-01T02:52:58Z
order_00010380,batch_0005,trader_0017,ETH-USD,SELL,2117.26,174,2026-01-01T02:52:59Z
order_00010381,batch_0005,trader_0025,ETH-USD,SELL,1853.93,971,2026-01-01T02:53:00Z
order_00010382,batch_0005,trader_0009,ETH-USD,SELL,1996.15,431,2026-01-01T02:53:01Z
order_00010383,batch_0005,trader_0023,ETH-USD,BUY,1884.08,640,2026-01-01T02:53:02Z
order_00010384,batch_0005,trader_0021,ETH-USD,BUY,2100.8,933,2026-01-01T02:53:03Z
order_00010385,batch_0005,trader_0005,ETH-USD,SELL,1877.41,468,2026-01-01T02:53:04Z
order_00010386,batch_0005,trader_0020,ETH-USD,SELL,2185.36,533,2026-01-01T02:53:05Z
order_00010387,batch_0005,trader_0003,ETH-USD,BUY,2031.39,765,2026-01-01T02:53:06Z
order_00010388,batch_0005,trader_0001,ETH-USD,SELL,1847.88,353,2026-01-01T02:53:07Z
order_00010389,batch_0005,trader_0025,ETH-USD,BUY,1995.89,2,2026-01-01T02:53:08Z
order_00010390,batch_0005,trader_0021,ETH-USD,BUY,1877.48,264,2026-01-01T02:53:09Z
order_00010391,batch_0005,trader_0017,ETH-USD,SELL,2198.67,977,2026-01-01T02:53:10Z
order_00010392,batch_0005,trader_0013,ETH-USD,BUY,2027.7,899,2026-01-01T02:53:11Z
order_00010393,batch_0005,trader_0007,ETH-USD,SELL,2132.53,949,2026-01-01T02:53:12Z
order_00010394,batch_0005,trader_0012,ETH-USD,SELL,1944.48,70,2026-01-01T02:53:13Z
order_00010395,batch_0005,trader_0012,ETH-USD,BUY,2187.84,115,2026-01-01T02:53:14Z
order_00010396,batch_0005,trader_0007,ETH-USD,BUY,2027.12,574,2026-01-01T02:53:15Z
order_00010397,batch_0005,trader_0022,ETH-USD,BUY,1888.79,465,2026-01-01T02:53:16Z
order_00010398,batch_0005,trader_0020,ETH-USD,SELL,1820.7,371,2026-01-01T02:53:17Z
order_00010399,batch_0005,trader_0008,ETH-USD,BUY,1986.83,239,2026-01-01T02:53:18Z
order_00010400,batch_0005,trader_0007,ETH-USD,BUY,2044.92,134,2026-01-01T02:53:19Z
order_00010401,batch_0005,trader_0024,ETH-USD,SELL,2176.54,282,2026-01-01T02:53:20Z
order_00010402,batch_0005,trader_0025,ETH-USD,BUY,1820.67,349,2026-01-01T02:53:21Z
order_00010403,batch_0005,trader_0012,ETH-USD,BUY,1981.55,707,2026-01-01T02:53:22Z
order_00010404,batch_0005,trader_0001,ETH-USD,SELL,2158.05,850,2026-01-01T02:53:23Z
order_00010405,batch_0005,trader_0001,ETH-USD,SELL,2017.64,422,2026-01-01T02:53:24Z
order_00010406,batch_0005,trader_0006,ETH-USD,BUY,1988.83,61,2026-01-01T02:53:25Z
order_00010407,batch_0005,trader_0003,ETH-USD,BUY,2051.3,671,2026-01-01T02:53:26Z
order_00010408,batch_0005,trader_0017,ETH-USD,SELL,2101.27,967,2026-01-01T02:53:27Z
order_00010409,batch_0005,trader_0012,ETH-USD,SELL,2190.19,771,2026-01-01T02:53:28Z
order_00010410,batch_0005,trader_0023,ETH-USD,BUY,2198.39,611,2026-01-01T02:53:29Z
order_00010411,batch_0005,trader_0005,ETH-USD,BUY,2108.97,424,2026-01-01T02:53:30Z
order_00010412,batch_0005,trader_0020,ETH-USD,BUY,2125.14,78,2026-01-01T02:53:31Z
order_00010413,batch_0005,trader_0024,ETH-USD,SELL,2049.53,916,2026-01-01T02:53:32Z
order_00010414,batch_0005,trader_0012,ETH-USD,BUY,1846.0,360,2026-01-01T02:53:33Z
order_00010415,batch_0005,trader_0006,ETH-USD,BUY,1811.82,636,2026-01-01T02:53:34Z
order_00010416,batch_0005,trader_0017,ETH-USD,BUY,2174.38,839,2026-01-01T02:53:35Z
order_00010417,batch_0005,trader_0001,ETH-USD,SELL,1973.58,814,2026-01-01T02:53:36Z
order_00010418,batch_0005,trader_0015,ETH-USD,SELL,2175.58,290,2026-01-01T02:53:37Z
order_00010419,batch_0005,trader_0024,ETH-USD,BUY,2181.9,174,2026-01-01T02:53:38Z
order_00010420,batch_0005,trader_0001,ETH-USD,BUY,1888.41,970,2026-01-01T02:53:39Z
order_00010421,batch_0005,trader_0014,ETH-USD,BUY,2050.11,526,2026-01-01T02:53:40Z
order_00010422,batch_0005,trader_0016,ETH-USD,BUY,2006.27,358,2026-01-01T02:53:41Z
order_00010423,batch_0005,trader_0001,ETH-USD,BUY,2016.48,700,2026-01-01T02:53:42Z
order_00010424,batch_0005,trader_0010,ETH-USD,SELL,2101.22,589,2026-01-01T02:53:43Z
order_00010425,batch_0005,trader_0015,ETH-USD,BUY,2047.45,304,2026-01-01T02:53:44Z
order_00010426,batch_0005,trader_0020,ETH-USD,BUY,1956.33,255,2026-01-01T02:53:45Z
order_00010427,batch_0005,trader_0006,ETH-USD,BUY,1851.17,403,2026-01-01T02:53:46Z
order_00010428,batch_0005,trader_0018,ETH-USD,SELL,1935.65,979,2026-01-01T02:53:47Z
order_00010429,batch_0005,trader_0005,ETH-USD,SELL,2106.87,295,2026-01-01T02:53:48Z
order_00010430,batch_0005,trader_0008,ETH-USD,BUY,2187.06,813,2026-01-01T02:53:49Z
order_00010431,batch_0005,trader_0011,ETH-USD,SELL,2106.17,277,2026-01-01T02:53:50Z
order_00010432,batch_0005,trader_0009,ETH-USD,SELL,2181.77,699,2026-01-01T02:53:51Z
order_00010433,batch_0005,trader_0013,ETH-USD,SELL,1842.42,150,2026-01-01T02:53:52Z
order_00010434,batch_0005,trader_0020,ETH-USD,BUY,2171.63,199,2026-01-01T02:53:53Z
order_00010435,batch_0005,trader_0010,ETH-USD,SELL,2029.6,879,2026-01-01T02:53:54Z
order_00010436,batch_0005,trader_0023,ETH-USD,BUY,2151.53,803,2026-01-01T02:53:55Z
order_00010437,batch_0005,trader_0002,ETH-USD,SELL,1979.65,387,2026-01-01T02:53:56Z
order_00010438,batch_0005,trader_0022,ETH-USD,BUY,2071.51,916,2026-01-01T02:53:57Z
order_00010439,batch_0005,trader_0024,ETH-USD,SELL,2025.46,430,2026-01-01T02:53:58Z
order_00010440,batch_0005,trader_0012,ETH-USD,SELL,2078.59,959,2026-01-01T02:53:59Z
order_00010441,batch_0005,trader_0003,ETH-USD,SELL,1908.29,458,2026-01-01T02:54:00Z
order_00010442,batch_0005,trader_0021,ETH-USD,SELL,1821.84,89,2026-01-01T02:54:01Z
order_00010443,batch_0005,trader_0005,ETH-USD,SELL,1983.09,448,2026-01-01T02:54:02Z
order_00010444,batch_0005,trader_0017,ETH-USD,SELL,2179.85,297,2026-01-01T02:54:03Z
order_00010445,batch_0005,trader_0015,ETH-USD,BUY,2061.25,242,2026-01-01T02:54:04Z
order_00010446,batch_0005,trader_0015,ETH-USD,SELL,1926.81,915,2026-01-01T02:54:05Z
order_00010447,batch_0005,trader_0009,ETH-USD,BUY,2186.81,75,2026-01-01T02:54:06Z
order_00010448,batch_0005,trader_0014,ETH-USD,SELL,2137.4,900,2026-01-01T02:54:07Z
order_00010449,batch_0005,trader_0020,ETH-USD,SELL,2070.32,365,2026-01-01T02:54:08Z
order_00010450,batch_0005,trader_0009,ETH-USD,SELL,2170.52,151,2026-01-01T02:54:09Z
order_00010451,batch_0005,trader_0001,ETH-USD,SELL,1975.42,959,2026-01-01T02:54:10Z
order_00010452,batch_0005,trader_0016,ETH-USD,BUY,1917.09,3,2026-01-01T02:54:11Z
order_00010453,batch_0005,trader_0003,ETH-USD,SELL,1955.59,206,2026-01-01T02:54:12Z
order_00010454,batch_0005,trader_0013,ETH-USD,SELL,1978.82,859,2026-01-01T02:54:13Z
order_00010455,batch_0005,trader_0023,ETH-USD,SELL,2194.3,183,2026-01-01T02:54:14Z
order_00010456,batch_0005,trader_0025,ETH-USD,SELL,2102.74,143,2026-01-01T02:54:15Z
order_00010457,batch_0005,trader_0024,ETH-USD,SELL,1888.23,983,2026-01-01T02:54:16Z
order_00010458,batch_0005,trader_0011,ETH-USD,BUY,1883.34,976,2026-01-01T02:54:17Z
order_00010459,batch_0005,trader_0013,ETH-USD,SELL,1856.39,121,2026-01-01T02:54:18Z
order_00010460,batch_0005,trader_0005,ETH-USD,SELL,2195.6,190,2026-01-01T02:54:19Z
order_00010461,batch_0005,trader_0025,ETH-USD,SELL,1810.75,5,2026-01-01T02:54:20Z
order_00010462,batch_0005,trader_0019,ETH-USD,BUY,2002.38,676,2026-01-01T02:54:21Z
order_00010463,batch_0005,trader_0008,ETH-USD,BUY,1846.06,602,2026-01-01T02:54:22Z
order_00010464,batch_0005,trader_0025,ETH-USD,BUY,1872.65,313,2026-01-01T02:54:23Z
order_00010465,batch_0005,trader_0018,ETH-USD,BUY,1802.76,21,2026-01-01T02:54:24Z
order_00010466,batch_0005,trader_0011,ETH-USD,SELL,1800.34,875,2026-01-01T02:54:25Z
order_00010467,batch_0005,trader_0014,ETH-USD,SELL,2015.08,831,2026-01-01T02:54:26Z
order_00010468,batch_0005,trader_0007,ETH-USD,SELL,2079.11,48,2026-01-01T02:54:27Z
order_00010469,batch_0005,trader_0003,ETH-USD,BUY,2164.02,924,2026-01-01T02:54:28Z
order_00010470,batch_0005,trader_0021,ETH-USD,SELL,1898.36,999,2026-01-01T02:54:29Z
order_00010471,batch_0005,trader_0019,ETH-USD,BUY,1875.62,670,2026-01-01T02:54:30Z
order_00010472,batch_0005,trader_0018,ETH-USD,SELL,2092.91,445,2026-01-01T02:54:31Z
order_00010473,batch_0005,trader_0015,ETH-USD,BUY,2071.86,912,2026-01-01T02:54:32Z
order_00010474,batch_0005,trader_0001,ETH-USD,SELL,1976.48,822,2026-01-01T02:54:33Z
order_00010475,batch_0005,trader_0002,ETH-USD,SELL,1817.4,821,2026-01-01T02:54:34Z
order_00010476,batch_0005,trader_0004,ETH-USD,BUY,2175.46,279,2026-01-01T02:54:35Z
order_00010477,batch_0005,trader_0015,ETH-USD,SELL,1895.85,807,2026-01-01T02:54:36Z
order_00010478,batch_0005,trader_0024,ETH-USD,BUY,2113.57,53,2026-01-01T02:54:37Z
order_00010479,batch_0005,trader_0016,ETH-USD,SELL,2147.07,748,2026-01-01T02:54:38Z
order_00010480,batch_0005,trader_0007,ETH-USD,SELL,2180.02,914,2026-01-01T02:54:39Z
order_00010481,batch_0005,trader_0024,ETH-USD,BUY,1832.98,449,2026-01-01T02:54:40Z
order_00010482,batch_0005,trader_0008,ETH-USD,SELL,2161.29,868,2026-01-01T02:54:41Z
order_00010483,batch_0005,trader_0006,ETH-USD,SELL,1983.37,720,2026-01-01T02:54:42Z
order_00010484,batch_0005,trader_0016,ETH-USD,SELL,1943.11,929,2026-01-01T02:54:43Z
order_00010485,batch_0005,trader_0001,ETH-USD,SELL,1920.42,820,2026-01-01T02:54:44Z
order_00010486,batch_0005,trader_0017,ETH-USD,SELL,2188.89,262,2026-01-01T02:54:45Z
order_00010487,batch_0005,trader_0010,ETH-USD,BUY,2009.41,125,2026-01-01T02:54:46Z
order_00010488,batch_0005,trader_0003,ETH-USD,SELL,1999.79,742,2026-01-01T02:54:47Z
order_00010489,batch_0005,trader_0008,ETH-USD,BUY,2002.36,501,2026-01-01T02:54:48Z
order_00010490,batch_0005,trader_0024,ETH-USD,SELL,1843.53,257,2026-01-01T02:54:49Z
order_00010491,batch_0005,trader_0014,ETH-USD,SELL,1988.05,513,2026-01-01T02:54:50Z
order_00010492,batch_0005,trader_0006,ETH-USD,BUY,2074.42,265,2026-01-01T02:54:51Z
order_00010493,batch_0005,trader_0023,ETH-USD,BUY,1854.54,165,2026-01-01T02:54:52Z
order_00010494,batch_0005,trader_0017,ETH-USD,BUY,2034.09,891,2026-01-01T02:54:53Z
order_00010495,batch_0005,trader_0004,ETH-USD,SELL,2167.32,837,2026-01-01T02:54:54Z
order_00010496,batch_0005,trader_0015,ETH-USD,BUY,1809.52,805,2026-01-01T02:54:55Z
order_00010497,batch_0005,trader_0005,ETH-USD,SELL,1884.65,126,2026-01-01T02:54:56Z
order_00010498,batch_0005,trader_0009,ETH-USD,SELL,1915.79,7,2026-01-01T02:54:57Z
order_00010499,batch_0005,trader_0012,ETH-USD,SELL,2169.2,265,2026-01-01T02:54:58Z
order_00010500,batch_0005,trader_0003,ETH-USD,BUY,2118.03,946,2026-01-01T02:54:59Z
order_00010501,batch_0005,trader_0004,ETH-USD,BUY,2066.7,848,2026-01-01T02:55:00Z
order_00010502,batch_0005,trader_0013,ETH-USD,SELL,2059.96,476,2026-01-01T02:55:01Z
order_00010503,batch_0005,trader_0018,ETH-USD,BUY,1926.26,304,2026-01-01T02:55:02Z
order_00010504,batch_0005,trader_0004,ETH-USD,SELL,2030.69,237,2026-01-01T02:55:03Z
order_00010505,batch_0005,trader_0012,ETH-USD,BUY,2095.44,839,2026-01-01T02:55:04Z
order_00010506,batch_0005,trader_0022,ETH-USD,BUY,1996.62,411,2026-01-01T02:55:05Z
order_00010507,batch_0005,trader_0012,ETH-USD,SELL,2125.84,770,2026-01-01T02:55:06Z
order_00010508,batch_0005,trader_0013,ETH-USD,SELL,1973.21,737,2026-01-01T02:55:07Z
order_00010509,batch_0005,trader_0002,ETH-USD,SELL,2189.07,493,2026-01-01T02:55:08Z
order_00010510,batch_0005,trader_0022,ETH-USD,SELL,1803.37,129,2026-01-01T02:55:09Z
order_00010511,batch_0005,trader_0005,ETH-USD,SELL,2139.95,351,2026-01-01T02:55:10Z
order_00010512,batch_0005,trader_0011,ETH-USD,SELL,1931.81,319,2026-01-01T02:55:11Z
order_00010513,batch_0005,trader_0002,ETH-USD,SELL,1996.4,73,2026-01-01T02:55:12Z
order_00010514,batch_0005,trader_0016,ETH-USD,BUY,2014.91,639,2026-01-01T02:55:13Z
order_00010515,batch_0005,trader_0016,ETH-USD,SELL,2023.32,608,2026-01-01T02:55:14Z
order_00010516,batch_0005,trader_0024,ETH-USD,SELL,1944.24,480,2026-01-01T02:55:15Z
order_00010517,batch_0005,trader_0003,ETH-USD,BUY,1801.98,171,2026-01-01T02:55:16Z
order_00010518,batch_0005,trader_0002,ETH-USD,SELL,1944.73,568,2026-01-01T02:55:17Z
order_00010519,batch_0005,trader_0018,ETH-USD,BUY,1868.07,622,2026-01-01T02:55:18Z
order_00010520,batch_0005,trader_0017,ETH-USD,BUY,1892.86,696,2026-01-01T02:55:19Z
order_00010521,batch_0005,trader_0002,ETH-USD,BUY,1910.25,703,2026-01-01T02:55:20Z
order_00010522,batch_0005,trader_0014,ETH-USD,BUY,1855.88,491,2026-01-01T02:55:21Z
order_00010523,batch_0005,trader_0002,ETH-USD,SELL,1880.87,443,2026-01-01T02:55:22Z
order_00010524,batch_0005,trader_0009,ETH-USD,BUY,2146.69,820,2026-01-01T02:55:23Z
order_00010525,batch_0005,trader_0023,ETH-USD,BUY,1835.58,199,2026-01-01T02:55:24Z
order_00010526,batch_0005,trader_0008,ETH-USD,BUY,2128.3,581,2026-01-01T02:55:25Z
order_00010527,batch_0005,trader_0004,ETH-USD,BUY,2158.74,21,2026-01-01T02:55:26Z
order_00010528,batch_0005,trader_0009,ETH-USD,SELL,2147.54,821,2026-01-01T02:55:27Z
order_00010529,batch_0005,trader_0017,ETH-USD,SELL,1941.46,411,2026-01-01T02:55:28Z
order_00010530,batch_0005,trader_0011,ETH-USD,SELL,2009.23,352,2026-01-01T02:55:29Z
order_00010531,batch_0005,trader_0005,ETH-USD,BUY,1915.82,714,2026-01-01T02:55:30Z
order_00010532,batch_0005,trader_0009,ETH-USD,SELL,1937.44,107,2026-01-01T02:55:31Z
order_00010533,batch_0005,trader_0009,ETH-USD,BUY,1982.98,624,2026-01-01T02:55:32Z
order_00010534,batch_0005,trader_0007,ETH-USD,BUY,2181.48,725,2026-01-01T02:55:33Z
order_00010535,batch_0005,trader_0019,ETH-USD,BUY,1981.23,960,2026-01-01T02:55:34Z
order_00010536,batch_0005,trader_0015,ETH-USD,SELL,2060.07,205,2026-01-01T02:55:35Z
order_00010537,batch_0005,trader_0011,ETH-USD,SELL,2062.69,92,2026-01-01T02:55:36Z
order_00010538,batch_0005,trader_0020,ETH-USD,BUY,2182.1,407,2026-01-01T02:55:37Z
order_00010539,batch_0005,trader_0007,ETH-USD,BUY,1898.98,898,2026-01-01T02:55:38Z
order_00010540,batch_0005,trader_0019,ETH-USD,SELL,2084.82,556,2026-01-01T02:55:39Z
order_00010541,batch_0005,trader_0014,ETH-USD,BUY,2097.82,907,2026-01-01T02:55:40Z
order_00010542,batch_0005,trader_0018,ETH-USD,SELL,1985.59,70,2026-01-01T02:55:41Z
order_00010543,batch_0005,trader_0013,ETH-USD,SELL,2177.82,335,2026-01-01T02:55:42Z
order_00010544,batch_0005,trader_0020,ETH-USD,SELL,1849.07,710,2026-01-01T02:55:43Z
order_00010545,batch_0005,trader_0024,ETH-USD,SELL,2109.97,114,2026-01-01T02:55:44Z
order_00010546,batch_0005,trader_0020,ETH-USD,BUY,2144.28,271,2026-01-01T02:55:45Z
order_00010547,batch_0005,trader_0006,ETH-USD,BUY,1968.36,482,2026-01-01T02:55:46Z
order_00010548,batch_0005,trader_0022,ETH-USD,SELL,2120.68,403,2026-01-01T02:55:47Z
order_00010549,batch_0005,trader_0017,ETH-USD,SELL,1854.96,291,2026-01-01T02:55:48Z
order_00010550,batch_0005,trader_0019,ETH-USD,SELL,1846.77,857,2026-01-01T02:55:49Z
order_00010551,batch_0005,trader_0024,ETH-USD,BUY,1992.55,445,2026-01-01T02:55:50Z
order_00010552,batch_0005,trader_0003,ETH-USD,SELL,2194.64,908,2026-01-01T02:55:51Z
order_00010553,batch_0005,trader_0016,ETH-USD,SELL,1852.45,5,2026-01-01T02:55:52Z
order_00010554,batch_0005,trader_0022,ETH-USD,SELL,2103.6,622,2026-01-01T02:55:53Z
order_00010555,batch_0005,trader_0024,ETH-USD,SELL,1925.12,636,2026-01-01T02:55:54Z
order_00010556,batch_0005,trader_0001,ETH-USD,SELL,1850.88,885,2026-01-01T02:55:55Z
order_00010557,batch_0005,trader_0006,ETH-USD,BUY,2064.16,979,2026-01-01T02:55:56Z
order_00010558,batch_0005,trader_0012,ETH-USD,BUY,1849.68,132,2026-01-01T02:55:57Z
order_00010559,batch_0005,trader_0009,ETH-USD,SELL,1816.59,586,2026-01-01T02:55:58Z
order_00010560,batch_0005,trader_0006,ETH-USD,SELL,2118.6,749,2026-01-01T02:55:59Z
order_00010561,batch_0005,trader_0009,ETH-USD,SELL,2194.49,836,2026-01-01T02:56:00Z
order_00010562,batch_0005,trader_0004,ETH-USD,BUY,1860.2,188,2026-01-01T02:56:01Z
order_00010563,batch_0005,trader_0021,ETH-USD,BUY,1963.21,436,2026-01-01T02:56:02Z
order_00010564,batch_0005,trader_0022,ETH-USD,SELL,1884.86,617,2026-01-01T02:56:03Z
order_00010565,batch_0005,trader_0007,ETH-USD,BUY,1862.26,535,2026-01-01T02:56:04Z
order_00010566,batch_0005,trader_0008,ETH-USD,SELL,1851.29,393,2026-01-01T02:56:05Z
order_00010567,batch_0005,trader_0001,ETH-USD,SELL,2181.76,94,2026-01-01T02:56:06Z
order_00010568,batch_0005,trader_0011,ETH-USD,BUY,1997.81,659,2026-01-01T02:56:07Z
order_00010569,batch_0005,trader_0010,ETH-USD,SELL,2102.69,610,2026-01-01T02:56:08Z
order_00010570,batch_0005,trader_0002,ETH-USD,BUY,2157.59,281,2026-01-01T02:56:09Z
order_00010571,batch_0005,trader_0007,ETH-USD,BUY,2011.69,290,2026-01-01T02:56:10Z
order_00010572,batch_0005,trader_0009,ETH-USD,SELL,1819.71,355,2026-01-01T02:56:11Z
order_00010573,batch_0005,trader_0020,ETH-USD,BUY,2181.91,779,2026-01-01T02:56:12Z
order_00010574,batch_0005,trader_0006,ETH-USD,BUY,1898.7,888,2026-01-01T02:56:13Z
order_00010575,batch_0005,trader_0019,ETH-USD,SELL,2033.7,876,2026-01-01T02:56:14Z
order_00010576,batch_0005,trader_0009,ETH-USD,SELL,1809.78,477,2026-01-01T02:56:15Z
order_00010577,batch_0005,trader_0007,ETH-USD,BUY,2171.15,310,2026-01-01T02:56:16Z
order_00010578,batch_0005,trader_0015,ETH-USD,BUY,2047.89,930,2026-01-01T02:56:17Z
order_00010579,batch_0005,trader_0008,ETH-USD,BUY,2022.9,686,2026-01-01T02:56:18Z
order_00010580,batch_0005,trader_0005,ETH-USD,SELL,2075.78,720,2026-01-01T02:56:19Z
order_00010581,batch_0005,trader_0021,ETH-USD,SELL,1989.89,501,2026-01-01T02:56:20Z
order_00010582,batch_0005,trader_0009,ETH-USD,BUY,1941.84,447,2026-01-01T02:56:21Z
order_00010583,batch_0005,trader_0015,ETH-USD,BUY,1975.03,67,2026-01-01T02:56:22Z
order_00010584,batch_0005,trader_0011,ETH-USD,BUY,1890.1,970,2026-01-01T02:56:23Z
order_00010585,batch_0005,trader_0015,ETH-USD,BUY,1842.7,949,2026-01-01T02:56:24Z
order_00010586,batch_0005,trader_0014,ETH-USD,SELL,2163.65,185,2026-01-01T02:56:25Z
order_00010587,batch_0005,trader_0008,ETH-USD,BUY,2156.53,348,2026-01-01T02:56:26Z
order_00010588,batch_0005,trader_0024,ETH-USD,SELL,2108.76,818,2026-01-01T02:56:27Z
order_00010589,batch_0005,trader_0015,ETH-USD,SELL,1906.5,622,2026-01-01T02:56:28Z
order_00010590,batch_0005,trader_0003,ETH-USD,SELL,1855.53,853,2026-01-01T02:56:29Z
order_00010591,batch_0005,trader_0007,ETH-USD,BUY,2056.67,957,2026-01-01T02:56:30Z
order_00010592,batch_0005,trader_0021,ETH-USD,SELL,2141.6,851,2026-01-01T02:56:31Z
order_00010593,batch_0005,trader_0016,ETH-USD,BUY,1974.67,52,2026-01-01T02:56:32Z
order_00010594,batch_0005,trader_0020,ETH-USD,SELL,2015.84,759,2026-01-01T02:56:33Z
order_00010595,batch_0005,trader_0010,ETH-USD,SELL,2001.7,339,2026-01-01T02:56:34Z
order_00010596,batch_0005,trader_0023,ETH-USD,SELL,1875.58,485,2026-01-01T02:56:35Z
order_00010597,batch_0005,trader_0005,ETH-USD,SELL,1827.95,579,2026-01-01T02:56:36Z
order_00010598,batch_0005,trader_0008,ETH-USD,SELL,2145.82,619,2026-01-01T02:56:37Z
order_00010599,batch_0005,trader_0004,ETH-USD,BUY,2075.46,115,2026-01-01T02:56:38Z
order_00010600,batch_0005,trader_0008,ETH-USD,BUY,1938.65,453,2026-01-01T02:56:39Z
order_00010601,batch_0005,trader_0015,ETH-USD,SELL,1945.05,807,2026-01-01T02:56:40Z
order_00010602,batch_0005,trader_0006,ETH-USD,SELL,2179.57,90,2026-01-01T02:56:41Z
order_00010603,batch_0005,trader_0022,ETH-USD,BUY,1835.83,758,2026-01-01T02:56:42Z
order_00010604,batch_0005,trader_0023,ETH-USD,BUY,1813.44,182,2026-01-01T02:56:43Z
order_00010605,batch_0005,trader_0011,ETH-USD,BUY,2088.66,670,2026-01-01T02:56:44Z
order_00010606,batch_0005,trader_0009,ETH-USD,SELL,1801.54,47,2026-01-01T02:56:45Z
order_00010607,batch_0005,trader_0007,ETH-USD,SELL,1957.55,195,2026-01-01T02:56:46Z
order_00010608,batch_0005,trader_0006,ETH-USD,BUY,1900.39,298,2026-01-01T02:56:47Z
order_00010609,batch_0005,trader_0014,ETH-USD,SELL,2123.35,577,2026-01-01T02:56:48Z
order_00010610,batch_0005,trader_0023,ETH-USD,SELL,1858.94,259,2026-01-01T02:56:49Z
order_00010611,batch_0005,trader_0021,ETH-USD,SELL,2083.02,946,2026-01-01T02:56:50Z
order_00010612,batch_0005,trader_0015,ETH-USD,BUY,1860.1,645,2026-01-01T02:56:51Z
order_00010613,batch_0005,trader_0006,ETH-USD,BUY,1895.59,513,2026-01-01T02:56:52Z
order_00010614,batch_0005,trader_0017,ETH-USD,BUY,2138.87,49,2026-01-01T02:56:53Z
order_00010615,batch_0005,trader_0018,ETH-USD,SELL,1978.41,943,2026-01-01T02:56:54Z
order_00010616,batch_0005,trader_0020,ETH-USD,BUY,1842.57,494,2026-01-01T02:56:55Z
order_00010617,batch_0005,trader_0012,ETH-USD,SELL,2016.16,193,2026-01-01T02:56:56Z
order_00010618,batch_0005,trader_0002,ETH-USD,BUY,1817.44,15,2026-01-01T02:56:57Z
order_00010619,batch_0005,trader_0021,ETH-USD,SELL,1969.2,682,2026-01-01T02:56:58Z
order_00010620,batch_0005,trader_0014,ETH-USD,SELL,2005.79,351,2026-01-01T02:56:59Z
order_00010621,batch_0005,trader_0011,ETH-USD,SELL,2172.73,488,2026-01-01T02:57:00Z
order_00010622,batch_0005,trader_0004,ETH-USD,BUY,2020.61,379,2026-01-01T02:57:01Z
order_00010623,batch_0005,trader_0015,ETH-USD,BUY,2063.23,567,2026-01-01T02:57:02Z
order_00010624,batch_0005,trader_0014,ETH-USD,SELL,1915.72,248,2026-01-01T02:57:03Z
order_00010625,batch_0005,trader_0010,ETH-USD,SELL,1873.52,226,2026-01-01T02:57:04Z
order_00010626,batch_0005,trader_0025,ETH-USD,SELL,2059.4,363,2026-01-01T02:57:05Z
order_00010627,batch_0005,trader_0010,ETH-USD,SELL,2145.55,877,2026-01-01T02:57:06Z
order_00010628,batch_0005,trader_0010,ETH-USD,SELL,1826.02,790,2026-01-01T02:57:07Z
order_00010629,batch_0005,trader_0004,ETH-USD,SELL,1880.28,753,2026-01-01T02:57:08Z
order_00010630,batch_0005,trader_0025,ETH-USD,BUY,1881.61,507,2026-01-01T02:57:09Z
order_00010631,batch_0005,trader_0024,ETH-USD,BUY,1946.58,528,2026-01-01T02:57:10Z
order_00010632,batch_0005,trader_0022,ETH-USD,SELL,1958.35,512,2026-01-01T02:57:11Z
order_00010633,batch_0005,trader_0012,ETH-USD,BUY,2126.81,721,2026-01-01T02:57:12Z
order_00010634,batch_0005,trader_0014,ETH-USD,SELL,1930.88,419,2026-01-01T02:57:13Z
order_00010635,batch_0005,trader_0025,ETH-USD,BUY,2171.44,805,2026-01-01T02:57:14Z
order_00010636,batch_0005,trader_0015,ETH-USD,SELL,2082.14,235,2026-01-01T02:57:15Z
order_00010637,batch_0005,trader_0013,ETH-USD,SELL,1872.94,158,2026-01-01T02:57:16Z
order_00010638,batch_0005,trader_0005,ETH-USD,SELL,1902.51,529,2026-01-01T02:57:17Z
order_00010639,batch_0005,trader_0005,ETH-USD,BUY,1863.9,578,2026-01-01T02:57:18Z
order_00010640,batch_0005,trader_0012,ETH-USD,BUY,1906.23,750,2026-01-01T02:57:19Z
order_00010641,batch_0005,trader_0024,ETH-USD,BUY,2053.56,602,2026-01-01T02:57:20Z
order_00010642,batch_0005,trader_0016,ETH-USD,BUY,1852.18,657,2026-01-01T02:57:21Z
order_00010643,batch_0005,trader_0010,ETH-USD,BUY,1909.21,47,2026-01-01T02:57:22Z
order_00010644,batch_0005,trader_0002,ETH-USD,BUY,1922.75,440,2026-01-01T02:57:23Z
order_00010645,batch_0005,trader_0018,ETH-USD,BUY,1988.75,867,2026-01-01T02:57:24Z
order_00010646,batch_0005,trader_0006,ETH-USD,BUY,1994.68,810,2026-01-01T02:57:25Z
order_00010647,batch_0005,trader_0020,ETH-USD,SELL,1848.74,147,2026-01-01T02:57:26Z
order_00010648,batch_0005,trader_0005,ETH-USD,SELL,2055.35,371,2026-01-01T02:57:27Z
order_00010649,batch_0005,trader_0005,ETH-USD,BUY,1876.08,688,2026-01-01T02:57:28Z
order_00010650,batch_0005,trader_0003,ETH-USD,BUY,1947.71,654,2026-01-01T02:57:29Z
order_00010651,batch_0005,trader_0010,ETH-USD,SELL,2066.82,690,2026-01-01T02:57:30Z
order_00010652,batch_0005,trader_0009,ETH-USD,SELL,1853.23,920,2026-01-01T02:57:31Z
order_00010653,batch_0005,trader_0021,ETH-USD,BUY,1973.01,825,2026-01-01T02:57:32Z
order_00010654,batch_0005,trader_0020,ETH-USD,SELL,1931.37,830,2026-01-01T02:57:33Z
order_00010655,batch_0005,trader_0007,ETH-USD,BUY,1987.14,559,2026-01-01T02:57:34Z
order_00010656,batch_0005,trader_0016,ETH-USD,SELL,1917.62,673,2026-01-01T02:57:35Z
order_00010657,batch_0005,trader_0002,ETH-USD,BUY,2049.48,704,2026-01-01T02:57:36Z
order_00010658,batch_0005,trader_0010,ETH-USD,SELL,2002.31,449,2026-01-01T02:57:37Z
order_00010659,batch_0005,trader_0013,ETH-USD,BUY,2192.22,442,2026-01-01T02:57:38Z
order_00010660,batch_0005,trader_0014,ETH-USD,SELL,2024.8,705,2026-01-01T02:57:39Z
order_00010661,batch_0005,trader_0019,ETH-USD,SELL,1801.95,840,2026-01-01T02:57:40Z
order_00010662,batch_0005,trader_0017,ETH-USD,SELL,2007.22,216,2026-01-01T02:57:41Z
order_00010663,batch_0005,trader_0024,ETH-USD,BUY,2097.36,699,2026-01-01T02:57:42Z
order_00010664,batch_0005,trader_0006,ETH-USD,BUY,1934.16,335,2026-01-01T02:57:43Z
order_00010665,batch_0005,trader_0019,ETH-USD,BUY,1970.87,649,2026-01-01T02:57:44Z
order_00010666,batch_0005,trader_0019,ETH-USD,BUY,1950.8,189,2026-01-01T02:57:45Z
order_00010667,batch_0005,trader_0025,ETH-USD,SELL,1884.29,150,2026-01-01T02:57:46Z
order_00010668,batch_0005,trader_0006,ETH-USD,BUY,2093.76,459,2026-01-01T02:57:47Z
order_00010669,batch_0005,trader_0023,ETH-USD,BUY,2178.19,648,2026-01-01T02:57:48Z
order_00010670,batch_0005,trader_0023,ETH-USD,SELL,2168.72,423,2026-01-01T02:57:49Z
order_00010671,batch_0005,trader_0002,ETH-USD,SELL,1989.43,170,2026-01-01T02:57:50Z
order_00010672,batch_0005,trader_0007,ETH-USD,SELL,1987.01,277,2026-01-01T02:57:51Z
order_00010673,batch_0005,trader_0021,ETH-USD,SELL,1896.39,697,2026-01-01T02:57:52Z
order_00010674,batch_0005,trader_0014,ETH-USD,BUY,2191.26,899,2026-01-01T02:57:53Z
order_00010675,batch_0005,trader_0010,ETH-USD,BUY,1941.38,48,2026-01-01T02:57:54Z
order_00010676,batch_0005,trader_0018,ETH-USD,SELL,1954.53,762,2026-01-01T02:57:55Z
order_00010677,batch_0005,trader_0013,ETH-USD,BUY,2148.04,388,2026-01-01T02:57:56Z
order_00010678,batch_0005,trader_0025,ETH-USD,BUY,2019.56,834,2026-01-01T02:57:57Z
order_00010679,batch_0005,trader_0016,ETH-USD,SELL,2078.16,533,2026-01-01T02:57:58Z
order_00010680,batch_0005,trader_0009,ETH-USD,SELL,2186.79,631,2026-01-01T02:57:59Z
order_00010681,batch_0005,trader_0009,ETH-USD,SELL,2157.65,619,2026-01-01T02:58:00Z
order_00010682,batch_0005,trader_0025,ETH-USD,SELL,1898.32,773,2026-01-01T02:58:01Z
order_00010683,batch_0005,trader_0003,ETH-USD,SELL,2049.08,931,2026-01-01T02:58:02Z
order_00010684,batch_0005,trader_0011,ETH-USD,SELL,2048.63,438,2026-01-01T02:58:03Z
order_00010685,batch_0005,trader_0010,ETH-USD,BUY,1891.82,89,2026-01-01T02:58:04Z
order_00010686,batch_0005,trader_0018,ETH-USD,BUY,2024.58,871,2026-01-01T02:58:05Z
order_00010687,batch_0005,trader_0004,ETH-USD,BUY,1894.13,672,2026-01-01T02:58:06Z
order_00010688,batch_0005,trader_0013,ETH-USD,SELL,1811.06,558,2026-01-01T02:58:07Z
order_00010689,batch_0005,trader_0014,ETH-USD,SELL,1907.14,196,2026-01-01T02:58:08Z
order_00010690,batch_0005,trader_0007,ETH-USD,SELL,1854.09,824,2026-01-01T02:58:09Z
order_00010691,batch_0005,trader_0008,ETH-USD,BUY,2040.99,506,2026-01-01T02:58:10Z
order_00010692,batch_0005,trader_0001,ETH-USD,SELL,2020.41,625,2026-01-01T02:58:11Z
order_00010693,batch_0005,trader_0006,ETH-USD,BUY,2150.66,690,2026-01-01T02:58:12Z
order_00010694,batch_0005,trader_0007,ETH-USD,SELL,1830.71,29,2026-01-01T02:58:13Z
order_00010695,batch_0005,trader_0001,ETH-USD,BUY,1946.83,783,2026-01-01T02:58:14Z
order_00010696,batch_0005,trader_0004,ETH-USD,BUY,1896.18,157,2026-01-01T02:58:15Z
order_00010697,batch_0005,trader_0007,ETH-USD,BUY,1829.28,222,2026-01-01T02:58:16Z
order_00010698,batch_0005,trader_0025,ETH-USD,BUY,1957.99,846,2026-01-01T02:58:17Z
order_00010699,batch_0005,trader_0025,ETH-USD,SELL,1826.63,696,2026-01-01T02:58:18Z
order_00010700,batch_0005,trader_0006,ETH-USD,BUY,1870.97,567,2026-01-01T02:58:19Z
order_00010701,batch_0005,trader_0018,ETH-USD,BUY,1897.76,188,2026-01-01T02:58:20Z
order_00010702,batch_0005,trader_0002,ETH-USD,SELL,1993.56,437,2026-01-01T02:58:21Z
order_00010703,batch_0005,trader_0020,ETH-USD,SELL,2048.97,188,2026-01-01T02:58:22Z
order_00010704,batch_0005,trader_0004,ETH-USD,BUY,2179.43,869,2026-01-01T02:58:23Z
order_00010705,batch_0005,trader_0011,ETH-USD,SELL,1994.38,468,2026-01-01T02:58:24Z
order_00010706,batch_0005,trader_0001,ETH-USD,BUY,2079.0,590,2026-01-01T02:58:25Z
order_00010707,batch_0005,trader_0021,ETH-USD,BUY,2076.1,6,2026-01-01T02:58:26Z
order_00010708,batch_0005,trader_0015,ETH-USD,SELL,2099.47,770,2026-01-01T02:58:27Z
order_00010709,batch_0005,trader_0007,ETH-USD,BUY,2137.16,351,2026-01-01T02:58:28Z
order_00010710,batch_0005,trader_0010,ETH-USD,SELL,2175.6,179,2026-01-01T02:58:29Z
order_00010711,batch_0005,trader_0017,ETH-USD,SELL,2196.48,264,2026-01-01T02:58:30Z
order_00010712,batch_0005,trader_0003,ETH-USD,SELL,1845.49,493,2026-01-01T02:58:31Z
order_00010713,batch_0005,trader_0014,ETH-USD,BUY,1997.13,737,2026-01-01T02:58:32Z
order_00010714,batch_0005,trader_0021,ETH-USD,SELL,1986.08,117,2026-01-01T02:58:33Z
order_00010715,batch_0005,trader_0015,ETH-USD,BUY,2075.98,733,2026-01-01T02:58:34Z
order_00010716,batch_0005,trader_0006,ETH-USD,BUY,1856.25,495,2026-01-01T02:58:35Z
order_00010717,batch_0005,trader_0002,ETH-USD,SELL,1901.81,865,2026-01-01T02:58:36Z
order_00010718,batch_0005,trader_0024,ETH-USD,SELL,2196.51,673,2026-01-01T02:58:37Z
order_00010719,batch_0005,trader_0024,ETH-USD,SELL,2147.83,882,2026-01-01T02:58:38Z
order_00010720,batch_0005,trader_0021,ETH-USD,BUY,2085.36,643,2026-01-01T02:58:39Z
order_00010721,batch_0005,trader_0004,ETH-USD,BUY,1881.96,858,2026-01-01T02:58:40Z
order_00010722,batch_0005,trader_0012,ETH-USD,BUY,1805.05,698,2026-01-01T02:58:41Z
order_00010723,batch_0005,trader_0006,ETH-USD,SELL,2084.08,892,2026-01-01T02:58:42Z
order_00010724,batch_0005,trader_0005,ETH-USD,BUY,2018.55,78,2026-01-01T02:58:43Z
order_00010725,batch_0005,trader_0023,ETH-USD,SELL,1940.12,773,2026-01-01T02:58:44Z
order_00010726,batch_0005,trader_0021,ETH-USD,BUY,1944.38,165,2026-01-01T02:58:45Z
order_00010727,batch_0005,trader_0008,ETH-USD,SELL,1865.61,906,2026-01-01T02:58:46Z
order_00010728,batch_0005,trader_0012,ETH-USD,BUY,1986.93,448,2026-01-01T02:58:47Z
order_00010729,batch_0005,trader_0024,ETH-USD,SELL,2011.65,170,2026-01-01T02:58:48Z
order_00010730,batch_0005,trader_0022,ETH-USD,BUY,1954.51,912,2026-01-01T02:58:49Z
order_00010731,batch_0005,trader_0013,ETH-USD,BUY,2102.98,768,2026-01-01T02:58:50Z
order_00010732,batch_0005,trader_0014,ETH-USD,BUY,1845.18,114,2026-01-01T02:58:51Z
order_00010733,batch_0005,trader_0024,ETH-USD,SELL,2117.87,480,2026-01-01T02:58:52Z
order_00010734,batch_0005,trader_0020,ETH-USD,SELL,1854.28,755,2026-01-01T02:58:53Z
order_00010735,batch_0005,trader_0007,ETH-USD,BUY,1838.34,328,2026-01-01T02:58:54Z
order_00010736,batch_0005,trader_0006,ETH-USD,SELL,1902.64,896,2026-01-01T02:58:55Z
order_00010737,batch_0005,trader_0006,ETH-USD,BUY,2111.89,240,2026-01-01T02:58:56Z
order_00010738,batch_0005,trader_0003,ETH-USD,BUY,2029.35,630,2026-01-01T02:58:57Z
order_00010739,batch_0005,trader_0011,ETH-USD,BUY,2172.43,827,2026-01-01T02:58:58Z
order_00010740,batch_0005,trader_0022,ETH-USD,BUY,1809.26,878,2026-01-01T02:58:59Z
order_00010741,batch_0005,trader_0020,ETH-USD,BUY,1878.95,811,2026-01-01T02:59:00Z
order_00010742,batch_0005,trader_0022,ETH-USD,SELL,1829.7,799,2026-01-01T02:59:01Z
order_00010743,batch_0005,trader_0011,ETH-USD,BUY,1928.94,459,2026-01-01T02:59:02Z
order_00010744,batch_0005,trader_0006,ETH-USD,BUY,2000.72,266,2026-01-01T02:59:03Z
order_00010745,batch_0005,trader_0015,ETH-USD,SELL,2171.63,423,2026-01-01T02:59:04Z
order_00010746,batch_0005,trader_0009,ETH-USD,BUY,1998.63,801,2026-01-01T02:59:05Z
order_00010747,batch_0005,trader_0024,ETH-USD,BUY,1996.85,625,2026-01-01T02:59:06Z
order_00010748,batch_0005,trader_0001,ETH-USD,BUY,2090.43,671,2026-01-01T02:59:07Z
order_00010749,batch_0005,trader_0010,ETH-USD,SELL,1909.04,403,2026-01-01T02:59:08Z
order_00010750,batch_0005,trader_0008,ETH-USD,SELL,2173.51,348,2026-01-01T02:59:09Z
order_00010751,batch_0005,trader_0003,ETH-USD,BUY,2158.32,736,2026-01-01T02:59:10Z
order_00010752,batch_0005,trader_0015,ETH-USD,BUY,1976.75,168,2026-01-01T02:59:11Z
order_00010753,batch_0005,trader_0024,ETH-USD,SELL,1896.95,454,2026-01-01T02:59:12Z
order_00010754,batch_0005,trader_0004,ETH-USD,BUY,2025.88,192,2026-01-01T02:59:13Z
order_00010755,batch_0005,trader_0005,ETH-USD,SELL,2163.11,561,2026-01-01T02:59:14Z
order_00010756,batch_0005,trader_0006,ETH-USD,BUY,1836.0,111,2026-01-01T02:59:15Z
order_00010757,batch_0005,trader_0014,ETH-USD,BUY,1902.25,198,2026-01-01T02:59:16Z
order_00010758,batch_0005,trader_0001,ETH-USD,SELL,1953.34,871,2026-01-01T02:59:17Z
order_00010759,batch_0005,trader_0012,ETH-USD,BUY,2038.62,633,2026-01-01T02:59:18Z
order_00010760,batch_0005,trader_0011,ETH-USD,BUY,1816.58,311,2026-01-01T02:59:19Z
order_00010761,batch_0005,trader_0023,ETH-USD,BUY,1987.63,691,2026-01-01T02:59:20Z
order_00010762,batch_0005,trader_0003,ETH-USD,SELL,2180.39,877,2026-01-01T02:59:21Z
order_00010763,batch_0005,trader_0013,ETH-USD,SELL,1819.61,472,2026-01-01T02:59:22Z
order_00010764,batch_0005,trader_0015,ETH-USD,BUY,2175.66,361,2026-01-01T02:59:23Z
order_00010765,batch_0005,trader_0013,ETH-USD,SELL,2004.09,935,2026-01-01T02:59:24Z
order_00010766,batch_0005,trader_0006,ETH-USD,SELL,2062.95,646,2026-01-01T02:59:25Z
order_00010767,batch_0005,trader_0002,ETH-USD,SELL,2117.27,805,2026-01-01T02:59:26Z
order_00010768,batch_0005,trader_0010,ETH-USD,BUY,2041.67,677,2026-01-01T02:59:27Z
order_00010769,batch_0005,trader_0008,ETH-USD,SELL,2073.9,557,2026-01-01T02:59:28Z
order_00010770,batch_0005,trader_0019,ETH-USD,SELL,2008.49,674,2026-01-01T02:59:29Z
order_00010771,batch_0005,trader_0025,ETH-USD,BUY,1839.92,128,2026-01-01T02:59:30Z
order_00010772,batch_0005,trader_0011,ETH-USD,SELL,2128.38,281,2026-01-01T02:59:31Z
order_00010773,batch_0005,trader_0013,ETH-USD,SELL,2118.29,512,2026-01-01T02:59:32Z
order_00010774,batch_0005,trader_0019,ETH-USD,BUY,2160.85,427,2026-01-01T02:59:33Z
order_00010775,batch_0005,trader_0013,ETH-USD,SELL,1907.19,133,2026-01-01T02:59:34Z
order_00010776,batch_0005,trader_0019,ETH-USD,SELL,1993.58,99,2026-01-01T02:59:35Z
order_00010777,batch_0005,trader_0010,ETH-USD,BUY,1979.94,97,2026-01-01T02:59:36Z
order_00010778,batch_0005,trader_0015,ETH-USD,BUY,2159.8,955,2026-01-01T02:59:37Z
order_00010779,batch_0005,trader_0005,ETH-USD,SELL,1851.57,42,2026-01-01T02:59:38Z
order_00010780,batch_0005,trader_0023,ETH-USD,SELL,1801.68,569,2026-01-01T02:59:39Z
order_00010781,batch_0005,trader_0015,ETH-USD,SELL,1892.0,981,2026-01-01T02:59:40Z
order_00010782,batch_0005,trader_0022,ETH-USD,SELL,1976.17,167,2026-01-01T02:59:41Z
order_00010783,batch_0005,trader_0005,ETH-USD,BUY,1875.84,883,2026-01-01T02:59:42Z
order_00010784,batch_0005,trader_0019,ETH-USD,BUY,1941.33,940,2026-01-01T02:59:43Z
order_00010785,batch_0005,trader_0017,ETH-USD,SELL,2012.85,187,2026-01-01T02:59:44Z
order_00010786,batch_0005,trader_0012,ETH-USD,SELL,2113.54,486,2026-01-01T02:59:45Z
order_00010787,batch_0005,trader_0015,ETH-USD,SELL,1869.86,511,2026-01-01T02:59:46Z
order_00010788,batch_0005,trader_0007,ETH-USD,SELL,2043.07,635,2026-01-01T02:59:47Z
order_00010789,batch_0005,trader_0016,ETH-USD,BUY,1935.78,743,2026-01-01T02:59:48Z
order_00010790,batch_0005,trader_0023,ETH-USD,SELL,1806.36,643,2026-01-01T02:59:49Z
order_00010791,batch_0005,trader_0020,ETH-USD,SELL,2157.71,31,2026-01-01T02:59:50Z
order_00010792,batch_0005,trader_0014,ETH-USD,BUY,1960.35,516,2026-01-01T02:59:51Z
order_00010793,batch_0005,trader_0010,ETH-USD,BUY,2119.96,621,2026-01-01T02:59:52Z
order_00010794,batch_0005,trader_0009,ETH-USD,SELL,2013.49,294,2026-01-01T02:59:53Z
order_00010795,batch_0005,trader_0018,ETH-USD,BUY,1899.38,466,2026-01-01T02:59:54Z
order_00010796,batch_0005,trader_0022,ETH-USD,BUY,2103.52,741,2026-01-01T02:59:55Z
order_00010797,batch_0005,trader_0003,ETH-USD,BUY,1895.9,728,2026-01-01T02:59:56Z
order_00010798,batch_0005,trader_0015,ETH-USD,SELL,1966.52,567,2026-01-01T02:59:57Z
order_00010799,batch_0005,trader_0016,ETH-USD,BUY,2188.49,808,2026-01-01T02:59:58Z
order_00010800,batch_0005,trader_0008,ETH-USD,BUY,2192.25,997,2026-01-01T02:59:59Z
order_00010801,batch_0005,trader_0001,ETH-USD,SELL,1924.7,878,2026-01-01T03:00:00Z
order_00010802,batch_0005,trader_0004,ETH-USD,SELL,1863.22,646,2026-01-01T03:00:01Z
order_00010803,batch_0005,trader_0025,ETH-USD,BUY,1898.34,200,2026-01-01T03:00:02Z
order_00010804,batch_0005,trader_0005,ETH-USD,BUY,2076.46,269,2026-01-01T03:00:03Z
order_00010805,batch_0005,trader_0009,ETH-USD,BUY,2075.89,408,2026-01-01T03:00:04Z
order_00010806,batch_0005,trader_0014,ETH-USD,SELL,1870.82,352,2026-01-01T03:00:05Z
order_00010807,batch_0005,trader_0017,ETH-USD,BUY,2119.88,176,2026-01-01T03:00:06Z
order_00010808,batch_0005,trader_0007,ETH-USD,SELL,2154.76,187,2026-01-01T03:00:07Z
order_00010809,batch_0005,trader_0009,ETH-USD,BUY,1913.32,33,2026-01-01T03:00:08Z
order_00010810,batch_0005,trader_0024,ETH-USD,BUY,2086.64,819,2026-01-01T03:00:09Z
order_00010811,batch_0005,trader_0007,ETH-USD,SELL,2177.32,669,2026-01-01T03:00:10Z
order_00010812,batch_0005,trader_0003,ETH-USD,BUY,2173.61,298,2026-01-01T03:00:11Z
order_00010813,batch_0005,trader_0019,ETH-USD,BUY,1935.81,479,2026-01-01T03:00:12Z
order_00010814,batch_0005,trader_0021,ETH-USD,BUY,1932.98,582,2026-01-01T03:00:13Z
order_00010815,batch_0005,trader_0021,ETH-USD,BUY,2125.18,784,2026-01-01T03:00:14Z
order_00010816,batch_0005,trader_0021,ETH-USD,SELL,1919.71,736,2026-01-01T03:00:15Z
order_00010817,batch_0005,trader_0004,ETH-USD,SELL,1895.05,388,2026-01-01T03:00:16Z
order_00010818,batch_0005,trader_0004,ETH-USD,SELL,1864.57,77,2026-01-01T03:00:17Z
order_00010819,batch_0005,trader_0025,ETH-USD,BUY,1963.15,932,2026-01-01T03:00:18Z
order_00010820,batch_0005,trader_0009,ETH-USD,BUY,1869.45,626,2026-01-01T03:00:19Z
order_00010821,batch_0005,trader_0020,ETH-USD,SELL,1871.21,296,2026-01-01T03:00:20Z
order_00010822,batch_0005,trader_0015,ETH-USD,SELL,1869.41,453,2026-01-01T03:00:21Z
order_00010823,batch_0005,trader_0020,ETH-USD,SELL,1885.76,331,2026-01-01T03:00:22Z
order_00010824,batch_0005,trader_0025,ETH-USD,SELL,1998.34,904,2026-01-01T03:00:23Z
order_00010825,batch_0005,trader_0008,ETH-USD,SELL,1847.3,832,2026-01-01T03:00:24Z
order_00010826,batch_0005,trader_0004,ETH-USD,SELL,1985.89,63,2026-01-01T03:00:25Z
order_00010827,batch_0005,trader_0017,ETH-USD,BUY,2060.37,967,2026-01-01T03:00:26Z
order_00010828,batch_0005,trader_0019,ETH-USD,BUY,1992.04,285,2026-01-01T03:00:27Z
order_00010829,batch_0005,trader_0002,ETH-USD,BUY,2159.07,704,2026-01-01T03:00:28Z
order_00010830,batch_0005,trader_0018,ETH-USD,BUY,2125.11,477,2026-01-01T03:00:29Z
order_00010831,batch_0005,trader_0003,ETH-USD,BUY,2096.06,333,2026-01-01T03:00:30Z
order_00010832,batch_0005,trader_0009,ETH-USD,BUY,1836.72,516,2026-01-01T03:00:31Z
order_00010833,batch_0005,trader_0008,ETH-USD,BUY,2161.64,308,2026-01-01T03:00:32Z
order_00010834,batch_0005,trader_0013,ETH-USD,SELL,2055.98,548,2026-01-01T03:00:33Z
order_00010835,batch_0005,trader_0002,ETH-USD,SELL,1882.24,316,2026-01-01T03:00:34Z
order_00010836,batch_0005,trader_0009,ETH-USD,SELL,1828.4,651,2026-01-01T03:00:35Z
order_00010837,batch_0005,trader_0024,ETH-USD,SELL,1970.31,14,2026-01-01T03:00:36Z
order_00010838,batch_0005,trader_0001,ETH-USD,SELL,1845.69,399,2026-01-01T03:00:37Z
order_00010839,batch_0005,trader_0014,ETH-USD,BUY,2037.97,886,2026-01-01T03:00:38Z
order_00010840,batch_0005,trader_0020,ETH-USD,BUY,2165.25,457,2026-01-01T03:00:39Z
order_00010841,batch_0005,trader_0003,ETH-USD,BUY,1858.81,832,2026-01-01T03:00:40Z
order_00010842,batch_0005,trader_0023,ETH-USD,SELL,2039.09,503,2026-01-01T03:00:41Z
order_00010843,batch_0005,trader_0014,ETH-USD,SELL,1935.27,396,2026-01-01T03:00:42Z
order_00010844,batch_0005,trader_0003,ETH-USD,BUY,1906.5,792,2026-01-01T03:00:43Z
order_00010845,batch_0005,trader_0006,ETH-USD,BUY,1840.95,10,2026-01-01T03:00:44Z
order_00010846,batch_0005,trader_0007,ETH-USD,BUY,2090.86,143,2026-01-01T03:00:45Z
order_00010847,batch_0005,trader_0009,ETH-USD,BUY,1800.66,46,2026-01-01T03:00:46Z
order_00010848,batch_0005,trader_0016,ETH-USD,SELL,2164.15,192,2026-01-01T03:00:47Z
order_00010849,batch_0005,trader_0018,ETH-USD,BUY,2124.54,951,2026-01-01T03:00:48Z
order_00010850,batch_0005,trader_0008,ETH-USD,BUY,2144.02,986,2026-01-01T03:00:49Z
order_00010851,batch_0005,trader_0002,ETH-USD,SELL,2170.2,116,2026-01-01T03:00:50Z
order_00010852,batch_0005,trader_0024,ETH-USD,SELL,1831.98,910,2026-01-01T03:00:51Z
order_00010853,batch_0005,trader_0012,ETH-USD,SELL,1918.14,562,2026-01-01T03:00:52Z
order_00010854,batch_0005,trader_0025,ETH-USD,BUY,2047.39,474,2026-01-01T03:00:53Z
order_00010855,batch_0005,trader_0025,ETH-USD,BUY,2125.77,620,2026-01-01T03:00:54Z
order_00010856,batch_0005,trader_0006,ETH-USD,SELL,2150.04,518,2026-01-01T03:00:55Z
order_00010857,batch_0005,trader_0010,ETH-USD,BUY,2058.93,64,2026-01-01T03:00:56Z
order_00010858,batch_0005,trader_0009,ETH-USD,BUY,1907.87,859,2026-01-01T03:00:57Z
order_00010859,batch_0005,trader_0016,ETH-USD,BUY,1990.27,658,2026-01-01T03:00:58Z
order_00010860,batch_0005,trader_0014,ETH-USD,BUY,2137.58,723,2026-01-01T03:00:59Z
order_00010861,batch_0005,trader_0006,ETH-USD,BUY,2031.53,363,2026-01-01T03:01:00Z
order_00010862,batch_0005,trader_0024,ETH-USD,SELL,2137.22,949,2026-01-01T03:01:01Z
order_00010863,batch_0005,trader_0015,ETH-USD,SELL,2039.85,888,2026-01-01T03:01:02Z
order_00010864,batch_0005,trader_0014,ETH-USD,SELL,1988.22,676,2026-01-01T03:01:03Z
order_00010865,batch_0005,trader_0023,ETH-USD,BUY,2159.07,772,2026-01-01T03:01:04Z
order_00010866,batch_0005,trader_0008,ETH-USD,SELL,1868.17,516,2026-01-01T03:01:05Z
order_00010867,batch_0005,trader_0019,ETH-USD,BUY,1999.56,322,2026-01-01T03:01:06Z
order_00010868,batch_0005,trader_0018,ETH-USD,BUY,2040.33,841,2026-01-01T03:01:07Z
order_00010869,batch_0005,trader_0014,ETH-USD,SELL,1955.98,214,2026-01-01T03:01:08Z
order_00010870,batch_0005,trader_0004,ETH-USD,BUY,2087.96,320,2026-01-01T03:01:09Z
order_00010871,batch_0005,trader_0009,ETH-USD,BUY,1887.37,601,2026-01-01T03:01:10Z
order_00010872,batch_0005,trader_0001,ETH-USD,SELL,1841.35,549,2026-01-01T03:01:11Z
order_00010873,batch_0005,trader_0019,ETH-USD,SELL,2138.79,837,2026-01-01T03:01:12Z
order_00010874,batch_0005,trader_0014,ETH-USD,BUY,1936.4,243,2026-01-01T03:01:13Z
order_00010875,batch_0005,trader_0012,ETH-USD,SELL,1853.35,896,2026-01-01T03:01:14Z
order_00010876,batch_0005,trader_0021,ETH-USD,SELL,1963.93,648,2026-01-01T03:01:15Z
order_00010877,batch_0005,trader_0020,ETH-USD,SELL,2086.67,436,2026-01-01T03:01:16Z
order_00010878,batch_0005,trader_0015,ETH-USD,BUY,1922.9,366,2026-01-01T03:01:17Z
order_00010879,batch_0005,trader_0016,ETH-USD,SELL,1806.84,403,2026-01-01T03:01:18Z
order_00010880,batch_0005,trader_0003,ETH-USD,BUY,2118.88,84,2026-01-01T03:01:19Z
order_00010881,batch_0005,trader_0013,ETH-USD,BUY,1916.39,513,2026-01-01T03:01:20Z
order_00010882,batch_0005,trader_0021,ETH-USD,BUY,1951.88,141,2026-01-01T03:01:21Z
order_00010883,batch_0005,trader_0005,ETH-USD,BUY,2010.56,107,2026-01-01T03:01:22Z
order_00010884,batch_0005,trader_0002,ETH-USD,SELL,2032.97,354,2026-01-01T03:01:23Z
order_00010885,batch_0005,trader_0008,ETH-USD,SELL,2042.62,806,2026-01-01T03:01:24Z
order_00010886,batch_0005,trader_0006,ETH-USD,BUY,1896.16,383,2026-01-01T03:01:25Z
order_00010887,batch_0005,trader_0025,ETH-USD,SELL,1897.67,657,2026-01-01T03:01:26Z
order_00010888,batch_0005,trader_0011,ETH-USD,BUY,2178.09,748,2026-01-01T03:01:27Z
order_00010889,batch_0005,trader_0014,ETH-USD,BUY,2089.09,458,2026-01-01T03:01:28Z
order_00010890,batch_0005,trader_0025,ETH-USD,SELL,1945.01,949,2026-01-01T03:01:29Z
order_00010891,batch_0005,trader_0009,ETH-USD,BUY,1889.4,918,2026-01-01T03:01:30Z
order_00010892,batch_0005,trader_0012,ETH-USD,SELL,2119.56,768,2026-01-01T03:01:31Z
order_00010893,batch_0005,trader_0003,ETH-USD,SELL,1861.88,768,2026-01-01T03:01:32Z
order_00010894,batch_0005,trader_0024,ETH-USD,BUY,1932.38,966,2026-01-01T03:01:33Z
order_00010895,batch_0005,trader_0019,ETH-USD,SELL,1967.72,298,2026-01-01T03:01:34Z
order_00010896,batch_0005,trader_0016,ETH-USD,SELL,1832.92,53,2026-01-01T03:01:35Z
order_00010897,batch_0005,trader_0006,ETH-USD,SELL,1867.96,792,2026-01-01T03:01:36Z
order_00010898,batch_0005,trader_0006,ETH-USD,SELL,2100.61,604,2026-01-01T03:01:37Z
order_00010899,batch_0005,trader_0014,ETH-USD,SELL,2074.26,577,2026-01-01T03:01:38Z
order_00010900,batch_0005,trader_0020,ETH-USD,BUY,1883.61,166,2026-01-01T03:01:39Z
order_00010901,batch_0005,trader_0019,ETH-USD,BUY,2071.46,261,2026-01-01T03:01:40Z
order_00010902,batch_0005,trader_0005,ETH-USD,SELL,2046.62,578,2026-01-01T03:01:41Z
order_00010903,batch_0005,trader_0011,ETH-USD,BUY,2065.91,230,2026-01-01T03:01:42Z
order_00010904,batch_0005,trader_0018,ETH-USD,BUY,1800.37,449,2026-01-01T03:01:43Z
order_00010905,batch_0005,trader_0023,ETH-USD,BUY,1937.0,92,2026-01-01T03:01:44Z
order_00010906,batch_0005,trader_0014,ETH-USD,BUY,1913.15,132,2026-01-01T03:01:45Z
order_00010907,batch_0005,trader_0011,ETH-USD,SELL,1987.91,328,2026-01-01T03:01:46Z
order_00010908,batch_0005,trader_0003,ETH-USD,BUY,2017.34,712,2026-01-01T03:01:47Z
order_00010909,batch_0005,trader_0020,ETH-USD,SELL,2070.29,207,2026-01-01T03:01:48Z
order_00010910,batch_0005,trader_0011,ETH-USD,SELL,2082.17,385,2026-01-01T03:01:49Z
order_00010911,batch_0005,trader_0010,ETH-USD,BUY,1966.89,292,2026-01-01T03:01:50Z
order_00010912,batch_0005,trader_0001,ETH-USD,BUY,2099.13,445,2026-01-01T03:01:51Z
order_00010913,batch_0005,trader_0001,ETH-USD,BUY,1941.67,524,2026-01-01T03:01:52Z
order_00010914,batch_0005,trader_0014,ETH-USD,BUY,1881.8,252,2026-01-01T03:01:53Z
order_00010915,batch_0005,trader_0017,ETH-USD,BUY,2039.53,540,2026-01-01T03:01:54Z
order_00010916,batch_0005,trader_0006,ETH-USD,BUY,1857.57,460,2026-01-01T03:01:55Z
order_00010917,batch_0005,trader_0020,ETH-USD,SELL,1939.73,924,2026-01-01T03:01:56Z
order_00010918,batch_0005,trader_0023,ETH-USD,SELL,2063.6,194,2026-01-01T03:01:57Z
order_00010919,batch_0005,trader_0020,ETH-USD,SELL,1840.96,294,2026-01-01T03:01:58Z
order_00010920,batch_0005,trader_0013,ETH-USD,BUY,2121.78,88,2026-01-01T03:01:59Z
order_00010921,batch_0005,trader_0024,ETH-USD,BUY,1880.93,252,2026-01-01T03:02:00Z
order_00010922,batch_0005,trader_0012,ETH-USD,SELL,1824.46,237,2026-01-01T03:02:01Z
order_00010923,batch_0005,trader_0010,ETH-USD,BUY,2011.66,89,2026-01-01T03:02:02Z
order_00010924,batch_0005,trader_0014,ETH-USD,BUY,2121.74,669,2026-01-01T03:02:03Z
order_00010925,batch_0005,trader_0021,ETH-USD,BUY,2070.79,186,2026-01-01T03:02:04Z
order_00010926,batch_0005,trader_0016,ETH-USD,SELL,1834.86,204,2026-01-01T03:02:05Z
order_00010927,batch_0005,trader_0006,ETH-USD,SELL,1819.31,554,2026-01-01T03:02:06Z
order_00010928,batch_0005,trader_0008,ETH-USD,SELL,1812.57,69,2026-01-01T03:02:07Z
order_00010929,batch_0005,trader_0024,ETH-USD,SELL,2089.95,498,2026-01-01T03:02:08Z
order_00010930,batch_0005,trader_0015,ETH-USD,SELL,2175.82,511,2026-01-01T03:02:09Z
order_00010931,batch_0005,trader_0025,ETH-USD,BUY,1966.42,874,2026-01-01T03:02:10Z
order_00010932,batch_0005,trader_0012,ETH-USD,SELL,1924.46,387,2026-01-01T03:02:11Z
order_00010933,batch_0005,trader_0007,ETH-USD,BUY,2154.25,633,2026-01-01T03:02:12Z
order_00010934,batch_0005,trader_0020,ETH-USD,BUY,2001.71,986,2026-01-01T03:02:13Z
order_00010935,batch_0005,trader_0007,ETH-USD,BUY,2078.32,882,2026-01-01T03:02:14Z
order_00010936,batch_0005,trader_0004,ETH-USD,BUY,2088.77,757,2026-01-01T03:02:15Z
order_00010937,batch_0005,trader_0007,ETH-USD,SELL,1952.73,144,2026-01-01T03:02:16Z
order_00010938,batch_0005,trader_0002,ETH-USD,SELL,1882.17,381,2026-01-01T03:02:17Z
order_00010939,batch_0005,trader_0007,ETH-USD,SELL,2100.44,750,2026-01-01T03:02:18Z
order_00010940,batch_0005,trader_0003,ETH-USD,SELL,2061.12,194,2026-01-01T03:02:19Z
order_00010941,batch_0005,trader_0003,ETH-USD,BUY,2098.08,696,2026-01-01T03:02:20Z
order_00010942,batch_0005,trader_0011,ETH-USD,BUY,2008.01,671,2026-01-01T03:02:21Z
order_00010943,batch_0005,trader_0005,ETH-USD,SELL,1985.8,30,2026-01-01T03:02:22Z
order_00010944,batch_0005,trader_0014,ETH-USD,BUY,1972.87,18,2026-01-01T03:02:23Z
order_00010945,batch_0005,trader_0004,ETH-USD,BUY,1912.58,451,2026-01-01T03:02:24Z
order_00010946,batch_0005,trader_0010,ETH-USD,BUY,2098.54,127,2026-01-01T03:02:25Z
order_00010947,batch_0005,trader_0006,ETH-USD,BUY,1991.0,520,2026-01-01T03:02:26Z
order_00010948,batch_0005,trader_0014,ETH-USD,BUY,2161.79,959,2026-01-01T03:02:27Z
order_00010949,batch_0005,trader_0024,ETH-USD,SELL,2193.63,576,2026-01-01T03:02:28Z
order_00010950,batch_0005,trader_0023,ETH-USD,SELL,1854.32,677,2026-01-01T03:02:29Z
order_00010951,batch_0005,trader_0008,ETH-USD,SELL,2031.56,913,2026-01-01T03:02:30Z
order_00010952,batch_0005,trader_0014,ETH-USD,BUY,1912.75,598,2026-01-01T03:02:31Z
order_00010953,batch_0005,trader_0006,ETH-USD,SELL,1991.19,845,2026-01-01T03:02:32Z
order_00010954,batch_0005,trader_0008,ETH-USD,BUY,1813.43,683,2026-01-01T03:02:33Z
order_00010955,batch_0005,trader_0017,ETH-USD,SELL,2183.11,794,2026-01-01T03:02:34Z
order_00010956,batch_0005,trader_0004,ETH-USD,SELL,1984.84,465,2026-01-01T03:02:35Z
order_00010957,batch_0005,trader_0009,ETH-USD,BUY,1872.29,560,2026-01-01T03:02:36Z
order_00010958,batch_0005,trader_0003,ETH-USD,SELL,2023.74,785,2026-01-01T03:02:37Z
order_00010959,batch_0005,trader_0019,ETH-USD,SELL,2130.9,912,2026-01-01T03:02:38Z
order_00010960,batch_0005,trader_0012,ETH-USD,SELL,2132.06,308,2026-01-01T03:02:39Z
order_00010961,batch_0005,trader_0011,ETH-USD,SELL,2071.48,394,2026-01-01T03:02:40Z
order_00010962,batch_0005,trader_0023,ETH-USD,SELL,2099.66,69,2026-01-01T03:02:41Z
order_00010963,batch_0005,trader_0013,ETH-USD,SELL,2134.48,322,2026-01-01T03:02:42Z
order_00010964,batch_0005,trader_0014,ETH-USD,SELL,2199.37,301,2026-01-01T03:02:43Z
order_00010965,batch_0005,trader_0019,ETH-USD,BUY,1857.75,330,2026-01-01T03:02:44Z
order_00010966,batch_0005,trader_0012,ETH-USD,BUY,1829.02,265,2026-01-01T03:02:45Z
order_00010967,batch_0005,trader_0024,ETH-USD,BUY,1862.48,894,2026-01-01T03:02:46Z
order_00010968,batch_0005,trader_0011,ETH-USD,SELL,2015.34,508,2026-01-01T03:02:47Z
order_00010969,batch_0005,trader_0003,ETH-USD,BUY,1803.73,912,2026-01-01T03:02:48Z
order_00010970,batch_0005,trader_0020,ETH-USD,SELL,2104.84,482,2026-01-01T03:02:49Z
order_00010971,batch_0005,trader_0022,ETH-USD,SELL,1818.02,783,2026-01-01T03:02:50Z
order_00010972,batch_0005,trader_0024,ETH-USD,BUY,2175.55,463,2026-01-01T03:02:51Z
order_00010973,batch_0005,trader_0014,ETH-USD,SELL,2101.37,696,2026-01-01T03:02:52Z
order_00010974,batch_0005,trader_0011,ETH-USD,BUY,2056.67,777,2026-01-01T03:02:53Z
order_00010975,batch_0005,trader_0017,ETH-USD,SELL,1851.27,761,2026-01-01T03:02:54Z
order_00010976,batch_0005,trader_0010,ETH-USD,SELL,2118.98,59,2026-01-01T03:02:55Z
order_00010977,batch_0005,trader_0023,ETH-USD,SELL,1993.42,473,2026-01-01T03:02:56Z
order_00010978,batch_0005,trader_0009,ETH-USD,BUY,1998.11,651,2026-01-01T03:02:57Z
order_00010979,batch_0005,trader_0008,ETH-USD,SELL,1817.16,434,2026-01-01T03:02:58Z
order_00010980,batch_0005,trader_0010,ETH-USD,BUY,1888.62,101,2026-01-01T03:02:59Z
order_00010981,batch_0005,trader_0005,ETH-USD,BUY,2034.96,500,2026-01-01T03:03:00Z
order_00010982,batch_0005,trader_0009,ETH-USD,SELL,1835.12,764,2026-01-01T03:03:01Z
order_00010983,batch_0005,trader_0016,ETH-USD,BUY,2137.21,332,2026-01-01T03:03:02Z
order_00010984,batch_0005,trader_0017,ETH-USD,BUY,1871.67,664,2026-01-01T03:03:03Z
order_00010985,batch_0005,trader_0005,ETH-USD,SELL,2149.59,683,2026-01-01T03:03:04Z
order_00010986,batch_0005,trader_0022,ETH-USD,SELL,1959.85,773,2026-01-01T03:03:05Z
order_00010987,batch_0005,trader_0012,ETH-USD,SELL,2168.17,347,2026-01-01T03:03:06Z
order_00010988,batch_0005,trader_0013,ETH-USD,SELL,2162.91,434,2026-01-01T03:03:07Z
order_00010989,batch_0005,trader_0012,ETH-USD,SELL,1828.09,521,2026-01-01T03:03:08Z
order_00010990,batch_0005,trader_0012,ETH-USD,SELL,2077.03,113,2026-01-01T03:03:09Z
order_00010991,batch_0005,trader_0014,ETH-USD,SELL,1966.56,694,2026-01-01T03:03:10Z
order_00010992,batch_0005,trader_0002,ETH-USD,BUY,2156.59,597,2026-01-01T03:03:11Z
order_00010993,batch_0005,trader_0008,ETH-USD,SELL,2173.69,431,2026-01-01T03:03:12Z
order_00010994,batch_0005,trader_0011,ETH-USD,BUY,2055.69,418,2026-01-01T03:03:13Z
order_00010995,batch_0005,trader_0023,ETH-USD,SELL,1925.43,380,2026-01-01T03:03:14Z
order_00010996,batch_0005,trader_0008,ETH-USD,BUY,2162.6,885,2026-01-01T03:03:15Z
order_00010997,batch_0005,trader_0007,ETH-USD,BUY,1966.13,343,2026-01-01T03:03:16Z
order_00010998,batch_0005,trader_0003,ETH-USD,BUY,2162.52,268,2026-01-01T03:03:17Z
order_00010999,batch_0005,trader_0013,ETH-USD,SELL,1957.97,383,2026-01-01T03:03:18Z
order_00011000,batch_0005,trader_0005,ETH-USD,BUY,1832.61,132,2026-01-01T03:03:19Z
order_00011001,batch_0005,trader_0015,ETH-USD,SELL,2161.42,440,2026-01-01T03:03:20Z
order_00011002,batch_0005,trader_0025,ETH-USD,SELL,1924.76,914,2026-01-01T03:03:21Z
order_00011003,batch_0005,trader_0018,ETH-USD,SELL,2031.89,398,2026-01-01T03:03:22Z
order_00011004,batch_0005,trader_0017,ETH-USD,BUY,2028.43,494,2026-01-01T03:03:23Z
order_00011005,batch_0005,trader_0003,ETH-USD,SELL,2095.81,419,2026-01-01T03:03:24Z
order_00011006,batch_0005,trader_0012,ETH-USD,SELL,1889.79,953,2026-01-01T03:03:25Z
order_00011007,batch_0005,trader_0023,ETH-USD,BUY,1820.38,643,2026-01-01T03:03:26Z
order_00011008,batch_0005,trader_0006,ETH-USD,BUY,2150.02,585,2026-01-01T03:03:27Z
order_00011009,batch_0005,trader_0024,ETH-USD,BUY,2125.48,356,2026-01-01T03:03:28Z
order_00011010,batch_0005,trader_0001,ETH-USD,BUY,1853.26,257,2026-01-01T03:03:29Z
order_00011011,batch_0005,trader_0013,ETH-USD,SELL,1993.07,138,2026-01-01T03:03:30Z
order_00011012,batch_0005,trader_0004,ETH-USD,SELL,2106.46,736,2026-01-01T03:03:31Z
order_00011013,batch_0005,trader_0025,ETH-USD,BUY,2189.21,209,2026-01-01T03:03:32Z
order_00011014,batch_0005,trader_0014,ETH-USD,SELL,2130.2,585,2026-01-01T03:03:33Z
order_00011015,batch_0005,trader_0017,ETH-USD,BUY,2060.63,699,2026-01-01T03:03:34Z
order_00011016,batch_0005,trader_0013,ETH-USD,BUY,1890.49,355,2026-01-01T03:03:35Z
order_00011017,batch_0005,trader_0007,ETH-USD,BUY,1859.96,808,2026-01-01T03:03:36Z
order_00011018,batch_0005,trader_0016,ETH-USD,BUY,1939.32,194,2026-01-01T03:03:37Z
order_00011019,batch_0005,trader_0015,ETH-USD,BUY,1941.11,755,2026-01-01T03:03:38Z
order_00011020,batch_0005,trader_0006,ETH-USD,BUY,2092.56,636,2026-01-01T03:03:39Z
order_00011021,batch_0005,trader_0003,ETH-USD,SELL,1923.76,534,2026-01-01T03:03:40Z
order_00011022,batch_0005,trader_0023,ETH-USD,BUY,2151.95,306,2026-01-01T03:03:41Z
order_00011023,batch_0005,trader_0016,ETH-USD,BUY,2097.8,876,2026-01-01T03:03:42Z
order_00011024,batch_0005,trader_0010,ETH-USD,BUY,2100.96,224,2026-01-01T03:03:43Z
order_00011025,batch_0005,trader_0010,ETH-USD,SELL,2083.78,179,2026-01-01T03:03:44Z
order_00011026,batch_0005,trader_0011,ETH-USD,SELL,1882.81,391,2026-01-01T03:03:45Z
order_00011027,batch_0005,trader_0011,ETH-USD,BUY,1891.71,743,2026-01-01T03:03:46Z
order_00011028,batch_0005,trader_0017,ETH-USD,SELL,1846.37,83,2026-01-01T03:03:47Z
order_00011029,batch_0005,trader_0008,ETH-USD,SELL,1805.15,155,2026-01-01T03:03:48Z
order_00011030,batch_0005,trader_0014,ETH-USD,SELL,1801.32,554,2026-01-01T03:03:49Z
order_00011031,batch_0005,trader_0019,ETH-USD,SELL,2081.43,689,2026-01-01T03:03:50Z
order_00011032,batch_0005,trader_0005,ETH-USD,BUY,2193.99,683,2026-01-01T03:03:51Z
order_00011033,batch_0005,trader_0021,ETH-USD,SELL,1933.94,576,2026-01-01T03:03:52Z
order_00011034,batch_0005,trader_0004,ETH-USD,SELL,1825.63,896,2026-01-01T03:03:53Z
order_00011035,batch_0005,trader_0025,ETH-USD,BUY,1865.43,953,2026-01-01T03:03:54Z
order_00011036,batch_0005,trader_0001,ETH-USD,BUY,2118.07,497,2026-01-01T03:03:55Z
order_00011037,batch_0005,trader_0014,ETH-USD,SELL,2055.02,215,2026-01-01T03:03:56Z
order_00011038,batch_0005,trader_0024,ETH-USD,BUY,1956.91,235,2026-01-01T03:03:57Z
order_00011039,batch_0005,trader_0017,ETH-USD,SELL,1992.06,312,2026-01-01T03:03:58Z
order_00011040,batch_0005,trader_0011,ETH-USD,BUY,1863.35,253,2026-01-01T03:03:59Z
order_00011041,batch_0005,trader_0007,ETH-USD,SELL,1934.51,287,2026-01-01T03:04:00Z
order_00011042,batch_0005,trader_0002,ETH-USD,BUY,1996.53,701,2026-01-01T03:04:01Z
order_00011043,batch_0005,trader_0009,ETH-USD,SELL,2065.61,684,2026-01-01T03:04:02Z
order_00011044,batch_0005,trader_0016,ETH-USD,SELL,2133.04,32,2026-01-01T03:04:03Z
order_00011045,batch_0005,trader_0007,ETH-USD,BUY,2053.18,354,2026-01-01T03:04:04Z
order_00011046,batch_0005,trader_0005,ETH-USD,SELL,2064.06,111,2026-01-01T03:04:05Z
order_00011047,batch_0005,trader_0023,ETH-USD,SELL,1937.18,758,2026-01-01T03:04:06Z
order_00011048,batch_0005,trader_0015,ETH-USD,BUY,1932.01,706,2026-01-01T03:04:07Z
order_00011049,batch_0005,trader_0002,ETH-USD,SELL,2052.54,597,2026-01-01T03:04:08Z
order_00011050,batch_0005,trader_0008,ETH-USD,SELL,2113.47,849,2026-01-01T03:04:09Z
order_00011051,batch_0005,trader_0018,ETH-USD,BUY,2000.53,413,2026-01-01T03:04:10Z
order_00011052,batch_0005,trader_0023,ETH-USD,BUY,1826.82,809,2026-01-01T03:04:11Z
order_00011053,batch_0005,trader_0010,ETH-USD,SELL,1931.91,408,2026-01-01T03:04:12Z
order_00011054,batch_0005,trader_0018,ETH-USD,SELL,1916.84,638,2026-01-01T03:04:13Z
order_00011055,batch_0005,trader_0024,ETH-USD,SELL,1942.22,513,2026-01-01T03:04:14Z
order_00011056,batch_0005,trader_0017,ETH-USD,SELL,1895.18,518,2026-01-01T03:04:15Z
order_00011057,batch_0005,trader_0023,ETH-USD,SELL,1801.59,932,2026-01-01T03:04:16Z
order_00011058,batch_0005,trader_0015,ETH-USD,BUY,1910.61,124,2026-01-01T03:04:17Z
order_00011059,batch_0005,trader_0003,ETH-USD,BUY,1907.3,424,2026-01-01T03:04:18Z
order_00011060,batch_0005,trader_0012,ETH-USD,BUY,1833.96,744,2026-01-01T03:04:19Z
order_00011061,batch_0005,trader_0017,ETH-USD,BUY,1938.55,860,2026-01-01T03:04:20Z
order_00011062,batch_0005,trader_0023,ETH-USD,SELL,2183.52,171,2026-01-01T03:04:21Z
order_00011063,batch_0005,trader_0019,ETH-USD,SELL,1954.69,769,2026-01-01T03:04:22Z
order_00011064,batch_0005,trader_0019,ETH-USD,SELL,1907.56,673,2026-01-01T03:04:23Z
order_00011065,batch_0005,trader_0005,ETH-USD,SELL,2155.75,25,2026-01-01T03:04:24Z
order_00011066,batch_0005,trader_0019,ETH-USD,SELL,2142.34,576,2026-01-01T03:04:25Z
order_00011067,batch_0005,trader_0024,ETH-USD,SELL,2068.36,195,2026-01-01T03:04:26Z
order_00011068,batch_0005,trader_0015,ETH-USD,SELL,2143.35,759,2026-01-01T03:04:27Z
order_00011069,batch_0005,trader_0013,ETH-USD,BUY,2194.7,829,2026-01-01T03:04:28Z
order_00011070,batch_0005,trader_0018,ETH-USD,BUY,1895.09,903,2026-01-01T03:04:29Z
order_00011071,batch_0005,trader_0011,ETH-USD,SELL,1937.3,448,2026-01-01T03:04:30Z
order_00011072,batch_0005,trader_0002,ETH-USD,BUY,2182.65,755,2026-01-01T03:04:31Z
order_00011073,batch_0005,trader_0023,ETH-USD,SELL,2140.33,597,2026-01-01T03:04:32Z
order_00011074,batch_0005,trader_0024,ETH-USD,BUY,2088.11,355,2026-01-01T03:04:33Z
order_00011075,batch_0005,trader_0007,ETH-USD,BUY,1856.66,193,2026-01-01T03:04:34Z
order_00011076,batch_0005,trader_0025,ETH-USD,SELL,2189.19,667,2026-01-01T03:04:35Z
order_00011077,batch_0005,trader_0025,ETH-USD,BUY,2102.72,959,2026-01-01T03:04:36Z
order_00011078,batch_0005,trader_0004,ETH-USD,BUY,1806.11,827,2026-01-01T03:04:37Z
order_00011079,batch_0005,trader_0021,ETH-USD,SELL,1834.78,292,2026-01-01T03:04:38Z
order_00011080,batch_0005,trader_0018,ETH-USD,BUY,1953.14,426,2026-01-01T03:04:39Z
order_00011081,batch_0005,trader_0002,ETH-USD,SELL,1891.9,688,2026-01-01T03:04:40Z
order_00011082,batch_0005,trader_0015,ETH-USD,SELL,2013.96,505,2026-01-01T03:04:41Z
order_00011083,batch_0005,trader_0008,ETH-USD,BUY,1855.94,685,2026-01-01T03:04:42Z
order_00011084,batch_0005,trader_0018,ETH-USD,SELL,1885.87,730,2026-01-01T03:04:43Z
order_00011085,batch_0005,trader_0025,ETH-USD,BUY,1863.18,69,2026-01-01T03:04:44Z
order_00011086,batch_0005,trader_0016,ETH-USD,SELL,1970.77,633,2026-01-01T03:04:45Z
order_00011087,batch_0005,trader_0001,ETH-USD,BUY,1977.15,226,2026-01-01T03:04:46Z
order_00011088,batch_0005,trader_0025,ETH-USD,BUY,1889.42,455,2026-01-01T03:04:47Z
order_00011089,batch_0005,trader_0013,ETH-USD,BUY,2194.77,230,2026-01-01T03:04:48Z
order_00011090,batch_0005,trader_0021,ETH-USD,BUY,1800.38,495,2026-01-01T03:04:49Z
order_00011091,batch_0005,trader_0012,ETH-USD,BUY,2078.61,645,2026-01-01T03:04:50Z
order_00011092,batch_0005,trader_0010,ETH-USD,BUY,1930.39,878,2026-01-01T03:04:51Z
order_00011093,batch_0005,trader_0014,ETH-USD,SELL,1877.51,867,2026-01-01T03:04:52Z
order_00011094,batch_0005,trader_0013,ETH-USD,BUY,1927.06,35,2026-01-01T03:04:53Z
order_00011095,batch_0005,trader_0003,ETH-USD,SELL,2040.41,207,2026-01-01T03:04:54Z
order_00011096,batch_0005,trader_0019,ETH-USD,BUY,2038.8,744,2026-01-01T03:04:55Z
order_00011097,batch_0005,trader_0014,ETH-USD,SELL,1908.22,350,2026-01-01T03:04:56Z
order_00011098,batch_0005,trader_0024,ETH-USD,SELL,2013.07,670,2026-01-01T03:04:57Z
order_00011099,batch_0005,trader_0025,ETH-USD,SELL,2064.43,736,2026-01-01T03:04:58Z
order_00011100,batch_0005,trader_0018,ETH-USD,BUY,2001.05,992,2026-01-01T03:04:59Z
order_00011101,batch_0005,trader_0007,ETH-USD,BUY,1864.33,871,2026-01-01T03:05:00Z
order_00011102,batch_0005,trader_0006,ETH-USD,SELL,2187.04,140,2026-01-01T03:05:01Z
order_00011103,batch_0005,trader_0011,ETH-USD,BUY,1967.83,904,2026-01-01T03:05:02Z
order_00011104,batch_0005,trader_0002,ETH-USD,BUY,2110.94,508,2026-01-01T03:05:03Z
order_00011105,batch_0005,trader_0002,ETH-USD,SELL,1931.11,578,2026-01-01T03:05:04Z
order_00011106,batch_0005,trader_0010,ETH-USD,BUY,1836.25,870,2026-01-01T03:05:05Z
order_00011107,batch_0005,trader_0015,ETH-USD,BUY,1926.19,852,2026-01-01T03:05:06Z
order_00011108,batch_0005,trader_0003,ETH-USD,SELL,1816.35,14,2026-01-01T03:05:07Z
order_00011109,batch_0005,trader_0002,ETH-USD,SELL,1822.24,688,2026-01-01T03:05:08Z
order_00011110,batch_0005,trader_0011,ETH-USD,BUY,2002.59,532,2026-01-01T03:05:09Z
order_00011111,batch_0005,trader_0023,ETH-USD,BUY,2167.07,452,2026-01-01T03:05:10Z
order_00011112,batch_0005,trader_0010,ETH-USD,BUY,2091.39,317,2026-01-01T03:05:11Z
order_00011113,batch_0005,trader_0008,ETH-USD,BUY,2101.29,412,2026-01-01T03:05:12Z
order_00011114,batch_0005,trader_0018,ETH-USD,SELL,2187.77,652,2026-01-01T03:05:13Z
order_00011115,batch_0005,trader_0019,ETH-USD,SELL,1884.27,108,2026-01-01T03:05:14Z
order_00011116,batch_0005,trader_0016,ETH-USD,SELL,2030.1,970,2026-01-01T03:05:15Z
order_00011117,batch_0005,trader_0007,ETH-USD,BUY,1857.38,225,2026-01-01T03:05:16Z
order_00011118,batch_0005,trader_0022,ETH-USD,SELL,1917.52,359,2026-01-01T03:05:17Z
order_00011119,batch_0005,trader_0023,ETH-USD,SELL,2061.9,260,2026-01-01T03:05:18Z
order_00011120,batch_0005,trader_0003,ETH-USD,BUY,1827.11,646,2026-01-01T03:05:19Z
order_00011121,batch_0005,trader_0007,ETH-USD,SELL,2062.49,597,2026-01-01T03:05:20Z
order_00011122,batch_0005,trader_0024,ETH-USD,SELL,1920.09,616,2026-01-01T03:05:21Z
order_00011123,batch_0005,trader_0019,ETH-USD,BUY,1866.42,301,2026-01-01T03:05:22Z
order_00011124,batch_0005,trader_0019,ETH-USD,BUY,1872.58,846,2026-01-01T03:05:23Z
order_00011125,batch_0005,trader_0019,ETH-USD,BUY,2095.33,640,2026-01-01T03:05:24Z
order_00011126,batch_0005,trader_0025,ETH-USD,BUY,1891.31,700,2026-01-01T03:05:25Z
order_00011127,batch_0005,trader_0015,ETH-USD,BUY,2016.9,572,2026-01-01T03:05:26Z
order_00011128,batch_0005,trader_0014,ETH-USD,SELL,1955.68,480,2026-01-01T03:05:27Z
order_00011129,batch_0005,trader_0006,ETH-USD,BUY,1954.9,648,2026-01-01T03:05:28Z
order_00011130,batch_0005,trader_0011,ETH-USD,SELL,2030.9,537,2026-01-01T03:05:29Z
order_00011131,batch_0005,trader_0007,ETH-USD,SELL,1828.41,858,2026-01-01T03:05:30Z
order_00011132,batch_0005,trader_0021,ETH-USD,SELL,1923.9,852,2026-01-01T03:05:31Z
order_00011133,batch_0005,trader_0016,ETH-USD,BUY,2127.24,627,2026-01-01T03:05:32Z
order_00011134,batch_0005,trader_0010,ETH-USD,SELL,1984.45,547,2026-01-01T03:05:33Z
order_00011135,batch_0005,trader_0017,ETH-USD,SELL,1877.77,669,2026-01-01T03:05:34Z
order_00011136,batch_0005,trader_0006,ETH-USD,BUY,1962.99,202,2026-01-01T03:05:35Z
order_00011137,batch_0005,trader_0021,ETH-USD,SELL,2065.8,583,2026-01-01T03:05:36Z
order_00011138,batch_0005,trader_0023,ETH-USD,SELL,2127.58,701,2026-01-01T03:05:37Z
order_00011139,batch_0005,trader_0008,ETH-USD,BUY,2100.84,395,2026-01-01T03:05:38Z
order_00011140,batch_0005,trader_0004,ETH-USD,SELL,1801.77,899,2026-01-01T03:05:39Z
order_00011141,batch_0005,trader_0018,ETH-USD,BUY,2023.7,317,2026-01-01T03:05:40Z
order_00011142,batch_0005,trader_0004,ETH-USD,BUY,1889.31,228,2026-01-01T03:05:41Z
order_00011143,batch_0005,trader_0002,ETH-USD,BUY,2003.74,482,2026-01-01T03:05:42Z
order_00011144,batch_0005,trader_0015,ETH-USD,BUY,1979.63,850,2026-01-01T03:05:43Z
order_00011145,batch_0005,trader_0023,ETH-USD,BUY,1854.64,608,2026-01-01T03:05:44Z
order_00011146,batch_0005,trader_0018,ETH-USD,SELL,2065.96,833,2026-01-01T03:05:45Z
order_00011147,batch_0005,trader_0008,ETH-USD,SELL,1813.35,782,2026-01-01T03:05:46Z
order_00011148,batch_0005,trader_0015,ETH-USD,BUY,2012.27,160,2026-01-01T03:05:47Z
order_00011149,batch_0005,trader_0012,ETH-USD,BUY,1907.93,449,2026-01-01T03:05:48Z
order_00011150,batch_0005,trader_0008,ETH-USD,SELL,2163.26,771,2026-01-01T03:05:49Z
order_00011151,batch_0005,trader_0001,ETH-USD,SELL,1883.69,14,2026-01-01T03:05:50Z
order_00011152,batch_0005,trader_0004,ETH-USD,BUY,2011.95,501,2026-01-01T03:05:51Z
order_00011153,batch_0005,trader_0025,ETH-USD,SELL,1867.9,659,2026-01-01T03:05:52Z
order_00011154,batch_0005,trader_0013,ETH-USD,SELL,2171.53,679,2026-01-01T03:05:53Z
order_00011155,batch_0005,trader_0003,ETH-USD,BUY,2152.18,769,2026-01-01T03:05:54Z
order_00011156,batch_0005,trader_0014,ETH-USD,BUY,1912.72,415,2026-01-01T03:05:55Z
order_00011157,batch_0005,trader_0004,ETH-USD,BUY,2079.21,265,2026-01-01T03:05:56Z
order_00011158,batch_0005,trader_0015,ETH-USD,SELL,1926.54,317,2026-01-01T03:05:57Z
order_00011159,batch_0005,trader_0024,ETH-USD,BUY,1942.18,182,2026-01-01T03:05:58Z
order_00011160,batch_0005,trader_0017,ETH-USD,BUY,1918.87,827,2026-01-01T03:05:59Z
order_00011161,batch_0005,trader_0024,ETH-USD,SELL,1929.26,877,2026-01-01T03:06:00Z
order_00011162,batch_0005,trader_0019,ETH-USD,BUY,2179.26,864,2026-01-01T03:06:01Z
order_00011163,batch_0005,trader_0017,ETH-USD,SELL,1845.0,725,2026-01-01T03:06:02Z
order_00011164,batch_0005,trader_0004,ETH-USD,BUY,2104.76,107,2026-01-01T03:06:03Z
order_00011165,batch_0005,trader_0016,ETH-USD,SELL,2094.33,323,2026-01-01T03:06:04Z
order_00011166,batch_0005,trader_0012,ETH-USD,SELL,1892.89,807,2026-01-01T03:06:05Z
order_00011167,batch_0005,trader_0024,ETH-USD,BUY,1971.13,471,2026-01-01T03:06:06Z
order_00011168,batch_0005,trader_0002,ETH-USD,BUY,2059.6,38,2026-01-01T03:06:07Z
order_00011169,batch_0005,trader_0018,ETH-USD,SELL,2146.26,769,2026-01-01T03:06:08Z
order_00011170,batch_0005,trader_0017,ETH-USD,BUY,2017.84,624,2026-01-01T03:06:09Z
order_00011171,batch_0005,trader_0008,ETH-USD,SELL,2143.79,70,2026-01-01T03:06:10Z
order_00011172,batch_0005,trader_0006,ETH-USD,BUY,2081.02,332,2026-01-01T03:06:11Z
order_00011173,batch_0005,trader_0014,ETH-USD,SELL,2003.66,328,2026-01-01T03:06:12Z
order_00011174,batch_0005,trader_0024,ETH-USD,BUY,2050.24,944,2026-01-01T03:06:13Z
order_00011175,batch_0005,trader_0023,ETH-USD,SELL,1950.73,353,2026-01-01T03:06:14Z
order_00011176,batch_0005,trader_0019,ETH-USD,BUY,2110.97,212,2026-01-01T03:06:15Z
order_00011177,batch_0005,trader_0012,ETH-USD,BUY,2049.47,308,2026-01-01T03:06:16Z
order_00011178,batch_0005,trader_0002,ETH-USD,BUY,1928.41,788,2026-01-01T03:06:17Z
order_00011179,batch_0005,trader_0011,ETH-USD,BUY,2145.43,325,2026-01-01T03:06:18Z
order_00011180,batch_0005,trader_0021,ETH-USD,SELL,2012.19,874,2026-01-01T03:06:19Z
order_00011181,batch_0005,trader_0001,ETH-USD,BUY,2014.17,197,2026-01-01T03:06:20Z
order_00011182,batch_0005,trader_0009,ETH-USD,SELL,2121.64,208,2026-01-01T03:06:21Z
order_00011183,batch_0005,trader_0005,ETH-USD,SELL,2149.54,757,2026-01-01T03:06:22Z
order_00011184,batch_0005,trader_0017,ETH-USD,BUY,1844.04,387,2026-01-01T03:06:23Z
order_00011185,batch_0005,trader_0023,ETH-USD,SELL,2109.16,400,2026-01-01T03:06:24Z
order_00011186,batch_0005,trader_0013,ETH-USD,SELL,2163.71,524,2026-01-01T03:06:25Z
order_00011187,batch_0005,trader_0009,ETH-USD,SELL,2183.43,474,2026-01-01T03:06:26Z
order_00011188,batch_0005,trader_0007,ETH-USD,BUY,2122.17,741,2026-01-01T03:06:27Z
order_00011189,batch_0005,trader_0018,ETH-USD,SELL,1883.65,26,2026-01-01T03:06:28Z
order_00011190,batch_0005,trader_0025,ETH-USD,BUY,1987.83,286,2026-01-01T03:06:29Z
order_00011191,batch_0005,trader_0014,ETH-USD,BUY,2078.03,892,2026-01-01T03:06:30Z
order_00011192,batch_0005,trader_0007,ETH-USD,SELL,2196.35,585,2026-01-01T03:06:31Z
order_00011193,batch_0005,trader_0006,ETH-USD,SELL,2044.28,816,2026-01-01T03:06:32Z
order_00011194,batch_0005,trader_0025,ETH-USD,SELL,1912.21,975,2026-01-01T03:06:33Z
order_00011195,batch_0005,trader_0023,ETH-USD,SELL,1870.28,987,2026-01-01T03:06:34Z
order_00011196,batch_0005,trader_0001,ETH-USD,BUY,2101.47,523,2026-01-01T03:06:35Z
order_00011197,batch_0005,trader_0013,ETH-USD,SELL,2199.54,783,2026-01-01T03:06:36Z
order_00011198,batch_0005,trader_0009,ETH-USD,BUY,2074.08,247,2026-01-01T03:06:37Z
order_00011199,batch_0005,trader_0012,ETH-USD,SELL,2164.57,98,2026-01-01T03:06:38Z
order_00011200,batch_0005,trader_0018,ETH-USD,BUY,1911.28,377,2026-01-01T03:06:39Z
order_00011201,batch_0005,trader_0017,ETH-USD,SELL,2015.51,326,2026-01-01T03:06:40Z
order_00011202,batch_0005,trader_0009,ETH-USD,SELL,1895.61,939,2026-01-01T03:06:41Z
order_00011203,batch_0005,trader_0012,ETH-USD,SELL,2156.22,53,2026-01-01T03:06:42Z
order_00011204,batch_0005,trader_0006,ETH-USD,BUY,1881.21,29,2026-01-01T03:06:43Z
order_00011205,batch_0005,trader_0011,ETH-USD,SELL,1989.94,442,2026-01-01T03:06:44Z
order_00011206,batch_0005,trader_0010,ETH-USD,SELL,2044.95,892,2026-01-01T03:06:45Z
order_00011207,batch_0005,trader_0018,ETH-USD,SELL,2125.33,594,2026-01-01T03:06:46Z
order_00011208,batch_0005,trader_0014,ETH-USD,SELL,1977.21,369,2026-01-01T03:06:47Z
order_00011209,batch_0005,trader_0014,ETH-USD,SELL,2033.69,516,2026-01-01T03:06:48Z
order_00011210,batch_0005,trader_0025,ETH-USD,SELL,1877.88,95,2026-01-01T03:06:49Z
order_00011211,batch_0005,trader_0014,ETH-USD,SELL,1823.87,376,2026-01-01T03:06:50Z
order_00011212,batch_0005,trader_0018,ETH-USD,BUY,1963.11,553,2026-01-01T03:06:51Z
order_00011213,batch_0005,trader_0007,ETH-USD,BUY,2184.17,300,2026-01-01T03:06:52Z
order_00011214,batch_0005,trader_0022,ETH-USD,BUY,1820.22,396,2026-01-01T03:06:53Z
order_00011215,batch_0005,trader_0006,ETH-USD,SELL,2177.26,895,2026-01-01T03:06:54Z
order_00011216,batch_0005,trader_0012,ETH-USD,BUY,1868.0,591,2026-01-01T03:06:55Z
order_00011217,batch_0005,trader_0021,ETH-USD,SELL,2008.27,182,2026-01-01T03:06:56Z
order_00011218,batch_0005,trader_0022,ETH-USD,SELL,1986.73,405,2026-01-01T03:06:57Z
order_00011219,batch_0005,trader_0007,ETH-USD,BUY,1831.21,215,2026-01-01T03:06:58Z
order_00011220,batch_0005,trader_0013,ETH-USD,BUY,2021.64,873,2026-01-01T03:06:59Z
order_00011221,batch_0005,trader_0013,ETH-USD,BUY,1863.08,481,2026-01-01T03:07:00Z
order_00011222,batch_0005,trader_0001,ETH-USD,SELL,2005.66,156,2026-01-01T03:07:01Z
order_00011223,batch_0005,trader_0013,ETH-USD,BUY,2080.4,213,2026-01-01T03:07:02Z
order_00011224,batch_0005,trader_0010,ETH-USD,BUY,2006.23,51,2026-01-01T03:07:03Z
order_00011225,batch_0005,trader_0019,ETH-USD,SELL,1999.84,684,2026-01-01T03:07:04Z
order_00011226,batch_0005,trader_0008,ETH-USD,BUY,1973.24,93,2026-01-01T03:07:05Z
order_00011227,batch_0005,trader_0022,ETH-USD,BUY,2082.95,668,2026-01-01T03:07:06Z
order_00011228,batch_0005,trader_0023,ETH-USD,BUY,1838.01,966,2026-01-01T03:07:07Z
order_00011229,batch_0005,trader_0008,ETH-USD,SELL,1955.28,101,2026-01-01T03:07:08Z
order_00011230,batch_0005,trader_0025,ETH-USD,SELL,1871.57,442,2026-01-01T03:07:09Z
order_00011231,batch_0005,trader_0011,ETH-USD,SELL,1909.65,537,2026-01-01T03:07:10Z
order_00011232,batch_0005,trader_0018,ETH-USD,BUY,2100.05,298,2026-01-01T03:07:11Z
order_00011233,batch_0005,trader_0013,ETH-USD,SELL,2046.13,465,2026-01-01T03:07:12Z
order_00011234,batch_0005,trader_0003,ETH-USD,BUY,2029.97,917,2026-01-01T03:07:13Z
order_00011235,batch_0005,trader_0017,ETH-USD,SELL,2053.54,107,2026-01-01T03:07:14Z
order_00011236,batch_0005,trader_0013,ETH-USD,BUY,1831.92,438,2026-01-01T03:07:15Z
order_00011237,batch_0005,trader_0002,ETH-USD,SELL,1965.83,793,2026-01-01T03:07:16Z
order_00011238,batch_0005,trader_0013,ETH-USD,SELL,1824.05,810,2026-01-01T03:07:17Z
order_00011239,batch_0005,trader_0001,ETH-USD,SELL,1967.54,304,2026-01-01T03:07:18Z
order_00011240,batch_0005,trader_0022,ETH-USD,SELL,1904.74,453,2026-01-01T03:07:19Z
order_00011241,batch_0005,trader_0020,ETH-USD,BUY,2131.72,524,2026-01-01T03:07:20Z
order_00011242,batch_0005,trader_0005,ETH-USD,BUY,2087.62,843,2026-01-01T03:07:21Z
order_00011243,batch_0005,trader_0001,ETH-USD,SELL,1829.04,285,2026-01-01T03:07:22Z
order_00011244,batch_0005,trader_0018,ETH-USD,BUY,1996.64,642,2026-01-01T03:07:23Z
order_00011245,batch_0005,trader_0008,ETH-USD,BUY,2149.46,482,2026-01-01T03:07:24Z
order_00011246,batch_0005,trader_0014,ETH-USD,SELL,2163.67,152,2026-01-01T03:07:25Z
order_00011247,batch_0005,trader_0022,ETH-USD,BUY,1871.08,896,2026-01-01T03:07:26Z
order_00011248,batch_0005,trader_0017,ETH-USD,BUY,1884.58,919,2026-01-01T03:07:27Z
order_00011249,batch_0005,trader_0009,ETH-USD,SELL,1906.43,355,2026-01-01T03:07:28Z
order_00011250,batch_0005,trader_0003,ETH-USD,SELL,1984.37,15,2026-01-01T03:07:29Z
order_00011251,batch_0005,trader_0025,ETH-USD,SELL,2074.81,16,2026-01-01T03:07:30Z
order_00011252,batch_0005,trader_0006,ETH-USD,BUY,1949.94,529,2026-01-01T03:07:31Z
order_00011253,batch_0005,trader_0012,ETH-USD,BUY,1810.21,675,2026-01-01T03:07:32Z
order_00011254,batch_0005,trader_0014,ETH-USD,SELL,1812.17,768,2026-01-01T03:07:33Z
order_00011255,batch_0005,trader_0011,ETH-USD,BUY,1901.03,97,2026-01-01T03:07:34Z
order_00011256,batch_0005,trader_0025,ETH-USD,BUY,2062.82,228,2026-01-01T03:07:35Z
order_00011257,batch_0005,trader_0015,ETH-USD,BUY,1832.23,783,2026-01-01T03:07:36Z
order_00011258,batch_0005,trader_0024,ETH-USD,SELL,1942.73,325,2026-01-01T03:07:37Z
order_00011259,batch_0005,trader_0018,ETH-USD,SELL,2025.16,175,2026-01-01T03:07:38Z
order_00011260,batch_0005,trader_0019,ETH-USD,SELL,2101.5,300,2026-01-01T03:07:39Z
order_00011261,batch_0005,trader_0006,ETH-USD,BUY,2128.28,6,2026-01-01T03:07:40Z
order_00011262,batch_0005,trader_0003,ETH-USD,SELL,2160.19,688,2026-01-01T03:07:41Z
order_00011263,batch_0005,trader_0017,ETH-USD,BUY,1872.4,670,2026-01-01T03:07:42Z
order_00011264,batch_0005,trader_0004,ETH-USD,SELL,1941.69,697,2026-01-01T03:07:43Z
order_00011265,batch_0005,trader_0001,ETH-USD,SELL,1956.99,894,2026-01-01T03:07:44Z
order_00011266,batch_0005,trader_0020,ETH-USD,BUY,1863.17,835,2026-01-01T03:07:45Z
order_00011267,batch_0005,trader_0011,ETH-USD,BUY,2185.94,343,2026-01-01T03:07:46Z
order_00011268,batch_0005,trader_0023,ETH-USD,SELL,2094.67,489,2026-01-01T03:07:47Z
order_00011269,batch_0005,trader_0003,ETH-USD,BUY,2167.22,768,2026-01-01T03:07:48Z
order_00011270,batch_0005,trader_0002,ETH-USD,BUY,1918.14,616,2026-01-01T03:07:49Z
order_00011271,batch_0005,trader_0006,ETH-USD,BUY,2075.2,988,2026-01-01T03:07:50Z
order_00011272,batch_0005,trader_0016,ETH-USD,BUY,2102.27,760,2026-01-01T03:07:51Z
order_00011273,batch_0005,trader_0008,ETH-USD,BUY,2125.63,407,2026-01-01T03:07:52Z
order_00011274,batch_0005,trader_0010,ETH-USD,SELL,2184.11,518,2026-01-01T03:07:53Z
order_00011275,batch_0005,trader_0022,ETH-USD,BUY,2172.65,935,2026-01-01T03:07:54Z
order_00011276,batch_0005,trader_0012,ETH-USD,SELL,2056.94,494,2026-01-01T03:07:55Z
order_00011277,batch_0005,trader_0009,ETH-USD,BUY,2033.61,611,2026-01-01T03:07:56Z
order_00011278,batch_0005,trader_0012,ETH-USD,BUY,2024.86,749,2026-01-01T03:07:57Z
order_00011279,batch_0005,trader_0001,ETH-USD,SELL,1876.43,20,2026-01-01T03:07:58Z
order_00011280,batch_0005,trader_0004,ETH-USD,SELL,1901.86,656,2026-01-01T03:07:59Z
order_00011281,batch_0005,trader_0005,ETH-USD,BUY,2062.14,422,2026-01-01T03:08:00Z
order_00011282,batch_0005,trader_0001,ETH-USD,SELL,2006.14,48,2026-01-01T03:08:01Z
order_00011283,batch_0005,trader_0009,ETH-USD,BUY,2101.58,59,2026-01-01T03:08:02Z
order_00011284,batch_0005,trader_0022,ETH-USD,SELL,2141.98,524,2026-01-01T03:08:03Z
order_00011285,batch_0005,trader_0011,ETH-USD,BUY,1811.09,599,2026-01-01T03:08:04Z
order_00011286,batch_0005,trader_0015,ETH-USD,BUY,2164.52,129,2026-01-01T03:08:05Z
order_00011287,batch_0005,trader_0002,ETH-USD,BUY,1823.74,108,2026-01-01T03:08:06Z
order_00011288,batch_0005,trader_0019,ETH-USD,BUY,1902.86,296,2026-01-01T03:08:07Z
order_00011289,batch_0005,trader_0003,ETH-USD,SELL,1842.89,582,2026-01-01T03:08:08Z
order_00011290,batch_0005,trader_0023,ETH-USD,BUY,2175.86,497,2026-01-01T03:08:09Z
order_00011291,batch_0005,trader_0012,ETH-USD,BUY,2084.01,206,2026-01-01T03:08:10Z
order_00011292,batch_0005,trader_0023,ETH-USD,BUY,2155.87,696,2026-01-01T03:08:11Z
order_00011293,batch_0005,trader_0011,ETH-USD,BUY,2011.98,971,2026-01-01T03:08:12Z
order_00011294,batch_0005,trader_0016,ETH-USD,SELL,2101.72,499,2026-01-01T03:08:13Z
order_00011295,batch_0005,trader_0013,ETH-USD,BUY,2039.55,285,2026-01-01T03:08:14Z
order_00011296,batch_0005,trader_0008,ETH-USD,BUY,1976.99,6,2026-01-01T03:08:15Z
order_00011297,batch_0005,trader_0010,ETH-USD,BUY,1823.22,748,2026-01-01T03:08:16Z
order_00011298,batch_0005,trader_0004,ETH-USD,SELL,1987.99,815,2026-01-01T03:08:17Z
order_00011299,batch_0005,trader_0001,ETH-USD,BUY,1842.25,572,2026-01-01T03:08:18Z
order_00011300,batch_0005,trader_0017,ETH-USD,BUY,2037.68,530,2026-01-01T03:08:19Z
order_00011301,batch_0005,trader_0005,ETH-USD,SELL,2136.08,365,2026-01-01T03:08:20Z
order_00011302,batch_0005,trader_0021,ETH-USD,SELL,2177.65,695,2026-01-01T03:08:21Z
order_00011303,batch_0005,trader_0008,ETH-USD,BUY,1886.38,314,2026-01-01T03:08:22Z
order_00011304,batch_0005,trader_0005,ETH-USD,SELL,1960.86,120,2026-01-01T03:08:23Z
order_00011305,batch_0005,trader_0016,ETH-USD,BUY,2083.42,793,2026-01-01T03:08:24Z
order_00011306,batch_0005,trader_0014,ETH-USD,SELL,1852.96,383,2026-01-01T03:08:25Z
order_00011307,batch_0005,trader_0002,ETH-USD,BUY,2178.86,297,2026-01-01T03:08:26Z
order_00011308,batch_0005,trader_0007,ETH-USD,BUY,1839.46,759,2026-01-01T03:08:27Z
order_00011309,batch_0005,trader_0011,ETH-USD,BUY,1827.8,536,2026-01-01T03:08:28Z
order_00011310,batch_0005,trader_0003,ETH-USD,BUY,2059.01,855,2026-01-01T03:08:29Z
order_00011311,batch_0005,trader_0009,ETH-USD,BUY,1994.99,250,2026-01-01T03:08:30Z
order_00011312,batch_0005,trader_0017,ETH-USD,BUY,2151.67,850,2026-01-01T03:08:31Z
order_00011313,batch_0005,trader_0007,ETH-USD,BUY,1888.09,628,2026-01-01T03:08:32Z
order_00011314,batch_0005,trader_0008,ETH-USD,SELL,2191.23,782,2026-01-01T03:08:33Z
order_00011315,batch_0005,trader_0013,ETH-USD,SELL,2096.2,139,2026-01-01T03:08:34Z
order_00011316,batch_0005,trader_0012,ETH-USD,BUY,2014.92,670,2026-01-01T03:08:35Z
order_00011317,batch_0005,trader_0015,ETH-USD,BUY,2122.32,615,2026-01-01T03:08:36Z
order_00011318,batch_0005,trader_0001,ETH-USD,SELL,2081.93,298,2026-01-01T03:08:37Z
order_00011319,batch_0005,trader_0020,ETH-USD,BUY,2047.76,261,2026-01-01T03:08:38Z
order_00011320,batch_0005,trader_0011,ETH-USD,BUY,1921.83,738,2026-01-01T03:08:39Z
order_00011321,batch_0005,trader_0021,ETH-USD,BUY,1880.68,502,2026-01-01T03:08:40Z
order_00011322,batch_0005,trader_0025,ETH-USD,BUY,1814.78,475,2026-01-01T03:08:41Z
order_00011323,batch_0005,trader_0014,ETH-USD,SELL,1815.94,631,2026-01-01T03:08:42Z
order_00011324,batch_0005,trader_0012,ETH-USD,BUY,2041.26,70,2026-01-01T03:08:43Z
order_00011325,batch_0005,trader_0011,ETH-USD,SELL,2190.66,399,2026-01-01T03:08:44Z
order_00011326,batch_0005,trader_0020,ETH-USD,SELL,1980.29,969,2026-01-01T03:08:45Z
order_00011327,batch_0005,trader_0022,ETH-USD,BUY,2171.79,799,2026-01-01T03:08:46Z
order_00011328,batch_0005,trader_0011,ETH-USD,BUY,1900.33,704,2026-01-01T03:08:47Z
order_00011329,batch_0005,trader_0018,ETH-USD,BUY,2158.81,931,2026-01-01T03:08:48Z
order_00011330,batch_0005,trader_0002,ETH-USD,SELL,2032.22,747,2026-01-01T03:08:49Z
order_00011331,batch_0005,trader_0004,ETH-USD,SELL,1808.07,764,2026-01-01T03:08:50Z
order_00011332,batch_0005,trader_0011,ETH-USD,SELL,2186.55,509,2026-01-01T03:08:51Z
order_00011333,batch_0005,trader_0007,ETH-USD,BUY,1911.17,655,2026-01-01T03:08:52Z
order_00011334,batch_0005,trader_0006,ETH-USD,BUY,2085.36,877,2026-01-01T03:08:53Z
order_00011335,batch_0005,trader_0022,ETH-USD,SELL,2073.88,920,2026-01-01T03:08:54Z
order_00011336,batch_0005,trader_0003,ETH-USD,SELL,2064.7,468,2026-01-01T03:08:55Z
order_00011337,batch_0005,trader_0019,ETH-USD,SELL,2181.16,435,2026-01-01T03:08:56Z
order_00011338,batch_0005,trader_0015,ETH-USD,SELL,1928.11,397,2026-01-01T03:08:57Z
order_00011339,batch_0005,trader_0025,ETH-USD,BUY,1898.9,421,2026-01-01T03:08:58Z
order_00011340,batch_0005,trader_0011,ETH-USD,BUY,1905.48,33,2026-01-01T03:08:59Z
order_00011341,batch_0005,trader_0014,ETH-USD,BUY,2166.88,570,2026-01-01T03:09:00Z
order_00011342,batch_0005,trader_0005,ETH-USD,BUY,1844.15,935,2026-01-01T03:09:01Z
order_00011343,batch_0005,trader_0006,ETH-USD,BUY,1990.82,829,2026-01-01T03:09:02Z
order_00011344,batch_0005,trader_0005,ETH-USD,SELL,2021.29,69,2026-01-01T03:09:03Z
order_00011345,batch_0005,trader_0006,ETH-USD,SELL,2136.03,601,2026-01-01T03:09:04Z
order_00011346,batch_0005,trader_0021,ETH-USD,SELL,2024.88,777,2026-01-01T03:09:05Z
order_00011347,batch_0005,trader_0021,ETH-USD,SELL,1946.81,522,2026-01-01T03:09:06Z
order_00011348,batch_0005,trader_0019,ETH-USD,BUY,2182.11,592,2026-01-01T03:09:07Z
order_00011349,batch_0005,trader_0021,ETH-USD,BUY,1961.73,901,2026-01-01T03:09:08Z
order_00011350,batch_0005,trader_0012,ETH-USD,SELL,2087.62,103,2026-01-01T03:09:09Z
order_00011351,batch_0005,trader_0012,ETH-USD,SELL,2111.35,574,2026-01-01T03:09:10Z
order_00011352,batch_0005,trader_0023,ETH-USD,BUY,1890.76,731,2026-01-01T03:09:11Z
order_00011353,batch_0005,trader_0014,ETH-USD,SELL,1982.29,220,2026-01-01T03:09:12Z
order_00011354,batch_0005,trader_0019,ETH-USD,BUY,1928.35,543,2026-01-01T03:09:13Z
order_00011355,batch_0005,trader_0004,ETH-USD,BUY,1808.72,506,2026-01-01T03:09:14Z
order_00011356,batch_0005,trader_0009,ETH-USD,BUY,2133.84,638,2026-01-01T03:09:15Z
order_00011357,batch_0005,trader_0009,ETH-USD,SELL,2138.96,945,2026-01-01T03:09:16Z
order_00011358,batch_0005,trader_0024,ETH-USD,SELL,1801.91,3,2026-01-01T03:09:17Z
order_00011359,batch_0005,trader_0012,ETH-USD,SELL,2113.74,38,2026-01-01T03:09:18Z
order_00011360,batch_0005,trader_0004,ETH-USD,BUY,1895.38,153,2026-01-01T03:09:19Z
order_00011361,batch_0005,trader_0025,ETH-USD,BUY,1924.94,433,2026-01-01T03:09:20Z
order_00011362,batch_0005,trader_0016,ETH-USD,BUY,2196.74,788,2026-01-01T03:09:21Z
order_00011363,batch_0005,trader_0006,ETH-USD,BUY,2009.62,421,2026-01-01T03:09:22Z
order_00011364,batch_0005,trader_0011,ETH-USD,BUY,2001.32,576,2026-01-01T03:09:23Z
order_00011365,batch_0005,trader_0007,ETH-USD,SELL,1861.55,313,2026-01-01T03:09:24Z
order_00011366,batch_0005,trader_0023,ETH-USD,SELL,2197.96,265,2026-01-01T03:09:25Z
order_00011367,batch_0005,trader_0005,ETH-USD,BUY,2096.34,843,2026-01-01T03:09:26Z
order_00011368,batch_0005,trader_0021,ETH-USD,SELL,1845.96,384,2026-01-01T03:09:27Z
order_00011369,batch_0005,trader_0014,ETH-USD,SELL,2075.86,492,2026-01-01T03:09:28Z
order_00011370,batch_0005,trader_0009,ETH-USD,BUY,2150.82,844,2026-01-01T03:09:29Z
order_00011371,batch_0005,trader_0015,ETH-USD,BUY,1946.49,963,2026-01-01T03:09:30Z
order_00011372,batch_0005,trader_0022,ETH-USD,SELL,2191.35,720,2026-01-01T03:09:31Z
order_00011373,batch_0005,trader_0016,ETH-USD,SELL,2181.9,250,2026-01-01T03:09:32Z
order_00011374,batch_0005,trader_0023,ETH-USD,SELL,1823.94,933,2026-01-01T03:09:33Z
order_00011375,batch_0005,trader_0023,ETH-USD,BUY,2034.79,998,2026-01-01T03:09:34Z
order_00011376,batch_0005,trader_0002,ETH-USD,BUY,2085.58,664,2026-01-01T03:09:35Z
order_00011377,batch_0005,trader_0015,ETH-USD,SELL,2122.63,710,2026-01-01T03:09:36Z
order_00011378,batch_0005,trader_0013,ETH-USD,BUY,1878.02,332,2026-01-01T03:09:37Z
order_00011379,batch_0005,trader_0010,ETH-USD,BUY,1842.73,651,2026-01-01T03:09:38Z
order_00011380,batch_0005,trader_0002,ETH-USD,SELL,1808.01,718,2026-01-01T03:09:39Z
order_00011381,batch_0005,trader_0002,ETH-USD,SELL,1940.08,162,2026-01-01T03:09:40Z
order_00011382,batch_0005,trader_0004,ETH-USD,BUY,1880.39,124,2026-01-01T03:09:41Z
order_00011383,batch_0005,trader_0015,ETH-USD,BUY,2138.69,407,2026-01-01T03:09:42Z
order_00011384,batch_0005,trader_0001,ETH-USD,BUY,2110.56,492,2026-01-01T03:09:43Z
order_00011385,batch_0005,trader_0019,ETH-USD,BUY,2152.54,160,2026-01-01T03:09:44Z
order_00011386,batch_0005,trader_0004,ETH-USD,SELL,2075.41,753,2026-01-01T03:09:45Z
order_00011387,batch_0005,trader_0011,ETH-USD,BUY,2096.52,219,2026-01-01T03:09:46Z
order_00011388,batch_0005,trader_0010,ETH-USD,BUY,2118.7,895,2026-01-01T03:09:47Z
order_00011389,batch_0005,trader_0019,ETH-USD,BUY,1983.41,714,2026-01-01T03:09:48Z
order_00011390,batch_0005,trader_0010,ETH-USD,SELL,1809.41,939,2026-01-01T03:09:49Z
order_00011391,batch_0005,trader_0016,ETH-USD,BUY,2051.63,561,2026-01-01T03:09:50Z
order_00011392,batch_0005,trader_0005,ETH-USD,SELL,1984.74,417,2026-01-01T03:09:51Z
order_00011393,batch_0005,trader_0015,ETH-USD,SELL,2139.27,172,2026-01-01T03:09:52Z
order_00011394,batch_0005,trader_0008,ETH-USD,BUY,1939.1,756,2026-01-01T03:09:53Z
order_00011395,batch_0005,trader_0008,ETH-USD,SELL,2056.14,406,2026-01-01T03:09:54Z
order_00011396,batch_0005,trader_0014,ETH-USD,SELL,2004.11,327,2026-01-01T03:09:55Z
order_00011397,batch_0005,trader_0014,ETH-USD,BUY,1850.44,495,2026-01-01T03:09:56Z
order_00011398,batch_0005,trader_0015,ETH-USD,BUY,1953.58,290,2026-01-01T03:09:57Z
order_00011399,batch_0005,trader_0021,ETH-USD,SELL,1863.03,525,2026-01-01T03:09:58Z
order_00011400,batch_0005,trader_0001,ETH-USD,BUY,1974.33,210,2026-01-01T03:09:59Z
order_00011401,batch_0005,trader_0023,ETH-USD,BUY,1843.0,930,2026-01-01T03:10:00Z
order_00011402,batch_0005,trader_0006,ETH-USD,SELL,1813.13,360,2026-01-01T03:10:01Z
order_00011403,batch_0005,trader_0001,ETH-USD,BUY,1895.02,67,2026-01-01T03:10:02Z
order_00011404,batch_0005,trader_0008,ETH-USD,SELL,2196.28,892,2026-01-01T03:10:03Z
order_00011405,batch_0005,trader_0025,ETH-USD,BUY,1861.89,139,2026-01-01T03:10:04Z
order_00011406,batch_0005,trader_0014,ETH-USD,SELL,2125.58,836,2026-01-01T03:10:05Z
order_00011407,batch_0005,trader_0011,ETH-USD,BUY,1962.38,446,2026-01-01T03:10:06Z
order_00011408,batch_0005,trader_0024,ETH-USD,BUY,1929.73,5,2026-01-01T03:10:07Z
order_00011409,batch_0005,trader_0021,ETH-USD,SELL,1862.71,285,2026-01-01T03:10:08Z
order_00011410,batch_0005,trader_0019,ETH-USD,BUY,1964.75,884,2026-01-01T03:10:09Z
order_00011411,batch_0005,trader_0006,ETH-USD,BUY,1889.47,343,2026-01-01T03:10:10Z
order_00011412,batch_0005,trader_0003,ETH-USD,SELL,2098.17,513,2026-01-01T03:10:11Z
order_00011413,batch_0005,trader_0018,ETH-USD,BUY,1804.81,682,2026-01-01T03:10:12Z
order_00011414,batch_0005,trader_0017,ETH-USD,SELL,2190.4,246,2026-01-01T03:10:13Z
order_00011415,batch_0005,trader_0006,ETH-USD,BUY,1981.23,341,2026-01-01T03:10:14Z
order_00011416,batch_0005,trader_0015,ETH-USD,BUY,2110.31,388,2026-01-01T03:10:15Z
order_00011417,batch_0005,trader_0021,ETH-USD,SELL,2174.15,776,2026-01-01T03:10:16Z
order_00011418,batch_0005,trader_0012,ETH-USD,SELL,1942.76,304,2026-01-01T03:10:17Z
order_00011419,batch_0005,trader_0001,ETH-USD,BUY,1926.12,113,2026-01-01T03:10:18Z
order_00011420,batch_0005,trader_0012,ETH-USD,BUY,1939.11,753,2026-01-01T03:10:19Z
order_00011421,batch_0005,trader_0006,ETH-USD,SELL,1945.67,9,2026-01-01T03:10:20Z
order_00011422,batch_0005,trader_0013,ETH-USD,SELL,1814.45,383,2026-01-01T03:10:21Z
order_00011423,batch_0005,trader_0010,ETH-USD,SELL,2119.14,911,2026-01-01T03:10:22Z
order_00011424,batch_0005,trader_0022,ETH-USD,BUY,1876.38,791,2026-01-01T03:10:23Z
order_00011425,batch_0005,trader_0023,ETH-USD,SELL,2140.35,858,2026-01-01T03:10:24Z
order_00011426,batch_0005,trader_0011,ETH-USD,SELL,2062.32,445,2026-01-01T03:10:25Z
order_00011427,batch_0005,trader_0013,ETH-USD,SELL,1860.19,612,2026-01-01T03:10:26Z
order_00011428,batch_0005,trader_0013,ETH-USD,BUY,1809.98,442,2026-01-01T03:10:27Z
order_00011429,batch_0005,trader_0003,ETH-USD,SELL,2066.2,343,2026-01-01T03:10:28Z
order_00011430,batch_0005,trader_0019,ETH-USD,BUY,2120.14,495,2026-01-01T03:10:29Z
order_00011431,batch_0005,trader_0012,ETH-USD,SELL,2077.91,458,2026-01-01T03:10:30Z
order_00011432,batch_0005,trader_0017,ETH-USD,BUY,1880.3,600,2026-01-01T03:10:31Z
order_00011433,batch_0005,trader_0006,ETH-USD,BUY,1887.15,343,2026-01-01T03:10:32Z
order_00011434,batch_0005,trader_0009,ETH-USD,BUY,1906.85,203,2026-01-01T03:10:33Z
order_00011435,batch_0005,trader_0001,ETH-USD,SELL,2011.98,343,2026-01-01T03:10:34Z
order_00011436,batch_0005,trader_0014,ETH-USD,SELL,2197.43,640,2026-01-01T03:10:35Z
order_00011437,batch_0005,trader_0009,ETH-USD,SELL,1878.94,115,2026-01-01T03:10:36Z
order_00011438,batch_0005,trader_0022,ETH-USD,BUY,1958.68,92,2026-01-01T03:10:37Z
order_00011439,batch_0005,trader_0023,ETH-USD,BUY,1859.48,328,2026-01-01T03:10:38Z
order_00011440,batch_0005,trader_0008,ETH-USD,SELL,2108.01,442,2026-01-01T03:10:39Z
order_00011441,batch_0005,trader_0022,ETH-USD,BUY,1851.0,145,2026-01-01T03:10:40Z
order_00011442,batch_0005,trader_0015,ETH-USD,SELL,2151.5,925,2026-01-01T03:10:41Z
order_00011443,batch_0005,trader_0001,ETH-USD,BUY,2004.02,693,2026-01-01T03:10:42Z
order_00011444,batch_0005,trader_0006,ETH-USD,BUY,2076.4,541,2026-01-01T03:10:43Z
order_00011445,batch_0005,trader_0018,ETH-USD,SELL,1828.92,454,2026-01-01T03:10:44Z
order_00011446,batch_0005,trader_0018,ETH-USD,SELL,2109.76,45,2026-01-01T03:10:45Z
order_00011447,batch_0005,trader_0008,ETH-USD,SELL,2063.32,991,2026-01-01T03:10:46Z
order_00011448,batch_0005,trader_0018,ETH-USD,BUY,2179.36,810,2026-01-01T03:10:47Z
order_00011449,batch_0005,trader_0024,ETH-USD,SELL,2145.81,940,2026-01-01T03:10:48Z
order_00011450,batch_0005,trader_0005,ETH-USD,SELL,1847.75,903,2026-01-01T03:10:49Z
order_00011451,batch_0005,trader_0025,ETH-USD,SELL,1843.99,528,2026-01-01T03:10:50Z
order_00011452,batch_0005,trader_0001,ETH-USD,SELL,1803.31,256,2026-01-01T03:10:51Z
order_00011453,batch_0005,trader_0018,ETH-USD,SELL,1929.45,19,2026-01-01T03:10:52Z
order_00011454,batch_0005,trader_0011,ETH-USD,SELL,2149.05,623,2026-01-01T03:10:53Z
order_00011455,batch_0005,trader_0002,ETH-USD,SELL,2195.7,931,2026-01-01T03:10:54Z
order_00011456,batch_0005,trader_0007,ETH-USD,SELL,1806.43,275,2026-01-01T03:10:55Z
order_00011457,batch_0005,trader_0002,ETH-USD,BUY,1810.06,860,2026-01-01T03:10:56Z
order_00011458,batch_0005,trader_0024,ETH-USD,SELL,1844.92,759,2026-01-01T03:10:57Z
order_00011459,batch_0005,trader_0023,ETH-USD,SELL,1950.66,348,2026-01-01T03:10:58Z
order_00011460,batch_0005,trader_0024,ETH-USD,BUY,2056.63,981,2026-01-01T03:10:59Z
order_00011461,batch_0005,trader_0019,ETH-USD,SELL,2124.14,443,2026-01-01T03:11:00Z
order_00011462,batch_0005,trader_0004,ETH-USD,SELL,1873.75,650,2026-01-01T03:11:01Z
order_00011463,batch_0005,trader_0023,ETH-USD,SELL,1838.89,71,2026-01-01T03:11:02Z
order_00011464,batch_0005,trader_0005,ETH-USD,BUY,1967.21,311,2026-01-01T03:11:03Z
order_00011465,batch_0005,trader_0010,ETH-USD,SELL,1864.31,77,2026-01-01T03:11:04Z
order_00011466,batch_0005,trader_0014,ETH-USD,SELL,1979.21,986,2026-01-01T03:11:05Z
order_00011467,batch_0005,trader_0005,ETH-USD,SELL,2002.29,148,2026-01-01T03:11:06Z
order_00011468,batch_0005,trader_0019,ETH-USD,SELL,2090.89,742,2026-01-01T03:11:07Z
order_00011469,batch_0005,trader_0006,ETH-USD,SELL,1958.62,195,2026-01-01T03:11:08Z
order_00011470,batch_0005,trader_0020,ETH-USD,BUY,2123.49,838,2026-01-01T03:11:09Z
order_00011471,batch_0005,trader_0009,ETH-USD,SELL,2113.37,574,2026-01-01T03:11:10Z
order_00011472,batch_0005,trader_0020,ETH-USD,SELL,2089.75,707,2026-01-01T03:11:11Z
order_00011473,batch_0005,trader_0019,ETH-USD,BUY,1955.52,177,2026-01-01T03:11:12Z
order_00011474,batch_0005,trader_0024,ETH-USD,BUY,1889.64,251,2026-01-01T03:11:13Z
order_00011475,batch_0005,trader_0014,ETH-USD,SELL,1973.09,763,2026-01-01T03:11:14Z
order_00011476,batch_0005,trader_0004,ETH-USD,SELL,1998.17,363,2026-01-01T03:11:15Z
order_00011477,batch_0005,trader_0017,ETH-USD,SELL,1941.77,401,2026-01-01T03:11:16Z
order_00011478,batch_0005,trader_0019,ETH-USD,SELL,1809.08,217,2026-01-01T03:11:17Z
order_00011479,batch_0005,trader_0008,ETH-USD,SELL,1822.94,870,2026-01-01T03:11:18Z
order_00011480,batch_0005,trader_0013,ETH-USD,SELL,2070.16,584,2026-01-01T03:11:19Z
order_00011481,batch_0005,trader_0012,ETH-USD,BUY,1959.17,103,2026-01-01T03:11:20Z
order_00011482,batch_0005,trader_0024,ETH-USD,BUY,1857.67,395,2026-01-01T03:11:21Z
order_00011483,batch_0005,trader_0007,ETH-USD,SELL,2151.0,578,2026-01-01T03:11:22Z
order_00011484,batch_0005,trader_0008,ETH-USD,SELL,2107.55,134,2026-01-01T03:11:23Z
order_00011485,batch_0005,trader_0024,ETH-USD,BUY,2197.29,152,2026-01-01T03:11:24Z
order_00011486,batch_0005,trader_0013,ETH-USD,SELL,2166.98,566,2026-01-01T03:11:25Z
order_00011487,batch_0005,trader_0004,ETH-USD,BUY,1874.54,939,2026-01-01T03:11:26Z
order_00011488,batch_0005,trader_0012,ETH-USD,SELL,2146.56,686,2026-01-01T03:11:27Z
order_00011489,batch_0005,trader_0016,ETH-USD,SELL,2111.71,955,2026-01-01T03:11:28Z
order_00011490,batch_0005,trader_0017,ETH-USD,BUY,1958.74,558,2026-01-01T03:11:29Z
order_00011491,batch_0005,trader_0017,ETH-USD,SELL,1929.16,705,2026-01-01T03:11:30Z
order_00011492,batch_0005,trader_0002,ETH-USD,BUY,1924.92,252,2026-01-01T03:11:31Z
order_00011493,batch_0005,trader_0009,ETH-USD,SELL,1908.52,378,2026-01-01T03:11:32Z
order_00011494,batch_0005,trader_0017,ETH-USD,SELL,2055.63,692,2026-01-01T03:11:33Z
order_00011495,batch_0005,trader_0017,ETH-USD,SELL,2018.29,579,2026-01-01T03:11:34Z
order_00011496,batch_0005,trader_0020,ETH-USD,BUY,1806.07,177,2026-01-01T03:11:35Z
order_00011497,batch_0005,trader_0006,ETH-USD,BUY,2045.29,391,2026-01-01T03:11:36Z
order_00011498,batch_0005,trader_0005,ETH-USD,BUY,2039.16,938,2026-01-01T03:11:37Z
order_00011499,batch_0005,trader_0005,ETH-USD,SELL,2075.34,447,2026-01-01T03:11:38Z
order_00011500,batch_0005,trader_0006,ETH-USD,BUY,1894.38,552,2026-01-01T03:11:39Z
order_00011501,batch_0005,trader_0004,ETH-USD,BUY,2162.31,237,2026-01-01T03:11:40Z
order_00011502,batch_0005,trader_0023,ETH-USD,SELL,2095.81,628,2026-01-01T03:11:41Z
order_00011503,batch_0005,trader_0021,ETH-USD,SELL,2186.1,353,2026-01-01T03:11:42Z
order_00011504,batch_0005,trader_0024,ETH-USD,SELL,2024.41,856,2026-01-01T03:11:43Z
order_00011505,batch_0005,trader_0005,ETH-USD,SELL,1864.4,34,2026-01-01T03:11:44Z
order_00011506,batch_0005,trader_0015,ETH-USD,SELL,1835.17,19,2026-01-01T03:11:45Z
order_00011507,batch_0005,trader_0014,ETH-USD,BUY,2189.26,695,2026-01-01T03:11:46Z
order_00011508,batch_0005,trader_0001,ETH-USD,BUY,1945.14,304,2026-01-01T03:11:47Z
order_00011509,batch_0005,trader_0019,ETH-USD,BUY,2064.22,396,2026-01-01T03:11:48Z
order_00011510,batch_0005,trader_0012,ETH-USD,BUY,1889.28,466,2026-01-01T03:11:49Z
order_00011511,batch_0005,trader_0021,ETH-USD,SELL,1838.19,285,2026-01-01T03:11:50Z
order_00011512,batch_0005,trader_0001,ETH-USD,BUY,2048.51,253,2026-01-01T03:11:51Z
order_00011513,batch_0005,trader_0024,ETH-USD,SELL,2179.91,191,2026-01-01T03:11:52Z
order_00011514,batch_0005,trader_0022,ETH-USD,SELL,2011.44,847,2026-01-01T03:11:53Z
order_00011515,batch_0005,trader_0019,ETH-USD,SELL,1987.46,990,2026-01-01T03:11:54Z
order_00011516,batch_0005,trader_0021,ETH-USD,SELL,1969.82,910,2026-01-01T03:11:55Z
order_00011517,batch_0005,trader_0016,ETH-USD,BUY,1902.8,763,2026-01-01T03:11:56Z
order_00011518,batch_0005,trader_0023,ETH-USD,SELL,2100.46,140,2026-01-01T03:11:57Z
order_00011519,batch_0005,trader_0002,ETH-USD,SELL,2064.75,82,2026-01-01T03:11:58Z
order_00011520,batch_0005,trader_0009,ETH-USD,BUY,1892.18,565,2026-01-01T03:11:59Z
order_00011521,batch_0005,trader_0006,ETH-USD,BUY,2138.47,480,2026-01-01T03:12:00Z
order_00011522,batch_0005,trader_0018,ETH-USD,BUY,1833.97,812,2026-01-01T03:12:01Z
order_00011523,batch_0005,trader_0020,ETH-USD,BUY,1990.27,729,2026-01-01T03:12:02Z
order_00011524,batch_0005,trader_0024,ETH-USD,SELL,1888.68,660,2026-01-01T03:12:03Z
order_00011525,batch_0005,trader_0007,ETH-USD,SELL,1853.3,146,2026-01-01T03:12:04Z
order_00011526,batch_0005,trader_0005,ETH-USD,SELL,2046.39,964,2026-01-01T03:12:05Z
order_00011527,batch_0005,trader_0016,ETH-USD,BUY,2154.03,369,2026-01-01T03:12:06Z
order_00011528,batch_0005,trader_0015,ETH-USD,BUY,1872.58,789,2026-01-01T03:12:07Z
order_00011529,batch_0005,trader_0002,ETH-USD,BUY,2069.78,457,2026-01-01T03:12:08Z
order_00011530,batch_0005,trader_0017,ETH-USD,BUY,2063.35,110,2026-01-01T03:12:09Z
order_00011531,batch_0005,trader_0004,ETH-USD,SELL,1874.68,353,2026-01-01T03:12:10Z
order_00011532,batch_0005,trader_0014,ETH-USD,SELL,2010.53,289,2026-01-01T03:12:11Z
order_00011533,batch_0005,trader_0007,ETH-USD,SELL,2084.39,233,2026-01-01T03:12:12Z
order_00011534,batch_0005,trader_0023,ETH-USD,SELL,2130.84,597,2026-01-01T03:12:13Z
order_00011535,batch_0005,trader_0017,ETH-USD,SELL,2016.81,501,2026-01-01T03:12:14Z
order_00011536,batch_0005,trader_0001,ETH-USD,SELL,2124.53,181,2026-01-01T03:12:15Z
order_00011537,batch_0005,trader_0015,ETH-USD,SELL,2066.86,815,2026-01-01T03:12:16Z
order_00011538,batch_0005,trader_0019,ETH-USD,BUY,2050.34,705,2026-01-01T03:12:17Z
order_00011539,batch_0005,trader_0017,ETH-USD,SELL,1947.4,253,2026-01-01T03:12:18Z
order_00011540,batch_0005,trader_0016,ETH-USD,SELL,1978.83,319,2026-01-01T03:12:19Z
order_00011541,batch_0005,trader_0024,ETH-USD,BUY,2030.49,393,2026-01-01T03:12:20Z
order_00011542,batch_0005,trader_0017,ETH-USD,SELL,2035.9,699,2026-01-01T03:12:21Z
order_00011543,batch_0005,trader_0002,ETH-USD,BUY,2058.09,134,2026-01-01T03:12:22Z
order_00011544,batch_0005,trader_0010,ETH-USD,BUY,2173.48,997,2026-01-01T03:12:23Z
order_00011545,batch_0005,trader_0022,ETH-USD,BUY,1967.87,873,2026-01-01T03:12:24Z
order_00011546,batch_0005,trader_0010,ETH-USD,SELL,2036.82,486,2026-01-01T03:12:25Z
order_00011547,batch_0005,trader_0017,ETH-USD,BUY,2057.94,456,2026-01-01T03:12:26Z
order_00011548,batch_0005,trader_0025,ETH-USD,SELL,2007.93,70,2026-01-01T03:12:27Z
order_00011549,batch_0005,trader_0023,ETH-USD,SELL,1973.81,807,2026-01-01T03:12:28Z
order_00011550,batch_0005,trader_0008,ETH-USD,BUY,1831.37,942,2026-01-01T03:12:29Z
order_00011551,batch_0005,trader_0010,ETH-USD,SELL,2047.36,334,2026-01-01T03:12:30Z
order_00011552,batch_0005,trader_0019,ETH-USD,SELL,2191.26,336,2026-01-01T03:12:31Z
order_00011553,batch_0005,trader_0023,ETH-USD,BUY,1825.86,996,2026-01-01T03:12:32Z
order_00011554,batch_0005,trader_0008,ETH-USD,SELL,1975.29,767,2026-01-01T03:12:33Z
order_00011555,batch_0005,trader_0002,ETH-USD,SELL,2184.49,341,2026-01-01T03:12:34Z
order_00011556,batch_0005,trader_0016,ETH-USD,BUY,1984.25,288,2026-01-01T03:12:35Z
order_00011557,batch_0005,trader_0022,ETH-USD,BUY,1855.06,433,2026-01-01T03:12:36Z
order_00011558,batch_0005,trader_0013,ETH-USD,BUY,2112.78,938,2026-01-01T03:12:37Z
order_00011559,batch_0005,trader_0019,ETH-USD,SELL,1916.82,362,2026-01-01T03:12:38Z
order_00011560,batch_0005,trader_0015,ETH-USD,SELL,1997.39,899,2026-01-01T03:12:39Z
order_00011561,batch_0005,trader_0021,ETH-USD,SELL,1991.48,725,2026-01-01T03:12:40Z
order_00011562,batch_0005,trader_0005,ETH-USD,SELL,2146.05,830,2026-01-01T03:12:41Z
order_00011563,batch_0005,trader_0004,ETH-USD,BUY,2087.24,564,2026-01-01T03:12:42Z
order_00011564,batch_0005,trader_0009,ETH-USD,BUY,1838.97,31,2026-01-01T03:12:43Z
order_00011565,batch_0005,trader_0014,ETH-USD,BUY,1963.12,837,2026-01-01T03:12:44Z
order_00011566,batch_0005,trader_0003,ETH-USD,SELL,1872.88,405,2026-01-01T03:12:45Z
order_00011567,batch_0005,trader_0004,ETH-USD,BUY,2034.47,332,2026-01-01T03:12:46Z
order_00011568,batch_0005,trader_0025,ETH-USD,BUY,2106.89,597,2026-01-01T03:12:47Z
order_00011569,batch_0005,trader_0004,ETH-USD,BUY,1959.02,717,2026-01-01T03:12:48Z
order_00011570,batch_0005,trader_0001,ETH-USD,SELL,2068.28,804,2026-01-01T03:12:49Z
order_00011571,batch_0005,trader_0009,ETH-USD,SELL,1800.63,9,2026-01-01T03:12:50Z
order_00011572,batch_0005,trader_0016,ETH-USD,SELL,2005.94,362,2026-01-01T03:12:51Z
order_00011573,batch_0005,trader_0006,ETH-USD,SELL,1862.65,280,2026-01-01T03:12:52Z
order_00011574,batch_0005,trader_0010,ETH-USD,BUY,2159.92,690,2026-01-01T03:12:53Z
order_00011575,batch_0005,trader_0013,ETH-USD,SELL,2076.91,738,2026-01-01T03:12:54Z
order_00011576,batch_0005,trader_0020,ETH-USD,BUY,2063.69,721,2026-01-01T03:12:55Z
order_00011577,batch_0005,trader_0002,ETH-USD,BUY,1879.35,529,2026-01-01T03:12:56Z
order_00011578,batch_0005,trader_0004,ETH-USD,SELL,1845.99,354,2026-01-01T03:12:57Z
order_00011579,batch_0005,trader_0003,ETH-USD,SELL,2097.18,160,2026-01-01T03:12:58Z
order_00011580,batch_0005,trader_0009,ETH-USD,BUY,2145.86,223,2026-01-01T03:12:59Z
order_00011581,batch_0005,trader_0008,ETH-USD,BUY,1894.01,966,2026-01-01T03:13:00Z
order_00011582,batch_0005,trader_0015,ETH-USD,SELL,1949.26,475,2026-01-01T03:13:01Z
order_00011583,batch_0005,trader_0009,ETH-USD,SELL,1977.71,510,2026-01-01T03:13:02Z
order_00011584,batch_0005,trader_0013,ETH-USD,SELL,2128.31,806,2026-01-01T03:13:03Z
order_00011585,batch_0005,trader_0016,ETH-USD,SELL,1933.92,788,2026-01-01T03:13:04Z
order_00011586,batch_0005,trader_0001,ETH-USD,BUY,2066.25,212,2026-01-01T03:13:05Z
order_00011587,batch_0005,trader_0020,ETH-USD,BUY,2036.12,663,2026-01-01T03:13:06Z
order_00011588,batch_0005,trader_0016,ETH-USD,BUY,1988.12,2,2026-01-01T03:13:07Z
order_00011589,batch_0005,trader_0006,ETH-USD,BUY,2074.29,917,2026-01-01T03:13:08Z
order_00011590,batch_0005,trader_0014,ETH-USD,SELL,2182.23,31,2026-01-01T03:13:09Z
order_00011591,batch_0005,trader_0020,ETH-USD,BUY,2196.51,677,2026-01-01T03:13:10Z
order_00011592,batch_0005,trader_0013,ETH-USD,BUY,1905.68,863,2026-01-01T03:13:11Z
order_00011593,batch_0005,trader_0020,ETH-USD,BUY,2191.74,725,2026-01-01T03:13:12Z
order_00011594,batch_0005,trader_0016,ETH-USD,SELL,2067.4,853,2026-01-01T03:13:13Z
order_00011595,batch_0005,trader_0024,ETH-USD,BUY,2159.17,865,2026-01-01T03:13:14Z
order_00011596,batch_0005,trader_0006,ETH-USD,BUY,2100.28,123,2026-01-01T03:13:15Z
order_00011597,batch_0005,trader_0014,ETH-USD,BUY,1947.3,236,2026-01-01T03:13:16Z
order_00011598,batch_0005,trader_0024,ETH-USD,SELL,1897.99,830,2026-01-01T03:13:17Z
order_00011599,batch_0005,trader_0007,ETH-USD,BUY,1939.31,158,2026-01-01T03:13:18Z
order_00011600,batch_0005,trader_0012,ETH-USD,BUY,2166.86,868,2026-01-01T03:13:19Z
order_00011601,batch_0005,trader_0018,ETH-USD,SELL,1944.96,905,2026-01-01T03:13:20Z
order_00011602,batch_0005,trader_0016,ETH-USD,BUY,2155.78,754,2026-01-01T03:13:21Z
order_00011603,batch_0005,trader_0018,ETH-USD,BUY,1804.21,747,2026-01-01T03:13:22Z
order_00011604,batch_0005,trader_0016,ETH-USD,SELL,1822.15,765,2026-01-01T03:13:23Z
order_00011605,batch_0005,trader_0020,ETH-USD,BUY,1889.6,706,2026-01-01T03:13:24Z
order_00011606,batch_0005,trader_0009,ETH-USD,BUY,2136.45,473,2026-01-01T03:13:25Z
order_00011607,batch_0005,trader_0003,ETH-USD,SELL,2099.67,426,2026-01-01T03:13:26Z
order_00011608,batch_0005,trader_0020,ETH-USD,BUY,1835.27,388,2026-01-01T03:13:27Z
order_00011609,batch_0005,trader_0022,ETH-USD,SELL,2043.0,808,2026-01-01T03:13:28Z
order_00011610,batch_0005,trader_0025,ETH-USD,BUY,1894.61,955,2026-01-01T03:13:29Z
order_00011611,batch_0005,trader_0015,ETH-USD,SELL,2144.25,181,2026-01-01T03:13:30Z
order_00011612,batch_0005,trader_0008,ETH-USD,BUY,1919.25,715,2026-01-01T03:13:31Z
order_00011613,batch_0005,trader_0011,ETH-USD,SELL,1815.3,781,2026-01-01T03:13:32Z
order_00011614,batch_0005,trader_0013,ETH-USD,BUY,2134.74,620,2026-01-01T03:13:33Z
order_00011615,batch_0005,trader_0001,ETH-USD,SELL,1887.08,411,2026-01-01T03:13:34Z
order_00011616,batch_0005,trader_0005,ETH-USD,BUY,1880.34,404,2026-01-01T03:13:35Z
order_00011617,batch_0005,trader_0002,ETH-USD,SELL,2117.02,121,2026-01-01T03:13:36Z
order_00011618,batch_0005,trader_0002,ETH-USD,BUY,1955.54,80,2026-01-01T03:13:37Z
order_00011619,batch_0005,trader_0023,ETH-USD,BUY,2148.05,474,2026-01-01T03:13:38Z
order_00011620,batch_0005,trader_0017,ETH-USD,SELL,2148.44,57,2026-01-01T03:13:39Z
order_00011621,batch_0005,trader_0012,ETH-USD,BUY,2096.36,210,2026-01-01T03:13:40Z
order_00011622,batch_0005,trader_0023,ETH-USD,SELL,2101.5,914,2026-01-01T03:13:41Z
order_00011623,batch_0005,trader_0022,ETH-USD,SELL,2052.72,767,2026-01-01T03:13:42Z
order_00011624,batch_0005,trader_0006,ETH-USD,SELL,1966.25,619,2026-01-01T03:13:43Z
order_00011625,batch_0005,trader_0025,ETH-USD,BUY,2154.74,644,2026-01-01T03:13:44Z
order_00011626,batch_0005,trader_0018,ETH-USD,SELL,2032.3,325,2026-01-01T03:13:45Z
order_00011627,batch_0005,trader_0002,ETH-USD,BUY,1987.53,472,2026-01-01T03:13:46Z
order_00011628,batch_0005,trader_0019,ETH-USD,BUY,2006.73,306,2026-01-01T03:13:47Z
order_00011629,batch_0005,trader_0006,ETH-USD,SELL,1989.68,38,2026-01-01T03:13:48Z
order_00011630,batch_0005,trader_0020,ETH-USD,SELL,2042.06,943,2026-01-01T03:13:49Z
order_00011631,batch_0005,trader_0010,ETH-USD,SELL,1838.44,953,2026-01-01T03:13:50Z
order_00011632,batch_0005,trader_0016,ETH-USD,SELL,2189.58,188,2026-01-01T03:13:51Z
order_00011633,batch_0005,trader_0008,ETH-USD,BUY,1850.92,673,2026-01-01T03:13:52Z
order_00011634,batch_0005,trader_0007,ETH-USD,BUY,2130.15,713,2026-01-01T03:13:53Z
order_00011635,batch_0005,trader_0007,ETH-USD,SELL,2003.73,401,2026-01-01T03:13:54Z
order_00011636,batch_0005,trader_0006,ETH-USD,BUY,1968.28,269,2026-01-01T03:13:55Z
order_00011637,batch_0005,trader_0018,ETH-USD,BUY,2103.14,445,2026-01-01T03:13:56Z
order_00011638,batch_0005,trader_0003,ETH-USD,BUY,1999.89,369,2026-01-01T03:13:57Z
order_00011639,batch_0005,trader_0003,ETH-USD,SELL,2043.01,760,2026-01-01T03:13:58Z
order_00011640,batch_0005,trader_0021,ETH-USD,SELL,2080.15,177,2026-01-01T03:13:59Z
order_00011641,batch_0005,trader_0014,ETH-USD,BUY,2036.17,740,2026-01-01T03:14:00Z
order_00011642,batch_0005,trader_0012,ETH-USD,SELL,1974.29,485,2026-01-01T03:14:01Z
order_00011643,batch_0005,trader_0008,ETH-USD,BUY,1862.6,615,2026-01-01T03:14:02Z
order_00011644,batch_0005,trader_0023,ETH-USD,SELL,2153.16,371,2026-01-01T03:14:03Z
order_00011645,batch_0005,trader_0001,ETH-USD,SELL,1996.1,570,2026-01-01T03:14:04Z
order_00011646,batch_0005,trader_0001,ETH-USD,SELL,1974.87,920,2026-01-01T03:14:05Z
order_00011647,batch_0005,trader_0018,ETH-USD,SELL,2107.11,155,2026-01-01T03:14:06Z
order_00011648,batch_0005,trader_0008,ETH-USD,SELL,1870.93,731,2026-01-01T03:14:07Z
order_00011649,batch_0005,trader_0018,ETH-USD,SELL,2180.21,366,2026-01-01T03:14:08Z
order_00011650,batch_0005,trader_0004,ETH-USD,SELL,2044.99,540,2026-01-01T03:14:09Z
order_00011651,batch_0005,trader_0020,ETH-USD,BUY,1877.55,916,2026-01-01T03:14:10Z
order_00011652,batch_0005,trader_0006,ETH-USD,SELL,1993.77,308,2026-01-01T03:14:11Z
order_00011653,batch_0005,trader_0024,ETH-USD,BUY,1923.92,681,2026-01-01T03:14:12Z
order_00011654,batch_0005,trader_0012,ETH-USD,BUY,1910.79,423,2026-01-01T03:14:13Z
order_00011655,batch_0005,trader_0017,ETH-USD,BUY,2073.78,466,2026-01-01T03:14:14Z
order_00011656,batch_0005,trader_0004,ETH-USD,BUY,1803.92,777,2026-01-01T03:14:15Z
order_00011657,batch_0005,trader_0022,ETH-USD,SELL,1941.37,972,2026-01-01T03:14:16Z
order_00011658,batch_0005,trader_0018,ETH-USD,BUY,1819.65,560,2026-01-01T03:14:17Z
order_00011659,batch_0005,trader_0012,ETH-USD,BUY,2096.01,413,2026-01-01T03:14:18Z
order_00011660,batch_0005,trader_0018,ETH-USD,SELL,2071.06,766,2026-01-01T03:14:19Z
order_00011661,batch_0005,trader_0001,ETH-USD,BUY,1928.02,13,2026-01-01T03:14:20Z
order_00011662,batch_0005,trader_0018,ETH-USD,BUY,2161.79,576,2026-01-01T03:14:21Z
order_00011663,batch_0005,trader_0020,ETH-USD,SELL,1968.19,844,2026-01-01T03:14:22Z
order_00011664,batch_0005,trader_0016,ETH-USD,BUY,1904.0,990,2026-01-01T03:14:23Z
order_00011665,batch_0005,trader_0018,ETH-USD,BUY,1884.86,603,2026-01-01T03:14:24Z
order_00011666,batch_0005,trader_0014,ETH-USD,SELL,2019.22,748,2026-01-01T03:14:25Z
order_00011667,batch_0005,trader_0021,ETH-USD,BUY,1953.64,850,2026-01-01T03:14:26Z
order_00011668,batch_0005,trader_0008,ETH-USD,BUY,1932.2,782,2026-01-01T03:14:27Z
order_00011669,batch_0005,trader_0009,ETH-USD,BUY,1977.69,837,2026-01-01T03:14:28Z
order_00011670,batch_0005,trader_0007,ETH-USD,SELL,2189.63,419,2026-01-01T03:14:29Z
order_00011671,batch_0005,trader_0005,ETH-USD,SELL,2157.67,592,2026-01-01T03:14:30Z
order_00011672,batch_0005,trader_0014,ETH-USD,BUY,2172.54,887,2026-01-01T03:14:31Z
order_00011673,batch_0005,trader_0020,ETH-USD,SELL,2000.8,175,2026-01-01T03:14:32Z
order_00011674,batch_0005,trader_0007,ETH-USD,SELL,1800.21,354,2026-01-01T03:14:33Z
order_00011675,batch_0005,trader_0021,ETH-USD,BUY,2019.77,212,2026-01-01T03:14:34Z
order_00011676,batch_0005,trader_0002,ETH-USD,BUY,2194.78,296,2026-01-01T03:14:35Z
order_00011677,batch_0005,trader_0010,ETH-USD,BUY,1846.12,169,2026-01-01T03:14:36Z
order_00011678,batch_0005,trader_0009,ETH-USD,BUY,2053.36,931,2026-01-01T03:14:37Z
order_00011679,batch_0005,trader_0020,ETH-USD,BUY,1966.68,770,2026-01-01T03:14:38Z
order_00011680,batch_0005,trader_0014,ETH-USD,BUY,2056.64,931,2026-01-01T03:14:39Z
order_00011681,batch_0005,trader_0019,ETH-USD,BUY,1907.87,78,2026-01-01T03:14:40Z
order_00011682,batch_0005,trader_0014,ETH-USD,BUY,2190.6,242,2026-01-01T03:14:41Z
order_00011683,batch_0005,trader_0024,ETH-USD,BUY,2013.05,586,2026-01-01T03:14:42Z
order_00011684,batch_0005,trader_0018,ETH-USD,SELL,1845.94,595,2026-01-01T03:14:43Z
order_00011685,batch_0005,trader_0024,ETH-USD,BUY,1919.22,770,2026-01-01T03:14:44Z
order_00011686,batch_0005,trader_0020,ETH-USD,BUY,1945.94,447,2026-01-01T03:14:45Z
order_00011687,batch_0005,trader_0017,ETH-USD,BUY,2010.86,542,2026-01-01T03:14:46Z
order_00011688,batch_0005,trader_0020,ETH-USD,BUY,2002.39,307,2026-01-01T03:14:47Z
order_00011689,batch_0005,trader_0012,ETH-USD,SELL,2161.26,355,2026-01-01T03:14:48Z
order_00011690,batch_0005,trader_0021,ETH-USD,BUY,1845.29,251,2026-01-01T03:14:49Z
order_00011691,batch_0005,trader_0009,ETH-USD,SELL,2183.68,260,2026-01-01T03:14:50Z
order_00011692,batch_0005,trader_0013,ETH-USD,SELL,2040.37,741,2026-01-01T03:14:51Z
order_00011693,batch_0005,trader_0019,ETH-USD,BUY,1897.26,446,2026-01-01T03:14:52Z
order_00011694,batch_0005,trader_0016,ETH-USD,BUY,1991.56,348,2026-01-01T03:14:53Z
order_00011695,batch_0005,trader_0021,ETH-USD,BUY,1894.8,285,2026-01-01T03:14:54Z
order_00011696,batch_0005,trader_0009,ETH-USD,BUY,1888.9,146,2026-01-01T03:14:55Z
order_00011697,batch_0005,trader_0003,ETH-USD,SELL,1947.68,456,2026-01-01T03:14:56Z
order_00011698,batch_0005,trader_0018,ETH-USD,SELL,2048.34,940,2026-01-01T03:14:57Z
order_00011699,batch_0005,trader_0011,ETH-USD,SELL,2007.66,853,2026-01-01T03:14:58Z
order_00011700,batch_0005,trader_0018,ETH-USD,BUY,2148.19,607,2026-01-01T03:14:59Z
order_00011701,batch_0005,trader_0006,ETH-USD,SELL,1850.73,227,2026-01-01T03:15:00Z
order_00011702,batch_0005,trader_0001,ETH-USD,SELL,2055.7,42,2026-01-01T03:15:01Z
order_00011703,batch_0005,trader_0011,ETH-USD,SELL,2035.68,332,2026-01-01T03:15:02Z
order_00011704,batch_0005,trader_0008,ETH-USD,BUY,1845.32,758,2026-01-01T03:15:03Z
order_00011705,batch_0005,trader_0002,ETH-USD,BUY,1945.73,564,2026-01-01T03:15:04Z
order_00011706,batch_0005,trader_0008,ETH-USD,BUY,1826.86,581,2026-01-01T03:15:05Z
order_00011707,batch_0005,trader_0014,ETH-USD,BUY,1873.96,948,2026-01-01T03:15:06Z
order_00011708,batch_0005,trader_0016,ETH-USD,BUY,2095.75,674,2026-01-01T03:15:07Z
order_00011709,batch_0005,trader_0008,ETH-USD,BUY,1875.38,138,2026-01-01T03:15:08Z
order_00011710,batch_0005,trader_0025,ETH-USD,BUY,2164.11,905,2026-01-01T03:15:09Z
order_00011711,batch_0005,trader_0007,ETH-USD,SELL,1934.49,417,2026-01-01T03:15:10Z
order_00011712,batch_0005,trader_0023,ETH-USD,BUY,1877.9,811,2026-01-01T03:15:11Z
order_00011713,batch_0005,trader_0019,ETH-USD,BUY,1988.92,968,2026-01-01T03:15:12Z
order_00011714,batch_0005,trader_0006,ETH-USD,SELL,2028.13,21,2026-01-01T03:15:13Z
order_00011715,batch_0005,trader_0020,ETH-USD,SELL,2081.57,748,2026-01-01T03:15:14Z
order_00011716,batch_0005,trader_0018,ETH-USD,BUY,2010.14,1,2026-01-01T03:15:15Z
order_00011717,batch_0005,trader_0016,ETH-USD,BUY,1930.09,645,2026-01-01T03:15:16Z
order_00011718,batch_0005,trader_0025,ETH-USD,SELL,2020.81,881,2026-01-01T03:15:17Z
order_00011719,batch_0005,trader_0015,ETH-USD,SELL,2193.69,488,2026-01-01T03:15:18Z
order_00011720,batch_0005,trader_0019,ETH-USD,SELL,1899.02,436,2026-01-01T03:15:19Z
order_00011721,batch_0005,trader_0021,ETH-USD,SELL,1887.8,467,2026-01-01T03:15:20Z
order_00011722,batch_0005,trader_0014,ETH-USD,SELL,1898.9,743,2026-01-01T03:15:21Z
order_00011723,batch_0005,trader_0016,ETH-USD,SELL,1810.89,422,2026-01-01T03:15:22Z
order_00011724,batch_0005,trader_0011,ETH-USD,SELL,2001.3,511,2026-01-01T03:15:23Z
order_00011725,batch_0005,trader_0025,ETH-USD,SELL,1804.45,1000,2026-01-01T03:15:24Z
order_00011726,batch_0005,trader_0012,ETH-USD,BUY,1916.93,659,2026-01-01T03:15:25Z
order_00011727,batch_0005,trader_0020,ETH-USD,SELL,2081.7,455,2026-01-01T03:15:26Z
order_00011728,batch_0005,trader_0024,ETH-USD,BUY,2043.92,968,2026-01-01T03:15:27Z
order_00011729,batch_0005,trader_0022,ETH-USD,SELL,2096.17,792,2026-01-01T03:15:28Z
order_00011730,batch_0005,trader_0008,ETH-USD,BUY,1976.58,952,2026-01-01T03:15:29Z
order_00011731,batch_0005,trader_0013,ETH-USD,SELL,2179.83,707,2026-01-01T03:15:30Z
order_00011732,batch_0005,trader_0012,ETH-USD,BUY,2006.72,460,2026-01-01T03:15:31Z
order_00011733,batch_0005,trader_0020,ETH-USD,BUY,1806.28,244,2026-01-01T03:15:32Z
order_00011734,batch_0005,trader_0014,ETH-USD,BUY,2095.13,81,2026-01-01T03:15:33Z
order_00011735,batch_0005,trader_0011,ETH-USD,BUY,1983.53,70,2026-01-01T03:15:34Z
order_00011736,batch_0005,trader_0024,ETH-USD,BUY,2136.07,565,2026-01-01T03:15:35Z
order_00011737,batch_0005,trader_0021,ETH-USD,SELL,1865.84,453,2026-01-01T03:15:36Z
order_00011738,batch_0005,trader_0019,ETH-USD,BUY,2086.67,93,2026-01-01T03:15:37Z
order_00011739,batch_0005,trader_0022,ETH-USD,SELL,2021.23,868,2026-01-01T03:15:38Z
order_00011740,batch_0005,trader_0010,ETH-USD,BUY,2068.5,519,2026-01-01T03:15:39Z
order_00011741,batch_0005,trader_0025,ETH-USD,BUY,2084.74,338,2026-01-01T03:15:40Z
order_00011742,batch_0005,trader_0012,ETH-USD,BUY,2122.57,564,2026-01-01T03:15:41Z
order_00011743,batch_0005,trader_0021,ETH-USD,BUY,1935.49,402,2026-01-01T03:15:42Z
order_00011744,batch_0005,trader_0020,ETH-USD,BUY,2008.63,448,2026-01-01T03:15:43Z
order_00011745,batch_0005,trader_0024,ETH-USD,SELL,2107.77,35,2026-01-01T03:15:44Z
order_00011746,batch_0005,trader_0007,ETH-USD,SELL,1939.68,25,2026-01-01T03:15:45Z
order_00011747,batch_0005,trader_0015,ETH-USD,SELL,2042.4,419,2026-01-01T03:15:46Z
order_00011748,batch_0005,trader_0004,ETH-USD,BUY,1851.4,799,2026-01-01T03:15:47Z
order_00011749,batch_0005,trader_0015,ETH-USD,BUY,1896.93,561,2026-01-01T03:15:48Z
order_00011750,batch_0005,trader_0016,ETH-USD,SELL,2172.49,848,2026-01-01T03:15:49Z
order_00011751,batch_0005,trader_0008,ETH-USD,SELL,2174.75,534,2026-01-01T03:15:50Z
order_00011752,batch_0005,trader_0025,ETH-USD,BUY,2125.69,899,2026-01-01T03:15:51Z
order_00011753,batch_0005,trader_0024,ETH-USD,BUY,2191.41,296,2026-01-01T03:15:52Z
order_00011754,batch_0005,trader_0016,ETH-USD,SELL,1833.79,318,2026-01-01T03:15:53Z
order_00011755,batch_0005,trader_0014,ETH-USD,BUY,1801.01,248,2026-01-01T03:15:54Z
order_00011756,batch_0005,trader_0017,ETH-USD,SELL,1814.14,580,2026-01-01T03:15:55Z
order_00011757,batch_0005,trader_0018,ETH-USD,BUY,1813.34,221,2026-01-01T03:15:56Z
order_00011758,batch_0005,trader_0014,ETH-USD,BUY,2000.74,944,2026-01-01T03:15:57Z
order_00011759,batch_0005,trader_0004,ETH-USD,SELL,2006.36,782,2026-01-01T03:15:58Z
order_00011760,batch_0005,trader_0013,ETH-USD,BUY,1879.58,166,2026-01-01T03:15:59Z
order_00011761,batch_0005,trader_0013,ETH-USD,BUY,1965.51,683,2026-01-01T03:16:00Z
order_00011762,batch_0005,trader_0012,ETH-USD,BUY,2198.27,381,2026-01-01T03:16:01Z
order_00011763,batch_0005,trader_0024,ETH-USD,SELL,2113.86,460,2026-01-01T03:16:02Z
order_00011764,batch_0005,trader_0004,ETH-USD,SELL,1930.86,810,2026-01-01T03:16:03Z
order_00011765,batch_0005,trader_0025,ETH-USD,SELL,2177.38,327,2026-01-01T03:16:04Z
order_00011766,batch_0005,trader_0022,ETH-USD,SELL,1976.77,910,2026-01-01T03:16:05Z
order_00011767,batch_0005,trader_0006,ETH-USD,BUY,1917.47,13,2026-01-01T03:16:06Z
order_00011768,batch_0005,trader_0018,ETH-USD,BUY,2121.23,845,2026-01-01T03:16:07Z
order_00011769,batch_0005,trader_0003,ETH-USD,SELL,2000.88,756,2026-01-01T03:16:08Z
order_00011770,batch_0005,trader_0011,ETH-USD,BUY,2164.78,554,2026-01-01T03:16:09Z
order_00011771,batch_0005,trader_0016,ETH-USD,SELL,1884.49,155,2026-01-01T03:16:10Z
order_00011772,batch_0005,trader_0016,ETH-USD,SELL,1943.92,775,2026-01-01T03:16:11Z
order_00011773,batch_0005,trader_0005,ETH-USD,SELL,2010.56,48,2026-01-01T03:16:12Z
order_00011774,batch_0005,trader_0010,ETH-USD,BUY,1806.57,117,2026-01-01T03:16:13Z
order_00011775,batch_0005,trader_0024,ETH-USD,BUY,2115.68,61,2026-01-01T03:16:14Z
order_00011776,batch_0005,trader_0008,ETH-USD,SELL,1921.19,782,2026-01-01T03:16:15Z
order_00011777,batch_0005,trader_0022,ETH-USD,BUY,1805.51,389,2026-01-01T03:16:16Z
order_00011778,batch_0005,trader_0004,ETH-USD,BUY,2072.21,785,2026-01-01T03:16:17Z
order_00011779,batch_0005,trader_0013,ETH-USD,BUY,1946.69,651,2026-01-01T03:16:18Z
order_00011780,batch_0005,trader_0010,ETH-USD,SELL,1892.38,92,2026-01-01T03:16:19Z
order_00011781,batch_0005,trader_0021,ETH-USD,BUY,1976.18,283,2026-01-01T03:16:20Z
order_00011782,batch_0005,trader_0010,ETH-USD,BUY,1816.57,44,2026-01-01T03:16:21Z
order_00011783,batch_0005,trader_0021,ETH-USD,BUY,1813.57,309,2026-01-01T03:16:22Z
order_00011784,batch_0005,trader_0016,ETH-USD,SELL,1852.05,142,2026-01-01T03:16:23Z
order_00011785,batch_0005,trader_0020,ETH-USD,BUY,2156.73,896,2026-01-01T03:16:24Z
order_00011786,batch_0005,trader_0010,ETH-USD,SELL,2060.33,950,2026-01-01T03:16:25Z
order_00011787,batch_0005,trader_0011,ETH-USD,SELL,2049.53,316,2026-01-01T03:16:26Z
order_00011788,batch_0005,trader_0021,ETH-USD,BUY,2095.64,357,2026-01-01T03:16:27Z
order_00011789,batch_0005,trader_0022,ETH-USD,SELL,1816.29,969,2026-01-01T03:16:28Z
order_00011790,batch_0005,trader_0018,ETH-USD,BUY,1957.5,672,2026-01-01T03:16:29Z
order_00011791,batch_0005,trader_0006,ETH-USD,BUY,1994.9,300,2026-01-01T03:16:30Z
order_00011792,batch_0005,trader_0024,ETH-USD,BUY,2108.49,334,2026-01-01T03:16:31Z
order_00011793,batch_0005,trader_0008,ETH-USD,BUY,2009.59,40,2026-01-01T03:16:32Z
order_00011794,batch_0005,trader_0025,ETH-USD,BUY,2112.94,67,2026-01-01T03:16:33Z
order_00011795,batch_0005,trader_0009,ETH-USD,BUY,2067.15,659,2026-01-01T03:16:34Z
order_00011796,batch_0005,trader_0020,ETH-USD,BUY,2148.79,652,2026-01-01T03:16:35Z
order_00011797,batch_0005,trader_0023,ETH-USD,SELL,1962.79,728,2026-01-01T03:16:36Z
order_00011798,batch_0005,trader_0002,ETH-USD,BUY,1814.09,623,2026-01-01T03:16:37Z
order_00011799,batch_0005,trader_0019,ETH-USD,SELL,1942.79,267,2026-01-01T03:16:38Z
order_00011800,batch_0005,trader_0009,ETH-USD,SELL,2019.51,728,2026-01-01T03:16:39Z
order_00011801,batch_0005,trader_0018,ETH-USD,SELL,2160.88,894,2026-01-01T03:16:40Z
order_00011802,batch_0005,trader_0014,ETH-USD,SELL,2119.61,557,2026-01-01T03:16:41Z
order_00011803,batch_0005,trader_0004,ETH-USD,BUY,2136.87,170,2026-01-01T03:16:42Z
order_00011804,batch_0005,trader_0004,ETH-USD,BUY,2030.14,704,2026-01-01T03:16:43Z
order_00011805,batch_0005,trader_0017,ETH-USD,SELL,2025.85,53,2026-01-01T03:16:44Z
order_00011806,batch_0005,trader_0001,ETH-USD,SELL,1829.41,216,2026-01-01T03:16:45Z
order_00011807,batch_0005,trader_0013,ETH-USD,SELL,2187.44,514,2026-01-01T03:16:46Z
order_00011808,batch_0005,trader_0018,ETH-USD,SELL,2013.32,983,2026-01-01T03:16:47Z
order_00011809,batch_0005,trader_0021,ETH-USD,BUY,1807.13,915,2026-01-01T03:16:48Z
order_00011810,batch_0005,trader_0022,ETH-USD,SELL,2041.1,389,2026-01-01T03:16:49Z
order_00011811,batch_0005,trader_0004,ETH-USD,BUY,1945.93,99,2026-01-01T03:16:50Z
order_00011812,batch_0005,trader_0014,ETH-USD,BUY,1904.44,334,2026-01-01T03:16:51Z
order_00011813,batch_0005,trader_0008,ETH-USD,BUY,1947.88,158,2026-01-01T03:16:52Z
order_00011814,batch_0005,trader_0014,ETH-USD,BUY,1939.67,887,2026-01-01T03:16:53Z
order_00011815,batch_0005,trader_0017,ETH-USD,BUY,1960.97,452,2026-01-01T03:16:54Z
order_00011816,batch_0005,trader_0006,ETH-USD,BUY,2108.11,177,2026-01-01T03:16:55Z
order_00011817,batch_0005,trader_0012,ETH-USD,SELL,2154.55,967,2026-01-01T03:16:56Z
order_00011818,batch_0005,trader_0019,ETH-USD,SELL,2098.24,811,2026-01-01T03:16:57Z
order_00011819,batch_0005,trader_0002,ETH-USD,SELL,1912.04,501,2026-01-01T03:16:58Z
order_00011820,batch_0005,trader_0017,ETH-USD,SELL,2025.63,647,2026-01-01T03:16:59Z
order_00011821,batch_0005,trader_0008,ETH-USD,SELL,1847.89,463,2026-01-01T03:17:00Z
order_00011822,batch_0005,trader_0025,ETH-USD,SELL,2103.38,92,2026-01-01T03:17:01Z
order_00011823,batch_0005,trader_0009,ETH-USD,BUY,1969.72,956,2026-01-01T03:17:02Z
order_00011824,batch_0005,trader_0003,ETH-USD,BUY,2177.5,961,2026-01-01T03:17:03Z
order_00011825,batch_0005,trader_0015,ETH-USD,BUY,2108.0,931,2026-01-01T03:17:04Z
order_00011826,batch_0005,trader_0009,ETH-USD,BUY,1933.19,428,2026-01-01T03:17:05Z
order_00011827,batch_0005,trader_0014,ETH-USD,BUY,1947.99,108,2026-01-01T03:17:06Z
order_00011828,batch_0005,trader_0022,ETH-USD,BUY,1938.0,992,2026-01-01T03:17:07Z
order_00011829,batch_0005,trader_0014,ETH-USD,SELL,1857.37,649,2026-01-01T03:17:08Z
order_00011830,batch_0005,trader_0012,ETH-USD,SELL,2091.36,293,2026-01-01T03:17:09Z
order_00011831,batch_0005,trader_0019,ETH-USD,BUY,2069.27,676,2026-01-01T03:17:10Z
order_00011832,batch_0005,trader_0024,ETH-USD,SELL,2134.09,118,2026-01-01T03:17:11Z
order_00011833,batch_0005,trader_0020,ETH-USD,SELL,1817.81,572,2026-01-01T03:17:12Z
order_00011834,batch_0005,trader_0001,ETH-USD,SELL,1971.43,849,2026-01-01T03:17:13Z
order_00011835,batch_0005,trader_0007,ETH-USD,SELL,2019.03,831,2026-01-01T03:17:14Z
order_00011836,batch_0005,trader_0011,ETH-USD,BUY,1956.87,609,2026-01-01T03:17:15Z
order_00011837,batch_0005,trader_0016,ETH-USD,SELL,2159.58,320,2026-01-01T03:17:16Z
order_00011838,batch_0005,trader_0016,ETH-USD,SELL,2082.01,3,2026-01-01T03:17:17Z
order_00011839,batch_0005,trader_0014,ETH-USD,BUY,1848.43,693,2026-01-01T03:17:18Z
order_00011840,batch_0005,trader_0001,ETH-USD,BUY,2157.42,782,2026-01-01T03:17:19Z
order_00011841,batch_0005,trader_0007,ETH-USD,SELL,2077.52,446,2026-01-01T03:17:20Z
order_00011842,batch_0005,trader_0012,ETH-USD,BUY,1861.97,290,2026-01-01T03:17:21Z
order_00011843,batch_0005,trader_0005,ETH-USD,BUY,2022.79,89,2026-01-01T03:17:22Z
order_00011844,batch_0005,trader_0003,ETH-USD,SELL,2087.95,441,2026-01-01T03:17:23Z
order_00011845,batch_0005,trader_0023,ETH-USD,BUY,2175.54,262,2026-01-01T03:17:24Z
order_00011846,batch_0005,trader_0019,ETH-USD,BUY,2136.99,75,2026-01-01T03:17:25Z
order_00011847,batch_0005,trader_0021,ETH-USD,SELL,2171.89,280,2026-01-01T03:17:26Z
order_00011848,batch_0005,trader_0011,ETH-USD,BUY,2146.51,145,2026-01-01T03:17:27Z
order_00011849,batch_0005,trader_0017,ETH-USD,BUY,2161.05,412,2026-01-01T03:17:28Z
order_00011850,batch_0005,trader_0021,ETH-USD,SELL,2161.9,523,2026-01-01T03:17:29Z
order_00011851,batch_0005,trader_0001,ETH-USD,SELL,1868.77,945,2026-01-01T03:17:30Z
order_00011852,batch_0005,trader_0013,ETH-USD,BUY,1828.73,483,2026-01-01T03:17:31Z
order_00011853,batch_0005,trader_0022,ETH-USD,BUY,1813.05,315,2026-01-01T03:17:32Z
order_00011854,batch_0005,trader_0017,ETH-USD,BUY,1884.76,634,2026-01-01T03:17:33Z
order_00011855,batch_0005,trader_0005,ETH-USD,SELL,2113.21,751,2026-01-01T03:17:34Z
order_00011856,batch_0005,trader_0008,ETH-USD,BUY,1980.52,163,2026-01-01T03:17:35Z
order_00011857,batch_0005,trader_0015,ETH-USD,BUY,1850.15,420,2026-01-01T03:17:36Z
order_00011858,batch_0005,trader_0014,ETH-USD,SELL,1975.59,440,2026-01-01T03:17:37Z
order_00011859,batch_0005,trader_0017,ETH-USD,SELL,2164.61,344,2026-01-01T03:17:38Z
order_00011860,batch_0005,trader_0010,ETH-USD,SELL,2053.82,595,2026-01-01T03:17:39Z
order_00011861,batch_0005,trader_0021,ETH-USD,SELL,2187.81,551,2026-01-01T03:17:40Z
order_00011862,batch_0005,trader_0022,ETH-USD,SELL,1917.69,771,2026-01-01T03:17:41Z
order_00011863,batch_0005,trader_0020,ETH-USD,BUY,1915.81,589,2026-01-01T03:17:42Z
order_00011864,batch_0005,trader_0014,ETH-USD,SELL,1829.17,807,2026-01-01T03:17:43Z
order_00011865,batch_0005,trader_0006,ETH-USD,BUY,2153.93,653,2026-01-01T03:17:44Z
order_00011866,batch_0005,trader_0013,ETH-USD,SELL,2091.07,850,2026-01-01T03:17:45Z
order_00011867,batch_0005,trader_0020,ETH-USD,BUY,2083.73,267,2026-01-01T03:17:46Z
order_00011868,batch_0005,trader_0011,ETH-USD,SELL,2163.93,5,2026-01-01T03:17:47Z
order_00011869,batch_0005,trader_0015,ETH-USD,BUY,1969.08,665,2026-01-01T03:17:48Z
order_00011870,batch_0005,trader_0002,ETH-USD,SELL,2105.3,215,2026-01-01T03:17:49Z
order_00011871,batch_0005,trader_0023,ETH-USD,BUY,1849.38,407,2026-01-01T03:17:50Z
order_00011872,batch_0005,trader_0016,ETH-USD,SELL,2149.72,212,2026-01-01T03:17:51Z
order_00011873,batch_0005,trader_0010,ETH-USD,BUY,1936.62,16,2026-01-01T03:17:52Z
order_00011874,batch_0005,trader_0018,ETH-USD,BUY,2021.83,213,2026-01-01T03:17:53Z
order_00011875,batch_0005,trader_0011,ETH-USD,BUY,1840.72,205,2026-01-01T03:17:54Z
order_00011876,batch_0005,trader_0024,ETH-USD,SELL,2176.56,681,2026-01-01T03:17:55Z
order_00011877,batch_0005,trader_0013,ETH-USD,BUY,1842.16,17,2026-01-01T03:17:56Z
order_00011878,batch_0005,trader_0008,ETH-USD,BUY,1804.53,838,2026-01-01T03:17:57Z
order_00011879,batch_0005,trader_0004,ETH-USD,BUY,1823.33,551,2026-01-01T03:17:58Z
order_00011880,batch_0005,trader_0023,ETH-USD,SELL,2000.29,228,2026-01-01T03:17:59Z
order_00011881,batch_0005,trader_0012,ETH-USD,SELL,2057.78,630,2026-01-01T03:18:00Z
order_00011882,batch_0005,trader_0009,ETH-USD,SELL,1844.14,74,2026-01-01T03:18:01Z
order_00011883,batch_0005,trader_0019,ETH-USD,SELL,2157.64,685,2026-01-01T03:18:02Z
order_00011884,batch_0005,trader_0016,ETH-USD,BUY,1837.7,931,2026-01-01T03:18:03Z
order_00011885,batch_0005,trader_0011,ETH-USD,BUY,1834.63,829,2026-01-01T03:18:04Z
order_00011886,batch_0005,trader_0013,ETH-USD,SELL,1808.6,87,2026-01-01T03:18:05Z
order_00011887,batch_0005,trader_0006,ETH-USD,SELL,2000.04,13,2026-01-01T03:18:06Z
order_00011888,batch_0005,trader_0010,ETH-USD,BUY,1941.29,390,2026-01-01T03:18:07Z
order_00011889,batch_0005,trader_0021,ETH-USD,BUY,1856.46,974,2026-01-01T03:18:08Z
order_00011890,batch_0005,trader_0016,ETH-USD,BUY,1924.38,147,2026-01-01T03:18:09Z
order_00011891,batch_0005,trader_0011,ETH-USD,SELL,1852.73,620,2026-01-01T03:18:10Z
order_00011892,batch_0005,trader_0023,ETH-USD,BUY,2020.1,801,2026-01-01T03:18:11Z
order_00011893,batch_0005,trader_0021,ETH-USD,BUY,2157.5,982,2026-01-01T03:18:12Z
order_00011894,batch_0005,trader_0011,ETH-USD,BUY,2110.54,812,2026-01-01T03:18:13Z
order_00011895,batch_0005,trader_0002,ETH-USD,BUY,1850.15,426,2026-01-01T03:18:14Z
order_00011896,batch_0005,trader_0016,ETH-USD,SELL,1830.95,34,2026-01-01T03:18:15Z
order_00011897,batch_0005,trader_0021,ETH-USD,SELL,2032.77,912,2026-01-01T03:18:16Z
order_00011898,batch_0005,trader_0017,ETH-USD,BUY,2083.64,140,2026-01-01T03:18:17Z
order_00011899,batch_0005,trader_0016,ETH-USD,BUY,2199.53,578,2026-01-01T03:18:18Z
order_00011900,batch_0005,trader_0014,ETH-USD,SELL,2146.9,189,2026-01-01T03:18:19Z
order_00011901,batch_0005,trader_0002,ETH-USD,SELL,2173.11,429,2026-01-01T03:18:20Z
order_00011902,batch_0005,trader_0003,ETH-USD,SELL,1967.5,220,2026-01-01T03:18:21Z
order_00011903,batch_0005,trader_0022,ETH-USD,SELL,2172.0,571,2026-01-01T03:18:22Z
order_00011904,batch_0005,trader_0015,ETH-USD,SELL,1916.36,117,2026-01-01T03:18:23Z
order_00011905,batch_0005,trader_0002,ETH-USD,SELL,2194.26,483,2026-01-01T03:18:24Z
order_00011906,batch_0005,trader_0009,ETH-USD,SELL,1981.35,998,2026-01-01T03:18:25Z
order_00011907,batch_0005,trader_0020,ETH-USD,SELL,1807.16,593,2026-01-01T03:18:26Z
order_00011908,batch_0005,trader_0001,ETH-USD,BUY,2181.62,916,2026-01-01T03:18:27Z
order_00011909,batch_0005,trader_0024,ETH-USD,SELL,2138.21,350,2026-01-01T03:18:28Z
order_00011910,batch_0005,trader_0002,ETH-USD,SELL,1959.12,182,2026-01-01T03:18:29Z
order_00011911,batch_0005,trader_0021,ETH-USD,BUY,1870.91,648,2026-01-01T03:18:30Z
order_00011912,batch_0005,trader_0011,ETH-USD,SELL,1914.17,505,2026-01-01T03:18:31Z
order_00011913,batch_0005,trader_0023,ETH-USD,SELL,2049.48,460,2026-01-01T03:18:32Z
order_00011914,batch_0005,trader_0003,ETH-USD,SELL,2046.42,543,2026-01-01T03:18:33Z
order_00011915,batch_0005,trader_0004,ETH-USD,BUY,1891.36,473,2026-01-01T03:18:34Z
order_00011916,batch_0005,trader_0020,ETH-USD,SELL,1869.64,962,2026-01-01T03:18:35Z
order_00011917,batch_0005,trader_0019,ETH-USD,SELL,1869.17,213,2026-01-01T03:18:36Z
order_00011918,batch_0005,trader_0025,ETH-USD,BUY,1869.86,696,2026-01-01T03:18:37Z
order_00011919,batch_0005,trader_0019,ETH-USD,BUY,1844.85,39,2026-01-01T03:18:38Z
order_00011920,batch_0005,trader_0022,ETH-USD,SELL,1899.53,693,2026-01-01T03:18:39Z
order_00011921,batch_0005,trader_0025,ETH-USD,SELL,1918.3,915,2026-01-01T03:18:40Z
order_00011922,batch_0005,trader_0003,ETH-USD,SELL,1893.89,299,2026-01-01T03:18:41Z
order_00011923,batch_0005,trader_0012,ETH-USD,SELL,2114.96,412,2026-01-01T03:18:42Z
order_00011924,batch_0005,trader_0002,ETH-USD,SELL,2018.43,466,2026-01-01T03:18:43Z
order_00011925,batch_0005,trader_0019,ETH-USD,BUY,2132.46,645,2026-01-01T03:18:44Z
order_00011926,batch_0005,trader_0007,ETH-USD,BUY,2101.41,277,2026-01-01T03:18:45Z
order_00011927,batch_0005,trader_0008,ETH-USD,BUY,2134.33,614,2026-01-01T03:18:46Z
order_00011928,batch_0005,trader_0021,ETH-USD,BUY,1943.79,359,2026-01-01T03:18:47Z
order_00011929,batch_0005,trader_0011,ETH-USD,SELL,1806.83,664,2026-01-01T03:18:48Z
order_00011930,batch_0005,trader_0002,ETH-USD,SELL,1997.14,553,2026-01-01T03:18:49Z
order_00011931,batch_0005,trader_0015,ETH-USD,BUY,1999.92,760,2026-01-01T03:18:50Z
order_00011932,batch_0005,trader_0024,ETH-USD,SELL,2032.42,632,2026-01-01T03:18:51Z
order_00011933,batch_0005,trader_0004,ETH-USD,BUY,2115.82,455,2026-01-01T03:18:52Z
order_00011934,batch_0005,trader_0025,ETH-USD,SELL,2117.44,80,2026-01-01T03:18:53Z
order_00011935,batch_0005,trader_0001,ETH-USD,BUY,2082.65,602,2026-01-01T03:18:54Z
order_00011936,batch_0005,trader_0025,ETH-USD,BUY,1894.59,215,2026-01-01T03:18:55Z
order_00011937,batch_0005,trader_0009,ETH-USD,BUY,2032.27,431,2026-01-01T03:18:56Z
order_00011938,batch_0005,trader_0013,ETH-USD,BUY,1833.36,50,2026-01-01T03:18:57Z
order_00011939,batch_0005,trader_0007,ETH-USD,BUY,2047.23,908,2026-01-01T03:18:58Z
order_00011940,batch_0005,trader_0006,ETH-USD,SELL,1883.52,941,2026-01-01T03:18:59Z
order_00011941,batch_0005,trader_0006,ETH-USD,BUY,1973.91,959,2026-01-01T03:19:00Z
order_00011942,batch_0005,trader_0019,ETH-USD,SELL,1821.82,393,2026-01-01T03:19:01Z
order_00011943,batch_0005,trader_0005,ETH-USD,BUY,2097.3,398,2026-01-01T03:19:02Z
order_00011944,batch_0005,trader_0008,ETH-USD,SELL,2135.15,409,2026-01-01T03:19:03Z
order_00011945,batch_0005,trader_0002,ETH-USD,BUY,1837.8,389,2026-01-01T03:19:04Z
order_00011946,batch_0005,trader_0004,ETH-USD,SELL,1862.47,977,2026-01-01T03:19:05Z
order_00011947,batch_0005,trader_0015,ETH-USD,BUY,1834.29,487,2026-01-01T03:19:06Z
order_00011948,batch_0005,trader_0011,ETH-USD,BUY,2032.83,814,2026-01-01T03:19:07Z
order_00011949,batch_0005,trader_0011,ETH-USD,BUY,1900.02,757,2026-01-01T03:19:08Z
order_00011950,batch_0005,trader_0019,ETH-USD,SELL,2066.35,619,2026-01-01T03:19:09Z
order_00011951,batch_0005,trader_0023,ETH-USD,BUY,1829.44,568,2026-01-01T03:19:10Z
order_00011952,batch_0005,trader_0011,ETH-USD,BUY,2132.02,862,2026-01-01T03:19:11Z
order_00011953,batch_0005,trader_0008,ETH-USD,BUY,2119.17,452,2026-01-01T03:19:12Z
order_00011954,batch_0005,trader_0008,ETH-USD,SELL,2121.03,162,2026-01-01T03:19:13Z
order_00011955,batch_0005,trader_0014,ETH-USD,BUY,1834.81,378,2026-01-01T03:19:14Z
order_00011956,batch_0005,trader_0008,ETH-USD,BUY,1905.49,187,2026-01-01T03:19:15Z
order_00011957,batch_0005,trader_0006,ETH-USD,SELL,1860.03,29,2026-01-01T03:19:16Z
order_00011958,batch_0005,trader_0025,ETH-USD,SELL,2010.9,996,2026-01-01T03:19:17Z
order_00011959,batch_0005,trader_0014,ETH-USD,BUY,1821.73,101,2026-01-01T03:19:18Z
order_00011960,batch_0005,trader_0010,ETH-USD,BUY,1808.68,434,2026-01-01T03:19:19Z
order_00011961,batch_0005,trader_0015,ETH-USD,SELL,1877.31,991,2026-01-01T03:19:20Z
order_00011962,batch_0005,trader_0010,ETH-USD,BUY,1832.46,295,2026-01-01T03:19:21Z
order_00011963,batch_0005,trader_0016,ETH-USD,SELL,1988.33,377,2026-01-01T03:19:22Z
order_00011964,batch_0005,trader_0016,ETH-USD,BUY,1851.4,155,2026-01-01T03:19:23Z
order_00011965,batch_0005,trader_0016,ETH-USD,SELL,2171.99,640,2026-01-01T03:19:24Z
order_00011966,batch_0005,trader_0006,ETH-USD,SELL,2107.37,694,2026-01-01T03:19:25Z
order_00011967,batch_0005,trader_0015,ETH-USD,BUY,1926.36,125,2026-01-01T03:19:26Z
order_00011968,batch_0005,trader_0017,ETH-USD,SELL,2049.78,536,2026-01-01T03:19:27Z
order_00011969,batch_0005,trader_0024,ETH-USD,SELL,1846.14,732,2026-01-01T03:19:28Z
order_00011970,batch_0005,trader_0004,ETH-USD,SELL,1839.45,256,2026-01-01T03:19:29Z
order_00011971,batch_0005,trader_0003,ETH-USD,BUY,1845.33,981,2026-01-01T03:19:30Z
order_00011972,batch_0005,trader_0006,ETH-USD,BUY,1905.24,741,2026-01-01T03:19:31Z
order_00011973,batch_0005,trader_0012,ETH-USD,BUY,2000.3,826,2026-01-01T03:19:32Z
order_00011974,batch_0005,trader_0007,ETH-USD,SELL,1966.59,990,2026-01-01T03:19:33Z
order_00011975,batch_0005,trader_0015,ETH-USD,BUY,2174.09,689,2026-01-01T03:19:34Z
order_00011976,batch_0005,trader_0023,ETH-USD,BUY,1987.99,759,2026-01-01T03:19:35Z
order_00011977,batch_0005,trader_0001,ETH-USD,BUY,2156.54,588,2026-01-01T03:19:36Z
order_00011978,batch_0005,trader_0010,ETH-USD,SELL,2038.84,412,2026-01-01T03:19:37Z
order_00011979,batch_0005,trader_0018,ETH-USD,SELL,2061.86,326,2026-01-01T03:19:38Z
order_00011980,batch_0005,trader_0007,ETH-USD,BUY,2125.76,759,2026-01-01T03:19:39Z
order_00011981,batch_0005,trader_0003,ETH-USD,BUY,1848.9,915,2026-01-01T03:19:40Z
order_00011982,batch_0005,trader_0003,ETH-USD,SELL,2153.17,413,2026-01-01T03:19:41Z
order_00011983,batch_0005,trader_0021,ETH-USD,BUY,1841.71,397,2026-01-01T03:19:42Z
order_00011984,batch_0005,trader_0005,ETH-USD,SELL,1841.41,117,2026-01-01T03:19:43Z
order_00011985,batch_0005,trader_0003,ETH-USD,BUY,1888.66,546,2026-01-01T03:19:44Z
order_00011986,batch_0005,trader_0021,ETH-USD,SELL,2052.59,535,2026-01-01T03:19:45Z
order_00011987,batch_0005,trader_0008,ETH-USD,BUY,1811.85,167,2026-01-01T03:19:46Z
order_00011988,batch_0005,trader_0012,ETH-USD,SELL,2034.85,482,2026-01-01T03:19:47Z
order_00011989,batch_0005,trader_0001,ETH-USD,SELL,1903.81,433,2026-01-01T03:19:48Z
order_00011990,batch_0005,trader_0021,ETH-USD,BUY,2066.28,66,2026-01-01T03:19:49Z
order_00011991,batch_0005,trader_0005,ETH-USD,SELL,1926.88,933,2026-01-01T03:19:50Z
order_00011992,batch_0005,trader_0015,ETH-USD,SELL,1822.9,741,2026-01-01T03:19:51Z
order_00011993,batch_0005,trader_0010,ETH-USD,SELL,1859.42,983,2026-01-01T03:19:52Z
order_00011994,batch_0005,trader_0007,ETH-USD,BUY,2148.03,432,2026-01-01T03:19:53Z
order_00011995,batch_0005,trader_0022,ETH-USD,BUY,1869.01,706,2026-01-01T03:19:54Z
order_00011996,batch_0005,trader_0004,ETH-USD,SELL,1827.89,863,2026-01-01T03:19:55Z
order_00011997,batch_0005,trader_0010,ETH-USD,BUY,1926.84,485,2026-01-01T03:19:56Z
order_00011998,batch_0005,trader_0009,ETH-USD,SELL,1974.6,966,2026-01-01T03:19:57Z
order_00011999,batch_0005,trader_0008,ETH-USD,SELL,1858.34,541,2026-01-01T03:19:58Z
order_00012000,batch_0005,trader_0010,ETH-USD,SELL,2057.69,64,2026-01-01T03:19:59Z
order_00012001,batch_0005,trader_0014,ETH-USD,BUY,2118.64,76,2026-01-01T03:20:00Z
order_00012002,batch_0005,trader_0008,ETH-USD,SELL,1960.13,268,2026-01-01T03:20:01Z
order_00012003,batch_0005,trader_0012,ETH-USD,SELL,2176.56,973,2026-01-01T03:20:02Z
order_00012004,batch_0005,trader_0005,ETH-USD,BUY,1935.18,719,2026-01-01T03:20:03Z
order_00012005,batch_0005,trader_0013,ETH-USD,BUY,2075.78,942,2026-01-01T03:20:04Z
order_00012006,batch_0005,trader_0016,ETH-USD,BUY,2138.2,67,2026-01-01T03:20:05Z
order_00012007,batch_0005,trader_0025,ETH-USD,BUY,1929.9,264,2026-01-01T03:20:06Z
order_00012008,batch_0005,trader_0025,ETH-USD,SELL,2178.62,101,2026-01-01T03:20:07Z
order_00012009,batch_0005,trader_0001,ETH-USD,SELL,2117.0,595,2026-01-01T03:20:08Z
order_00012010,batch_0005,trader_0010,ETH-USD,BUY,1929.43,798,2026-01-01T03:20:09Z
order_00012011,batch_0005,trader_0016,ETH-USD,BUY,2152.66,708,2026-01-01T03:20:10Z
order_00012012,batch_0005,trader_0008,ETH-USD,SELL,2061.31,951,2026-01-01T03:20:11Z
order_00012013,batch_0005,trader_0024,ETH-USD,SELL,2056.31,298,2026-01-01T03:20:12Z
order_00012014,batch_0005,trader_0025,ETH-USD,SELL,2053.09,248,2026-01-01T03:20:13Z
order_00012015,batch_0005,trader_0020,ETH-USD,SELL,1998.55,970,2026-01-01T03:20:14Z
order_00012016,batch_0005,trader_0018,ETH-USD,SELL,2055.59,47,2026-01-01T03:20:15Z
order_00012017,batch_0005,trader_0011,ETH-USD,BUY,2073.8,856,2026-01-01T03:20:16Z
order_00012018,batch_0005,trader_0018,ETH-USD,BUY,1821.41,385,2026-01-01T03:20:17Z
order_00012019,batch_0005,trader_0001,ETH-USD,SELL,1890.97,540,2026-01-01T03:20:18Z
order_00012020,batch_0005,trader_0021,ETH-USD,BUY,2069.47,713,2026-01-01T03:20:19Z
order_00012021,batch_0005,trader_0016,ETH-USD,SELL,2055.49,285,2026-01-01T03:20:20Z
order_00012022,batch_0005,trader_0009,ETH-USD,BUY,1896.18,511,2026-01-01T03:20:21Z
order_00012023,batch_0005,trader_0021,ETH-USD,SELL,2194.29,381,2026-01-01T03:20:22Z
order_00012024,batch_0005,trader_0025,ETH-USD,SELL,1899.44,481,2026-01-01T03:20:23Z
order_00012025,batch_0005,trader_0014,ETH-USD,SELL,1837.51,36,2026-01-01T03:20:24Z
order_00012026,batch_0005,trader_0012,ETH-USD,SELL,1862.49,369,2026-01-01T03:20:25Z
order_00012027,batch_0005,trader_0023,ETH-USD,SELL,2066.3,79,2026-01-01T03:20:26Z
order_00012028,batch_0005,trader_0009,ETH-USD,BUY,1927.91,884,2026-01-01T03:20:27Z
order_00012029,batch_0005,trader_0016,ETH-USD,SELL,2025.4,815,2026-01-01T03:20:28Z
order_00012030,batch_0005,trader_0017,ETH-USD,BUY,2099.05,934,2026-01-01T03:20:29Z
order_00012031,batch_0005,trader_0023,ETH-USD,BUY,2022.8,408,2026-01-01T03:20:30Z
order_00012032,batch_0005,trader_0020,ETH-USD,BUY,1807.14,660,2026-01-01T03:20:31Z
order_00012033,batch_0005,trader_0024,ETH-USD,BUY,1808.5,579,2026-01-01T03:20:32Z
order_00012034,batch_0005,trader_0020,ETH-USD,SELL,1941.72,961,2026-01-01T03:20:33Z
order_00012035,batch_0005,trader_0017,ETH-USD,BUY,2028.21,944,2026-01-01T03:20:34Z
order_00012036,batch_0005,trader_0005,ETH-USD,BUY,1978.77,274,2026-01-01T03:20:35Z
order_00012037,batch_0005,trader_0007,ETH-USD,BUY,1819.85,518,2026-01-01T03:20:36Z
order_00012038,batch_0005,trader_0006,ETH-USD,SELL,2042.24,621,2026-01-01T03:20:37Z
order_00012039,batch_0005,trader_0004,ETH-USD,BUY,2175.96,437,2026-01-01T03:20:38Z
order_00012040,batch_0005,trader_0002,ETH-USD,BUY,2144.73,355,2026-01-01T03:20:39Z
order_00012041,batch_0005,trader_0021,ETH-USD,SELL,2089.47,739,2026-01-01T03:20:40Z
order_00012042,batch_0005,trader_0024,ETH-USD,SELL,1952.49,809,2026-01-01T03:20:41Z
order_00012043,batch_0005,trader_0020,ETH-USD,BUY,2156.78,662,2026-01-01T03:20:42Z
order_00012044,batch_0005,trader_0024,ETH-USD,BUY,2198.76,546,2026-01-01T03:20:43Z
order_00012045,batch_0005,trader_0007,ETH-USD,SELL,2000.92,404,2026-01-01T03:20:44Z
order_00012046,batch_0005,trader_0022,ETH-USD,BUY,1860.04,126,2026-01-01T03:20:45Z
order_00012047,batch_0005,trader_0011,ETH-USD,SELL,2174.62,472,2026-01-01T03:20:46Z
order_00012048,batch_0005,trader_0025,ETH-USD,SELL,2021.76,900,2026-01-01T03:20:47Z
order_00012049,batch_0005,trader_0003,ETH-USD,SELL,1883.87,165,2026-01-01T03:20:48Z
order_00012050,batch_0005,trader_0005,ETH-USD,BUY,1994.42,400,2026-01-01T03:20:49Z
order_00012051,batch_0005,trader_0007,ETH-USD,BUY,2076.05,845,2026-01-01T03:20:50Z
order_00012052,batch_0005,trader_0014,ETH-USD,SELL,2177.15,353,2026-01-01T03:20:51Z
order_00012053,batch_0005,trader_0023,ETH-USD,BUY,2075.63,180,2026-01-01T03:20:52Z
order_00012054,batch_0005,trader_0007,ETH-USD,BUY,1904.48,989,2026-01-01T03:20:53Z
order_00012055,batch_0005,trader_0023,ETH-USD,BUY,1998.72,179,2026-01-01T03:20:54Z
order_00012056,batch_0005,trader_0021,ETH-USD,BUY,1880.62,148,2026-01-01T03:20:55Z
order_00012057,batch_0005,trader_0009,ETH-USD,BUY,1996.03,717,2026-01-01T03:20:56Z
order_00012058,batch_0005,trader_0010,ETH-USD,BUY,1840.49,804,2026-01-01T03:20:57Z
order_00012059,batch_0005,trader_0006,ETH-USD,SELL,2043.68,13,2026-01-01T03:20:58Z
order_00012060,batch_0005,trader_0016,ETH-USD,BUY,1895.38,609,2026-01-01T03:20:59Z
order_00012061,batch_0005,trader_0015,ETH-USD,BUY,2059.79,379,2026-01-01T03:21:00Z
order_00012062,batch_0005,trader_0005,ETH-USD,BUY,2046.58,726,2026-01-01T03:21:01Z
order_00012063,batch_0005,trader_0019,ETH-USD,BUY,2065.0,881,2026-01-01T03:21:02Z
order_00012064,batch_0005,trader_0011,ETH-USD,BUY,2138.77,983,2026-01-01T03:21:03Z
order_00012065,batch_0005,trader_0001,ETH-USD,BUY,2161.53,891,2026-01-01T03:21:04Z
order_00012066,batch_0005,trader_0023,ETH-USD,SELL,1945.65,589,2026-01-01T03:21:05Z
order_00012067,batch_0005,trader_0016,ETH-USD,SELL,2018.96,701,2026-01-01T03:21:06Z
order_00012068,batch_0005,trader_0008,ETH-USD,SELL,2082.45,991,2026-01-01T03:21:07Z
order_00012069,batch_0005,trader_0016,ETH-USD,BUY,2113.48,688,2026-01-01T03:21:08Z
order_00012070,batch_0005,trader_0005,ETH-USD,BUY,1939.29,600,2026-01-01T03:21:09Z
order_00012071,batch_0005,trader_0014,ETH-USD,BUY,2050.74,739,2026-01-01T03:21:10Z
order_00012072,batch_0005,trader_0005,ETH-USD,SELL,2161.79,804,2026-01-01T03:21:11Z
order_00012073,batch_0005,trader_0004,ETH-USD,SELL,1895.74,88,2026-01-01T03:21:12Z
order_00012074,batch_0005,trader_0008,ETH-USD,BUY,2054.66,910,2026-01-01T03:21:13Z
order_00012075,batch_0005,trader_0016,ETH-USD,SELL,1842.76,52,2026-01-01T03:21:14Z
order_00012076,batch_0005,trader_0022,ETH-USD,BUY,2178.22,382,2026-01-01T03:21:15Z
order_00012077,batch_0005,trader_0019,ETH-USD,BUY,1904.05,890,2026-01-01T03:21:16Z
order_00012078,batch_0005,trader_0010,ETH-USD,BUY,2132.91,538,2026-01-01T03:21:17Z
order_00012079,batch_0005,trader_0007,ETH-USD,SELL,1841.44,898,2026-01-01T03:21:18Z
order_00012080,batch_0005,trader_0008,ETH-USD,BUY,1850.44,747,2026-01-01T03:21:19Z
order_00012081,batch_0005,trader_0016,ETH-USD,SELL,1813.35,929,2026-01-01T03:21:20Z
order_00012082,batch_0005,trader_0023,ETH-USD,SELL,2101.04,537,2026-01-01T03:21:21Z
order_00012083,batch_0005,trader_0025,ETH-USD,SELL,1823.69,486,2026-01-01T03:21:22Z
order_00012084,batch_0005,trader_0007,ETH-USD,SELL,2030.21,737,2026-01-01T03:21:23Z
order_00012085,batch_0005,trader_0016,ETH-USD,SELL,1841.93,854,2026-01-01T03:21:24Z
order_00012086,batch_0005,trader_0018,ETH-USD,BUY,2189.98,540,2026-01-01T03:21:25Z
order_00012087,batch_0005,trader_0016,ETH-USD,SELL,2007.67,982,2026-01-01T03:21:26Z
order_00012088,batch_0005,trader_0004,ETH-USD,SELL,1890.08,127,2026-01-01T03:21:27Z
order_00012089,batch_0005,trader_0006,ETH-USD,BUY,2096.24,970,2026-01-01T03:21:28Z
order_00012090,batch_0005,trader_0001,ETH-USD,BUY,1821.63,666,2026-01-01T03:21:29Z
order_00012091,batch_0005,trader_0015,ETH-USD,SELL,2038.42,830,2026-01-01T03:21:30Z
order_00012092,batch_0005,trader_0003,ETH-USD,BUY,2049.84,110,2026-01-01T03:21:31Z
order_00012093,batch_0005,trader_0009,ETH-USD,SELL,2017.38,863,2026-01-01T03:21:32Z
order_00012094,batch_0005,trader_0025,ETH-USD,SELL,2023.64,558,2026-01-01T03:21:33Z
order_00012095,batch_0005,trader_0015,ETH-USD,SELL,1801.25,554,2026-01-01T03:21:34Z
order_00012096,batch_0005,trader_0024,ETH-USD,SELL,1975.07,666,2026-01-01T03:21:35Z
order_00012097,batch_0005,trader_0008,ETH-USD,SELL,1849.32,557,2026-01-01T03:21:36Z
order_00012098,batch_0005,trader_0009,ETH-USD,SELL,1824.48,457,2026-01-01T03:21:37Z
order_00012099,batch_0005,trader_0012,ETH-USD,SELL,1867.62,406,2026-01-01T03:21:38Z
order_00012100,batch_0005,trader_0016,ETH-USD,BUY,1975.85,32,2026-01-01T03:21:39Z
order_00012101,batch_0005,trader_0008,ETH-USD,SELL,1806.21,16,2026-01-01T03:21:40Z
order_00012102,batch_0005,trader_0017,ETH-USD,SELL,2060.0,330,2026-01-01T03:21:41Z
order_00012103,batch_0005,trader_0009,ETH-USD,SELL,1881.79,875,2026-01-01T03:21:42Z
order_00012104,batch_0005,trader_0025,ETH-USD,SELL,2066.85,104,2026-01-01T03:21:43Z
order_00012105,batch_0005,trader_0006,ETH-USD,SELL,2022.16,684,2026-01-01T03:21:44Z
order_00012106,batch_0005,trader_0011,ETH-USD,SELL,1892.94,764,2026-01-01T03:21:45Z
order_00012107,batch_0005,trader_0018,ETH-USD,BUY,1854.51,953,2026-01-01T03:21:46Z
order_00012108,batch_0005,trader_0018,ETH-USD,BUY,2036.62,493,2026-01-01T03:21:47Z
order_00012109,batch_0005,trader_0016,ETH-USD,SELL,1936.24,985,2026-01-01T03:21:48Z
order_00012110,batch_0005,trader_0012,ETH-USD,SELL,1985.8,225,2026-01-01T03:21:49Z
order_00012111,batch_0005,trader_0008,ETH-USD,BUY,1840.13,302,2026-01-01T03:21:50Z
order_00012112,batch_0005,trader_0001,ETH-USD,BUY,1978.5,35,2026-01-01T03:21:51Z
order_00012113,batch_0005,trader_0016,ETH-USD,BUY,2072.43,427,2026-01-01T03:21:52Z
order_00012114,batch_0005,trader_0013,ETH-USD,BUY,2065.0,912,2026-01-01T03:21:53Z
order_00012115,batch_0005,trader_0004,ETH-USD,BUY,1893.17,928,2026-01-01T03:21:54Z
order_00012116,batch_0005,trader_0023,ETH-USD,SELL,2087.45,71,2026-01-01T03:21:55Z
order_00012117,batch_0005,trader_0019,ETH-USD,BUY,2195.68,107,2026-01-01T03:21:56Z
order_00012118,batch_0005,trader_0020,ETH-USD,BUY,1888.09,762,2026-01-01T03:21:57Z
order_00012119,batch_0005,trader_0007,ETH-USD,BUY,2090.56,211,2026-01-01T03:21:58Z
order_00012120,batch_0005,trader_0016,ETH-USD,BUY,1892.15,59,2026-01-01T03:21:59Z
order_00012121,batch_0005,trader_0025,ETH-USD,SELL,1986.6,996,2026-01-01T03:22:00Z
order_00012122,batch_0005,trader_0021,ETH-USD,SELL,2028.89,498,2026-01-01T03:22:01Z
order_00012123,batch_0005,trader_0018,ETH-USD,BUY,1839.01,425,2026-01-01T03:22:02Z
order_00012124,batch_0005,trader_0001,ETH-USD,SELL,1820.34,901,2026-01-01T03:22:03Z
order_00012125,batch_0005,trader_0005,ETH-USD,BUY,1948.43,942,2026-01-01T03:22:04Z
order_00012126,batch_0005,trader_0013,ETH-USD,BUY,2122.58,148,2026-01-01T03:22:05Z
order_00012127,batch_0005,trader_0023,ETH-USD,BUY,1979.51,277,2026-01-01T03:22:06Z
order_00012128,batch_0005,trader_0009,ETH-USD,BUY,1972.64,306,2026-01-01T03:22:07Z
order_00012129,batch_0005,trader_0011,ETH-USD,SELL,1858.97,250,2026-01-01T03:22:08Z
order_00012130,batch_0005,trader_0005,ETH-USD,BUY,2178.01,435,2026-01-01T03:22:09Z
order_00012131,batch_0005,trader_0023,ETH-USD,SELL,1809.63,621,2026-01-01T03:22:10Z
order_00012132,batch_0005,trader_0015,ETH-USD,SELL,2122.83,394,2026-01-01T03:22:11Z
order_00012133,batch_0005,trader_0015,ETH-USD,SELL,1851.75,123,2026-01-01T03:22:12Z
order_00012134,batch_0005,trader_0024,ETH-USD,SELL,2158.95,929,2026-01-01T03:22:13Z
order_00012135,batch_0005,trader_0022,ETH-USD,BUY,1990.67,354,2026-01-01T03:22:14Z
order_00012136,batch_0005,trader_0011,ETH-USD,SELL,2138.84,24,2026-01-01T03:22:15Z
order_00012137,batch_0005,trader_0018,ETH-USD,SELL,1928.33,719,2026-01-01T03:22:16Z
order_00012138,batch_0005,trader_0014,ETH-USD,BUY,2101.41,619,2026-01-01T03:22:17Z
order_00012139,batch_0005,trader_0024,ETH-USD,SELL,2175.02,820,2026-01-01T03:22:18Z
order_00012140,batch_0005,trader_0023,ETH-USD,BUY,1974.17,330,2026-01-01T03:22:19Z
order_00012141,batch_0005,trader_0018,ETH-USD,BUY,2078.81,762,2026-01-01T03:22:20Z
order_00012142,batch_0005,trader_0009,ETH-USD,SELL,2091.66,845,2026-01-01T03:22:21Z
order_00012143,batch_0005,trader_0011,ETH-USD,BUY,1813.45,190,2026-01-01T03:22:22Z
order_00012144,batch_0005,trader_0012,ETH-USD,BUY,2183.1,949,2026-01-01T03:22:23Z
order_00012145,batch_0005,trader_0012,ETH-USD,SELL,2157.42,998,2026-01-01T03:22:24Z
order_00012146,batch_0005,trader_0016,ETH-USD,SELL,1930.33,682,2026-01-01T03:22:25Z
order_00012147,batch_0005,trader_0006,ETH-USD,SELL,1803.85,288,2026-01-01T03:22:26Z
order_00012148,batch_0005,trader_0016,ETH-USD,BUY,1957.42,747,2026-01-01T03:22:27Z
order_00012149,batch_0005,trader_0022,ETH-USD,SELL,2094.53,616,2026-01-01T03:22:28Z
order_00012150,batch_0005,trader_0003,ETH-USD,BUY,2192.39,947,2026-01-01T03:22:29Z
order_00012151,batch_0005,trader_0003,ETH-USD,BUY,2145.64,264,2026-01-01T03:22:30Z
order_00012152,batch_0005,trader_0021,ETH-USD,BUY,1939.65,35,2026-01-01T03:22:31Z
order_00012153,batch_0005,trader_0001,ETH-USD,SELL,2052.03,397,2026-01-01T03:22:32Z
order_00012154,batch_0005,trader_0009,ETH-USD,SELL,1901.94,864,2026-01-01T03:22:33Z
order_00012155,batch_0005,trader_0009,ETH-USD,SELL,1923.73,368,2026-01-01T03:22:34Z
order_00012156,batch_0005,trader_0010,ETH-USD,BUY,1805.42,51,2026-01-01T03:22:35Z
order_00012157,batch_0005,trader_0009,ETH-USD,BUY,2085.28,300,2026-01-01T03:22:36Z
order_00012158,batch_0005,trader_0013,ETH-USD,SELL,2049.31,258,2026-01-01T03:22:37Z
order_00012159,batch_0005,trader_0018,ETH-USD,SELL,1918.28,217,2026-01-01T03:22:38Z
order_00012160,batch_0005,trader_0014,ETH-USD,SELL,1868.16,360,2026-01-01T03:22:39Z
order_00012161,batch_0005,trader_0020,ETH-USD,BUY,2020.64,917,2026-01-01T03:22:40Z
order_00012162,batch_0005,trader_0005,ETH-USD,BUY,1958.53,289,2026-01-01T03:22:41Z
order_00012163,batch_0005,trader_0007,ETH-USD,BUY,1824.21,433,2026-01-01T03:22:42Z
order_00012164,batch_0005,trader_0011,ETH-USD,SELL,1988.21,714,2026-01-01T03:22:43Z
order_00012165,batch_0005,trader_0004,ETH-USD,SELL,2195.1,92,2026-01-01T03:22:44Z
order_00012166,batch_0005,trader_0013,ETH-USD,BUY,1842.71,914,2026-01-01T03:22:45Z
order_00012167,batch_0005,trader_0002,ETH-USD,BUY,2063.15,698,2026-01-01T03:22:46Z
order_00012168,batch_0005,trader_0011,ETH-USD,SELL,1947.25,121,2026-01-01T03:22:47Z
order_00012169,batch_0005,trader_0011,ETH-USD,SELL,1896.11,316,2026-01-01T03:22:48Z
order_00012170,batch_0005,trader_0003,ETH-USD,SELL,2147.21,450,2026-01-01T03:22:49Z
order_00012171,batch_0005,trader_0014,ETH-USD,SELL,1828.46,263,2026-01-01T03:22:50Z
order_00012172,batch_0005,trader_0016,ETH-USD,SELL,2179.76,493,2026-01-01T03:22:51Z
order_00012173,batch_0005,trader_0013,ETH-USD,SELL,2088.69,994,2026-01-01T03:22:52Z
order_00012174,batch_0005,trader_0004,ETH-USD,SELL,2108.13,839,2026-01-01T03:22:53Z
order_00012175,batch_0005,trader_0008,ETH-USD,SELL,2184.97,708,2026-01-01T03:22:54Z
order_00012176,batch_0005,trader_0004,ETH-USD,SELL,2080.24,161,2026-01-01T03:22:55Z
order_00012177,batch_0005,trader_0006,ETH-USD,SELL,1988.72,412,2026-01-01T03:22:56Z
order_00012178,batch_0005,trader_0014,ETH-USD,BUY,1950.3,987,2026-01-01T03:22:57Z
order_00012179,batch_0005,trader_0013,ETH-USD,SELL,1917.01,943,2026-01-01T03:22:58Z
order_00012180,batch_0005,trader_0021,ETH-USD,SELL,1946.19,290,2026-01-01T03:22:59Z
order_00012181,batch_0005,trader_0009,ETH-USD,SELL,2103.64,925,2026-01-01T03:23:00Z
order_00012182,batch_0005,trader_0018,ETH-USD,SELL,2176.59,87,2026-01-01T03:23:01Z
order_00012183,batch_0005,trader_0003,ETH-USD,BUY,2157.89,521,2026-01-01T03:23:02Z
order_00012184,batch_0005,trader_0008,ETH-USD,SELL,2119.61,877,2026-01-01T03:23:03Z
order_00012185,batch_0005,trader_0024,ETH-USD,SELL,1850.8,648,2026-01-01T03:23:04Z
order_00012186,batch_0005,trader_0023,ETH-USD,SELL,2106.97,286,2026-01-01T03:23:05Z
order_00012187,batch_0005,trader_0019,ETH-USD,SELL,1862.85,728,2026-01-01T03:23:06Z
order_00012188,batch_0005,trader_0019,ETH-USD,BUY,1929.85,735,2026-01-01T03:23:07Z
order_00012189,batch_0005,trader_0010,ETH-USD,BUY,1906.46,880,2026-01-01T03:23:08Z
order_00012190,batch_0005,trader_0010,ETH-USD,SELL,2168.33,932,2026-01-01T03:23:09Z
order_00012191,batch_0005,trader_0010,ETH-USD,BUY,2029.77,6,2026-01-01T03:23:10Z
order_00012192,batch_0005,trader_0018,ETH-USD,BUY,2104.3,872,2026-01-01T03:23:11Z
order_00012193,batch_0005,trader_0019,ETH-USD,BUY,1893.85,415,2026-01-01T03:23:12Z
order_00012194,batch_0005,trader_0024,ETH-USD,BUY,1915.68,767,2026-01-01T03:23:13Z
order_00012195,batch_0005,trader_0001,ETH-USD,SELL,1997.73,516,2026-01-01T03:23:14Z
order_00012196,batch_0005,trader_0016,ETH-USD,SELL,2100.78,489,2026-01-01T03:23:15Z
order_00012197,batch_0005,trader_0016,ETH-USD,BUY,2069.43,654,2026-01-01T03:23:16Z
order_00012198,batch_0005,trader_0016,ETH-USD,BUY,2141.48,261,2026-01-01T03:23:17Z
order_00012199,batch_0005,trader_0011,ETH-USD,SELL,2012.45,464,2026-01-01T03:23:18Z
order_00012200,batch_0005,trader_0004,ETH-USD,BUY,1859.21,878,2026-01-01T03:23:19Z
order_00012201,batch_0005,trader_0004,ETH-USD,SELL,2015.21,876,2026-01-01T03:23:20Z
order_00012202,batch_0005,trader_0015,ETH-USD,BUY,2015.29,868,2026-01-01T03:23:21Z
order_00012203,batch_0005,trader_0014,ETH-USD,BUY,2122.69,446,2026-01-01T03:23:22Z
order_00012204,batch_0005,trader_0002,ETH-USD,BUY,1960.11,974,2026-01-01T03:23:23Z
order_00012205,batch_0005,trader_0020,ETH-USD,SELL,2035.33,84,2026-01-01T03:23:24Z
order_00012206,batch_0005,trader_0009,ETH-USD,BUY,1865.47,374,2026-01-01T03:23:25Z
order_00012207,batch_0005,trader_0020,ETH-USD,BUY,2063.13,591,2026-01-01T03:23:26Z
order_00012208,batch_0005,trader_0019,ETH-USD,BUY,1974.09,460,2026-01-01T03:23:27Z
order_00012209,batch_0005,trader_0017,ETH-USD,BUY,2138.73,951,2026-01-01T03:23:28Z
order_00012210,batch_0005,trader_0015,ETH-USD,SELL,2100.81,431,2026-01-01T03:23:29Z
order_00012211,batch_0005,trader_0012,ETH-USD,BUY,1810.46,120,2026-01-01T03:23:30Z
order_00012212,batch_0005,trader_0007,ETH-USD,SELL,2093.46,447,2026-01-01T03:23:31Z
order_00012213,batch_0005,trader_0022,ETH-USD,SELL,2036.49,752,2026-01-01T03:23:32Z
order_00012214,batch_0005,trader_0022,ETH-USD,SELL,1993.97,426,2026-01-01T03:23:33Z
order_00012215,batch_0005,trader_0016,ETH-USD,BUY,2114.04,285,2026-01-01T03:23:34Z
order_00012216,batch_0005,trader_0004,ETH-USD,SELL,2129.95,939,2026-01-01T03:23:35Z
order_00012217,batch_0005,trader_0015,ETH-USD,BUY,2121.98,364,2026-01-01T03:23:36Z
order_00012218,batch_0005,trader_0012,ETH-USD,SELL,1853.91,57,2026-01-01T03:23:37Z
order_00012219,batch_0005,trader_0003,ETH-USD,SELL,1807.31,768,2026-01-01T03:23:38Z
order_00012220,batch_0005,trader_0020,ETH-USD,BUY,1912.84,986,2026-01-01T03:23:39Z
order_00012221,batch_0005,trader_0020,ETH-USD,BUY,2132.29,656,2026-01-01T03:23:40Z
order_00012222,batch_0005,trader_0015,ETH-USD,SELL,2015.29,900,2026-01-01T03:23:41Z
order_00012223,batch_0005,trader_0021,ETH-USD,SELL,1948.08,136,2026-01-01T03:23:42Z
order_00012224,batch_0005,trader_0009,ETH-USD,BUY,2179.91,265,2026-01-01T03:23:43Z
order_00012225,batch_0005,trader_0011,ETH-USD,SELL,1907.63,563,2026-01-01T03:23:44Z
order_00012226,batch_0005,trader_0016,ETH-USD,SELL,2067.64,727,2026-01-01T03:23:45Z
order_00012227,batch_0005,trader_0022,ETH-USD,BUY,2175.81,854,2026-01-01T03:23:46Z
order_00012228,batch_0005,trader_0023,ETH-USD,BUY,2131.23,248,2026-01-01T03:23:47Z
order_00012229,batch_0005,trader_0011,ETH-USD,BUY,1801.29,189,2026-01-01T03:23:48Z
order_00012230,batch_0005,trader_0007,ETH-USD,BUY,2159.4,579,2026-01-01T03:23:49Z
order_00012231,batch_0005,trader_0016,ETH-USD,SELL,1979.73,703,2026-01-01T03:23:50Z
order_00012232,batch_0005,trader_0021,ETH-USD,SELL,1852.3,482,2026-01-01T03:23:51Z
order_00012233,batch_0005,trader_0013,ETH-USD,SELL,1857.16,794,2026-01-01T03:23:52Z
order_00012234,batch_0005,trader_0018,ETH-USD,SELL,2003.0,689,2026-01-01T03:23:53Z
order_00012235,batch_0005,trader_0019,ETH-USD,BUY,2086.96,970,2026-01-01T03:23:54Z
order_00012236,batch_0005,trader_0006,ETH-USD,SELL,2175.36,862,2026-01-01T03:23:55Z
order_00012237,batch_0005,trader_0013,ETH-USD,SELL,2193.01,661,2026-01-01T03:23:56Z
order_00012238,batch_0005,trader_0020,ETH-USD,BUY,2170.05,420,2026-01-01T03:23:57Z
order_00012239,batch_0005,trader_0025,ETH-USD,SELL,2054.49,807,2026-01-01T03:23:58Z
order_00012240,batch_0005,trader_0009,ETH-USD,BUY,2150.06,698,2026-01-01T03:23:59Z
order_00012241,batch_0005,trader_0020,ETH-USD,SELL,2161.79,657,2026-01-01T03:24:00Z
order_00012242,batch_0005,trader_0007,ETH-USD,SELL,2195.27,824,2026-01-01T03:24:01Z
order_00012243,batch_0005,trader_0016,ETH-USD,SELL,1822.65,48,2026-01-01T03:24:02Z
order_00012244,batch_0005,trader_0014,ETH-USD,SELL,2120.79,408,2026-01-01T03:24:03Z
order_00012245,batch_0005,trader_0025,ETH-USD,BUY,1998.29,490,2026-01-01T03:24:04Z
order_00012246,batch_0005,trader_0009,ETH-USD,BUY,1902.42,539,2026-01-01T03:24:05Z
order_00012247,batch_0005,trader_0019,ETH-USD,BUY,2197.5,431,2026-01-01T03:24:06Z
order_00012248,batch_0005,trader_0007,ETH-USD,SELL,1844.68,601,2026-01-01T03:24:07Z
order_00012249,batch_0005,trader_0001,ETH-USD,SELL,2032.78,439,2026-01-01T03:24:08Z
order_00012250,batch_0005,trader_0006,ETH-USD,SELL,1988.29,704,2026-01-01T03:24:09Z
order_00012251,batch_0005,trader_0004,ETH-USD,BUY,1937.71,181,2026-01-01T03:24:10Z
order_00012252,batch_0005,trader_0020,ETH-USD,BUY,1939.47,76,2026-01-01T03:24:11Z
order_00012253,batch_0005,trader_0017,ETH-USD,BUY,1992.14,64,2026-01-01T03:24:12Z
order_00012254,batch_0005,trader_0002,ETH-USD,BUY,1991.3,55,2026-01-01T03:24:13Z
order_00012255,batch_0005,trader_0025,ETH-USD,BUY,1878.67,65,2026-01-01T03:24:14Z
order_00012256,batch_0005,trader_0019,ETH-USD,SELL,2129.93,316,2026-01-01T03:24:15Z
order_00012257,batch_0005,trader_0016,ETH-USD,BUY,2178.78,214,2026-01-01T03:24:16Z
order_00012258,batch_0005,trader_0014,ETH-USD,BUY,2132.48,183,2026-01-01T03:24:17Z
order_00012259,batch_0005,trader_0025,ETH-USD,SELL,1870.24,734,2026-01-01T03:24:18Z
order_00012260,batch_0005,trader_0001,ETH-USD,BUY,1839.07,289,2026-01-01T03:24:19Z
order_00012261,batch_0005,trader_0021,ETH-USD,BUY,2069.1,389,2026-01-01T03:24:20Z
order_00012262,batch_0005,trader_0004,ETH-USD,BUY,2045.27,626,2026-01-01T03:24:21Z
order_00012263,batch_0005,trader_0010,ETH-USD,SELL,2028.95,179,2026-01-01T03:24:22Z
order_00012264,batch_0005,trader_0003,ETH-USD,BUY,1815.77,270,2026-01-01T03:24:23Z
order_00012265,batch_0005,trader_0015,ETH-USD,SELL,1862.28,556,2026-01-01T03:24:24Z
order_00012266,batch_0005,trader_0014,ETH-USD,SELL,1837.77,928,2026-01-01T03:24:25Z
order_00012267,batch_0005,trader_0003,ETH-USD,SELL,1939.55,605,2026-01-01T03:24:26Z
order_00012268,batch_0005,trader_0008,ETH-USD,SELL,2123.89,29,2026-01-01T03:24:27Z
order_00012269,batch_0005,trader_0002,ETH-USD,SELL,2099.74,928,2026-01-01T03:24:28Z
order_00012270,batch_0005,trader_0014,ETH-USD,SELL,2180.82,618,2026-01-01T03:24:29Z
order_00012271,batch_0005,trader_0005,ETH-USD,SELL,2031.87,662,2026-01-01T03:24:30Z
order_00012272,batch_0005,trader_0007,ETH-USD,BUY,2170.87,971,2026-01-01T03:24:31Z
order_00012273,batch_0005,trader_0012,ETH-USD,SELL,2088.4,213,2026-01-01T03:24:32Z
order_00012274,batch_0005,trader_0010,ETH-USD,SELL,2098.34,693,2026-01-01T03:24:33Z
order_00012275,batch_0005,trader_0013,ETH-USD,SELL,2000.36,543,2026-01-01T03:24:34Z
order_00012276,batch_0005,trader_0010,ETH-USD,BUY,1991.74,737,2026-01-01T03:24:35Z
order_00012277,batch_0005,trader_0002,ETH-USD,SELL,2111.19,646,2026-01-01T03:24:36Z
order_00012278,batch_0005,trader_0024,ETH-USD,SELL,2126.52,10,2026-01-01T03:24:37Z
order_00012279,batch_0005,trader_0005,ETH-USD,BUY,1989.96,460,2026-01-01T03:24:38Z
order_00012280,batch_0005,trader_0019,ETH-USD,SELL,2198.18,82,2026-01-01T03:24:39Z
order_00012281,batch_0005,trader_0012,ETH-USD,BUY,1960.41,77,2026-01-01T03:24:40Z
order_00012282,batch_0005,trader_0007,ETH-USD,BUY,1932.0,862,2026-01-01T03:24:41Z
order_00012283,batch_0005,trader_0005,ETH-USD,BUY,2046.96,455,2026-01-01T03:24:42Z
order_00012284,batch_0005,trader_0010,ETH-USD,BUY,2061.85,863,2026-01-01T03:24:43Z
order_00012285,batch_0005,trader_0023,ETH-USD,SELL,2004.41,720,2026-01-01T03:24:44Z
order_00012286,batch_0005,trader_0023,ETH-USD,BUY,2181.67,405,2026-01-01T03:24:45Z
order_00012287,batch_0005,trader_0008,ETH-USD,BUY,1994.97,725,2026-01-01T03:24:46Z
order_00012288,batch_0005,trader_0019,ETH-USD,SELL,2066.4,901,2026-01-01T03:24:47Z
order_00012289,batch_0005,trader_0006,ETH-USD,SELL,2037.81,882,2026-01-01T03:24:48Z
order_00012290,batch_0005,trader_0006,ETH-USD,SELL,1974.48,991,2026-01-01T03:24:49Z
order_00012291,batch_0005,trader_0018,ETH-USD,SELL,1902.84,492,2026-01-01T03:24:50Z
order_00012292,batch_0005,trader_0010,ETH-USD,BUY,1833.39,632,2026-01-01T03:24:51Z
order_00012293,batch_0005,trader_0006,ETH-USD,BUY,2081.98,389,2026-01-01T03:24:52Z
order_00012294,batch_0005,trader_0013,ETH-USD,SELL,2048.17,887,2026-01-01T03:24:53Z
order_00012295,batch_0005,trader_0004,ETH-USD,BUY,2099.74,855,2026-01-01T03:24:54Z
order_00012296,batch_0005,trader_0022,ETH-USD,SELL,1888.16,498,2026-01-01T03:24:55Z
order_00012297,batch_0005,trader_0001,ETH-USD,SELL,1807.3,145,2026-01-01T03:24:56Z
order_00012298,batch_0005,trader_0015,ETH-USD,BUY,2158.33,722,2026-01-01T03:24:57Z
order_00012299,batch_0005,trader_0020,ETH-USD,SELL,1827.62,581,2026-01-01T03:24:58Z
order_00012300,batch_0005,trader_0023,ETH-USD,SELL,1899.74,287,2026-01-01T03:24:59Z
order_00012301,batch_0005,trader_0006,ETH-USD,BUY,2195.35,58,2026-01-01T03:25:00Z
order_00012302,batch_0005,trader_0004,ETH-USD,BUY,2011.64,449,2026-01-01T03:25:01Z
order_00012303,batch_0005,trader_0012,ETH-USD,BUY,1888.81,406,2026-01-01T03:25:02Z
order_00012304,batch_0005,trader_0012,ETH-USD,BUY,2032.98,81,2026-01-01T03:25:03Z
order_00012305,batch_0005,trader_0001,ETH-USD,BUY,2064.69,65,2026-01-01T03:25:04Z
order_00012306,batch_0005,trader_0010,ETH-USD,SELL,1929.32,737,2026-01-01T03:25:05Z
order_00012307,batch_0005,trader_0003,ETH-USD,BUY,2137.34,454,2026-01-01T03:25:06Z
order_00012308,batch_0005,trader_0002,ETH-USD,SELL,1823.01,489,2026-01-01T03:25:07Z
order_00012309,batch_0005,trader_0022,ETH-USD,SELL,1826.24,734,2026-01-01T03:25:08Z
order_00012310,batch_0005,trader_0003,ETH-USD,SELL,2026.89,282,2026-01-01T03:25:09Z
order_00012311,batch_0005,trader_0001,ETH-USD,SELL,1943.78,462,2026-01-01T03:25:10Z
order_00012312,batch_0005,trader_0004,ETH-USD,SELL,1802.72,239,2026-01-01T03:25:11Z
order_00012313,batch_0005,trader_0015,ETH-USD,SELL,2199.29,718,2026-01-01T03:25:12Z
order_00012314,batch_0005,trader_0020,ETH-USD,BUY,1894.42,219,2026-01-01T03:25:13Z
order_00012315,batch_0005,trader_0003,ETH-USD,BUY,2063.59,649,2026-01-01T03:25:14Z
order_00012316,batch_0005,trader_0022,ETH-USD,SELL,1802.28,896,2026-01-01T03:25:15Z
order_00012317,batch_0005,trader_0014,ETH-USD,SELL,2026.27,297,2026-01-01T03:25:16Z
order_00012318,batch_0005,trader_0018,ETH-USD,BUY,2119.56,847,2026-01-01T03:25:17Z
order_00012319,batch_0005,trader_0006,ETH-USD,SELL,2167.74,162,2026-01-01T03:25:18Z
order_00012320,batch_0005,trader_0001,ETH-USD,SELL,2158.58,694,2026-01-01T03:25:19Z
order_00012321,batch_0005,trader_0017,ETH-USD,SELL,1830.94,426,2026-01-01T03:25:20Z
order_00012322,batch_0005,trader_0019,ETH-USD,BUY,2138.59,277,2026-01-01T03:25:21Z
order_00012323,batch_0005,trader_0021,ETH-USD,BUY,1821.2,413,2026-01-01T03:25:22Z
order_00012324,batch_0005,trader_0009,ETH-USD,BUY,2190.34,88,2026-01-01T03:25:23Z
order_00012325,batch_0005,trader_0009,ETH-USD,BUY,2088.75,556,2026-01-01T03:25:24Z
order_00012326,batch_0005,trader_0018,ETH-USD,SELL,1825.66,86,2026-01-01T03:25:25Z
order_00012327,batch_0005,trader_0002,ETH-USD,SELL,2197.56,32,2026-01-01T03:25:26Z
order_00012328,batch_0005,trader_0011,ETH-USD,SELL,1821.04,348,2026-01-01T03:25:27Z
order_00012329,batch_0005,trader_0004,ETH-USD,SELL,1828.02,945,2026-01-01T03:25:28Z
order_00012330,batch_0005,trader_0021,ETH-USD,SELL,2044.5,336,2026-01-01T03:25:29Z
order_00012331,batch_0005,trader_0016,ETH-USD,BUY,2185.65,851,2026-01-01T03:25:30Z
order_00012332,batch_0005,trader_0023,ETH-USD,BUY,1876.22,800,2026-01-01T03:25:31Z
order_00012333,batch_0005,trader_0025,ETH-USD,SELL,2170.78,816,2026-01-01T03:25:32Z
order_00012334,batch_0005,trader_0014,ETH-USD,BUY,2042.78,497,2026-01-01T03:25:33Z
order_00012335,batch_0005,trader_0017,ETH-USD,BUY,1902.67,336,2026-01-01T03:25:34Z
order_00012336,batch_0005,trader_0011,ETH-USD,SELL,1950.41,341,2026-01-01T03:25:35Z
order_00012337,batch_0005,trader_0006,ETH-USD,BUY,2134.96,9,2026-01-01T03:25:36Z
order_00012338,batch_0005,trader_0025,ETH-USD,BUY,2145.97,411,2026-01-01T03:25:37Z
order_00012339,batch_0005,trader_0022,ETH-USD,BUY,2150.69,605,2026-01-01T03:25:38Z
order_00012340,batch_0005,trader_0004,ETH-USD,SELL,1966.01,513,2026-01-01T03:25:39Z
order_00012341,batch_0005,trader_0009,ETH-USD,SELL,1996.81,779,2026-01-01T03:25:40Z
order_00012342,batch_0005,trader_0016,ETH-USD,SELL,2007.29,757,2026-01-01T03:25:41Z
order_00012343,batch_0005,trader_0010,ETH-USD,SELL,2117.33,112,2026-01-01T03:25:42Z
order_00012344,batch_0005,trader_0013,ETH-USD,SELL,2115.49,848,2026-01-01T03:25:43Z
order_00012345,batch_0005,trader_0003,ETH-USD,BUY,2022.54,988,2026-01-01T03:25:44Z
order_00012346,batch_0005,trader_0011,ETH-USD,SELL,2114.27,688,2026-01-01T03:25:45Z
order_00012347,batch_0005,trader_0006,ETH-USD,BUY,1816.82,502,2026-01-01T03:25:46Z
order_00012348,batch_0005,trader_0011,ETH-USD,BUY,2019.36,756,2026-01-01T03:25:47Z
order_00012349,batch_0005,trader_0010,ETH-USD,SELL,1908.33,269,2026-01-01T03:25:48Z
order_00012350,batch_0005,trader_0009,ETH-USD,BUY,2162.45,307,2026-01-01T03:25:49Z
order_00012351,batch_0005,trader_0009,ETH-USD,SELL,2189.17,640,2026-01-01T03:25:50Z
order_00012352,batch_0005,trader_0021,ETH-USD,SELL,1961.76,767,2026-01-01T03:25:51Z
order_00012353,batch_0005,trader_0012,ETH-USD,BUY,1824.23,552,2026-01-01T03:25:52Z
order_00012354,batch_0005,trader_0004,ETH-USD,SELL,1931.36,67,2026-01-01T03:25:53Z
order_00012355,batch_0005,trader_0014,ETH-USD,BUY,2004.72,686,2026-01-01T03:25:54Z
order_00012356,batch_0005,trader_0017,ETH-USD,SELL,1870.71,904,2026-01-01T03:25:55Z
order_00012357,batch_0005,trader_0015,ETH-USD,BUY,2178.95,633,2026-01-01T03:25:56Z
order_00012358,batch_0005,trader_0014,ETH-USD,BUY,1901.91,147,2026-01-01T03:25:57Z
order_00012359,batch_0005,trader_0010,ETH-USD,SELL,2001.96,682,2026-01-01T03:25:58Z
order_00012360,batch_0005,trader_0015,ETH-USD,BUY,2170.76,929,2026-01-01T03:25:59Z
order_00012361,batch_0005,trader_0015,ETH-USD,SELL,2015.59,676,2026-01-01T03:26:00Z
order_00012362,batch_0005,trader_0003,ETH-USD,SELL,1971.67,46,2026-01-01T03:26:01Z
order_00012363,batch_0005,trader_0019,ETH-USD,SELL,1970.37,226,2026-01-01T03:26:02Z
order_00012364,batch_0005,trader_0020,ETH-USD,BUY,2172.75,688,2026-01-01T03:26:03Z
order_00012365,batch_0005,trader_0014,ETH-USD,SELL,1987.01,806,2026-01-01T03:26:04Z
order_00012366,batch_0005,trader_0009,ETH-USD,SELL,1818.95,700,2026-01-01T03:26:05Z
order_00012367,batch_0005,trader_0011,ETH-USD,BUY,2113.37,471,2026-01-01T03:26:06Z
order_00012368,batch_0005,trader_0001,ETH-USD,BUY,1997.73,816,2026-01-01T03:26:07Z
order_00012369,batch_0005,trader_0012,ETH-USD,BUY,2148.28,852,2026-01-01T03:26:08Z
order_00012370,batch_0005,trader_0018,ETH-USD,SELL,2084.14,114,2026-01-01T03:26:09Z
order_00012371,batch_0005,trader_0016,ETH-USD,SELL,2159.65,6,2026-01-01T03:26:10Z
order_00012372,batch_0005,trader_0012,ETH-USD,SELL,2002.76,184,2026-01-01T03:26:11Z
order_00012373,batch_0005,trader_0021,ETH-USD,BUY,1841.06,448,2026-01-01T03:26:12Z
order_00012374,batch_0005,trader_0002,ETH-USD,BUY,1992.89,495,2026-01-01T03:26:13Z
order_00012375,batch_0005,trader_0003,ETH-USD,BUY,1852.49,500,2026-01-01T03:26:14Z
order_00012376,batch_0005,trader_0006,ETH-USD,SELL,2119.35,164,2026-01-01T03:26:15Z
order_00012377,batch_0005,trader_0004,ETH-USD,SELL,1919.76,239,2026-01-01T03:26:16Z
order_00012378,batch_0005,trader_0019,ETH-USD,BUY,2180.27,11,2026-01-01T03:26:17Z
order_00012379,batch_0005,trader_0015,ETH-USD,SELL,1944.95,114,2026-01-01T03:26:18Z
order_00012380,batch_0005,trader_0016,ETH-USD,SELL,1945.42,764,2026-01-01T03:26:19Z
order_00012381,batch_0005,trader_0015,ETH-USD,SELL,1969.13,201,2026-01-01T03:26:20Z
order_00012382,batch_0005,trader_0002,ETH-USD,SELL,2114.06,288,2026-01-01T03:26:21Z
order_00012383,batch_0005,trader_0006,ETH-USD,SELL,2030.49,695,2026-01-01T03:26:22Z
order_00012384,batch_0005,trader_0019,ETH-USD,SELL,1938.12,47,2026-01-01T03:26:23Z
order_00012385,batch_0005,trader_0015,ETH-USD,SELL,1914.63,828,2026-01-01T03:26:24Z
order_00012386,batch_0005,trader_0024,ETH-USD,SELL,1956.43,792,2026-01-01T03:26:25Z
order_00012387,batch_0005,trader_0003,ETH-USD,SELL,2015.8,882,2026-01-01T03:26:26Z
order_00012388,batch_0005,trader_0025,ETH-USD,BUY,1866.07,793,2026-01-01T03:26:27Z
order_00012389,batch_0005,trader_0007,ETH-USD,BUY,1824.33,133,2026-01-01T03:26:28Z
order_00012390,batch_0005,trader_0018,ETH-USD,BUY,1805.82,761,2026-01-01T03:26:29Z
order_00012391,batch_0005,trader_0022,ETH-USD,SELL,1943.07,153,2026-01-01T03:26:30Z
order_00012392,batch_0005,trader_0021,ETH-USD,BUY,2139.96,72,2026-01-01T03:26:31Z
order_00012393,batch_0005,trader_0013,ETH-USD,BUY,2094.09,49,2026-01-01T03:26:32Z
order_00012394,batch_0005,trader_0012,ETH-USD,SELL,1824.91,469,2026-01-01T03:26:33Z
order_00012395,batch_0005,trader_0020,ETH-USD,SELL,1940.7,634,2026-01-01T03:26:34Z
order_00012396,batch_0005,trader_0013,ETH-USD,BUY,1956.57,127,2026-01-01T03:26:35Z
order_00012397,batch_0005,trader_0005,ETH-USD,SELL,2082.11,447,2026-01-01T03:26:36Z
order_00012398,batch_0005,trader_0012,ETH-USD,SELL,2150.38,416,2026-01-01T03:26:37Z
order_00012399,batch_0005,trader_0024,ETH-USD,SELL,2169.48,407,2026-01-01T03:26:38Z
order_00012400,batch_0005,trader_0005,ETH-USD,BUY,2194.75,877,2026-01-01T03:26:39Z
order_00012401,batch_0005,trader_0013,ETH-USD,SELL,2192.33,250,2026-01-01T03:26:40Z
order_00012402,batch_0005,trader_0002,ETH-USD,SELL,2170.45,193,2026-01-01T03:26:41Z
order_00012403,batch_0005,trader_0009,ETH-USD,SELL,1930.49,183,2026-01-01T03:26:42Z
order_00012404,batch_0005,trader_0001,ETH-USD,BUY,2019.83,825,2026-01-01T03:26:43Z
order_00012405,batch_0005,trader_0015,ETH-USD,BUY,1807.34,275,2026-01-01T03:26:44Z
order_00012406,batch_0005,trader_0007,ETH-USD,SELL,1985.23,954,2026-01-01T03:26:45Z
order_00012407,batch_0005,trader_0018,ETH-USD,SELL,2059.78,928,2026-01-01T03:26:46Z
order_00012408,batch_0005,trader_0018,ETH-USD,BUY,2126.89,100,2026-01-01T03:26:47Z
order_00012409,batch_0005,trader_0004,ETH-USD,SELL,2155.51,652,2026-01-01T03:26:48Z
order_00012410,batch_0005,trader_0014,ETH-USD,SELL,2055.89,53,2026-01-01T03:26:49Z
order_00012411,batch_0005,trader_0010,ETH-USD,BUY,1917.15,553,2026-01-01T03:26:50Z
order_00012412,batch_0005,trader_0023,ETH-USD,SELL,2184.92,991,2026-01-01T03:26:51Z
order_00012413,batch_0005,trader_0001,ETH-USD,SELL,2025.43,810,2026-01-01T03:26:52Z
order_00012414,batch_0005,trader_0008,ETH-USD,SELL,1972.24,284,2026-01-01T03:26:53Z
order_00012415,batch_0005,trader_0023,ETH-USD,SELL,2134.62,321,2026-01-01T03:26:54Z
order_00012416,batch_0005,trader_0023,ETH-USD,BUY,2013.47,726,2026-01-01T03:26:55Z
order_00012417,batch_0005,trader_0002,ETH-USD,SELL,1998.6,644,2026-01-01T03:26:56Z
order_00012418,batch_0005,trader_0022,ETH-USD,BUY,2144.88,579,2026-01-01T03:26:57Z
order_00012419,batch_0005,trader_0001,ETH-USD,BUY,2049.53,382,2026-01-01T03:26:58Z
order_00012420,batch_0005,trader_0002,ETH-USD,BUY,2153.43,479,2026-01-01T03:26:59Z
order_00012421,batch_0005,trader_0018,ETH-USD,SELL,1925.95,970,2026-01-01T03:27:00Z
order_00012422,batch_0005,trader_0001,ETH-USD,SELL,1905.12,60,2026-01-01T03:27:01Z
order_00012423,batch_0005,trader_0001,ETH-USD,BUY,2011.91,671,2026-01-01T03:27:02Z
order_00012424,batch_0005,trader_0012,ETH-USD,BUY,1970.18,467,2026-01-01T03:27:03Z
order_00012425,batch_0005,trader_0025,ETH-USD,BUY,1801.75,193,2026-01-01T03:27:04Z
order_00012426,batch_0005,trader_0002,ETH-USD,BUY,2052.23,944,2026-01-01T03:27:05Z
order_00012427,batch_0005,trader_0018,ETH-USD,SELL,2158.01,122,2026-01-01T03:27:06Z
order_00012428,batch_0005,trader_0011,ETH-USD,SELL,2166.22,336,2026-01-01T03:27:07Z
order_00012429,batch_0005,trader_0017,ETH-USD,BUY,2161.16,215,2026-01-01T03:27:08Z
order_00012430,batch_0005,trader_0016,ETH-USD,SELL,1913.1,555,2026-01-01T03:27:09Z
order_00012431,batch_0005,trader_0006,ETH-USD,BUY,1863.97,392,2026-01-01T03:27:10Z
order_00012432,batch_0005,trader_0006,ETH-USD,SELL,1801.07,803,2026-01-01T03:27:11Z
order_00012433,batch_0005,trader_0012,ETH-USD,BUY,1873.51,230,2026-01-01T03:27:12Z
order_00012434,batch_0005,trader_0003,ETH-USD,SELL,2014.5,986,2026-01-01T03:27:13Z
order_00012435,batch_0005,trader_0004,ETH-USD,BUY,2159.35,379,2026-01-01T03:27:14Z
order_00012436,batch_0005,trader_0003,ETH-USD,BUY,1901.16,161,2026-01-01T03:27:15Z
order_00012437,batch_0005,trader_0016,ETH-USD,BUY,2021.14,449,2026-01-01T03:27:16Z
order_00012438,batch_0005,trader_0024,ETH-USD,SELL,1938.21,794,2026-01-01T03:27:17Z
order_00012439,batch_0005,trader_0020,ETH-USD,BUY,2193.35,214,2026-01-01T03:27:18Z
order_00012440,batch_0005,trader_0021,ETH-USD,SELL,2150.9,124,2026-01-01T03:27:19Z
order_00012441,batch_0005,trader_0024,ETH-USD,BUY,1809.81,526,2026-01-01T03:27:20Z
order_00012442,batch_0005,trader_0001,ETH-USD,BUY,1840.73,297,2026-01-01T03:27:21Z
order_00012443,batch_0005,trader_0016,ETH-USD,SELL,2129.93,959,2026-01-01T03:27:22Z
order_00012444,batch_0005,trader_0009,ETH-USD,BUY,1816.69,948,2026-01-01T03:27:23Z
order_00012445,batch_0005,trader_0014,ETH-USD,SELL,1827.1,383,2026-01-01T03:27:24Z
order_00012446,batch_0005,trader_0007,ETH-USD,SELL,2135.14,937,2026-01-01T03:27:25Z
order_00012447,batch_0005,trader_0023,ETH-USD,SELL,1989.13,158,2026-01-01T03:27:26Z
order_00012448,batch_0005,trader_0018,ETH-USD,SELL,2109.72,804,2026-01-01T03:27:27Z
order_00012449,batch_0005,trader_0015,ETH-USD,SELL,2033.57,940,2026-01-01T03:27:28Z
order_00012450,batch_0005,trader_0007,ETH-USD,BUY,2134.95,477,2026-01-01T03:27:29Z
order_00012451,batch_0005,trader_0012,ETH-USD,BUY,1860.34,959,2026-01-01T03:27:30Z
order_00012452,batch_0005,trader_0013,ETH-USD,BUY,2041.09,209,2026-01-01T03:27:31Z
order_00012453,batch_0005,trader_0014,ETH-USD,SELL,1965.11,376,2026-01-01T03:27:32Z
order_00012454,batch_0005,trader_0010,ETH-USD,SELL,1832.38,450,2026-01-01T03:27:33Z
order_00012455,batch_0005,trader_0016,ETH-USD,SELL,1849.24,868,2026-01-01T03:27:34Z
order_00012456,batch_0005,trader_0003,ETH-USD,BUY,1918.83,866,2026-01-01T03:27:35Z
order_00012457,batch_0005,trader_0003,ETH-USD,BUY,2014.08,321,2026-01-01T03:27:36Z
order_00012458,batch_0005,trader_0019,ETH-USD,SELL,1972.1,916,2026-01-01T03:27:37Z
order_00012459,batch_0005,trader_0007,ETH-USD,BUY,1972.27,195,2026-01-01T03:27:38Z
order_00012460,batch_0005,trader_0007,ETH-USD,SELL,2071.2,359,2026-01-01T03:27:39Z
order_00012461,batch_0005,trader_0011,ETH-USD,BUY,2160.45,314,2026-01-01T03:27:40Z
order_00012462,batch_0005,trader_0009,ETH-USD,SELL,2189.98,611,2026-01-01T03:27:41Z
order_00012463,batch_0005,trader_0004,ETH-USD,BUY,2020.77,431,2026-01-01T03:27:42Z
order_00012464,batch_0005,trader_0011,ETH-USD,BUY,2017.22,773,2026-01-01T03:27:43Z
order_00012465,batch_0005,trader_0023,ETH-USD,SELL,1917.42,939,2026-01-01T03:27:44Z
order_00012466,batch_0005,trader_0004,ETH-USD,BUY,2171.63,669,2026-01-01T03:27:45Z
order_00012467,batch_0005,trader_0016,ETH-USD,SELL,2020.24,633,2026-01-01T03:27:46Z
order_00012468,batch_0005,trader_0022,ETH-USD,SELL,1891.31,800,2026-01-01T03:27:47Z
order_00012469,batch_0005,trader_0009,ETH-USD,SELL,1879.39,132,2026-01-01T03:27:48Z
order_00012470,batch_0005,trader_0008,ETH-USD,BUY,1884.08,845,2026-01-01T03:27:49Z
order_00012471,batch_0005,trader_0008,ETH-USD,SELL,2052.54,538,2026-01-01T03:27:50Z
order_00012472,batch_0005,trader_0025,ETH-USD,BUY,1954.63,584,2026-01-01T03:27:51Z
order_00012473,batch_0005,trader_0023,ETH-USD,BUY,2044.23,28,2026-01-01T03:27:52Z
order_00012474,batch_0005,trader_0001,ETH-USD,SELL,1806.46,508,2026-01-01T03:27:53Z
order_00012475,batch_0005,trader_0018,ETH-USD,BUY,1898.06,318,2026-01-01T03:27:54Z
order_00012476,batch_0005,trader_0017,ETH-USD,SELL,1951.81,952,2026-01-01T03:27:55Z
order_00012477,batch_0005,trader_0021,ETH-USD,BUY,2124.71,42,2026-01-01T03:27:56Z
order_00012478,batch_0005,trader_0015,ETH-USD,BUY,2095.29,44,2026-01-01T03:27:57Z
order_00012479,batch_0005,trader_0014,ETH-USD,BUY,2002.5,752,2026-01-01T03:27:58Z
order_00012480,batch_0005,trader_0001,ETH-USD,SELL,1965.33,208,2026-01-01T03:27:59Z
order_00012481,batch_0005,trader_0007,ETH-USD,BUY,2198.23,995,2026-01-01T03:28:00Z
order_00012482,batch_0005,trader_0017,ETH-USD,SELL,2021.9,864,2026-01-01T03:28:01Z
order_00012483,batch_0005,trader_0002,ETH-USD,SELL,1880.5,151,2026-01-01T03:28:02Z
order_00012484,batch_0005,trader_0019,ETH-USD,SELL,1837.35,31,2026-01-01T03:28:03Z
order_00012485,batch_0005,trader_0002,ETH-USD,SELL,1985.66,302,2026-01-01T03:28:04Z
order_00012486,batch_0005,trader_0017,ETH-USD,SELL,1944.77,478,2026-01-01T03:28:05Z
order_00012487,batch_0005,trader_0001,ETH-USD,SELL,1855.44,406,2026-01-01T03:28:06Z
order_00012488,batch_0005,trader_0021,ETH-USD,SELL,2050.13,677,2026-01-01T03:28:07Z
order_00012489,batch_0005,trader_0013,ETH-USD,SELL,2135.8,424,2026-01-01T03:28:08Z
order_00012490,batch_0005,trader_0006,ETH-USD,BUY,2194.08,957,2026-01-01T03:28:09Z
order_00012491,batch_0005,trader_0014,ETH-USD,SELL,1827.21,666,2026-01-01T03:28:10Z
order_00012492,batch_0005,trader_0001,ETH-USD,SELL,1954.88,588,2026-01-01T03:28:11Z
order_00012493,batch_0005,trader_0017,ETH-USD,BUY,2159.49,906,2026-01-01T03:28:12Z
order_00012494,batch_0005,trader_0006,ETH-USD,SELL,1825.32,537,2026-01-01T03:28:13Z
order_00012495,batch_0005,trader_0006,ETH-USD,BUY,1924.63,49,2026-01-01T03:28:14Z
order_00012496,batch_0005,trader_0013,ETH-USD,BUY,2068.79,558,2026-01-01T03:28:15Z
order_00012497,batch_0005,trader_0018,ETH-USD,BUY,1809.29,952,2026-01-01T03:28:16Z
order_00012498,batch_0005,trader_0005,ETH-USD,SELL,1979.83,694,2026-01-01T03:28:17Z
order_00012499,batch_0005,trader_0020,ETH-USD,BUY,1840.35,293,2026-01-01T03:28:18Z
order_00012500,batch_0005,trader_0015,ETH-USD,SELL,2197.36,468,2026-01-01T03:28:19Z
order_00012501,batch_0005,trader_0002,ETH-USD,BUY,1816.52,127,2026-01-01T03:28:20Z
order_00012502,batch_0005,trader_0001,ETH-USD,SELL,2023.51,271,2026-01-01T03:28:21Z
order_00012503,batch_0005,trader_0024,ETH-USD,SELL,2140.09,937,2026-01-01T03:28:22Z
order_00012504,batch_0005,trader_0015,ETH-USD,BUY,2012.28,931,2026-01-01T03:28:23Z
order_00012505,batch_0005,trader_0009,ETH-USD,SELL,2177.65,46,2026-01-01T03:28:24Z
order_00012506,batch_0005,trader_0009,ETH-USD,SELL,1898.67,547,2026-01-01T03:28:25Z
order_00012507,batch_0005,trader_0013,ETH-USD,BUY,1927.33,816,2026-01-01T03:28:26Z
order_00012508,batch_0005,trader_0021,ETH-USD,SELL,2166.39,469,2026-01-01T03:28:27Z
order_00012509,batch_0005,trader_0007,ETH-USD,BUY,1873.12,62,2026-01-01T03:28:28Z
order_00012510,batch_0005,trader_0014,ETH-USD,BUY,2075.1,517,2026-01-01T03:28:29Z
order_00012511,batch_0005,trader_0010,ETH-USD,SELL,2090.85,766,2026-01-01T03:28:30Z
order_00012512,batch_0005,trader_0019,ETH-USD,BUY,2055.99,945,2026-01-01T03:28:31Z
order_00012513,batch_0005,trader_0021,ETH-USD,BUY,1921.48,701,2026-01-01T03:28:32Z
order_00012514,batch_0005,trader_0001,ETH-USD,BUY,2089.92,511,2026-01-01T03:28:33Z
order_00012515,batch_0005,trader_0006,ETH-USD,SELL,1978.05,217,2026-01-01T03:28:34Z
order_00012516,batch_0005,trader_0023,ETH-USD,SELL,2110.38,658,2026-01-01T03:28:35Z
order_00012517,batch_0005,trader_0005,ETH-USD,SELL,1975.53,247,2026-01-01T03:28:36Z
order_00012518,batch_0005,trader_0017,ETH-USD,BUY,2149.8,898,2026-01-01T03:28:37Z
order_00012519,batch_0005,trader_0003,ETH-USD,BUY,2197.18,295,2026-01-01T03:28:38Z
order_00012520,batch_0005,trader_0018,ETH-USD,BUY,1928.01,978,2026-01-01T03:28:39Z
order_00012521,batch_0005,trader_0024,ETH-USD,SELL,1893.97,101,2026-01-01T03:28:40Z
order_00012522,batch_0005,trader_0006,ETH-USD,BUY,1831.13,732,2026-01-01T03:28:41Z
order_00012523,batch_0005,trader_0022,ETH-USD,SELL,2136.29,123,2026-01-01T03:28:42Z
order_00012524,batch_0005,trader_0020,ETH-USD,BUY,1908.04,141,2026-01-01T03:28:43Z
order_00012525,batch_0005,trader_0008,ETH-USD,SELL,2089.04,989,2026-01-01T03:28:44Z
order_00012526,batch_0005,trader_0018,ETH-USD,BUY,1998.71,114,2026-01-01T03:28:45Z
order_00012527,batch_0005,trader_0002,ETH-USD,BUY,2088.96,232,2026-01-01T03:28:46Z
order_00012528,batch_0005,trader_0014,ETH-USD,BUY,2046.66,885,2026-01-01T03:28:47Z
order_00012529,batch_0005,trader_0001,ETH-USD,BUY,2011.15,33,2026-01-01T03:28:48Z
order_00012530,batch_0005,trader_0023,ETH-USD,SELL,2008.34,452,2026-01-01T03:28:49Z
order_00012531,batch_0005,trader_0025,ETH-USD,SELL,2158.75,260,2026-01-01T03:28:50Z
order_00012532,batch_0005,trader_0014,ETH-USD,BUY,1979.61,453,2026-01-01T03:28:51Z
order_00012533,batch_0005,trader_0020,ETH-USD,SELL,1846.74,143,2026-01-01T03:28:52Z
order_00012534,batch_0005,trader_0014,ETH-USD,SELL,2064.88,524,2026-01-01T03:28:53Z
order_00012535,batch_0005,trader_0011,ETH-USD,BUY,1926.44,129,2026-01-01T03:28:54Z
order_00012536,batch_0005,trader_0011,ETH-USD,SELL,1859.88,308,2026-01-01T03:28:55Z
order_00012537,batch_0005,trader_0006,ETH-USD,SELL,1960.76,433,2026-01-01T03:28:56Z
order_00012538,batch_0005,trader_0015,ETH-USD,SELL,2042.84,587,2026-01-01T03:28:57Z
order_00012539,batch_0005,trader_0020,ETH-USD,BUY,1968.01,736,2026-01-01T03:28:58Z
order_00012540,batch_0005,trader_0004,ETH-USD,BUY,2066.48,444,2026-01-01T03:28:59Z
order_00012541,batch_0005,trader_0008,ETH-USD,BUY,1903.91,793,2026-01-01T03:29:00Z
order_00012542,batch_0005,trader_0008,ETH-USD,SELL,2086.91,449,2026-01-01T03:29:01Z
order_00012543,batch_0005,trader_0007,ETH-USD,SELL,2015.02,688,2026-01-01T03:29:02Z
order_00012544,batch_0005,trader_0007,ETH-USD,SELL,1853.98,631,2026-01-01T03:29:03Z
order_00012545,batch_0005,trader_0017,ETH-USD,SELL,2100.25,683,2026-01-01T03:29:04Z
order_00012546,batch_0005,trader_0009,ETH-USD,BUY,1943.26,159,2026-01-01T03:29:05Z
order_00012547,batch_0005,trader_0006,ETH-USD,BUY,2095.86,514,2026-01-01T03:29:06Z
order_00012548,batch_0005,trader_0003,ETH-USD,SELL,1972.29,915,2026-01-01T03:29:07Z
order_00012549,batch_0005,trader_0016,ETH-USD,BUY,1960.58,370,2026-01-01T03:29:08Z
order_00012550,batch_0005,trader_0010,ETH-USD,BUY,1820.72,568,2026-01-01T03:29:09Z
order_00012551,batch_0005,trader_0023,ETH-USD,BUY,2170.42,668,2026-01-01T03:29:10Z
order_00012552,batch_0005,trader_0014,ETH-USD,BUY,2031.85,791,2026-01-01T03:29:11Z
order_00012553,batch_0005,trader_0001,ETH-USD,BUY,2050.76,238,2026-01-01T03:29:12Z
order_00012554,batch_0005,trader_0003,ETH-USD,SELL,1820.91,33,2026-01-01T03:29:13Z
order_00012555,batch_0005,trader_0010,ETH-USD,BUY,1965.04,439,2026-01-01T03:29:14Z
order_00012556,batch_0005,trader_0019,ETH-USD,SELL,2131.18,652,2026-01-01T03:29:15Z
order_00012557,batch_0005,trader_0002,ETH-USD,SELL,1913.9,78,2026-01-01T03:29:16Z
order_00012558,batch_0005,trader_0002,ETH-USD,SELL,1833.44,878,2026-01-01T03:29:17Z
order_00012559,batch_0005,trader_0022,ETH-USD,SELL,1956.89,441,2026-01-01T03:29:18Z
order_00012560,batch_0005,trader_0010,ETH-USD,SELL,1923.56,331,2026-01-01T03:29:19Z
order_00012561,batch_0005,trader_0004,ETH-USD,SELL,1815.5,255,2026-01-01T03:29:20Z
order_00012562,batch_0005,trader_0013,ETH-USD,BUY,2147.72,532,2026-01-01T03:29:21Z
order_00012563,batch_0005,trader_0024,ETH-USD,BUY,2147.67,753,2026-01-01T03:29:22Z
order_00012564,batch_0005,trader_0006,ETH-USD,BUY,2060.33,778,2026-01-01T03:29:23Z
order_00012565,batch_0005,trader_0011,ETH-USD,SELL,2164.53,5,2026-01-01T03:29:24Z
order_00012566,batch_0005,trader_0022,ETH-USD,BUY,1852.21,732,2026-01-01T03:29:25Z
order_00012567,batch_0005,trader_0015,ETH-USD,SELL,2002.58,585,2026-01-01T03:29:26Z
order_00012568,batch_0005,trader_0016,ETH-USD,SELL,1879.0,845,2026-01-01T03:29:27Z
order_00012569,batch_0005,trader_0014,ETH-USD,SELL,1863.14,204,2026-01-01T03:29:28Z
order_00012570,batch_0005,trader_0013,ETH-USD,SELL,2128.38,383,2026-01-01T03:29:29Z
order_00012571,batch_0005,trader_0015,ETH-USD,SELL,1818.34,109,2026-01-01T03:29:30Z
order_00012572,batch_0005,trader_0013,ETH-USD,BUY,2071.5,545,2026-01-01T03:29:31Z
order_00012573,batch_0005,trader_0016,ETH-USD,SELL,2145.81,68,2026-01-01T03:29:32Z
order_00012574,batch_0005,trader_0001,ETH-USD,BUY,2165.14,686,2026-01-01T03:29:33Z
order_00012575,batch_0005,trader_0001,ETH-USD,SELL,1813.41,367,2026-01-01T03:29:34Z
order_00012576,batch_0005,trader_0015,ETH-USD,BUY,1859.08,181,2026-01-01T03:29:35Z
order_00012577,batch_0005,trader_0008,ETH-USD,SELL,2115.62,930,2026-01-01T03:29:36Z
order_00012578,batch_0005,trader_0025,ETH-USD,BUY,2058.54,590,2026-01-01T03:29:37Z
order_00012579,batch_0005,trader_0014,ETH-USD,SELL,1856.06,347,2026-01-01T03:29:38Z
order_00012580,batch_0005,trader_0011,ETH-USD,SELL,1942.45,937,2026-01-01T03:29:39Z
order_00012581,batch_0005,trader_0016,ETH-USD,SELL,1999.63,292,2026-01-01T03:29:40Z
order_00012582,batch_0005,trader_0014,ETH-USD,SELL,1831.81,270,2026-01-01T03:29:41Z
order_00012583,batch_0005,trader_0019,ETH-USD,BUY,1949.6,521,2026-01-01T03:29:42Z
order_00012584,batch_0005,trader_0018,ETH-USD,SELL,2086.82,197,2026-01-01T03:29:43Z
order_00012585,batch_0005,trader_0020,ETH-USD,SELL,1937.34,511,2026-01-01T03:29:44Z
order_00012586,batch_0005,trader_0011,ETH-USD,SELL,1997.42,575,2026-01-01T03:29:45Z
order_00012587,batch_0005,trader_0009,ETH-USD,SELL,1874.92,757,2026-01-01T03:29:46Z
order_00012588,batch_0005,trader_0011,ETH-USD,SELL,1937.71,690,2026-01-01T03:29:47Z
order_00012589,batch_0005,trader_0024,ETH-USD,BUY,2185.77,809,2026-01-01T03:29:48Z
order_00012590,batch_0005,trader_0008,ETH-USD,SELL,1865.88,939,2026-01-01T03:29:49Z
order_00012591,batch_0005,trader_0009,ETH-USD,BUY,1839.59,883,2026-01-01T03:29:50Z
order_00012592,batch_0005,trader_0008,ETH-USD,SELL,2164.12,21,2026-01-01T03:29:51Z
order_00012593,batch_0005,trader_0016,ETH-USD,SELL,2041.24,138,2026-01-01T03:29:52Z
order_00012594,batch_0005,trader_0025,ETH-USD,BUY,1917.96,286,2026-01-01T03:29:53Z
order_00012595,batch_0005,trader_0005,ETH-USD,BUY,2110.28,234,2026-01-01T03:29:54Z
order_00012596,batch_0005,trader_0015,ETH-USD,SELL,1938.02,317,2026-01-01T03:29:55Z
order_00012597,batch_0005,trader_0016,ETH-USD,SELL,2167.57,972,2026-01-01T03:29:56Z
order_00012598,batch_0005,trader_0023,ETH-USD,SELL,1912.95,750,2026-01-01T03:29:57Z
order_00012599,batch_0005,trader_0015,ETH-USD,BUY,2159.22,878,2026-01-01T03:29:58Z
order_00012600,batch_0005,trader_0013,ETH-USD,BUY,2054.58,652,2026-01-01T03:29:59Z
order_00012601,batch_0005,trader_0005,ETH-USD,SELL,2048.14,936,2026-01-01T03:30:00Z
order_00012602,batch_0005,trader_0017,ETH-USD,SELL,2095.5,809,2026-01-01T03:30:01Z
order_00012603,batch_0005,trader_0019,ETH-USD,BUY,1918.33,793,2026-01-01T03:30:02Z
order_00012604,batch_0005,trader_0022,ETH-USD,SELL,1980.27,420,2026-01-01T03:30:03Z
order_00012605,batch_0005,trader_0019,ETH-USD,SELL,1812.88,23,2026-01-01T03:30:04Z
order_00012606,batch_0005,trader_0006,ETH-USD,BUY,1916.63,299,2026-01-01T03:30:05Z
order_00012607,batch_0005,trader_0008,ETH-USD,SELL,2031.58,170,2026-01-01T03:30:06Z
order_00012608,batch_0005,trader_0004,ETH-USD,BUY,1903.87,652,2026-01-01T03:30:07Z
order_00012609,batch_0005,trader_0017,ETH-USD,BUY,1969.47,130,2026-01-01T03:30:08Z
order_00012610,batch_0005,trader_0025,ETH-USD,BUY,1987.93,619,2026-01-01T03:30:09Z
order_00012611,batch_0005,trader_0006,ETH-USD,BUY,2146.65,942,2026-01-01T03:30:10Z
order_00012612,batch_0005,trader_0011,ETH-USD,BUY,1828.58,607,2026-01-01T03:30:11Z
order_00012613,batch_0005,trader_0019,ETH-USD,SELL,2025.5,481,2026-01-01T03:30:12Z
order_00012614,batch_0005,trader_0017,ETH-USD,BUY,2139.45,786,2026-01-01T03:30:13Z
order_00012615,batch_0005,trader_0012,ETH-USD,SELL,1905.8,235,2026-01-01T03:30:14Z
order_00012616,batch_0005,trader_0021,ETH-USD,SELL,2184.5,359,2026-01-01T03:30:15Z
order_00012617,batch_0005,trader_0007,ETH-USD,BUY,1889.18,790,2026-01-01T03:30:16Z
order_00012618,batch_0005,trader_0015,ETH-USD,SELL,1822.35,282,2026-01-01T03:30:17Z
order_00012619,batch_0005,trader_0014,ETH-USD,SELL,2108.87,527,2026-01-01T03:30:18Z
order_00012620,batch_0005,trader_0024,ETH-USD,SELL,1828.45,222,2026-01-01T03:30:19Z
order_00012621,batch_0005,trader_0010,ETH-USD,BUY,2044.14,337,2026-01-01T03:30:20Z
order_00012622,batch_0005,trader_0024,ETH-USD,BUY,1979.92,956,2026-01-01T03:30:21Z
order_00012623,batch_0005,trader_0011,ETH-USD,SELL,1907.79,939,2026-01-01T03:30:22Z
order_00012624,batch_0005,trader_0023,ETH-USD,SELL,1989.03,761,2026-01-01T03:30:23Z
order_00012625,batch_0005,trader_0006,ETH-USD,SELL,1862.42,127,2026-01-01T03:30:24Z
order_00012626,batch_0005,trader_0006,ETH-USD,BUY,2117.66,104,2026-01-01T03:30:25Z
order_00012627,batch_0005,trader_0022,ETH-USD,BUY,1860.88,653,2026-01-01T03:30:26Z
order_00012628,batch_0005,trader_0025,ETH-USD,SELL,1902.41,328,2026-01-01T03:30:27Z
order_00012629,batch_0005,trader_0007,ETH-USD,BUY,2002.09,567,2026-01-01T03:30:28Z
order_00012630,batch_0005,trader_0002,ETH-USD,SELL,2188.64,651,2026-01-01T03:30:29Z
order_00012631,batch_0005,trader_0015,ETH-USD,BUY,2142.29,379,2026-01-01T03:30:30Z
order_00012632,batch_0005,trader_0024,ETH-USD,BUY,2178.8,380,2026-01-01T03:30:31Z
order_00012633,batch_0005,trader_0013,ETH-USD,BUY,2173.06,412,2026-01-01T03:30:32Z
order_00012634,batch_0005,trader_0006,ETH-USD,SELL,1977.51,190,2026-01-01T03:30:33Z
order_00012635,batch_0005,trader_0025,ETH-USD,SELL,2062.71,731,2026-01-01T03:30:34Z
order_00012636,batch_0005,trader_0011,ETH-USD,SELL,1852.0,208,2026-01-01T03:30:35Z
order_00012637,batch_0005,trader_0016,ETH-USD,BUY,2183.11,4,2026-01-01T03:30:36Z
order_00012638,batch_0005,trader_0016,ETH-USD,SELL,1902.13,54,2026-01-01T03:30:37Z
order_00012639,batch_0005,trader_0024,ETH-USD,BUY,2048.6,526,2026-01-01T03:30:38Z
order_00012640,batch_0005,trader_0017,ETH-USD,SELL,1976.37,248,2026-01-01T03:30:39Z
order_00012641,batch_0005,trader_0023,ETH-USD,BUY,1931.52,680,2026-01-01T03:30:40Z
order_00012642,batch_0005,trader_0020,ETH-USD,SELL,2048.13,196,2026-01-01T03:30:41Z
order_00012643,batch_0005,trader_0019,ETH-USD,BUY,1878.07,855,2026-01-01T03:30:42Z
order_00012644,batch_0005,trader_0012,ETH-USD,SELL,2007.67,831,2026-01-01T03:30:43Z
order_00012645,batch_0005,trader_0019,ETH-USD,BUY,2146.55,111,2026-01-01T03:30:44Z
order_00012646,batch_0005,trader_0012,ETH-USD,SELL,2192.72,230,2026-01-01T03:30:45Z
order_00012647,batch_0005,trader_0005,ETH-USD,BUY,2156.12,736,2026-01-01T03:30:46Z
order_00012648,batch_0005,trader_0024,ETH-USD,SELL,2123.43,410,2026-01-01T03:30:47Z
order_00012649,batch_0005,trader_0012,ETH-USD,SELL,1967.76,104,2026-01-01T03:30:48Z
order_00012650,batch_0005,trader_0011,ETH-USD,BUY,2089.4,618,2026-01-01T03:30:49Z
order_00012651,batch_0005,trader_0018,ETH-USD,BUY,1913.62,951,2026-01-01T03:30:50Z
order_00012652,batch_0005,trader_0012,ETH-USD,SELL,2183.1,506,2026-01-01T03:30:51Z
order_00012653,batch_0005,trader_0007,ETH-USD,SELL,1889.55,753,2026-01-01T03:30:52Z
order_00012654,batch_0005,trader_0025,ETH-USD,BUY,1978.39,664,2026-01-01T03:30:53Z
order_00012655,batch_0005,trader_0021,ETH-USD,BUY,2066.06,813,2026-01-01T03:30:54Z
order_00012656,batch_0005,trader_0013,ETH-USD,BUY,1931.79,507,2026-01-01T03:30:55Z
order_00012657,batch_0005,trader_0024,ETH-USD,SELL,2132.74,632,2026-01-01T03:30:56Z
order_00012658,batch_0005,trader_0021,ETH-USD,BUY,1951.78,476,2026-01-01T03:30:57Z
order_00012659,batch_0005,trader_0001,ETH-USD,BUY,2121.05,116,2026-01-01T03:30:58Z
order_00012660,batch_0005,trader_0014,ETH-USD,SELL,1999.48,176,2026-01-01T03:30:59Z
order_00012661,batch_0005,trader_0012,ETH-USD,BUY,2108.44,626,2026-01-01T03:31:00Z
order_00012662,batch_0005,trader_0025,ETH-USD,SELL,2008.72,842,2026-01-01T03:31:01Z
order_00012663,batch_0005,trader_0001,ETH-USD,SELL,1822.56,476,2026-01-01T03:31:02Z
order_00012664,batch_0005,trader_0011,ETH-USD,BUY,1850.09,652,2026-01-01T03:31:03Z
order_00012665,batch_0005,trader_0021,ETH-USD,BUY,2060.74,920,2026-01-01T03:31:04Z
order_00012666,batch_0005,trader_0023,ETH-USD,SELL,1838.22,198,2026-01-01T03:31:05Z
order_00012667,batch_0005,trader_0016,ETH-USD,BUY,1886.31,922,2026-01-01T03:31:06Z
order_00012668,batch_0005,trader_0007,ETH-USD,SELL,2194.51,393,2026-01-01T03:31:07Z
order_00012669,batch_0005,trader_0019,ETH-USD,BUY,1987.07,570,2026-01-01T03:31:08Z
order_00012670,batch_0005,trader_0016,ETH-USD,SELL,1867.11,701,2026-01-01T03:31:09Z
order_00012671,batch_0005,trader_0025,ETH-USD,BUY,2117.38,863,2026-01-01T03:31:10Z
order_00012672,batch_0005,trader_0022,ETH-USD,BUY,2164.33,405,2026-01-01T03:31:11Z
order_00012673,batch_0005,trader_0003,ETH-USD,SELL,1877.77,325,2026-01-01T03:31:12Z
order_00012674,batch_0005,trader_0009,ETH-USD,SELL,1865.41,357,2026-01-01T03:31:13Z
order_00012675,batch_0005,trader_0005,ETH-USD,SELL,2015.62,212,2026-01-01T03:31:14Z
order_00012676,batch_0005,trader_0015,ETH-USD,SELL,1977.79,27,2026-01-01T03:31:15Z
order_00012677,batch_0005,trader_0021,ETH-USD,SELL,1838.81,751,2026-01-01T03:31:16Z
order_00012678,batch_0005,trader_0004,ETH-USD,BUY,2043.48,670,2026-01-01T03:31:17Z
order_00012679,batch_0005,trader_0009,ETH-USD,SELL,1950.24,579,2026-01-01T03:31:18Z
order_00012680,batch_0005,trader_0025,ETH-USD,BUY,2029.88,695,2026-01-01T03:31:19Z
order_00012681,batch_0005,trader_0009,ETH-USD,SELL,1870.32,394,2026-01-01T03:31:20Z
order_00012682,batch_0005,trader_0019,ETH-USD,SELL,1911.18,567,2026-01-01T03:31:21Z
order_00012683,batch_0005,trader_0025,ETH-USD,SELL,2131.47,734,2026-01-01T03:31:22Z
order_00012684,batch_0005,trader_0012,ETH-USD,BUY,2065.93,964,2026-01-01T03:31:23Z
order_00012685,batch_0005,trader_0021,ETH-USD,BUY,1891.41,946,2026-01-01T03:31:24Z
order_00012686,batch_0005,trader_0015,ETH-USD,BUY,1802.22,340,2026-01-01T03:31:25Z
order_00012687,batch_0005,trader_0018,ETH-USD,BUY,1843.92,691,2026-01-01T03:31:26Z
order_00012688,batch_0005,trader_0004,ETH-USD,BUY,2058.53,91,2026-01-01T03:31:27Z
order_00012689,batch_0005,trader_0021,ETH-USD,SELL,1876.6,961,2026-01-01T03:31:28Z
order_00012690,batch_0005,trader_0001,ETH-USD,SELL,1852.23,464,2026-01-01T03:31:29Z
order_00012691,batch_0005,trader_0009,ETH-USD,BUY,1842.17,593,2026-01-01T03:31:30Z
order_00012692,batch_0005,trader_0003,ETH-USD,SELL,1965.7,383,2026-01-01T03:31:31Z
order_00012693,batch_0005,trader_0015,ETH-USD,SELL,1960.97,826,2026-01-01T03:31:32Z
order_00012694,batch_0005,trader_0003,ETH-USD,SELL,1803.82,816,2026-01-01T03:31:33Z
order_00012695,batch_0005,trader_0008,ETH-USD,SELL,2086.55,56,2026-01-01T03:31:34Z
order_00012696,batch_0005,trader_0001,ETH-USD,BUY,2107.48,2,2026-01-01T03:31:35Z
order_00012697,batch_0005,trader_0011,ETH-USD,SELL,2061.62,402,2026-01-01T03:31:36Z
order_00012698,batch_0005,trader_0012,ETH-USD,BUY,1921.64,712,2026-01-01T03:31:37Z
order_00012699,batch_0005,trader_0013,ETH-USD,BUY,2138.4,658,2026-01-01T03:31:38Z
order_00012700,batch_0005,trader_0024,ETH-USD,BUY,2152.96,469,2026-01-01T03:31:39Z
order_00012701,batch_0005,trader_0010,ETH-USD,BUY,1990.64,659,2026-01-01T03:31:40Z
order_00012702,batch_0005,trader_0014,ETH-USD,BUY,1935.02,61,2026-01-01T03:31:41Z
order_00012703,batch_0005,trader_0025,ETH-USD,SELL,1808.4,630,2026-01-01T03:31:42Z
order_00012704,batch_0005,trader_0002,ETH-USD,SELL,1896.52,156,2026-01-01T03:31:43Z
order_00012705,batch_0005,trader_0014,ETH-USD,SELL,2156.48,305,2026-01-01T03:31:44Z
order_00012706,batch_0005,trader_0023,ETH-USD,SELL,1846.91,191,2026-01-01T03:31:45Z
order_00012707,batch_0005,trader_0004,ETH-USD,BUY,2145.53,24,2026-01-01T03:31:46Z
order_00012708,batch_0005,trader_0008,ETH-USD,SELL,2133.24,974,2026-01-01T03:31:47Z
order_00012709,batch_0005,trader_0001,ETH-USD,SELL,1985.14,919,2026-01-01T03:31:48Z
order_00012710,batch_0005,trader_0010,ETH-USD,BUY,2150.08,795,2026-01-01T03:31:49Z
order_00012711,batch_0005,trader_0016,ETH-USD,BUY,1800.03,611,2026-01-01T03:31:50Z
order_00012712,batch_0005,trader_0014,ETH-USD,SELL,2053.98,72,2026-01-01T03:31:51Z
order_00012713,batch_0005,trader_0019,ETH-USD,BUY,1824.96,208,2026-01-01T03:31:52Z
order_00012714,batch_0005,trader_0002,ETH-USD,SELL,1844.57,387,2026-01-01T03:31:53Z
order_00012715,batch_0005,trader_0014,ETH-USD,BUY,2136.89,880,2026-01-01T03:31:54Z
order_00012716,batch_0005,trader_0008,ETH-USD,BUY,2041.56,407,2026-01-01T03:31:55Z
order_00012717,batch_0005,trader_0011,ETH-USD,BUY,1983.86,891,2026-01-01T03:31:56Z
order_00012718,batch_0005,trader_0015,ETH-USD,SELL,1847.37,276,2026-01-01T03:31:57Z
order_00012719,batch_0005,trader_0022,ETH-USD,SELL,2055.91,588,2026-01-01T03:31:58Z
order_00012720,batch_0005,trader_0007,ETH-USD,BUY,1972.3,624,2026-01-01T03:31:59Z
order_00012721,batch_0005,trader_0014,ETH-USD,BUY,2191.5,590,2026-01-01T03:32:00Z
order_00012722,batch_0005,trader_0013,ETH-USD,BUY,2172.03,582,2026-01-01T03:32:01Z
order_00012723,batch_0005,trader_0020,ETH-USD,SELL,1984.47,563,2026-01-01T03:32:02Z
order_00012724,batch_0005,trader_0005,ETH-USD,BUY,2145.2,71,2026-01-01T03:32:03Z
order_00012725,batch_0005,trader_0001,ETH-USD,SELL,2004.51,953,2026-01-01T03:32:04Z
order_00012726,batch_0005,trader_0017,ETH-USD,SELL,1996.04,769,2026-01-01T03:32:05Z
order_00012727,batch_0005,trader_0019,ETH-USD,BUY,1980.93,481,2026-01-01T03:32:06Z
order_00012728,batch_0005,trader_0009,ETH-USD,SELL,2001.9,929,2026-01-01T03:32:07Z
order_00012729,batch_0005,trader_0013,ETH-USD,SELL,1939.29,467,2026-01-01T03:32:08Z
order_00012730,batch_0005,trader_0022,ETH-USD,SELL,1956.68,759,2026-01-01T03:32:09Z
order_00012731,batch_0005,trader_0009,ETH-USD,BUY,1978.8,182,2026-01-01T03:32:10Z
order_00012732,batch_0005,trader_0008,ETH-USD,SELL,2175.53,192,2026-01-01T03:32:11Z
order_00012733,batch_0005,trader_0019,ETH-USD,BUY,2178.01,799,2026-01-01T03:32:12Z
order_00012734,batch_0005,trader_0009,ETH-USD,SELL,2159.75,67,2026-01-01T03:32:13Z
order_00012735,batch_0005,trader_0012,ETH-USD,BUY,2036.16,341,2026-01-01T03:32:14Z
order_00012736,batch_0005,trader_0025,ETH-USD,BUY,2197.7,832,2026-01-01T03:32:15Z
order_00012737,batch_0005,trader_0005,ETH-USD,SELL,1953.86,222,2026-01-01T03:32:16Z
order_00012738,batch_0005,trader_0011,ETH-USD,SELL,1826.25,90,2026-01-01T03:32:17Z
order_00012739,batch_0005,trader_0003,ETH-USD,BUY,2092.75,784,2026-01-01T03:32:18Z
order_00012740,batch_0005,trader_0018,ETH-USD,BUY,1863.75,549,2026-01-01T03:32:19Z
order_00012741,batch_0005,trader_0013,ETH-USD,BUY,2100.94,301,2026-01-01T03:32:20Z
order_00012742,batch_0005,trader_0004,ETH-USD,BUY,2057.02,624,2026-01-01T03:32:21Z
order_00012743,batch_0005,trader_0011,ETH-USD,SELL,1831.89,461,2026-01-01T03:32:22Z
order_00012744,batch_0005,trader_0006,ETH-USD,BUY,2068.04,286,2026-01-01T03:32:23Z
order_00012745,batch_0005,trader_0004,ETH-USD,SELL,1886.65,802,2026-01-01T03:32:24Z
order_00012746,batch_0005,trader_0008,ETH-USD,BUY,1963.33,584,2026-01-01T03:32:25Z
order_00012747,batch_0005,trader_0008,ETH-USD,BUY,1834.32,552,2026-01-01T03:32:26Z
order_00012748,batch_0005,trader_0003,ETH-USD,BUY,2131.87,670,2026-01-01T03:32:27Z
order_00012749,batch_0005,trader_0023,ETH-USD,BUY,2090.85,525,2026-01-01T03:32:28Z
order_00012750,batch_0005,trader_0001,ETH-USD,BUY,2032.09,827,2026-01-01T03:32:29Z
order_00012751,batch_0005,trader_0002,ETH-USD,BUY,1976.04,925,2026-01-01T03:32:30Z
order_00012752,batch_0005,trader_0020,ETH-USD,BUY,1922.11,752,2026-01-01T03:32:31Z
order_00012753,batch_0005,trader_0018,ETH-USD,BUY,1938.85,789,2026-01-01T03:32:32Z
order_00012754,batch_0005,trader_0008,ETH-USD,BUY,2041.94,101,2026-01-01T03:32:33Z
order_00012755,batch_0005,trader_0018,ETH-USD,SELL,1862.29,930,2026-01-01T03:32:34Z
order_00012756,batch_0005,trader_0023,ETH-USD,SELL,2199.86,96,2026-01-01T03:32:35Z
order_00012757,batch_0005,trader_0022,ETH-USD,SELL,2048.9,75,2026-01-01T03:32:36Z
order_00012758,batch_0005,trader_0020,ETH-USD,BUY,2136.74,809,2026-01-01T03:32:37Z
order_00012759,batch_0005,trader_0014,ETH-USD,BUY,2000.21,639,2026-01-01T03:32:38Z
order_00012760,batch_0005,trader_0017,ETH-USD,SELL,2056.2,52,2026-01-01T03:32:39Z
order_00012761,batch_0005,trader_0010,ETH-USD,BUY,2133.04,985,2026-01-01T03:32:40Z
order_00012762,batch_0005,trader_0014,ETH-USD,SELL,2158.59,440,2026-01-01T03:32:41Z
order_00012763,batch_0005,trader_0016,ETH-USD,SELL,1838.41,399,2026-01-01T03:32:42Z
order_00012764,batch_0005,trader_0020,ETH-USD,SELL,1860.84,702,2026-01-01T03:32:43Z
order_00012765,batch_0005,trader_0016,ETH-USD,BUY,1800.78,994,2026-01-01T03:32:44Z
order_00012766,batch_0005,trader_0024,ETH-USD,BUY,1811.92,993,2026-01-01T03:32:45Z
order_00012767,batch_0005,trader_0009,ETH-USD,SELL,2021.75,353,2026-01-01T03:32:46Z
order_00012768,batch_0005,trader_0021,ETH-USD,SELL,1901.98,12,2026-01-01T03:32:47Z
order_00012769,batch_0005,trader_0023,ETH-USD,BUY,2073.67,729,2026-01-01T03:32:48Z
order_00012770,batch_0005,trader_0001,ETH-USD,BUY,1870.66,496,2026-01-01T03:32:49Z
order_00012771,batch_0005,trader_0012,ETH-USD,BUY,1878.92,61,2026-01-01T03:32:50Z
order_00012772,batch_0005,trader_0014,ETH-USD,BUY,2007.97,806,2026-01-01T03:32:51Z
order_00012773,batch_0005,trader_0020,ETH-USD,BUY,2035.79,356,2026-01-01T03:32:52Z
order_00012774,batch_0005,trader_0010,ETH-USD,BUY,1860.93,792,2026-01-01T03:32:53Z
order_00012775,batch_0005,trader_0014,ETH-USD,SELL,2171.96,649,2026-01-01T03:32:54Z
order_00012776,batch_0005,trader_0009,ETH-USD,BUY,1840.22,983,2026-01-01T03:32:55Z
order_00012777,batch_0005,trader_0017,ETH-USD,SELL,1938.49,864,2026-01-01T03:32:56Z
order_00012778,batch_0005,trader_0003,ETH-USD,SELL,2198.16,186,2026-01-01T03:32:57Z
order_00012779,batch_0005,trader_0005,ETH-USD,SELL,1833.1,39,2026-01-01T03:32:58Z
order_00012780,batch_0005,trader_0007,ETH-USD,SELL,1961.41,830,2026-01-01T03:32:59Z
order_00012781,batch_0005,trader_0005,ETH-USD,BUY,2134.02,638,2026-01-01T03:33:00Z
order_00012782,batch_0005,trader_0025,ETH-USD,BUY,1994.53,770,2026-01-01T03:33:01Z
order_00012783,batch_0005,trader_0010,ETH-USD,BUY,1930.95,545,2026-01-01T03:33:02Z
order_00012784,batch_0005,trader_0006,ETH-USD,SELL,1969.06,170,2026-01-01T03:33:03Z
order_00012785,batch_0005,trader_0024,ETH-USD,BUY,2097.41,675,2026-01-01T03:33:04Z
order_00012786,batch_0005,trader_0009,ETH-USD,BUY,2077.65,204,2026-01-01T03:33:05Z
order_00012787,batch_0005,trader_0017,ETH-USD,SELL,1836.56,187,2026-01-01T03:33:06Z
order_00012788,batch_0005,trader_0021,ETH-USD,SELL,1848.29,121,2026-01-01T03:33:07Z
order_00012789,batch_0005,trader_0009,ETH-USD,SELL,1962.16,489,2026-01-01T03:33:08Z
order_00012790,batch_0005,trader_0004,ETH-USD,SELL,2186.25,689,2026-01-01T03:33:09Z
order_00012791,batch_0005,trader_0012,ETH-USD,BUY,2105.12,559,2026-01-01T03:33:10Z
order_00012792,batch_0005,trader_0006,ETH-USD,SELL,2190.51,826,2026-01-01T03:33:11Z
order_00012793,batch_0005,trader_0001,ETH-USD,SELL,1988.22,210,2026-01-01T03:33:12Z
order_00012794,batch_0005,trader_0008,ETH-USD,SELL,2043.92,221,2026-01-01T03:33:13Z
order_00012795,batch_0005,trader_0011,ETH-USD,BUY,2158.89,328,2026-01-01T03:33:14Z
order_00012796,batch_0005,trader_0009,ETH-USD,BUY,1888.15,735,2026-01-01T03:33:15Z
order_00012797,batch_0005,trader_0024,ETH-USD,BUY,1857.9,716,2026-01-01T03:33:16Z
order_00012798,batch_0005,trader_0016,ETH-USD,BUY,2119.07,358,2026-01-01T03:33:17Z
order_00012799,batch_0005,trader_0014,ETH-USD,SELL,1972.98,908,2026-01-01T03:33:18Z
order_00012800,batch_0005,trader_0008,ETH-USD,BUY,1996.33,7,2026-01-01T03:33:19Z
order_00012801,batch_0005,trader_0009,ETH-USD,BUY,1968.13,13,2026-01-01T03:33:20Z
order_00012802,batch_0005,trader_0024,ETH-USD,SELL,2108.52,334,2026-01-01T03:33:21Z
order_00012803,batch_0005,trader_0017,ETH-USD,SELL,1921.93,915,2026-01-01T03:33:22Z
order_00012804,batch_0005,trader_0016,ETH-USD,BUY,1917.04,914,2026-01-01T03:33:23Z
order_00012805,batch_0005,trader_0013,ETH-USD,SELL,1863.69,555,2026-01-01T03:33:24Z
order_00012806,batch_0005,trader_0015,ETH-USD,BUY,1938.92,753,2026-01-01T03:33:25Z
order_00012807,batch_0005,trader_0024,ETH-USD,SELL,1875.71,591,2026-01-01T03:33:26Z
order_00012808,batch_0005,trader_0025,ETH-USD,SELL,2106.46,24,2026-01-01T03:33:27Z
order_00012809,batch_0005,trader_0017,ETH-USD,BUY,1944.48,656,2026-01-01T03:33:28Z
order_00012810,batch_0005,trader_0001,ETH-USD,SELL,1887.03,742,2026-01-01T03:33:29Z
order_00012811,batch_0005,trader_0005,ETH-USD,SELL,1940.82,377,2026-01-01T03:33:30Z
order_00012812,batch_0005,trader_0025,ETH-USD,SELL,1967.23,140,2026-01-01T03:33:31Z
order_00012813,batch_0005,trader_0014,ETH-USD,BUY,2065.76,724,2026-01-01T03:33:32Z
order_00012814,batch_0005,trader_0003,ETH-USD,SELL,2139.68,383,2026-01-01T03:33:33Z
order_00012815,batch_0005,trader_0021,ETH-USD,BUY,2140.05,203,2026-01-01T03:33:34Z
order_00012816,batch_0005,trader_0025,ETH-USD,SELL,1809.78,766,2026-01-01T03:33:35Z
order_00012817,batch_0005,trader_0010,ETH-USD,BUY,2106.79,308,2026-01-01T03:33:36Z
order_00012818,batch_0005,trader_0011,ETH-USD,SELL,1990.72,455,2026-01-01T03:33:37Z
order_00012819,batch_0005,trader_0017,ETH-USD,SELL,2079.19,872,2026-01-01T03:33:38Z
order_00012820,batch_0005,trader_0016,ETH-USD,SELL,1884.62,432,2026-01-01T03:33:39Z
order_00012821,batch_0005,trader_0019,ETH-USD,BUY,2195.04,451,2026-01-01T03:33:40Z
order_00012822,batch_0005,trader_0023,ETH-USD,SELL,2010.01,9,2026-01-01T03:33:41Z
order_00012823,batch_0005,trader_0006,ETH-USD,SELL,1899.27,341,2026-01-01T03:33:42Z
order_00012824,batch_0005,trader_0003,ETH-USD,SELL,2020.3,598,2026-01-01T03:33:43Z
order_00012825,batch_0005,trader_0025,ETH-USD,SELL,1860.01,722,2026-01-01T03:33:44Z
order_00012826,batch_0005,trader_0013,ETH-USD,BUY,2147.55,675,2026-01-01T03:33:45Z
order_00012827,batch_0005,trader_0024,ETH-USD,SELL,1981.16,339,2026-01-01T03:33:46Z
order_00012828,batch_0005,trader_0016,ETH-USD,BUY,2103.79,200,2026-01-01T03:33:47Z
order_00012829,batch_0005,trader_0010,ETH-USD,SELL,1907.93,399,2026-01-01T03:33:48Z
order_00012830,batch_0005,trader_0013,ETH-USD,BUY,2050.51,163,2026-01-01T03:33:49Z
order_00012831,batch_0005,trader_0018,ETH-USD,BUY,1861.28,174,2026-01-01T03:33:50Z
order_00012832,batch_0005,trader_0009,ETH-USD,SELL,1882.21,673,2026-01-01T03:33:51Z
order_00012833,batch_0005,trader_0009,ETH-USD,SELL,1902.56,852,2026-01-01T03:33:52Z
order_00012834,batch_0005,trader_0022,ETH-USD,SELL,2035.23,135,2026-01-01T03:33:53Z
order_00012835,batch_0005,trader_0002,ETH-USD,SELL,1883.88,125,2026-01-01T03:33:54Z
order_00012836,batch_0005,trader_0013,ETH-USD,BUY,2071.11,573,2026-01-01T03:33:55Z
order_00012837,batch_0005,trader_0019,ETH-USD,BUY,1973.01,747,2026-01-01T03:33:56Z
order_00012838,batch_0005,trader_0009,ETH-USD,SELL,2042.09,208,2026-01-01T03:33:57Z
order_00012839,batch_0005,trader_0022,ETH-USD,BUY,2180.47,38,2026-01-01T03:33:58Z
order_00012840,batch_0005,trader_0005,ETH-USD,SELL,2007.48,205,2026-01-01T03:33:59Z
order_00012841,batch_0005,trader_0019,ETH-USD,SELL,1952.45,73,2026-01-01T03:34:00Z
order_00012842,batch_0005,trader_0010,ETH-USD,SELL,1951.08,749,2026-01-01T03:34:01Z
order_00012843,batch_0005,trader_0023,ETH-USD,SELL,2002.74,497,2026-01-01T03:34:02Z
order_00012844,batch_0005,trader_0002,ETH-USD,BUY,1842.32,818,2026-01-01T03:34:03Z
order_00012845,batch_0005,trader_0001,ETH-USD,BUY,1876.26,667,2026-01-01T03:34:04Z
order_00012846,batch_0005,trader_0021,ETH-USD,BUY,1933.22,613,2026-01-01T03:34:05Z
order_00012847,batch_0005,trader_0021,ETH-USD,SELL,1870.48,935,2026-01-01T03:34:06Z
order_00012848,batch_0005,trader_0010,ETH-USD,BUY,1953.33,596,2026-01-01T03:34:07Z
order_00012849,batch_0005,trader_0018,ETH-USD,BUY,1927.64,220,2026-01-01T03:34:08Z
order_00012850,batch_0005,trader_0001,ETH-USD,SELL,2032.97,630,2026-01-01T03:34:09Z
order_00012851,batch_0005,trader_0017,ETH-USD,SELL,2019.37,966,2026-01-01T03:34:10Z
order_00012852,batch_0005,trader_0025,ETH-USD,SELL,2174.39,532,2026-01-01T03:34:11Z
order_00012853,batch_0005,trader_0001,ETH-USD,BUY,1836.7,71,2026-01-01T03:34:12Z
order_00012854,batch_0005,trader_0006,ETH-USD,BUY,2038.34,290,2026-01-01T03:34:13Z
order_00012855,batch_0005,trader_0001,ETH-USD,SELL,2081.6,210,2026-01-01T03:34:14Z
order_00012856,batch_0005,trader_0001,ETH-USD,BUY,1965.6,997,2026-01-01T03:34:15Z
order_00012857,batch_0005,trader_0022,ETH-USD,SELL,2192.62,342,2026-01-01T03:34:16Z
order_00012858,batch_0005,trader_0009,ETH-USD,SELL,2112.82,268,2026-01-01T03:34:17Z
order_00012859,batch_0005,trader_0025,ETH-USD,BUY,1995.19,853,2026-01-01T03:34:18Z
order_00012860,batch_0005,trader_0023,ETH-USD,BUY,1869.51,204,2026-01-01T03:34:19Z
order_00012861,batch_0005,trader_0007,ETH-USD,SELL,2141.47,508,2026-01-01T03:34:20Z
order_00012862,batch_0005,trader_0025,ETH-USD,SELL,2181.12,801,2026-01-01T03:34:21Z
order_00012863,batch_0005,trader_0022,ETH-USD,SELL,2034.94,733,2026-01-01T03:34:22Z
order_00012864,batch_0005,trader_0008,ETH-USD,SELL,2120.41,57,2026-01-01T03:34:23Z
order_00012865,batch_0005,trader_0002,ETH-USD,SELL,2079.37,305,2026-01-01T03:34:24Z
order_00012866,batch_0005,trader_0016,ETH-USD,SELL,2028.0,481,2026-01-01T03:34:25Z
order_00012867,batch_0005,trader_0023,ETH-USD,BUY,1950.32,790,2026-01-01T03:34:26Z
order_00012868,batch_0005,trader_0004,ETH-USD,SELL,1846.9,181,2026-01-01T03:34:27Z
order_00012869,batch_0005,trader_0017,ETH-USD,SELL,1813.18,984,2026-01-01T03:34:28Z
order_00012870,batch_0005,trader_0006,ETH-USD,SELL,1911.71,484,2026-01-01T03:34:29Z
order_00012871,batch_0005,trader_0008,ETH-USD,SELL,2181.47,731,2026-01-01T03:34:30Z
order_00012872,batch_0005,trader_0012,ETH-USD,BUY,2185.81,164,2026-01-01T03:34:31Z
order_00012873,batch_0005,trader_0001,ETH-USD,SELL,1923.67,452,2026-01-01T03:34:32Z
order_00012874,batch_0005,trader_0004,ETH-USD,BUY,2074.42,135,2026-01-01T03:34:33Z
order_00012875,batch_0005,trader_0015,ETH-USD,BUY,2011.13,502,2026-01-01T03:34:34Z
order_00012876,batch_0005,trader_0023,ETH-USD,SELL,1923.37,18,2026-01-01T03:34:35Z
order_00012877,batch_0005,trader_0011,ETH-USD,BUY,1997.57,144,2026-01-01T03:34:36Z
order_00012878,batch_0005,trader_0003,ETH-USD,SELL,1836.76,565,2026-01-01T03:34:37Z
order_00012879,batch_0005,trader_0001,ETH-USD,SELL,2124.76,626,2026-01-01T03:34:38Z
order_00012880,batch_0005,trader_0004,ETH-USD,BUY,2142.81,25,2026-01-01T03:34:39Z
order_00012881,batch_0005,trader_0006,ETH-USD,BUY,2146.2,134,2026-01-01T03:34:40Z
order_00012882,batch_0005,trader_0019,ETH-USD,SELL,2021.29,92,2026-01-01T03:34:41Z
order_00012883,batch_0005,trader_0004,ETH-USD,BUY,1937.65,589,2026-01-01T03:34:42Z
order_00012884,batch_0005,trader_0003,ETH-USD,SELL,2189.43,20,2026-01-01T03:34:43Z
order_00012885,batch_0005,trader_0025,ETH-USD,BUY,2135.56,675,2026-01-01T03:34:44Z
order_00012886,batch_0005,trader_0021,ETH-USD,BUY,1958.78,231,2026-01-01T03:34:45Z
order_00012887,batch_0005,trader_0001,ETH-USD,BUY,2017.29,200,2026-01-01T03:34:46Z
order_00012888,batch_0005,trader_0002,ETH-USD,BUY,1979.51,679,2026-01-01T03:34:47Z
order_00012889,batch_0005,trader_0018,ETH-USD,BUY,2026.27,871,2026-01-01T03:34:48Z
order_00012890,batch_0005,trader_0010,ETH-USD,SELL,2133.01,94,2026-01-01T03:34:49Z
order_00012891,batch_0005,trader_0009,ETH-USD,BUY,2166.35,887,2026-01-01T03:34:50Z
order_00012892,batch_0005,trader_0023,ETH-USD,BUY,1832.95,397,2026-01-01T03:34:51Z
order_00012893,batch_0005,trader_0015,ETH-USD,BUY,1814.34,413,2026-01-01T03:34:52Z
order_00012894,batch_0005,trader_0002,ETH-USD,BUY,1996.37,916,2026-01-01T03:34:53Z
order_00012895,batch_0005,trader_0023,ETH-USD,SELL,1945.78,290,2026-01-01T03:34:54Z
order_00012896,batch_0005,trader_0014,ETH-USD,SELL,2020.56,979,2026-01-01T03:34:55Z
order_00012897,batch_0005,trader_0022,ETH-USD,SELL,1881.88,918,2026-01-01T03:34:56Z
order_00012898,batch_0005,trader_0007,ETH-USD,SELL,1891.48,360,2026-01-01T03:34:57Z
order_00012899,batch_0005,trader_0023,ETH-USD,BUY,2181.89,115,2026-01-01T03:34:58Z
order_00012900,batch_0005,trader_0003,ETH-USD,BUY,1930.18,136,2026-01-01T03:34:59Z
order_00012901,batch_0005,trader_0009,ETH-USD,BUY,2133.41,864,2026-01-01T03:35:00Z
order_00012902,batch_0005,trader_0002,ETH-USD,BUY,1994.14,123,2026-01-01T03:35:01Z
order_00012903,batch_0005,trader_0024,ETH-USD,SELL,2066.22,372,2026-01-01T03:35:02Z
order_00012904,batch_0005,trader_0022,ETH-USD,SELL,1882.78,103,2026-01-01T03:35:03Z
order_00012905,batch_0005,trader_0007,ETH-USD,BUY,1958.32,606,2026-01-01T03:35:04Z
order_00012906,batch_0005,trader_0005,ETH-USD,BUY,2173.69,886,2026-01-01T03:35:05Z
order_00012907,batch_0005,trader_0003,ETH-USD,BUY,1991.1,1,2026-01-01T03:35:06Z
order_00012908,batch_0005,trader_0021,ETH-USD,SELL,1935.19,207,2026-01-01T03:35:07Z
order_00012909,batch_0005,trader_0008,ETH-USD,SELL,1934.97,425,2026-01-01T03:35:08Z
order_00012910,batch_0005,trader_0008,ETH-USD,SELL,2118.14,228,2026-01-01T03:35:09Z
order_00012911,batch_0005,trader_0012,ETH-USD,SELL,2182.38,530,2026-01-01T03:35:10Z
order_00012912,batch_0005,trader_0004,ETH-USD,BUY,1888.51,206,2026-01-01T03:35:11Z
order_00012913,batch_0005,trader_0023,ETH-USD,SELL,2001.75,895,2026-01-01T03:35:12Z
order_00012914,batch_0005,trader_0004,ETH-USD,BUY,2021.05,815,2026-01-01T03:35:13Z
order_00012915,batch_0005,trader_0012,ETH-USD,BUY,1950.88,699,2026-01-01T03:35:14Z
order_00012916,batch_0005,trader_0017,ETH-USD,BUY,1924.03,731,2026-01-01T03:35:15Z
order_00012917,batch_0005,trader_0012,ETH-USD,BUY,1907.2,125,2026-01-01T03:35:16Z
order_00012918,batch_0005,trader_0008,ETH-USD,BUY,2112.63,851,2026-01-01T03:35:17Z
order_00012919,batch_0005,trader_0012,ETH-USD,SELL,2053.25,787,2026-01-01T03:35:18Z
order_00012920,batch_0005,trader_0022,ETH-USD,SELL,2004.35,370,2026-01-01T03:35:19Z
order_00012921,batch_0005,trader_0024,ETH-USD,SELL,1916.18,974,2026-01-01T03:35:20Z
order_00012922,batch_0005,trader_0017,ETH-USD,BUY,1823.46,166,2026-01-01T03:35:21Z
order_00012923,batch_0005,trader_0001,ETH-USD,BUY,2165.94,662,2026-01-01T03:35:22Z
order_00012924,batch_0005,trader_0013,ETH-USD,BUY,1800.88,174,2026-01-01T03:35:23Z
order_00012925,batch_0005,trader_0018,ETH-USD,SELL,2040.02,108,2026-01-01T03:35:24Z
order_00012926,batch_0005,trader_0001,ETH-USD,SELL,1962.39,8,2026-01-01T03:35:25Z
order_00012927,batch_0005,trader_0025,ETH-USD,SELL,2140.66,115,2026-01-01T03:35:26Z
order_00012928,batch_0005,trader_0004,ETH-USD,BUY,2187.61,468,2026-01-01T03:35:27Z
order_00012929,batch_0005,trader_0006,ETH-USD,SELL,2031.35,761,2026-01-01T03:35:28Z
order_00012930,batch_0005,trader_0021,ETH-USD,BUY,1984.59,926,2026-01-01T03:35:29Z
order_00012931,batch_0005,trader_0004,ETH-USD,BUY,1912.23,22,2026-01-01T03:35:30Z
order_00012932,batch_0005,trader_0005,ETH-USD,SELL,1863.8,664,2026-01-01T03:35:31Z
order_00012933,batch_0005,trader_0010,ETH-USD,SELL,2006.08,930,2026-01-01T03:35:32Z
order_00012934,batch_0005,trader_0014,ETH-USD,SELL,2041.64,751,2026-01-01T03:35:33Z
order_00012935,batch_0005,trader_0021,ETH-USD,BUY,2151.9,551,2026-01-01T03:35:34Z
order_00012936,batch_0005,trader_0006,ETH-USD,SELL,2055.59,777,2026-01-01T03:35:35Z
order_00012937,batch_0005,trader_0018,ETH-USD,BUY,1801.4,910,2026-01-01T03:35:36Z
order_00012938,batch_0005,trader_0008,ETH-USD,SELL,2155.91,83,2026-01-01T03:35:37Z
order_00012939,batch_0005,trader_0010,ETH-USD,BUY,1935.74,690,2026-01-01T03:35:38Z
order_00012940,batch_0005,trader_0009,ETH-USD,BUY,1918.14,771,2026-01-01T03:35:39Z
order_00012941,batch_0005,trader_0023,ETH-USD,BUY,2089.03,147,2026-01-01T03:35:40Z
order_00012942,batch_0005,trader_0019,ETH-USD,SELL,1846.0,481,2026-01-01T03:35:41Z
order_00012943,batch_0005,trader_0007,ETH-USD,SELL,1918.17,961,2026-01-01T03:35:42Z
order_00012944,batch_0005,trader_0012,ETH-USD,BUY,1945.33,304,2026-01-01T03:35:43Z
order_00012945,batch_0005,trader_0002,ETH-USD,BUY,2023.97,981,2026-01-01T03:35:44Z
order_00012946,batch_0005,trader_0001,ETH-USD,BUY,2046.88,644,2026-01-01T03:35:45Z
order_00012947,batch_0005,trader_0010,ETH-USD,SELL,2033.09,737,2026-01-01T03:35:46Z
order_00012948,batch_0005,trader_0009,ETH-USD,BUY,1926.05,998,2026-01-01T03:35:47Z
order_00012949,batch_0005,trader_0019,ETH-USD,BUY,2075.17,460,2026-01-01T03:35:48Z
order_00012950,batch_0005,trader_0002,ETH-USD,BUY,2051.68,423,2026-01-01T03:35:49Z
order_00012951,batch_0005,trader_0017,ETH-USD,SELL,1809.92,625,2026-01-01T03:35:50Z
order_00012952,batch_0005,trader_0021,ETH-USD,SELL,1929.36,268,2026-01-01T03:35:51Z
order_00012953,batch_0005,trader_0022,ETH-USD,SELL,2083.91,271,2026-01-01T03:35:52Z
order_00012954,batch_0005,trader_0007,ETH-USD,BUY,1860.35,43,2026-01-01T03:35:53Z
order_00012955,batch_0005,trader_0016,ETH-USD,BUY,1918.24,451,2026-01-01T03:35:54Z
order_00012956,batch_0005,trader_0006,ETH-USD,BUY,1805.1,439,2026-01-01T03:35:55Z
order_00012957,batch_0005,trader_0007,ETH-USD,BUY,1929.2,344,2026-01-01T03:35:56Z
order_00012958,batch_0005,trader_0024,ETH-USD,SELL,1875.28,83,2026-01-01T03:35:57Z
order_00012959,batch_0005,trader_0006,ETH-USD,BUY,1874.59,432,2026-01-01T03:35:58Z
order_00012960,batch_0005,trader_0010,ETH-USD,SELL,2030.4,930,2026-01-01T03:35:59Z
order_00012961,batch_0005,trader_0022,ETH-USD,SELL,1947.99,504,2026-01-01T03:36:00Z
order_00012962,batch_0005,trader_0015,ETH-USD,BUY,1898.93,398,2026-01-01T03:36:01Z
order_00012963,batch_0005,trader_0009,ETH-USD,SELL,2108.54,360,2026-01-01T03:36:02Z
order_00012964,batch_0005,trader_0007,ETH-USD,SELL,1845.44,567,2026-01-01T03:36:03Z
order_00012965,batch_0005,trader_0020,ETH-USD,SELL,2102.06,217,2026-01-01T03:36:04Z
order_00012966,batch_0005,trader_0004,ETH-USD,SELL,2052.23,634,2026-01-01T03:36:05Z
order_00012967,batch_0005,trader_0018,ETH-USD,BUY,2183.83,940,2026-01-01T03:36:06Z
order_00012968,batch_0005,trader_0022,ETH-USD,BUY,1969.31,600,2026-01-01T03:36:07Z
order_00012969,batch_0005,trader_0005,ETH-USD,SELL,2180.89,445,2026-01-01T03:36:08Z
order_00012970,batch_0005,trader_0013,ETH-USD,SELL,2136.3,801,2026-01-01T03:36:09Z
order_00012971,batch_0005,trader_0016,ETH-USD,BUY,2088.34,285,2026-01-01T03:36:10Z
order_00012972,batch_0005,trader_0012,ETH-USD,BUY,2022.0,475,2026-01-01T03:36:11Z
order_00012973,batch_0005,trader_0018,ETH-USD,BUY,2159.58,339,2026-01-01T03:36:12Z
order_00012974,batch_0005,trader_0022,ETH-USD,BUY,1823.19,362,2026-01-01T03:36:13Z
order_00012975,batch_0005,trader_0010,ETH-USD,BUY,2199.49,888,2026-01-01T03:36:14Z
order_00012976,batch_0005,trader_0019,ETH-USD,BUY,2185.98,849,2026-01-01T03:36:15Z
order_00012977,batch_0005,trader_0001,ETH-USD,SELL,1987.4,365,2026-01-01T03:36:16Z
order_00012978,batch_0005,trader_0017,ETH-USD,SELL,2153.66,593,2026-01-01T03:36:17Z
order_00012979,batch_0005,trader_0012,ETH-USD,BUY,1857.7,9,2026-01-01T03:36:18Z
order_00012980,batch_0005,trader_0009,ETH-USD,SELL,2133.07,784,2026-01-01T03:36:19Z
order_00012981,batch_0005,trader_0011,ETH-USD,BUY,2143.33,693,2026-01-01T03:36:20Z
order_00012982,batch_0005,trader_0006,ETH-USD,SELL,1804.48,145,2026-01-01T03:36:21Z
order_00012983,batch_0005,trader_0018,ETH-USD,SELL,2147.61,689,2026-01-01T03:36:22Z
order_00012984,batch_0005,trader_0004,ETH-USD,SELL,2133.15,346,2026-01-01T03:36:23Z
order_00012985,batch_0005,trader_0019,ETH-USD,SELL,1848.87,988,2026-01-01T03:36:24Z
order_00012986,batch_0005,trader_0012,ETH-USD,SELL,1814.13,542,2026-01-01T03:36:25Z
order_00012987,batch_0005,trader_0020,ETH-USD,BUY,1882.06,877,2026-01-01T03:36:26Z
order_00012988,batch_0005,trader_0011,ETH-USD,SELL,1817.08,903,2026-01-01T03:36:27Z
order_00012989,batch_0005,trader_0008,ETH-USD,BUY,1973.23,995,2026-01-01T03:36:28Z
order_00012990,batch_0005,trader_0008,ETH-USD,SELL,2068.3,752,2026-01-01T03:36:29Z
order_00012991,batch_0005,trader_0017,ETH-USD,SELL,2024.8,233,2026-01-01T03:36:30Z
order_00012992,batch_0005,trader_0021,ETH-USD,BUY,2095.05,108,2026-01-01T03:36:31Z
order_00012993,batch_0005,trader_0005,ETH-USD,BUY,1960.74,811,2026-01-01T03:36:32Z
order_00012994,batch_0005,trader_0021,ETH-USD,SELL,1826.07,892,2026-01-01T03:36:33Z
order_00012995,batch_0005,trader_0016,ETH-USD,BUY,1931.35,18,2026-01-01T03:36:34Z
order_00012996,batch_0005,trader_0020,ETH-USD,SELL,1983.28,593,2026-01-01T03:36:35Z
order_00012997,batch_0005,trader_0025,ETH-USD,BUY,1917.29,497,2026-01-01T03:36:36Z
order_00012998,batch_0005,trader_0001,ETH-USD,BUY,2082.67,959,2026-01-01T03:36:37Z
order_00012999,batch_0005,trader_0004,ETH-USD,SELL,2177.48,606,2026-01-01T03:36:38Z
order_00013000,batch_0005,trader_0014,ETH-USD,SELL,2003.93,254,2026-01-01T03:36:39Z
order_00013001,batch_0005,trader_0008,ETH-USD,BUY,2057.41,566,2026-01-01T03:36:40Z
order_00013002,batch_0005,trader_0011,ETH-USD,BUY,2170.3,709,2026-01-01T03:36:41Z
order_00013003,batch_0005,trader_0014,ETH-USD,SELL,1965.26,382,2026-01-01T03:36:42Z
order_00013004,batch_0005,trader_0020,ETH-USD,SELL,2165.88,614,2026-01-01T03:36:43Z
order_00013005,batch_0005,trader_0014,ETH-USD,BUY,1872.02,387,2026-01-01T03:36:44Z
order_00013006,batch_0005,trader_0006,ETH-USD,BUY,1990.35,734,2026-01-01T03:36:45Z
order_00013007,batch_0005,trader_0025,ETH-USD,SELL,1891.34,971,2026-01-01T03:36:46Z
order_00013008,batch_0005,trader_0020,ETH-USD,BUY,2144.69,693,2026-01-01T03:36:47Z
order_00013009,batch_0005,trader_0011,ETH-USD,BUY,2195.32,683,2026-01-01T03:36:48Z
order_00013010,batch_0005,trader_0004,ETH-USD,BUY,1928.46,784,2026-01-01T03:36:49Z
order_00013011,batch_0005,trader_0008,ETH-USD,SELL,1825.16,272,2026-01-01T03:36:50Z
order_00013012,batch_0005,trader_0013,ETH-USD,BUY,2157.11,22,2026-01-01T03:36:51Z
order_00013013,batch_0005,trader_0019,ETH-USD,SELL,1892.27,877,2026-01-01T03:36:52Z
order_00013014,batch_0005,trader_0023,ETH-USD,SELL,1953.86,455,2026-01-01T03:36:53Z
order_00013015,batch_0005,trader_0014,ETH-USD,SELL,2053.23,657,2026-01-01T03:36:54Z
order_00013016,batch_0005,trader_0021,ETH-USD,BUY,2124.14,363,2026-01-01T03:36:55Z
order_00013017,batch_0005,trader_0001,ETH-USD,BUY,1988.32,106,2026-01-01T03:36:56Z
order_00013018,batch_0005,trader_0008,ETH-USD,BUY,1874.43,275,2026-01-01T03:36:57Z
order_00013019,batch_0005,trader_0024,ETH-USD,BUY,1976.57,247,2026-01-01T03:36:58Z
order_00013020,batch_0005,trader_0002,ETH-USD,SELL,1899.75,474,2026-01-01T03:36:59Z
order_00013021,batch_0005,trader_0009,ETH-USD,BUY,1830.1,994,2026-01-01T03:37:00Z
order_00013022,batch_0005,trader_0022,ETH-USD,BUY,1875.38,77,2026-01-01T03:37:01Z
order_00013023,batch_0005,trader_0024,ETH-USD,BUY,2121.92,123,2026-01-01T03:37:02Z
order_00013024,batch_0005,trader_0004,ETH-USD,SELL,1849.73,424,2026-01-01T03:37:03Z
order_00013025,batch_0005,trader_0006,ETH-USD,SELL,1984.51,294,2026-01-01T03:37:04Z
order_00013026,batch_0005,trader_0018,ETH-USD,BUY,1902.14,210,2026-01-01T03:37:05Z
order_00013027,batch_0005,trader_0024,ETH-USD,BUY,2100.04,811,2026-01-01T03:37:06Z
order_00013028,batch_0005,trader_0011,ETH-USD,BUY,1912.23,124,2026-01-01T03:37:07Z
order_00013029,batch_0005,trader_0010,ETH-USD,SELL,2173.75,813,2026-01-01T03:37:08Z
order_00013030,batch_0005,trader_0003,ETH-USD,BUY,2195.93,960,2026-01-01T03:37:09Z
order_00013031,batch_0005,trader_0018,ETH-USD,SELL,1958.57,798,2026-01-01T03:37:10Z
order_00013032,batch_0005,trader_0008,ETH-USD,BUY,1961.81,181,2026-01-01T03:37:11Z
order_00013033,batch_0005,trader_0018,ETH-USD,BUY,1807.53,744,2026-01-01T03:37:12Z
order_00013034,batch_0005,trader_0009,ETH-USD,SELL,2155.2,536,2026-01-01T03:37:13Z
order_00013035,batch_0005,trader_0010,ETH-USD,BUY,1818.14,200,2026-01-01T03:37:14Z
order_00013036,batch_0005,trader_0024,ETH-USD,SELL,1989.57,375,2026-01-01T03:37:15Z
order_00013037,batch_0005,trader_0014,ETH-USD,SELL,1961.84,107,2026-01-01T03:37:16Z
order_00013038,batch_0005,trader_0022,ETH-USD,BUY,2187.19,543,2026-01-01T03:37:17Z
order_00013039,batch_0005,trader_0017,ETH-USD,SELL,2158.83,271,2026-01-01T03:37:18Z
order_00013040,batch_0005,trader_0022,ETH-USD,SELL,2100.42,39,2026-01-01T03:37:19Z
order_00013041,batch_0005,trader_0023,ETH-USD,BUY,2179.2,292,2026-01-01T03:37:20Z
order_00013042,batch_0005,trader_0014,ETH-USD,BUY,2112.7,540,2026-01-01T03:37:21Z
order_00013043,batch_0005,trader_0013,ETH-USD,BUY,1904.92,211,2026-01-01T03:37:22Z
order_00013044,batch_0005,trader_0015,ETH-USD,BUY,2124.61,962,2026-01-01T03:37:23Z
order_00013045,batch_0005,trader_0007,ETH-USD,BUY,1973.57,828,2026-01-01T03:37:24Z
order_00013046,batch_0005,trader_0003,ETH-USD,BUY,1878.06,578,2026-01-01T03:37:25Z
order_00013047,batch_0005,trader_0005,ETH-USD,SELL,1980.57,195,2026-01-01T03:37:26Z
order_00013048,batch_0005,trader_0017,ETH-USD,SELL,2095.25,604,2026-01-01T03:37:27Z
order_00013049,batch_0005,trader_0001,ETH-USD,SELL,1922.21,8,2026-01-01T03:37:28Z
order_00013050,batch_0005,trader_0021,ETH-USD,SELL,2110.49,4,2026-01-01T03:37:29Z
order_00013051,batch_0005,trader_0019,ETH-USD,SELL,1891.94,757,2026-01-01T03:37:30Z
order_00013052,batch_0005,trader_0016,ETH-USD,BUY,1960.74,83,2026-01-01T03:37:31Z
order_00013053,batch_0005,trader_0016,ETH-USD,BUY,1873.97,595,2026-01-01T03:37:32Z
order_00013054,batch_0005,trader_0018,ETH-USD,BUY,2189.55,708,2026-01-01T03:37:33Z
order_00013055,batch_0005,trader_0024,ETH-USD,SELL,2151.12,209,2026-01-01T03:37:34Z
order_00013056,batch_0005,trader_0006,ETH-USD,BUY,2155.22,135,2026-01-01T03:37:35Z
order_00013057,batch_0005,trader_0018,ETH-USD,SELL,2078.24,830,2026-01-01T03:37:36Z
order_00013058,batch_0005,trader_0007,ETH-USD,BUY,1945.51,77,2026-01-01T03:37:37Z
order_00013059,batch_0005,trader_0017,ETH-USD,SELL,1946.02,190,2026-01-01T03:37:38Z
order_00013060,batch_0005,trader_0003,ETH-USD,SELL,2173.01,35,2026-01-01T03:37:39Z
order_00013061,batch_0005,trader_0002,ETH-USD,BUY,1825.38,499,2026-01-01T03:37:40Z
order_00013062,batch_0005,trader_0003,ETH-USD,SELL,2001.46,251,2026-01-01T03:37:41Z
order_00013063,batch_0005,trader_0015,ETH-USD,SELL,2103.69,485,2026-01-01T03:37:42Z
order_00013064,batch_0005,trader_0010,ETH-USD,BUY,2004.36,159,2026-01-01T03:37:43Z
order_00013065,batch_0005,trader_0014,ETH-USD,SELL,1988.83,15,2026-01-01T03:37:44Z
order_00013066,batch_0005,trader_0017,ETH-USD,SELL,1900.35,703,2026-01-01T03:37:45Z
order_00013067,batch_0005,trader_0008,ETH-USD,BUY,2077.93,347,2026-01-01T03:37:46Z
order_00013068,batch_0005,trader_0003,ETH-USD,SELL,1992.31,428,2026-01-01T03:37:47Z
order_00013069,batch_0005,trader_0015,ETH-USD,BUY,2067.68,523,2026-01-01T03:37:48Z
order_00013070,batch_0005,trader_0018,ETH-USD,SELL,2040.69,227,2026-01-01T03:37:49Z
order_00013071,batch_0005,trader_0025,ETH-USD,BUY,2026.93,650,2026-01-01T03:37:50Z
order_00013072,batch_0005,trader_0005,ETH-USD,SELL,2022.46,796,2026-01-01T03:37:51Z
order_00013073,batch_0005,trader_0015,ETH-USD,SELL,1873.53,812,2026-01-01T03:37:52Z
order_00013074,batch_0005,trader_0014,ETH-USD,SELL,1838.56,530,2026-01-01T03:37:53Z
order_00013075,batch_0005,trader_0008,ETH-USD,SELL,2037.43,256,2026-01-01T03:37:54Z
order_00013076,batch_0005,trader_0024,ETH-USD,SELL,2036.02,432,2026-01-01T03:37:55Z
order_00013077,batch_0005,trader_0006,ETH-USD,BUY,2186.6,970,2026-01-01T03:37:56Z
order_00013078,batch_0005,trader_0017,ETH-USD,BUY,2052.94,172,2026-01-01T03:37:57Z
order_00013079,batch_0005,trader_0011,ETH-USD,BUY,2071.65,881,2026-01-01T03:37:58Z
order_00013080,batch_0005,trader_0025,ETH-USD,BUY,2068.81,911,2026-01-01T03:37:59Z
order_00013081,batch_0005,trader_0023,ETH-USD,SELL,2197.36,237,2026-01-01T03:38:00Z
order_00013082,batch_0005,trader_0022,ETH-USD,BUY,1811.74,566,2026-01-01T03:38:01Z
order_00013083,batch_0005,trader_0003,ETH-USD,SELL,1996.49,395,2026-01-01T03:38:02Z
order_00013084,batch_0005,trader_0018,ETH-USD,BUY,2139.5,80,2026-01-01T03:38:03Z
order_00013085,batch_0005,trader_0015,ETH-USD,SELL,1902.13,1,2026-01-01T03:38:04Z
order_00013086,batch_0005,trader_0002,ETH-USD,BUY,2145.59,909,2026-01-01T03:38:05Z
order_00013087,batch_0005,trader_0005,ETH-USD,SELL,2102.91,207,2026-01-01T03:38:06Z
order_00013088,batch_0005,trader_0011,ETH-USD,BUY,1923.03,458,2026-01-01T03:38:07Z
order_00013089,batch_0005,trader_0018,ETH-USD,BUY,2126.51,220,2026-01-01T03:38:08Z
order_00013090,batch_0005,trader_0003,ETH-USD,SELL,1970.29,570,2026-01-01T03:38:09Z
order_00013091,batch_0005,trader_0005,ETH-USD,BUY,2121.19,227,2026-01-01T03:38:10Z
order_00013092,batch_0005,trader_0001,ETH-USD,SELL,2187.54,471,2026-01-01T03:38:11Z
order_00013093,batch_0005,trader_0020,ETH-USD,SELL,2103.23,998,2026-01-01T03:38:12Z
order_00013094,batch_0005,trader_0003,ETH-USD,SELL,1932.73,704,2026-01-01T03:38:13Z
order_00013095,batch_0005,trader_0019,ETH-USD,SELL,2022.93,418,2026-01-01T03:38:14Z
order_00013096,batch_0005,trader_0010,ETH-USD,BUY,2109.04,369,2026-01-01T03:38:15Z
order_00013097,batch_0005,trader_0009,ETH-USD,BUY,2037.47,423,2026-01-01T03:38:16Z
order_00013098,batch_0005,trader_0013,ETH-USD,SELL,2155.08,982,2026-01-01T03:38:17Z
order_00013099,batch_0005,trader_0016,ETH-USD,SELL,2070.18,250,2026-01-01T03:38:18Z
order_00013100,batch_0005,trader_0025,ETH-USD,SELL,1948.61,853,2026-01-01T03:38:19Z
order_00013101,batch_0005,trader_0012,ETH-USD,BUY,2002.88,882,2026-01-01T03:38:20Z
order_00013102,batch_0005,trader_0023,ETH-USD,BUY,1981.15,494,2026-01-01T03:38:21Z
order_00013103,batch_0005,trader_0005,ETH-USD,BUY,1944.88,538,2026-01-01T03:38:22Z
order_00013104,batch_0005,trader_0017,ETH-USD,SELL,2185.82,284,2026-01-01T03:38:23Z
order_00013105,batch_0005,trader_0022,ETH-USD,BUY,2014.29,76,2026-01-01T03:38:24Z
order_00013106,batch_0005,trader_0007,ETH-USD,SELL,2164.8,526,2026-01-01T03:38:25Z
order_00013107,batch_0005,trader_0019,ETH-USD,BUY,2016.53,320,2026-01-01T03:38:26Z
order_00013108,batch_0005,trader_0013,ETH-USD,SELL,2103.43,195,2026-01-01T03:38:27Z
order_00013109,batch_0005,trader_0011,ETH-USD,BUY,1907.47,134,2026-01-01T03:38:28Z
order_00013110,batch_0005,trader_0013,ETH-USD,BUY,2133.04,360,2026-01-01T03:38:29Z
order_00013111,batch_0005,trader_0016,ETH-USD,BUY,1862.16,64,2026-01-01T03:38:30Z
order_00013112,batch_0005,trader_0019,ETH-USD,SELL,2047.14,178,2026-01-01T03:38:31Z
order_00013113,batch_0005,trader_0013,ETH-USD,SELL,1828.65,935,2026-01-01T03:38:32Z
order_00013114,batch_0005,trader_0008,ETH-USD,SELL,1801.35,741,2026-01-01T03:38:33Z
order_00013115,batch_0005,trader_0006,ETH-USD,BUY,1883.33,421,2026-01-01T03:38:34Z
order_00013116,batch_0005,trader_0017,ETH-USD,SELL,1889.12,3,2026-01-01T03:38:35Z
order_00013117,batch_0005,trader_0010,ETH-USD,SELL,2182.77,744,2026-01-01T03:38:36Z
order_00013118,batch_0005,trader_0006,ETH-USD,BUY,1836.01,262,2026-01-01T03:38:37Z
order_00013119,batch_0005,trader_0001,ETH-USD,BUY,2128.79,914,2026-01-01T03:38:38Z
order_00013120,batch_0005,trader_0004,ETH-USD,SELL,1927.53,385,2026-01-01T03:38:39Z
order_00013121,batch_0005,trader_0004,ETH-USD,BUY,2110.68,424,2026-01-01T03:38:40Z
order_00013122,batch_0005,trader_0001,ETH-USD,SELL,1985.01,608,2026-01-01T03:38:41Z
order_00013123,batch_0005,trader_0017,ETH-USD,SELL,2090.15,869,2026-01-01T03:38:42Z
order_00013124,batch_0005,trader_0003,ETH-USD,BUY,1882.65,810,2026-01-01T03:38:43Z
order_00013125,batch_0005,trader_0006,ETH-USD,BUY,1921.6,638,2026-01-01T03:38:44Z
order_00013126,batch_0005,trader_0010,ETH-USD,SELL,1946.86,814,2026-01-01T03:38:45Z
order_00013127,batch_0005,trader_0013,ETH-USD,BUY,1817.12,924,2026-01-01T03:38:46Z
order_00013128,batch_0005,trader_0016,ETH-USD,BUY,1945.96,374,2026-01-01T03:38:47Z
order_00013129,batch_0005,trader_0005,ETH-USD,BUY,1884.88,388,2026-01-01T03:38:48Z
order_00013130,batch_0005,trader_0022,ETH-USD,SELL,1804.3,996,2026-01-01T03:38:49Z
order_00013131,batch_0005,trader_0011,ETH-USD,BUY,2101.79,767,2026-01-01T03:38:50Z
order_00013132,batch_0005,trader_0011,ETH-USD,BUY,2155.67,893,2026-01-01T03:38:51Z
order_00013133,batch_0005,trader_0025,ETH-USD,BUY,2086.83,536,2026-01-01T03:38:52Z
order_00013134,batch_0005,trader_0019,ETH-USD,SELL,1846.32,291,2026-01-01T03:38:53Z
order_00013135,batch_0005,trader_0014,ETH-USD,BUY,1811.47,798,2026-01-01T03:38:54Z
order_00013136,batch_0005,trader_0022,ETH-USD,SELL,1846.57,848,2026-01-01T03:38:55Z
order_00013137,batch_0005,trader_0003,ETH-USD,SELL,1937.15,676,2026-01-01T03:38:56Z
order_00013138,batch_0005,trader_0023,ETH-USD,BUY,1808.34,416,2026-01-01T03:38:57Z
order_00013139,batch_0005,trader_0013,ETH-USD,BUY,2077.45,299,2026-01-01T03:38:58Z
order_00013140,batch_0005,trader_0017,ETH-USD,SELL,2035.95,720,2026-01-01T03:38:59Z
order_00013141,batch_0005,trader_0023,ETH-USD,BUY,1892.06,219,2026-01-01T03:39:00Z
order_00013142,batch_0005,trader_0020,ETH-USD,SELL,1954.83,837,2026-01-01T03:39:01Z
order_00013143,batch_0005,trader_0012,ETH-USD,SELL,1983.27,337,2026-01-01T03:39:02Z
order_00013144,batch_0005,trader_0018,ETH-USD,BUY,1806.68,805,2026-01-01T03:39:03Z
order_00013145,batch_0005,trader_0014,ETH-USD,BUY,2199.81,794,2026-01-01T03:39:04Z
order_00013146,batch_0005,trader_0017,ETH-USD,BUY,1894.19,200,2026-01-01T03:39:05Z
order_00013147,batch_0005,trader_0020,ETH-USD,SELL,2051.86,833,2026-01-01T03:39:06Z
order_00013148,batch_0005,trader_0013,ETH-USD,SELL,1974.09,976,2026-01-01T03:39:07Z
order_00013149,batch_0005,trader_0024,ETH-USD,BUY,2018.69,52,2026-01-01T03:39:08Z
order_00013150,batch_0005,trader_0025,ETH-USD,SELL,2005.56,119,2026-01-01T03:39:09Z
order_00013151,batch_0005,trader_0004,ETH-USD,BUY,1814.48,570,2026-01-01T03:39:10Z
order_00013152,batch_0005,trader_0008,ETH-USD,BUY,1877.19,21,2026-01-01T03:39:11Z
order_00013153,batch_0005,trader_0011,ETH-USD,SELL,1977.96,540,2026-01-01T03:39:12Z
order_00013154,batch_0005,trader_0004,ETH-USD,BUY,2097.25,822,2026-01-01T03:39:13Z
order_00013155,batch_0005,trader_0015,ETH-USD,SELL,1896.45,901,2026-01-01T03:39:14Z
order_00013156,batch_0005,trader_0021,ETH-USD,SELL,1865.89,887,2026-01-01T03:39:15Z
order_00013157,batch_0005,trader_0001,ETH-USD,SELL,1883.32,622,2026-01-01T03:39:16Z
order_00013158,batch_0005,trader_0007,ETH-USD,SELL,1916.49,705,2026-01-01T03:39:17Z
order_00013159,batch_0005,trader_0003,ETH-USD,SELL,2074.6,72,2026-01-01T03:39:18Z
order_00013160,batch_0005,trader_0023,ETH-USD,SELL,2197.45,282,2026-01-01T03:39:19Z
order_00013161,batch_0005,trader_0020,ETH-USD,BUY,1975.81,852,2026-01-01T03:39:20Z
order_00013162,batch_0005,trader_0006,ETH-USD,SELL,1816.37,942,2026-01-01T03:39:21Z
order_00013163,batch_0005,trader_0025,ETH-USD,BUY,2112.66,397,2026-01-01T03:39:22Z
order_00013164,batch_0005,trader_0002,ETH-USD,SELL,2175.41,135,2026-01-01T03:39:23Z
order_00013165,batch_0005,trader_0012,ETH-USD,BUY,2176.46,215,2026-01-01T03:39:24Z
order_00013166,batch_0005,trader_0015,ETH-USD,BUY,2190.08,540,2026-01-01T03:39:25Z
order_00013167,batch_0005,trader_0004,ETH-USD,SELL,2072.4,663,2026-01-01T03:39:26Z
order_00013168,batch_0005,trader_0008,ETH-USD,SELL,1913.93,54,2026-01-01T03:39:27Z
order_00013169,batch_0005,trader_0013,ETH-USD,BUY,1993.31,467,2026-01-01T03:39:28Z
order_00013170,batch_0005,trader_0019,ETH-USD,SELL,1944.51,621,2026-01-01T03:39:29Z
order_00013171,batch_0005,trader_0005,ETH-USD,SELL,1880.69,660,2026-01-01T03:39:30Z
order_00013172,batch_0005,trader_0020,ETH-USD,SELL,1908.52,136,2026-01-01T03:39:31Z
order_00013173,batch_0005,trader_0019,ETH-USD,BUY,1987.17,224,2026-01-01T03:39:32Z
order_00013174,batch_0005,trader_0015,ETH-USD,BUY,1931.37,322,2026-01-01T03:39:33Z
order_00013175,batch_0005,trader_0001,ETH-USD,SELL,2123.62,122,2026-01-01T03:39:34Z
order_00013176,batch_0005,trader_0022,ETH-USD,SELL,1933.79,314,2026-01-01T03:39:35Z
order_00013177,batch_0005,trader_0020,ETH-USD,BUY,2015.24,168,2026-01-01T03:39:36Z
order_00013178,batch_0005,trader_0007,ETH-USD,SELL,2160.86,285,2026-01-01T03:39:37Z
order_00013179,batch_0005,trader_0013,ETH-USD,SELL,2011.33,755,2026-01-01T03:39:38Z
order_00013180,batch_0005,trader_0009,ETH-USD,SELL,1961.47,458,2026-01-01T03:39:39Z
order_00013181,batch_0005,trader_0013,ETH-USD,SELL,2070.04,242,2026-01-01T03:39:40Z
order_00013182,batch_0005,trader_0014,ETH-USD,BUY,2018.36,785,2026-01-01T03:39:41Z
order_00013183,batch_0005,trader_0013,ETH-USD,SELL,2196.07,619,2026-01-01T03:39:42Z
order_00013184,batch_0005,trader_0016,ETH-USD,SELL,2007.74,9,2026-01-01T03:39:43Z
order_00013185,batch_0005,trader_0003,ETH-USD,SELL,2025.94,238,2026-01-01T03:39:44Z
order_00013186,batch_0005,trader_0023,ETH-USD,SELL,1848.88,305,2026-01-01T03:39:45Z
order_00013187,batch_0005,trader_0024,ETH-USD,BUY,1815.27,599,2026-01-01T03:39:46Z
order_00013188,batch_0005,trader_0022,ETH-USD,SELL,2043.96,293,2026-01-01T03:39:47Z
order_00013189,batch_0005,trader_0009,ETH-USD,BUY,1904.16,299,2026-01-01T03:39:48Z
order_00013190,batch_0005,trader_0012,ETH-USD,BUY,1981.09,55,2026-01-01T03:39:49Z
order_00013191,batch_0005,trader_0016,ETH-USD,BUY,2090.54,352,2026-01-01T03:39:50Z
order_00013192,batch_0005,trader_0011,ETH-USD,SELL,1824.36,66,2026-01-01T03:39:51Z
order_00013193,batch_0005,trader_0018,ETH-USD,BUY,2059.69,848,2026-01-01T03:39:52Z
order_00013194,batch_0005,trader_0011,ETH-USD,BUY,1821.93,927,2026-01-01T03:39:53Z
order_00013195,batch_0005,trader_0020,ETH-USD,SELL,2045.46,894,2026-01-01T03:39:54Z
order_00013196,batch_0005,trader_0001,ETH-USD,BUY,1952.73,259,2026-01-01T03:39:55Z
order_00013197,batch_0005,trader_0018,ETH-USD,BUY,1867.34,560,2026-01-01T03:39:56Z
order_00013198,batch_0005,trader_0014,ETH-USD,SELL,1891.36,32,2026-01-01T03:39:57Z
order_00013199,batch_0005,trader_0004,ETH-USD,SELL,2043.72,613,2026-01-01T03:39:58Z
order_00013200,batch_0005,trader_0021,ETH-USD,SELL,2023.93,20,2026-01-01T03:39:59Z
order_00013201,batch_0005,trader_0001,ETH-USD,BUY,1992.12,507,2026-01-01T03:40:00Z
order_00013202,batch_0005,trader_0004,ETH-USD,SELL,1943.29,481,2026-01-01T03:40:01Z
order_00013203,batch_0005,trader_0007,ETH-USD,BUY,2068.94,670,2026-01-01T03:40:02Z
order_00013204,batch_0005,trader_0011,ETH-USD,SELL,2051.17,616,2026-01-01T03:40:03Z
order_00013205,batch_0005,trader_0020,ETH-USD,BUY,1980.74,972,2026-01-01T03:40:04Z
order_00013206,batch_0005,trader_0010,ETH-USD,SELL,2076.65,490,2026-01-01T03:40:05Z
order_00013207,batch_0005,trader_0008,ETH-USD,SELL,1957.77,830,2026-01-01T03:40:06Z
order_00013208,batch_0005,trader_0003,ETH-USD,BUY,2111.08,491,2026-01-01T03:40:07Z
order_00013209,batch_0005,trader_0024,ETH-USD,SELL,1962.53,186,2026-01-01T03:40:08Z
order_00013210,batch_0005,trader_0014,ETH-USD,BUY,2140.34,784,2026-01-01T03:40:09Z
order_00013211,batch_0005,trader_0008,ETH-USD,BUY,1892.97,924,2026-01-01T03:40:10Z
order_00013212,batch_0005,trader_0018,ETH-USD,SELL,1883.05,402,2026-01-01T03:40:11Z
order_00013213,batch_0005,trader_0005,ETH-USD,BUY,2175.38,11,2026-01-01T03:40:12Z
order_00013214,batch_0005,trader_0022,ETH-USD,SELL,1851.93,420,2026-01-01T03:40:13Z
order_00013215,batch_0005,trader_0001,ETH-USD,SELL,1968.55,529,2026-01-01T03:40:14Z
order_00013216,batch_0005,trader_0009,ETH-USD,SELL,1958.6,413,2026-01-01T03:40:15Z
order_00013217,batch_0005,trader_0011,ETH-USD,SELL,1812.13,464,2026-01-01T03:40:16Z
order_00013218,batch_0005,trader_0008,ETH-USD,BUY,1907.61,305,2026-01-01T03:40:17Z
order_00013219,batch_0005,trader_0011,ETH-USD,SELL,2025.26,989,2026-01-01T03:40:18Z
order_00013220,batch_0005,trader_0015,ETH-USD,BUY,1843.57,136,2026-01-01T03:40:19Z
order_00013221,batch_0005,trader_0021,ETH-USD,BUY,2162.02,50,2026-01-01T03:40:20Z
order_00013222,batch_0005,trader_0017,ETH-USD,BUY,2080.25,79,2026-01-01T03:40:21Z
order_00013223,batch_0005,trader_0017,ETH-USD,SELL,1901.86,919,2026-01-01T03:40:22Z
order_00013224,batch_0005,trader_0022,ETH-USD,BUY,2166.85,10,2026-01-01T03:40:23Z
order_00013225,batch_0005,trader_0008,ETH-USD,SELL,1807.51,843,2026-01-01T03:40:24Z
order_00013226,batch_0005,trader_0021,ETH-USD,SELL,1810.35,330,2026-01-01T03:40:25Z
order_00013227,batch_0005,trader_0014,ETH-USD,BUY,1970.53,538,2026-01-01T03:40:26Z
order_00013228,batch_0005,trader_0020,ETH-USD,SELL,2170.95,40,2026-01-01T03:40:27Z
order_00013229,batch_0005,trader_0011,ETH-USD,BUY,1875.26,224,2026-01-01T03:40:28Z
order_00013230,batch_0005,trader_0009,ETH-USD,BUY,1805.83,308,2026-01-01T03:40:29Z
order_00013231,batch_0005,trader_0021,ETH-USD,SELL,2171.14,126,2026-01-01T03:40:30Z
order_00013232,batch_0005,trader_0023,ETH-USD,BUY,2075.8,527,2026-01-01T03:40:31Z
order_00013233,batch_0005,trader_0014,ETH-USD,SELL,1969.26,474,2026-01-01T03:40:32Z
order_00013234,batch_0005,trader_0006,ETH-USD,SELL,2060.66,96,2026-01-01T03:40:33Z
order_00013235,batch_0005,trader_0019,ETH-USD,BUY,2166.87,834,2026-01-01T03:40:34Z
order_00013236,batch_0005,trader_0008,ETH-USD,SELL,2121.73,203,2026-01-01T03:40:35Z
order_00013237,batch_0005,trader_0020,ETH-USD,BUY,1974.36,337,2026-01-01T03:40:36Z
order_00013238,batch_0005,trader_0018,ETH-USD,BUY,1807.97,159,2026-01-01T03:40:37Z
order_00013239,batch_0005,trader_0013,ETH-USD,BUY,1928.19,816,2026-01-01T03:40:38Z
order_00013240,batch_0005,trader_0023,ETH-USD,SELL,1965.67,86,2026-01-01T03:40:39Z
order_00013241,batch_0005,trader_0023,ETH-USD,SELL,2153.69,180,2026-01-01T03:40:40Z
order_00013242,batch_0005,trader_0010,ETH-USD,SELL,2092.54,55,2026-01-01T03:40:41Z
order_00013243,batch_0005,trader_0010,ETH-USD,BUY,1831.13,219,2026-01-01T03:40:42Z
order_00013244,batch_0005,trader_0016,ETH-USD,BUY,2175.15,667,2026-01-01T03:40:43Z
order_00013245,batch_0005,trader_0014,ETH-USD,SELL,1872.24,685,2026-01-01T03:40:44Z
order_00013246,batch_0005,trader_0021,ETH-USD,BUY,1884.78,144,2026-01-01T03:40:45Z
order_00013247,batch_0005,trader_0012,ETH-USD,SELL,2080.46,379,2026-01-01T03:40:46Z
order_00013248,batch_0005,trader_0022,ETH-USD,BUY,1825.42,766,2026-01-01T03:40:47Z
order_00013249,batch_0005,trader_0018,ETH-USD,SELL,2104.34,226,2026-01-01T03:40:48Z
order_00013250,batch_0005,trader_0006,ETH-USD,BUY,1981.98,422,2026-01-01T03:40:49Z
order_00013251,batch_0005,trader_0003,ETH-USD,BUY,2069.95,310,2026-01-01T03:40:50Z
order_00013252,batch_0005,trader_0017,ETH-USD,SELL,2128.84,967,2026-01-01T03:40:51Z
order_00013253,batch_0005,trader_0020,ETH-USD,SELL,2194.27,723,2026-01-01T03:40:52Z
order_00013254,batch_0005,trader_0011,ETH-USD,BUY,2071.86,308,2026-01-01T03:40:53Z
order_00013255,batch_0005,trader_0021,ETH-USD,SELL,2150.59,348,2026-01-01T03:40:54Z
order_00013256,batch_0005,trader_0023,ETH-USD,BUY,1937.14,185,2026-01-01T03:40:55Z
order_00013257,batch_0005,trader_0018,ETH-USD,SELL,1850.15,441,2026-01-01T03:40:56Z
order_00013258,batch_0005,trader_0021,ETH-USD,SELL,2122.44,433,2026-01-01T03:40:57Z
order_00013259,batch_0005,trader_0003,ETH-USD,BUY,2195.9,711,2026-01-01T03:40:58Z
order_00013260,batch_0005,trader_0017,ETH-USD,SELL,2112.87,255,2026-01-01T03:40:59Z
order_00013261,batch_0005,trader_0011,ETH-USD,BUY,1981.85,729,2026-01-01T03:41:00Z
order_00013262,batch_0005,trader_0009,ETH-USD,SELL,2095.59,251,2026-01-01T03:41:01Z
order_00013263,batch_0005,trader_0020,ETH-USD,SELL,2069.06,475,2026-01-01T03:41:02Z
order_00013264,batch_0005,trader_0001,ETH-USD,BUY,2094.09,891,2026-01-01T03:41:03Z
order_00013265,batch_0005,trader_0005,ETH-USD,BUY,2014.27,898,2026-01-01T03:41:04Z
order_00013266,batch_0005,trader_0022,ETH-USD,SELL,2103.28,54,2026-01-01T03:41:05Z
order_00013267,batch_0005,trader_0023,ETH-USD,SELL,1907.77,788,2026-01-01T03:41:06Z
order_00013268,batch_0005,trader_0020,ETH-USD,BUY,1823.78,135,2026-01-01T03:41:07Z
order_00013269,batch_0005,trader_0004,ETH-USD,BUY,2057.87,643,2026-01-01T03:41:08Z
order_00013270,batch_0005,trader_0012,ETH-USD,BUY,2112.9,970,2026-01-01T03:41:09Z
order_00013271,batch_0005,trader_0015,ETH-USD,SELL,1887.41,466,2026-01-01T03:41:10Z
order_00013272,batch_0005,trader_0008,ETH-USD,BUY,2116.27,245,2026-01-01T03:41:11Z
order_00013273,batch_0005,trader_0010,ETH-USD,BUY,1909.15,548,2026-01-01T03:41:12Z
order_00013274,batch_0005,trader_0009,ETH-USD,BUY,2038.37,783,2026-01-01T03:41:13Z
order_00013275,batch_0005,trader_0018,ETH-USD,BUY,2103.38,854,2026-01-01T03:41:14Z
order_00013276,batch_0005,trader_0001,ETH-USD,BUY,1901.67,329,2026-01-01T03:41:15Z
order_00013277,batch_0005,trader_0024,ETH-USD,BUY,2111.85,169,2026-01-01T03:41:16Z
order_00013278,batch_0005,trader_0002,ETH-USD,SELL,2030.0,111,2026-01-01T03:41:17Z
order_00013279,batch_0005,trader_0001,ETH-USD,SELL,1998.6,574,2026-01-01T03:41:18Z
order_00013280,batch_0005,trader_0019,ETH-USD,SELL,2073.82,351,2026-01-01T03:41:19Z
order_00013281,batch_0005,trader_0009,ETH-USD,BUY,1895.96,39,2026-01-01T03:41:20Z
order_00013282,batch_0005,trader_0006,ETH-USD,SELL,2052.98,782,2026-01-01T03:41:21Z
order_00013283,batch_0005,trader_0005,ETH-USD,SELL,2151.97,163,2026-01-01T03:41:22Z
order_00013284,batch_0005,trader_0025,ETH-USD,BUY,2072.54,339,2026-01-01T03:41:23Z
order_00013285,batch_0005,trader_0024,ETH-USD,SELL,1938.48,724,2026-01-01T03:41:24Z
order_00013286,batch_0005,trader_0017,ETH-USD,SELL,1859.07,839,2026-01-01T03:41:25Z
order_00013287,batch_0005,trader_0012,ETH-USD,BUY,1948.59,510,2026-01-01T03:41:26Z
order_00013288,batch_0005,trader_0008,ETH-USD,SELL,2018.55,454,2026-01-01T03:41:27Z
order_00013289,batch_0005,trader_0008,ETH-USD,SELL,1891.77,830,2026-01-01T03:41:28Z
order_00013290,batch_0005,trader_0003,ETH-USD,SELL,1915.71,792,2026-01-01T03:41:29Z
order_00013291,batch_0005,trader_0018,ETH-USD,BUY,1940.44,699,2026-01-01T03:41:30Z
order_00013292,batch_0005,trader_0018,ETH-USD,SELL,2104.74,362,2026-01-01T03:41:31Z
order_00013293,batch_0005,trader_0017,ETH-USD,BUY,1874.72,944,2026-01-01T03:41:32Z
order_00013294,batch_0005,trader_0019,ETH-USD,SELL,2071.54,16,2026-01-01T03:41:33Z
order_00013295,batch_0005,trader_0017,ETH-USD,BUY,2090.42,185,2026-01-01T03:41:34Z
order_00013296,batch_0005,trader_0001,ETH-USD,BUY,2007.37,457,2026-01-01T03:41:35Z
order_00013297,batch_0005,trader_0018,ETH-USD,SELL,2024.34,73,2026-01-01T03:41:36Z
order_00013298,batch_0005,trader_0019,ETH-USD,BUY,2052.47,371,2026-01-01T03:41:37Z
order_00013299,batch_0005,trader_0013,ETH-USD,SELL,2009.05,697,2026-01-01T03:41:38Z
order_00013300,batch_0005,trader_0001,ETH-USD,SELL,2076.73,651,2026-01-01T03:41:39Z
order_00013301,batch_0005,trader_0014,ETH-USD,SELL,1916.93,772,2026-01-01T03:41:40Z
order_00013302,batch_0005,trader_0013,ETH-USD,BUY,2071.57,328,2026-01-01T03:41:41Z
order_00013303,batch_0005,trader_0006,ETH-USD,SELL,2158.38,4,2026-01-01T03:41:42Z
order_00013304,batch_0005,trader_0021,ETH-USD,BUY,2013.72,962,2026-01-01T03:41:43Z
order_00013305,batch_0005,trader_0011,ETH-USD,SELL,2008.16,366,2026-01-01T03:41:44Z
order_00013306,batch_0005,trader_0002,ETH-USD,BUY,2020.87,594,2026-01-01T03:41:45Z
order_00013307,batch_0005,trader_0022,ETH-USD,SELL,1994.25,36,2026-01-01T03:41:46Z
order_00013308,batch_0005,trader_0019,ETH-USD,SELL,1900.83,47,2026-01-01T03:41:47Z
order_00013309,batch_0005,trader_0010,ETH-USD,SELL,1985.08,908,2026-01-01T03:41:48Z
order_00013310,batch_0005,trader_0009,ETH-USD,BUY,2053.11,22,2026-01-01T03:41:49Z
order_00013311,batch_0005,trader_0016,ETH-USD,SELL,1992.0,258,2026-01-01T03:41:50Z
order_00013312,batch_0005,trader_0010,ETH-USD,BUY,1816.57,172,2026-01-01T03:41:51Z
order_00013313,batch_0005,trader_0025,ETH-USD,SELL,2129.88,262,2026-01-01T03:41:52Z
order_00013314,batch_0005,trader_0021,ETH-USD,BUY,1991.07,699,2026-01-01T03:41:53Z
order_00013315,batch_0005,trader_0018,ETH-USD,BUY,1832.28,496,2026-01-01T03:41:54Z
order_00013316,batch_0005,trader_0004,ETH-USD,SELL,2069.06,767,2026-01-01T03:41:55Z
order_00013317,batch_0005,trader_0025,ETH-USD,BUY,2102.92,60,2026-01-01T03:41:56Z
order_00013318,batch_0005,trader_0022,ETH-USD,BUY,1871.92,932,2026-01-01T03:41:57Z
order_00013319,batch_0005,trader_0020,ETH-USD,SELL,2093.99,74,2026-01-01T03:41:58Z
order_00013320,batch_0005,trader_0014,ETH-USD,SELL,2171.12,259,2026-01-01T03:41:59Z
order_00013321,batch_0005,trader_0013,ETH-USD,BUY,2110.65,654,2026-01-01T03:42:00Z
order_00013322,batch_0005,trader_0003,ETH-USD,BUY,1909.83,431,2026-01-01T03:42:01Z
order_00013323,batch_0005,trader_0008,ETH-USD,SELL,2077.75,501,2026-01-01T03:42:02Z
order_00013324,batch_0005,trader_0012,ETH-USD,BUY,1936.66,454,2026-01-01T03:42:03Z
order_00013325,batch_0005,trader_0018,ETH-USD,BUY,2082.9,718,2026-01-01T03:42:04Z
order_00013326,batch_0005,trader_0025,ETH-USD,BUY,2073.88,977,2026-01-01T03:42:05Z
order_00013327,batch_0005,trader_0003,ETH-USD,SELL,2060.57,12,2026-01-01T03:42:06Z
order_00013328,batch_0005,trader_0017,ETH-USD,SELL,2054.22,82,2026-01-01T03:42:07Z
order_00013329,batch_0005,trader_0019,ETH-USD,BUY,1932.21,93,2026-01-01T03:42:08Z
order_00013330,batch_0005,trader_0016,ETH-USD,SELL,2135.65,61,2026-01-01T03:42:09Z
order_00013331,batch_0005,trader_0013,ETH-USD,BUY,2095.34,827,2026-01-01T03:42:10Z
order_00013332,batch_0005,trader_0002,ETH-USD,SELL,1884.32,275,2026-01-01T03:42:11Z
order_00013333,batch_0005,trader_0005,ETH-USD,SELL,2121.14,25,2026-01-01T03:42:12Z
order_00013334,batch_0005,trader_0013,ETH-USD,SELL,1894.06,680,2026-01-01T03:42:13Z
order_00013335,batch_0005,trader_0010,ETH-USD,BUY,1852.28,218,2026-01-01T03:42:14Z
order_00013336,batch_0005,trader_0009,ETH-USD,BUY,1900.85,758,2026-01-01T03:42:15Z
order_00013337,batch_0005,trader_0013,ETH-USD,BUY,1952.31,40,2026-01-01T03:42:16Z
order_00013338,batch_0005,trader_0008,ETH-USD,BUY,2183.76,466,2026-01-01T03:42:17Z
order_00013339,batch_0005,trader_0020,ETH-USD,BUY,2011.35,465,2026-01-01T03:42:18Z
order_00013340,batch_0005,trader_0004,ETH-USD,BUY,1848.9,262,2026-01-01T03:42:19Z
order_00013341,batch_0005,trader_0020,ETH-USD,BUY,1864.38,471,2026-01-01T03:42:20Z
order_00013342,batch_0005,trader_0020,ETH-USD,BUY,1902.89,677,2026-01-01T03:42:21Z
order_00013343,batch_0005,trader_0002,ETH-USD,SELL,2013.23,852,2026-01-01T03:42:22Z
order_00013344,batch_0005,trader_0002,ETH-USD,SELL,1838.01,672,2026-01-01T03:42:23Z
order_00013345,batch_0005,trader_0015,ETH-USD,SELL,1956.28,786,2026-01-01T03:42:24Z
order_00013346,batch_0005,trader_0011,ETH-USD,SELL,1971.42,695,2026-01-01T03:42:25Z
order_00013347,batch_0005,trader_0012,ETH-USD,SELL,1981.82,380,2026-01-01T03:42:26Z
order_00013348,batch_0005,trader_0024,ETH-USD,BUY,2154.56,22,2026-01-01T03:42:27Z
order_00013349,batch_0005,trader_0024,ETH-USD,BUY,1984.47,644,2026-01-01T03:42:28Z
order_00013350,batch_0005,trader_0009,ETH-USD,BUY,2100.14,604,2026-01-01T03:42:29Z
order_00013351,batch_0005,trader_0003,ETH-USD,SELL,2041.28,955,2026-01-01T03:42:30Z
order_00013352,batch_0005,trader_0025,ETH-USD,SELL,2127.34,22,2026-01-01T03:42:31Z
order_00013353,batch_0005,trader_0021,ETH-USD,SELL,2033.59,634,2026-01-01T03:42:32Z
order_00013354,batch_0005,trader_0017,ETH-USD,BUY,2176.63,845,2026-01-01T03:42:33Z
order_00013355,batch_0005,trader_0011,ETH-USD,BUY,2141.24,734,2026-01-01T03:42:34Z
order_00013356,batch_0005,trader_0001,ETH-USD,BUY,1817.19,790,2026-01-01T03:42:35Z
order_00013357,batch_0005,trader_0009,ETH-USD,BUY,1885.6,860,2026-01-01T03:42:36Z
order_00013358,batch_0005,trader_0018,ETH-USD,SELL,1905.5,26,2026-01-01T03:42:37Z
order_00013359,batch_0005,trader_0002,ETH-USD,BUY,1985.2,807,2026-01-01T03:42:38Z
order_00013360,batch_0005,trader_0025,ETH-USD,BUY,1957.06,158,2026-01-01T03:42:39Z
order_00013361,batch_0005,trader_0012,ETH-USD,BUY,1904.76,346,2026-01-01T03:42:40Z
order_00013362,batch_0005,trader_0014,ETH-USD,BUY,2110.33,726,2026-01-01T03:42:41Z
order_00013363,batch_0005,trader_0014,ETH-USD,SELL,2084.57,809,2026-01-01T03:42:42Z
order_00013364,batch_0005,trader_0004,ETH-USD,BUY,1936.6,143,2026-01-01T03:42:43Z
order_00013365,batch_0005,trader_0021,ETH-USD,BUY,1856.43,839,2026-01-01T03:42:44Z
order_00013366,batch_0005,trader_0012,ETH-USD,BUY,2137.07,198,2026-01-01T03:42:45Z
order_00013367,batch_0005,trader_0006,ETH-USD,SELL,1989.88,92,2026-01-01T03:42:46Z
order_00013368,batch_0005,trader_0008,ETH-USD,SELL,1890.05,980,2026-01-01T03:42:47Z
order_00013369,batch_0005,trader_0002,ETH-USD,SELL,2106.67,558,2026-01-01T03:42:48Z
order_00013370,batch_0005,trader_0018,ETH-USD,SELL,2167.21,767,2026-01-01T03:42:49Z
order_00013371,batch_0005,trader_0021,ETH-USD,SELL,2125.48,864,2026-01-01T03:42:50Z
order_00013372,batch_0005,trader_0023,ETH-USD,BUY,2076.55,911,2026-01-01T03:42:51Z
order_00013373,batch_0005,trader_0006,ETH-USD,BUY,1831.63,712,2026-01-01T03:42:52Z
order_00013374,batch_0005,trader_0010,ETH-USD,SELL,1808.28,515,2026-01-01T03:42:53Z
order_00013375,batch_0005,trader_0011,ETH-USD,SELL,1824.03,238,2026-01-01T03:42:54Z
order_00013376,batch_0005,trader_0016,ETH-USD,SELL,1985.77,798,2026-01-01T03:42:55Z
order_00013377,batch_0005,trader_0004,ETH-USD,BUY,1853.42,103,2026-01-01T03:42:56Z
order_00013378,batch_0005,trader_0019,ETH-USD,SELL,1842.28,529,2026-01-01T03:42:57Z
order_00013379,batch_0005,trader_0022,ETH-USD,SELL,2185.82,98,2026-01-01T03:42:58Z
order_00013380,batch_0005,trader_0008,ETH-USD,SELL,2160.12,426,2026-01-01T03:42:59Z
order_00013381,batch_0005,trader_0005,ETH-USD,SELL,1834.1,132,2026-01-01T03:43:00Z
order_00013382,batch_0005,trader_0021,ETH-USD,SELL,1880.79,496,2026-01-01T03:43:01Z
order_00013383,batch_0005,trader_0025,ETH-USD,BUY,1805.0,75,2026-01-01T03:43:02Z
order_00013384,batch_0005,trader_0017,ETH-USD,BUY,2013.65,405,2026-01-01T03:43:03Z
order_00013385,batch_0005,trader_0024,ETH-USD,SELL,1967.67,281,2026-01-01T03:43:04Z
order_00013386,batch_0005,trader_0008,ETH-USD,SELL,1916.33,104,2026-01-01T03:43:05Z
order_00013387,batch_0005,trader_0014,ETH-USD,BUY,2135.96,622,2026-01-01T03:43:06Z
order_00013388,batch_0005,trader_0015,ETH-USD,SELL,1876.57,344,2026-01-01T03:43:07Z
order_00013389,batch_0005,trader_0011,ETH-USD,BUY,1937.12,191,2026-01-01T03:43:08Z
order_00013390,batch_0005,trader_0019,ETH-USD,BUY,1951.93,948,2026-01-01T03:43:09Z
order_00013391,batch_0005,trader_0023,ETH-USD,SELL,2077.89,656,2026-01-01T03:43:10Z
order_00013392,batch_0005,trader_0019,ETH-USD,BUY,1888.44,772,2026-01-01T03:43:11Z
order_00013393,batch_0005,trader_0013,ETH-USD,BUY,2050.6,398,2026-01-01T03:43:12Z
order_00013394,batch_0005,trader_0022,ETH-USD,BUY,1864.43,743,2026-01-01T03:43:13Z
order_00013395,batch_0005,trader_0001,ETH-USD,SELL,1992.17,673,2026-01-01T03:43:14Z
order_00013396,batch_0005,trader_0020,ETH-USD,BUY,2089.8,693,2026-01-01T03:43:15Z
order_00013397,batch_0005,trader_0022,ETH-USD,BUY,2186.5,662,2026-01-01T03:43:16Z
order_00013398,batch_0005,trader_0012,ETH-USD,BUY,2124.29,662,2026-01-01T03:43:17Z
order_00013399,batch_0005,trader_0020,ETH-USD,SELL,1839.04,787,2026-01-01T03:43:18Z
order_00013400,batch_0005,trader_0024,ETH-USD,SELL,2066.97,746,2026-01-01T03:43:19Z
order_00013401,batch_0005,trader_0010,ETH-USD,BUY,1823.18,229,2026-01-01T03:43:20Z
order_00013402,batch_0005,trader_0023,ETH-USD,BUY,1860.38,504,2026-01-01T03:43:21Z
order_00013403,batch_0005,trader_0012,ETH-USD,SELL,2080.81,78,2026-01-01T03:43:22Z
order_00013404,batch_0005,trader_0023,ETH-USD,SELL,2043.46,658,2026-01-01T03:43:23Z
order_00013405,batch_0005,trader_0008,ETH-USD,BUY,2051.58,702,2026-01-01T03:43:24Z
order_00013406,batch_0005,trader_0010,ETH-USD,BUY,2002.05,797,2026-01-01T03:43:25Z
order_00013407,batch_0005,trader_0022,ETH-USD,BUY,2169.63,129,2026-01-01T03:43:26Z
order_00013408,batch_0005,trader_0025,ETH-USD,SELL,2188.92,700,2026-01-01T03:43:27Z
order_00013409,batch_0005,trader_0025,ETH-USD,BUY,2019.02,190,2026-01-01T03:43:28Z
order_00013410,batch_0005,trader_0024,ETH-USD,SELL,2087.86,329,2026-01-01T03:43:29Z
order_00013411,batch_0005,trader_0007,ETH-USD,BUY,2064.66,55,2026-01-01T03:43:30Z
order_00013412,batch_0005,trader_0002,ETH-USD,BUY,2030.28,953,2026-01-01T03:43:31Z
order_00013413,batch_0005,trader_0007,ETH-USD,BUY,2055.56,86,2026-01-01T03:43:32Z
order_00013414,batch_0005,trader_0019,ETH-USD,BUY,1909.64,205,2026-01-01T03:43:33Z
order_00013415,batch_0005,trader_0017,ETH-USD,BUY,1928.69,256,2026-01-01T03:43:34Z
order_00013416,batch_0005,trader_0015,ETH-USD,BUY,2008.92,956,2026-01-01T03:43:35Z
order_00013417,batch_0005,trader_0008,ETH-USD,SELL,2102.89,942,2026-01-01T03:43:36Z
order_00013418,batch_0005,trader_0023,ETH-USD,BUY,1917.92,149,2026-01-01T03:43:37Z
order_00013419,batch_0005,trader_0013,ETH-USD,BUY,1969.76,721,2026-01-01T03:43:38Z
order_00013420,batch_0005,trader_0024,ETH-USD,BUY,2014.71,820,2026-01-01T03:43:39Z
order_00013421,batch_0005,trader_0010,ETH-USD,BUY,2046.89,22,2026-01-01T03:43:40Z
order_00013422,batch_0005,trader_0007,ETH-USD,BUY,2041.08,134,2026-01-01T03:43:41Z
order_00013423,batch_0005,trader_0010,ETH-USD,BUY,1894.5,541,2026-01-01T03:43:42Z
order_00013424,batch_0005,trader_0021,ETH-USD,SELL,2041.61,25,2026-01-01T03:43:43Z
order_00013425,batch_0005,trader_0014,ETH-USD,BUY,1934.24,869,2026-01-01T03:43:44Z
order_00013426,batch_0005,trader_0002,ETH-USD,SELL,2083.82,574,2026-01-01T03:43:45Z
order_00013427,batch_0005,trader_0005,ETH-USD,SELL,1905.93,357,2026-01-01T03:43:46Z
order_00013428,batch_0005,trader_0007,ETH-USD,BUY,1990.71,449,2026-01-01T03:43:47Z
order_00013429,batch_0005,trader_0011,ETH-USD,BUY,2169.86,883,2026-01-01T03:43:48Z
order_00013430,batch_0005,trader_0018,ETH-USD,SELL,2068.16,134,2026-01-01T03:43:49Z
order_00013431,batch_0005,trader_0008,ETH-USD,SELL,2193.12,403,2026-01-01T03:43:50Z
order_00013432,batch_0005,trader_0020,ETH-USD,BUY,2118.98,263,2026-01-01T03:43:51Z
order_00013433,batch_0005,trader_0009,ETH-USD,BUY,2096.91,888,2026-01-01T03:43:52Z
order_00013434,batch_0005,trader_0023,ETH-USD,SELL,1970.13,479,2026-01-01T03:43:53Z
order_00013435,batch_0005,trader_0013,ETH-USD,BUY,1851.62,788,2026-01-01T03:43:54Z
order_00013436,batch_0005,trader_0011,ETH-USD,SELL,2006.42,411,2026-01-01T03:43:55Z
order_00013437,batch_0005,trader_0006,ETH-USD,SELL,1964.89,118,2026-01-01T03:43:56Z
order_00013438,batch_0005,trader_0004,ETH-USD,BUY,1828.86,380,2026-01-01T03:43:57Z
order_00013439,batch_0005,trader_0021,ETH-USD,BUY,2062.82,705,2026-01-01T03:43:58Z
order_00013440,batch_0005,trader_0015,ETH-USD,SELL,1904.22,336,2026-01-01T03:43:59Z
order_00013441,batch_0005,trader_0001,ETH-USD,BUY,2133.6,642,2026-01-01T03:44:00Z
order_00013442,batch_0005,trader_0015,ETH-USD,SELL,2122.23,363,2026-01-01T03:44:01Z
order_00013443,batch_0005,trader_0002,ETH-USD,BUY,2083.69,341,2026-01-01T03:44:02Z
order_00013444,batch_0005,trader_0015,ETH-USD,BUY,1924.96,430,2026-01-01T03:44:03Z
order_00013445,batch_0005,trader_0022,ETH-USD,SELL,1890.34,118,2026-01-01T03:44:04Z
order_00013446,batch_0005,trader_0002,ETH-USD,BUY,1982.45,184,2026-01-01T03:44:05Z
order_00013447,batch_0005,trader_0012,ETH-USD,BUY,1893.95,792,2026-01-01T03:44:06Z
order_00013448,batch_0005,trader_0005,ETH-USD,SELL,1870.58,554,2026-01-01T03:44:07Z
order_00013449,batch_0005,trader_0025,ETH-USD,SELL,1850.72,372,2026-01-01T03:44:08Z
order_00013450,batch_0005,trader_0001,ETH-USD,SELL,1954.76,122,2026-01-01T03:44:09Z
order_00013451,batch_0005,trader_0008,ETH-USD,SELL,1945.84,902,2026-01-01T03:44:10Z
order_00013452,batch_0005,trader_0012,ETH-USD,BUY,1969.57,499,2026-01-01T03:44:11Z
order_00013453,batch_0005,trader_0004,ETH-USD,BUY,2122.96,110,2026-01-01T03:44:12Z
order_00013454,batch_0005,trader_0004,ETH-USD,BUY,2031.48,785,2026-01-01T03:44:13Z
order_00013455,batch_0005,trader_0025,ETH-USD,BUY,1917.16,103,2026-01-01T03:44:14Z
order_00013456,batch_0005,trader_0022,ETH-USD,BUY,2027.27,228,2026-01-01T03:44:15Z
order_00013457,batch_0005,trader_0019,ETH-USD,SELL,2051.74,82,2026-01-01T03:44:16Z
order_00013458,batch_0005,trader_0011,ETH-USD,SELL,1894.12,668,2026-01-01T03:44:17Z
order_00013459,batch_0005,trader_0023,ETH-USD,SELL,2024.02,289,2026-01-01T03:44:18Z
order_00013460,batch_0005,trader_0016,ETH-USD,BUY,1853.87,102,2026-01-01T03:44:19Z
order_00013461,batch_0005,trader_0016,ETH-USD,BUY,1976.98,908,2026-01-01T03:44:20Z
order_00013462,batch_0005,trader_0021,ETH-USD,SELL,1928.68,937,2026-01-01T03:44:21Z
order_00013463,batch_0005,trader_0020,ETH-USD,SELL,1877.85,347,2026-01-01T03:44:22Z
order_00013464,batch_0005,trader_0015,ETH-USD,BUY,1838.44,605,2026-01-01T03:44:23Z
order_00013465,batch_0005,trader_0009,ETH-USD,BUY,2027.97,500,2026-01-01T03:44:24Z
order_00013466,batch_0005,trader_0007,ETH-USD,BUY,1800.8,539,2026-01-01T03:44:25Z
order_00013467,batch_0005,trader_0025,ETH-USD,BUY,2188.33,822,2026-01-01T03:44:26Z
order_00013468,batch_0005,trader_0019,ETH-USD,SELL,1863.99,752,2026-01-01T03:44:27Z
order_00013469,batch_0005,trader_0004,ETH-USD,SELL,1960.94,883,2026-01-01T03:44:28Z
order_00013470,batch_0005,trader_0018,ETH-USD,SELL,1955.62,783,2026-01-01T03:44:29Z
order_00013471,batch_0005,trader_0019,ETH-USD,SELL,1861.82,34,2026-01-01T03:44:30Z
order_00013472,batch_0005,trader_0005,ETH-USD,BUY,1900.73,431,2026-01-01T03:44:31Z
order_00013473,batch_0005,trader_0015,ETH-USD,SELL,1927.59,656,2026-01-01T03:44:32Z
order_00013474,batch_0005,trader_0006,ETH-USD,SELL,1805.7,538,2026-01-01T03:44:33Z
order_00013475,batch_0005,trader_0014,ETH-USD,BUY,1953.93,900,2026-01-01T03:44:34Z
order_00013476,batch_0005,trader_0001,ETH-USD,BUY,1817.5,424,2026-01-01T03:44:35Z
order_00013477,batch_0005,trader_0001,ETH-USD,SELL,2031.85,374,2026-01-01T03:44:36Z
order_00013478,batch_0005,trader_0025,ETH-USD,SELL,2145.2,124,2026-01-01T03:44:37Z
order_00013479,batch_0005,trader_0008,ETH-USD,SELL,1802.77,14,2026-01-01T03:44:38Z
order_00013480,batch_0005,trader_0015,ETH-USD,BUY,2171.1,341,2026-01-01T03:44:39Z
order_00013481,batch_0005,trader_0017,ETH-USD,SELL,2188.83,560,2026-01-01T03:44:40Z
order_00013482,batch_0005,trader_0024,ETH-USD,SELL,1864.1,645,2026-01-01T03:44:41Z
order_00013483,batch_0005,trader_0025,ETH-USD,SELL,1861.83,643,2026-01-01T03:44:42Z
order_00013484,batch_0005,trader_0002,ETH-USD,SELL,1981.72,11,2026-01-01T03:44:43Z
order_00013485,batch_0005,trader_0025,ETH-USD,SELL,1825.01,556,2026-01-01T03:44:44Z
order_00013486,batch_0005,trader_0006,ETH-USD,BUY,1868.02,756,2026-01-01T03:44:45Z
order_00013487,batch_0005,trader_0013,ETH-USD,BUY,2036.13,725,2026-01-01T03:44:46Z
order_00013488,batch_0005,trader_0012,ETH-USD,SELL,1866.93,401,2026-01-01T03:44:47Z
order_00013489,batch_0005,trader_0023,ETH-USD,BUY,2140.49,357,2026-01-01T03:44:48Z
order_00013490,batch_0005,trader_0002,ETH-USD,BUY,2196.85,593,2026-01-01T03:44:49Z
order_00013491,batch_0005,trader_0005,ETH-USD,BUY,2111.44,859,2026-01-01T03:44:50Z
order_00013492,batch_0005,trader_0006,ETH-USD,BUY,2047.86,138,2026-01-01T03:44:51Z
order_00013493,batch_0005,trader_0005,ETH-USD,SELL,2037.74,712,2026-01-01T03:44:52Z
order_00013494,batch_0005,trader_0018,ETH-USD,SELL,1886.66,419,2026-01-01T03:44:53Z
order_00013495,batch_0005,trader_0006,ETH-USD,SELL,1922.54,244,2026-01-01T03:44:54Z
order_00013496,batch_0005,trader_0019,ETH-USD,SELL,1880.09,400,2026-01-01T03:44:55Z
order_00013497,batch_0005,trader_0016,ETH-USD,SELL,2128.01,653,2026-01-01T03:44:56Z
order_00013498,batch_0005,trader_0012,ETH-USD,SELL,2046.31,276,2026-01-01T03:44:57Z
order_00013499,batch_0005,trader_0025,ETH-USD,SELL,2043.75,55,2026-01-01T03:44:58Z
order_00013500,batch_0005,trader_0012,ETH-USD,SELL,2176.06,236,2026-01-01T03:44:59Z
order_00013501,batch_0005,trader_0015,ETH-USD,BUY,2001.66,538,2026-01-01T03:45:00Z
order_00013502,batch_0005,trader_0021,ETH-USD,SELL,2156.89,153,2026-01-01T03:45:01Z
order_00013503,batch_0005,trader_0021,ETH-USD,BUY,2061.92,410,2026-01-01T03:45:02Z
order_00013504,batch_0005,trader_0014,ETH-USD,SELL,1838.98,624,2026-01-01T03:45:03Z
order_00013505,batch_0005,trader_0011,ETH-USD,BUY,1810.7,615,2026-01-01T03:45:04Z
order_00013506,batch_0005,trader_0007,ETH-USD,SELL,1995.3,569,2026-01-01T03:45:05Z
order_00013507,batch_0005,trader_0014,ETH-USD,BUY,1859.83,652,2026-01-01T03:45:06Z
order_00013508,batch_0005,trader_0022,ETH-USD,BUY,2034.07,737,2026-01-01T03:45:07Z
order_00013509,batch_0005,trader_0020,ETH-USD,SELL,2150.1,809,2026-01-01T03:45:08Z
order_00013510,batch_0005,trader_0011,ETH-USD,BUY,1987.21,439,2026-01-01T03:45:09Z
order_00013511,batch_0005,trader_0006,ETH-USD,SELL,2060.83,161,2026-01-01T03:45:10Z
order_00013512,batch_0005,trader_0020,ETH-USD,BUY,2166.58,800,2026-01-01T03:45:11Z
order_00013513,batch_0005,trader_0011,ETH-USD,SELL,1838.35,707,2026-01-01T03:45:12Z
order_00013514,batch_0005,trader_0003,ETH-USD,SELL,2016.56,945,2026-01-01T03:45:13Z
order_00013515,batch_0005,trader_0016,ETH-USD,SELL,2183.36,631,2026-01-01T03:45:14Z
order_00013516,batch_0005,trader_0017,ETH-USD,SELL,1911.83,526,2026-01-01T03:45:15Z
order_00013517,batch_0005,trader_0019,ETH-USD,BUY,1993.46,757,2026-01-01T03:45:16Z
order_00013518,batch_0005,trader_0006,ETH-USD,BUY,1817.64,862,2026-01-01T03:45:17Z
order_00013519,batch_0005,trader_0017,ETH-USD,BUY,2164.53,566,2026-01-01T03:45:18Z
order_00013520,batch_0005,trader_0001,ETH-USD,SELL,2094.01,355,2026-01-01T03:45:19Z
order_00013521,batch_0005,trader_0001,ETH-USD,SELL,2062.71,506,2026-01-01T03:45:20Z
order_00013522,batch_0005,trader_0001,ETH-USD,SELL,2055.09,571,2026-01-01T03:45:21Z
order_00013523,batch_0005,trader_0019,ETH-USD,BUY,1808.27,822,2026-01-01T03:45:22Z
order_00013524,batch_0005,trader_0025,ETH-USD,SELL,2145.63,293,2026-01-01T03:45:23Z
order_00013525,batch_0005,trader_0022,ETH-USD,SELL,1978.55,330,2026-01-01T03:45:24Z
order_00013526,batch_0005,trader_0011,ETH-USD,BUY,2046.76,930,2026-01-01T03:45:25Z
order_00013527,batch_0005,trader_0025,ETH-USD,BUY,2161.86,839,2026-01-01T03:45:26Z
order_00013528,batch_0005,trader_0001,ETH-USD,BUY,1968.67,652,2026-01-01T03:45:27Z
order_00013529,batch_0005,trader_0020,ETH-USD,SELL,1907.41,561,2026-01-01T03:45:28Z
order_00013530,batch_0005,trader_0023,ETH-USD,SELL,1841.58,2,2026-01-01T03:45:29Z
order_00013531,batch_0005,trader_0007,ETH-USD,SELL,1851.09,114,2026-01-01T03:45:30Z
order_00013532,batch_0005,trader_0006,ETH-USD,BUY,1909.28,157,2026-01-01T03:45:31Z
order_00013533,batch_0005,trader_0010,ETH-USD,BUY,2192.49,662,2026-01-01T03:45:32Z
order_00013534,batch_0005,trader_0005,ETH-USD,SELL,1814.87,695,2026-01-01T03:45:33Z
order_00013535,batch_0005,trader_0023,ETH-USD,SELL,1846.44,354,2026-01-01T03:45:34Z
order_00013536,batch_0005,trader_0005,ETH-USD,BUY,2060.35,918,2026-01-01T03:45:35Z
order_00013537,batch_0005,trader_0002,ETH-USD,BUY,2112.44,276,2026-01-01T03:45:36Z
order_00013538,batch_0005,trader_0016,ETH-USD,SELL,2123.53,369,2026-01-01T03:45:37Z
order_00013539,batch_0005,trader_0010,ETH-USD,SELL,1863.73,920,2026-01-01T03:45:38Z
order_00013540,batch_0005,trader_0013,ETH-USD,SELL,1915.54,497,2026-01-01T03:45:39Z
order_00013541,batch_0005,trader_0022,ETH-USD,BUY,2182.82,920,2026-01-01T03:45:40Z
order_00013542,batch_0005,trader_0022,ETH-USD,SELL,1975.79,342,2026-01-01T03:45:41Z
order_00013543,batch_0005,trader_0004,ETH-USD,SELL,2177.89,31,2026-01-01T03:45:42Z
order_00013544,batch_0005,trader_0023,ETH-USD,SELL,1822.71,691,2026-01-01T03:45:43Z
order_00013545,batch_0005,trader_0021,ETH-USD,SELL,1899.94,428,2026-01-01T03:45:44Z
order_00013546,batch_0005,trader_0003,ETH-USD,BUY,2108.13,643,2026-01-01T03:45:45Z
order_00013547,batch_0005,trader_0025,ETH-USD,SELL,1905.66,840,2026-01-01T03:45:46Z
order_00013548,batch_0005,trader_0007,ETH-USD,BUY,1861.59,695,2026-01-01T03:45:47Z
order_00013549,batch_0005,trader_0016,ETH-USD,BUY,2147.18,800,2026-01-01T03:45:48Z
order_00013550,batch_0005,trader_0025,ETH-USD,SELL,1899.68,468,2026-01-01T03:45:49Z
order_00013551,batch_0005,trader_0025,ETH-USD,SELL,2109.85,569,2026-01-01T03:45:50Z
order_00013552,batch_0005,trader_0013,ETH-USD,BUY,2139.59,514,2026-01-01T03:45:51Z
order_00013553,batch_0005,trader_0012,ETH-USD,BUY,1943.97,461,2026-01-01T03:45:52Z
order_00013554,batch_0005,trader_0018,ETH-USD,BUY,2003.57,340,2026-01-01T03:45:53Z
order_00013555,batch_0005,trader_0012,ETH-USD,BUY,2150.72,394,2026-01-01T03:45:54Z
order_00013556,batch_0005,trader_0013,ETH-USD,BUY,1970.48,980,2026-01-01T03:45:55Z
order_00013557,batch_0005,trader_0017,ETH-USD,BUY,2000.39,991,2026-01-01T03:45:56Z
order_00013558,batch_0005,trader_0017,ETH-USD,BUY,1923.95,411,2026-01-01T03:45:57Z
order_00013559,batch_0005,trader_0002,ETH-USD,BUY,1817.98,230,2026-01-01T03:45:58Z
order_00013560,batch_0005,trader_0021,ETH-USD,BUY,1904.48,361,2026-01-01T03:45:59Z
order_00013561,batch_0005,trader_0010,ETH-USD,BUY,1899.73,869,2026-01-01T03:46:00Z
order_00013562,batch_0005,trader_0019,ETH-USD,BUY,1939.65,522,2026-01-01T03:46:01Z
order_00013563,batch_0005,trader_0010,ETH-USD,BUY,2190.31,642,2026-01-01T03:46:02Z
order_00013564,batch_0005,trader_0004,ETH-USD,BUY,1914.66,7,2026-01-01T03:46:03Z
order_00013565,batch_0005,trader_0011,ETH-USD,SELL,1948.75,319,2026-01-01T03:46:04Z
order_00013566,batch_0005,trader_0007,ETH-USD,SELL,1884.8,395,2026-01-01T03:46:05Z
order_00013567,batch_0005,trader_0011,ETH-USD,BUY,2041.34,438,2026-01-01T03:46:06Z
order_00013568,batch_0005,trader_0004,ETH-USD,SELL,1826.27,874,2026-01-01T03:46:07Z
order_00013569,batch_0005,trader_0018,ETH-USD,SELL,1848.25,664,2026-01-01T03:46:08Z
order_00013570,batch_0005,trader_0021,ETH-USD,SELL,2149.87,877,2026-01-01T03:46:09Z
order_00013571,batch_0005,trader_0006,ETH-USD,SELL,2025.54,334,2026-01-01T03:46:10Z
order_00013572,batch_0005,trader_0022,ETH-USD,BUY,2175.68,538,2026-01-01T03:46:11Z
order_00013573,batch_0005,trader_0005,ETH-USD,BUY,2172.42,906,2026-01-01T03:46:12Z
order_00013574,batch_0005,trader_0015,ETH-USD,BUY,2067.09,631,2026-01-01T03:46:13Z
order_00013575,batch_0005,trader_0003,ETH-USD,SELL,1984.81,912,2026-01-01T03:46:14Z
order_00013576,batch_0005,trader_0023,ETH-USD,BUY,2144.3,6,2026-01-01T03:46:15Z
order_00013577,batch_0005,trader_0015,ETH-USD,SELL,2078.85,453,2026-01-01T03:46:16Z
order_00013578,batch_0005,trader_0002,ETH-USD,BUY,1877.47,838,2026-01-01T03:46:17Z
order_00013579,batch_0005,trader_0001,ETH-USD,SELL,2049.49,559,2026-01-01T03:46:18Z
order_00013580,batch_0005,trader_0005,ETH-USD,SELL,1932.74,533,2026-01-01T03:46:19Z
order_00013581,batch_0005,trader_0014,ETH-USD,BUY,1889.34,265,2026-01-01T03:46:20Z
order_00013582,batch_0005,trader_0020,ETH-USD,SELL,1988.13,278,2026-01-01T03:46:21Z
order_00013583,batch_0005,trader_0016,ETH-USD,BUY,1922.31,652,2026-01-01T03:46:22Z
order_00013584,batch_0005,trader_0019,ETH-USD,BUY,2006.71,972,2026-01-01T03:46:23Z
order_00013585,batch_0005,trader_0013,ETH-USD,BUY,1967.16,518,2026-01-01T03:46:24Z
order_00013586,batch_0005,trader_0017,ETH-USD,SELL,2080.24,93,2026-01-01T03:46:25Z
order_00013587,batch_0005,trader_0010,ETH-USD,SELL,1983.76,825,2026-01-01T03:46:26Z
order_00013588,batch_0005,trader_0002,ETH-USD,SELL,2009.4,324,2026-01-01T03:46:27Z
order_00013589,batch_0005,trader_0020,ETH-USD,SELL,1832.52,194,2026-01-01T03:46:28Z
order_00013590,batch_0005,trader_0003,ETH-USD,BUY,1865.03,326,2026-01-01T03:46:29Z
order_00013591,batch_0005,trader_0024,ETH-USD,SELL,2134.89,458,2026-01-01T03:46:30Z
order_00013592,batch_0005,trader_0011,ETH-USD,BUY,1811.08,808,2026-01-01T03:46:31Z
order_00013593,batch_0005,trader_0014,ETH-USD,BUY,1853.67,67,2026-01-01T03:46:32Z
order_00013594,batch_0005,trader_0016,ETH-USD,BUY,2078.77,327,2026-01-01T03:46:33Z
order_00013595,batch_0005,trader_0018,ETH-USD,BUY,2162.67,144,2026-01-01T03:46:34Z
order_00013596,batch_0005,trader_0020,ETH-USD,SELL,2170.57,310,2026-01-01T03:46:35Z
order_00013597,batch_0005,trader_0015,ETH-USD,BUY,2187.41,781,2026-01-01T03:46:36Z
order_00013598,batch_0005,trader_0004,ETH-USD,BUY,1949.73,329,2026-01-01T03:46:37Z
order_00013599,batch_0005,trader_0008,ETH-USD,SELL,2006.34,426,2026-01-01T03:46:38Z
order_00013600,batch_0005,trader_0007,ETH-USD,BUY,1896.71,531,2026-01-01T03:46:39Z
order_00013601,batch_0005,trader_0008,ETH-USD,BUY,2077.97,533,2026-01-01T03:46:40Z
order_00013602,batch_0005,trader_0006,ETH-USD,BUY,1922.82,941,2026-01-01T03:46:41Z
order_00013603,batch_0005,trader_0009,ETH-USD,SELL,2097.43,784,2026-01-01T03:46:42Z
order_00013604,batch_0005,trader_0006,ETH-USD,BUY,1868.97,735,2026-01-01T03:46:43Z
order_00013605,batch_0005,trader_0024,ETH-USD,SELL,2006.53,710,2026-01-01T03:46:44Z
order_00013606,batch_0005,trader_0016,ETH-USD,BUY,1927.7,356,2026-01-01T03:46:45Z
order_00013607,batch_0005,trader_0006,ETH-USD,BUY,2106.34,105,2026-01-01T03:46:46Z
order_00013608,batch_0005,trader_0007,ETH-USD,SELL,1908.0,477,2026-01-01T03:46:47Z
order_00013609,batch_0005,trader_0020,ETH-USD,BUY,2113.32,933,2026-01-01T03:46:48Z
order_00013610,batch_0005,trader_0005,ETH-USD,BUY,1964.66,842,2026-01-01T03:46:49Z
order_00013611,batch_0005,trader_0004,ETH-USD,BUY,1861.54,57,2026-01-01T03:46:50Z
order_00013612,batch_0005,trader_0002,ETH-USD,BUY,2161.11,650,2026-01-01T03:46:51Z
order_00013613,batch_0005,trader_0013,ETH-USD,BUY,1829.71,762,2026-01-01T03:46:52Z
order_00013614,batch_0005,trader_0013,ETH-USD,BUY,2141.26,647,2026-01-01T03:46:53Z
order_00013615,batch_0005,trader_0007,ETH-USD,BUY,1909.52,304,2026-01-01T03:46:54Z
order_00013616,batch_0005,trader_0021,ETH-USD,BUY,1800.82,426,2026-01-01T03:46:55Z
order_00013617,batch_0005,trader_0007,ETH-USD,SELL,2098.92,908,2026-01-01T03:46:56Z
order_00013618,batch_0005,trader_0003,ETH-USD,BUY,1959.23,376,2026-01-01T03:46:57Z
order_00013619,batch_0005,trader_0018,ETH-USD,SELL,1871.69,654,2026-01-01T03:46:58Z
order_00013620,batch_0005,trader_0006,ETH-USD,SELL,1815.09,508,2026-01-01T03:46:59Z
order_00013621,batch_0005,trader_0024,ETH-USD,BUY,1943.99,97,2026-01-01T03:47:00Z
order_00013622,batch_0005,trader_0024,ETH-USD,SELL,2071.2,276,2026-01-01T03:47:01Z
order_00013623,batch_0005,trader_0004,ETH-USD,BUY,2141.79,360,2026-01-01T03:47:02Z
order_00013624,batch_0005,trader_0013,ETH-USD,BUY,1879.2,666,2026-01-01T03:47:03Z
order_00013625,batch_0005,trader_0024,ETH-USD,SELL,1817.42,375,2026-01-01T03:47:04Z
order_00013626,batch_0005,trader_0012,ETH-USD,SELL,1924.8,675,2026-01-01T03:47:05Z
order_00013627,batch_0005,trader_0025,ETH-USD,BUY,2053.4,53,2026-01-01T03:47:06Z
order_00013628,batch_0005,trader_0011,ETH-USD,BUY,2196.68,740,2026-01-01T03:47:07Z
order_00013629,batch_0005,trader_0006,ETH-USD,BUY,1861.51,482,2026-01-01T03:47:08Z
order_00013630,batch_0005,trader_0024,ETH-USD,BUY,1927.82,913,2026-01-01T03:47:09Z
order_00013631,batch_0005,trader_0008,ETH-USD,SELL,2125.31,823,2026-01-01T03:47:10Z
order_00013632,batch_0005,trader_0004,ETH-USD,BUY,2157.95,416,2026-01-01T03:47:11Z
order_00013633,batch_0005,trader_0009,ETH-USD,SELL,1806.8,628,2026-01-01T03:47:12Z
order_00013634,batch_0005,trader_0005,ETH-USD,BUY,2165.1,544,2026-01-01T03:47:13Z
order_00013635,batch_0005,trader_0007,ETH-USD,BUY,2053.82,866,2026-01-01T03:47:14Z
order_00013636,batch_0005,trader_0025,ETH-USD,BUY,1996.73,519,2026-01-01T03:47:15Z
order_00013637,batch_0005,trader_0022,ETH-USD,BUY,2117.88,576,2026-01-01T03:47:16Z
order_00013638,batch_0005,trader_0012,ETH-USD,BUY,1946.39,343,2026-01-01T03:47:17Z
order_00013639,batch_0005,trader_0018,ETH-USD,BUY,1948.25,522,2026-01-01T03:47:18Z
order_00013640,batch_0005,trader_0009,ETH-USD,BUY,1861.54,789,2026-01-01T03:47:19Z
order_00013641,batch_0005,trader_0015,ETH-USD,SELL,2025.53,628,2026-01-01T03:47:20Z
order_00013642,batch_0005,trader_0018,ETH-USD,BUY,1955.82,810,2026-01-01T03:47:21Z
order_00013643,batch_0005,trader_0012,ETH-USD,BUY,1938.09,896,2026-01-01T03:47:22Z
order_00013644,batch_0005,trader_0007,ETH-USD,BUY,1883.4,983,2026-01-01T03:47:23Z
order_00013645,batch_0005,trader_0024,ETH-USD,SELL,1984.34,4,2026-01-01T03:47:24Z
order_00013646,batch_0005,trader_0001,ETH-USD,SELL,2051.87,416,2026-01-01T03:47:25Z
order_00013647,batch_0005,trader_0009,ETH-USD,SELL,1804.02,296,2026-01-01T03:47:26Z
order_00013648,batch_0005,trader_0004,ETH-USD,BUY,1948.11,931,2026-01-01T03:47:27Z
order_00013649,batch_0005,trader_0014,ETH-USD,BUY,1806.21,323,2026-01-01T03:47:28Z
order_00013650,batch_0005,trader_0011,ETH-USD,SELL,1938.8,402,2026-01-01T03:47:29Z
order_00013651,batch_0005,trader_0024,ETH-USD,SELL,2044.78,784,2026-01-01T03:47:30Z
order_00013652,batch_0005,trader_0013,ETH-USD,BUY,1929.23,408,2026-01-01T03:47:31Z
order_00013653,batch_0005,trader_0024,ETH-USD,SELL,2146.14,509,2026-01-01T03:47:32Z
order_00013654,batch_0005,trader_0006,ETH-USD,SELL,1865.52,137,2026-01-01T03:47:33Z
order_00013655,batch_0005,trader_0001,ETH-USD,BUY,1900.82,44,2026-01-01T03:47:34Z
order_00013656,batch_0005,trader_0019,ETH-USD,BUY,2076.08,245,2026-01-01T03:47:35Z
order_00013657,batch_0005,trader_0019,ETH-USD,BUY,2130.65,39,2026-01-01T03:47:36Z
order_00013658,batch_0005,trader_0008,ETH-USD,BUY,1840.29,867,2026-01-01T03:47:37Z
order_00013659,batch_0005,trader_0003,ETH-USD,BUY,1935.95,248,2026-01-01T03:47:38Z
order_00013660,batch_0005,trader_0010,ETH-USD,SELL,2121.17,817,2026-01-01T03:47:39Z
order_00013661,batch_0005,trader_0005,ETH-USD,SELL,2133.34,151,2026-01-01T03:47:40Z
order_00013662,batch_0005,trader_0005,ETH-USD,SELL,1853.43,112,2026-01-01T03:47:41Z
order_00013663,batch_0005,trader_0025,ETH-USD,BUY,1964.46,568,2026-01-01T03:47:42Z
order_00013664,batch_0005,trader_0005,ETH-USD,BUY,2086.31,3,2026-01-01T03:47:43Z
order_00013665,batch_0005,trader_0005,ETH-USD,SELL,1931.95,953,2026-01-01T03:47:44Z
order_00013666,batch_0005,trader_0006,ETH-USD,BUY,2037.85,756,2026-01-01T03:47:45Z
order_00013667,batch_0005,trader_0023,ETH-USD,BUY,1859.47,23,2026-01-01T03:47:46Z
order_00013668,batch_0005,trader_0001,ETH-USD,BUY,1822.29,720,2026-01-01T03:47:47Z
order_00013669,batch_0005,trader_0020,ETH-USD,BUY,1979.04,133,2026-01-01T03:47:48Z
order_00013670,batch_0005,trader_0009,ETH-USD,BUY,2068.83,676,2026-01-01T03:47:49Z
order_00013671,batch_0005,trader_0019,ETH-USD,SELL,1824.55,341,2026-01-01T03:47:50Z
order_00013672,batch_0005,trader_0008,ETH-USD,SELL,1838.35,581,2026-01-01T03:47:51Z
order_00013673,batch_0005,trader_0011,ETH-USD,BUY,1864.72,778,2026-01-01T03:47:52Z
order_00013674,batch_0005,trader_0016,ETH-USD,SELL,2054.49,120,2026-01-01T03:47:53Z
order_00013675,batch_0005,trader_0024,ETH-USD,SELL,2035.35,189,2026-01-01T03:47:54Z
order_00013676,batch_0005,trader_0016,ETH-USD,SELL,1963.16,282,2026-01-01T03:47:55Z
order_00013677,batch_0005,trader_0025,ETH-USD,SELL,1822.4,293,2026-01-01T03:47:56Z
order_00013678,batch_0005,trader_0020,ETH-USD,SELL,2159.3,990,2026-01-01T03:47:57Z
order_00013679,batch_0005,trader_0012,ETH-USD,SELL,2032.01,470,2026-01-01T03:47:58Z
order_00013680,batch_0005,trader_0001,ETH-USD,BUY,2162.04,71,2026-01-01T03:47:59Z
order_00013681,batch_0005,trader_0002,ETH-USD,SELL,2056.78,1,2026-01-01T03:48:00Z
order_00013682,batch_0005,trader_0008,ETH-USD,SELL,1898.39,402,2026-01-01T03:48:01Z
order_00013683,batch_0005,trader_0007,ETH-USD,BUY,1994.06,132,2026-01-01T03:48:02Z
order_00013684,batch_0005,trader_0014,ETH-USD,SELL,2187.85,739,2026-01-01T03:48:03Z
order_00013685,batch_0005,trader_0003,ETH-USD,BUY,1865.55,742,2026-01-01T03:48:04Z
order_00013686,batch_0005,trader_0007,ETH-USD,BUY,2165.66,955,2026-01-01T03:48:05Z
order_00013687,batch_0005,trader_0011,ETH-USD,BUY,1858.23,602,2026-01-01T03:48:06Z
order_00013688,batch_0005,trader_0016,ETH-USD,SELL,2018.08,685,2026-01-01T03:48:07Z
order_00013689,batch_0005,trader_0018,ETH-USD,SELL,1981.95,886,2026-01-01T03:48:08Z
order_00013690,batch_0005,trader_0007,ETH-USD,SELL,2076.48,187,2026-01-01T03:48:09Z
order_00013691,batch_0005,trader_0014,ETH-USD,SELL,1825.61,160,2026-01-01T03:48:10Z
order_00013692,batch_0005,trader_0006,ETH-USD,BUY,1866.3,164,2026-01-01T03:48:11Z
order_00013693,batch_0005,trader_0017,ETH-USD,SELL,1889.23,875,2026-01-01T03:48:12Z
order_00013694,batch_0005,trader_0011,ETH-USD,SELL,1878.74,85,2026-01-01T03:48:13Z
order_00013695,batch_0005,trader_0020,ETH-USD,BUY,1886.99,168,2026-01-01T03:48:14Z
order_00013696,batch_0005,trader_0022,ETH-USD,SELL,1857.82,395,2026-01-01T03:48:15Z
order_00013697,batch_0005,trader_0010,ETH-USD,BUY,2144.72,595,2026-01-01T03:48:16Z
order_00013698,batch_0005,trader_0024,ETH-USD,SELL,2140.59,838,2026-01-01T03:48:17Z
order_00013699,batch_0005,trader_0006,ETH-USD,SELL,1919.72,285,2026-01-01T03:48:18Z
order_00013700,batch_0005,trader_0019,ETH-USD,BUY,1864.16,947,2026-01-01T03:48:19Z
order_00013701,batch_0005,trader_0013,ETH-USD,SELL,2124.39,258,2026-01-01T03:48:20Z
order_00013702,batch_0005,trader_0021,ETH-USD,BUY,2008.96,27,2026-01-01T03:48:21Z
order_00013703,batch_0005,trader_0023,ETH-USD,SELL,2082.49,590,2026-01-01T03:48:22Z
order_00013704,batch_0005,trader_0006,ETH-USD,SELL,1911.82,36,2026-01-01T03:48:23Z
order_00013705,batch_0005,trader_0007,ETH-USD,SELL,2076.63,629,2026-01-01T03:48:24Z
order_00013706,batch_0005,trader_0012,ETH-USD,SELL,1911.33,471,2026-01-01T03:48:25Z
order_00013707,batch_0005,trader_0024,ETH-USD,SELL,1936.8,880,2026-01-01T03:48:26Z
order_00013708,batch_0005,trader_0023,ETH-USD,SELL,1893.72,885,2026-01-01T03:48:27Z
order_00013709,batch_0005,trader_0019,ETH-USD,SELL,2057.57,521,2026-01-01T03:48:28Z
order_00013710,batch_0005,trader_0020,ETH-USD,BUY,1831.87,640,2026-01-01T03:48:29Z
order_00013711,batch_0005,trader_0019,ETH-USD,BUY,2104.98,249,2026-01-01T03:48:30Z
order_00013712,batch_0005,trader_0016,ETH-USD,SELL,1936.11,275,2026-01-01T03:48:31Z
order_00013713,batch_0005,trader_0023,ETH-USD,BUY,1823.68,354,2026-01-01T03:48:32Z
order_00013714,batch_0005,trader_0016,ETH-USD,SELL,2123.45,354,2026-01-01T03:48:33Z
order_00013715,batch_0005,trader_0022,ETH-USD,BUY,2096.42,187,2026-01-01T03:48:34Z
order_00013716,batch_0005,trader_0018,ETH-USD,BUY,1992.82,6,2026-01-01T03:48:35Z
order_00013717,batch_0005,trader_0014,ETH-USD,BUY,1828.02,910,2026-01-01T03:48:36Z
order_00013718,batch_0005,trader_0010,ETH-USD,SELL,2001.18,311,2026-01-01T03:48:37Z
order_00013719,batch_0005,trader_0024,ETH-USD,BUY,1914.05,468,2026-01-01T03:48:38Z
order_00013720,batch_0005,trader_0020,ETH-USD,SELL,1867.28,359,2026-01-01T03:48:39Z
order_00013721,batch_0005,trader_0012,ETH-USD,BUY,1899.85,561,2026-01-01T03:48:40Z
order_00013722,batch_0005,trader_0002,ETH-USD,SELL,2147.78,390,2026-01-01T03:48:41Z
order_00013723,batch_0005,trader_0005,ETH-USD,SELL,1952.4,790,2026-01-01T03:48:42Z
order_00013724,batch_0005,trader_0022,ETH-USD,SELL,1983.23,143,2026-01-01T03:48:43Z
order_00013725,batch_0005,trader_0005,ETH-USD,BUY,1933.18,177,2026-01-01T03:48:44Z
order_00013726,batch_0005,trader_0021,ETH-USD,SELL,2121.14,378,2026-01-01T03:48:45Z
order_00013727,batch_0005,trader_0004,ETH-USD,SELL,2156.92,271,2026-01-01T03:48:46Z
order_00013728,batch_0005,trader_0025,ETH-USD,SELL,2067.18,764,2026-01-01T03:48:47Z
order_00013729,batch_0005,trader_0006,ETH-USD,SELL,2095.55,364,2026-01-01T03:48:48Z
order_00013730,batch_0005,trader_0022,ETH-USD,SELL,1857.13,74,2026-01-01T03:48:49Z
order_00013731,batch_0005,trader_0017,ETH-USD,BUY,2158.54,431,2026-01-01T03:48:50Z
order_00013732,batch_0005,trader_0009,ETH-USD,BUY,2173.44,663,2026-01-01T03:48:51Z
order_00013733,batch_0005,trader_0013,ETH-USD,SELL,1925.23,757,2026-01-01T03:48:52Z
order_00013734,batch_0005,trader_0014,ETH-USD,BUY,1899.34,37,2026-01-01T03:48:53Z
order_00013735,batch_0005,trader_0025,ETH-USD,SELL,2136.55,175,2026-01-01T03:48:54Z
order_00013736,batch_0005,trader_0005,ETH-USD,BUY,2191.37,204,2026-01-01T03:48:55Z
order_00013737,batch_0005,trader_0024,ETH-USD,BUY,1908.26,328,2026-01-01T03:48:56Z
order_00013738,batch_0005,trader_0021,ETH-USD,SELL,2191.33,144,2026-01-01T03:48:57Z
order_00013739,batch_0005,trader_0002,ETH-USD,BUY,1919.35,226,2026-01-01T03:48:58Z
order_00013740,batch_0005,trader_0025,ETH-USD,SELL,2157.89,928,2026-01-01T03:48:59Z
order_00013741,batch_0005,trader_0012,ETH-USD,SELL,1991.38,213,2026-01-01T03:49:00Z
order_00013742,batch_0005,trader_0007,ETH-USD,BUY,2084.5,863,2026-01-01T03:49:01Z
order_00013743,batch_0005,trader_0011,ETH-USD,SELL,2043.48,45,2026-01-01T03:49:02Z
order_00013744,batch_0005,trader_0008,ETH-USD,SELL,1964.5,959,2026-01-01T03:49:03Z
order_00013745,batch_0005,trader_0024,ETH-USD,SELL,2047.64,31,2026-01-01T03:49:04Z
order_00013746,batch_0005,trader_0003,ETH-USD,BUY,2187.23,745,2026-01-01T03:49:05Z
order_00013747,batch_0005,trader_0012,ETH-USD,SELL,1865.41,191,2026-01-01T03:49:06Z
order_00013748,batch_0005,trader_0009,ETH-USD,BUY,2108.53,881,2026-01-01T03:49:07Z
order_00013749,batch_0005,trader_0015,ETH-USD,SELL,1975.21,289,2026-01-01T03:49:08Z
order_00013750,batch_0005,trader_0022,ETH-USD,BUY,2060.21,449,2026-01-01T03:49:09Z
order_00013751,batch_0005,trader_0014,ETH-USD,BUY,1865.33,289,2026-01-01T03:49:10Z
order_00013752,batch_0005,trader_0015,ETH-USD,SELL,1893.1,890,2026-01-01T03:49:11Z
order_00013753,batch_0005,trader_0017,ETH-USD,SELL,1811.96,755,2026-01-01T03:49:12Z
order_00013754,batch_0005,trader_0024,ETH-USD,BUY,2092.69,41,2026-01-01T03:49:13Z
order_00013755,batch_0005,trader_0010,ETH-USD,BUY,1917.73,139,2026-01-01T03:49:14Z
order_00013756,batch_0005,trader_0020,ETH-USD,SELL,1948.77,10,2026-01-01T03:49:15Z
order_00013757,batch_0005,trader_0004,ETH-USD,SELL,1851.54,966,2026-01-01T03:49:16Z
order_00013758,batch_0005,trader_0019,ETH-USD,SELL,1922.96,494,2026-01-01T03:49:17Z
order_00013759,batch_0005,trader_0019,ETH-USD,SELL,1911.79,27,2026-01-01T03:49:18Z
order_00013760,batch_0005,trader_0025,ETH-USD,BUY,2063.16,56,2026-01-01T03:49:19Z
order_00013761,batch_0005,trader_0007,ETH-USD,SELL,1867.82,450,2026-01-01T03:49:20Z
order_00013762,batch_0005,trader_0010,ETH-USD,SELL,2135.98,750,2026-01-01T03:49:21Z
order_00013763,batch_0005,trader_0010,ETH-USD,SELL,2199.68,178,2026-01-01T03:49:22Z
order_00013764,batch_0005,trader_0014,ETH-USD,SELL,1806.51,213,2026-01-01T03:49:23Z
order_00013765,batch_0005,trader_0005,ETH-USD,BUY,1905.96,910,2026-01-01T03:49:24Z
order_00013766,batch_0005,trader_0009,ETH-USD,BUY,1816.04,470,2026-01-01T03:49:25Z
order_00013767,batch_0005,trader_0012,ETH-USD,SELL,1830.02,212,2026-01-01T03:49:26Z
order_00013768,batch_0005,trader_0012,ETH-USD,BUY,1886.81,10,2026-01-01T03:49:27Z
order_00013769,batch_0005,trader_0011,ETH-USD,SELL,1982.28,526,2026-01-01T03:49:28Z
order_00013770,batch_0005,trader_0014,ETH-USD,BUY,1806.17,426,2026-01-01T03:49:29Z
order_00013771,batch_0005,trader_0004,ETH-USD,BUY,1943.09,830,2026-01-01T03:49:30Z
order_00013772,batch_0005,trader_0012,ETH-USD,BUY,2008.95,272,2026-01-01T03:49:31Z
order_00013773,batch_0005,trader_0019,ETH-USD,SELL,1961.26,341,2026-01-01T03:49:32Z
order_00013774,batch_0005,trader_0015,ETH-USD,BUY,2087.75,273,2026-01-01T03:49:33Z
order_00013775,batch_0005,trader_0011,ETH-USD,BUY,1862.43,702,2026-01-01T03:49:34Z
order_00013776,batch_0005,trader_0004,ETH-USD,SELL,1955.31,553,2026-01-01T03:49:35Z
order_00013777,batch_0005,trader_0023,ETH-USD,SELL,1846.99,126,2026-01-01T03:49:36Z
order_00013778,batch_0005,trader_0004,ETH-USD,BUY,2089.96,886,2026-01-01T03:49:37Z
order_00013779,batch_0005,trader_0007,ETH-USD,BUY,1947.91,770,2026-01-01T03:49:38Z
order_00013780,batch_0005,trader_0021,ETH-USD,BUY,1957.15,37,2026-01-01T03:49:39Z
order_00013781,batch_0005,trader_0021,ETH-USD,SELL,1930.25,987,2026-01-01T03:49:40Z
order_00013782,batch_0005,trader_0006,ETH-USD,BUY,2149.31,715,2026-01-01T03:49:41Z
order_00013783,batch_0005,trader_0023,ETH-USD,SELL,1886.18,357,2026-01-01T03:49:42Z
order_00013784,batch_0005,trader_0003,ETH-USD,BUY,1999.71,205,2026-01-01T03:49:43Z
order_00013785,batch_0005,trader_0011,ETH-USD,BUY,1975.48,8,2026-01-01T03:49:44Z
order_00013786,batch_0005,trader_0010,ETH-USD,SELL,2059.18,559,2026-01-01T03:49:45Z
order_00013787,batch_0005,trader_0010,ETH-USD,BUY,2099.05,742,2026-01-01T03:49:46Z
order_00013788,batch_0005,trader_0024,ETH-USD,SELL,2007.02,562,2026-01-01T03:49:47Z
order_00013789,batch_0005,trader_0022,ETH-USD,SELL,2043.88,758,2026-01-01T03:49:48Z
order_00013790,batch_0005,trader_0008,ETH-USD,SELL,2106.3,326,2026-01-01T03:49:49Z
order_00013791,batch_0005,trader_0022,ETH-USD,SELL,1815.59,418,2026-01-01T03:49:50Z
order_00013792,batch_0005,trader_0021,ETH-USD,BUY,2032.93,954,2026-01-01T03:49:51Z
order_00013793,batch_0005,trader_0019,ETH-USD,SELL,2112.86,244,2026-01-01T03:49:52Z
order_00013794,batch_0005,trader_0009,ETH-USD,SELL,2109.22,967,2026-01-01T03:49:53Z
order_00013795,batch_0005,trader_0020,ETH-USD,SELL,2124.53,27,2026-01-01T03:49:54Z
order_00013796,batch_0005,trader_0024,ETH-USD,SELL,1865.9,118,2026-01-01T03:49:55Z
order_00013797,batch_0005,trader_0004,ETH-USD,SELL,2176.6,463,2026-01-01T03:49:56Z
order_00013798,batch_0005,trader_0023,ETH-USD,SELL,1854.29,602,2026-01-01T03:49:57Z
order_00013799,batch_0005,trader_0017,ETH-USD,SELL,1873.89,659,2026-01-01T03:49:58Z
order_00013800,batch_0005,trader_0003,ETH-USD,BUY,1922.36,921,2026-01-01T03:49:59Z
order_00013801,batch_0005,trader_0009,ETH-USD,BUY,2145.42,606,2026-01-01T03:50:00Z
order_00013802,batch_0005,trader_0021,ETH-USD,SELL,1942.38,820,2026-01-01T03:50:01Z
order_00013803,batch_0005,trader_0002,ETH-USD,BUY,1932.31,725,2026-01-01T03:50:02Z
order_00013804,batch_0005,trader_0006,ETH-USD,BUY,1904.24,437,2026-01-01T03:50:03Z
order_00013805,batch_0005,trader_0014,ETH-USD,BUY,2174.74,546,2026-01-01T03:50:04Z
order_00013806,batch_0005,trader_0014,ETH-USD,SELL,1957.49,875,2026-01-01T03:50:05Z
order_00013807,batch_0005,trader_0003,ETH-USD,SELL,1825.02,562,2026-01-01T03:50:06Z
order_00013808,batch_0005,trader_0006,ETH-USD,BUY,2180.88,72,2026-01-01T03:50:07Z
order_00013809,batch_0005,trader_0015,ETH-USD,SELL,1854.27,748,2026-01-01T03:50:08Z
order_00013810,batch_0005,trader_0024,ETH-USD,BUY,1875.61,278,2026-01-01T03:50:09Z
order_00013811,batch_0005,trader_0017,ETH-USD,BUY,1999.07,483,2026-01-01T03:50:10Z
order_00013812,batch_0005,trader_0017,ETH-USD,BUY,1982.21,395,2026-01-01T03:50:11Z
order_00013813,batch_0005,trader_0023,ETH-USD,BUY,1801.22,506,2026-01-01T03:50:12Z
order_00013814,batch_0005,trader_0017,ETH-USD,SELL,2184.26,258,2026-01-01T03:50:13Z
order_00013815,batch_0005,trader_0003,ETH-USD,SELL,2053.22,229,2026-01-01T03:50:14Z
order_00013816,batch_0005,trader_0007,ETH-USD,SELL,2154.56,882,2026-01-01T03:50:15Z
order_00013817,batch_0005,trader_0015,ETH-USD,SELL,2197.35,100,2026-01-01T03:50:16Z
order_00013818,batch_0005,trader_0022,ETH-USD,SELL,2024.77,57,2026-01-01T03:50:17Z
order_00013819,batch_0005,trader_0023,ETH-USD,BUY,1954.14,443,2026-01-01T03:50:18Z
order_00013820,batch_0005,trader_0015,ETH-USD,BUY,1806.46,168,2026-01-01T03:50:19Z
order_00013821,batch_0005,trader_0011,ETH-USD,SELL,1860.41,940,2026-01-01T03:50:20Z
order_00013822,batch_0005,trader_0021,ETH-USD,SELL,1856.17,696,2026-01-01T03:50:21Z
order_00013823,batch_0005,trader_0022,ETH-USD,SELL,1823.18,411,2026-01-01T03:50:22Z
order_00013824,batch_0005,trader_0019,ETH-USD,SELL,1967.39,885,2026-01-01T03:50:23Z
order_00013825,batch_0005,trader_0001,ETH-USD,BUY,2191.02,114,2026-01-01T03:50:24Z
order_00013826,batch_0005,trader_0020,ETH-USD,SELL,2069.36,2,2026-01-01T03:50:25Z
order_00013827,batch_0005,trader_0021,ETH-USD,BUY,1872.21,582,2026-01-01T03:50:26Z
order_00013828,batch_0005,trader_0016,ETH-USD,SELL,1956.43,489,2026-01-01T03:50:27Z
order_00013829,batch_0005,trader_0017,ETH-USD,BUY,1808.26,422,2026-01-01T03:50:28Z
order_00013830,batch_0005,trader_0007,ETH-USD,BUY,2121.72,910,2026-01-01T03:50:29Z
order_00013831,batch_0005,trader_0012,ETH-USD,SELL,2059.27,610,2026-01-01T03:50:30Z
order_00013832,batch_0005,trader_0021,ETH-USD,BUY,2080.88,401,2026-01-01T03:50:31Z
order_00013833,batch_0005,trader_0023,ETH-USD,SELL,1803.43,439,2026-01-01T03:50:32Z
order_00013834,batch_0005,trader_0001,ETH-USD,BUY,2010.45,21,2026-01-01T03:50:33Z
order_00013835,batch_0005,trader_0002,ETH-USD,SELL,2132.59,348,2026-01-01T03:50:34Z
order_00013836,batch_0005,trader_0002,ETH-USD,SELL,2019.36,55,2026-01-01T03:50:35Z
order_00013837,batch_0005,trader_0002,ETH-USD,BUY,1874.73,637,2026-01-01T03:50:36Z
order_00013838,batch_0005,trader_0002,ETH-USD,SELL,2104.65,605,2026-01-01T03:50:37Z
order_00013839,batch_0005,trader_0014,ETH-USD,BUY,2185.35,1000,2026-01-01T03:50:38Z
order_00013840,batch_0005,trader_0019,ETH-USD,SELL,2119.99,320,2026-01-01T03:50:39Z
order_00013841,batch_0005,trader_0005,ETH-USD,SELL,2109.93,295,2026-01-01T03:50:40Z
order_00013842,batch_0005,trader_0002,ETH-USD,BUY,1826.33,428,2026-01-01T03:50:41Z
order_00013843,batch_0005,trader_0021,ETH-USD,BUY,1872.02,716,2026-01-01T03:50:42Z
order_00013844,batch_0005,trader_0002,ETH-USD,SELL,2044.01,599,2026-01-01T03:50:43Z
order_00013845,batch_0005,trader_0025,ETH-USD,BUY,2032.5,95,2026-01-01T03:50:44Z
order_00013846,batch_0005,trader_0010,ETH-USD,SELL,2096.79,113,2026-01-01T03:50:45Z
order_00013847,batch_0005,trader_0016,ETH-USD,SELL,1884.2,550,2026-01-01T03:50:46Z
order_00013848,batch_0005,trader_0005,ETH-USD,SELL,1805.74,625,2026-01-01T03:50:47Z
order_00013849,batch_0005,trader_0009,ETH-USD,SELL,1979.97,96,2026-01-01T03:50:48Z
order_00013850,batch_0005,trader_0004,ETH-USD,SELL,2078.21,979,2026-01-01T03:50:49Z
order_00013851,batch_0005,trader_0012,ETH-USD,SELL,1975.55,446,2026-01-01T03:50:50Z
order_00013852,batch_0005,trader_0002,ETH-USD,BUY,2198.73,710,2026-01-01T03:50:51Z
order_00013853,batch_0005,trader_0021,ETH-USD,BUY,1997.48,846,2026-01-01T03:50:52Z
order_00013854,batch_0005,trader_0011,ETH-USD,SELL,2149.8,756,2026-01-01T03:50:53Z
order_00013855,batch_0005,trader_0022,ETH-USD,SELL,2057.85,363,2026-01-01T03:50:54Z
order_00013856,batch_0005,trader_0011,ETH-USD,SELL,1870.95,915,2026-01-01T03:50:55Z
order_00013857,batch_0005,trader_0018,ETH-USD,BUY,1899.12,552,2026-01-01T03:50:56Z
order_00013858,batch_0005,trader_0019,ETH-USD,BUY,1879.13,929,2026-01-01T03:50:57Z
order_00013859,batch_0005,trader_0018,ETH-USD,BUY,1998.28,435,2026-01-01T03:50:58Z
order_00013860,batch_0005,trader_0013,ETH-USD,BUY,1944.03,871,2026-01-01T03:50:59Z
order_00013861,batch_0005,trader_0025,ETH-USD,BUY,2141.37,377,2026-01-01T03:51:00Z
order_00013862,batch_0005,trader_0011,ETH-USD,SELL,1830.0,966,2026-01-01T03:51:01Z
order_00013863,batch_0005,trader_0016,ETH-USD,BUY,2079.49,678,2026-01-01T03:51:02Z
order_00013864,batch_0005,trader_0016,ETH-USD,BUY,2173.63,613,2026-01-01T03:51:03Z
order_00013865,batch_0005,trader_0015,ETH-USD,BUY,1868.31,108,2026-01-01T03:51:04Z
order_00013866,batch_0005,trader_0001,ETH-USD,SELL,2130.58,781,2026-01-01T03:51:05Z
order_00013867,batch_0005,trader_0001,ETH-USD,BUY,1835.6,553,2026-01-01T03:51:06Z
order_00013868,batch_0005,trader_0001,ETH-USD,BUY,2053.61,256,2026-01-01T03:51:07Z
order_00013869,batch_0005,trader_0004,ETH-USD,SELL,1895.73,868,2026-01-01T03:51:08Z
order_00013870,batch_0005,trader_0022,ETH-USD,SELL,1803.85,415,2026-01-01T03:51:09Z
order_00013871,batch_0005,trader_0016,ETH-USD,SELL,1985.62,591,2026-01-01T03:51:10Z
order_00013872,batch_0005,trader_0012,ETH-USD,SELL,2122.66,548,2026-01-01T03:51:11Z
order_00013873,batch_0005,trader_0019,ETH-USD,BUY,1959.43,411,2026-01-01T03:51:12Z
order_00013874,batch_0005,trader_0010,ETH-USD,BUY,1958.5,902,2026-01-01T03:51:13Z
order_00013875,batch_0005,trader_0008,ETH-USD,BUY,1819.19,614,2026-01-01T03:51:14Z
order_00013876,batch_0005,trader_0023,ETH-USD,SELL,2097.94,296,2026-01-01T03:51:15Z
order_00013877,batch_0005,trader_0014,ETH-USD,SELL,2087.01,409,2026-01-01T03:51:16Z
order_00013878,batch_0005,trader_0006,ETH-USD,SELL,1850.06,145,2026-01-01T03:51:17Z
order_00013879,batch_0005,trader_0015,ETH-USD,SELL,2136.03,707,2026-01-01T03:51:18Z
order_00013880,batch_0005,trader_0009,ETH-USD,BUY,1807.46,108,2026-01-01T03:51:19Z
order_00013881,batch_0005,trader_0002,ETH-USD,SELL,2142.88,811,2026-01-01T03:51:20Z
order_00013882,batch_0005,trader_0006,ETH-USD,BUY,1807.73,391,2026-01-01T03:51:21Z
order_00013883,batch_0005,trader_0014,ETH-USD,SELL,2140.57,310,2026-01-01T03:51:22Z
order_00013884,batch_0005,trader_0003,ETH-USD,BUY,2033.89,340,2026-01-01T03:51:23Z
order_00013885,batch_0005,trader_0018,ETH-USD,SELL,1926.83,602,2026-01-01T03:51:24Z
order_00013886,batch_0005,trader_0020,ETH-USD,SELL,2161.29,411,2026-01-01T03:51:25Z
order_00013887,batch_0005,trader_0022,ETH-USD,SELL,2139.92,223,2026-01-01T03:51:26Z
order_00013888,batch_0005,trader_0020,ETH-USD,SELL,1940.91,282,2026-01-01T03:51:27Z
order_00013889,batch_0005,trader_0008,ETH-USD,SELL,1817.06,546,2026-01-01T03:51:28Z
order_00013890,batch_0005,trader_0003,ETH-USD,SELL,1976.36,570,2026-01-01T03:51:29Z
order_00013891,batch_0005,trader_0008,ETH-USD,SELL,1921.46,312,2026-01-01T03:51:30Z
order_00013892,batch_0005,trader_0022,ETH-USD,SELL,1889.84,868,2026-01-01T03:51:31Z
order_00013893,batch_0005,trader_0025,ETH-USD,SELL,1892.74,926,2026-01-01T03:51:32Z
order_00013894,batch_0005,trader_0002,ETH-USD,SELL,2048.19,38,2026-01-01T03:51:33Z
order_00013895,batch_0005,trader_0025,ETH-USD,SELL,1935.78,449,2026-01-01T03:51:34Z
order_00013896,batch_0005,trader_0013,ETH-USD,SELL,1922.38,618,2026-01-01T03:51:35Z
order_00013897,batch_0005,trader_0007,ETH-USD,SELL,2011.45,108,2026-01-01T03:51:36Z
order_00013898,batch_0005,trader_0001,ETH-USD,SELL,2084.19,185,2026-01-01T03:51:37Z
order_00013899,batch_0005,trader_0006,ETH-USD,BUY,2172.99,293,2026-01-01T03:51:38Z
order_00013900,batch_0005,trader_0011,ETH-USD,SELL,2174.73,551,2026-01-01T03:51:39Z
order_00013901,batch_0005,trader_0024,ETH-USD,BUY,1918.16,208,2026-01-01T03:51:40Z
order_00013902,batch_0005,trader_0006,ETH-USD,SELL,1926.94,81,2026-01-01T03:51:41Z
order_00013903,batch_0005,trader_0013,ETH-USD,BUY,1970.6,834,2026-01-01T03:51:42Z
order_00013904,batch_0005,trader_0020,ETH-USD,SELL,2009.22,841,2026-01-01T03:51:43Z
order_00013905,batch_0005,trader_0014,ETH-USD,BUY,1807.89,91,2026-01-01T03:51:44Z
order_00013906,batch_0005,trader_0015,ETH-USD,SELL,2154.24,518,2026-01-01T03:51:45Z
order_00013907,batch_0005,trader_0005,ETH-USD,SELL,2082.27,164,2026-01-01T03:51:46Z
order_00013908,batch_0005,trader_0018,ETH-USD,SELL,1968.62,868,2026-01-01T03:51:47Z
order_00013909,batch_0005,trader_0011,ETH-USD,BUY,1887.41,591,2026-01-01T03:51:48Z
order_00013910,batch_0005,trader_0021,ETH-USD,BUY,2166.62,654,2026-01-01T03:51:49Z
order_00013911,batch_0005,trader_0011,ETH-USD,SELL,1917.83,740,2026-01-01T03:51:50Z
order_00013912,batch_0005,trader_0018,ETH-USD,BUY,2152.51,239,2026-01-01T03:51:51Z
order_00013913,batch_0005,trader_0007,ETH-USD,BUY,2153.43,540,2026-01-01T03:51:52Z
order_00013914,batch_0005,trader_0013,ETH-USD,SELL,2192.04,387,2026-01-01T03:51:53Z
order_00013915,batch_0005,trader_0009,ETH-USD,SELL,2009.27,24,2026-01-01T03:51:54Z
order_00013916,batch_0005,trader_0002,ETH-USD,BUY,1956.52,544,2026-01-01T03:51:55Z
order_00013917,batch_0005,trader_0011,ETH-USD,BUY,1961.77,729,2026-01-01T03:51:56Z
order_00013918,batch_0005,trader_0023,ETH-USD,SELL,2074.93,188,2026-01-01T03:51:57Z
order_00013919,batch_0005,trader_0022,ETH-USD,SELL,1830.69,887,2026-01-01T03:51:58Z
order_00013920,batch_0005,trader_0015,ETH-USD,SELL,1991.75,23,2026-01-01T03:51:59Z
order_00013921,batch_0005,trader_0020,ETH-USD,SELL,2196.21,818,2026-01-01T03:52:00Z
order_00013922,batch_0005,trader_0023,ETH-USD,BUY,2082.19,299,2026-01-01T03:52:01Z
order_00013923,batch_0005,trader_0003,ETH-USD,BUY,2177.53,436,2026-01-01T03:52:02Z
order_00013924,batch_0005,trader_0021,ETH-USD,BUY,2084.31,528,2026-01-01T03:52:03Z
order_00013925,batch_0005,trader_0009,ETH-USD,SELL,2184.56,934,2026-01-01T03:52:04Z
order_00013926,batch_0005,trader_0017,ETH-USD,SELL,1871.74,73,2026-01-01T03:52:05Z
order_00013927,batch_0005,trader_0012,ETH-USD,BUY,2097.55,662,2026-01-01T03:52:06Z
order_00013928,batch_0005,trader_0007,ETH-USD,BUY,2003.18,90,2026-01-01T03:52:07Z
order_00013929,batch_0005,trader_0010,ETH-USD,SELL,2008.35,574,2026-01-01T03:52:08Z
order_00013930,batch_0005,trader_0010,ETH-USD,SELL,2162.47,771,2026-01-01T03:52:09Z
order_00013931,batch_0005,trader_0010,ETH-USD,BUY,1809.45,359,2026-01-01T03:52:10Z
order_00013932,batch_0005,trader_0007,ETH-USD,BUY,1853.15,865,2026-01-01T03:52:11Z
order_00013933,batch_0005,trader_0021,ETH-USD,SELL,2069.33,846,2026-01-01T03:52:12Z
order_00013934,batch_0005,trader_0014,ETH-USD,SELL,1977.31,57,2026-01-01T03:52:13Z
order_00013935,batch_0005,trader_0001,ETH-USD,BUY,1933.18,888,2026-01-01T03:52:14Z
order_00013936,batch_0005,trader_0024,ETH-USD,BUY,1876.04,329,2026-01-01T03:52:15Z
order_00013937,batch_0005,trader_0021,ETH-USD,BUY,2163.12,815,2026-01-01T03:52:16Z
order_00013938,batch_0005,trader_0002,ETH-USD,SELL,1953.52,839,2026-01-01T03:52:17Z
order_00013939,batch_0005,trader_0007,ETH-USD,SELL,2143.45,402,2026-01-01T03:52:18Z
order_00013940,batch_0005,trader_0006,ETH-USD,BUY,1827.18,399,2026-01-01T03:52:19Z
order_00013941,batch_0005,trader_0012,ETH-USD,SELL,1912.34,484,2026-01-01T03:52:20Z
order_00013942,batch_0005,trader_0024,ETH-USD,SELL,2132.39,96,2026-01-01T03:52:21Z
order_00013943,batch_0005,trader_0014,ETH-USD,BUY,1926.4,631,2026-01-01T03:52:22Z
order_00013944,batch_0005,trader_0025,ETH-USD,SELL,1910.1,657,2026-01-01T03:52:23Z
order_00013945,batch_0005,trader_0023,ETH-USD,SELL,1862.51,708,2026-01-01T03:52:24Z
order_00013946,batch_0005,trader_0018,ETH-USD,BUY,1966.63,248,2026-01-01T03:52:25Z
order_00013947,batch_0005,trader_0023,ETH-USD,BUY,2011.0,455,2026-01-01T03:52:26Z
order_00013948,batch_0005,trader_0016,ETH-USD,BUY,2097.83,371,2026-01-01T03:52:27Z
order_00013949,batch_0005,trader_0009,ETH-USD,BUY,1954.73,781,2026-01-01T03:52:28Z
order_00013950,batch_0005,trader_0016,ETH-USD,SELL,1811.79,401,2026-01-01T03:52:29Z
order_00013951,batch_0005,trader_0013,ETH-USD,SELL,1834.39,785,2026-01-01T03:52:30Z
order_00013952,batch_0005,trader_0002,ETH-USD,BUY,2090.28,920,2026-01-01T03:52:31Z
order_00013953,batch_0005,trader_0014,ETH-USD,SELL,1862.03,603,2026-01-01T03:52:32Z
order_00013954,batch_0005,trader_0022,ETH-USD,SELL,1880.9,810,2026-01-01T03:52:33Z
order_00013955,batch_0005,trader_0014,ETH-USD,BUY,2061.91,615,2026-01-01T03:52:34Z
order_00013956,batch_0005,trader_0021,ETH-USD,SELL,2008.11,457,2026-01-01T03:52:35Z
order_00013957,batch_0005,trader_0016,ETH-USD,SELL,1989.55,571,2026-01-01T03:52:36Z
order_00013958,batch_0005,trader_0008,ETH-USD,BUY,1800.06,267,2026-01-01T03:52:37Z
order_00013959,batch_0005,trader_0010,ETH-USD,BUY,2104.76,483,2026-01-01T03:52:38Z
order_00013960,batch_0005,trader_0009,ETH-USD,BUY,1877.31,908,2026-01-01T03:52:39Z
order_00013961,batch_0005,trader_0018,ETH-USD,SELL,2111.82,7,2026-01-01T03:52:40Z
order_00013962,batch_0005,trader_0012,ETH-USD,SELL,1967.26,168,2026-01-01T03:52:41Z
order_00013963,batch_0005,trader_0011,ETH-USD,SELL,2108.6,661,2026-01-01T03:52:42Z
order_00013964,batch_0005,trader_0013,ETH-USD,BUY,2165.23,229,2026-01-01T03:52:43Z
order_00013965,batch_0005,trader_0012,ETH-USD,BUY,1871.5,398,2026-01-01T03:52:44Z
order_00013966,batch_0005,trader_0009,ETH-USD,SELL,2069.68,350,2026-01-01T03:52:45Z
order_00013967,batch_0005,trader_0021,ETH-USD,BUY,1921.98,798,2026-01-01T03:52:46Z
order_00013968,batch_0005,trader_0019,ETH-USD,SELL,2194.91,775,2026-01-01T03:52:47Z
order_00013969,batch_0005,trader_0012,ETH-USD,BUY,1944.5,460,2026-01-01T03:52:48Z
order_00013970,batch_0005,trader_0021,ETH-USD,BUY,2062.68,409,2026-01-01T03:52:49Z
order_00013971,batch_0005,trader_0019,ETH-USD,SELL,2074.34,186,2026-01-01T03:52:50Z
order_00013972,batch_0005,trader_0009,ETH-USD,BUY,1932.68,35,2026-01-01T03:52:51Z
order_00013973,batch_0005,trader_0023,ETH-USD,BUY,1943.22,408,2026-01-01T03:52:52Z
order_00013974,batch_0005,trader_0025,ETH-USD,SELL,2064.63,625,2026-01-01T03:52:53Z
order_00013975,batch_0005,trader_0018,ETH-USD,SELL,1804.47,990,2026-01-01T03:52:54Z
order_00013976,batch_0005,trader_0023,ETH-USD,SELL,1954.04,480,2026-01-01T03:52:55Z
order_00013977,batch_0005,trader_0002,ETH-USD,SELL,2133.93,169,2026-01-01T03:52:56Z
order_00013978,batch_0005,trader_0011,ETH-USD,BUY,2004.58,246,2026-01-01T03:52:57Z
order_00013979,batch_0005,trader_0017,ETH-USD,SELL,2146.46,151,2026-01-01T03:52:58Z
order_00013980,batch_0005,trader_0025,ETH-USD,BUY,2150.41,872,2026-01-01T03:52:59Z
order_00013981,batch_0005,trader_0021,ETH-USD,SELL,1908.57,239,2026-01-01T03:53:00Z
order_00013982,batch_0005,trader_0019,ETH-USD,SELL,1809.86,231,2026-01-01T03:53:01Z
order_00013983,batch_0005,trader_0023,ETH-USD,SELL,1986.46,679,2026-01-01T03:53:02Z
order_00013984,batch_0005,trader_0006,ETH-USD,BUY,1924.29,326,2026-01-01T03:53:03Z
order_00013985,batch_0005,trader_0025,ETH-USD,SELL,1862.33,63,2026-01-01T03:53:04Z
order_00013986,batch_0005,trader_0001,ETH-USD,BUY,2014.25,909,2026-01-01T03:53:05Z
order_00013987,batch_0005,trader_0013,ETH-USD,BUY,2006.22,435,2026-01-01T03:53:06Z
order_00013988,batch_0005,trader_0023,ETH-USD,SELL,2051.13,912,2026-01-01T03:53:07Z
order_00013989,batch_0005,trader_0018,ETH-USD,SELL,2048.72,652,2026-01-01T03:53:08Z
order_00013990,batch_0005,trader_0009,ETH-USD,SELL,1879.75,411,2026-01-01T03:53:09Z
order_00013991,batch_0005,trader_0010,ETH-USD,SELL,1995.06,179,2026-01-01T03:53:10Z
order_00013992,batch_0005,trader_0012,ETH-USD,BUY,1841.44,477,2026-01-01T03:53:11Z
order_00013993,batch_0005,trader_0018,ETH-USD,BUY,1877.41,468,2026-01-01T03:53:12Z
order_00013994,batch_0005,trader_0013,ETH-USD,BUY,1962.65,911,2026-01-01T03:53:13Z
order_00013995,batch_0005,trader_0013,ETH-USD,BUY,1995.52,759,2026-01-01T03:53:14Z
order_00013996,batch_0005,trader_0024,ETH-USD,SELL,1834.32,866,2026-01-01T03:53:15Z
order_00013997,batch_0005,trader_0010,ETH-USD,SELL,1879.0,508,2026-01-01T03:53:16Z
order_00013998,batch_0005,trader_0003,ETH-USD,BUY,2192.54,656,2026-01-01T03:53:17Z
order_00013999,batch_0005,trader_0014,ETH-USD,SELL,1846.95,864,2026-01-01T03:53:18Z
order_00014000,batch_0005,trader_0014,ETH-USD,BUY,2087.33,794,2026-01-01T03:53:19Z
order_00014001,batch_0005,trader_0013,ETH-USD,BUY,2069.73,765,2026-01-01T03:53:20Z
order_00014002,batch_0005,trader_0019,ETH-USD,SELL,2009.09,559,2026-01-01T03:53:21Z
order_00014003,batch_0005,trader_0013,ETH-USD,SELL,1991.81,442,2026-01-01T03:53:22Z
order_00014004,batch_0005,trader_0005,ETH-USD,BUY,1830.4,755,2026-01-01T03:53:23Z
order_00014005,batch_0005,trader_0021,ETH-USD,BUY,2027.8,476,2026-01-01T03:53:24Z
order_00014006,batch_0005,trader_0013,ETH-USD,SELL,1903.05,129,2026-01-01T03:53:25Z
order_00014007,batch_0005,trader_0014,ETH-USD,SELL,2171.36,912,2026-01-01T03:53:26Z
order_00014008,batch_0005,trader_0013,ETH-USD,BUY,1982.34,704,2026-01-01T03:53:27Z
order_00014009,batch_0005,trader_0017,ETH-USD,SELL,2055.15,95,2026-01-01T03:53:28Z
order_00014010,batch_0005,trader_0005,ETH-USD,SELL,1984.1,368,2026-01-01T03:53:29Z
order_00014011,batch_0005,trader_0006,ETH-USD,BUY,1948.24,550,2026-01-01T03:53:30Z
order_00014012,batch_0005,trader_0020,ETH-USD,BUY,2198.64,324,2026-01-01T03:53:31Z
order_00014013,batch_0005,trader_0007,ETH-USD,SELL,2114.06,27,2026-01-01T03:53:32Z
order_00014014,batch_0005,trader_0015,ETH-USD,BUY,1889.08,72,2026-01-01T03:53:33Z
order_00014015,batch_0005,trader_0010,ETH-USD,BUY,1907.75,350,2026-01-01T03:53:34Z
order_00014016,batch_0005,trader_0004,ETH-USD,BUY,2127.32,893,2026-01-01T03:53:35Z
order_00014017,batch_0005,trader_0017,ETH-USD,SELL,2150.32,355,2026-01-01T03:53:36Z
order_00014018,batch_0005,trader_0003,ETH-USD,SELL,1872.29,879,2026-01-01T03:53:37Z
order_00014019,batch_0005,trader_0003,ETH-USD,SELL,2026.32,847,2026-01-01T03:53:38Z
order_00014020,batch_0005,trader_0001,ETH-USD,BUY,2041.46,801,2026-01-01T03:53:39Z
order_00014021,batch_0005,trader_0016,ETH-USD,BUY,1973.91,27,2026-01-01T03:53:40Z
order_00014022,batch_0005,trader_0007,ETH-USD,SELL,2066.99,999,2026-01-01T03:53:41Z
order_00014023,batch_0005,trader_0013,ETH-USD,SELL,1883.81,120,2026-01-01T03:53:42Z
order_00014024,batch_0005,trader_0018,ETH-USD,SELL,1925.09,305,2026-01-01T03:53:43Z
order_00014025,batch_0005,trader_0006,ETH-USD,BUY,2155.88,410,2026-01-01T03:53:44Z
order_00014026,batch_0005,trader_0012,ETH-USD,BUY,2142.1,9,2026-01-01T03:53:45Z
order_00014027,batch_0005,trader_0024,ETH-USD,BUY,2167.3,712,2026-01-01T03:53:46Z
order_00014028,batch_0005,trader_0003,ETH-USD,SELL,2126.14,180,2026-01-01T03:53:47Z
order_00014029,batch_0005,trader_0010,ETH-USD,BUY,1934.92,165,2026-01-01T03:53:48Z
order_00014030,batch_0005,trader_0020,ETH-USD,SELL,1931.0,462,2026-01-01T03:53:49Z
order_00014031,batch_0005,trader_0020,ETH-USD,BUY,2035.51,594,2026-01-01T03:53:50Z
order_00014032,batch_0005,trader_0025,ETH-USD,BUY,2105.19,585,2026-01-01T03:53:51Z
order_00014033,batch_0005,trader_0023,ETH-USD,BUY,1892.99,44,2026-01-01T03:53:52Z
order_00014034,batch_0005,trader_0018,ETH-USD,SELL,1944.15,2,2026-01-01T03:53:53Z
order_00014035,batch_0005,trader_0007,ETH-USD,SELL,1947.88,129,2026-01-01T03:53:54Z
order_00014036,batch_0005,trader_0007,ETH-USD,BUY,2159.59,69,2026-01-01T03:53:55Z
order_00014037,batch_0005,trader_0007,ETH-USD,BUY,1955.34,380,2026-01-01T03:53:56Z
order_00014038,batch_0005,trader_0017,ETH-USD,SELL,1988.33,896,2026-01-01T03:53:57Z
order_00014039,batch_0005,trader_0008,ETH-USD,SELL,2193.31,823,2026-01-01T03:53:58Z
order_00014040,batch_0005,trader_0021,ETH-USD,BUY,1894.11,444,2026-01-01T03:53:59Z
order_00014041,batch_0005,trader_0010,ETH-USD,SELL,2193.19,308,2026-01-01T03:54:00Z
order_00014042,batch_0005,trader_0004,ETH-USD,SELL,2031.82,920,2026-01-01T03:54:01Z
order_00014043,batch_0005,trader_0007,ETH-USD,BUY,2172.34,414,2026-01-01T03:54:02Z
order_00014044,batch_0005,trader_0015,ETH-USD,SELL,1965.0,803,2026-01-01T03:54:03Z
order_00014045,batch_0005,trader_0001,ETH-USD,SELL,1855.85,579,2026-01-01T03:54:04Z
order_00014046,batch_0005,trader_0009,ETH-USD,BUY,2113.72,727,2026-01-01T03:54:05Z
order_00014047,batch_0005,trader_0020,ETH-USD,BUY,1917.81,595,2026-01-01T03:54:06Z
order_00014048,batch_0005,trader_0003,ETH-USD,SELL,2102.54,144,2026-01-01T03:54:07Z
order_00014049,batch_0005,trader_0009,ETH-USD,SELL,1906.54,180,2026-01-01T03:54:08Z
order_00014050,batch_0005,trader_0021,ETH-USD,SELL,2104.49,658,2026-01-01T03:54:09Z
order_00014051,batch_0005,trader_0016,ETH-USD,BUY,2040.82,442,2026-01-01T03:54:10Z
order_00014052,batch_0005,trader_0019,ETH-USD,SELL,1823.9,174,2026-01-01T03:54:11Z
order_00014053,batch_0005,trader_0004,ETH-USD,SELL,1992.05,515,2026-01-01T03:54:12Z
order_00014054,batch_0005,trader_0017,ETH-USD,BUY,1807.41,954,2026-01-01T03:54:13Z
order_00014055,batch_0005,trader_0007,ETH-USD,BUY,2046.08,607,2026-01-01T03:54:14Z
order_00014056,batch_0005,trader_0002,ETH-USD,SELL,2188.77,841,2026-01-01T03:54:15Z
order_00014057,batch_0005,trader_0022,ETH-USD,BUY,1801.03,911,2026-01-01T03:54:16Z
order_00014058,batch_0005,trader_0020,ETH-USD,SELL,2190.6,694,2026-01-01T03:54:17Z
order_00014059,batch_0005,trader_0014,ETH-USD,BUY,1996.03,306,2026-01-01T03:54:18Z
order_00014060,batch_0005,trader_0002,ETH-USD,BUY,2195.05,573,2026-01-01T03:54:19Z
order_00014061,batch_0005,trader_0008,ETH-USD,SELL,2005.14,398,2026-01-01T03:54:20Z
order_00014062,batch_0005,trader_0001,ETH-USD,BUY,2186.77,745,2026-01-01T03:54:21Z
order_00014063,batch_0005,trader_0023,ETH-USD,BUY,1930.69,996,2026-01-01T03:54:22Z
order_00014064,batch_0005,trader_0003,ETH-USD,BUY,2008.32,431,2026-01-01T03:54:23Z
order_00014065,batch_0005,trader_0009,ETH-USD,SELL,1880.23,788,2026-01-01T03:54:24Z
order_00014066,batch_0005,trader_0012,ETH-USD,BUY,1966.51,247,2026-01-01T03:54:25Z
order_00014067,batch_0005,trader_0024,ETH-USD,BUY,1874.31,201,2026-01-01T03:54:26Z
order_00014068,batch_0005,trader_0012,ETH-USD,SELL,2164.01,123,2026-01-01T03:54:27Z
order_00014069,batch_0005,trader_0024,ETH-USD,BUY,2047.78,341,2026-01-01T03:54:28Z
order_00014070,batch_0005,trader_0003,ETH-USD,SELL,1852.02,639,2026-01-01T03:54:29Z
order_00014071,batch_0005,trader_0004,ETH-USD,SELL,2038.09,486,2026-01-01T03:54:30Z
order_00014072,batch_0005,trader_0020,ETH-USD,SELL,2196.48,863,2026-01-01T03:54:31Z
order_00014073,batch_0005,trader_0003,ETH-USD,SELL,2040.91,49,2026-01-01T03:54:32Z
order_00014074,batch_0005,trader_0021,ETH-USD,BUY,1826.31,300,2026-01-01T03:54:33Z
order_00014075,batch_0005,trader_0005,ETH-USD,BUY,2079.74,978,2026-01-01T03:54:34Z
order_00014076,batch_0005,trader_0019,ETH-USD,BUY,2130.68,862,2026-01-01T03:54:35Z
order_00014077,batch_0005,trader_0013,ETH-USD,BUY,1881.59,650,2026-01-01T03:54:36Z
order_00014078,batch_0005,trader_0003,ETH-USD,BUY,2196.03,584,2026-01-01T03:54:37Z
order_00014079,batch_0005,trader_0025,ETH-USD,BUY,1805.44,533,2026-01-01T03:54:38Z
order_00014080,batch_0005,trader_0022,ETH-USD,BUY,2192.86,916,2026-01-01T03:54:39Z
order_00014081,batch_0005,trader_0020,ETH-USD,BUY,1966.54,760,2026-01-01T03:54:40Z
order_00014082,batch_0005,trader_0012,ETH-USD,BUY,2043.39,216,2026-01-01T03:54:41Z
order_00014083,batch_0005,trader_0020,ETH-USD,SELL,2062.09,201,2026-01-01T03:54:42Z
order_00014084,batch_0005,trader_0019,ETH-USD,BUY,1823.53,130,2026-01-01T03:54:43Z
order_00014085,batch_0005,trader_0007,ETH-USD,BUY,1846.62,969,2026-01-01T03:54:44Z
order_00014086,batch_0005,trader_0001,ETH-USD,BUY,2052.28,824,2026-01-01T03:54:45Z
order_00014087,batch_0005,trader_0012,ETH-USD,BUY,2117.75,184,2026-01-01T03:54:46Z
order_00014088,batch_0005,trader_0010,ETH-USD,SELL,1869.12,763,2026-01-01T03:54:47Z
order_00014089,batch_0005,trader_0018,ETH-USD,SELL,2018.72,575,2026-01-01T03:54:48Z
order_00014090,batch_0005,trader_0018,ETH-USD,SELL,2128.06,705,2026-01-01T03:54:49Z
order_00014091,batch_0005,trader_0020,ETH-USD,BUY,1920.17,819,2026-01-01T03:54:50Z
order_00014092,batch_0005,trader_0018,ETH-USD,BUY,1964.72,272,2026-01-01T03:54:51Z
order_00014093,batch_0005,trader_0004,ETH-USD,SELL,1929.08,339,2026-01-01T03:54:52Z
order_00014094,batch_0005,trader_0006,ETH-USD,SELL,2092.89,584,2026-01-01T03:54:53Z
order_00014095,batch_0005,trader_0025,ETH-USD,SELL,2137.36,33,2026-01-01T03:54:54Z
order_00014096,batch_0005,trader_0022,ETH-USD,SELL,2102.69,462,2026-01-01T03:54:55Z
order_00014097,batch_0005,trader_0021,ETH-USD,SELL,1839.9,297,2026-01-01T03:54:56Z
order_00014098,batch_0005,trader_0004,ETH-USD,SELL,1879.61,379,2026-01-01T03:54:57Z
order_00014099,batch_0005,trader_0025,ETH-USD,SELL,2005.24,241,2026-01-01T03:54:58Z
order_00014100,batch_0005,trader_0025,ETH-USD,SELL,1958.58,711,2026-01-01T03:54:59Z
order_00014101,batch_0005,trader_0020,ETH-USD,BUY,2074.89,452,2026-01-01T03:55:00Z
order_00014102,batch_0005,trader_0017,ETH-USD,SELL,1862.07,369,2026-01-01T03:55:01Z
order_00014103,batch_0005,trader_0013,ETH-USD,SELL,2070.58,341,2026-01-01T03:55:02Z
order_00014104,batch_0005,trader_0023,ETH-USD,SELL,1817.14,734,2026-01-01T03:55:03Z
order_00014105,batch_0005,trader_0019,ETH-USD,SELL,1904.17,621,2026-01-01T03:55:04Z
order_00014106,batch_0005,trader_0022,ETH-USD,BUY,2005.91,812,2026-01-01T03:55:05Z
order_00014107,batch_0005,trader_0018,ETH-USD,SELL,1930.62,147,2026-01-01T03:55:06Z
order_00014108,batch_0005,trader_0007,ETH-USD,SELL,1993.63,333,2026-01-01T03:55:07Z
order_00014109,batch_0005,trader_0002,ETH-USD,SELL,2184.22,839,2026-01-01T03:55:08Z
order_00014110,batch_0005,trader_0016,ETH-USD,BUY,1885.74,25,2026-01-01T03:55:09Z
order_00014111,batch_0005,trader_0012,ETH-USD,BUY,1861.36,85,2026-01-01T03:55:10Z
order_00014112,batch_0005,trader_0019,ETH-USD,SELL,2021.99,810,2026-01-01T03:55:11Z
order_00014113,batch_0005,trader_0007,ETH-USD,SELL,2007.74,314,2026-01-01T03:55:12Z
order_00014114,batch_0005,trader_0015,ETH-USD,SELL,1900.8,468,2026-01-01T03:55:13Z
order_00014115,batch_0005,trader_0009,ETH-USD,SELL,2121.51,80,2026-01-01T03:55:14Z
order_00014116,batch_0005,trader_0023,ETH-USD,SELL,2037.01,741,2026-01-01T03:55:15Z
order_00014117,batch_0005,trader_0011,ETH-USD,SELL,1909.52,947,2026-01-01T03:55:16Z
order_00014118,batch_0005,trader_0008,ETH-USD,BUY,2021.42,74,2026-01-01T03:55:17Z
order_00014119,batch_0005,trader_0016,ETH-USD,SELL,1954.52,727,2026-01-01T03:55:18Z
order_00014120,batch_0005,trader_0009,ETH-USD,SELL,1814.88,3,2026-01-01T03:55:19Z
order_00014121,batch_0005,trader_0022,ETH-USD,SELL,1921.77,367,2026-01-01T03:55:20Z
order_00014122,batch_0005,trader_0024,ETH-USD,BUY,2108.38,871,2026-01-01T03:55:21Z
order_00014123,batch_0005,trader_0017,ETH-USD,BUY,2066.18,197,2026-01-01T03:55:22Z
order_00014124,batch_0005,trader_0019,ETH-USD,SELL,2149.87,9,2026-01-01T03:55:23Z
order_00014125,batch_0005,trader_0011,ETH-USD,BUY,1866.17,334,2026-01-01T03:55:24Z
order_00014126,batch_0005,trader_0005,ETH-USD,SELL,2028.87,717,2026-01-01T03:55:25Z
order_00014127,batch_0005,trader_0009,ETH-USD,BUY,1972.55,370,2026-01-01T03:55:26Z
order_00014128,batch_0005,trader_0023,ETH-USD,BUY,1862.15,960,2026-01-01T03:55:27Z
order_00014129,batch_0005,trader_0019,ETH-USD,SELL,2093.42,799,2026-01-01T03:55:28Z
order_00014130,batch_0005,trader_0002,ETH-USD,SELL,1825.07,63,2026-01-01T03:55:29Z
order_00014131,batch_0005,trader_0011,ETH-USD,SELL,1851.68,678,2026-01-01T03:55:30Z
order_00014132,batch_0005,trader_0014,ETH-USD,BUY,1843.15,262,2026-01-01T03:55:31Z
order_00014133,batch_0005,trader_0010,ETH-USD,BUY,2153.93,99,2026-01-01T03:55:32Z
order_00014134,batch_0005,trader_0025,ETH-USD,SELL,1863.02,240,2026-01-01T03:55:33Z
order_00014135,batch_0005,trader_0011,ETH-USD,SELL,1962.49,614,2026-01-01T03:55:34Z
order_00014136,batch_0005,trader_0014,ETH-USD,SELL,2172.57,139,2026-01-01T03:55:35Z
order_00014137,batch_0005,trader_0014,ETH-USD,SELL,1849.38,135,2026-01-01T03:55:36Z
order_00014138,batch_0005,trader_0003,ETH-USD,SELL,1919.43,578,2026-01-01T03:55:37Z
order_00014139,batch_0005,trader_0001,ETH-USD,SELL,2054.84,866,2026-01-01T03:55:38Z
order_00014140,batch_0005,trader_0008,ETH-USD,BUY,2083.84,169,2026-01-01T03:55:39Z
order_00014141,batch_0005,trader_0015,ETH-USD,SELL,1849.02,24,2026-01-01T03:55:40Z
order_00014142,batch_0005,trader_0012,ETH-USD,SELL,1934.9,391,2026-01-01T03:55:41Z
order_00014143,batch_0005,trader_0008,ETH-USD,SELL,2060.22,400,2026-01-01T03:55:42Z
order_00014144,batch_0005,trader_0007,ETH-USD,BUY,2090.79,562,2026-01-01T03:55:43Z
order_00014145,batch_0005,trader_0008,ETH-USD,BUY,1839.78,315,2026-01-01T03:55:44Z
order_00014146,batch_0005,trader_0006,ETH-USD,BUY,2156.37,403,2026-01-01T03:55:45Z
order_00014147,batch_0005,trader_0009,ETH-USD,SELL,2099.99,24,2026-01-01T03:55:46Z
order_00014148,batch_0005,trader_0007,ETH-USD,SELL,1822.31,659,2026-01-01T03:55:47Z
order_00014149,batch_0005,trader_0025,ETH-USD,SELL,2092.16,881,2026-01-01T03:55:48Z
order_00014150,batch_0005,trader_0012,ETH-USD,SELL,2092.05,351,2026-01-01T03:55:49Z
order_00014151,batch_0005,trader_0024,ETH-USD,BUY,2161.42,782,2026-01-01T03:55:50Z
order_00014152,batch_0005,trader_0003,ETH-USD,SELL,2009.88,166,2026-01-01T03:55:51Z
order_00014153,batch_0005,trader_0011,ETH-USD,BUY,1958.9,237,2026-01-01T03:55:52Z
order_00014154,batch_0005,trader_0001,ETH-USD,SELL,1871.65,504,2026-01-01T03:55:53Z
order_00014155,batch_0005,trader_0010,ETH-USD,SELL,1874.01,503,2026-01-01T03:55:54Z
order_00014156,batch_0005,trader_0012,ETH-USD,SELL,2181.37,126,2026-01-01T03:55:55Z
order_00014157,batch_0005,trader_0012,ETH-USD,SELL,2182.99,939,2026-01-01T03:55:56Z
order_00014158,batch_0005,trader_0017,ETH-USD,SELL,2147.69,927,2026-01-01T03:55:57Z
order_00014159,batch_0005,trader_0012,ETH-USD,SELL,2150.1,768,2026-01-01T03:55:58Z
order_00014160,batch_0005,trader_0019,ETH-USD,BUY,2020.72,94,2026-01-01T03:55:59Z
order_00014161,batch_0005,trader_0006,ETH-USD,BUY,2116.02,999,2026-01-01T03:56:00Z
order_00014162,batch_0005,trader_0011,ETH-USD,SELL,1898.73,263,2026-01-01T03:56:01Z
order_00014163,batch_0005,trader_0005,ETH-USD,BUY,1993.57,99,2026-01-01T03:56:02Z
order_00014164,batch_0005,trader_0017,ETH-USD,SELL,1905.8,145,2026-01-01T03:56:03Z
order_00014165,batch_0005,trader_0019,ETH-USD,BUY,2068.0,659,2026-01-01T03:56:04Z
order_00014166,batch_0005,trader_0005,ETH-USD,SELL,1864.84,680,2026-01-01T03:56:05Z
order_00014167,batch_0005,trader_0006,ETH-USD,SELL,2171.67,659,2026-01-01T03:56:06Z
order_00014168,batch_0005,trader_0021,ETH-USD,BUY,1842.55,794,2026-01-01T03:56:07Z
order_00014169,batch_0005,trader_0010,ETH-USD,BUY,1858.24,270,2026-01-01T03:56:08Z
order_00014170,batch_0005,trader_0025,ETH-USD,SELL,1996.26,862,2026-01-01T03:56:09Z
order_00014171,batch_0005,trader_0012,ETH-USD,BUY,1842.68,251,2026-01-01T03:56:10Z
order_00014172,batch_0005,trader_0024,ETH-USD,SELL,1951.9,885,2026-01-01T03:56:11Z
order_00014173,batch_0005,trader_0005,ETH-USD,BUY,1887.47,63,2026-01-01T03:56:12Z
order_00014174,batch_0005,trader_0001,ETH-USD,BUY,1887.84,67,2026-01-01T03:56:13Z
order_00014175,batch_0005,trader_0014,ETH-USD,BUY,1826.36,216,2026-01-01T03:56:14Z
order_00014176,batch_0005,trader_0010,ETH-USD,BUY,1873.97,315,2026-01-01T03:56:15Z
order_00014177,batch_0005,trader_0022,ETH-USD,BUY,1991.25,658,2026-01-01T03:56:16Z
order_00014178,batch_0005,trader_0012,ETH-USD,SELL,2185.81,29,2026-01-01T03:56:17Z
order_00014179,batch_0005,trader_0024,ETH-USD,BUY,2046.87,931,2026-01-01T03:56:18Z
order_00014180,batch_0005,trader_0001,ETH-USD,BUY,2186.31,490,2026-01-01T03:56:19Z
order_00014181,batch_0005,trader_0024,ETH-USD,SELL,1970.97,130,2026-01-01T03:56:20Z
order_00014182,batch_0005,trader_0021,ETH-USD,BUY,1959.8,478,2026-01-01T03:56:21Z
order_00014183,batch_0005,trader_0017,ETH-USD,BUY,2094.41,598,2026-01-01T03:56:22Z
order_00014184,batch_0005,trader_0013,ETH-USD,SELL,1873.53,713,2026-01-01T03:56:23Z
order_00014185,batch_0005,trader_0010,ETH-USD,SELL,2059.19,447,2026-01-01T03:56:24Z
order_00014186,batch_0005,trader_0015,ETH-USD,BUY,1939.06,217,2026-01-01T03:56:25Z
order_00014187,batch_0005,trader_0020,ETH-USD,SELL,1915.98,806,2026-01-01T03:56:26Z
order_00014188,batch_0005,trader_0023,ETH-USD,BUY,2080.23,172,2026-01-01T03:56:27Z
order_00014189,batch_0005,trader_0017,ETH-USD,BUY,2025.89,223,2026-01-01T03:56:28Z
order_00014190,batch_0005,trader_0004,ETH-USD,BUY,1977.16,42,2026-01-01T03:56:29Z
order_00014191,batch_0005,trader_0002,ETH-USD,SELL,1999.64,290,2026-01-01T03:56:30Z
order_00014192,batch_0005,trader_0006,ETH-USD,SELL,1942.47,800,2026-01-01T03:56:31Z
order_00014193,batch_0005,trader_0016,ETH-USD,BUY,1826.42,98,2026-01-01T03:56:32Z
order_00014194,batch_0005,trader_0010,ETH-USD,SELL,1803.29,997,2026-01-01T03:56:33Z
order_00014195,batch_0005,trader_0019,ETH-USD,BUY,2079.88,980,2026-01-01T03:56:34Z
order_00014196,batch_0005,trader_0005,ETH-USD,SELL,2059.58,242,2026-01-01T03:56:35Z
order_00014197,batch_0005,trader_0010,ETH-USD,BUY,1834.29,566,2026-01-01T03:56:36Z
order_00014198,batch_0005,trader_0003,ETH-USD,BUY,1962.51,115,2026-01-01T03:56:37Z
order_00014199,batch_0005,trader_0020,ETH-USD,BUY,2095.46,416,2026-01-01T03:56:38Z
order_00014200,batch_0005,trader_0010,ETH-USD,SELL,1922.96,483,2026-01-01T03:56:39Z
order_00014201,batch_0005,trader_0002,ETH-USD,SELL,2032.89,424,2026-01-01T03:56:40Z
order_00014202,batch_0005,trader_0017,ETH-USD,BUY,2041.45,115,2026-01-01T03:56:41Z
order_00014203,batch_0005,trader_0003,ETH-USD,SELL,1932.2,594,2026-01-01T03:56:42Z
order_00014204,batch_0005,trader_0018,ETH-USD,SELL,1948.03,121,2026-01-01T03:56:43Z
order_00014205,batch_0005,trader_0002,ETH-USD,SELL,1895.95,132,2026-01-01T03:56:44Z
order_00014206,batch_0005,trader_0021,ETH-USD,SELL,1846.97,507,2026-01-01T03:56:45Z
order_00014207,batch_0005,trader_0001,ETH-USD,BUY,2006.31,945,2026-01-01T03:56:46Z
order_00014208,batch_0005,trader_0013,ETH-USD,BUY,1852.09,309,2026-01-01T03:56:47Z
order_00014209,batch_0005,trader_0011,ETH-USD,SELL,2136.21,742,2026-01-01T03:56:48Z
order_00014210,batch_0005,trader_0010,ETH-USD,SELL,2088.52,551,2026-01-01T03:56:49Z
order_00014211,batch_0005,trader_0007,ETH-USD,SELL,2032.3,759,2026-01-01T03:56:50Z
order_00014212,batch_0005,trader_0021,ETH-USD,BUY,1912.46,832,2026-01-01T03:56:51Z
order_00014213,batch_0005,trader_0017,ETH-USD,SELL,2145.73,355,2026-01-01T03:56:52Z
order_00014214,batch_0005,trader_0015,ETH-USD,SELL,2058.45,366,2026-01-01T03:56:53Z
order_00014215,batch_0005,trader_0016,ETH-USD,SELL,2155.59,70,2026-01-01T03:56:54Z
order_00014216,batch_0005,trader_0002,ETH-USD,SELL,1922.72,648,2026-01-01T03:56:55Z
order_00014217,batch_0005,trader_0009,ETH-USD,BUY,1994.94,751,2026-01-01T03:56:56Z
order_00014218,batch_0005,trader_0009,ETH-USD,SELL,1902.2,617,2026-01-01T03:56:57Z
order_00014219,batch_0005,trader_0007,ETH-USD,BUY,1976.62,237,2026-01-01T03:56:58Z
order_00014220,batch_0005,trader_0010,ETH-USD,BUY,2182.75,439,2026-01-01T03:56:59Z
order_00014221,batch_0005,trader_0024,ETH-USD,BUY,1958.9,774,2026-01-01T03:57:00Z
order_00014222,batch_0005,trader_0003,ETH-USD,BUY,2015.43,123,2026-01-01T03:57:01Z
order_00014223,batch_0005,trader_0016,ETH-USD,BUY,1867.52,539,2026-01-01T03:57:02Z
order_00014224,batch_0005,trader_0015,ETH-USD,SELL,1888.1,661,2026-01-01T03:57:03Z
order_00014225,batch_0005,trader_0017,ETH-USD,BUY,1967.05,603,2026-01-01T03:57:04Z
order_00014226,batch_0005,trader_0015,ETH-USD,SELL,2080.1,384,2026-01-01T03:57:05Z
order_00014227,batch_0005,trader_0021,ETH-USD,SELL,2195.07,709,2026-01-01T03:57:06Z
order_00014228,batch_0005,trader_0017,ETH-USD,SELL,2056.24,105,2026-01-01T03:57:07Z
order_00014229,batch_0005,trader_0010,ETH-USD,BUY,1998.2,426,2026-01-01T03:57:08Z
order_00014230,batch_0005,trader_0009,ETH-USD,BUY,2116.46,219,2026-01-01T03:57:09Z
order_00014231,batch_0005,trader_0011,ETH-USD,SELL,2053.17,896,2026-01-01T03:57:10Z
order_00014232,batch_0005,trader_0001,ETH-USD,SELL,1982.71,612,2026-01-01T03:57:11Z
order_00014233,batch_0005,trader_0002,ETH-USD,SELL,2113.47,616,2026-01-01T03:57:12Z
order_00014234,batch_0005,trader_0010,ETH-USD,BUY,2056.77,453,2026-01-01T03:57:13Z
order_00014235,batch_0005,trader_0007,ETH-USD,SELL,1934.96,383,2026-01-01T03:57:14Z
order_00014236,batch_0005,trader_0007,ETH-USD,BUY,1828.49,21,2026-01-01T03:57:15Z
order_00014237,batch_0005,trader_0005,ETH-USD,BUY,1904.88,951,2026-01-01T03:57:16Z
order_00014238,batch_0005,trader_0006,ETH-USD,BUY,1940.58,985,2026-01-01T03:57:17Z
order_00014239,batch_0005,trader_0018,ETH-USD,BUY,2029.88,188,2026-01-01T03:57:18Z
order_00014240,batch_0005,trader_0009,ETH-USD,BUY,2076.26,459,2026-01-01T03:57:19Z
order_00014241,batch_0005,trader_0021,ETH-USD,BUY,1936.77,375,2026-01-01T03:57:20Z
order_00014242,batch_0005,trader_0004,ETH-USD,SELL,1930.61,167,2026-01-01T03:57:21Z
order_00014243,batch_0005,trader_0012,ETH-USD,BUY,2053.86,296,2026-01-01T03:57:22Z
order_00014244,batch_0005,trader_0013,ETH-USD,BUY,2169.24,160,2026-01-01T03:57:23Z
order_00014245,batch_0005,trader_0024,ETH-USD,BUY,2103.72,160,2026-01-01T03:57:24Z
order_00014246,batch_0005,trader_0017,ETH-USD,BUY,1923.12,449,2026-01-01T03:57:25Z
order_00014247,batch_0005,trader_0006,ETH-USD,SELL,1861.57,801,2026-01-01T03:57:26Z
order_00014248,batch_0005,trader_0014,ETH-USD,BUY,1829.14,282,2026-01-01T03:57:27Z
order_00014249,batch_0005,trader_0015,ETH-USD,BUY,1962.33,585,2026-01-01T03:57:28Z
order_00014250,batch_0005,trader_0002,ETH-USD,BUY,1862.55,349,2026-01-01T03:57:29Z
order_00014251,batch_0005,trader_0024,ETH-USD,SELL,2074.63,898,2026-01-01T03:57:30Z
order_00014252,batch_0005,trader_0020,ETH-USD,BUY,1967.75,473,2026-01-01T03:57:31Z
order_00014253,batch_0005,trader_0006,ETH-USD,BUY,1892.75,974,2026-01-01T03:57:32Z
order_00014254,batch_0005,trader_0006,ETH-USD,BUY,2029.43,57,2026-01-01T03:57:33Z
order_00014255,batch_0005,trader_0013,ETH-USD,SELL,2029.18,753,2026-01-01T03:57:34Z
order_00014256,batch_0005,trader_0006,ETH-USD,SELL,1878.05,638,2026-01-01T03:57:35Z
order_00014257,batch_0005,trader_0024,ETH-USD,BUY,1800.43,751,2026-01-01T03:57:36Z
order_00014258,batch_0005,trader_0013,ETH-USD,BUY,2157.43,407,2026-01-01T03:57:37Z
order_00014259,batch_0005,trader_0025,ETH-USD,SELL,2069.21,117,2026-01-01T03:57:38Z
order_00014260,batch_0005,trader_0009,ETH-USD,SELL,2016.4,938,2026-01-01T03:57:39Z
order_00014261,batch_0005,trader_0013,ETH-USD,BUY,1850.64,360,2026-01-01T03:57:40Z
order_00014262,batch_0005,trader_0004,ETH-USD,BUY,1905.75,929,2026-01-01T03:57:41Z
order_00014263,batch_0005,trader_0022,ETH-USD,SELL,2120.15,28,2026-01-01T03:57:42Z
order_00014264,batch_0005,trader_0016,ETH-USD,BUY,2027.89,551,2026-01-01T03:57:43Z
order_00014265,batch_0005,trader_0014,ETH-USD,BUY,1918.99,35,2026-01-01T03:57:44Z
order_00014266,batch_0005,trader_0012,ETH-USD,BUY,1874.6,969,2026-01-01T03:57:45Z
order_00014267,batch_0005,trader_0011,ETH-USD,BUY,2132.12,987,2026-01-01T03:57:46Z
order_00014268,batch_0005,trader_0006,ETH-USD,BUY,1989.11,386,2026-01-01T03:57:47Z
order_00014269,batch_0005,trader_0017,ETH-USD,SELL,1810.99,418,2026-01-01T03:57:48Z
order_00014270,batch_0005,trader_0009,ETH-USD,BUY,1832.25,240,2026-01-01T03:57:49Z
order_00014271,batch_0005,trader_0006,ETH-USD,SELL,1908.19,217,2026-01-01T03:57:50Z
order_00014272,batch_0005,trader_0010,ETH-USD,BUY,2130.72,508,2026-01-01T03:57:51Z
order_00014273,batch_0005,trader_0015,ETH-USD,BUY,2073.93,809,2026-01-01T03:57:52Z
order_00014274,batch_0005,trader_0015,ETH-USD,BUY,1857.36,170,2026-01-01T03:57:53Z
order_00014275,batch_0005,trader_0011,ETH-USD,BUY,2179.73,954,2026-01-01T03:57:54Z
order_00014276,batch_0005,trader_0013,ETH-USD,SELL,1876.99,581,2026-01-01T03:57:55Z
order_00014277,batch_0005,trader_0024,ETH-USD,BUY,1865.76,301,2026-01-01T03:57:56Z
order_00014278,batch_0005,trader_0013,ETH-USD,BUY,1994.46,85,2026-01-01T03:57:57Z
order_00014279,batch_0005,trader_0022,ETH-USD,SELL,2056.46,708,2026-01-01T03:57:58Z
order_00014280,batch_0005,trader_0017,ETH-USD,SELL,2182.17,462,2026-01-01T03:57:59Z
order_00014281,batch_0005,trader_0004,ETH-USD,SELL,1822.94,529,2026-01-01T03:58:00Z
order_00014282,batch_0005,trader_0012,ETH-USD,BUY,1813.23,212,2026-01-01T03:58:01Z
order_00014283,batch_0005,trader_0007,ETH-USD,BUY,2032.21,957,2026-01-01T03:58:02Z
order_00014284,batch_0005,trader_0006,ETH-USD,SELL,2169.53,373,2026-01-01T03:58:03Z
order_00014285,batch_0005,trader_0002,ETH-USD,BUY,1997.52,477,2026-01-01T03:58:04Z
order_00014286,batch_0005,trader_0001,ETH-USD,BUY,2009.71,815,2026-01-01T03:58:05Z
order_00014287,batch_0005,trader_0009,ETH-USD,BUY,2051.67,248,2026-01-01T03:58:06Z
order_00014288,batch_0005,trader_0018,ETH-USD,BUY,2043.78,698,2026-01-01T03:58:07Z
order_00014289,batch_0005,trader_0004,ETH-USD,BUY,1911.5,36,2026-01-01T03:58:08Z
order_00014290,batch_0005,trader_0004,ETH-USD,SELL,1867.73,731,2026-01-01T03:58:09Z
order_00014291,batch_0005,trader_0021,ETH-USD,BUY,1946.57,762,2026-01-01T03:58:10Z
order_00014292,batch_0005,trader_0007,ETH-USD,BUY,2034.22,479,2026-01-01T03:58:11Z
order_00014293,batch_0005,trader_0005,ETH-USD,SELL,1987.53,585,2026-01-01T03:58:12Z
order_00014294,batch_0005,trader_0013,ETH-USD,BUY,1919.13,906,2026-01-01T03:58:13Z
order_00014295,batch_0005,trader_0024,ETH-USD,BUY,2045.06,395,2026-01-01T03:58:14Z
order_00014296,batch_0005,trader_0013,ETH-USD,SELL,1989.43,320,2026-01-01T03:58:15Z
order_00014297,batch_0005,trader_0014,ETH-USD,BUY,2186.06,153,2026-01-01T03:58:16Z
order_00014298,batch_0005,trader_0012,ETH-USD,SELL,2059.68,665,2026-01-01T03:58:17Z
order_00014299,batch_0005,trader_0002,ETH-USD,BUY,2034.8,85,2026-01-01T03:58:18Z
order_00014300,batch_0005,trader_0015,ETH-USD,SELL,1879.36,272,2026-01-01T03:58:19Z
order_00014301,batch_0005,trader_0014,ETH-USD,SELL,2047.18,171,2026-01-01T03:58:20Z
order_00014302,batch_0005,trader_0001,ETH-USD,BUY,1813.15,900,2026-01-01T03:58:21Z
order_00014303,batch_0005,trader_0006,ETH-USD,BUY,2111.41,424,2026-01-01T03:58:22Z
order_00014304,batch_0005,trader_0025,ETH-USD,BUY,2127.01,462,2026-01-01T03:58:23Z
order_00014305,batch_0005,trader_0011,ETH-USD,BUY,1907.41,684,2026-01-01T03:58:24Z
order_00014306,batch_0005,trader_0010,ETH-USD,SELL,1958.89,828,2026-01-01T03:58:25Z
order_00014307,batch_0005,trader_0003,ETH-USD,SELL,2156.03,919,2026-01-01T03:58:26Z
order_00014308,batch_0005,trader_0013,ETH-USD,BUY,1812.55,608,2026-01-01T03:58:27Z
order_00014309,batch_0005,trader_0006,ETH-USD,BUY,2092.82,403,2026-01-01T03:58:28Z
order_00014310,batch_0005,trader_0020,ETH-USD,SELL,1961.7,690,2026-01-01T03:58:29Z
order_00014311,batch_0005,trader_0016,ETH-USD,BUY,1830.77,119,2026-01-01T03:58:30Z
order_00014312,batch_0005,trader_0020,ETH-USD,SELL,1871.88,117,2026-01-01T03:58:31Z
order_00014313,batch_0005,trader_0019,ETH-USD,SELL,1981.64,698,2026-01-01T03:58:32Z
order_00014314,batch_0005,trader_0005,ETH-USD,BUY,1916.47,612,2026-01-01T03:58:33Z
order_00014315,batch_0005,trader_0020,ETH-USD,SELL,2152.14,134,2026-01-01T03:58:34Z
order_00014316,batch_0005,trader_0009,ETH-USD,BUY,1898.7,357,2026-01-01T03:58:35Z
order_00014317,batch_0005,trader_0016,ETH-USD,BUY,1932.14,454,2026-01-01T03:58:36Z
order_00014318,batch_0005,trader_0013,ETH-USD,SELL,1834.66,400,2026-01-01T03:58:37Z
order_00014319,batch_0005,trader_0022,ETH-USD,BUY,1864.72,497,2026-01-01T03:58:38Z
order_00014320,batch_0005,trader_0017,ETH-USD,BUY,2171.64,936,2026-01-01T03:58:39Z
order_00014321,batch_0005,trader_0008,ETH-USD,SELL,2190.74,533,2026-01-01T03:58:40Z
order_00014322,batch_0005,trader_0018,ETH-USD,BUY,1999.86,15,2026-01-01T03:58:41Z
order_00014323,batch_0005,trader_0017,ETH-USD,BUY,1913.05,679,2026-01-01T03:58:42Z
order_00014324,batch_0005,trader_0016,ETH-USD,BUY,2121.06,834,2026-01-01T03:58:43Z
order_00014325,batch_0005,trader_0004,ETH-USD,SELL,2140.11,402,2026-01-01T03:58:44Z
order_00014326,batch_0005,trader_0013,ETH-USD,BUY,2030.52,650,2026-01-01T03:58:45Z
order_00014327,batch_0005,trader_0017,ETH-USD,BUY,1953.02,416,2026-01-01T03:58:46Z
order_00014328,batch_0005,trader_0019,ETH-USD,BUY,1808.85,968,2026-01-01T03:58:47Z
order_00014329,batch_0005,trader_0001,ETH-USD,BUY,1895.43,344,2026-01-01T03:58:48Z
order_00014330,batch_0005,trader_0012,ETH-USD,BUY,1857.25,832,2026-01-01T03:58:49Z
order_00014331,batch_0005,trader_0022,ETH-USD,BUY,2076.77,207,2026-01-01T03:58:50Z
order_00014332,batch_0005,trader_0001,ETH-USD,SELL,1988.14,288,2026-01-01T03:58:51Z
order_00014333,batch_0005,trader_0008,ETH-USD,SELL,1814.26,574,2026-01-01T03:58:52Z
order_00014334,batch_0005,trader_0022,ETH-USD,BUY,1905.95,90,2026-01-01T03:58:53Z
order_00014335,batch_0005,trader_0015,ETH-USD,BUY,1988.91,824,2026-01-01T03:58:54Z
order_00014336,batch_0005,trader_0008,ETH-USD,SELL,2131.13,511,2026-01-01T03:58:55Z
order_00014337,batch_0005,trader_0014,ETH-USD,SELL,1857.55,647,2026-01-01T03:58:56Z
order_00014338,batch_0005,trader_0009,ETH-USD,SELL,2001.32,721,2026-01-01T03:58:57Z
order_00014339,batch_0005,trader_0016,ETH-USD,SELL,1904.01,336,2026-01-01T03:58:58Z
order_00014340,batch_0005,trader_0020,ETH-USD,SELL,2150.4,760,2026-01-01T03:58:59Z
order_00014341,batch_0005,trader_0013,ETH-USD,BUY,2104.34,747,2026-01-01T03:59:00Z
order_00014342,batch_0005,trader_0007,ETH-USD,SELL,2186.39,894,2026-01-01T03:59:01Z
order_00014343,batch_0005,trader_0016,ETH-USD,BUY,1811.91,317,2026-01-01T03:59:02Z
order_00014344,batch_0005,trader_0020,ETH-USD,BUY,2006.02,939,2026-01-01T03:59:03Z
order_00014345,batch_0005,trader_0021,ETH-USD,SELL,2000.94,627,2026-01-01T03:59:04Z
order_00014346,batch_0005,trader_0022,ETH-USD,SELL,2168.07,427,2026-01-01T03:59:05Z
order_00014347,batch_0005,trader_0025,ETH-USD,SELL,2119.77,604,2026-01-01T03:59:06Z
order_00014348,batch_0005,trader_0002,ETH-USD,BUY,2024.52,548,2026-01-01T03:59:07Z
order_00014349,batch_0005,trader_0013,ETH-USD,BUY,1883.14,640,2026-01-01T03:59:08Z
order_00014350,batch_0005,trader_0009,ETH-USD,SELL,1858.64,449,2026-01-01T03:59:09Z
order_00014351,batch_0005,trader_0006,ETH-USD,SELL,2131.63,338,2026-01-01T03:59:10Z
order_00014352,batch_0005,trader_0013,ETH-USD,BUY,1903.6,617,2026-01-01T03:59:11Z
order_00014353,batch_0005,trader_0023,ETH-USD,BUY,1853.54,817,2026-01-01T03:59:12Z
order_00014354,batch_0005,trader_0005,ETH-USD,SELL,1871.78,496,2026-01-01T03:59:13Z
order_00014355,batch_0005,trader_0008,ETH-USD,BUY,2198.67,323,2026-01-01T03:59:14Z
order_00014356,batch_0005,trader_0013,ETH-USD,BUY,2110.86,52,2026-01-01T03:59:15Z
order_00014357,batch_0005,trader_0006,ETH-USD,SELL,1875.04,593,2026-01-01T03:59:16Z
order_00014358,batch_0005,trader_0012,ETH-USD,SELL,1977.04,930,2026-01-01T03:59:17Z
order_00014359,batch_0005,trader_0011,ETH-USD,BUY,2066.04,722,2026-01-01T03:59:18Z
order_00014360,batch_0005,trader_0014,ETH-USD,SELL,2112.55,800,2026-01-01T03:59:19Z
order_00014361,batch_0005,trader_0010,ETH-USD,BUY,1869.4,409,2026-01-01T03:59:20Z
order_00014362,batch_0005,trader_0004,ETH-USD,SELL,1930.0,803,2026-01-01T03:59:21Z
order_00014363,batch_0005,trader_0024,ETH-USD,BUY,1970.09,596,2026-01-01T03:59:22Z
order_00014364,batch_0005,trader_0015,ETH-USD,BUY,2180.15,754,2026-01-01T03:59:23Z
order_00014365,batch_0005,trader_0013,ETH-USD,BUY,2056.56,153,2026-01-01T03:59:24Z
order_00014366,batch_0005,trader_0016,ETH-USD,BUY,2162.7,313,2026-01-01T03:59:25Z
order_00014367,batch_0005,trader_0003,ETH-USD,BUY,1837.4,697,2026-01-01T03:59:26Z
order_00014368,batch_0005,trader_0001,ETH-USD,BUY,1853.84,919,2026-01-01T03:59:27Z
order_00014369,batch_0005,trader_0004,ETH-USD,BUY,2094.73,198,2026-01-01T03:59:28Z
order_00014370,batch_0005,trader_0013,ETH-USD,SELL,2014.94,90,2026-01-01T03:59:29Z
order_00014371,batch_0005,trader_0025,ETH-USD,BUY,2144.15,374,2026-01-01T03:59:30Z
order_00014372,batch_0005,trader_0023,ETH-USD,BUY,1973.05,223,2026-01-01T03:59:31Z
order_00014373,batch_0005,trader_0003,ETH-USD,SELL,1936.09,521,2026-01-01T03:59:32Z
order_00014374,batch_0005,trader_0014,ETH-USD,SELL,2152.9,470,2026-01-01T03:59:33Z
order_00014375,batch_0005,trader_0020,ETH-USD,SELL,1942.08,370,2026-01-01T03:59:34Z
order_00014376,batch_0005,trader_0020,ETH-USD,SELL,1830.09,595,2026-01-01T03:59:35Z
order_00014377,batch_0005,trader_0015,ETH-USD,BUY,1964.98,845,2026-01-01T03:59:36Z
order_00014378,batch_0005,trader_0007,ETH-USD,BUY,1873.51,759,2026-01-01T03:59:37Z
order_00014379,batch_0005,trader_0019,ETH-USD,BUY,2028.84,314,2026-01-01T03:59:38Z
order_00014380,batch_0005,trader_0010,ETH-USD,SELL,2074.51,356,2026-01-01T03:59:39Z
order_00014381,batch_0005,trader_0009,ETH-USD,BUY,1801.81,683,2026-01-01T03:59:40Z
order_00014382,batch_0005,trader_0005,ETH-USD,BUY,1900.78,697,2026-01-01T03:59:41Z
order_00014383,batch_0005,trader_0005,ETH-USD,BUY,2140.63,107,2026-01-01T03:59:42Z
order_00014384,batch_0005,trader_0016,ETH-USD,BUY,1998.98,123,2026-01-01T03:59:43Z
order_00014385,batch_0005,trader_0005,ETH-USD,SELL,2160.27,726,2026-01-01T03:59:44Z
order_00014386,batch_0005,trader_0022,ETH-USD,BUY,2143.14,102,2026-01-01T03:59:45Z
order_00014387,batch_0005,trader_0023,ETH-USD,BUY,2058.28,991,2026-01-01T03:59:46Z
order_00014388,batch_0005,trader_0017,ETH-USD,SELL,1991.83,862,2026-01-01T03:59:47Z
order_00014389,batch_0005,trader_0022,ETH-USD,BUY,2149.55,751,2026-01-01T03:59:48Z
order_00014390,batch_0005,trader_0015,ETH-USD,SELL,1893.03,939,2026-01-01T03:59:49Z
order_00014391,batch_0005,trader_0002,ETH-USD,BUY,1930.67,465,2026-01-01T03:59:50Z
order_00014392,batch_0005,trader_0018,ETH-USD,SELL,2171.25,606,2026-01-01T03:59:51Z
order_00014393,batch_0005,trader_0017,ETH-USD,BUY,1930.77,573,2026-01-01T03:59:52Z
order_00014394,batch_0005,trader_0004,ETH-USD,SELL,1867.32,241,2026-01-01T03:59:53Z
order_00014395,batch_0005,trader_0011,ETH-USD,BUY,1882.91,322,2026-01-01T03:59:54Z
order_00014396,batch_0005,trader_0014,ETH-USD,BUY,1927.13,223,2026-01-01T03:59:55Z
order_00014397,batch_0005,trader_0008,ETH-USD,SELL,2083.59,689,2026-01-01T03:59:56Z
order_00014398,batch_0005,trader_0020,ETH-USD,BUY,2185.22,451,2026-01-01T03:59:57Z
order_00014399,batch_0005,trader_0013,ETH-USD,SELL,2186.5,648,2026-01-01T03:59:58Z
order_00014400,batch_0005,trader_0012,ETH-USD,BUY,1878.24,826,2026-01-01T03:59:59Z
order_00014401,batch_0005,trader_0012,ETH-USD,BUY,1834.05,644,2026-01-01T04:00:00Z
order_00014402,batch_0005,trader_0008,ETH-USD,SELL,2196.42,887,2026-01-01T04:00:01Z
order_00014403,batch_0005,trader_0006,ETH-USD,SELL,2002.36,649,2026-01-01T04:00:02Z
order_00014404,batch_0005,trader_0014,ETH-USD,BUY,1993.91,111,2026-01-01T04:00:03Z
order_00014405,batch_0005,trader_0022,ETH-USD,SELL,1856.3,988,2026-01-01T04:00:04Z
order_00014406,batch_0005,trader_0005,ETH-USD,BUY,2169.22,408,2026-01-01T04:00:05Z
order_00014407,batch_0005,trader_0024,ETH-USD,SELL,2036.75,661,2026-01-01T04:00:06Z
order_00014408,batch_0005,trader_0002,ETH-USD,BUY,2020.42,792,2026-01-01T04:00:07Z
order_00014409,batch_0005,trader_0012,ETH-USD,BUY,2172.48,525,2026-01-01T04:00:08Z
order_00014410,batch_0005,trader_0019,ETH-USD,BUY,2022.66,691,2026-01-01T04:00:09Z
order_00014411,batch_0005,trader_0022,ETH-USD,SELL,2102.61,103,2026-01-01T04:00:10Z
order_00014412,batch_0005,trader_0024,ETH-USD,SELL,1834.11,996,2026-01-01T04:00:11Z
order_00014413,batch_0005,trader_0020,ETH-USD,BUY,1917.33,965,2026-01-01T04:00:12Z
order_00014414,batch_0005,trader_0008,ETH-USD,BUY,1920.97,943,2026-01-01T04:00:13Z
order_00014415,batch_0005,trader_0007,ETH-USD,SELL,1839.93,347,2026-01-01T04:00:14Z
order_00014416,batch_0005,trader_0008,ETH-USD,SELL,1973.45,990,2026-01-01T04:00:15Z
order_00014417,batch_0005,trader_0013,ETH-USD,BUY,1916.31,709,2026-01-01T04:00:16Z
order_00014418,batch_0005,trader_0001,ETH-USD,BUY,1971.74,103,2026-01-01T04:00:17Z
order_00014419,batch_0005,trader_0022,ETH-USD,BUY,1890.61,247,2026-01-01T04:00:18Z
order_00014420,batch_0005,trader_0023,ETH-USD,BUY,2067.28,771,2026-01-01T04:00:19Z
order_00014421,batch_0005,trader_0005,ETH-USD,SELL,1987.85,392,2026-01-01T04:00:20Z
order_00014422,batch_0005,trader_0014,ETH-USD,BUY,1993.55,266,2026-01-01T04:00:21Z
order_00014423,batch_0005,trader_0008,ETH-USD,SELL,2141.77,937,2026-01-01T04:00:22Z
order_00014424,batch_0005,trader_0017,ETH-USD,SELL,1843.21,179,2026-01-01T04:00:23Z
order_00014425,batch_0005,trader_0001,ETH-USD,SELL,1921.03,610,2026-01-01T04:00:24Z
order_00014426,batch_0005,trader_0015,ETH-USD,SELL,2048.72,398,2026-01-01T04:00:25Z
order_00014427,batch_0005,trader_0005,ETH-USD,BUY,1970.47,609,2026-01-01T04:00:26Z
order_00014428,batch_0005,trader_0014,ETH-USD,SELL,1835.63,280,2026-01-01T04:00:27Z
order_00014429,batch_0005,trader_0025,ETH-USD,BUY,1826.07,201,2026-01-01T04:00:28Z
order_00014430,batch_0005,trader_0015,ETH-USD,SELL,1950.81,661,2026-01-01T04:00:29Z
order_00014431,batch_0005,trader_0011,ETH-USD,SELL,2053.12,907,2026-01-01T04:00:30Z
order_00014432,batch_0005,trader_0023,ETH-USD,SELL,2023.28,959,2026-01-01T04:00:31Z
order_00014433,batch_0005,trader_0025,ETH-USD,BUY,1903.39,988,2026-01-01T04:00:32Z
order_00014434,batch_0005,trader_0021,ETH-USD,SELL,2128.27,623,2026-01-01T04:00:33Z
order_00014435,batch_0005,trader_0015,ETH-USD,BUY,2150.81,253,2026-01-01T04:00:34Z
order_00014436,batch_0005,trader_0009,ETH-USD,SELL,2119.7,335,2026-01-01T04:00:35Z
order_00014437,batch_0005,trader_0010,ETH-USD,BUY,1973.78,106,2026-01-01T04:00:36Z
order_00014438,batch_0005,trader_0009,ETH-USD,SELL,2138.27,555,2026-01-01T04:00:37Z
order_00014439,batch_0005,trader_0005,ETH-USD,BUY,2149.22,618,2026-01-01T04:00:38Z
order_00014440,batch_0005,trader_0012,ETH-USD,SELL,1934.52,489,2026-01-01T04:00:39Z
order_00014441,batch_0005,trader_0002,ETH-USD,BUY,2035.58,839,2026-01-01T04:00:40Z
order_00014442,batch_0005,trader_0012,ETH-USD,SELL,1903.2,92,2026-01-01T04:00:41Z
order_00014443,batch_0005,trader_0012,ETH-USD,SELL,1824.72,771,2026-01-01T04:00:42Z
order_00014444,batch_0005,trader_0002,ETH-USD,BUY,2070.89,419,2026-01-01T04:00:43Z
order_00014445,batch_0005,trader_0006,ETH-USD,BUY,2058.53,339,2026-01-01T04:00:44Z
order_00014446,batch_0005,trader_0004,ETH-USD,SELL,1874.42,536,2026-01-01T04:00:45Z
order_00014447,batch_0005,trader_0014,ETH-USD,SELL,2047.1,153,2026-01-01T04:00:46Z
order_00014448,batch_0005,trader_0010,ETH-USD,BUY,2157.62,222,2026-01-01T04:00:47Z
order_00014449,batch_0005,trader_0022,ETH-USD,BUY,2014.31,368,2026-01-01T04:00:48Z
order_00014450,batch_0005,trader_0020,ETH-USD,SELL,2031.58,633,2026-01-01T04:00:49Z
order_00014451,batch_0005,trader_0008,ETH-USD,BUY,1986.45,794,2026-01-01T04:00:50Z
order_00014452,batch_0005,trader_0023,ETH-USD,SELL,2172.47,525,2026-01-01T04:00:51Z
order_00014453,batch_0005,trader_0011,ETH-USD,SELL,1859.21,590,2026-01-01T04:00:52Z
order_00014454,batch_0005,trader_0008,ETH-USD,SELL,2195.3,715,2026-01-01T04:00:53Z
order_00014455,batch_0005,trader_0013,ETH-USD,BUY,1878.46,417,2026-01-01T04:00:54Z
order_00014456,batch_0005,trader_0015,ETH-USD,BUY,1838.78,510,2026-01-01T04:00:55Z
order_00014457,batch_0005,trader_0012,ETH-USD,SELL,2123.05,989,2026-01-01T04:00:56Z
order_00014458,batch_0005,trader_0020,ETH-USD,SELL,2054.77,989,2026-01-01T04:00:57Z
order_00014459,batch_0005,trader_0020,ETH-USD,SELL,2190.89,356,2026-01-01T04:00:58Z
order_00014460,batch_0005,trader_0014,ETH-USD,BUY,2122.72,379,2026-01-01T04:00:59Z
order_00014461,batch_0005,trader_0017,ETH-USD,SELL,2046.13,534,2026-01-01T04:01:00Z
order_00014462,batch_0005,trader_0018,ETH-USD,SELL,2042.77,132,2026-01-01T04:01:01Z
order_00014463,batch_0005,trader_0020,ETH-USD,BUY,2120.85,801,2026-01-01T04:01:02Z
order_00014464,batch_0005,trader_0017,ETH-USD,SELL,2081.55,473,2026-01-01T04:01:03Z
order_00014465,batch_0005,trader_0004,ETH-USD,BUY,2051.15,712,2026-01-01T04:01:04Z
order_00014466,batch_0005,trader_0025,ETH-USD,BUY,2080.32,210,2026-01-01T04:01:05Z
order_00014467,batch_0005,trader_0010,ETH-USD,SELL,1887.74,935,2026-01-01T04:01:06Z
order_00014468,batch_0005,trader_0006,ETH-USD,SELL,1847.49,722,2026-01-01T04:01:07Z
order_00014469,batch_0005,trader_0024,ETH-USD,SELL,1900.97,365,2026-01-01T04:01:08Z
order_00014470,batch_0005,trader_0013,ETH-USD,SELL,1813.27,896,2026-01-01T04:01:09Z
order_00014471,batch_0005,trader_0005,ETH-USD,BUY,1858.81,399,2026-01-01T04:01:10Z
order_00014472,batch_0005,trader_0009,ETH-USD,SELL,1944.29,975,2026-01-01T04:01:11Z
order_00014473,batch_0005,trader_0012,ETH-USD,BUY,2179.39,24,2026-01-01T04:01:12Z
order_00014474,batch_0005,trader_0021,ETH-USD,BUY,2076.71,686,2026-01-01T04:01:13Z
order_00014475,batch_0005,trader_0007,ETH-USD,SELL,2116.11,951,2026-01-01T04:01:14Z
order_00014476,batch_0005,trader_0013,ETH-USD,BUY,1984.75,944,2026-01-01T04:01:15Z
order_00014477,batch_0005,trader_0002,ETH-USD,SELL,2125.75,820,2026-01-01T04:01:16Z
order_00014478,batch_0005,trader_0015,ETH-USD,SELL,2185.83,809,2026-01-01T04:01:17Z
order_00014479,batch_0005,trader_0003,ETH-USD,SELL,1995.4,623,2026-01-01T04:01:18Z
order_00014480,batch_0005,trader_0013,ETH-USD,SELL,2033.11,1,2026-01-01T04:01:19Z
order_00014481,batch_0005,trader_0004,ETH-USD,SELL,2106.62,363,2026-01-01T04:01:20Z
order_00014482,batch_0005,trader_0006,ETH-USD,SELL,1809.25,290,2026-01-01T04:01:21Z
order_00014483,batch_0005,trader_0014,ETH-USD,SELL,1891.39,990,2026-01-01T04:01:22Z
order_00014484,batch_0005,trader_0004,ETH-USD,BUY,1816.7,744,2026-01-01T04:01:23Z
order_00014485,batch_0005,trader_0017,ETH-USD,SELL,1999.61,65,2026-01-01T04:01:24Z
order_00014486,batch_0005,trader_0019,ETH-USD,BUY,1855.66,156,2026-01-01T04:01:25Z
order_00014487,batch_0005,trader_0023,ETH-USD,BUY,1835.22,326,2026-01-01T04:01:26Z
order_00014488,batch_0005,trader_0019,ETH-USD,BUY,1801.75,30,2026-01-01T04:01:27Z
order_00014489,batch_0005,trader_0024,ETH-USD,SELL,1825.61,46,2026-01-01T04:01:28Z
order_00014490,batch_0005,trader_0022,ETH-USD,BUY,1902.69,452,2026-01-01T04:01:29Z
order_00014491,batch_0005,trader_0019,ETH-USD,SELL,1870.59,457,2026-01-01T04:01:30Z
order_00014492,batch_0005,trader_0011,ETH-USD,BUY,2199.69,356,2026-01-01T04:01:31Z
order_00014493,batch_0005,trader_0023,ETH-USD,BUY,2001.61,494,2026-01-01T04:01:32Z
order_00014494,batch_0005,trader_0016,ETH-USD,SELL,2045.28,259,2026-01-01T04:01:33Z
order_00014495,batch_0005,trader_0011,ETH-USD,BUY,2108.0,720,2026-01-01T04:01:34Z
order_00014496,batch_0005,trader_0005,ETH-USD,BUY,1913.28,558,2026-01-01T04:01:35Z
order_00014497,batch_0005,trader_0008,ETH-USD,SELL,1878.23,238,2026-01-01T04:01:36Z
order_00014498,batch_0005,trader_0018,ETH-USD,SELL,2053.82,872,2026-01-01T04:01:37Z
order_00014499,batch_0005,trader_0014,ETH-USD,SELL,2092.12,906,2026-01-01T04:01:38Z
order_00014500,batch_0005,trader_0007,ETH-USD,BUY,2167.57,585,2026-01-01T04:01:39Z
order_00014501,batch_0005,trader_0002,ETH-USD,SELL,1879.93,575,2026-01-01T04:01:40Z
order_00014502,batch_0005,trader_0002,ETH-USD,SELL,1835.68,302,2026-01-01T04:01:41Z
order_00014503,batch_0005,trader_0022,ETH-USD,BUY,1819.61,814,2026-01-01T04:01:42Z
order_00014504,batch_0005,trader_0024,ETH-USD,SELL,2064.59,261,2026-01-01T04:01:43Z
order_00014505,batch_0005,trader_0012,ETH-USD,BUY,1816.41,596,2026-01-01T04:01:44Z
order_00014506,batch_0005,trader_0010,ETH-USD,SELL,1897.23,580,2026-01-01T04:01:45Z
order_00014507,batch_0005,trader_0022,ETH-USD,SELL,2186.08,122,2026-01-01T04:01:46Z
order_00014508,batch_0005,trader_0007,ETH-USD,BUY,2050.1,906,2026-01-01T04:01:47Z
order_00014509,batch_0005,trader_0008,ETH-USD,BUY,2074.91,736,2026-01-01T04:01:48Z
order_00014510,batch_0005,trader_0025,ETH-USD,SELL,2052.19,726,2026-01-01T04:01:49Z
order_00014511,batch_0005,trader_0004,ETH-USD,SELL,2166.41,939,2026-01-01T04:01:50Z
order_00014512,batch_0005,trader_0004,ETH-USD,SELL,1860.74,838,2026-01-01T04:01:51Z
order_00014513,batch_0005,trader_0013,ETH-USD,SELL,1863.84,545,2026-01-01T04:01:52Z
order_00014514,batch_0005,trader_0007,ETH-USD,SELL,1973.53,906,2026-01-01T04:01:53Z
order_00014515,batch_0005,trader_0017,ETH-USD,SELL,1887.9,985,2026-01-01T04:01:54Z
order_00014516,batch_0005,trader_0022,ETH-USD,SELL,2196.56,473,2026-01-01T04:01:55Z
order_00014517,batch_0005,trader_0001,ETH-USD,SELL,1833.98,692,2026-01-01T04:01:56Z
order_00014518,batch_0005,trader_0005,ETH-USD,SELL,2171.62,971,2026-01-01T04:01:57Z
order_00014519,batch_0005,trader_0018,ETH-USD,SELL,2167.36,242,2026-01-01T04:01:58Z
order_00014520,batch_0005,trader_0022,ETH-USD,BUY,2198.89,409,2026-01-01T04:01:59Z
order_00014521,batch_0005,trader_0005,ETH-USD,BUY,2108.14,7,2026-01-01T04:02:00Z
order_00014522,batch_0005,trader_0015,ETH-USD,SELL,2117.23,687,2026-01-01T04:02:01Z
order_00014523,batch_0005,trader_0012,ETH-USD,SELL,1895.91,325,2026-01-01T04:02:02Z
order_00014524,batch_0005,trader_0003,ETH-USD,BUY,2063.74,277,2026-01-01T04:02:03Z
order_00014525,batch_0005,trader_0010,ETH-USD,SELL,1875.7,698,2026-01-01T04:02:04Z
order_00014526,batch_0005,trader_0017,ETH-USD,SELL,2077.59,463,2026-01-01T04:02:05Z
order_00014527,batch_0005,trader_0023,ETH-USD,BUY,2191.9,607,2026-01-01T04:02:06Z
order_00014528,batch_0005,trader_0022,ETH-USD,BUY,2122.9,314,2026-01-01T04:02:07Z
order_00014529,batch_0005,trader_0020,ETH-USD,BUY,2080.96,515,2026-01-01T04:02:08Z
order_00014530,batch_0005,trader_0021,ETH-USD,BUY,1828.13,231,2026-01-01T04:02:09Z
order_00014531,batch_0005,trader_0001,ETH-USD,BUY,1904.54,78,2026-01-01T04:02:10Z
order_00014532,batch_0005,trader_0021,ETH-USD,SELL,2057.08,616,2026-01-01T04:02:11Z
order_00014533,batch_0005,trader_0016,ETH-USD,BUY,1946.09,692,2026-01-01T04:02:12Z
order_00014534,batch_0005,trader_0008,ETH-USD,BUY,1950.52,917,2026-01-01T04:02:13Z
order_00014535,batch_0005,trader_0021,ETH-USD,SELL,2030.53,242,2026-01-01T04:02:14Z
order_00014536,batch_0005,trader_0001,ETH-USD,SELL,2132.72,899,2026-01-01T04:02:15Z
order_00014537,batch_0005,trader_0008,ETH-USD,BUY,1992.33,736,2026-01-01T04:02:16Z
order_00014538,batch_0005,trader_0013,ETH-USD,BUY,1873.72,533,2026-01-01T04:02:17Z
order_00014539,batch_0005,trader_0025,ETH-USD,SELL,2128.01,328,2026-01-01T04:02:18Z
order_00014540,batch_0005,trader_0006,ETH-USD,BUY,1820.99,686,2026-01-01T04:02:19Z
order_00014541,batch_0005,trader_0017,ETH-USD,SELL,1955.68,591,2026-01-01T04:02:20Z
order_00014542,batch_0005,trader_0018,ETH-USD,SELL,1868.51,722,2026-01-01T04:02:21Z
order_00014543,batch_0005,trader_0024,ETH-USD,BUY,2089.82,354,2026-01-01T04:02:22Z
order_00014544,batch_0005,trader_0004,ETH-USD,BUY,1800.65,76,2026-01-01T04:02:23Z
order_00014545,batch_0005,trader_0023,ETH-USD,SELL,2180.32,717,2026-01-01T04:02:24Z
order_00014546,batch_0005,trader_0010,ETH-USD,SELL,1945.66,697,2026-01-01T04:02:25Z
order_00014547,batch_0005,trader_0010,ETH-USD,BUY,2020.23,316,2026-01-01T04:02:26Z
order_00014548,batch_0005,trader_0009,ETH-USD,BUY,1801.57,145,2026-01-01T04:02:27Z
order_00014549,batch_0005,trader_0023,ETH-USD,BUY,2119.42,108,2026-01-01T04:02:28Z
order_00014550,batch_0005,trader_0007,ETH-USD,SELL,1986.5,994,2026-01-01T04:02:29Z
order_00014551,batch_0005,trader_0021,ETH-USD,SELL,1841.07,175,2026-01-01T04:02:30Z
order_00014552,batch_0005,trader_0002,ETH-USD,BUY,2046.14,337,2026-01-01T04:02:31Z
order_00014553,batch_0005,trader_0021,ETH-USD,BUY,1900.46,797,2026-01-01T04:02:32Z
order_00014554,batch_0005,trader_0003,ETH-USD,SELL,1896.44,543,2026-01-01T04:02:33Z
order_00014555,batch_0005,trader_0023,ETH-USD,BUY,1870.38,214,2026-01-01T04:02:34Z
order_00014556,batch_0005,trader_0021,ETH-USD,BUY,1820.89,741,2026-01-01T04:02:35Z
order_00014557,batch_0005,trader_0002,ETH-USD,BUY,2104.78,521,2026-01-01T04:02:36Z
order_00014558,batch_0005,trader_0020,ETH-USD,SELL,2100.95,931,2026-01-01T04:02:37Z
order_00014559,batch_0005,trader_0015,ETH-USD,BUY,1936.63,610,2026-01-01T04:02:38Z
order_00014560,batch_0005,trader_0004,ETH-USD,BUY,2153.85,366,2026-01-01T04:02:39Z
order_00014561,batch_0005,trader_0021,ETH-USD,BUY,1985.32,220,2026-01-01T04:02:40Z
order_00014562,batch_0005,trader_0025,ETH-USD,BUY,2042.9,781,2026-01-01T04:02:41Z
order_00014563,batch_0005,trader_0007,ETH-USD,SELL,2097.87,671,2026-01-01T04:02:42Z
order_00014564,batch_0005,trader_0012,ETH-USD,SELL,1872.27,816,2026-01-01T04:02:43Z
order_00014565,batch_0005,trader_0018,ETH-USD,BUY,1971.77,397,2026-01-01T04:02:44Z
order_00014566,batch_0005,trader_0006,ETH-USD,SELL,1847.23,179,2026-01-01T04:02:45Z
order_00014567,batch_0005,trader_0007,ETH-USD,BUY,1864.15,428,2026-01-01T04:02:46Z
order_00014568,batch_0005,trader_0023,ETH-USD,BUY,2030.84,374,2026-01-01T04:02:47Z
order_00014569,batch_0005,trader_0012,ETH-USD,BUY,2055.59,182,2026-01-01T04:02:48Z
order_00014570,batch_0005,trader_0006,ETH-USD,SELL,1940.18,960,2026-01-01T04:02:49Z
order_00014571,batch_0005,trader_0024,ETH-USD,BUY,1868.44,978,2026-01-01T04:02:50Z
order_00014572,batch_0005,trader_0024,ETH-USD,BUY,1813.15,613,2026-01-01T04:02:51Z
order_00014573,batch_0005,trader_0025,ETH-USD,SELL,1918.8,896,2026-01-01T04:02:52Z
order_00014574,batch_0005,trader_0025,ETH-USD,BUY,2167.42,374,2026-01-01T04:02:53Z
order_00014575,batch_0005,trader_0015,ETH-USD,BUY,1878.39,867,2026-01-01T04:02:54Z
order_00014576,batch_0005,trader_0006,ETH-USD,SELL,2083.99,929,2026-01-01T04:02:55Z
order_00014577,batch_0005,trader_0025,ETH-USD,BUY,2174.08,428,2026-01-01T04:02:56Z
order_00014578,batch_0005,trader_0010,ETH-USD,SELL,1971.36,557,2026-01-01T04:02:57Z
order_00014579,batch_0005,trader_0012,ETH-USD,SELL,1967.08,448,2026-01-01T04:02:58Z
order_00014580,batch_0005,trader_0016,ETH-USD,SELL,2070.79,332,2026-01-01T04:02:59Z
order_00014581,batch_0005,trader_0014,ETH-USD,SELL,1847.04,330,2026-01-01T04:03:00Z
order_00014582,batch_0005,trader_0013,ETH-USD,SELL,2132.66,964,2026-01-01T04:03:01Z
order_00014583,batch_0005,trader_0014,ETH-USD,BUY,2109.64,748,2026-01-01T04:03:02Z
order_00014584,batch_0005,trader_0004,ETH-USD,SELL,1934.84,886,2026-01-01T04:03:03Z
order_00014585,batch_0005,trader_0020,ETH-USD,BUY,1802.1,657,2026-01-01T04:03:04Z
order_00014586,batch_0005,trader_0017,ETH-USD,BUY,1932.55,864,2026-01-01T04:03:05Z
order_00014587,batch_0005,trader_0014,ETH-USD,BUY,2149.03,318,2026-01-01T04:03:06Z
order_00014588,batch_0005,trader_0020,ETH-USD,BUY,2044.14,981,2026-01-01T04:03:07Z
order_00014589,batch_0005,trader_0002,ETH-USD,BUY,2091.79,869,2026-01-01T04:03:08Z
order_00014590,batch_0005,trader_0014,ETH-USD,SELL,2075.46,307,2026-01-01T04:03:09Z
order_00014591,batch_0005,trader_0013,ETH-USD,SELL,2180.79,710,2026-01-01T04:03:10Z
order_00014592,batch_0005,trader_0006,ETH-USD,BUY,2112.88,722,2026-01-01T04:03:11Z
order_00014593,batch_0005,trader_0004,ETH-USD,SELL,2086.41,33,2026-01-01T04:03:12Z
order_00014594,batch_0005,trader_0001,ETH-USD,BUY,1985.87,782,2026-01-01T04:03:13Z
order_00014595,batch_0005,trader_0001,ETH-USD,SELL,2055.69,645,2026-01-01T04:03:14Z
order_00014596,batch_0005,trader_0006,ETH-USD,SELL,1872.21,162,2026-01-01T04:03:15Z
order_00014597,batch_0005,trader_0008,ETH-USD,BUY,2110.16,785,2026-01-01T04:03:16Z
order_00014598,batch_0005,trader_0022,ETH-USD,SELL,2032.34,179,2026-01-01T04:03:17Z
order_00014599,batch_0005,trader_0013,ETH-USD,SELL,2079.98,272,2026-01-01T04:03:18Z
order_00014600,batch_0005,trader_0016,ETH-USD,SELL,2136.76,900,2026-01-01T04:03:19Z
order_00014601,batch_0005,trader_0004,ETH-USD,BUY,2182.53,332,2026-01-01T04:03:20Z
order_00014602,batch_0005,trader_0009,ETH-USD,SELL,2004.6,301,2026-01-01T04:03:21Z
order_00014603,batch_0005,trader_0011,ETH-USD,SELL,2052.02,483,2026-01-01T04:03:22Z
order_00014604,batch_0005,trader_0011,ETH-USD,SELL,2069.17,135,2026-01-01T04:03:23Z
order_00014605,batch_0005,trader_0020,ETH-USD,BUY,2122.19,772,2026-01-01T04:03:24Z
order_00014606,batch_0005,trader_0021,ETH-USD,BUY,1925.26,560,2026-01-01T04:03:25Z
order_00014607,batch_0005,trader_0022,ETH-USD,SELL,1932.6,233,2026-01-01T04:03:26Z
order_00014608,batch_0005,trader_0020,ETH-USD,BUY,2050.93,624,2026-01-01T04:03:27Z
order_00014609,batch_0005,trader_0014,ETH-USD,SELL,2100.93,864,2026-01-01T04:03:28Z
order_00014610,batch_0005,trader_0025,ETH-USD,SELL,2177.6,229,2026-01-01T04:03:29Z
order_00014611,batch_0005,trader_0005,ETH-USD,SELL,2084.92,615,2026-01-01T04:03:30Z
order_00014612,batch_0005,trader_0022,ETH-USD,BUY,1989.39,733,2026-01-01T04:03:31Z
order_00014613,batch_0005,trader_0019,ETH-USD,BUY,2196.57,133,2026-01-01T04:03:32Z
order_00014614,batch_0005,trader_0016,ETH-USD,SELL,2019.28,68,2026-01-01T04:03:33Z
order_00014615,batch_0005,trader_0008,ETH-USD,SELL,2030.07,773,2026-01-01T04:03:34Z
order_00014616,batch_0005,trader_0020,ETH-USD,SELL,1831.82,126,2026-01-01T04:03:35Z
order_00014617,batch_0005,trader_0001,ETH-USD,BUY,1969.45,215,2026-01-01T04:03:36Z
order_00014618,batch_0005,trader_0002,ETH-USD,SELL,2087.2,625,2026-01-01T04:03:37Z
order_00014619,batch_0005,trader_0025,ETH-USD,BUY,1912.73,3,2026-01-01T04:03:38Z
order_00014620,batch_0005,trader_0004,ETH-USD,BUY,1955.8,770,2026-01-01T04:03:39Z
order_00014621,batch_0005,trader_0009,ETH-USD,SELL,2159.95,464,2026-01-01T04:03:40Z
order_00014622,batch_0005,trader_0020,ETH-USD,BUY,2081.94,868,2026-01-01T04:03:41Z
order_00014623,batch_0005,trader_0009,ETH-USD,BUY,2007.93,796,2026-01-01T04:03:42Z
order_00014624,batch_0005,trader_0024,ETH-USD,SELL,1943.04,298,2026-01-01T04:03:43Z
order_00014625,batch_0005,trader_0010,ETH-USD,BUY,1806.59,92,2026-01-01T04:03:44Z
order_00014626,batch_0005,trader_0010,ETH-USD,BUY,2003.57,693,2026-01-01T04:03:45Z
order_00014627,batch_0005,trader_0018,ETH-USD,SELL,2005.47,898,2026-01-01T04:03:46Z
order_00014628,batch_0005,trader_0009,ETH-USD,SELL,1962.83,973,2026-01-01T04:03:47Z
order_00014629,batch_0005,trader_0015,ETH-USD,SELL,1986.09,854,2026-01-01T04:03:48Z
order_00014630,batch_0005,trader_0012,ETH-USD,BUY,1813.93,337,2026-01-01T04:03:49Z
order_00014631,batch_0005,trader_0004,ETH-USD,BUY,2197.06,343,2026-01-01T04:03:50Z
order_00014632,batch_0005,trader_0012,ETH-USD,SELL,1882.02,588,2026-01-01T04:03:51Z
order_00014633,batch_0005,trader_0001,ETH-USD,SELL,1986.35,778,2026-01-01T04:03:52Z
order_00014634,batch_0005,trader_0019,ETH-USD,SELL,1977.12,876,2026-01-01T04:03:53Z
order_00014635,batch_0005,trader_0022,ETH-USD,SELL,2161.08,674,2026-01-01T04:03:54Z
order_00014636,batch_0005,trader_0019,ETH-USD,BUY,2068.17,930,2026-01-01T04:03:55Z
order_00014637,batch_0005,trader_0004,ETH-USD,BUY,2104.18,217,2026-01-01T04:03:56Z
order_00014638,batch_0005,trader_0018,ETH-USD,BUY,1905.02,555,2026-01-01T04:03:57Z
order_00014639,batch_0005,trader_0025,ETH-USD,BUY,2040.38,869,2026-01-01T04:03:58Z
order_00014640,batch_0005,trader_0018,ETH-USD,SELL,2131.91,603,2026-01-01T04:03:59Z
order_00014641,batch_0005,trader_0002,ETH-USD,SELL,1985.21,497,2026-01-01T04:04:00Z
order_00014642,batch_0005,trader_0005,ETH-USD,SELL,2047.75,598,2026-01-01T04:04:01Z
order_00014643,batch_0005,trader_0022,ETH-USD,SELL,2039.62,426,2026-01-01T04:04:02Z
order_00014644,batch_0005,trader_0022,ETH-USD,BUY,1955.47,384,2026-01-01T04:04:03Z
order_00014645,batch_0005,trader_0014,ETH-USD,SELL,2039.21,258,2026-01-01T04:04:04Z
order_00014646,batch_0005,trader_0006,ETH-USD,SELL,2009.49,872,2026-01-01T04:04:05Z
order_00014647,batch_0005,trader_0006,ETH-USD,BUY,1807.77,128,2026-01-01T04:04:06Z
order_00014648,batch_0005,trader_0022,ETH-USD,SELL,2125.7,363,2026-01-01T04:04:07Z
order_00014649,batch_0005,trader_0009,ETH-USD,BUY,2049.56,946,2026-01-01T04:04:08Z
order_00014650,batch_0005,trader_0013,ETH-USD,BUY,2083.39,601,2026-01-01T04:04:09Z
order_00014651,batch_0005,trader_0016,ETH-USD,SELL,2180.59,343,2026-01-01T04:04:10Z
order_00014652,batch_0005,trader_0007,ETH-USD,BUY,2040.36,268,2026-01-01T04:04:11Z
order_00014653,batch_0005,trader_0014,ETH-USD,SELL,2053.91,950,2026-01-01T04:04:12Z
order_00014654,batch_0005,trader_0017,ETH-USD,BUY,1943.41,489,2026-01-01T04:04:13Z
order_00014655,batch_0005,trader_0003,ETH-USD,SELL,2036.9,276,2026-01-01T04:04:14Z
order_00014656,batch_0005,trader_0023,ETH-USD,BUY,2094.19,554,2026-01-01T04:04:15Z
order_00014657,batch_0005,trader_0018,ETH-USD,SELL,1801.09,892,2026-01-01T04:04:16Z
order_00014658,batch_0005,trader_0023,ETH-USD,SELL,2113.38,645,2026-01-01T04:04:17Z
order_00014659,batch_0005,trader_0024,ETH-USD,SELL,1834.96,698,2026-01-01T04:04:18Z
order_00014660,batch_0005,trader_0011,ETH-USD,BUY,1989.3,816,2026-01-01T04:04:19Z
order_00014661,batch_0005,trader_0007,ETH-USD,SELL,1863.93,959,2026-01-01T04:04:20Z
order_00014662,batch_0005,trader_0003,ETH-USD,BUY,1866.57,241,2026-01-01T04:04:21Z
order_00014663,batch_0005,trader_0015,ETH-USD,SELL,1804.98,453,2026-01-01T04:04:22Z
order_00014664,batch_0005,trader_0016,ETH-USD,SELL,1839.31,781,2026-01-01T04:04:23Z
order_00014665,batch_0005,trader_0008,ETH-USD,SELL,2040.68,791,2026-01-01T04:04:24Z
order_00014666,batch_0005,trader_0020,ETH-USD,BUY,1994.13,523,2026-01-01T04:04:25Z
order_00014667,batch_0005,trader_0003,ETH-USD,SELL,2005.07,862,2026-01-01T04:04:26Z
order_00014668,batch_0005,trader_0024,ETH-USD,BUY,1868.87,971,2026-01-01T04:04:27Z
order_00014669,batch_0005,trader_0006,ETH-USD,BUY,2175.29,520,2026-01-01T04:04:28Z
order_00014670,batch_0005,trader_0010,ETH-USD,SELL,1912.77,313,2026-01-01T04:04:29Z
order_00014671,batch_0005,trader_0011,ETH-USD,SELL,1895.69,734,2026-01-01T04:04:30Z
order_00014672,batch_0005,trader_0025,ETH-USD,BUY,2005.96,503,2026-01-01T04:04:31Z
order_00014673,batch_0005,trader_0019,ETH-USD,SELL,2152.28,426,2026-01-01T04:04:32Z
order_00014674,batch_0005,trader_0002,ETH-USD,BUY,2121.25,115,2026-01-01T04:04:33Z
order_00014675,batch_0005,trader_0011,ETH-USD,SELL,1856.49,996,2026-01-01T04:04:34Z
order_00014676,batch_0005,trader_0023,ETH-USD,SELL,1806.82,606,2026-01-01T04:04:35Z
order_00014677,batch_0005,trader_0010,ETH-USD,SELL,1874.55,648,2026-01-01T04:04:36Z
order_00014678,batch_0005,trader_0016,ETH-USD,BUY,2105.95,282,2026-01-01T04:04:37Z
order_00014679,batch_0005,trader_0025,ETH-USD,BUY,2015.67,128,2026-01-01T04:04:38Z
order_00014680,batch_0005,trader_0021,ETH-USD,SELL,2193.81,970,2026-01-01T04:04:39Z
order_00014681,batch_0005,trader_0022,ETH-USD,SELL,1997.77,245,2026-01-01T04:04:40Z
order_00014682,batch_0005,trader_0002,ETH-USD,BUY,1813.97,264,2026-01-01T04:04:41Z
order_00014683,batch_0005,trader_0019,ETH-USD,SELL,2067.03,757,2026-01-01T04:04:42Z
order_00014684,batch_0005,trader_0003,ETH-USD,BUY,2122.74,725,2026-01-01T04:04:43Z
order_00014685,batch_0005,trader_0012,ETH-USD,BUY,1898.37,229,2026-01-01T04:04:44Z
order_00014686,batch_0005,trader_0006,ETH-USD,SELL,1963.4,239,2026-01-01T04:04:45Z
order_00014687,batch_0005,trader_0011,ETH-USD,SELL,1832.68,49,2026-01-01T04:04:46Z
order_00014688,batch_0005,trader_0023,ETH-USD,SELL,2182.39,628,2026-01-01T04:04:47Z
order_00014689,batch_0005,trader_0010,ETH-USD,BUY,2021.21,429,2026-01-01T04:04:48Z
order_00014690,batch_0005,trader_0015,ETH-USD,BUY,1836.97,84,2026-01-01T04:04:49Z
order_00014691,batch_0005,trader_0002,ETH-USD,BUY,1966.82,55,2026-01-01T04:04:50Z
order_00014692,batch_0005,trader_0005,ETH-USD,SELL,1842.31,968,2026-01-01T04:04:51Z
order_00014693,batch_0005,trader_0022,ETH-USD,BUY,2135.91,469,2026-01-01T04:04:52Z
order_00014694,batch_0005,trader_0021,ETH-USD,BUY,2087.61,292,2026-01-01T04:04:53Z
order_00014695,batch_0005,trader_0005,ETH-USD,BUY,1885.23,837,2026-01-01T04:04:54Z
order_00014696,batch_0005,trader_0023,ETH-USD,SELL,1846.51,131,2026-01-01T04:04:55Z
order_00014697,batch_0005,trader_0021,ETH-USD,BUY,1933.08,742,2026-01-01T04:04:56Z
order_00014698,batch_0005,trader_0009,ETH-USD,SELL,1895.93,108,2026-01-01T04:04:57Z
order_00014699,batch_0005,trader_0023,ETH-USD,SELL,2016.71,387,2026-01-01T04:04:58Z
order_00014700,batch_0005,trader_0011,ETH-USD,SELL,2128.19,904,2026-01-01T04:04:59Z
order_00014701,batch_0005,trader_0003,ETH-USD,BUY,2127.94,136,2026-01-01T04:05:00Z
order_00014702,batch_0005,trader_0019,ETH-USD,SELL,1914.12,540,2026-01-01T04:05:01Z
order_00014703,batch_0005,trader_0022,ETH-USD,SELL,1942.39,263,2026-01-01T04:05:02Z
order_00014704,batch_0005,trader_0020,ETH-USD,SELL,1911.2,598,2026-01-01T04:05:03Z
order_00014705,batch_0005,trader_0005,ETH-USD,BUY,1917.9,361,2026-01-01T04:05:04Z
order_00014706,batch_0005,trader_0016,ETH-USD,SELL,1822.03,782,2026-01-01T04:05:05Z
order_00014707,batch_0005,trader_0005,ETH-USD,BUY,1922.65,855,2026-01-01T04:05:06Z
order_00014708,batch_0005,trader_0014,ETH-USD,SELL,2134.65,459,2026-01-01T04:05:07Z
order_00014709,batch_0005,trader_0009,ETH-USD,BUY,2034.72,264,2026-01-01T04:05:08Z
order_00014710,batch_0005,trader_0010,ETH-USD,SELL,1840.36,334,2026-01-01T04:05:09Z
order_00014711,batch_0005,trader_0012,ETH-USD,BUY,1968.26,313,2026-01-01T04:05:10Z
order_00014712,batch_0005,trader_0010,ETH-USD,BUY,1827.29,530,2026-01-01T04:05:11Z
order_00014713,batch_0005,trader_0023,ETH-USD,SELL,1926.83,164,2026-01-01T04:05:12Z
order_00014714,batch_0005,trader_0022,ETH-USD,SELL,2004.32,775,2026-01-01T04:05:13Z
order_00014715,batch_0005,trader_0001,ETH-USD,SELL,1951.56,306,2026-01-01T04:05:14Z
order_00014716,batch_0005,trader_0001,ETH-USD,SELL,1891.73,626,2026-01-01T04:05:15Z
order_00014717,batch_0005,trader_0018,ETH-USD,BUY,1990.26,85,2026-01-01T04:05:16Z
order_00014718,batch_0005,trader_0020,ETH-USD,BUY,1895.04,79,2026-01-01T04:05:17Z
order_00014719,batch_0005,trader_0020,ETH-USD,BUY,1974.75,796,2026-01-01T04:05:18Z
order_00014720,batch_0005,trader_0017,ETH-USD,SELL,1936.09,512,2026-01-01T04:05:19Z
order_00014721,batch_0005,trader_0016,ETH-USD,BUY,1995.07,220,2026-01-01T04:05:20Z
order_00014722,batch_0005,trader_0015,ETH-USD,SELL,2099.36,136,2026-01-01T04:05:21Z
order_00014723,batch_0005,trader_0005,ETH-USD,SELL,1900.54,371,2026-01-01T04:05:22Z
order_00014724,batch_0005,trader_0011,ETH-USD,BUY,1865.67,119,2026-01-01T04:05:23Z
order_00014725,batch_0005,trader_0007,ETH-USD,SELL,1800.6,815,2026-01-01T04:05:24Z
order_00014726,batch_0005,trader_0025,ETH-USD,SELL,1884.23,694,2026-01-01T04:05:25Z
order_00014727,batch_0005,trader_0006,ETH-USD,BUY,1989.92,295,2026-01-01T04:05:26Z
order_00014728,batch_0005,trader_0005,ETH-USD,BUY,2142.19,886,2026-01-01T04:05:27Z
order_00014729,batch_0005,trader_0020,ETH-USD,BUY,2165.6,305,2026-01-01T04:05:28Z
order_00014730,batch_0005,trader_0002,ETH-USD,BUY,2129.24,222,2026-01-01T04:05:29Z
order_00014731,batch_0005,trader_0008,ETH-USD,SELL,2142.36,54,2026-01-01T04:05:30Z
order_00014732,batch_0005,trader_0020,ETH-USD,BUY,2166.81,611,2026-01-01T04:05:31Z
order_00014733,batch_0005,trader_0016,ETH-USD,SELL,2022.21,643,2026-01-01T04:05:32Z
order_00014734,batch_0005,trader_0012,ETH-USD,SELL,1890.45,215,2026-01-01T04:05:33Z
order_00014735,batch_0005,trader_0017,ETH-USD,BUY,2012.39,1,2026-01-01T04:05:34Z
order_00014736,batch_0005,trader_0012,ETH-USD,BUY,1984.02,656,2026-01-01T04:05:35Z
order_00014737,batch_0005,trader_0006,ETH-USD,SELL,2157.02,560,2026-01-01T04:05:36Z
order_00014738,batch_0005,trader_0003,ETH-USD,SELL,1890.55,967,2026-01-01T04:05:37Z
order_00014739,batch_0005,trader_0025,ETH-USD,SELL,2120.04,288,2026-01-01T04:05:38Z
order_00014740,batch_0005,trader_0002,ETH-USD,SELL,1840.04,901,2026-01-01T04:05:39Z
order_00014741,batch_0005,trader_0019,ETH-USD,SELL,2106.09,355,2026-01-01T04:05:40Z
order_00014742,batch_0005,trader_0023,ETH-USD,SELL,2006.36,593,2026-01-01T04:05:41Z
order_00014743,batch_0005,trader_0004,ETH-USD,SELL,1848.99,541,2026-01-01T04:05:42Z
order_00014744,batch_0005,trader_0006,ETH-USD,SELL,2048.14,617,2026-01-01T04:05:43Z
order_00014745,batch_0005,trader_0023,ETH-USD,SELL,2127.16,509,2026-01-01T04:05:44Z
order_00014746,batch_0005,trader_0021,ETH-USD,SELL,1853.96,293,2026-01-01T04:05:45Z
order_00014747,batch_0005,trader_0022,ETH-USD,BUY,1875.88,262,2026-01-01T04:05:46Z
order_00014748,batch_0005,trader_0011,ETH-USD,SELL,2062.36,764,2026-01-01T04:05:47Z
order_00014749,batch_0005,trader_0007,ETH-USD,BUY,1923.48,831,2026-01-01T04:05:48Z
order_00014750,batch_0005,trader_0004,ETH-USD,BUY,1981.5,694,2026-01-01T04:05:49Z
order_00014751,batch_0005,trader_0001,ETH-USD,SELL,1851.05,456,2026-01-01T04:05:50Z
order_00014752,batch_0005,trader_0019,ETH-USD,BUY,2170.24,849,2026-01-01T04:05:51Z
order_00014753,batch_0005,trader_0005,ETH-USD,SELL,1874.1,221,2026-01-01T04:05:52Z
order_00014754,batch_0005,trader_0025,ETH-USD,BUY,2131.18,201,2026-01-01T04:05:53Z
order_00014755,batch_0005,trader_0020,ETH-USD,SELL,2146.36,33,2026-01-01T04:05:54Z
order_00014756,batch_0005,trader_0025,ETH-USD,SELL,2096.19,698,2026-01-01T04:05:55Z
order_00014757,batch_0005,trader_0008,ETH-USD,BUY,1950.47,115,2026-01-01T04:05:56Z
order_00014758,batch_0005,trader_0022,ETH-USD,BUY,1890.97,664,2026-01-01T04:05:57Z
order_00014759,batch_0005,trader_0025,ETH-USD,SELL,2065.98,816,2026-01-01T04:05:58Z
order_00014760,batch_0005,trader_0017,ETH-USD,SELL,1901.8,314,2026-01-01T04:05:59Z
order_00014761,batch_0005,trader_0016,ETH-USD,BUY,2094.7,587,2026-01-01T04:06:00Z
order_00014762,batch_0005,trader_0006,ETH-USD,BUY,1833.42,139,2026-01-01T04:06:01Z
order_00014763,batch_0005,trader_0019,ETH-USD,BUY,2124.47,635,2026-01-01T04:06:02Z
order_00014764,batch_0005,trader_0002,ETH-USD,BUY,2193.87,615,2026-01-01T04:06:03Z
order_00014765,batch_0005,trader_0017,ETH-USD,BUY,1844.59,872,2026-01-01T04:06:04Z
order_00014766,batch_0005,trader_0025,ETH-USD,SELL,1871.66,675,2026-01-01T04:06:05Z
order_00014767,batch_0005,trader_0020,ETH-USD,BUY,1916.35,288,2026-01-01T04:06:06Z
order_00014768,batch_0005,trader_0019,ETH-USD,BUY,1976.26,39,2026-01-01T04:06:07Z
order_00014769,batch_0005,trader_0005,ETH-USD,SELL,1830.84,835,2026-01-01T04:06:08Z
order_00014770,batch_0005,trader_0003,ETH-USD,SELL,1884.2,554,2026-01-01T04:06:09Z
order_00014771,batch_0005,trader_0017,ETH-USD,SELL,1985.4,580,2026-01-01T04:06:10Z
order_00014772,batch_0005,trader_0012,ETH-USD,SELL,1970.49,110,2026-01-01T04:06:11Z
order_00014773,batch_0005,trader_0018,ETH-USD,SELL,2172.49,58,2026-01-01T04:06:12Z
order_00014774,batch_0005,trader_0001,ETH-USD,BUY,1910.42,382,2026-01-01T04:06:13Z
order_00014775,batch_0005,trader_0002,ETH-USD,SELL,1975.03,478,2026-01-01T04:06:14Z
order_00014776,batch_0005,trader_0004,ETH-USD,BUY,1850.58,887,2026-01-01T04:06:15Z
order_00014777,batch_0005,trader_0012,ETH-USD,BUY,2137.44,348,2026-01-01T04:06:16Z
order_00014778,batch_0005,trader_0013,ETH-USD,BUY,1807.74,35,2026-01-01T04:06:17Z
order_00014779,batch_0005,trader_0016,ETH-USD,SELL,2014.98,769,2026-01-01T04:06:18Z
order_00014780,batch_0005,trader_0016,ETH-USD,SELL,2034.23,245,2026-01-01T04:06:19Z
order_00014781,batch_0005,trader_0015,ETH-USD,SELL,2019.48,243,2026-01-01T04:06:20Z
order_00014782,batch_0005,trader_0024,ETH-USD,SELL,2117.67,837,2026-01-01T04:06:21Z
order_00014783,batch_0005,trader_0012,ETH-USD,SELL,2120.77,276,2026-01-01T04:06:22Z
order_00014784,batch_0005,trader_0002,ETH-USD,SELL,1955.36,887,2026-01-01T04:06:23Z
order_00014785,batch_0005,trader_0003,ETH-USD,SELL,1869.61,110,2026-01-01T04:06:24Z
order_00014786,batch_0005,trader_0016,ETH-USD,SELL,1962.82,197,2026-01-01T04:06:25Z
order_00014787,batch_0005,trader_0003,ETH-USD,SELL,2130.15,339,2026-01-01T04:06:26Z
order_00014788,batch_0005,trader_0002,ETH-USD,BUY,2008.52,680,2026-01-01T04:06:27Z
order_00014789,batch_0005,trader_0024,ETH-USD,SELL,2182.01,211,2026-01-01T04:06:28Z
order_00014790,batch_0005,trader_0008,ETH-USD,BUY,1952.26,158,2026-01-01T04:06:29Z
order_00014791,batch_0005,trader_0015,ETH-USD,BUY,1814.82,372,2026-01-01T04:06:30Z
order_00014792,batch_0005,trader_0006,ETH-USD,SELL,2089.08,571,2026-01-01T04:06:31Z
order_00014793,batch_0005,trader_0005,ETH-USD,SELL,2145.51,164,2026-01-01T04:06:32Z
order_00014794,batch_0005,trader_0013,ETH-USD,SELL,1912.54,334,2026-01-01T04:06:33Z
order_00014795,batch_0005,trader_0022,ETH-USD,BUY,2102.18,837,2026-01-01T04:06:34Z
order_00014796,batch_0005,trader_0003,ETH-USD,BUY,1889.02,386,2026-01-01T04:06:35Z
order_00014797,batch_0005,trader_0012,ETH-USD,BUY,1918.76,95,2026-01-01T04:06:36Z
order_00014798,batch_0005,trader_0007,ETH-USD,SELL,2136.95,976,2026-01-01T04:06:37Z
order_00014799,batch_0005,trader_0024,ETH-USD,BUY,1942.0,231,2026-01-01T04:06:38Z
order_00014800,batch_0005,trader_0007,ETH-USD,SELL,1912.85,911,2026-01-01T04:06:39Z
order_00014801,batch_0005,trader_0015,ETH-USD,BUY,1974.8,262,2026-01-01T04:06:40Z
order_00014802,batch_0005,trader_0006,ETH-USD,SELL,2138.01,764,2026-01-01T04:06:41Z
order_00014803,batch_0005,trader_0003,ETH-USD,BUY,1992.73,715,2026-01-01T04:06:42Z
order_00014804,batch_0005,trader_0001,ETH-USD,BUY,1976.09,660,2026-01-01T04:06:43Z
order_00014805,batch_0005,trader_0011,ETH-USD,BUY,2198.02,365,2026-01-01T04:06:44Z
order_00014806,batch_0005,trader_0024,ETH-USD,SELL,1857.13,775,2026-01-01T04:06:45Z
order_00014807,batch_0005,trader_0020,ETH-USD,SELL,1817.29,709,2026-01-01T04:06:46Z
order_00014808,batch_0005,trader_0005,ETH-USD,SELL,2188.04,267,2026-01-01T04:06:47Z
order_00014809,batch_0005,trader_0002,ETH-USD,BUY,1979.96,619,2026-01-01T04:06:48Z
order_00014810,batch_0005,trader_0020,ETH-USD,BUY,1992.91,235,2026-01-01T04:06:49Z
order_00014811,batch_0005,trader_0013,ETH-USD,SELL,2062.0,983,2026-01-01T04:06:50Z
order_00014812,batch_0005,trader_0025,ETH-USD,BUY,1875.62,663,2026-01-01T04:06:51Z
order_00014813,batch_0005,trader_0008,ETH-USD,SELL,1994.33,638,2026-01-01T04:06:52Z
order_00014814,batch_0005,trader_0012,ETH-USD,BUY,1818.55,439,2026-01-01T04:06:53Z
order_00014815,batch_0005,trader_0019,ETH-USD,BUY,1893.82,352,2026-01-01T04:06:54Z
order_00014816,batch_0005,trader_0004,ETH-USD,SELL,2170.79,190,2026-01-01T04:06:55Z
order_00014817,batch_0005,trader_0022,ETH-USD,SELL,2092.42,655,2026-01-01T04:06:56Z
order_00014818,batch_0005,trader_0001,ETH-USD,BUY,1873.42,832,2026-01-01T04:06:57Z
order_00014819,batch_0005,trader_0009,ETH-USD,BUY,2070.64,24,2026-01-01T04:06:58Z
order_00014820,batch_0005,trader_0002,ETH-USD,BUY,1986.12,655,2026-01-01T04:06:59Z
order_00014821,batch_0005,trader_0001,ETH-USD,SELL,2135.1,426,2026-01-01T04:07:00Z
order_00014822,batch_0005,trader_0017,ETH-USD,SELL,1896.38,525,2026-01-01T04:07:01Z
order_00014823,batch_0005,trader_0017,ETH-USD,SELL,2156.97,379,2026-01-01T04:07:02Z
order_00014824,batch_0005,trader_0009,ETH-USD,SELL,1889.76,973,2026-01-01T04:07:03Z
order_00014825,batch_0005,trader_0012,ETH-USD,BUY,2024.73,649,2026-01-01T04:07:04Z
order_00014826,batch_0005,trader_0025,ETH-USD,SELL,2029.78,460,2026-01-01T04:07:05Z
order_00014827,batch_0005,trader_0012,ETH-USD,SELL,1903.98,495,2026-01-01T04:07:06Z
order_00014828,batch_0005,trader_0019,ETH-USD,SELL,1864.81,945,2026-01-01T04:07:07Z
order_00014829,batch_0005,trader_0010,ETH-USD,SELL,2092.49,60,2026-01-01T04:07:08Z
order_00014830,batch_0005,trader_0016,ETH-USD,BUY,1867.03,543,2026-01-01T04:07:09Z
order_00014831,batch_0005,trader_0016,ETH-USD,BUY,1902.33,528,2026-01-01T04:07:10Z
order_00014832,batch_0005,trader_0023,ETH-USD,SELL,1931.12,541,2026-01-01T04:07:11Z
order_00014833,batch_0005,trader_0021,ETH-USD,SELL,2009.0,464,2026-01-01T04:07:12Z
order_00014834,batch_0005,trader_0006,ETH-USD,SELL,2120.82,930,2026-01-01T04:07:13Z
order_00014835,batch_0005,trader_0017,ETH-USD,SELL,1822.69,239,2026-01-01T04:07:14Z
order_00014836,batch_0005,trader_0013,ETH-USD,BUY,1802.28,543,2026-01-01T04:07:15Z
order_00014837,batch_0005,trader_0020,ETH-USD,SELL,2069.87,535,2026-01-01T04:07:16Z
order_00014838,batch_0005,trader_0020,ETH-USD,BUY,1843.01,111,2026-01-01T04:07:17Z
order_00014839,batch_0005,trader_0006,ETH-USD,SELL,2162.24,696,2026-01-01T04:07:18Z
order_00014840,batch_0005,trader_0021,ETH-USD,SELL,1992.93,423,2026-01-01T04:07:19Z
order_00014841,batch_0005,trader_0005,ETH-USD,SELL,2046.76,577,2026-01-01T04:07:20Z
order_00014842,batch_0005,trader_0004,ETH-USD,BUY,1886.54,176,2026-01-01T04:07:21Z
order_00014843,batch_0005,trader_0024,ETH-USD,BUY,2089.54,9,2026-01-01T04:07:22Z
order_00014844,batch_0005,trader_0020,ETH-USD,SELL,2116.79,985,2026-01-01T04:07:23Z
order_00014845,batch_0005,trader_0025,ETH-USD,SELL,1927.27,196,2026-01-01T04:07:24Z
order_00014846,batch_0005,trader_0002,ETH-USD,SELL,1940.35,498,2026-01-01T04:07:25Z
order_00014847,batch_0005,trader_0019,ETH-USD,BUY,1872.45,835,2026-01-01T04:07:26Z
order_00014848,batch_0005,trader_0022,ETH-USD,SELL,1830.52,386,2026-01-01T04:07:27Z
order_00014849,batch_0005,trader_0014,ETH-USD,SELL,1915.4,67,2026-01-01T04:07:28Z
order_00014850,batch_0005,trader_0016,ETH-USD,BUY,1843.34,989,2026-01-01T04:07:29Z
order_00014851,batch_0005,trader_0022,ETH-USD,BUY,2132.51,578,2026-01-01T04:07:30Z
order_00014852,batch_0005,trader_0014,ETH-USD,BUY,1822.94,674,2026-01-01T04:07:31Z
order_00014853,batch_0005,trader_0013,ETH-USD,BUY,2181.18,544,2026-01-01T04:07:32Z
order_00014854,batch_0005,trader_0023,ETH-USD,SELL,1888.85,738,2026-01-01T04:07:33Z
order_00014855,batch_0005,trader_0019,ETH-USD,SELL,2089.24,792,2026-01-01T04:07:34Z
order_00014856,batch_0005,trader_0015,ETH-USD,BUY,2184.11,73,2026-01-01T04:07:35Z
order_00014857,batch_0005,trader_0025,ETH-USD,BUY,2153.86,195,2026-01-01T04:07:36Z
order_00014858,batch_0005,trader_0020,ETH-USD,BUY,1993.82,724,2026-01-01T04:07:37Z
order_00014859,batch_0005,trader_0015,ETH-USD,BUY,1905.79,542,2026-01-01T04:07:38Z
order_00014860,batch_0005,trader_0023,ETH-USD,SELL,1986.1,566,2026-01-01T04:07:39Z
order_00014861,batch_0005,trader_0004,ETH-USD,BUY,2188.44,222,2026-01-01T04:07:40Z
order_00014862,batch_0005,trader_0005,ETH-USD,SELL,2028.45,822,2026-01-01T04:07:41Z
order_00014863,batch_0005,trader_0010,ETH-USD,BUY,1867.76,625,2026-01-01T04:07:42Z
order_00014864,batch_0005,trader_0001,ETH-USD,BUY,1833.73,49,2026-01-01T04:07:43Z
order_00014865,batch_0005,trader_0021,ETH-USD,SELL,2043.7,653,2026-01-01T04:07:44Z
order_00014866,batch_0005,trader_0001,ETH-USD,SELL,1916.82,482,2026-01-01T04:07:45Z
order_00014867,batch_0005,trader_0017,ETH-USD,SELL,1822.02,474,2026-01-01T04:07:46Z
order_00014868,batch_0005,trader_0023,ETH-USD,BUY,2051.89,380,2026-01-01T04:07:47Z
order_00014869,batch_0005,trader_0003,ETH-USD,SELL,2097.47,391,2026-01-01T04:07:48Z
order_00014870,batch_0005,trader_0017,ETH-USD,SELL,1837.5,387,2026-01-01T04:07:49Z
order_00014871,batch_0005,trader_0015,ETH-USD,SELL,1897.47,806,2026-01-01T04:07:50Z
order_00014872,batch_0005,trader_0001,ETH-USD,BUY,1824.94,512,2026-01-01T04:07:51Z
order_00014873,batch_0005,trader_0005,ETH-USD,BUY,1859.87,942,2026-01-01T04:07:52Z
order_00014874,batch_0005,trader_0013,ETH-USD,BUY,1867.71,120,2026-01-01T04:07:53Z
order_00014875,batch_0005,trader_0020,ETH-USD,SELL,2149.59,224,2026-01-01T04:07:54Z
order_00014876,batch_0005,trader_0002,ETH-USD,BUY,2137.95,99,2026-01-01T04:07:55Z
order_00014877,batch_0005,trader_0025,ETH-USD,BUY,2132.89,990,2026-01-01T04:07:56Z
order_00014878,batch_0005,trader_0024,ETH-USD,SELL,2163.47,560,2026-01-01T04:07:57Z
order_00014879,batch_0005,trader_0024,ETH-USD,BUY,2115.88,201,2026-01-01T04:07:58Z
order_00014880,batch_0005,trader_0015,ETH-USD,SELL,2113.16,6,2026-01-01T04:07:59Z
order_00014881,batch_0005,trader_0003,ETH-USD,BUY,2160.4,531,2026-01-01T04:08:00Z
order_00014882,batch_0005,trader_0010,ETH-USD,BUY,1912.64,113,2026-01-01T04:08:01Z
order_00014883,batch_0005,trader_0025,ETH-USD,BUY,2121.31,811,2026-01-01T04:08:02Z
order_00014884,batch_0005,trader_0018,ETH-USD,SELL,2134.38,235,2026-01-01T04:08:03Z
order_00014885,batch_0005,trader_0019,ETH-USD,BUY,1945.12,156,2026-01-01T04:08:04Z
order_00014886,batch_0005,trader_0019,ETH-USD,BUY,1854.05,792,2026-01-01T04:08:05Z
order_00014887,batch_0005,trader_0004,ETH-USD,SELL,2052.45,520,2026-01-01T04:08:06Z
order_00014888,batch_0005,trader_0016,ETH-USD,BUY,1843.42,150,2026-01-01T04:08:07Z
order_00014889,batch_0005,trader_0011,ETH-USD,BUY,1862.37,802,2026-01-01T04:08:08Z
order_00014890,batch_0005,trader_0020,ETH-USD,BUY,2114.68,309,2026-01-01T04:08:09Z
order_00014891,batch_0005,trader_0006,ETH-USD,BUY,1814.41,335,2026-01-01T04:08:10Z
order_00014892,batch_0005,trader_0023,ETH-USD,SELL,2095.53,946,2026-01-01T04:08:11Z
order_00014893,batch_0005,trader_0005,ETH-USD,BUY,2065.35,531,2026-01-01T04:08:12Z
order_00014894,batch_0005,trader_0021,ETH-USD,SELL,2119.8,854,2026-01-01T04:08:13Z
order_00014895,batch_0005,trader_0012,ETH-USD,SELL,2078.13,340,2026-01-01T04:08:14Z
order_00014896,batch_0005,trader_0006,ETH-USD,SELL,1931.47,995,2026-01-01T04:08:15Z
order_00014897,batch_0005,trader_0025,ETH-USD,BUY,1900.73,992,2026-01-01T04:08:16Z
order_00014898,batch_0005,trader_0012,ETH-USD,BUY,1898.04,221,2026-01-01T04:08:17Z
order_00014899,batch_0005,trader_0021,ETH-USD,BUY,2063.79,119,2026-01-01T04:08:18Z
order_00014900,batch_0005,trader_0004,ETH-USD,BUY,1977.05,516,2026-01-01T04:08:19Z
order_00014901,batch_0005,trader_0001,ETH-USD,SELL,1877.72,985,2026-01-01T04:08:20Z
order_00014902,batch_0005,trader_0007,ETH-USD,BUY,1836.04,411,2026-01-01T04:08:21Z
order_00014903,batch_0005,trader_0008,ETH-USD,SELL,1852.1,653,2026-01-01T04:08:22Z
order_00014904,batch_0005,trader_0014,ETH-USD,BUY,1966.13,537,2026-01-01T04:08:23Z
order_00014905,batch_0005,trader_0009,ETH-USD,SELL,2126.65,805,2026-01-01T04:08:24Z
order_00014906,batch_0005,trader_0017,ETH-USD,BUY,1866.89,906,2026-01-01T04:08:25Z
order_00014907,batch_0005,trader_0007,ETH-USD,SELL,1804.35,568,2026-01-01T04:08:26Z
order_00014908,batch_0005,trader_0010,ETH-USD,SELL,2168.47,45,2026-01-01T04:08:27Z
order_00014909,batch_0005,trader_0019,ETH-USD,SELL,1812.52,236,2026-01-01T04:08:28Z
order_00014910,batch_0005,trader_0015,ETH-USD,SELL,1956.56,428,2026-01-01T04:08:29Z
order_00014911,batch_0005,trader_0013,ETH-USD,SELL,1869.85,448,2026-01-01T04:08:30Z
order_00014912,batch_0005,trader_0023,ETH-USD,BUY,2178.93,161,2026-01-01T04:08:31Z
order_00014913,batch_0005,trader_0010,ETH-USD,SELL,2178.19,445,2026-01-01T04:08:32Z
order_00014914,batch_0005,trader_0021,ETH-USD,SELL,1828.03,613,2026-01-01T04:08:33Z
order_00014915,batch_0005,trader_0004,ETH-USD,BUY,2085.91,812,2026-01-01T04:08:34Z
order_00014916,batch_0005,trader_0020,ETH-USD,SELL,2128.7,305,2026-01-01T04:08:35Z
order_00014917,batch_0005,trader_0011,ETH-USD,BUY,2194.97,264,2026-01-01T04:08:36Z
order_00014918,batch_0005,trader_0010,ETH-USD,SELL,1905.88,870,2026-01-01T04:08:37Z
order_00014919,batch_0005,trader_0023,ETH-USD,SELL,1987.11,353,2026-01-01T04:08:38Z
order_00014920,batch_0005,trader_0021,ETH-USD,SELL,2075.15,252,2026-01-01T04:08:39Z
order_00014921,batch_0005,trader_0006,ETH-USD,BUY,1879.01,353,2026-01-01T04:08:40Z
order_00014922,batch_0005,trader_0021,ETH-USD,BUY,2032.81,765,2026-01-01T04:08:41Z
order_00014923,batch_0005,trader_0015,ETH-USD,SELL,2163.57,534,2026-01-01T04:08:42Z
order_00014924,batch_0005,trader_0025,ETH-USD,SELL,2174.91,150,2026-01-01T04:08:43Z
order_00014925,batch_0005,trader_0014,ETH-USD,BUY,2107.0,480,2026-01-01T04:08:44Z
order_00014926,batch_0005,trader_0018,ETH-USD,SELL,2102.47,264,2026-01-01T04:08:45Z
order_00014927,batch_0005,trader_0010,ETH-USD,SELL,1999.85,132,2026-01-01T04:08:46Z
order_00014928,batch_0005,trader_0014,ETH-USD,SELL,2119.6,789,2026-01-01T04:08:47Z
order_00014929,batch_0005,trader_0021,ETH-USD,SELL,2051.2,351,2026-01-01T04:08:48Z
order_00014930,batch_0005,trader_0024,ETH-USD,BUY,2091.82,914,2026-01-01T04:08:49Z
order_00014931,batch_0005,trader_0010,ETH-USD,BUY,1840.05,659,2026-01-01T04:08:50Z
order_00014932,batch_0005,trader_0019,ETH-USD,BUY,1930.54,426,2026-01-01T04:08:51Z
order_00014933,batch_0005,trader_0018,ETH-USD,BUY,2166.16,921,2026-01-01T04:08:52Z
order_00014934,batch_0005,trader_0007,ETH-USD,SELL,2193.3,177,2026-01-01T04:08:53Z
order_00014935,batch_0005,trader_0011,ETH-USD,BUY,1922.26,255,2026-01-01T04:08:54Z
order_00014936,batch_0005,trader_0014,ETH-USD,SELL,1939.64,224,2026-01-01T04:08:55Z
order_00014937,batch_0005,trader_0025,ETH-USD,SELL,2194.34,166,2026-01-01T04:08:56Z
order_00014938,batch_0005,trader_0025,ETH-USD,SELL,2185.31,614,2026-01-01T04:08:57Z
order_00014939,batch_0005,trader_0022,ETH-USD,BUY,2108.15,374,2026-01-01T04:08:58Z
order_00014940,batch_0005,trader_0005,ETH-USD,BUY,2160.65,620,2026-01-01T04:08:59Z
order_00014941,batch_0005,trader_0008,ETH-USD,SELL,2114.89,997,2026-01-01T04:09:00Z
order_00014942,batch_0005,trader_0004,ETH-USD,SELL,2018.87,630,2026-01-01T04:09:01Z
order_00014943,batch_0005,trader_0021,ETH-USD,BUY,2054.22,829,2026-01-01T04:09:02Z
order_00014944,batch_0005,trader_0012,ETH-USD,BUY,2044.6,812,2026-01-01T04:09:03Z
order_00014945,batch_0005,trader_0004,ETH-USD,SELL,2188.33,494,2026-01-01T04:09:04Z
order_00014946,batch_0005,trader_0003,ETH-USD,SELL,1835.66,898,2026-01-01T04:09:05Z
order_00014947,batch_0005,trader_0021,ETH-USD,BUY,2011.33,791,2026-01-01T04:09:06Z
order_00014948,batch_0005,trader_0012,ETH-USD,BUY,1884.75,158,2026-01-01T04:09:07Z
order_00014949,batch_0005,trader_0003,ETH-USD,BUY,1864.18,280,2026-01-01T04:09:08Z
order_00014950,batch_0005,trader_0024,ETH-USD,BUY,1985.06,559,2026-01-01T04:09:09Z
order_00014951,batch_0005,trader_0025,ETH-USD,SELL,1815.62,346,2026-01-01T04:09:10Z
order_00014952,batch_0005,trader_0015,ETH-USD,BUY,2159.34,207,2026-01-01T04:09:11Z
order_00014953,batch_0005,trader_0015,ETH-USD,SELL,1809.07,374,2026-01-01T04:09:12Z
order_00014954,batch_0005,trader_0025,ETH-USD,SELL,2101.28,621,2026-01-01T04:09:13Z
order_00014955,batch_0005,trader_0003,ETH-USD,BUY,2120.99,893,2026-01-01T04:09:14Z
order_00014956,batch_0005,trader_0003,ETH-USD,BUY,2041.44,962,2026-01-01T04:09:15Z
order_00014957,batch_0005,trader_0009,ETH-USD,BUY,2031.3,660,2026-01-01T04:09:16Z
order_00014958,batch_0005,trader_0015,ETH-USD,BUY,1814.2,16,2026-01-01T04:09:17Z
order_00014959,batch_0005,trader_0022,ETH-USD,BUY,2100.01,142,2026-01-01T04:09:18Z
order_00014960,batch_0005,trader_0005,ETH-USD,BUY,2026.34,407,2026-01-01T04:09:19Z
order_00014961,batch_0005,trader_0018,ETH-USD,BUY,2051.4,423,2026-01-01T04:09:20Z
order_00014962,batch_0005,trader_0013,ETH-USD,BUY,2010.46,649,2026-01-01T04:09:21Z
order_00014963,batch_0005,trader_0013,ETH-USD,SELL,1865.98,957,2026-01-01T04:09:22Z
order_00014964,batch_0005,trader_0023,ETH-USD,SELL,2094.64,428,2026-01-01T04:09:23Z
order_00014965,batch_0005,trader_0003,ETH-USD,SELL,1923.76,90,2026-01-01T04:09:24Z
order_00014966,batch_0005,trader_0020,ETH-USD,SELL,1935.88,470,2026-01-01T04:09:25Z
order_00014967,batch_0005,trader_0016,ETH-USD,SELL,2151.96,874,2026-01-01T04:09:26Z
order_00014968,batch_0005,trader_0006,ETH-USD,SELL,1843.51,283,2026-01-01T04:09:27Z
order_00014969,batch_0005,trader_0019,ETH-USD,BUY,1916.74,917,2026-01-01T04:09:28Z
order_00014970,batch_0005,trader_0009,ETH-USD,BUY,1950.56,814,2026-01-01T04:09:29Z
order_00014971,batch_0005,trader_0007,ETH-USD,SELL,1844.81,910,2026-01-01T04:09:30Z
order_00014972,batch_0005,trader_0024,ETH-USD,SELL,2133.49,207,2026-01-01T04:09:31Z
order_00014973,batch_0005,trader_0016,ETH-USD,SELL,1825.3,764,2026-01-01T04:09:32Z
order_00014974,batch_0005,trader_0018,ETH-USD,BUY,1853.75,742,2026-01-01T04:09:33Z
order_00014975,batch_0005,trader_0010,ETH-USD,SELL,1925.19,854,2026-01-01T04:09:34Z
order_00014976,batch_0005,trader_0022,ETH-USD,SELL,2012.92,365,2026-01-01T04:09:35Z
order_00014977,batch_0005,trader_0019,ETH-USD,BUY,2023.06,253,2026-01-01T04:09:36Z
order_00014978,batch_0005,trader_0017,ETH-USD,BUY,1934.42,899,2026-01-01T04:09:37Z
order_00014979,batch_0005,trader_0006,ETH-USD,SELL,2120.45,496,2026-01-01T04:09:38Z
order_00014980,batch_0005,trader_0015,ETH-USD,SELL,2126.74,342,2026-01-01T04:09:39Z
order_00014981,batch_0005,trader_0018,ETH-USD,SELL,2177.04,570,2026-01-01T04:09:40Z
order_00014982,batch_0005,trader_0011,ETH-USD,BUY,2119.04,948,2026-01-01T04:09:41Z
order_00014983,batch_0005,trader_0021,ETH-USD,BUY,1810.55,303,2026-01-01T04:09:42Z
order_00014984,batch_0005,trader_0001,ETH-USD,SELL,1848.85,156,2026-01-01T04:09:43Z
order_00014985,batch_0005,trader_0013,ETH-USD,BUY,2036.62,652,2026-01-01T04:09:44Z
order_00014986,batch_0005,trader_0016,ETH-USD,BUY,2131.86,780,2026-01-01T04:09:45Z
order_00014987,batch_0005,trader_0012,ETH-USD,BUY,2120.08,330,2026-01-01T04:09:46Z
order_00014988,batch_0005,trader_0002,ETH-USD,BUY,2134.49,757,2026-01-01T04:09:47Z
order_00014989,batch_0005,trader_0018,ETH-USD,SELL,2081.39,451,2026-01-01T04:09:48Z
order_00014990,batch_0005,trader_0024,ETH-USD,BUY,1851.22,956,2026-01-01T04:09:49Z
order_00014991,batch_0005,trader_0007,ETH-USD,BUY,2139.83,181,2026-01-01T04:09:50Z
order_00014992,batch_0005,trader_0024,ETH-USD,BUY,2120.48,347,2026-01-01T04:09:51Z
order_00014993,batch_0005,trader_0021,ETH-USD,SELL,2098.42,34,2026-01-01T04:09:52Z
order_00014994,batch_0005,trader_0012,ETH-USD,SELL,1938.56,671,2026-01-01T04:09:53Z
order_00014995,batch_0005,trader_0022,ETH-USD,SELL,1933.87,610,2026-01-01T04:09:54Z
order_00014996,batch_0005,trader_0023,ETH-USD,BUY,1947.69,655,2026-01-01T04:09:55Z
order_00014997,batch_0005,trader_0022,ETH-USD,BUY,2128.91,863,2026-01-01T04:09:56Z
order_00014998,batch_0005,trader_0012,ETH-USD,SELL,1870.28,109,2026-01-01T04:09:57Z
order_00014999,batch_0005,trader_0016,ETH-USD,BUY,2012.33,371,2026-01-01T04:09:58Z
order_00015000,batch_0005,trader_0004,ETH-USD,SELL,1888.35,126,2026-01-01T04:09:59Z
order_00015001,batch_0005,trader_0012,ETH-USD,SELL,1825.0,120,2026-01-01T04:10:00Z
order_00015002,batch_0005,trader_0012,ETH-USD,BUY,2066.81,244,2026-01-01T04:10:01Z
order_00015003,batch_0005,trader_0010,ETH-USD,SELL,1856.83,422,2026-01-01T04:10:02Z
order_00015004,batch_0005,trader_0011,ETH-USD,SELL,1870.54,648,2026-01-01T04:10:03Z
order_00015005,batch_0005,trader_0010,ETH-USD,BUY,2031.66,440,2026-01-01T04:10:04Z
order_00015006,batch_0005,trader_0016,ETH-USD,BUY,2154.36,508,2026-01-01T04:10:05Z
order_00015007,batch_0005,trader_0011,ETH-USD,BUY,1827.38,955,2026-01-01T04:10:06Z
order_00015008,batch_0005,trader_0012,ETH-USD,SELL,2043.43,906,2026-01-01T04:10:07Z
order_00015009,batch_0005,trader_0019,ETH-USD,SELL,2005.4,686,2026-01-01T04:10:08Z
order_00015010,batch_0005,trader_0009,ETH-USD,BUY,2165.59,58,2026-01-01T04:10:09Z
order_00015011,batch_0005,trader_0006,ETH-USD,SELL,2110.45,790,2026-01-01T04:10:10Z
order_00015012,batch_0005,trader_0016,ETH-USD,BUY,2088.63,163,2026-01-01T04:10:11Z
order_00015013,batch_0005,trader_0007,ETH-USD,BUY,2114.42,435,2026-01-01T04:10:12Z
order_00015014,batch_0005,trader_0014,ETH-USD,SELL,2142.25,207,2026-01-01T04:10:13Z
order_00015015,batch_0005,trader_0020,ETH-USD,BUY,1800.08,158,2026-01-01T04:10:14Z
order_00015016,batch_0005,trader_0022,ETH-USD,SELL,2019.76,956,2026-01-01T04:10:15Z
order_00015017,batch_0005,trader_0018,ETH-USD,SELL,2081.47,740,2026-01-01T04:10:16Z
order_00015018,batch_0005,trader_0016,ETH-USD,BUY,2077.86,683,2026-01-01T04:10:17Z
order_00015019,batch_0005,trader_0022,ETH-USD,BUY,1888.89,323,2026-01-01T04:10:18Z
order_00015020,batch_0005,trader_0019,ETH-USD,BUY,1818.86,141,2026-01-01T04:10:19Z
order_00015021,batch_0005,trader_0012,ETH-USD,BUY,2099.45,967,2026-01-01T04:10:20Z
order_00015022,batch_0005,trader_0019,ETH-USD,BUY,1950.2,394,2026-01-01T04:10:21Z
order_00015023,batch_0005,trader_0024,ETH-USD,BUY,2056.66,956,2026-01-01T04:10:22Z
order_00015024,batch_0005,trader_0013,ETH-USD,SELL,2142.11,989,2026-01-01T04:10:23Z
order_00015025,batch_0005,trader_0010,ETH-USD,SELL,2144.49,579,2026-01-01T04:10:24Z
order_00015026,batch_0005,trader_0008,ETH-USD,BUY,2128.64,293,2026-01-01T04:10:25Z
order_00015027,batch_0005,trader_0003,ETH-USD,BUY,2162.1,785,2026-01-01T04:10:26Z
order_00015028,batch_0005,trader_0018,ETH-USD,BUY,2054.89,775,2026-01-01T04:10:27Z
order_00015029,batch_0005,trader_0013,ETH-USD,BUY,1811.39,988,2026-01-01T04:10:28Z
order_00015030,batch_0005,trader_0002,ETH-USD,SELL,1839.75,129,2026-01-01T04:10:29Z
order_00015031,batch_0005,trader_0001,ETH-USD,BUY,2062.53,710,2026-01-01T04:10:30Z
order_00015032,batch_0005,trader_0008,ETH-USD,SELL,2190.78,769,2026-01-01T04:10:31Z
order_00015033,batch_0005,trader_0004,ETH-USD,BUY,1947.73,702,2026-01-01T04:10:32Z
order_00015034,batch_0005,trader_0020,ETH-USD,SELL,1868.69,888,2026-01-01T04:10:33Z
order_00015035,batch_0005,trader_0013,ETH-USD,SELL,2127.66,438,2026-01-01T04:10:34Z
order_00015036,batch_0005,trader_0015,ETH-USD,BUY,2158.01,712,2026-01-01T04:10:35Z
order_00015037,batch_0005,trader_0017,ETH-USD,SELL,2119.8,247,2026-01-01T04:10:36Z
order_00015038,batch_0005,trader_0010,ETH-USD,SELL,2059.19,81,2026-01-01T04:10:37Z
order_00015039,batch_0005,trader_0009,ETH-USD,SELL,1928.53,698,2026-01-01T04:10:38Z
order_00015040,batch_0005,trader_0001,ETH-USD,BUY,1879.53,891,2026-01-01T04:10:39Z
order_00015041,batch_0005,trader_0022,ETH-USD,BUY,2113.03,300,2026-01-01T04:10:40Z
order_00015042,batch_0005,trader_0016,ETH-USD,SELL,1980.29,991,2026-01-01T04:10:41Z
order_00015043,batch_0005,trader_0010,ETH-USD,BUY,1848.44,298,2026-01-01T04:10:42Z
order_00015044,batch_0005,trader_0012,ETH-USD,SELL,2136.33,842,2026-01-01T04:10:43Z
order_00015045,batch_0005,trader_0013,ETH-USD,SELL,1883.99,514,2026-01-01T04:10:44Z
order_00015046,batch_0005,trader_0012,ETH-USD,BUY,1870.01,776,2026-01-01T04:10:45Z
order_00015047,batch_0005,trader_0008,ETH-USD,BUY,2180.64,805,2026-01-01T04:10:46Z
order_00015048,batch_0005,trader_0015,ETH-USD,SELL,1815.9,202,2026-01-01T04:10:47Z
order_00015049,batch_0005,trader_0013,ETH-USD,SELL,2075.0,475,2026-01-01T04:10:48Z
order_00015050,batch_0005,trader_0002,ETH-USD,BUY,1981.29,58,2026-01-01T04:10:49Z
order_00015051,batch_0005,trader_0001,ETH-USD,BUY,2146.55,929,2026-01-01T04:10:50Z
order_00015052,batch_0005,trader_0002,ETH-USD,BUY,1971.07,391,2026-01-01T04:10:51Z
order_00015053,batch_0005,trader_0012,ETH-USD,SELL,2056.29,590,2026-01-01T04:10:52Z
order_00015054,batch_0005,trader_0005,ETH-USD,BUY,1944.41,959,2026-01-01T04:10:53Z
order_00015055,batch_0005,trader_0017,ETH-USD,BUY,1818.9,972,2026-01-01T04:10:54Z
order_00015056,batch_0005,trader_0024,ETH-USD,SELL,1938.46,382,2026-01-01T04:10:55Z
order_00015057,batch_0005,trader_0009,ETH-USD,BUY,2105.3,395,2026-01-01T04:10:56Z
order_00015058,batch_0005,trader_0023,ETH-USD,BUY,1842.92,887,2026-01-01T04:10:57Z
order_00015059,batch_0005,trader_0001,ETH-USD,BUY,2069.0,185,2026-01-01T04:10:58Z
order_00015060,batch_0005,trader_0019,ETH-USD,SELL,1904.0,858,2026-01-01T04:10:59Z
order_00015061,batch_0005,trader_0007,ETH-USD,BUY,2005.92,291,2026-01-01T04:11:00Z
order_00015062,batch_0005,trader_0002,ETH-USD,BUY,2108.79,807,2026-01-01T04:11:01Z
order_00015063,batch_0005,trader_0022,ETH-USD,BUY,1826.9,904,2026-01-01T04:11:02Z
order_00015064,batch_0005,trader_0016,ETH-USD,SELL,2160.67,8,2026-01-01T04:11:03Z
order_00015065,batch_0005,trader_0018,ETH-USD,BUY,1886.69,648,2026-01-01T04:11:04Z
order_00015066,batch_0005,trader_0019,ETH-USD,BUY,2084.37,221,2026-01-01T04:11:05Z
order_00015067,batch_0005,trader_0019,ETH-USD,SELL,1990.7,149,2026-01-01T04:11:06Z
order_00015068,batch_0005,trader_0008,ETH-USD,BUY,2030.28,607,2026-01-01T04:11:07Z
order_00015069,batch_0005,trader_0020,ETH-USD,SELL,1842.31,877,2026-01-01T04:11:08Z
order_00015070,batch_0005,trader_0004,ETH-USD,SELL,2041.57,897,2026-01-01T04:11:09Z
order_00015071,batch_0005,trader_0017,ETH-USD,BUY,1838.93,3,2026-01-01T04:11:10Z
order_00015072,batch_0005,trader_0015,ETH-USD,SELL,2094.81,477,2026-01-01T04:11:11Z
order_00015073,batch_0005,trader_0002,ETH-USD,BUY,1841.02,9,2026-01-01T04:11:12Z
order_00015074,batch_0005,trader_0022,ETH-USD,SELL,2085.12,442,2026-01-01T04:11:13Z
order_00015075,batch_0005,trader_0014,ETH-USD,SELL,1850.05,768,2026-01-01T04:11:14Z
order_00015076,batch_0005,trader_0011,ETH-USD,BUY,2113.07,612,2026-01-01T04:11:15Z
order_00015077,batch_0005,trader_0006,ETH-USD,BUY,2045.87,531,2026-01-01T04:11:16Z
order_00015078,batch_0005,trader_0013,ETH-USD,SELL,2118.4,929,2026-01-01T04:11:17Z
order_00015079,batch_0005,trader_0003,ETH-USD,SELL,2117.45,346,2026-01-01T04:11:18Z
order_00015080,batch_0005,trader_0007,ETH-USD,BUY,1880.37,501,2026-01-01T04:11:19Z
order_00015081,batch_0005,trader_0015,ETH-USD,BUY,2107.1,630,2026-01-01T04:11:20Z
order_00015082,batch_0005,trader_0008,ETH-USD,SELL,1898.39,584,2026-01-01T04:11:21Z
order_00015083,batch_0005,trader_0024,ETH-USD,BUY,2188.56,731,2026-01-01T04:11:22Z
order_00015084,batch_0005,trader_0006,ETH-USD,BUY,1970.69,973,2026-01-01T04:11:23Z
order_00015085,batch_0005,trader_0008,ETH-USD,SELL,1937.07,353,2026-01-01T04:11:24Z
order_00015086,batch_0005,trader_0003,ETH-USD,SELL,2063.7,434,2026-01-01T04:11:25Z
order_00015087,batch_0005,trader_0011,ETH-USD,BUY,2151.26,532,2026-01-01T04:11:26Z
order_00015088,batch_0005,trader_0025,ETH-USD,BUY,1969.54,899,2026-01-01T04:11:27Z
order_00015089,batch_0005,trader_0004,ETH-USD,BUY,1885.8,393,2026-01-01T04:11:28Z
order_00015090,batch_0005,trader_0011,ETH-USD,BUY,1838.26,481,2026-01-01T04:11:29Z
order_00015091,batch_0005,trader_0006,ETH-USD,BUY,1877.72,710,2026-01-01T04:11:30Z
order_00015092,batch_0005,trader_0007,ETH-USD,SELL,2095.23,890,2026-01-01T04:11:31Z
order_00015093,batch_0005,trader_0001,ETH-USD,BUY,2113.68,240,2026-01-01T04:11:32Z
order_00015094,batch_0005,trader_0023,ETH-USD,BUY,1960.9,291,2026-01-01T04:11:33Z
order_00015095,batch_0005,trader_0021,ETH-USD,BUY,1966.33,607,2026-01-01T04:11:34Z
order_00015096,batch_0005,trader_0010,ETH-USD,SELL,1930.31,452,2026-01-01T04:11:35Z
order_00015097,batch_0005,trader_0011,ETH-USD,SELL,1971.16,303,2026-01-01T04:11:36Z
order_00015098,batch_0005,trader_0004,ETH-USD,BUY,2015.54,260,2026-01-01T04:11:37Z
order_00015099,batch_0005,trader_0016,ETH-USD,SELL,2142.0,911,2026-01-01T04:11:38Z
order_00015100,batch_0005,trader_0004,ETH-USD,BUY,2063.81,572,2026-01-01T04:11:39Z
order_00015101,batch_0005,trader_0011,ETH-USD,SELL,1931.97,916,2026-01-01T04:11:40Z
order_00015102,batch_0005,trader_0016,ETH-USD,SELL,1995.84,962,2026-01-01T04:11:41Z
order_00015103,batch_0005,trader_0012,ETH-USD,BUY,2159.95,41,2026-01-01T04:11:42Z
order_00015104,batch_0005,trader_0003,ETH-USD,BUY,1826.05,788,2026-01-01T04:11:43Z
order_00015105,batch_0005,trader_0012,ETH-USD,BUY,2066.14,783,2026-01-01T04:11:44Z
order_00015106,batch_0005,trader_0011,ETH-USD,BUY,2065.1,722,2026-01-01T04:11:45Z
order_00015107,batch_0005,trader_0014,ETH-USD,SELL,2025.06,635,2026-01-01T04:11:46Z
order_00015108,batch_0005,trader_0009,ETH-USD,SELL,2018.21,225,2026-01-01T04:11:47Z
order_00015109,batch_0005,trader_0008,ETH-USD,BUY,1996.78,906,2026-01-01T04:11:48Z
order_00015110,batch_0005,trader_0008,ETH-USD,BUY,1935.79,170,2026-01-01T04:11:49Z
order_00015111,batch_0005,trader_0025,ETH-USD,SELL,2134.34,532,2026-01-01T04:11:50Z
order_00015112,batch_0005,trader_0003,ETH-USD,SELL,2145.57,270,2026-01-01T04:11:51Z
order_00015113,batch_0005,trader_0005,ETH-USD,BUY,2110.61,378,2026-01-01T04:11:52Z
order_00015114,batch_0005,trader_0020,ETH-USD,SELL,2190.99,743,2026-01-01T04:11:53Z
order_00015115,batch_0005,trader_0012,ETH-USD,SELL,2135.55,432,2026-01-01T04:11:54Z
order_00015116,batch_0005,trader_0025,ETH-USD,BUY,2179.7,161,2026-01-01T04:11:55Z
order_00015117,batch_0005,trader_0021,ETH-USD,BUY,2127.2,432,2026-01-01T04:11:56Z
order_00015118,batch_0005,trader_0008,ETH-USD,BUY,2156.79,242,2026-01-01T04:11:57Z
order_00015119,batch_0005,trader_0022,ETH-USD,BUY,1976.24,385,2026-01-01T04:11:58Z
order_00015120,batch_0005,trader_0004,ETH-USD,BUY,1924.56,263,2026-01-01T04:11:59Z
order_00015121,batch_0005,trader_0022,ETH-USD,BUY,2158.4,754,2026-01-01T04:12:00Z
order_00015122,batch_0005,trader_0004,ETH-USD,SELL,2034.16,208,2026-01-01T04:12:01Z
order_00015123,batch_0005,trader_0006,ETH-USD,SELL,1844.79,781,2026-01-01T04:12:02Z
order_00015124,batch_0005,trader_0007,ETH-USD,SELL,2160.84,57,2026-01-01T04:12:03Z
order_00015125,batch_0005,trader_0020,ETH-USD,SELL,1910.15,937,2026-01-01T04:12:04Z
order_00015126,batch_0005,trader_0017,ETH-USD,SELL,2094.82,344,2026-01-01T04:12:05Z
order_00015127,batch_0005,trader_0016,ETH-USD,BUY,2073.67,754,2026-01-01T04:12:06Z
order_00015128,batch_0005,trader_0002,ETH-USD,BUY,2168.37,748,2026-01-01T04:12:07Z
order_00015129,batch_0005,trader_0013,ETH-USD,BUY,1804.31,681,2026-01-01T04:12:08Z
order_00015130,batch_0005,trader_0012,ETH-USD,BUY,1974.23,923,2026-01-01T04:12:09Z
order_00015131,batch_0005,trader_0009,ETH-USD,BUY,2000.62,969,2026-01-01T04:12:10Z
order_00015132,batch_0005,trader_0023,ETH-USD,BUY,2003.28,810,2026-01-01T04:12:11Z
order_00015133,batch_0005,trader_0018,ETH-USD,SELL,1986.8,638,2026-01-01T04:12:12Z
order_00015134,batch_0005,trader_0017,ETH-USD,SELL,1939.86,312,2026-01-01T04:12:13Z
order_00015135,batch_0005,trader_0024,ETH-USD,SELL,1996.64,743,2026-01-01T04:12:14Z
order_00015136,batch_0005,trader_0016,ETH-USD,SELL,2080.23,477,2026-01-01T04:12:15Z
order_00015137,batch_0005,trader_0003,ETH-USD,BUY,2149.52,300,2026-01-01T04:12:16Z
order_00015138,batch_0005,trader_0010,ETH-USD,BUY,2040.65,986,2026-01-01T04:12:17Z
order_00015139,batch_0005,trader_0002,ETH-USD,BUY,2147.01,663,2026-01-01T04:12:18Z
order_00015140,batch_0005,trader_0006,ETH-USD,SELL,2083.39,604,2026-01-01T04:12:19Z
order_00015141,batch_0005,trader_0012,ETH-USD,SELL,2087.1,654,2026-01-01T04:12:20Z
order_00015142,batch_0005,trader_0024,ETH-USD,BUY,2144.12,552,2026-01-01T04:12:21Z
order_00015143,batch_0005,trader_0005,ETH-USD,SELL,1881.69,934,2026-01-01T04:12:22Z
order_00015144,batch_0005,trader_0013,ETH-USD,SELL,2006.7,687,2026-01-01T04:12:23Z
order_00015145,batch_0005,trader_0022,ETH-USD,BUY,1970.26,878,2026-01-01T04:12:24Z
order_00015146,batch_0005,trader_0005,ETH-USD,SELL,2010.06,586,2026-01-01T04:12:25Z
order_00015147,batch_0005,trader_0013,ETH-USD,BUY,1874.91,235,2026-01-01T04:12:26Z
order_00015148,batch_0005,trader_0008,ETH-USD,SELL,1824.19,339,2026-01-01T04:12:27Z
order_00015149,batch_0005,trader_0005,ETH-USD,SELL,1926.74,900,2026-01-01T04:12:28Z
order_00015150,batch_0005,trader_0006,ETH-USD,BUY,1909.03,99,2026-01-01T04:12:29Z
order_00015151,batch_0005,trader_0012,ETH-USD,BUY,2199.08,454,2026-01-01T04:12:30Z
order_00015152,batch_0005,trader_0011,ETH-USD,SELL,1889.18,826,2026-01-01T04:12:31Z
order_00015153,batch_0005,trader_0012,ETH-USD,BUY,1912.89,577,2026-01-01T04:12:32Z
order_00015154,batch_0005,trader_0021,ETH-USD,BUY,1899.48,55,2026-01-01T04:12:33Z
order_00015155,batch_0005,trader_0003,ETH-USD,SELL,2145.15,428,2026-01-01T04:12:34Z
order_00015156,batch_0005,trader_0021,ETH-USD,SELL,1908.19,553,2026-01-01T04:12:35Z
order_00015157,batch_0005,trader_0019,ETH-USD,SELL,2102.07,169,2026-01-01T04:12:36Z
order_00015158,batch_0005,trader_0007,ETH-USD,BUY,2109.11,309,2026-01-01T04:12:37Z
order_00015159,batch_0005,trader_0013,ETH-USD,SELL,2017.1,435,2026-01-01T04:12:38Z
order_00015160,batch_0005,trader_0015,ETH-USD,BUY,2100.42,712,2026-01-01T04:12:39Z
order_00015161,batch_0005,trader_0021,ETH-USD,BUY,1860.94,386,2026-01-01T04:12:40Z
order_00015162,batch_0005,trader_0021,ETH-USD,SELL,1934.11,201,2026-01-01T04:12:41Z
order_00015163,batch_0005,trader_0009,ETH-USD,BUY,1827.3,769,2026-01-01T04:12:42Z
order_00015164,batch_0005,trader_0024,ETH-USD,SELL,1848.2,872,2026-01-01T04:12:43Z
order_00015165,batch_0005,trader_0021,ETH-USD,BUY,2166.45,682,2026-01-01T04:12:44Z
order_00015166,batch_0005,trader_0021,ETH-USD,BUY,1921.67,901,2026-01-01T04:12:45Z
order_00015167,batch_0005,trader_0012,ETH-USD,SELL,2085.29,601,2026-01-01T04:12:46Z
order_00015168,batch_0005,trader_0002,ETH-USD,BUY,1826.55,953,2026-01-01T04:12:47Z
order_00015169,batch_0005,trader_0002,ETH-USD,BUY,1932.71,785,2026-01-01T04:12:48Z
order_00015170,batch_0005,trader_0006,ETH-USD,BUY,2111.48,996,2026-01-01T04:12:49Z
order_00015171,batch_0005,trader_0007,ETH-USD,BUY,1980.47,694,2026-01-01T04:12:50Z
order_00015172,batch_0005,trader_0008,ETH-USD,BUY,1873.33,258,2026-01-01T04:12:51Z
order_00015173,batch_0005,trader_0003,ETH-USD,SELL,1899.3,741,2026-01-01T04:12:52Z
order_00015174,batch_0005,trader_0010,ETH-USD,BUY,2053.4,837,2026-01-01T04:12:53Z
order_00015175,batch_0005,trader_0004,ETH-USD,BUY,2050.51,906,2026-01-01T04:12:54Z
order_00015176,batch_0005,trader_0013,ETH-USD,SELL,2159.44,587,2026-01-01T04:12:55Z
order_00015177,batch_0005,trader_0016,ETH-USD,BUY,2103.86,77,2026-01-01T04:12:56Z
order_00015178,batch_0005,trader_0024,ETH-USD,SELL,2063.73,950,2026-01-01T04:12:57Z
order_00015179,batch_0005,trader_0021,ETH-USD,SELL,2091.03,302,2026-01-01T04:12:58Z
order_00015180,batch_0005,trader_0004,ETH-USD,SELL,1814.03,101,2026-01-01T04:12:59Z
order_00015181,batch_0005,trader_0018,ETH-USD,BUY,2156.94,508,2026-01-01T04:13:00Z
order_00015182,batch_0005,trader_0003,ETH-USD,SELL,2083.41,83,2026-01-01T04:13:01Z
order_00015183,batch_0005,trader_0001,ETH-USD,SELL,1934.83,786,2026-01-01T04:13:02Z
order_00015184,batch_0005,trader_0014,ETH-USD,SELL,2073.54,503,2026-01-01T04:13:03Z
order_00015185,batch_0005,trader_0022,ETH-USD,BUY,1857.51,231,2026-01-01T04:13:04Z
order_00015186,batch_0005,trader_0009,ETH-USD,BUY,2090.63,888,2026-01-01T04:13:05Z
order_00015187,batch_0005,trader_0014,ETH-USD,SELL,1832.12,837,2026-01-01T04:13:06Z
order_00015188,batch_0005,trader_0003,ETH-USD,SELL,2053.26,998,2026-01-01T04:13:07Z
order_00015189,batch_0005,trader_0003,ETH-USD,SELL,1868.68,402,2026-01-01T04:13:08Z
order_00015190,batch_0005,trader_0014,ETH-USD,BUY,1820.61,496,2026-01-01T04:13:09Z
order_00015191,batch_0005,trader_0023,ETH-USD,BUY,2012.52,707,2026-01-01T04:13:10Z
order_00015192,batch_0005,trader_0025,ETH-USD,BUY,1974.35,520,2026-01-01T04:13:11Z
order_00015193,batch_0005,trader_0012,ETH-USD,SELL,1976.68,220,2026-01-01T04:13:12Z
order_00015194,batch_0005,trader_0022,ETH-USD,SELL,1985.0,460,2026-01-01T04:13:13Z
order_00015195,batch_0005,trader_0003,ETH-USD,SELL,1849.19,475,2026-01-01T04:13:14Z
order_00015196,batch_0005,trader_0023,ETH-USD,SELL,2186.96,585,2026-01-01T04:13:15Z
order_00015197,batch_0005,trader_0016,ETH-USD,SELL,2115.09,620,2026-01-01T04:13:16Z
order_00015198,batch_0005,trader_0022,ETH-USD,BUY,1991.31,761,2026-01-01T04:13:17Z
order_00015199,batch_0005,trader_0001,ETH-USD,SELL,2054.77,502,2026-01-01T04:13:18Z
order_00015200,batch_0005,trader_0014,ETH-USD,BUY,1975.42,663,2026-01-01T04:13:19Z
order_00015201,batch_0005,trader_0011,ETH-USD,SELL,1910.66,755,2026-01-01T04:13:20Z
order_00015202,batch_0005,trader_0010,ETH-USD,BUY,2196.17,518,2026-01-01T04:13:21Z
order_00015203,batch_0005,trader_0001,ETH-USD,SELL,2079.76,1,2026-01-01T04:13:22Z
order_00015204,batch_0005,trader_0021,ETH-USD,BUY,1998.79,559,2026-01-01T04:13:23Z
order_00015205,batch_0005,trader_0010,ETH-USD,SELL,2195.04,431,2026-01-01T04:13:24Z
order_00015206,batch_0005,trader_0019,ETH-USD,BUY,1936.19,975,2026-01-01T04:13:25Z
order_00015207,batch_0005,trader_0025,ETH-USD,BUY,1835.07,612,2026-01-01T04:13:26Z
order_00015208,batch_0005,trader_0024,ETH-USD,SELL,2017.12,425,2026-01-01T04:13:27Z
order_00015209,batch_0005,trader_0017,ETH-USD,SELL,2040.42,312,2026-01-01T04:13:28Z
order_00015210,batch_0005,trader_0007,ETH-USD,BUY,2040.89,279,2026-01-01T04:13:29Z
order_00015211,batch_0005,trader_0019,ETH-USD,SELL,1883.81,8,2026-01-01T04:13:30Z
order_00015212,batch_0005,trader_0013,ETH-USD,BUY,2021.16,388,2026-01-01T04:13:31Z
order_00015213,batch_0005,trader_0007,ETH-USD,SELL,2059.27,27,2026-01-01T04:13:32Z
order_00015214,batch_0005,trader_0024,ETH-USD,BUY,2188.04,382,2026-01-01T04:13:33Z
order_00015215,batch_0005,trader_0010,ETH-USD,SELL,1947.22,545,2026-01-01T04:13:34Z
order_00015216,batch_0005,trader_0013,ETH-USD,BUY,2077.46,723,2026-01-01T04:13:35Z
order_00015217,batch_0005,trader_0005,ETH-USD,SELL,1801.7,220,2026-01-01T04:13:36Z
order_00015218,batch_0005,trader_0007,ETH-USD,BUY,1967.42,977,2026-01-01T04:13:37Z
order_00015219,batch_0005,trader_0005,ETH-USD,BUY,1844.65,518,2026-01-01T04:13:38Z
order_00015220,batch_0005,trader_0012,ETH-USD,BUY,2191.39,355,2026-01-01T04:13:39Z
order_00015221,batch_0005,trader_0014,ETH-USD,BUY,1855.25,78,2026-01-01T04:13:40Z
order_00015222,batch_0005,trader_0012,ETH-USD,BUY,1895.41,771,2026-01-01T04:13:41Z
order_00015223,batch_0005,trader_0011,ETH-USD,SELL,2028.8,4,2026-01-01T04:13:42Z
order_00015224,batch_0005,trader_0015,ETH-USD,BUY,2058.75,757,2026-01-01T04:13:43Z
order_00015225,batch_0005,trader_0005,ETH-USD,BUY,2108.04,294,2026-01-01T04:13:44Z
order_00015226,batch_0005,trader_0005,ETH-USD,SELL,1968.75,435,2026-01-01T04:13:45Z
order_00015227,batch_0005,trader_0014,ETH-USD,SELL,1996.52,260,2026-01-01T04:13:46Z
order_00015228,batch_0005,trader_0022,ETH-USD,BUY,1860.89,569,2026-01-01T04:13:47Z
order_00015229,batch_0005,trader_0003,ETH-USD,SELL,1992.51,61,2026-01-01T04:13:48Z
order_00015230,batch_0005,trader_0017,ETH-USD,BUY,1902.03,148,2026-01-01T04:13:49Z
order_00015231,batch_0005,trader_0025,ETH-USD,SELL,2011.27,734,2026-01-01T04:13:50Z
order_00015232,batch_0005,trader_0021,ETH-USD,BUY,2051.58,116,2026-01-01T04:13:51Z
order_00015233,batch_0005,trader_0013,ETH-USD,SELL,2041.2,613,2026-01-01T04:13:52Z
order_00015234,batch_0005,trader_0025,ETH-USD,SELL,1897.84,618,2026-01-01T04:13:53Z
order_00015235,batch_0005,trader_0020,ETH-USD,SELL,1889.54,656,2026-01-01T04:13:54Z
order_00015236,batch_0005,trader_0024,ETH-USD,SELL,2002.19,252,2026-01-01T04:13:55Z
order_00015237,batch_0005,trader_0018,ETH-USD,BUY,2127.57,457,2026-01-01T04:13:56Z
order_00015238,batch_0005,trader_0013,ETH-USD,SELL,2087.89,565,2026-01-01T04:13:57Z
order_00015239,batch_0005,trader_0012,ETH-USD,SELL,2011.73,810,2026-01-01T04:13:58Z
order_00015240,batch_0005,trader_0018,ETH-USD,SELL,1978.96,983,2026-01-01T04:13:59Z
order_00015241,batch_0005,trader_0004,ETH-USD,SELL,2186.71,445,2026-01-01T04:14:00Z
order_00015242,batch_0005,trader_0024,ETH-USD,SELL,1939.44,388,2026-01-01T04:14:01Z
order_00015243,batch_0005,trader_0021,ETH-USD,BUY,1814.86,341,2026-01-01T04:14:02Z
order_00015244,batch_0005,trader_0008,ETH-USD,SELL,2052.72,728,2026-01-01T04:14:03Z
order_00015245,batch_0005,trader_0024,ETH-USD,BUY,1996.2,999,2026-01-01T04:14:04Z
order_00015246,batch_0005,trader_0020,ETH-USD,SELL,1845.6,137,2026-01-01T04:14:05Z
order_00015247,batch_0005,trader_0009,ETH-USD,SELL,2176.8,386,2026-01-01T04:14:06Z
order_00015248,batch_0005,trader_0022,ETH-USD,SELL,1961.55,612,2026-01-01T04:14:07Z
order_00015249,batch_0005,trader_0006,ETH-USD,BUY,2171.67,214,2026-01-01T04:14:08Z
order_00015250,batch_0005,trader_0024,ETH-USD,SELL,2111.99,858,2026-01-01T04:14:09Z
order_00015251,batch_0005,trader_0005,ETH-USD,BUY,1957.84,555,2026-01-01T04:14:10Z
order_00015252,batch_0005,trader_0021,ETH-USD,SELL,1963.33,158,2026-01-01T04:14:11Z
order_00015253,batch_0005,trader_0002,ETH-USD,BUY,1835.27,548,2026-01-01T04:14:12Z
order_00015254,batch_0005,trader_0015,ETH-USD,BUY,1982.76,451,2026-01-01T04:14:13Z
order_00015255,batch_0005,trader_0015,ETH-USD,SELL,2141.35,552,2026-01-01T04:14:14Z
order_00015256,batch_0005,trader_0016,ETH-USD,SELL,2080.49,235,2026-01-01T04:14:15Z
order_00015257,batch_0005,trader_0002,ETH-USD,BUY,2193.32,70,2026-01-01T04:14:16Z
order_00015258,batch_0005,trader_0014,ETH-USD,BUY,1975.14,591,2026-01-01T04:14:17Z
order_00015259,batch_0005,trader_0019,ETH-USD,SELL,2029.66,807,2026-01-01T04:14:18Z
order_00015260,batch_0005,trader_0023,ETH-USD,BUY,1944.62,34,2026-01-01T04:14:19Z
order_00015261,batch_0005,trader_0006,ETH-USD,BUY,2067.45,44,2026-01-01T04:14:20Z
order_00015262,batch_0005,trader_0002,ETH-USD,SELL,1955.17,144,2026-01-01T04:14:21Z
order_00015263,batch_0005,trader_0018,ETH-USD,SELL,1860.57,248,2026-01-01T04:14:22Z
order_00015264,batch_0005,trader_0012,ETH-USD,SELL,1875.12,511,2026-01-01T04:14:23Z
order_00015265,batch_0005,trader_0020,ETH-USD,BUY,1909.5,550,2026-01-01T04:14:24Z
order_00015266,batch_0005,trader_0025,ETH-USD,BUY,2129.53,550,2026-01-01T04:14:25Z
order_00015267,batch_0005,trader_0010,ETH-USD,BUY,1856.49,217,2026-01-01T04:14:26Z
order_00015268,batch_0005,trader_0016,ETH-USD,BUY,2177.77,244,2026-01-01T04:14:27Z
order_00015269,batch_0005,trader_0007,ETH-USD,BUY,1961.18,479,2026-01-01T04:14:28Z
order_00015270,batch_0005,trader_0005,ETH-USD,SELL,1990.32,357,2026-01-01T04:14:29Z
order_00015271,batch_0005,trader_0011,ETH-USD,SELL,2079.85,677,2026-01-01T04:14:30Z
order_00015272,batch_0005,trader_0022,ETH-USD,BUY,1855.95,477,2026-01-01T04:14:31Z
order_00015273,batch_0005,trader_0021,ETH-USD,SELL,1890.65,864,2026-01-01T04:14:32Z
order_00015274,batch_0005,trader_0001,ETH-USD,SELL,2009.87,364,2026-01-01T04:14:33Z
order_00015275,batch_0005,trader_0017,ETH-USD,BUY,2124.72,637,2026-01-01T04:14:34Z
order_00015276,batch_0005,trader_0023,ETH-USD,BUY,2074.7,921,2026-01-01T04:14:35Z
order_00015277,batch_0005,trader_0009,ETH-USD,SELL,2078.91,803,2026-01-01T04:14:36Z
order_00015278,batch_0005,trader_0023,ETH-USD,SELL,2195.57,898,2026-01-01T04:14:37Z
order_00015279,batch_0005,trader_0009,ETH-USD,BUY,1825.92,335,2026-01-01T04:14:38Z
order_00015280,batch_0005,trader_0015,ETH-USD,SELL,2001.29,318,2026-01-01T04:14:39Z
order_00015281,batch_0005,trader_0016,ETH-USD,SELL,2088.33,354,2026-01-01T04:14:40Z
order_00015282,batch_0005,trader_0011,ETH-USD,BUY,2134.54,232,2026-01-01T04:14:41Z
order_00015283,batch_0005,trader_0020,ETH-USD,BUY,2136.35,391,2026-01-01T04:14:42Z
order_00015284,batch_0005,trader_0016,ETH-USD,SELL,2086.33,103,2026-01-01T04:14:43Z
order_00015285,batch_0005,trader_0021,ETH-USD,BUY,2029.55,941,2026-01-01T04:14:44Z
order_00015286,batch_0005,trader_0005,ETH-USD,BUY,1859.8,146,2026-01-01T04:14:45Z
order_00015287,batch_0005,trader_0013,ETH-USD,SELL,2148.1,315,2026-01-01T04:14:46Z
order_00015288,batch_0005,trader_0011,ETH-USD,SELL,2102.48,87,2026-01-01T04:14:47Z
order_00015289,batch_0005,trader_0001,ETH-USD,SELL,2179.92,243,2026-01-01T04:14:48Z
order_00015290,batch_0005,trader_0025,ETH-USD,BUY,1854.32,12,2026-01-01T04:14:49Z
order_00015291,batch_0005,trader_0016,ETH-USD,BUY,2142.43,62,2026-01-01T04:14:50Z
order_00015292,batch_0005,trader_0020,ETH-USD,SELL,2149.25,825,2026-01-01T04:14:51Z
order_00015293,batch_0005,trader_0023,ETH-USD,BUY,2077.15,915,2026-01-01T04:14:52Z
order_00015294,batch_0005,trader_0002,ETH-USD,SELL,2015.01,877,2026-01-01T04:14:53Z
order_00015295,batch_0005,trader_0008,ETH-USD,SELL,1900.86,111,2026-01-01T04:14:54Z
order_00015296,batch_0005,trader_0022,ETH-USD,SELL,2059.63,387,2026-01-01T04:14:55Z
order_00015297,batch_0005,trader_0003,ETH-USD,BUY,1973.94,953,2026-01-01T04:14:56Z
order_00015298,batch_0005,trader_0016,ETH-USD,BUY,2154.32,980,2026-01-01T04:14:57Z
order_00015299,batch_0005,trader_0013,ETH-USD,BUY,1821.87,7,2026-01-01T04:14:58Z
order_00015300,batch_0005,trader_0022,ETH-USD,SELL,2161.94,789,2026-01-01T04:14:59Z
order_00015301,batch_0005,trader_0012,ETH-USD,BUY,1946.38,357,2026-01-01T04:15:00Z
order_00015302,batch_0005,trader_0022,ETH-USD,SELL,2146.65,225,2026-01-01T04:15:01Z
order_00015303,batch_0005,trader_0009,ETH-USD,BUY,2146.65,148,2026-01-01T04:15:02Z
order_00015304,batch_0005,trader_0006,ETH-USD,BUY,1974.45,967,2026-01-01T04:15:03Z
order_00015305,batch_0005,trader_0024,ETH-USD,BUY,1838.37,131,2026-01-01T04:15:04Z
order_00015306,batch_0005,trader_0025,ETH-USD,SELL,1923.66,630,2026-01-01T04:15:05Z
order_00015307,batch_0005,trader_0019,ETH-USD,BUY,2120.68,637,2026-01-01T04:15:06Z
order_00015308,batch_0005,trader_0015,ETH-USD,SELL,1834.16,672,2026-01-01T04:15:07Z
order_00015309,batch_0005,trader_0002,ETH-USD,BUY,1879.63,615,2026-01-01T04:15:08Z
order_00015310,batch_0005,trader_0019,ETH-USD,BUY,1926.73,82,2026-01-01T04:15:09Z
order_00015311,batch_0005,trader_0001,ETH-USD,BUY,1816.64,935,2026-01-01T04:15:10Z
order_00015312,batch_0005,trader_0014,ETH-USD,BUY,2069.52,676,2026-01-01T04:15:11Z
order_00015313,batch_0005,trader_0014,ETH-USD,SELL,1826.07,726,2026-01-01T04:15:12Z
order_00015314,batch_0005,trader_0004,ETH-USD,SELL,1964.48,214,2026-01-01T04:15:13Z
order_00015315,batch_0005,trader_0017,ETH-USD,SELL,2123.13,66,2026-01-01T04:15:14Z
order_00015316,batch_0005,trader_0017,ETH-USD,SELL,1816.41,299,2026-01-01T04:15:15Z
order_00015317,batch_0005,trader_0007,ETH-USD,SELL,1981.35,66,2026-01-01T04:15:16Z
order_00015318,batch_0005,trader_0020,ETH-USD,SELL,1950.3,704,2026-01-01T04:15:17Z
order_00015319,batch_0005,trader_0009,ETH-USD,BUY,1858.11,544,2026-01-01T04:15:18Z
order_00015320,batch_0005,trader_0017,ETH-USD,BUY,1976.32,559,2026-01-01T04:15:19Z
order_00015321,batch_0005,trader_0019,ETH-USD,SELL,2032.16,776,2026-01-01T04:15:20Z
order_00015322,batch_0005,trader_0008,ETH-USD,BUY,2030.51,518,2026-01-01T04:15:21Z
order_00015323,batch_0005,trader_0010,ETH-USD,BUY,1874.84,658,2026-01-01T04:15:22Z
order_00015324,batch_0005,trader_0012,ETH-USD,BUY,1829.89,148,2026-01-01T04:15:23Z
order_00015325,batch_0005,trader_0018,ETH-USD,BUY,2145.75,393,2026-01-01T04:15:24Z
order_00015326,batch_0005,trader_0004,ETH-USD,SELL,1842.73,762,2026-01-01T04:15:25Z
order_00015327,batch_0005,trader_0023,ETH-USD,BUY,1821.35,419,2026-01-01T04:15:26Z
order_00015328,batch_0005,trader_0017,ETH-USD,SELL,2097.72,363,2026-01-01T04:15:27Z
order_00015329,batch_0005,trader_0018,ETH-USD,SELL,1905.38,334,2026-01-01T04:15:28Z
order_00015330,batch_0005,trader_0001,ETH-USD,BUY,1908.73,997,2026-01-01T04:15:29Z
order_00015331,batch_0005,trader_0014,ETH-USD,SELL,2017.45,248,2026-01-01T04:15:30Z
order_00015332,batch_0005,trader_0020,ETH-USD,BUY,1983.62,316,2026-01-01T04:15:31Z
order_00015333,batch_0005,trader_0002,ETH-USD,SELL,1999.83,927,2026-01-01T04:15:32Z
order_00015334,batch_0005,trader_0015,ETH-USD,SELL,1901.4,382,2026-01-01T04:15:33Z
order_00015335,batch_0005,trader_0013,ETH-USD,BUY,1814.77,484,2026-01-01T04:15:34Z
order_00015336,batch_0005,trader_0024,ETH-USD,BUY,1810.98,231,2026-01-01T04:15:35Z
order_00015337,batch_0005,trader_0001,ETH-USD,BUY,1957.0,381,2026-01-01T04:15:36Z
order_00015338,batch_0005,trader_0013,ETH-USD,SELL,1908.89,317,2026-01-01T04:15:37Z
order_00015339,batch_0005,trader_0004,ETH-USD,SELL,1804.21,370,2026-01-01T04:15:38Z
order_00015340,batch_0005,trader_0022,ETH-USD,BUY,2163.14,911,2026-01-01T04:15:39Z
order_00015341,batch_0005,trader_0002,ETH-USD,SELL,2166.79,227,2026-01-01T04:15:40Z
order_00015342,batch_0005,trader_0013,ETH-USD,BUY,1949.99,644,2026-01-01T04:15:41Z
order_00015343,batch_0005,trader_0012,ETH-USD,BUY,2138.58,57,2026-01-01T04:15:42Z
order_00015344,batch_0005,trader_0017,ETH-USD,BUY,2047.03,358,2026-01-01T04:15:43Z
order_00015345,batch_0005,trader_0015,ETH-USD,SELL,1949.04,660,2026-01-01T04:15:44Z
order_00015346,batch_0005,trader_0019,ETH-USD,BUY,2015.13,497,2026-01-01T04:15:45Z
order_00015347,batch_0005,trader_0023,ETH-USD,BUY,1990.52,824,2026-01-01T04:15:46Z
order_00015348,batch_0005,trader_0020,ETH-USD,SELL,1838.49,598,2026-01-01T04:15:47Z
order_00015349,batch_0005,trader_0005,ETH-USD,BUY,1890.3,273,2026-01-01T04:15:48Z
order_00015350,batch_0005,trader_0023,ETH-USD,SELL,2037.43,864,2026-01-01T04:15:49Z
order_00015351,batch_0005,trader_0023,ETH-USD,BUY,1860.96,891,2026-01-01T04:15:50Z
order_00015352,batch_0005,trader_0013,ETH-USD,SELL,2026.61,795,2026-01-01T04:15:51Z
order_00015353,batch_0005,trader_0001,ETH-USD,SELL,2037.0,19,2026-01-01T04:15:52Z
order_00015354,batch_0005,trader_0009,ETH-USD,BUY,2162.61,433,2026-01-01T04:15:53Z
order_00015355,batch_0005,trader_0010,ETH-USD,BUY,2105.69,932,2026-01-01T04:15:54Z
order_00015356,batch_0005,trader_0006,ETH-USD,BUY,2060.93,692,2026-01-01T04:15:55Z
order_00015357,batch_0005,trader_0019,ETH-USD,BUY,2125.36,77,2026-01-01T04:15:56Z
order_00015358,batch_0005,trader_0025,ETH-USD,BUY,2059.21,448,2026-01-01T04:15:57Z
order_00015359,batch_0005,trader_0007,ETH-USD,SELL,1993.98,241,2026-01-01T04:15:58Z
order_00015360,batch_0005,trader_0008,ETH-USD,SELL,2020.89,955,2026-01-01T04:15:59Z
order_00015361,batch_0005,trader_0020,ETH-USD,SELL,1899.73,808,2026-01-01T04:16:00Z
order_00015362,batch_0005,trader_0009,ETH-USD,SELL,1897.35,551,2026-01-01T04:16:01Z
order_00015363,batch_0005,trader_0018,ETH-USD,BUY,1899.96,167,2026-01-01T04:16:02Z
order_00015364,batch_0005,trader_0010,ETH-USD,SELL,1805.23,815,2026-01-01T04:16:03Z
order_00015365,batch_0005,trader_0006,ETH-USD,BUY,1878.43,820,2026-01-01T04:16:04Z
order_00015366,batch_0005,trader_0012,ETH-USD,SELL,2053.23,271,2026-01-01T04:16:05Z
order_00015367,batch_0005,trader_0018,ETH-USD,BUY,2185.76,414,2026-01-01T04:16:06Z
order_00015368,batch_0005,trader_0024,ETH-USD,BUY,2012.59,779,2026-01-01T04:16:07Z
order_00015369,batch_0005,trader_0002,ETH-USD,SELL,2168.07,342,2026-01-01T04:16:08Z
order_00015370,batch_0005,trader_0018,ETH-USD,BUY,1944.12,733,2026-01-01T04:16:09Z
order_00015371,batch_0005,trader_0023,ETH-USD,SELL,2168.3,359,2026-01-01T04:16:10Z
order_00015372,batch_0005,trader_0016,ETH-USD,SELL,1846.34,558,2026-01-01T04:16:11Z
order_00015373,batch_0005,trader_0003,ETH-USD,SELL,2157.0,886,2026-01-01T04:16:12Z
order_00015374,batch_0005,trader_0018,ETH-USD,SELL,1888.35,277,2026-01-01T04:16:13Z
order_00015375,batch_0005,trader_0011,ETH-USD,SELL,2121.9,765,2026-01-01T04:16:14Z
order_00015376,batch_0005,trader_0002,ETH-USD,BUY,2023.93,110,2026-01-01T04:16:15Z
order_00015377,batch_0005,trader_0023,ETH-USD,SELL,2048.4,465,2026-01-01T04:16:16Z
order_00015378,batch_0005,trader_0004,ETH-USD,SELL,2170.56,635,2026-01-01T04:16:17Z
order_00015379,batch_0005,trader_0017,ETH-USD,SELL,2012.2,902,2026-01-01T04:16:18Z
order_00015380,batch_0005,trader_0025,ETH-USD,SELL,1939.02,118,2026-01-01T04:16:19Z
order_00015381,batch_0005,trader_0010,ETH-USD,SELL,2136.02,806,2026-01-01T04:16:20Z
order_00015382,batch_0005,trader_0020,ETH-USD,BUY,1837.06,417,2026-01-01T04:16:21Z
order_00015383,batch_0005,trader_0015,ETH-USD,SELL,1901.01,350,2026-01-01T04:16:22Z
order_00015384,batch_0005,trader_0014,ETH-USD,BUY,2147.07,4,2026-01-01T04:16:23Z
order_00015385,batch_0005,trader_0013,ETH-USD,SELL,2137.37,425,2026-01-01T04:16:24Z
order_00015386,batch_0005,trader_0010,ETH-USD,BUY,2021.31,550,2026-01-01T04:16:25Z
order_00015387,batch_0005,trader_0008,ETH-USD,SELL,2066.82,322,2026-01-01T04:16:26Z
order_00015388,batch_0005,trader_0008,ETH-USD,SELL,2073.99,650,2026-01-01T04:16:27Z
order_00015389,batch_0005,trader_0014,ETH-USD,BUY,1998.51,822,2026-01-01T04:16:28Z
order_00015390,batch_0005,trader_0020,ETH-USD,BUY,2155.78,636,2026-01-01T04:16:29Z
order_00015391,batch_0005,trader_0009,ETH-USD,SELL,2065.08,173,2026-01-01T04:16:30Z
order_00015392,batch_0005,trader_0008,ETH-USD,BUY,2119.01,793,2026-01-01T04:16:31Z
order_00015393,batch_0005,trader_0014,ETH-USD,SELL,1840.91,575,2026-01-01T04:16:32Z
order_00015394,batch_0005,trader_0009,ETH-USD,BUY,1971.62,391,2026-01-01T04:16:33Z
order_00015395,batch_0005,trader_0004,ETH-USD,SELL,2045.56,318,2026-01-01T04:16:34Z
order_00015396,batch_0005,trader_0013,ETH-USD,SELL,1838.68,402,2026-01-01T04:16:35Z
order_00015397,batch_0005,trader_0013,ETH-USD,SELL,2006.69,562,2026-01-01T04:16:36Z
order_00015398,batch_0005,trader_0002,ETH-USD,BUY,2015.0,344,2026-01-01T04:16:37Z
order_00015399,batch_0005,trader_0003,ETH-USD,SELL,1882.65,770,2026-01-01T04:16:38Z
order_00015400,batch_0005,trader_0003,ETH-USD,SELL,2051.98,85,2026-01-01T04:16:39Z
order_00015401,batch_0005,trader_0004,ETH-USD,SELL,1938.2,202,2026-01-01T04:16:40Z
order_00015402,batch_0005,trader_0001,ETH-USD,SELL,1977.71,969,2026-01-01T04:16:41Z
order_00015403,batch_0005,trader_0007,ETH-USD,BUY,1915.81,519,2026-01-01T04:16:42Z
order_00015404,batch_0005,trader_0019,ETH-USD,BUY,2191.21,468,2026-01-01T04:16:43Z
order_00015405,batch_0005,trader_0006,ETH-USD,SELL,1868.32,457,2026-01-01T04:16:44Z
order_00015406,batch_0005,trader_0024,ETH-USD,BUY,2155.55,636,2026-01-01T04:16:45Z
order_00015407,batch_0005,trader_0020,ETH-USD,BUY,1952.11,782,2026-01-01T04:16:46Z
order_00015408,batch_0005,trader_0006,ETH-USD,SELL,1962.93,889,2026-01-01T04:16:47Z
order_00015409,batch_0005,trader_0011,ETH-USD,SELL,2008.9,355,2026-01-01T04:16:48Z
order_00015410,batch_0005,trader_0009,ETH-USD,SELL,2195.66,536,2026-01-01T04:16:49Z
order_00015411,batch_0005,trader_0023,ETH-USD,SELL,1886.19,124,2026-01-01T04:16:50Z
order_00015412,batch_0005,trader_0016,ETH-USD,SELL,2072.59,713,2026-01-01T04:16:51Z
order_00015413,batch_0005,trader_0015,ETH-USD,BUY,1978.97,541,2026-01-01T04:16:52Z
order_00015414,batch_0005,trader_0020,ETH-USD,BUY,1980.65,887,2026-01-01T04:16:53Z
order_00015415,batch_0005,trader_0004,ETH-USD,BUY,2051.38,589,2026-01-01T04:16:54Z
order_00015416,batch_0005,trader_0015,ETH-USD,SELL,1962.93,356,2026-01-01T04:16:55Z
order_00015417,batch_0005,trader_0002,ETH-USD,BUY,2124.0,586,2026-01-01T04:16:56Z
order_00015418,batch_0005,trader_0024,ETH-USD,BUY,2159.28,519,2026-01-01T04:16:57Z
order_00015419,batch_0005,trader_0003,ETH-USD,BUY,1931.52,153,2026-01-01T04:16:58Z
order_00015420,batch_0005,trader_0011,ETH-USD,SELL,1926.5,612,2026-01-01T04:16:59Z
order_00015421,batch_0005,trader_0022,ETH-USD,BUY,2159.16,600,2026-01-01T04:17:00Z
order_00015422,batch_0005,trader_0005,ETH-USD,BUY,1947.65,107,2026-01-01T04:17:01Z
order_00015423,batch_0005,trader_0018,ETH-USD,SELL,1894.76,443,2026-01-01T04:17:02Z
order_00015424,batch_0005,trader_0025,ETH-USD,BUY,2185.12,69,2026-01-01T04:17:03Z
order_00015425,batch_0005,trader_0021,ETH-USD,BUY,1819.18,463,2026-01-01T04:17:04Z
order_00015426,batch_0005,trader_0004,ETH-USD,SELL,2042.74,258,2026-01-01T04:17:05Z
order_00015427,batch_0005,trader_0008,ETH-USD,BUY,1884.94,334,2026-01-01T04:17:06Z
order_00015428,batch_0005,trader_0006,ETH-USD,BUY,1939.82,984,2026-01-01T04:17:07Z
order_00015429,batch_0005,trader_0020,ETH-USD,BUY,1943.77,839,2026-01-01T04:17:08Z
order_00015430,batch_0005,trader_0004,ETH-USD,BUY,2176.31,446,2026-01-01T04:17:09Z
order_00015431,batch_0005,trader_0003,ETH-USD,BUY,1919.52,968,2026-01-01T04:17:10Z
order_00015432,batch_0005,trader_0016,ETH-USD,BUY,1891.16,486,2026-01-01T04:17:11Z
order_00015433,batch_0005,trader_0001,ETH-USD,BUY,2007.08,996,2026-01-01T04:17:12Z
order_00015434,batch_0005,trader_0003,ETH-USD,SELL,1880.64,91,2026-01-01T04:17:13Z
order_00015435,batch_0005,trader_0020,ETH-USD,SELL,1827.52,519,2026-01-01T04:17:14Z
order_00015436,batch_0005,trader_0016,ETH-USD,BUY,2029.54,114,2026-01-01T04:17:15Z
order_00015437,batch_0005,trader_0012,ETH-USD,SELL,2182.82,673,2026-01-01T04:17:16Z
order_00015438,batch_0005,trader_0009,ETH-USD,BUY,1943.37,597,2026-01-01T04:17:17Z
order_00015439,batch_0005,trader_0011,ETH-USD,SELL,2060.6,708,2026-01-01T04:17:18Z
order_00015440,batch_0005,trader_0007,ETH-USD,SELL,2017.05,194,2026-01-01T04:17:19Z
order_00015441,batch_0005,trader_0015,ETH-USD,BUY,2182.28,38,2026-01-01T04:17:20Z
order_00015442,batch_0005,trader_0003,ETH-USD,BUY,1970.54,404,2026-01-01T04:17:21Z
order_00015443,batch_0005,trader_0009,ETH-USD,SELL,1819.85,530,2026-01-01T04:17:22Z
order_00015444,batch_0005,trader_0003,ETH-USD,BUY,2007.43,533,2026-01-01T04:17:23Z
order_00015445,batch_0005,trader_0005,ETH-USD,BUY,1924.37,554,2026-01-01T04:17:24Z
order_00015446,batch_0005,trader_0007,ETH-USD,SELL,1867.96,731,2026-01-01T04:17:25Z
order_00015447,batch_0005,trader_0020,ETH-USD,SELL,2129.27,24,2026-01-01T04:17:26Z
order_00015448,batch_0005,trader_0010,ETH-USD,BUY,1806.99,951,2026-01-01T04:17:27Z
order_00015449,batch_0005,trader_0011,ETH-USD,SELL,1910.19,395,2026-01-01T04:17:28Z
order_00015450,batch_0005,trader_0013,ETH-USD,BUY,2065.2,23,2026-01-01T04:17:29Z
order_00015451,batch_0005,trader_0024,ETH-USD,SELL,1943.05,268,2026-01-01T04:17:30Z
order_00015452,batch_0005,trader_0017,ETH-USD,BUY,2045.87,625,2026-01-01T04:17:31Z
order_00015453,batch_0005,trader_0007,ETH-USD,BUY,1991.76,526,2026-01-01T04:17:32Z
order_00015454,batch_0005,trader_0013,ETH-USD,BUY,1997.19,182,2026-01-01T04:17:33Z
order_00015455,batch_0005,trader_0015,ETH-USD,BUY,2123.11,143,2026-01-01T04:17:34Z
order_00015456,batch_0005,trader_0008,ETH-USD,BUY,2112.87,212,2026-01-01T04:17:35Z
order_00015457,batch_0005,trader_0002,ETH-USD,SELL,2142.84,628,2026-01-01T04:17:36Z
order_00015458,batch_0005,trader_0021,ETH-USD,BUY,1858.46,213,2026-01-01T04:17:37Z
order_00015459,batch_0005,trader_0002,ETH-USD,BUY,1932.78,46,2026-01-01T04:17:38Z
order_00015460,batch_0005,trader_0011,ETH-USD,BUY,1942.66,240,2026-01-01T04:17:39Z
order_00015461,batch_0005,trader_0022,ETH-USD,SELL,1967.33,169,2026-01-01T04:17:40Z
order_00015462,batch_0005,trader_0002,ETH-USD,SELL,2035.88,267,2026-01-01T04:17:41Z
order_00015463,batch_0005,trader_0007,ETH-USD,SELL,2104.58,836,2026-01-01T04:17:42Z
order_00015464,batch_0005,trader_0007,ETH-USD,SELL,1987.3,577,2026-01-01T04:17:43Z
order_00015465,batch_0005,trader_0007,ETH-USD,SELL,1947.66,864,2026-01-01T04:17:44Z
order_00015466,batch_0005,trader_0019,ETH-USD,SELL,2123.74,356,2026-01-01T04:17:45Z
order_00015467,batch_0005,trader_0021,ETH-USD,BUY,1968.32,149,2026-01-01T04:17:46Z
order_00015468,batch_0005,trader_0020,ETH-USD,BUY,2086.01,64,2026-01-01T04:17:47Z
order_00015469,batch_0005,trader_0015,ETH-USD,SELL,1983.36,724,2026-01-01T04:17:48Z
order_00015470,batch_0005,trader_0003,ETH-USD,BUY,2080.26,12,2026-01-01T04:17:49Z
order_00015471,batch_0005,trader_0013,ETH-USD,BUY,1896.94,716,2026-01-01T04:17:50Z
order_00015472,batch_0005,trader_0020,ETH-USD,BUY,1827.54,811,2026-01-01T04:17:51Z
order_00015473,batch_0005,trader_0012,ETH-USD,SELL,1880.05,719,2026-01-01T04:17:52Z
order_00015474,batch_0005,trader_0021,ETH-USD,BUY,1819.75,735,2026-01-01T04:17:53Z
order_00015475,batch_0005,trader_0010,ETH-USD,SELL,2079.25,161,2026-01-01T04:17:54Z
order_00015476,batch_0005,trader_0002,ETH-USD,SELL,1971.21,178,2026-01-01T04:17:55Z
order_00015477,batch_0005,trader_0019,ETH-USD,BUY,2100.99,553,2026-01-01T04:17:56Z
order_00015478,batch_0005,trader_0009,ETH-USD,SELL,1875.74,172,2026-01-01T04:17:57Z
order_00015479,batch_0005,trader_0020,ETH-USD,BUY,1985.0,872,2026-01-01T04:17:58Z
order_00015480,batch_0005,trader_0019,ETH-USD,BUY,2038.76,662,2026-01-01T04:17:59Z
order_00015481,batch_0005,trader_0019,ETH-USD,BUY,2161.88,898,2026-01-01T04:18:00Z
order_00015482,batch_0005,trader_0016,ETH-USD,BUY,1825.52,334,2026-01-01T04:18:01Z
order_00015483,batch_0005,trader_0020,ETH-USD,BUY,1928.83,498,2026-01-01T04:18:02Z
order_00015484,batch_0005,trader_0013,ETH-USD,BUY,1983.37,456,2026-01-01T04:18:03Z
order_00015485,batch_0005,trader_0025,ETH-USD,BUY,1864.96,105,2026-01-01T04:18:04Z
order_00015486,batch_0005,trader_0022,ETH-USD,SELL,2154.93,690,2026-01-01T04:18:05Z
order_00015487,batch_0005,trader_0007,ETH-USD,BUY,1880.74,447,2026-01-01T04:18:06Z
order_00015488,batch_0005,trader_0025,ETH-USD,BUY,1969.37,418,2026-01-01T04:18:07Z
order_00015489,batch_0005,trader_0001,ETH-USD,BUY,1832.11,216,2026-01-01T04:18:08Z
order_00015490,batch_0005,trader_0008,ETH-USD,BUY,2050.96,131,2026-01-01T04:18:09Z
order_00015491,batch_0005,trader_0017,ETH-USD,BUY,2173.12,779,2026-01-01T04:18:10Z
order_00015492,batch_0005,trader_0025,ETH-USD,BUY,1884.09,805,2026-01-01T04:18:11Z
order_00015493,batch_0005,trader_0010,ETH-USD,SELL,1871.42,269,2026-01-01T04:18:12Z
order_00015494,batch_0005,trader_0011,ETH-USD,BUY,1885.79,524,2026-01-01T04:18:13Z
order_00015495,batch_0005,trader_0025,ETH-USD,BUY,2103.14,795,2026-01-01T04:18:14Z
order_00015496,batch_0005,trader_0017,ETH-USD,SELL,2025.56,296,2026-01-01T04:18:15Z
order_00015497,batch_0005,trader_0017,ETH-USD,SELL,2047.37,237,2026-01-01T04:18:16Z
order_00015498,batch_0005,trader_0012,ETH-USD,SELL,2077.25,576,2026-01-01T04:18:17Z
order_00015499,batch_0005,trader_0002,ETH-USD,BUY,1914.54,889,2026-01-01T04:18:18Z
order_00015500,batch_0005,trader_0023,ETH-USD,SELL,2175.29,197,2026-01-01T04:18:19Z
order_00015501,batch_0005,trader_0003,ETH-USD,BUY,1935.85,774,2026-01-01T04:18:20Z
order_00015502,batch_0005,trader_0010,ETH-USD,BUY,1878.28,502,2026-01-01T04:18:21Z
order_00015503,batch_0005,trader_0001,ETH-USD,SELL,2178.22,431,2026-01-01T04:18:22Z
order_00015504,batch_0005,trader_0024,ETH-USD,SELL,2181.14,443,2026-01-01T04:18:23Z
order_00015505,batch_0005,trader_0024,ETH-USD,SELL,2123.68,579,2026-01-01T04:18:24Z
order_00015506,batch_0005,trader_0016,ETH-USD,SELL,2099.53,996,2026-01-01T04:18:25Z
order_00015507,batch_0005,trader_0011,ETH-USD,BUY,1990.33,367,2026-01-01T04:18:26Z
order_00015508,batch_0005,trader_0002,ETH-USD,BUY,1806.87,108,2026-01-01T04:18:27Z
order_00015509,batch_0005,trader_0007,ETH-USD,SELL,1815.56,79,2026-01-01T04:18:28Z
order_00015510,batch_0005,trader_0004,ETH-USD,SELL,1871.8,167,2026-01-01T04:18:29Z
order_00015511,batch_0005,trader_0012,ETH-USD,SELL,2032.85,215,2026-01-01T04:18:30Z
order_00015512,batch_0005,trader_0014,ETH-USD,BUY,2144.07,99,2026-01-01T04:18:31Z
order_00015513,batch_0005,trader_0005,ETH-USD,SELL,1854.56,230,2026-01-01T04:18:32Z
order_00015514,batch_0005,trader_0009,ETH-USD,SELL,1903.75,934,2026-01-01T04:18:33Z
order_00015515,batch_0005,trader_0008,ETH-USD,SELL,1865.71,958,2026-01-01T04:18:34Z
order_00015516,batch_0005,trader_0024,ETH-USD,SELL,2097.53,423,2026-01-01T04:18:35Z
order_00015517,batch_0005,trader_0007,ETH-USD,BUY,1905.63,303,2026-01-01T04:18:36Z
order_00015518,batch_0005,trader_0002,ETH-USD,SELL,1934.43,109,2026-01-01T04:18:37Z
order_00015519,batch_0005,trader_0013,ETH-USD,BUY,2133.9,128,2026-01-01T04:18:38Z
order_00015520,batch_0005,trader_0018,ETH-USD,BUY,1976.24,883,2026-01-01T04:18:39Z
order_00015521,batch_0005,trader_0003,ETH-USD,SELL,2106.31,34,2026-01-01T04:18:40Z
order_00015522,batch_0005,trader_0020,ETH-USD,SELL,1941.18,655,2026-01-01T04:18:41Z
order_00015523,batch_0005,trader_0010,ETH-USD,BUY,1969.09,183,2026-01-01T04:18:42Z
order_00015524,batch_0005,trader_0022,ETH-USD,BUY,1869.96,929,2026-01-01T04:18:43Z
order_00015525,batch_0005,trader_0009,ETH-USD,BUY,1942.13,346,2026-01-01T04:18:44Z
order_00015526,batch_0005,trader_0007,ETH-USD,BUY,1816.25,697,2026-01-01T04:18:45Z
order_00015527,batch_0005,trader_0023,ETH-USD,SELL,2094.44,843,2026-01-01T04:18:46Z
order_00015528,batch_0005,trader_0011,ETH-USD,BUY,2150.55,36,2026-01-01T04:18:47Z
order_00015529,batch_0005,trader_0006,ETH-USD,BUY,1982.0,582,2026-01-01T04:18:48Z
order_00015530,batch_0005,trader_0010,ETH-USD,BUY,1840.08,562,2026-01-01T04:18:49Z
order_00015531,batch_0005,trader_0018,ETH-USD,BUY,1981.63,141,2026-01-01T04:18:50Z
order_00015532,batch_0005,trader_0006,ETH-USD,SELL,2055.54,448,2026-01-01T04:18:51Z
order_00015533,batch_0005,trader_0007,ETH-USD,SELL,2151.79,7,2026-01-01T04:18:52Z
order_00015534,batch_0005,trader_0022,ETH-USD,BUY,1808.76,292,2026-01-01T04:18:53Z
order_00015535,batch_0005,trader_0025,ETH-USD,SELL,2049.01,15,2026-01-01T04:18:54Z
order_00015536,batch_0005,trader_0003,ETH-USD,SELL,2003.53,444,2026-01-01T04:18:55Z
order_00015537,batch_0005,trader_0023,ETH-USD,SELL,1804.98,383,2026-01-01T04:18:56Z
order_00015538,batch_0005,trader_0013,ETH-USD,SELL,2175.2,508,2026-01-01T04:18:57Z
order_00015539,batch_0005,trader_0022,ETH-USD,SELL,2026.48,622,2026-01-01T04:18:58Z
order_00015540,batch_0005,trader_0021,ETH-USD,SELL,2199.43,111,2026-01-01T04:18:59Z
order_00015541,batch_0005,trader_0010,ETH-USD,BUY,2051.07,917,2026-01-01T04:19:00Z
order_00015542,batch_0005,trader_0015,ETH-USD,SELL,2164.48,838,2026-01-01T04:19:01Z
order_00015543,batch_0005,trader_0022,ETH-USD,BUY,1869.33,121,2026-01-01T04:19:02Z
order_00015544,batch_0005,trader_0002,ETH-USD,BUY,2064.86,713,2026-01-01T04:19:03Z
order_00015545,batch_0005,trader_0004,ETH-USD,BUY,1944.91,94,2026-01-01T04:19:04Z
order_00015546,batch_0005,trader_0025,ETH-USD,BUY,1930.75,935,2026-01-01T04:19:05Z
order_00015547,batch_0005,trader_0015,ETH-USD,BUY,2159.46,223,2026-01-01T04:19:06Z
order_00015548,batch_0005,trader_0016,ETH-USD,BUY,1881.08,210,2026-01-01T04:19:07Z
order_00015549,batch_0005,trader_0019,ETH-USD,BUY,2110.07,517,2026-01-01T04:19:08Z
order_00015550,batch_0005,trader_0017,ETH-USD,SELL,2185.12,419,2026-01-01T04:19:09Z
order_00015551,batch_0005,trader_0012,ETH-USD,BUY,2174.09,909,2026-01-01T04:19:10Z
order_00015552,batch_0005,trader_0007,ETH-USD,SELL,2098.43,854,2026-01-01T04:19:11Z
order_00015553,batch_0005,trader_0003,ETH-USD,BUY,1864.63,395,2026-01-01T04:19:12Z
order_00015554,batch_0005,trader_0012,ETH-USD,BUY,2077.62,688,2026-01-01T04:19:13Z
order_00015555,batch_0005,trader_0023,ETH-USD,SELL,1833.69,773,2026-01-01T04:19:14Z
order_00015556,batch_0005,trader_0020,ETH-USD,SELL,1984.66,863,2026-01-01T04:19:15Z
order_00015557,batch_0005,trader_0010,ETH-USD,SELL,1945.46,752,2026-01-01T04:19:16Z
order_00015558,batch_0005,trader_0012,ETH-USD,SELL,1807.28,81,2026-01-01T04:19:17Z
order_00015559,batch_0005,trader_0007,ETH-USD,BUY,2065.21,68,2026-01-01T04:19:18Z
order_00015560,batch_0005,trader_0015,ETH-USD,SELL,2109.02,678,2026-01-01T04:19:19Z
order_00015561,batch_0005,trader_0021,ETH-USD,BUY,1816.6,425,2026-01-01T04:19:20Z
order_00015562,batch_0005,trader_0018,ETH-USD,SELL,2105.33,593,2026-01-01T04:19:21Z
order_00015563,batch_0005,trader_0011,ETH-USD,BUY,2043.16,463,2026-01-01T04:19:22Z
order_00015564,batch_0005,trader_0006,ETH-USD,SELL,1881.52,307,2026-01-01T04:19:23Z
order_00015565,batch_0005,trader_0025,ETH-USD,BUY,2026.95,269,2026-01-01T04:19:24Z
order_00015566,batch_0005,trader_0012,ETH-USD,BUY,1840.57,760,2026-01-01T04:19:25Z
order_00015567,batch_0005,trader_0014,ETH-USD,SELL,2173.25,989,2026-01-01T04:19:26Z
order_00015568,batch_0005,trader_0025,ETH-USD,BUY,2057.08,143,2026-01-01T04:19:27Z
order_00015569,batch_0005,trader_0004,ETH-USD,BUY,2158.15,640,2026-01-01T04:19:28Z
order_00015570,batch_0005,trader_0021,ETH-USD,SELL,1909.01,699,2026-01-01T04:19:29Z
order_00015571,batch_0005,trader_0024,ETH-USD,SELL,2088.22,890,2026-01-01T04:19:30Z
order_00015572,batch_0005,trader_0004,ETH-USD,SELL,1846.17,599,2026-01-01T04:19:31Z
order_00015573,batch_0005,trader_0010,ETH-USD,SELL,2098.06,310,2026-01-01T04:19:32Z
order_00015574,batch_0005,trader_0012,ETH-USD,BUY,1823.83,807,2026-01-01T04:19:33Z
order_00015575,batch_0005,trader_0022,ETH-USD,BUY,2081.61,82,2026-01-01T04:19:34Z
order_00015576,batch_0005,trader_0006,ETH-USD,BUY,1909.1,645,2026-01-01T04:19:35Z
order_00015577,batch_0005,trader_0008,ETH-USD,SELL,1960.62,705,2026-01-01T04:19:36Z
order_00015578,batch_0005,trader_0006,ETH-USD,SELL,1828.87,261,2026-01-01T04:19:37Z
order_00015579,batch_0005,trader_0005,ETH-USD,BUY,1921.28,422,2026-01-01T04:19:38Z
order_00015580,batch_0005,trader_0023,ETH-USD,BUY,2075.73,274,2026-01-01T04:19:39Z
order_00015581,batch_0005,trader_0011,ETH-USD,SELL,1871.32,884,2026-01-01T04:19:40Z
order_00015582,batch_0005,trader_0001,ETH-USD,BUY,2089.56,951,2026-01-01T04:19:41Z
order_00015583,batch_0005,trader_0018,ETH-USD,SELL,1901.4,130,2026-01-01T04:19:42Z
order_00015584,batch_0005,trader_0021,ETH-USD,SELL,1913.27,465,2026-01-01T04:19:43Z
order_00015585,batch_0005,trader_0019,ETH-USD,BUY,2069.08,377,2026-01-01T04:19:44Z
order_00015586,batch_0005,trader_0013,ETH-USD,SELL,2092.9,843,2026-01-01T04:19:45Z
order_00015587,batch_0005,trader_0006,ETH-USD,SELL,2100.59,346,2026-01-01T04:19:46Z
order_00015588,batch_0005,trader_0014,ETH-USD,BUY,2178.83,833,2026-01-01T04:19:47Z
order_00015589,batch_0005,trader_0004,ETH-USD,SELL,1807.66,182,2026-01-01T04:19:48Z
order_00015590,batch_0005,trader_0005,ETH-USD,SELL,1840.84,563,2026-01-01T04:19:49Z
order_00015591,batch_0005,trader_0004,ETH-USD,BUY,1953.67,788,2026-01-01T04:19:50Z
order_00015592,batch_0005,trader_0025,ETH-USD,SELL,1863.83,905,2026-01-01T04:19:51Z
order_00015593,batch_0005,trader_0001,ETH-USD,SELL,2121.68,620,2026-01-01T04:19:52Z
order_00015594,batch_0005,trader_0015,ETH-USD,BUY,2104.74,623,2026-01-01T04:19:53Z
order_00015595,batch_0005,trader_0022,ETH-USD,SELL,2042.96,16,2026-01-01T04:19:54Z
order_00015596,batch_0005,trader_0022,ETH-USD,BUY,2165.53,888,2026-01-01T04:19:55Z
order_00015597,batch_0005,trader_0011,ETH-USD,BUY,1829.92,80,2026-01-01T04:19:56Z
order_00015598,batch_0005,trader_0002,ETH-USD,SELL,1846.92,242,2026-01-01T04:19:57Z
order_00015599,batch_0005,trader_0007,ETH-USD,BUY,1940.11,866,2026-01-01T04:19:58Z
order_00015600,batch_0005,trader_0018,ETH-USD,BUY,1989.58,613,2026-01-01T04:19:59Z
order_00015601,batch_0005,trader_0008,ETH-USD,BUY,2159.25,316,2026-01-01T04:20:00Z
order_00015602,batch_0005,trader_0018,ETH-USD,BUY,2168.41,491,2026-01-01T04:20:01Z
order_00015603,batch_0005,trader_0015,ETH-USD,BUY,1947.12,788,2026-01-01T04:20:02Z
order_00015604,batch_0005,trader_0004,ETH-USD,BUY,1814.19,142,2026-01-01T04:20:03Z
order_00015605,batch_0005,trader_0001,ETH-USD,BUY,1890.87,246,2026-01-01T04:20:04Z
order_00015606,batch_0005,trader_0013,ETH-USD,BUY,1874.54,890,2026-01-01T04:20:05Z
order_00015607,batch_0005,trader_0015,ETH-USD,SELL,1966.29,828,2026-01-01T04:20:06Z
order_00015608,batch_0005,trader_0007,ETH-USD,SELL,2160.46,939,2026-01-01T04:20:07Z
order_00015609,batch_0005,trader_0004,ETH-USD,SELL,1827.98,242,2026-01-01T04:20:08Z
order_00015610,batch_0005,trader_0008,ETH-USD,BUY,1965.83,610,2026-01-01T04:20:09Z
order_00015611,batch_0005,trader_0023,ETH-USD,SELL,2100.22,553,2026-01-01T04:20:10Z
order_00015612,batch_0005,trader_0014,ETH-USD,BUY,1964.9,145,2026-01-01T04:20:11Z
order_00015613,batch_0005,trader_0007,ETH-USD,BUY,1921.05,377,2026-01-01T04:20:12Z
order_00015614,batch_0005,trader_0001,ETH-USD,BUY,2133.48,902,2026-01-01T04:20:13Z
order_00015615,batch_0005,trader_0010,ETH-USD,SELL,2185.27,658,2026-01-01T04:20:14Z
order_00015616,batch_0005,trader_0012,ETH-USD,SELL,1898.71,121,2026-01-01T04:20:15Z
order_00015617,batch_0005,trader_0023,ETH-USD,SELL,1937.05,656,2026-01-01T04:20:16Z
order_00015618,batch_0005,trader_0013,ETH-USD,BUY,1835.18,509,2026-01-01T04:20:17Z
order_00015619,batch_0005,trader_0007,ETH-USD,BUY,2162.78,903,2026-01-01T04:20:18Z
order_00015620,batch_0005,trader_0011,ETH-USD,BUY,2171.11,765,2026-01-01T04:20:19Z
order_00015621,batch_0005,trader_0005,ETH-USD,BUY,2101.95,528,2026-01-01T04:20:20Z
order_00015622,batch_0005,trader_0007,ETH-USD,BUY,1930.05,903,2026-01-01T04:20:21Z
order_00015623,batch_0005,trader_0024,ETH-USD,SELL,2063.98,524,2026-01-01T04:20:22Z
order_00015624,batch_0005,trader_0025,ETH-USD,BUY,2038.23,734,2026-01-01T04:20:23Z
order_00015625,batch_0005,trader_0020,ETH-USD,SELL,2084.81,217,2026-01-01T04:20:24Z
order_00015626,batch_0005,trader_0015,ETH-USD,SELL,2189.41,364,2026-01-01T04:20:25Z
order_00015627,batch_0005,trader_0008,ETH-USD,BUY,2199.41,246,2026-01-01T04:20:26Z
order_00015628,batch_0005,trader_0016,ETH-USD,BUY,2067.61,123,2026-01-01T04:20:27Z
order_00015629,batch_0005,trader_0001,ETH-USD,BUY,1955.02,700,2026-01-01T04:20:28Z
order_00015630,batch_0005,trader_0007,ETH-USD,SELL,1835.33,296,2026-01-01T04:20:29Z
order_00015631,batch_0005,trader_0021,ETH-USD,SELL,2114.65,968,2026-01-01T04:20:30Z
order_00015632,batch_0005,trader_0010,ETH-USD,BUY,1816.36,288,2026-01-01T04:20:31Z
order_00015633,batch_0005,trader_0001,ETH-USD,BUY,2001.21,472,2026-01-01T04:20:32Z
order_00015634,batch_0005,trader_0001,ETH-USD,SELL,2155.99,464,2026-01-01T04:20:33Z
order_00015635,batch_0005,trader_0021,ETH-USD,BUY,1856.7,202,2026-01-01T04:20:34Z
order_00015636,batch_0005,trader_0019,ETH-USD,BUY,2060.3,195,2026-01-01T04:20:35Z
order_00015637,batch_0005,trader_0022,ETH-USD,BUY,2146.26,105,2026-01-01T04:20:36Z
order_00015638,batch_0005,trader_0021,ETH-USD,BUY,2179.42,390,2026-01-01T04:20:37Z
order_00015639,batch_0005,trader_0010,ETH-USD,BUY,2171.43,841,2026-01-01T04:20:38Z
order_00015640,batch_0005,trader_0003,ETH-USD,BUY,1861.11,955,2026-01-01T04:20:39Z
order_00015641,batch_0005,trader_0009,ETH-USD,BUY,1962.49,895,2026-01-01T04:20:40Z
order_00015642,batch_0005,trader_0013,ETH-USD,SELL,1913.96,964,2026-01-01T04:20:41Z
order_00015643,batch_0005,trader_0025,ETH-USD,BUY,2059.15,522,2026-01-01T04:20:42Z
order_00015644,batch_0005,trader_0022,ETH-USD,BUY,1973.4,980,2026-01-01T04:20:43Z
order_00015645,batch_0005,trader_0006,ETH-USD,BUY,2051.83,491,2026-01-01T04:20:44Z
order_00015646,batch_0005,trader_0007,ETH-USD,BUY,1963.34,527,2026-01-01T04:20:45Z
order_00015647,batch_0005,trader_0008,ETH-USD,BUY,1835.6,807,2026-01-01T04:20:46Z
order_00015648,batch_0005,trader_0025,ETH-USD,BUY,1995.27,136,2026-01-01T04:20:47Z
order_00015649,batch_0005,trader_0018,ETH-USD,SELL,2177.6,822,2026-01-01T04:20:48Z
order_00015650,batch_0005,trader_0015,ETH-USD,SELL,1837.85,832,2026-01-01T04:20:49Z
order_00015651,batch_0005,trader_0022,ETH-USD,BUY,2180.0,657,2026-01-01T04:20:50Z
order_00015652,batch_0005,trader_0013,ETH-USD,SELL,2041.21,124,2026-01-01T04:20:51Z
order_00015653,batch_0005,trader_0020,ETH-USD,BUY,2041.17,878,2026-01-01T04:20:52Z
order_00015654,batch_0005,trader_0010,ETH-USD,BUY,1940.73,554,2026-01-01T04:20:53Z
order_00015655,batch_0005,trader_0004,ETH-USD,SELL,1968.99,364,2026-01-01T04:20:54Z
order_00015656,batch_0005,trader_0007,ETH-USD,SELL,1816.65,757,2026-01-01T04:20:55Z
order_00015657,batch_0005,trader_0023,ETH-USD,SELL,2179.42,598,2026-01-01T04:20:56Z
order_00015658,batch_0005,trader_0017,ETH-USD,BUY,2127.65,30,2026-01-01T04:20:57Z
order_00015659,batch_0005,trader_0017,ETH-USD,SELL,1863.08,861,2026-01-01T04:20:58Z
order_00015660,batch_0005,trader_0003,ETH-USD,BUY,2084.28,321,2026-01-01T04:20:59Z
order_00015661,batch_0005,trader_0019,ETH-USD,BUY,2101.33,87,2026-01-01T04:21:00Z
order_00015662,batch_0005,trader_0012,ETH-USD,SELL,1827.97,392,2026-01-01T04:21:01Z
order_00015663,batch_0005,trader_0006,ETH-USD,SELL,2152.13,636,2026-01-01T04:21:02Z
order_00015664,batch_0005,trader_0017,ETH-USD,SELL,2179.72,977,2026-01-01T04:21:03Z
order_00015665,batch_0005,trader_0011,ETH-USD,SELL,2018.86,933,2026-01-01T04:21:04Z
order_00015666,batch_0005,trader_0001,ETH-USD,SELL,1969.42,45,2026-01-01T04:21:05Z
order_00015667,batch_0005,trader_0025,ETH-USD,BUY,2081.38,834,2026-01-01T04:21:06Z
order_00015668,batch_0005,trader_0016,ETH-USD,BUY,2099.38,754,2026-01-01T04:21:07Z
order_00015669,batch_0005,trader_0025,ETH-USD,SELL,2091.66,838,2026-01-01T04:21:08Z
order_00015670,batch_0005,trader_0005,ETH-USD,SELL,1873.6,81,2026-01-01T04:21:09Z
order_00015671,batch_0005,trader_0021,ETH-USD,BUY,2132.57,26,2026-01-01T04:21:10Z
order_00015672,batch_0005,trader_0021,ETH-USD,BUY,2149.31,240,2026-01-01T04:21:11Z
order_00015673,batch_0005,trader_0011,ETH-USD,SELL,2055.37,372,2026-01-01T04:21:12Z
order_00015674,batch_0005,trader_0022,ETH-USD,SELL,1838.95,841,2026-01-01T04:21:13Z
order_00015675,batch_0005,trader_0002,ETH-USD,BUY,1861.62,642,2026-01-01T04:21:14Z
order_00015676,batch_0005,trader_0007,ETH-USD,BUY,1878.8,151,2026-01-01T04:21:15Z
order_00015677,batch_0005,trader_0008,ETH-USD,BUY,2021.38,754,2026-01-01T04:21:16Z
order_00015678,batch_0005,trader_0012,ETH-USD,BUY,2046.91,554,2026-01-01T04:21:17Z
order_00015679,batch_0005,trader_0008,ETH-USD,BUY,1847.99,716,2026-01-01T04:21:18Z
order_00015680,batch_0005,trader_0025,ETH-USD,SELL,2033.03,635,2026-01-01T04:21:19Z
order_00015681,batch_0005,trader_0018,ETH-USD,SELL,2118.13,942,2026-01-01T04:21:20Z
order_00015682,batch_0005,trader_0015,ETH-USD,SELL,2040.65,469,2026-01-01T04:21:21Z
order_00015683,batch_0005,trader_0015,ETH-USD,SELL,1956.01,480,2026-01-01T04:21:22Z
order_00015684,batch_0005,trader_0013,ETH-USD,SELL,1862.55,842,2026-01-01T04:21:23Z
order_00015685,batch_0005,trader_0006,ETH-USD,BUY,2085.71,565,2026-01-01T04:21:24Z
order_00015686,batch_0005,trader_0025,ETH-USD,BUY,1953.28,789,2026-01-01T04:21:25Z
order_00015687,batch_0005,trader_0010,ETH-USD,SELL,1931.61,418,2026-01-01T04:21:26Z
order_00015688,batch_0005,trader_0013,ETH-USD,BUY,2118.5,267,2026-01-01T04:21:27Z
order_00015689,batch_0005,trader_0013,ETH-USD,BUY,1879.18,278,2026-01-01T04:21:28Z
order_00015690,batch_0005,trader_0003,ETH-USD,BUY,1952.85,24,2026-01-01T04:21:29Z
order_00015691,batch_0005,trader_0018,ETH-USD,BUY,2189.44,693,2026-01-01T04:21:30Z
order_00015692,batch_0005,trader_0021,ETH-USD,SELL,2026.41,829,2026-01-01T04:21:31Z
order_00015693,batch_0005,trader_0005,ETH-USD,BUY,2081.21,518,2026-01-01T04:21:32Z
order_00015694,batch_0005,trader_0003,ETH-USD,BUY,2036.07,864,2026-01-01T04:21:33Z
order_00015695,batch_0005,trader_0017,ETH-USD,BUY,2103.68,11,2026-01-01T04:21:34Z
order_00015696,batch_0005,trader_0019,ETH-USD,BUY,2058.75,945,2026-01-01T04:21:35Z
order_00015697,batch_0005,trader_0019,ETH-USD,BUY,2159.37,297,2026-01-01T04:21:36Z
order_00015698,batch_0005,trader_0003,ETH-USD,SELL,2101.92,119,2026-01-01T04:21:37Z
order_00015699,batch_0005,trader_0014,ETH-USD,SELL,1975.21,649,2026-01-01T04:21:38Z
order_00015700,batch_0005,trader_0011,ETH-USD,BUY,1808.46,200,2026-01-01T04:21:39Z
order_00015701,batch_0005,trader_0009,ETH-USD,SELL,2101.22,466,2026-01-01T04:21:40Z
order_00015702,batch_0005,trader_0010,ETH-USD,SELL,1821.12,348,2026-01-01T04:21:41Z
order_00015703,batch_0005,trader_0015,ETH-USD,BUY,2149.33,868,2026-01-01T04:21:42Z
order_00015704,batch_0005,trader_0019,ETH-USD,BUY,2036.24,861,2026-01-01T04:21:43Z
order_00015705,batch_0005,trader_0005,ETH-USD,SELL,2185.9,666,2026-01-01T04:21:44Z
order_00015706,batch_0005,trader_0021,ETH-USD,SELL,2190.59,288,2026-01-01T04:21:45Z
order_00015707,batch_0005,trader_0014,ETH-USD,BUY,1844.59,949,2026-01-01T04:21:46Z
order_00015708,batch_0005,trader_0022,ETH-USD,BUY,2036.76,387,2026-01-01T04:21:47Z
order_00015709,batch_0005,trader_0002,ETH-USD,SELL,1871.55,829,2026-01-01T04:21:48Z
order_00015710,batch_0005,trader_0004,ETH-USD,SELL,2106.68,539,2026-01-01T04:21:49Z
order_00015711,batch_0005,trader_0008,ETH-USD,SELL,2060.68,671,2026-01-01T04:21:50Z
order_00015712,batch_0005,trader_0016,ETH-USD,BUY,1841.51,519,2026-01-01T04:21:51Z
order_00015713,batch_0005,trader_0016,ETH-USD,BUY,2094.46,922,2026-01-01T04:21:52Z
order_00015714,batch_0005,trader_0008,ETH-USD,SELL,1830.58,302,2026-01-01T04:21:53Z
order_00015715,batch_0005,trader_0014,ETH-USD,BUY,1863.49,950,2026-01-01T04:21:54Z
order_00015716,batch_0005,trader_0004,ETH-USD,SELL,2040.39,343,2026-01-01T04:21:55Z
order_00015717,batch_0005,trader_0018,ETH-USD,SELL,1944.05,132,2026-01-01T04:21:56Z
order_00015718,batch_0005,trader_0014,ETH-USD,BUY,1833.47,359,2026-01-01T04:21:57Z
order_00015719,batch_0005,trader_0004,ETH-USD,BUY,2006.81,505,2026-01-01T04:21:58Z
order_00015720,batch_0005,trader_0023,ETH-USD,BUY,2110.54,807,2026-01-01T04:21:59Z
order_00015721,batch_0005,trader_0016,ETH-USD,BUY,2000.17,843,2026-01-01T04:22:00Z
order_00015722,batch_0005,trader_0020,ETH-USD,BUY,1868.24,195,2026-01-01T04:22:01Z
order_00015723,batch_0005,trader_0002,ETH-USD,BUY,1840.19,924,2026-01-01T04:22:02Z
order_00015724,batch_0005,trader_0004,ETH-USD,SELL,2041.58,853,2026-01-01T04:22:03Z
order_00015725,batch_0005,trader_0022,ETH-USD,SELL,2108.95,534,2026-01-01T04:22:04Z
order_00015726,batch_0005,trader_0004,ETH-USD,SELL,1848.31,702,2026-01-01T04:22:05Z
order_00015727,batch_0005,trader_0004,ETH-USD,SELL,1832.49,539,2026-01-01T04:22:06Z
order_00015728,batch_0005,trader_0013,ETH-USD,SELL,1837.5,55,2026-01-01T04:22:07Z
order_00015729,batch_0005,trader_0012,ETH-USD,BUY,2106.36,196,2026-01-01T04:22:08Z
order_00015730,batch_0005,trader_0019,ETH-USD,BUY,2053.54,346,2026-01-01T04:22:09Z
order_00015731,batch_0005,trader_0019,ETH-USD,SELL,1865.2,522,2026-01-01T04:22:10Z
order_00015732,batch_0005,trader_0002,ETH-USD,BUY,1908.27,804,2026-01-01T04:22:11Z
order_00015733,batch_0005,trader_0008,ETH-USD,SELL,1856.23,870,2026-01-01T04:22:12Z
order_00015734,batch_0005,trader_0013,ETH-USD,BUY,2124.85,234,2026-01-01T04:22:13Z
order_00015735,batch_0005,trader_0005,ETH-USD,BUY,1958.08,392,2026-01-01T04:22:14Z
order_00015736,batch_0005,trader_0006,ETH-USD,BUY,2024.39,407,2026-01-01T04:22:15Z
order_00015737,batch_0005,trader_0018,ETH-USD,BUY,2053.16,918,2026-01-01T04:22:16Z
order_00015738,batch_0005,trader_0022,ETH-USD,BUY,2005.03,480,2026-01-01T04:22:17Z
order_00015739,batch_0005,trader_0003,ETH-USD,SELL,1835.85,982,2026-01-01T04:22:18Z
order_00015740,batch_0005,trader_0018,ETH-USD,SELL,2137.5,204,2026-01-01T04:22:19Z
order_00015741,batch_0005,trader_0015,ETH-USD,BUY,2067.8,511,2026-01-01T04:22:20Z
order_00015742,batch_0005,trader_0001,ETH-USD,SELL,2189.94,357,2026-01-01T04:22:21Z
order_00015743,batch_0005,trader_0009,ETH-USD,SELL,2096.82,782,2026-01-01T04:22:22Z
order_00015744,batch_0005,trader_0018,ETH-USD,BUY,2195.94,2,2026-01-01T04:22:23Z
order_00015745,batch_0005,trader_0004,ETH-USD,BUY,1865.84,530,2026-01-01T04:22:24Z
order_00015746,batch_0005,trader_0010,ETH-USD,BUY,1831.45,722,2026-01-01T04:22:25Z
order_00015747,batch_0005,trader_0003,ETH-USD,SELL,1924.42,177,2026-01-01T04:22:26Z
order_00015748,batch_0005,trader_0001,ETH-USD,SELL,2095.19,309,2026-01-01T04:22:27Z
order_00015749,batch_0005,trader_0019,ETH-USD,BUY,1923.65,303,2026-01-01T04:22:28Z
order_00015750,batch_0005,trader_0005,ETH-USD,BUY,2035.48,642,2026-01-01T04:22:29Z
order_00015751,batch_0005,trader_0010,ETH-USD,SELL,1965.08,577,2026-01-01T04:22:30Z
order_00015752,batch_0005,trader_0025,ETH-USD,SELL,2100.26,857,2026-01-01T04:22:31Z
order_00015753,batch_0005,trader_0014,ETH-USD,BUY,2036.3,94,2026-01-01T04:22:32Z
order_00015754,batch_0005,trader_0008,ETH-USD,SELL,2043.62,748,2026-01-01T04:22:33Z
order_00015755,batch_0005,trader_0004,ETH-USD,BUY,1824.47,8,2026-01-01T04:22:34Z
order_00015756,batch_0005,trader_0007,ETH-USD,SELL,2066.65,92,2026-01-01T04:22:35Z
order_00015757,batch_0005,trader_0025,ETH-USD,SELL,1810.53,220,2026-01-01T04:22:36Z
order_00015758,batch_0005,trader_0001,ETH-USD,BUY,1828.21,400,2026-01-01T04:22:37Z
order_00015759,batch_0005,trader_0022,ETH-USD,BUY,1842.51,953,2026-01-01T04:22:38Z
order_00015760,batch_0005,trader_0014,ETH-USD,SELL,2093.49,570,2026-01-01T04:22:39Z
order_00015761,batch_0005,trader_0005,ETH-USD,BUY,2015.39,707,2026-01-01T04:22:40Z
order_00015762,batch_0005,trader_0020,ETH-USD,SELL,1812.38,998,2026-01-01T04:22:41Z
order_00015763,batch_0005,trader_0025,ETH-USD,SELL,2012.37,130,2026-01-01T04:22:42Z
order_00015764,batch_0005,trader_0017,ETH-USD,SELL,2154.14,854,2026-01-01T04:22:43Z
order_00015765,batch_0005,trader_0020,ETH-USD,BUY,2029.64,399,2026-01-01T04:22:44Z
order_00015766,batch_0005,trader_0009,ETH-USD,BUY,1912.31,800,2026-01-01T04:22:45Z
order_00015767,batch_0005,trader_0010,ETH-USD,BUY,1975.97,379,2026-01-01T04:22:46Z
order_00015768,batch_0005,trader_0008,ETH-USD,BUY,1868.45,473,2026-01-01T04:22:47Z
order_00015769,batch_0005,trader_0021,ETH-USD,SELL,2141.38,420,2026-01-01T04:22:48Z
order_00015770,batch_0005,trader_0019,ETH-USD,SELL,1810.24,157,2026-01-01T04:22:49Z
order_00015771,batch_0005,trader_0009,ETH-USD,BUY,2180.13,8,2026-01-01T04:22:50Z
order_00015772,batch_0005,trader_0004,ETH-USD,SELL,1917.82,944,2026-01-01T04:22:51Z
order_00015773,batch_0005,trader_0007,ETH-USD,BUY,1863.03,718,2026-01-01T04:22:52Z
order_00015774,batch_0005,trader_0015,ETH-USD,BUY,1811.43,640,2026-01-01T04:22:53Z
order_00015775,batch_0005,trader_0017,ETH-USD,BUY,1956.15,822,2026-01-01T04:22:54Z
order_00015776,batch_0005,trader_0005,ETH-USD,SELL,2127.1,249,2026-01-01T04:22:55Z
order_00015777,batch_0005,trader_0018,ETH-USD,BUY,2117.51,559,2026-01-01T04:22:56Z
order_00015778,batch_0005,trader_0009,ETH-USD,SELL,1938.33,863,2026-01-01T04:22:57Z
order_00015779,batch_0005,trader_0002,ETH-USD,SELL,2100.27,945,2026-01-01T04:22:58Z
order_00015780,batch_0005,trader_0025,ETH-USD,SELL,1992.57,313,2026-01-01T04:22:59Z
order_00015781,batch_0005,trader_0003,ETH-USD,SELL,2077.53,375,2026-01-01T04:23:00Z
order_00015782,batch_0005,trader_0014,ETH-USD,SELL,1863.57,824,2026-01-01T04:23:01Z
order_00015783,batch_0005,trader_0023,ETH-USD,BUY,1938.58,985,2026-01-01T04:23:02Z
order_00015784,batch_0005,trader_0013,ETH-USD,BUY,1971.35,697,2026-01-01T04:23:03Z
order_00015785,batch_0005,trader_0015,ETH-USD,BUY,1838.05,469,2026-01-01T04:23:04Z
order_00015786,batch_0005,trader_0003,ETH-USD,SELL,1844.85,968,2026-01-01T04:23:05Z
order_00015787,batch_0005,trader_0016,ETH-USD,SELL,1815.59,144,2026-01-01T04:23:06Z
order_00015788,batch_0005,trader_0001,ETH-USD,BUY,2075.51,535,2026-01-01T04:23:07Z
order_00015789,batch_0005,trader_0019,ETH-USD,SELL,2010.59,642,2026-01-01T04:23:08Z
order_00015790,batch_0005,trader_0016,ETH-USD,BUY,2027.87,377,2026-01-01T04:23:09Z
order_00015791,batch_0005,trader_0014,ETH-USD,SELL,1874.31,828,2026-01-01T04:23:10Z
order_00015792,batch_0005,trader_0005,ETH-USD,BUY,2148.56,739,2026-01-01T04:23:11Z
order_00015793,batch_0005,trader_0001,ETH-USD,BUY,1831.27,432,2026-01-01T04:23:12Z
order_00015794,batch_0005,trader_0008,ETH-USD,SELL,2138.68,938,2026-01-01T04:23:13Z
order_00015795,batch_0005,trader_0021,ETH-USD,BUY,2129.94,893,2026-01-01T04:23:14Z
order_00015796,batch_0005,trader_0017,ETH-USD,SELL,2014.21,265,2026-01-01T04:23:15Z
order_00015797,batch_0005,trader_0025,ETH-USD,BUY,1972.45,517,2026-01-01T04:23:16Z
order_00015798,batch_0005,trader_0007,ETH-USD,SELL,2006.61,651,2026-01-01T04:23:17Z
order_00015799,batch_0005,trader_0009,ETH-USD,SELL,1901.15,839,2026-01-01T04:23:18Z
order_00015800,batch_0005,trader_0022,ETH-USD,SELL,2037.07,165,2026-01-01T04:23:19Z
order_00015801,batch_0005,trader_0005,ETH-USD,SELL,1949.46,554,2026-01-01T04:23:20Z
order_00015802,batch_0005,trader_0001,ETH-USD,SELL,2076.38,127,2026-01-01T04:23:21Z
order_00015803,batch_0005,trader_0019,ETH-USD,BUY,1887.6,247,2026-01-01T04:23:22Z
order_00015804,batch_0005,trader_0019,ETH-USD,SELL,1886.89,847,2026-01-01T04:23:23Z
order_00015805,batch_0005,trader_0016,ETH-USD,BUY,1818.98,8,2026-01-01T04:23:24Z
order_00015806,batch_0005,trader_0018,ETH-USD,SELL,1968.15,896,2026-01-01T04:23:25Z
order_00015807,batch_0005,trader_0022,ETH-USD,BUY,2167.95,754,2026-01-01T04:23:26Z
order_00015808,batch_0005,trader_0010,ETH-USD,SELL,1806.36,853,2026-01-01T04:23:27Z
order_00015809,batch_0005,trader_0024,ETH-USD,BUY,1973.06,348,2026-01-01T04:23:28Z
order_00015810,batch_0005,trader_0018,ETH-USD,BUY,1940.78,855,2026-01-01T04:23:29Z
order_00015811,batch_0005,trader_0020,ETH-USD,BUY,2095.73,689,2026-01-01T04:23:30Z
order_00015812,batch_0005,trader_0005,ETH-USD,BUY,2044.23,333,2026-01-01T04:23:31Z
order_00015813,batch_0005,trader_0019,ETH-USD,SELL,2094.18,473,2026-01-01T04:23:32Z
order_00015814,batch_0005,trader_0020,ETH-USD,BUY,1877.16,401,2026-01-01T04:23:33Z
order_00015815,batch_0005,trader_0019,ETH-USD,SELL,2037.95,797,2026-01-01T04:23:34Z
order_00015816,batch_0005,trader_0025,ETH-USD,SELL,2106.02,529,2026-01-01T04:23:35Z
order_00015817,batch_0005,trader_0025,ETH-USD,SELL,1906.69,903,2026-01-01T04:23:36Z
order_00015818,batch_0005,trader_0019,ETH-USD,SELL,1853.23,390,2026-01-01T04:23:37Z
order_00015819,batch_0005,trader_0023,ETH-USD,SELL,1831.81,425,2026-01-01T04:23:38Z
order_00015820,batch_0005,trader_0016,ETH-USD,BUY,1978.03,977,2026-01-01T04:23:39Z
order_00015821,batch_0005,trader_0015,ETH-USD,SELL,2166.87,467,2026-01-01T04:23:40Z
order_00015822,batch_0005,trader_0022,ETH-USD,BUY,1964.42,613,2026-01-01T04:23:41Z
order_00015823,batch_0005,trader_0006,ETH-USD,SELL,2173.35,307,2026-01-01T04:23:42Z
order_00015824,batch_0005,trader_0009,ETH-USD,SELL,1839.71,638,2026-01-01T04:23:43Z
order_00015825,batch_0005,trader_0018,ETH-USD,SELL,2045.65,648,2026-01-01T04:23:44Z
order_00015826,batch_0005,trader_0009,ETH-USD,SELL,2068.65,91,2026-01-01T04:23:45Z
order_00015827,batch_0005,trader_0006,ETH-USD,BUY,1903.13,142,2026-01-01T04:23:46Z
order_00015828,batch_0005,trader_0002,ETH-USD,SELL,2129.03,771,2026-01-01T04:23:47Z
order_00015829,batch_0005,trader_0016,ETH-USD,BUY,2013.29,812,2026-01-01T04:23:48Z
order_00015830,batch_0005,trader_0014,ETH-USD,BUY,1816.38,347,2026-01-01T04:23:49Z
order_00015831,batch_0005,trader_0018,ETH-USD,BUY,2137.04,303,2026-01-01T04:23:50Z
order_00015832,batch_0005,trader_0024,ETH-USD,BUY,2180.99,761,2026-01-01T04:23:51Z
order_00015833,batch_0005,trader_0013,ETH-USD,SELL,2013.14,550,2026-01-01T04:23:52Z
order_00015834,batch_0005,trader_0012,ETH-USD,BUY,2036.69,984,2026-01-01T04:23:53Z
order_00015835,batch_0005,trader_0019,ETH-USD,SELL,1890.29,104,2026-01-01T04:23:54Z
order_00015836,batch_0005,trader_0015,ETH-USD,BUY,1880.36,591,2026-01-01T04:23:55Z
order_00015837,batch_0005,trader_0023,ETH-USD,BUY,1911.35,944,2026-01-01T04:23:56Z
order_00015838,batch_0005,trader_0004,ETH-USD,BUY,1867.3,897,2026-01-01T04:23:57Z
order_00015839,batch_0005,trader_0022,ETH-USD,BUY,2049.37,857,2026-01-01T04:23:58Z
order_00015840,batch_0005,trader_0018,ETH-USD,SELL,1923.86,880,2026-01-01T04:23:59Z
order_00015841,batch_0005,trader_0022,ETH-USD,SELL,1869.78,766,2026-01-01T04:24:00Z
order_00015842,batch_0005,trader_0010,ETH-USD,SELL,2174.24,77,2026-01-01T04:24:01Z
order_00015843,batch_0005,trader_0016,ETH-USD,BUY,1870.76,400,2026-01-01T04:24:02Z
order_00015844,batch_0005,trader_0012,ETH-USD,SELL,2091.06,704,2026-01-01T04:24:03Z
order_00015845,batch_0005,trader_0007,ETH-USD,SELL,2101.03,950,2026-01-01T04:24:04Z
order_00015846,batch_0005,trader_0008,ETH-USD,BUY,1992.61,167,2026-01-01T04:24:05Z
order_00015847,batch_0005,trader_0001,ETH-USD,BUY,2064.34,514,2026-01-01T04:24:06Z
order_00015848,batch_0005,trader_0010,ETH-USD,BUY,2110.63,327,2026-01-01T04:24:07Z
order_00015849,batch_0005,trader_0008,ETH-USD,BUY,1913.32,513,2026-01-01T04:24:08Z
order_00015850,batch_0005,trader_0024,ETH-USD,SELL,2134.04,183,2026-01-01T04:24:09Z
order_00015851,batch_0005,trader_0020,ETH-USD,SELL,2146.11,44,2026-01-01T04:24:10Z
order_00015852,batch_0005,trader_0018,ETH-USD,BUY,2040.52,982,2026-01-01T04:24:11Z
order_00015853,batch_0005,trader_0023,ETH-USD,BUY,1984.2,499,2026-01-01T04:24:12Z
order_00015854,batch_0005,trader_0016,ETH-USD,SELL,2112.73,59,2026-01-01T04:24:13Z
order_00015855,batch_0005,trader_0003,ETH-USD,SELL,2029.16,4,2026-01-01T04:24:14Z
order_00015856,batch_0005,trader_0021,ETH-USD,SELL,2028.45,739,2026-01-01T04:24:15Z
order_00015857,batch_0005,trader_0017,ETH-USD,SELL,2060.8,649,2026-01-01T04:24:16Z
order_00015858,batch_0005,trader_0009,ETH-USD,SELL,2170.78,844,2026-01-01T04:24:17Z
order_00015859,batch_0005,trader_0001,ETH-USD,BUY,1827.26,430,2026-01-01T04:24:18Z
order_00015860,batch_0005,trader_0025,ETH-USD,SELL,1847.24,382,2026-01-01T04:24:19Z
order_00015861,batch_0005,trader_0013,ETH-USD,BUY,2135.98,732,2026-01-01T04:24:20Z
order_00015862,batch_0005,trader_0023,ETH-USD,SELL,1927.41,167,2026-01-01T04:24:21Z
order_00015863,batch_0005,trader_0024,ETH-USD,BUY,1822.7,71,2026-01-01T04:24:22Z
order_00015864,batch_0005,trader_0001,ETH-USD,SELL,1857.0,35,2026-01-01T04:24:23Z
order_00015865,batch_0005,trader_0019,ETH-USD,BUY,2166.13,777,2026-01-01T04:24:24Z
order_00015866,batch_0005,trader_0001,ETH-USD,SELL,1949.45,352,2026-01-01T04:24:25Z
order_00015867,batch_0005,trader_0009,ETH-USD,SELL,1902.72,784,2026-01-01T04:24:26Z
order_00015868,batch_0005,trader_0025,ETH-USD,BUY,2140.58,437,2026-01-01T04:24:27Z
order_00015869,batch_0005,trader_0012,ETH-USD,BUY,1816.51,244,2026-01-01T04:24:28Z
order_00015870,batch_0005,trader_0012,ETH-USD,SELL,1862.55,918,2026-01-01T04:24:29Z
order_00015871,batch_0005,trader_0006,ETH-USD,BUY,2153.71,822,2026-01-01T04:24:30Z
order_00015872,batch_0005,trader_0018,ETH-USD,BUY,1980.4,117,2026-01-01T04:24:31Z
order_00015873,batch_0005,trader_0007,ETH-USD,SELL,2168.42,843,2026-01-01T04:24:32Z
order_00015874,batch_0005,trader_0015,ETH-USD,SELL,1928.17,23,2026-01-01T04:24:33Z
order_00015875,batch_0005,trader_0016,ETH-USD,BUY,1890.73,763,2026-01-01T04:24:34Z
order_00015876,batch_0005,trader_0022,ETH-USD,SELL,2096.38,720,2026-01-01T04:24:35Z
order_00015877,batch_0005,trader_0007,ETH-USD,BUY,2068.71,5,2026-01-01T04:24:36Z
order_00015878,batch_0005,trader_0020,ETH-USD,BUY,1911.69,750,2026-01-01T04:24:37Z
order_00015879,batch_0005,trader_0021,ETH-USD,BUY,1856.31,795,2026-01-01T04:24:38Z
order_00015880,batch_0005,trader_0012,ETH-USD,BUY,1992.65,946,2026-01-01T04:24:39Z
order_00015881,batch_0005,trader_0009,ETH-USD,BUY,2044.53,488,2026-01-01T04:24:40Z
order_00015882,batch_0005,trader_0011,ETH-USD,SELL,2146.14,398,2026-01-01T04:24:41Z
order_00015883,batch_0005,trader_0025,ETH-USD,BUY,1910.91,191,2026-01-01T04:24:42Z
order_00015884,batch_0005,trader_0021,ETH-USD,BUY,1862.48,290,2026-01-01T04:24:43Z
order_00015885,batch_0005,trader_0018,ETH-USD,SELL,2003.32,619,2026-01-01T04:24:44Z
order_00015886,batch_0005,trader_0012,ETH-USD,SELL,1994.68,909,2026-01-01T04:24:45Z
order_00015887,batch_0005,trader_0014,ETH-USD,BUY,2174.13,649,2026-01-01T04:24:46Z
order_00015888,batch_0005,trader_0024,ETH-USD,SELL,1935.5,543,2026-01-01T04:24:47Z
order_00015889,batch_0005,trader_0010,ETH-USD,BUY,1957.79,381,2026-01-01T04:24:48Z
order_00015890,batch_0005,trader_0006,ETH-USD,BUY,2078.21,795,2026-01-01T04:24:49Z
order_00015891,batch_0005,trader_0009,ETH-USD,BUY,2027.13,460,2026-01-01T04:24:50Z
order_00015892,batch_0005,trader_0021,ETH-USD,BUY,1850.98,698,2026-01-01T04:24:51Z
order_00015893,batch_0005,trader_0003,ETH-USD,SELL,2181.07,573,2026-01-01T04:24:52Z
order_00015894,batch_0005,trader_0017,ETH-USD,BUY,1873.44,148,2026-01-01T04:24:53Z
order_00015895,batch_0005,trader_0004,ETH-USD,BUY,1883.12,907,2026-01-01T04:24:54Z
order_00015896,batch_0005,trader_0013,ETH-USD,BUY,1992.22,479,2026-01-01T04:24:55Z
order_00015897,batch_0005,trader_0010,ETH-USD,BUY,1827.18,643,2026-01-01T04:24:56Z
order_00015898,batch_0005,trader_0015,ETH-USD,SELL,2066.06,490,2026-01-01T04:24:57Z
order_00015899,batch_0005,trader_0007,ETH-USD,BUY,1963.04,964,2026-01-01T04:24:58Z
order_00015900,batch_0005,trader_0001,ETH-USD,SELL,2088.42,675,2026-01-01T04:24:59Z
order_00015901,batch_0005,trader_0025,ETH-USD,BUY,2014.75,537,2026-01-01T04:25:00Z
order_00015902,batch_0005,trader_0016,ETH-USD,SELL,2128.18,978,2026-01-01T04:25:01Z
order_00015903,batch_0005,trader_0002,ETH-USD,BUY,2179.58,583,2026-01-01T04:25:02Z
order_00015904,batch_0005,trader_0017,ETH-USD,SELL,2015.75,684,2026-01-01T04:25:03Z
order_00015905,batch_0005,trader_0010,ETH-USD,SELL,2067.05,449,2026-01-01T04:25:04Z
order_00015906,batch_0005,trader_0011,ETH-USD,SELL,2180.65,179,2026-01-01T04:25:05Z
order_00015907,batch_0005,trader_0011,ETH-USD,SELL,2065.87,32,2026-01-01T04:25:06Z
order_00015908,batch_0005,trader_0006,ETH-USD,BUY,1918.41,992,2026-01-01T04:25:07Z
order_00015909,batch_0005,trader_0009,ETH-USD,BUY,1962.1,72,2026-01-01T04:25:08Z
order_00015910,batch_0005,trader_0024,ETH-USD,SELL,1837.06,339,2026-01-01T04:25:09Z
order_00015911,batch_0005,trader_0012,ETH-USD,BUY,2108.76,326,2026-01-01T04:25:10Z
order_00015912,batch_0005,trader_0003,ETH-USD,BUY,1825.47,136,2026-01-01T04:25:11Z
order_00015913,batch_0005,trader_0005,ETH-USD,SELL,2084.92,240,2026-01-01T04:25:12Z
order_00015914,batch_0005,trader_0016,ETH-USD,SELL,2056.65,514,2026-01-01T04:25:13Z
order_00015915,batch_0005,trader_0024,ETH-USD,SELL,2099.49,545,2026-01-01T04:25:14Z
order_00015916,batch_0005,trader_0004,ETH-USD,BUY,1970.88,522,2026-01-01T04:25:15Z
order_00015917,batch_0005,trader_0014,ETH-USD,SELL,1974.68,260,2026-01-01T04:25:16Z
order_00015918,batch_0005,trader_0016,ETH-USD,SELL,2115.47,803,2026-01-01T04:25:17Z
order_00015919,batch_0005,trader_0019,ETH-USD,BUY,2095.19,785,2026-01-01T04:25:18Z
order_00015920,batch_0005,trader_0004,ETH-USD,BUY,1985.25,425,2026-01-01T04:25:19Z
order_00015921,batch_0005,trader_0012,ETH-USD,SELL,2075.09,835,2026-01-01T04:25:20Z
order_00015922,batch_0005,trader_0010,ETH-USD,SELL,1873.59,169,2026-01-01T04:25:21Z
order_00015923,batch_0005,trader_0013,ETH-USD,BUY,1905.19,137,2026-01-01T04:25:22Z
order_00015924,batch_0005,trader_0023,ETH-USD,SELL,1933.94,384,2026-01-01T04:25:23Z
order_00015925,batch_0005,trader_0023,ETH-USD,SELL,2040.44,754,2026-01-01T04:25:24Z
order_00015926,batch_0005,trader_0007,ETH-USD,BUY,2186.4,464,2026-01-01T04:25:25Z
order_00015927,batch_0005,trader_0008,ETH-USD,SELL,1951.76,118,2026-01-01T04:25:26Z
order_00015928,batch_0005,trader_0006,ETH-USD,BUY,2126.49,964,2026-01-01T04:25:27Z
order_00015929,batch_0005,trader_0003,ETH-USD,SELL,2086.64,475,2026-01-01T04:25:28Z
order_00015930,batch_0005,trader_0002,ETH-USD,BUY,2000.19,83,2026-01-01T04:25:29Z
order_00015931,batch_0005,trader_0017,ETH-USD,BUY,1911.21,765,2026-01-01T04:25:30Z
order_00015932,batch_0005,trader_0018,ETH-USD,BUY,2105.91,738,2026-01-01T04:25:31Z
order_00015933,batch_0005,trader_0011,ETH-USD,BUY,2074.31,998,2026-01-01T04:25:32Z
order_00015934,batch_0005,trader_0010,ETH-USD,BUY,1994.36,701,2026-01-01T04:25:33Z
order_00015935,batch_0005,trader_0006,ETH-USD,SELL,1859.87,222,2026-01-01T04:25:34Z
order_00015936,batch_0005,trader_0005,ETH-USD,BUY,1827.32,621,2026-01-01T04:25:35Z
order_00015937,batch_0005,trader_0018,ETH-USD,SELL,2199.93,724,2026-01-01T04:25:36Z
order_00015938,batch_0005,trader_0013,ETH-USD,SELL,1896.42,650,2026-01-01T04:25:37Z
order_00015939,batch_0005,trader_0020,ETH-USD,SELL,2196.97,744,2026-01-01T04:25:38Z
order_00015940,batch_0005,trader_0021,ETH-USD,SELL,2035.05,367,2026-01-01T04:25:39Z
order_00015941,batch_0005,trader_0017,ETH-USD,BUY,1956.02,279,2026-01-01T04:25:40Z
order_00015942,batch_0005,trader_0019,ETH-USD,SELL,1882.53,510,2026-01-01T04:25:41Z
order_00015943,batch_0005,trader_0017,ETH-USD,SELL,2157.02,465,2026-01-01T04:25:42Z
order_00015944,batch_0005,trader_0016,ETH-USD,BUY,1970.8,343,2026-01-01T04:25:43Z
order_00015945,batch_0005,trader_0002,ETH-USD,BUY,1875.82,664,2026-01-01T04:25:44Z
order_00015946,batch_0005,trader_0013,ETH-USD,SELL,2165.91,266,2026-01-01T04:25:45Z
order_00015947,batch_0005,trader_0019,ETH-USD,SELL,1910.64,538,2026-01-01T04:25:46Z
order_00015948,batch_0005,trader_0020,ETH-USD,SELL,2090.51,630,2026-01-01T04:25:47Z
order_00015949,batch_0005,trader_0001,ETH-USD,BUY,2172.0,409,2026-01-01T04:25:48Z
order_00015950,batch_0005,trader_0002,ETH-USD,SELL,2009.78,479,2026-01-01T04:25:49Z
order_00015951,batch_0005,trader_0014,ETH-USD,SELL,2168.77,151,2026-01-01T04:25:50Z
order_00015952,batch_0005,trader_0017,ETH-USD,BUY,2193.91,738,2026-01-01T04:25:51Z
order_00015953,batch_0005,trader_0018,ETH-USD,SELL,2026.48,945,2026-01-01T04:25:52Z
order_00015954,batch_0005,trader_0010,ETH-USD,BUY,1907.17,275,2026-01-01T04:25:53Z
order_00015955,batch_0005,trader_0003,ETH-USD,BUY,2187.95,982,2026-01-01T04:25:54Z
order_00015956,batch_0005,trader_0005,ETH-USD,BUY,2073.73,543,2026-01-01T04:25:55Z
order_00015957,batch_0005,trader_0006,ETH-USD,SELL,2031.69,44,2026-01-01T04:25:56Z
order_00015958,batch_0005,trader_0019,ETH-USD,BUY,1898.27,600,2026-01-01T04:25:57Z
order_00015959,batch_0005,trader_0022,ETH-USD,SELL,2006.27,604,2026-01-01T04:25:58Z
order_00015960,batch_0005,trader_0025,ETH-USD,BUY,1815.22,142,2026-01-01T04:25:59Z
order_00015961,batch_0005,trader_0005,ETH-USD,BUY,1838.54,672,2026-01-01T04:26:00Z
order_00015962,batch_0005,trader_0007,ETH-USD,SELL,1941.58,520,2026-01-01T04:26:01Z
order_00015963,batch_0005,trader_0010,ETH-USD,BUY,1812.82,286,2026-01-01T04:26:02Z
order_00015964,batch_0005,trader_0011,ETH-USD,SELL,1955.08,733,2026-01-01T04:26:03Z
order_00015965,batch_0005,trader_0001,ETH-USD,BUY,1995.42,236,2026-01-01T04:26:04Z
order_00015966,batch_0005,trader_0016,ETH-USD,SELL,2162.42,881,2026-01-01T04:26:05Z
order_00015967,batch_0005,trader_0025,ETH-USD,BUY,2045.8,80,2026-01-01T04:26:06Z
order_00015968,batch_0005,trader_0024,ETH-USD,BUY,1863.37,181,2026-01-01T04:26:07Z
order_00015969,batch_0005,trader_0025,ETH-USD,BUY,1896.77,488,2026-01-01T04:26:08Z
order_00015970,batch_0005,trader_0008,ETH-USD,SELL,2098.78,522,2026-01-01T04:26:09Z
order_00015971,batch_0005,trader_0018,ETH-USD,BUY,2182.05,479,2026-01-01T04:26:10Z
order_00015972,batch_0005,trader_0008,ETH-USD,BUY,2198.62,279,2026-01-01T04:26:11Z
order_00015973,batch_0005,trader_0007,ETH-USD,BUY,2126.82,64,2026-01-01T04:26:12Z
order_00015974,batch_0005,trader_0022,ETH-USD,BUY,2017.9,238,2026-01-01T04:26:13Z
order_00015975,batch_0005,trader_0015,ETH-USD,SELL,1903.02,831,2026-01-01T04:26:14Z
order_00015976,batch_0005,trader_0008,ETH-USD,SELL,2155.76,982,2026-01-01T04:26:15Z
order_00015977,batch_0005,trader_0018,ETH-USD,BUY,2019.19,365,2026-01-01T04:26:16Z
order_00015978,batch_0005,trader_0024,ETH-USD,BUY,1969.13,636,2026-01-01T04:26:17Z
order_00015979,batch_0005,trader_0020,ETH-USD,BUY,2041.01,350,2026-01-01T04:26:18Z
order_00015980,batch_0005,trader_0007,ETH-USD,BUY,1855.44,153,2026-01-01T04:26:19Z
order_00015981,batch_0005,trader_0003,ETH-USD,BUY,2072.14,140,2026-01-01T04:26:20Z
order_00015982,batch_0005,trader_0017,ETH-USD,BUY,2192.18,976,2026-01-01T04:26:21Z
order_00015983,batch_0005,trader_0020,ETH-USD,SELL,1878.18,533,2026-01-01T04:26:22Z
order_00015984,batch_0005,trader_0018,ETH-USD,BUY,1808.38,211,2026-01-01T04:26:23Z
order_00015985,batch_0005,trader_0025,ETH-USD,BUY,1851.04,114,2026-01-01T04:26:24Z
order_00015986,batch_0005,trader_0014,ETH-USD,SELL,1808.29,479,2026-01-01T04:26:25Z
order_00015987,batch_0005,trader_0020,ETH-USD,BUY,1982.91,60,2026-01-01T04:26:26Z
order_00015988,batch_0005,trader_0021,ETH-USD,SELL,2189.03,749,2026-01-01T04:26:27Z
order_00015989,batch_0005,trader_0010,ETH-USD,SELL,2136.66,191,2026-01-01T04:26:28Z
order_00015990,batch_0005,trader_0010,ETH-USD,BUY,2127.25,730,2026-01-01T04:26:29Z
order_00015991,batch_0005,trader_0021,ETH-USD,SELL,1987.56,973,2026-01-01T04:26:30Z
order_00015992,batch_0005,trader_0008,ETH-USD,SELL,1827.76,449,2026-01-01T04:26:31Z
order_00015993,batch_0005,trader_0023,ETH-USD,SELL,2123.31,383,2026-01-01T04:26:32Z
order_00015994,batch_0005,trader_0016,ETH-USD,SELL,2010.57,820,2026-01-01T04:26:33Z
order_00015995,batch_0005,trader_0010,ETH-USD,BUY,1816.6,690,2026-01-01T04:26:34Z
order_00015996,batch_0005,trader_0020,ETH-USD,BUY,1918.27,824,2026-01-01T04:26:35Z
order_00015997,batch_0005,trader_0019,ETH-USD,SELL,2154.41,440,2026-01-01T04:26:36Z
order_00015998,batch_0005,trader_0010,ETH-USD,SELL,1970.97,990,2026-01-01T04:26:37Z
order_00015999,batch_0005,trader_0001,ETH-USD,BUY,2083.5,219,2026-01-01T04:26:38Z
order_00016000,batch_0005,trader_0012,ETH-USD,SELL,1876.95,15,2026-01-01T04:26:39Z
order_00016001,batch_0005,trader_0016,ETH-USD,SELL,2001.37,354,2026-01-01T04:26:40Z
order_00016002,batch_0005,trader_0023,ETH-USD,BUY,2072.5,195,2026-01-01T04:26:41Z
order_00016003,batch_0005,trader_0006,ETH-USD,SELL,1813.79,359,2026-01-01T04:26:42Z
order_00016004,batch_0005,trader_0013,ETH-USD,BUY,2042.38,73,2026-01-01T04:26:43Z
order_00016005,batch_0005,trader_0006,ETH-USD,BUY,2098.36,114,2026-01-01T04:26:44Z
order_00016006,batch_0005,trader_0006,ETH-USD,BUY,1975.55,800,2026-01-01T04:26:45Z
order_00016007,batch_0005,trader_0018,ETH-USD,SELL,2181.76,529,2026-01-01T04:26:46Z
order_00016008,batch_0005,trader_0014,ETH-USD,BUY,1973.88,256,2026-01-01T04:26:47Z
order_00016009,batch_0005,trader_0021,ETH-USD,SELL,2110.58,913,2026-01-01T04:26:48Z
order_00016010,batch_0005,trader_0013,ETH-USD,BUY,1997.45,988,2026-01-01T04:26:49Z
order_00016011,batch_0005,trader_0023,ETH-USD,SELL,1925.16,845,2026-01-01T04:26:50Z
order_00016012,batch_0005,trader_0021,ETH-USD,SELL,2093.58,746,2026-01-01T04:26:51Z
order_00016013,batch_0005,trader_0021,ETH-USD,BUY,1961.88,842,2026-01-01T04:26:52Z
order_00016014,batch_0005,trader_0023,ETH-USD,SELL,2098.05,226,2026-01-01T04:26:53Z
order_00016015,batch_0005,trader_0019,ETH-USD,BUY,1857.42,424,2026-01-01T04:26:54Z
order_00016016,batch_0005,trader_0003,ETH-USD,BUY,1868.86,28,2026-01-01T04:26:55Z
order_00016017,batch_0005,trader_0017,ETH-USD,SELL,2173.54,904,2026-01-01T04:26:56Z
order_00016018,batch_0005,trader_0001,ETH-USD,BUY,1817.66,703,2026-01-01T04:26:57Z
order_00016019,batch_0005,trader_0005,ETH-USD,BUY,1856.0,893,2026-01-01T04:26:58Z
order_00016020,batch_0005,trader_0024,ETH-USD,SELL,1894.32,368,2026-01-01T04:26:59Z
order_00016021,batch_0005,trader_0019,ETH-USD,BUY,2034.57,555,2026-01-01T04:27:00Z
order_00016022,batch_0005,trader_0002,ETH-USD,SELL,2194.36,393,2026-01-01T04:27:01Z
order_00016023,batch_0005,trader_0014,ETH-USD,SELL,1812.13,542,2026-01-01T04:27:02Z
order_00016024,batch_0005,trader_0001,ETH-USD,BUY,1978.79,870,2026-01-01T04:27:03Z
order_00016025,batch_0005,trader_0018,ETH-USD,SELL,1988.07,293,2026-01-01T04:27:04Z
order_00016026,batch_0005,trader_0012,ETH-USD,BUY,1986.31,829,2026-01-01T04:27:05Z
order_00016027,batch_0005,trader_0025,ETH-USD,SELL,2088.4,629,2026-01-01T04:27:06Z
order_00016028,batch_0005,trader_0002,ETH-USD,BUY,1876.58,499,2026-01-01T04:27:07Z
order_00016029,batch_0005,trader_0024,ETH-USD,SELL,1929.68,429,2026-01-01T04:27:08Z
order_00016030,batch_0005,trader_0017,ETH-USD,BUY,2051.83,544,2026-01-01T04:27:09Z
order_00016031,batch_0005,trader_0002,ETH-USD,BUY,1971.84,735,2026-01-01T04:27:10Z
order_00016032,batch_0005,trader_0004,ETH-USD,BUY,2167.88,971,2026-01-01T04:27:11Z
order_00016033,batch_0005,trader_0012,ETH-USD,BUY,2131.66,245,2026-01-01T04:27:12Z
order_00016034,batch_0005,trader_0011,ETH-USD,BUY,1922.15,706,2026-01-01T04:27:13Z
order_00016035,batch_0005,trader_0007,ETH-USD,BUY,2186.9,843,2026-01-01T04:27:14Z
order_00016036,batch_0005,trader_0002,ETH-USD,BUY,2113.84,475,2026-01-01T04:27:15Z
order_00016037,batch_0005,trader_0005,ETH-USD,SELL,2068.92,712,2026-01-01T04:27:16Z
order_00016038,batch_0005,trader_0022,ETH-USD,SELL,2165.96,282,2026-01-01T04:27:17Z
order_00016039,batch_0005,trader_0009,ETH-USD,SELL,2043.37,438,2026-01-01T04:27:18Z
order_00016040,batch_0005,trader_0014,ETH-USD,SELL,2097.27,651,2026-01-01T04:27:19Z
order_00016041,batch_0005,trader_0013,ETH-USD,SELL,2014.74,391,2026-01-01T04:27:20Z
order_00016042,batch_0005,trader_0022,ETH-USD,BUY,2054.19,792,2026-01-01T04:27:21Z
order_00016043,batch_0005,trader_0004,ETH-USD,SELL,1964.69,261,2026-01-01T04:27:22Z
order_00016044,batch_0005,trader_0001,ETH-USD,BUY,2002.01,732,2026-01-01T04:27:23Z
order_00016045,batch_0005,trader_0001,ETH-USD,BUY,2161.6,957,2026-01-01T04:27:24Z
order_00016046,batch_0005,trader_0015,ETH-USD,SELL,1884.69,113,2026-01-01T04:27:25Z
order_00016047,batch_0005,trader_0016,ETH-USD,BUY,2004.23,459,2026-01-01T04:27:26Z
order_00016048,batch_0005,trader_0008,ETH-USD,SELL,2103.17,18,2026-01-01T04:27:27Z
order_00016049,batch_0005,trader_0006,ETH-USD,SELL,1876.19,183,2026-01-01T04:27:28Z
order_00016050,batch_0005,trader_0022,ETH-USD,BUY,2089.41,868,2026-01-01T04:27:29Z
order_00016051,batch_0005,trader_0016,ETH-USD,SELL,1889.21,707,2026-01-01T04:27:30Z
order_00016052,batch_0005,trader_0021,ETH-USD,BUY,2161.43,790,2026-01-01T04:27:31Z
order_00016053,batch_0005,trader_0024,ETH-USD,SELL,2198.59,892,2026-01-01T04:27:32Z
order_00016054,batch_0005,trader_0011,ETH-USD,BUY,1817.76,338,2026-01-01T04:27:33Z
order_00016055,batch_0005,trader_0012,ETH-USD,BUY,1997.52,483,2026-01-01T04:27:34Z
order_00016056,batch_0005,trader_0014,ETH-USD,BUY,2199.48,432,2026-01-01T04:27:35Z
order_00016057,batch_0005,trader_0002,ETH-USD,BUY,2060.6,716,2026-01-01T04:27:36Z
order_00016058,batch_0005,trader_0004,ETH-USD,BUY,2039.38,360,2026-01-01T04:27:37Z
order_00016059,batch_0005,trader_0024,ETH-USD,SELL,1865.07,391,2026-01-01T04:27:38Z
order_00016060,batch_0005,trader_0020,ETH-USD,BUY,2100.86,623,2026-01-01T04:27:39Z
order_00016061,batch_0005,trader_0010,ETH-USD,BUY,1882.45,978,2026-01-01T04:27:40Z
order_00016062,batch_0005,trader_0002,ETH-USD,SELL,1834.1,592,2026-01-01T04:27:41Z
order_00016063,batch_0005,trader_0022,ETH-USD,BUY,2035.54,994,2026-01-01T04:27:42Z
order_00016064,batch_0005,trader_0003,ETH-USD,BUY,2158.15,941,2026-01-01T04:27:43Z
order_00016065,batch_0005,trader_0021,ETH-USD,SELL,2079.73,994,2026-01-01T04:27:44Z
order_00016066,batch_0005,trader_0001,ETH-USD,BUY,1819.14,539,2026-01-01T04:27:45Z
order_00016067,batch_0005,trader_0011,ETH-USD,SELL,1999.31,380,2026-01-01T04:27:46Z
order_00016068,batch_0005,trader_0007,ETH-USD,BUY,2178.77,101,2026-01-01T04:27:47Z
order_00016069,batch_0005,trader_0024,ETH-USD,BUY,2104.93,952,2026-01-01T04:27:48Z
order_00016070,batch_0005,trader_0016,ETH-USD,SELL,2175.09,140,2026-01-01T04:27:49Z
order_00016071,batch_0005,trader_0009,ETH-USD,BUY,2015.0,760,2026-01-01T04:27:50Z
order_00016072,batch_0005,trader_0011,ETH-USD,BUY,2173.13,549,2026-01-01T04:27:51Z
order_00016073,batch_0005,trader_0018,ETH-USD,BUY,1879.22,684,2026-01-01T04:27:52Z
order_00016074,batch_0005,trader_0022,ETH-USD,BUY,1946.75,519,2026-01-01T04:27:53Z
order_00016075,batch_0005,trader_0010,ETH-USD,BUY,2019.66,112,2026-01-01T04:27:54Z
order_00016076,batch_0005,trader_0013,ETH-USD,BUY,1864.34,232,2026-01-01T04:27:55Z
order_00016077,batch_0005,trader_0003,ETH-USD,SELL,1981.43,331,2026-01-01T04:27:56Z
order_00016078,batch_0005,trader_0015,ETH-USD,BUY,2183.7,830,2026-01-01T04:27:57Z
order_00016079,batch_0005,trader_0022,ETH-USD,BUY,2148.17,862,2026-01-01T04:27:58Z
order_00016080,batch_0005,trader_0007,ETH-USD,BUY,1968.89,49,2026-01-01T04:27:59Z
order_00016081,batch_0005,trader_0024,ETH-USD,BUY,1917.81,355,2026-01-01T04:28:00Z
order_00016082,batch_0005,trader_0016,ETH-USD,SELL,1833.17,499,2026-01-01T04:28:01Z
order_00016083,batch_0005,trader_0018,ETH-USD,SELL,2050.81,81,2026-01-01T04:28:02Z
order_00016084,batch_0005,trader_0021,ETH-USD,BUY,1866.01,398,2026-01-01T04:28:03Z
order_00016085,batch_0005,trader_0025,ETH-USD,BUY,1967.36,322,2026-01-01T04:28:04Z
order_00016086,batch_0005,trader_0020,ETH-USD,SELL,2042.19,613,2026-01-01T04:28:05Z
order_00016087,batch_0005,trader_0010,ETH-USD,SELL,2078.07,445,2026-01-01T04:28:06Z
order_00016088,batch_0005,trader_0013,ETH-USD,BUY,2046.5,445,2026-01-01T04:28:07Z
order_00016089,batch_0005,trader_0013,ETH-USD,BUY,1943.77,993,2026-01-01T04:28:08Z
order_00016090,batch_0005,trader_0024,ETH-USD,SELL,1833.98,103,2026-01-01T04:28:09Z
order_00016091,batch_0005,trader_0005,ETH-USD,SELL,2020.26,192,2026-01-01T04:28:10Z
order_00016092,batch_0005,trader_0016,ETH-USD,SELL,1806.96,724,2026-01-01T04:28:11Z
order_00016093,batch_0005,trader_0012,ETH-USD,BUY,1921.69,442,2026-01-01T04:28:12Z
order_00016094,batch_0005,trader_0016,ETH-USD,SELL,1808.94,244,2026-01-01T04:28:13Z
order_00016095,batch_0005,trader_0007,ETH-USD,BUY,2076.43,203,2026-01-01T04:28:14Z
order_00016096,batch_0005,trader_0005,ETH-USD,BUY,2031.3,269,2026-01-01T04:28:15Z
order_00016097,batch_0005,trader_0019,ETH-USD,SELL,1963.23,606,2026-01-01T04:28:16Z
order_00016098,batch_0005,trader_0022,ETH-USD,BUY,1961.72,703,2026-01-01T04:28:17Z
order_00016099,batch_0005,trader_0014,ETH-USD,BUY,1957.88,663,2026-01-01T04:28:18Z
order_00016100,batch_0005,trader_0009,ETH-USD,BUY,1926.86,924,2026-01-01T04:28:19Z
order_00016101,batch_0005,trader_0009,ETH-USD,SELL,1952.82,983,2026-01-01T04:28:20Z
order_00016102,batch_0005,trader_0014,ETH-USD,SELL,1869.02,174,2026-01-01T04:28:21Z
order_00016103,batch_0005,trader_0025,ETH-USD,SELL,2027.12,787,2026-01-01T04:28:22Z
order_00016104,batch_0005,trader_0011,ETH-USD,SELL,1935.33,157,2026-01-01T04:28:23Z
order_00016105,batch_0005,trader_0007,ETH-USD,SELL,1821.79,247,2026-01-01T04:28:24Z
order_00016106,batch_0005,trader_0022,ETH-USD,SELL,2013.88,359,2026-01-01T04:28:25Z
order_00016107,batch_0005,trader_0012,ETH-USD,SELL,2110.84,566,2026-01-01T04:28:26Z
order_00016108,batch_0005,trader_0024,ETH-USD,BUY,1898.25,977,2026-01-01T04:28:27Z
order_00016109,batch_0005,trader_0002,ETH-USD,BUY,2087.61,100,2026-01-01T04:28:28Z
order_00016110,batch_0005,trader_0010,ETH-USD,SELL,2137.13,357,2026-01-01T04:28:29Z
order_00016111,batch_0005,trader_0003,ETH-USD,SELL,2018.53,937,2026-01-01T04:28:30Z
order_00016112,batch_0005,trader_0006,ETH-USD,SELL,2101.61,854,2026-01-01T04:28:31Z
order_00016113,batch_0005,trader_0015,ETH-USD,BUY,2174.31,168,2026-01-01T04:28:32Z
order_00016114,batch_0005,trader_0016,ETH-USD,SELL,1915.42,215,2026-01-01T04:28:33Z
order_00016115,batch_0005,trader_0007,ETH-USD,SELL,2050.52,703,2026-01-01T04:28:34Z
order_00016116,batch_0005,trader_0018,ETH-USD,BUY,2000.78,981,2026-01-01T04:28:35Z
order_00016117,batch_0005,trader_0016,ETH-USD,BUY,1989.53,679,2026-01-01T04:28:36Z
order_00016118,batch_0005,trader_0008,ETH-USD,BUY,1847.68,97,2026-01-01T04:28:37Z
order_00016119,batch_0005,trader_0016,ETH-USD,BUY,1821.31,179,2026-01-01T04:28:38Z
order_00016120,batch_0005,trader_0010,ETH-USD,SELL,1826.42,448,2026-01-01T04:28:39Z
order_00016121,batch_0005,trader_0004,ETH-USD,BUY,2197.76,776,2026-01-01T04:28:40Z
order_00016122,batch_0005,trader_0009,ETH-USD,BUY,1826.54,629,2026-01-01T04:28:41Z
order_00016123,batch_0005,trader_0002,ETH-USD,SELL,1807.19,6,2026-01-01T04:28:42Z
order_00016124,batch_0005,trader_0003,ETH-USD,BUY,2150.59,16,2026-01-01T04:28:43Z
order_00016125,batch_0005,trader_0022,ETH-USD,BUY,2133.41,61,2026-01-01T04:28:44Z
order_00016126,batch_0005,trader_0018,ETH-USD,SELL,1846.97,739,2026-01-01T04:28:45Z
order_00016127,batch_0005,trader_0003,ETH-USD,SELL,2166.28,262,2026-01-01T04:28:46Z
order_00016128,batch_0005,trader_0025,ETH-USD,BUY,2158.9,841,2026-01-01T04:28:47Z
order_00016129,batch_0005,trader_0022,ETH-USD,SELL,1843.58,166,2026-01-01T04:28:48Z
order_00016130,batch_0005,trader_0003,ETH-USD,SELL,2090.62,886,2026-01-01T04:28:49Z
order_00016131,batch_0005,trader_0005,ETH-USD,SELL,2107.14,478,2026-01-01T04:28:50Z
order_00016132,batch_0005,trader_0023,ETH-USD,BUY,2058.04,256,2026-01-01T04:28:51Z
order_00016133,batch_0005,trader_0003,ETH-USD,BUY,1928.92,296,2026-01-01T04:28:52Z
order_00016134,batch_0005,trader_0010,ETH-USD,SELL,2096.66,942,2026-01-01T04:28:53Z
order_00016135,batch_0005,trader_0012,ETH-USD,BUY,2155.8,588,2026-01-01T04:28:54Z
order_00016136,batch_0005,trader_0007,ETH-USD,SELL,2018.13,651,2026-01-01T04:28:55Z
order_00016137,batch_0005,trader_0020,ETH-USD,BUY,2177.6,407,2026-01-01T04:28:56Z
order_00016138,batch_0005,trader_0002,ETH-USD,SELL,1994.95,317,2026-01-01T04:28:57Z
order_00016139,batch_0005,trader_0004,ETH-USD,SELL,2185.08,645,2026-01-01T04:28:58Z
order_00016140,batch_0005,trader_0023,ETH-USD,BUY,2096.85,473,2026-01-01T04:28:59Z
order_00016141,batch_0005,trader_0020,ETH-USD,BUY,2078.94,190,2026-01-01T04:29:00Z
order_00016142,batch_0005,trader_0008,ETH-USD,SELL,2004.36,887,2026-01-01T04:29:01Z
order_00016143,batch_0005,trader_0024,ETH-USD,BUY,2155.2,535,2026-01-01T04:29:02Z
order_00016144,batch_0005,trader_0016,ETH-USD,BUY,1848.52,433,2026-01-01T04:29:03Z
order_00016145,batch_0005,trader_0013,ETH-USD,SELL,2111.52,823,2026-01-01T04:29:04Z
order_00016146,batch_0005,trader_0013,ETH-USD,SELL,1854.25,73,2026-01-01T04:29:05Z
order_00016147,batch_0005,trader_0013,ETH-USD,BUY,2032.11,632,2026-01-01T04:29:06Z
order_00016148,batch_0005,trader_0006,ETH-USD,SELL,2137.57,588,2026-01-01T04:29:07Z
order_00016149,batch_0005,trader_0022,ETH-USD,SELL,2147.72,469,2026-01-01T04:29:08Z
order_00016150,batch_0005,trader_0021,ETH-USD,BUY,2000.95,859,2026-01-01T04:29:09Z
order_00016151,batch_0005,trader_0015,ETH-USD,BUY,1950.73,804,2026-01-01T04:29:10Z
order_00016152,batch_0005,trader_0018,ETH-USD,SELL,1918.58,811,2026-01-01T04:29:11Z
order_00016153,batch_0005,trader_0015,ETH-USD,SELL,2135.95,381,2026-01-01T04:29:12Z
order_00016154,batch_0005,trader_0015,ETH-USD,BUY,1927.9,977,2026-01-01T04:29:13Z
order_00016155,batch_0005,trader_0022,ETH-USD,BUY,1885.58,494,2026-01-01T04:29:14Z
order_00016156,batch_0005,trader_0002,ETH-USD,SELL,2002.78,642,2026-01-01T04:29:15Z
order_00016157,batch_0005,trader_0014,ETH-USD,SELL,1813.6,326,2026-01-01T04:29:16Z
order_00016158,batch_0005,trader_0008,ETH-USD,SELL,2062.26,197,2026-01-01T04:29:17Z
order_00016159,batch_0005,trader_0008,ETH-USD,SELL,2135.15,241,2026-01-01T04:29:18Z
order_00016160,batch_0005,trader_0010,ETH-USD,SELL,1987.05,286,2026-01-01T04:29:19Z
order_00016161,batch_0005,trader_0006,ETH-USD,SELL,2065.72,949,2026-01-01T04:29:20Z
order_00016162,batch_0005,trader_0011,ETH-USD,BUY,2000.04,576,2026-01-01T04:29:21Z
order_00016163,batch_0005,trader_0018,ETH-USD,BUY,1898.35,458,2026-01-01T04:29:22Z
order_00016164,batch_0005,trader_0013,ETH-USD,SELL,1904.61,377,2026-01-01T04:29:23Z
order_00016165,batch_0005,trader_0005,ETH-USD,BUY,2102.11,762,2026-01-01T04:29:24Z
order_00016166,batch_0005,trader_0007,ETH-USD,BUY,2198.0,471,2026-01-01T04:29:25Z
order_00016167,batch_0005,trader_0021,ETH-USD,BUY,1887.14,255,2026-01-01T04:29:26Z
order_00016168,batch_0005,trader_0018,ETH-USD,BUY,1975.53,818,2026-01-01T04:29:27Z
order_00016169,batch_0005,trader_0017,ETH-USD,SELL,2051.44,819,2026-01-01T04:29:28Z
order_00016170,batch_0005,trader_0025,ETH-USD,SELL,2193.27,169,2026-01-01T04:29:29Z
order_00016171,batch_0005,trader_0012,ETH-USD,SELL,2035.37,161,2026-01-01T04:29:30Z
order_00016172,batch_0005,trader_0016,ETH-USD,BUY,2148.26,770,2026-01-01T04:29:31Z
order_00016173,batch_0005,trader_0017,ETH-USD,BUY,1887.2,775,2026-01-01T04:29:32Z
order_00016174,batch_0005,trader_0022,ETH-USD,SELL,1999.27,221,2026-01-01T04:29:33Z
order_00016175,batch_0005,trader_0024,ETH-USD,BUY,2092.77,613,2026-01-01T04:29:34Z
order_00016176,batch_0005,trader_0024,ETH-USD,BUY,2068.92,712,2026-01-01T04:29:35Z
order_00016177,batch_0005,trader_0022,ETH-USD,BUY,1875.37,131,2026-01-01T04:29:36Z
order_00016178,batch_0005,trader_0008,ETH-USD,SELL,2096.35,355,2026-01-01T04:29:37Z
order_00016179,batch_0005,trader_0019,ETH-USD,SELL,2049.86,301,2026-01-01T04:29:38Z
order_00016180,batch_0005,trader_0015,ETH-USD,SELL,2157.16,318,2026-01-01T04:29:39Z
order_00016181,batch_0005,trader_0010,ETH-USD,BUY,2188.63,560,2026-01-01T04:29:40Z
order_00016182,batch_0005,trader_0004,ETH-USD,SELL,1995.2,407,2026-01-01T04:29:41Z
order_00016183,batch_0005,trader_0010,ETH-USD,SELL,2108.52,773,2026-01-01T04:29:42Z
order_00016184,batch_0005,trader_0019,ETH-USD,SELL,1926.48,647,2026-01-01T04:29:43Z
order_00016185,batch_0005,trader_0012,ETH-USD,BUY,1880.82,263,2026-01-01T04:29:44Z
order_00016186,batch_0005,trader_0002,ETH-USD,SELL,2089.7,998,2026-01-01T04:29:45Z
order_00016187,batch_0005,trader_0005,ETH-USD,SELL,1841.75,257,2026-01-01T04:29:46Z
order_00016188,batch_0005,trader_0013,ETH-USD,SELL,2077.64,799,2026-01-01T04:29:47Z
order_00016189,batch_0005,trader_0017,ETH-USD,SELL,1906.4,183,2026-01-01T04:29:48Z
order_00016190,batch_0005,trader_0016,ETH-USD,SELL,2023.86,168,2026-01-01T04:29:49Z
order_00016191,batch_0005,trader_0005,ETH-USD,BUY,2085.34,912,2026-01-01T04:29:50Z
order_00016192,batch_0005,trader_0013,ETH-USD,SELL,2149.82,382,2026-01-01T04:29:51Z
order_00016193,batch_0005,trader_0020,ETH-USD,BUY,1825.21,64,2026-01-01T04:29:52Z
order_00016194,batch_0005,trader_0004,ETH-USD,BUY,1847.51,477,2026-01-01T04:29:53Z
order_00016195,batch_0005,trader_0020,ETH-USD,BUY,1933.44,805,2026-01-01T04:29:54Z
order_00016196,batch_0005,trader_0002,ETH-USD,SELL,1863.48,613,2026-01-01T04:29:55Z
order_00016197,batch_0005,trader_0020,ETH-USD,BUY,2164.02,81,2026-01-01T04:29:56Z
order_00016198,batch_0005,trader_0005,ETH-USD,SELL,2190.93,685,2026-01-01T04:29:57Z
order_00016199,batch_0005,trader_0018,ETH-USD,BUY,1841.85,249,2026-01-01T04:29:58Z
order_00016200,batch_0005,trader_0002,ETH-USD,SELL,1812.94,408,2026-01-01T04:29:59Z
order_00016201,batch_0005,trader_0021,ETH-USD,BUY,1953.92,320,2026-01-01T04:30:00Z
order_00016202,batch_0005,trader_0016,ETH-USD,BUY,1918.15,244,2026-01-01T04:30:01Z
order_00016203,batch_0005,trader_0009,ETH-USD,SELL,2164.52,263,2026-01-01T04:30:02Z
order_00016204,batch_0005,trader_0010,ETH-USD,BUY,1938.18,967,2026-01-01T04:30:03Z
order_00016205,batch_0005,trader_0008,ETH-USD,BUY,2194.43,826,2026-01-01T04:30:04Z
order_00016206,batch_0005,trader_0012,ETH-USD,SELL,2193.79,957,2026-01-01T04:30:05Z
order_00016207,batch_0005,trader_0025,ETH-USD,SELL,2117.53,425,2026-01-01T04:30:06Z
order_00016208,batch_0005,trader_0021,ETH-USD,BUY,1834.85,635,2026-01-01T04:30:07Z
order_00016209,batch_0005,trader_0007,ETH-USD,BUY,1809.4,199,2026-01-01T04:30:08Z
order_00016210,batch_0005,trader_0023,ETH-USD,BUY,2005.01,239,2026-01-01T04:30:09Z
order_00016211,batch_0005,trader_0002,ETH-USD,BUY,1933.11,410,2026-01-01T04:30:10Z
order_00016212,batch_0005,trader_0011,ETH-USD,BUY,1904.76,302,2026-01-01T04:30:11Z
order_00016213,batch_0005,trader_0021,ETH-USD,BUY,1926.83,823,2026-01-01T04:30:12Z
order_00016214,batch_0005,trader_0012,ETH-USD,BUY,1835.05,581,2026-01-01T04:30:13Z
order_00016215,batch_0005,trader_0013,ETH-USD,BUY,1984.41,266,2026-01-01T04:30:14Z
order_00016216,batch_0005,trader_0021,ETH-USD,SELL,1970.8,629,2026-01-01T04:30:15Z
order_00016217,batch_0005,trader_0021,ETH-USD,SELL,1994.18,492,2026-01-01T04:30:16Z
order_00016218,batch_0005,trader_0003,ETH-USD,BUY,1883.19,867,2026-01-01T04:30:17Z
order_00016219,batch_0005,trader_0009,ETH-USD,BUY,1859.88,351,2026-01-01T04:30:18Z
order_00016220,batch_0005,trader_0019,ETH-USD,SELL,1909.88,444,2026-01-01T04:30:19Z
order_00016221,batch_0005,trader_0012,ETH-USD,BUY,1926.54,841,2026-01-01T04:30:20Z
order_00016222,batch_0005,trader_0009,ETH-USD,SELL,1806.92,585,2026-01-01T04:30:21Z
order_00016223,batch_0005,trader_0003,ETH-USD,BUY,2093.95,360,2026-01-01T04:30:22Z
order_00016224,batch_0005,trader_0013,ETH-USD,SELL,1815.71,284,2026-01-01T04:30:23Z
order_00016225,batch_0005,trader_0023,ETH-USD,SELL,1861.37,613,2026-01-01T04:30:24Z
order_00016226,batch_0005,trader_0004,ETH-USD,BUY,1961.61,750,2026-01-01T04:30:25Z
order_00016227,batch_0005,trader_0015,ETH-USD,SELL,1857.91,210,2026-01-01T04:30:26Z
order_00016228,batch_0005,trader_0021,ETH-USD,BUY,1919.69,36,2026-01-01T04:30:27Z
order_00016229,batch_0005,trader_0025,ETH-USD,SELL,1869.19,887,2026-01-01T04:30:28Z
order_00016230,batch_0005,trader_0025,ETH-USD,SELL,2111.02,926,2026-01-01T04:30:29Z
order_00016231,batch_0005,trader_0016,ETH-USD,BUY,1906.11,529,2026-01-01T04:30:30Z
order_00016232,batch_0005,trader_0004,ETH-USD,SELL,2044.0,751,2026-01-01T04:30:31Z
order_00016233,batch_0005,trader_0012,ETH-USD,SELL,2058.84,163,2026-01-01T04:30:32Z
order_00016234,batch_0005,trader_0013,ETH-USD,BUY,1838.03,621,2026-01-01T04:30:33Z
order_00016235,batch_0005,trader_0024,ETH-USD,SELL,2026.62,245,2026-01-01T04:30:34Z
order_00016236,batch_0005,trader_0013,ETH-USD,SELL,1897.55,675,2026-01-01T04:30:35Z
order_00016237,batch_0005,trader_0005,ETH-USD,BUY,2198.7,597,2026-01-01T04:30:36Z
order_00016238,batch_0005,trader_0024,ETH-USD,SELL,1944.52,439,2026-01-01T04:30:37Z
order_00016239,batch_0005,trader_0020,ETH-USD,SELL,2192.94,114,2026-01-01T04:30:38Z
order_00016240,batch_0005,trader_0024,ETH-USD,BUY,2191.44,301,2026-01-01T04:30:39Z
order_00016241,batch_0005,trader_0025,ETH-USD,BUY,2107.72,524,2026-01-01T04:30:40Z
order_00016242,batch_0005,trader_0006,ETH-USD,BUY,1810.64,906,2026-01-01T04:30:41Z
order_00016243,batch_0005,trader_0017,ETH-USD,SELL,2012.8,777,2026-01-01T04:30:42Z
order_00016244,batch_0005,trader_0020,ETH-USD,BUY,2197.12,946,2026-01-01T04:30:43Z
order_00016245,batch_0005,trader_0016,ETH-USD,BUY,1846.38,373,2026-01-01T04:30:44Z
order_00016246,batch_0005,trader_0004,ETH-USD,SELL,1980.06,506,2026-01-01T04:30:45Z
order_00016247,batch_0005,trader_0016,ETH-USD,SELL,1974.69,587,2026-01-01T04:30:46Z
order_00016248,batch_0005,trader_0005,ETH-USD,SELL,1837.95,88,2026-01-01T04:30:47Z
order_00016249,batch_0005,trader_0008,ETH-USD,SELL,2146.86,938,2026-01-01T04:30:48Z
order_00016250,batch_0005,trader_0004,ETH-USD,BUY,1930.51,721,2026-01-01T04:30:49Z
order_00016251,batch_0005,trader_0003,ETH-USD,BUY,1944.55,215,2026-01-01T04:30:50Z
order_00016252,batch_0005,trader_0006,ETH-USD,SELL,1940.89,254,2026-01-01T04:30:51Z
order_00016253,batch_0005,trader_0024,ETH-USD,SELL,2143.3,557,2026-01-01T04:30:52Z
order_00016254,batch_0005,trader_0023,ETH-USD,BUY,2192.64,319,2026-01-01T04:30:53Z
order_00016255,batch_0005,trader_0023,ETH-USD,SELL,2108.57,23,2026-01-01T04:30:54Z
order_00016256,batch_0005,trader_0019,ETH-USD,SELL,2076.82,933,2026-01-01T04:30:55Z
order_00016257,batch_0005,trader_0022,ETH-USD,BUY,2117.35,273,2026-01-01T04:30:56Z
order_00016258,batch_0005,trader_0018,ETH-USD,BUY,2133.05,775,2026-01-01T04:30:57Z
order_00016259,batch_0005,trader_0006,ETH-USD,BUY,2043.96,683,2026-01-01T04:30:58Z
order_00016260,batch_0005,trader_0010,ETH-USD,BUY,1851.43,667,2026-01-01T04:30:59Z
order_00016261,batch_0005,trader_0004,ETH-USD,BUY,2125.11,165,2026-01-01T04:31:00Z
order_00016262,batch_0005,trader_0016,ETH-USD,BUY,1852.07,385,2026-01-01T04:31:01Z
order_00016263,batch_0005,trader_0021,ETH-USD,BUY,1972.54,536,2026-01-01T04:31:02Z
order_00016264,batch_0005,trader_0022,ETH-USD,BUY,2078.57,888,2026-01-01T04:31:03Z
order_00016265,batch_0005,trader_0005,ETH-USD,SELL,2151.26,450,2026-01-01T04:31:04Z
order_00016266,batch_0005,trader_0005,ETH-USD,SELL,1887.08,167,2026-01-01T04:31:05Z
order_00016267,batch_0005,trader_0014,ETH-USD,SELL,1863.49,259,2026-01-01T04:31:06Z
order_00016268,batch_0005,trader_0007,ETH-USD,BUY,2022.49,892,2026-01-01T04:31:07Z
order_00016269,batch_0005,trader_0011,ETH-USD,BUY,1831.44,765,2026-01-01T04:31:08Z
order_00016270,batch_0005,trader_0005,ETH-USD,BUY,1936.94,301,2026-01-01T04:31:09Z
order_00016271,batch_0005,trader_0018,ETH-USD,SELL,1994.06,797,2026-01-01T04:31:10Z
order_00016272,batch_0005,trader_0009,ETH-USD,BUY,2044.41,356,2026-01-01T04:31:11Z
order_00016273,batch_0005,trader_0015,ETH-USD,BUY,2078.64,290,2026-01-01T04:31:12Z
order_00016274,batch_0005,trader_0003,ETH-USD,BUY,1909.24,220,2026-01-01T04:31:13Z
order_00016275,batch_0005,trader_0022,ETH-USD,BUY,2034.49,470,2026-01-01T04:31:14Z
order_00016276,batch_0005,trader_0006,ETH-USD,SELL,2076.56,396,2026-01-01T04:31:15Z
order_00016277,batch_0005,trader_0008,ETH-USD,SELL,1870.64,223,2026-01-01T04:31:16Z
order_00016278,batch_0005,trader_0009,ETH-USD,SELL,1919.56,275,2026-01-01T04:31:17Z
order_00016279,batch_0005,trader_0024,ETH-USD,SELL,1892.78,773,2026-01-01T04:31:18Z
order_00016280,batch_0005,trader_0012,ETH-USD,BUY,2180.22,591,2026-01-01T04:31:19Z
order_00016281,batch_0005,trader_0021,ETH-USD,BUY,2101.4,6,2026-01-01T04:31:20Z
order_00016282,batch_0005,trader_0009,ETH-USD,SELL,1993.13,461,2026-01-01T04:31:21Z
order_00016283,batch_0005,trader_0004,ETH-USD,BUY,2017.5,735,2026-01-01T04:31:22Z
order_00016284,batch_0005,trader_0014,ETH-USD,SELL,1980.19,685,2026-01-01T04:31:23Z
order_00016285,batch_0005,trader_0001,ETH-USD,BUY,2116.68,355,2026-01-01T04:31:24Z
order_00016286,batch_0005,trader_0006,ETH-USD,BUY,2175.54,440,2026-01-01T04:31:25Z
order_00016287,batch_0005,trader_0015,ETH-USD,BUY,2063.75,200,2026-01-01T04:31:26Z
order_00016288,batch_0005,trader_0010,ETH-USD,BUY,1903.62,128,2026-01-01T04:31:27Z
order_00016289,batch_0005,trader_0017,ETH-USD,SELL,1866.01,488,2026-01-01T04:31:28Z
order_00016290,batch_0005,trader_0004,ETH-USD,BUY,1851.73,990,2026-01-01T04:31:29Z
order_00016291,batch_0005,trader_0025,ETH-USD,BUY,2007.54,948,2026-01-01T04:31:30Z
order_00016292,batch_0005,trader_0011,ETH-USD,SELL,1895.07,695,2026-01-01T04:31:31Z
order_00016293,batch_0005,trader_0002,ETH-USD,SELL,1853.4,563,2026-01-01T04:31:32Z
order_00016294,batch_0005,trader_0017,ETH-USD,SELL,2142.13,574,2026-01-01T04:31:33Z
order_00016295,batch_0005,trader_0017,ETH-USD,BUY,1989.57,742,2026-01-01T04:31:34Z
order_00016296,batch_0005,trader_0006,ETH-USD,SELL,2000.61,609,2026-01-01T04:31:35Z
order_00016297,batch_0005,trader_0005,ETH-USD,BUY,2032.11,37,2026-01-01T04:31:36Z
order_00016298,batch_0005,trader_0021,ETH-USD,BUY,1846.01,642,2026-01-01T04:31:37Z
order_00016299,batch_0005,trader_0005,ETH-USD,SELL,1909.5,608,2026-01-01T04:31:38Z
order_00016300,batch_0005,trader_0016,ETH-USD,BUY,2071.49,354,2026-01-01T04:31:39Z
order_00016301,batch_0005,trader_0006,ETH-USD,SELL,1819.86,217,2026-01-01T04:31:40Z
order_00016302,batch_0005,trader_0019,ETH-USD,BUY,2032.42,798,2026-01-01T04:31:41Z
order_00016303,batch_0005,trader_0011,ETH-USD,SELL,1804.49,595,2026-01-01T04:31:42Z
order_00016304,batch_0005,trader_0006,ETH-USD,BUY,2118.11,16,2026-01-01T04:31:43Z
order_00016305,batch_0005,trader_0005,ETH-USD,BUY,2024.57,613,2026-01-01T04:31:44Z
order_00016306,batch_0005,trader_0019,ETH-USD,SELL,1985.45,858,2026-01-01T04:31:45Z
order_00016307,batch_0005,trader_0011,ETH-USD,SELL,2010.17,922,2026-01-01T04:31:46Z
order_00016308,batch_0005,trader_0022,ETH-USD,SELL,2123.73,708,2026-01-01T04:31:47Z
order_00016309,batch_0005,trader_0002,ETH-USD,BUY,1867.54,217,2026-01-01T04:31:48Z
order_00016310,batch_0005,trader_0002,ETH-USD,BUY,1868.29,861,2026-01-01T04:31:49Z
order_00016311,batch_0005,trader_0016,ETH-USD,SELL,2059.52,877,2026-01-01T04:31:50Z
order_00016312,batch_0005,trader_0025,ETH-USD,SELL,1893.19,13,2026-01-01T04:31:51Z
order_00016313,batch_0005,trader_0012,ETH-USD,SELL,1842.32,503,2026-01-01T04:31:52Z
order_00016314,batch_0005,trader_0005,ETH-USD,BUY,2016.84,389,2026-01-01T04:31:53Z
order_00016315,batch_0005,trader_0018,ETH-USD,BUY,2002.5,14,2026-01-01T04:31:54Z
order_00016316,batch_0005,trader_0006,ETH-USD,SELL,2128.74,379,2026-01-01T04:31:55Z
order_00016317,batch_0005,trader_0004,ETH-USD,SELL,2016.54,52,2026-01-01T04:31:56Z
order_00016318,batch_0005,trader_0005,ETH-USD,SELL,2112.29,87,2026-01-01T04:31:57Z
order_00016319,batch_0005,trader_0013,ETH-USD,SELL,1966.66,523,2026-01-01T04:31:58Z
order_00016320,batch_0005,trader_0019,ETH-USD,SELL,2185.49,23,2026-01-01T04:31:59Z
order_00016321,batch_0005,trader_0010,ETH-USD,SELL,2186.68,468,2026-01-01T04:32:00Z
order_00016322,batch_0005,trader_0025,ETH-USD,SELL,1843.84,941,2026-01-01T04:32:01Z
order_00016323,batch_0005,trader_0002,ETH-USD,BUY,2196.96,383,2026-01-01T04:32:02Z
order_00016324,batch_0005,trader_0017,ETH-USD,BUY,2133.13,303,2026-01-01T04:32:03Z
order_00016325,batch_0005,trader_0023,ETH-USD,SELL,1988.49,255,2026-01-01T04:32:04Z
order_00016326,batch_0005,trader_0025,ETH-USD,BUY,2120.7,690,2026-01-01T04:32:05Z
order_00016327,batch_0005,trader_0020,ETH-USD,BUY,1858.4,109,2026-01-01T04:32:06Z
order_00016328,batch_0005,trader_0023,ETH-USD,SELL,1911.71,519,2026-01-01T04:32:07Z
order_00016329,batch_0005,trader_0005,ETH-USD,BUY,1891.7,779,2026-01-01T04:32:08Z
order_00016330,batch_0005,trader_0015,ETH-USD,SELL,2074.04,954,2026-01-01T04:32:09Z
order_00016331,batch_0005,trader_0016,ETH-USD,SELL,1970.56,677,2026-01-01T04:32:10Z
order_00016332,batch_0005,trader_0022,ETH-USD,BUY,2191.14,320,2026-01-01T04:32:11Z
order_00016333,batch_0005,trader_0019,ETH-USD,SELL,2129.07,829,2026-01-01T04:32:12Z
order_00016334,batch_0005,trader_0020,ETH-USD,SELL,1935.91,919,2026-01-01T04:32:13Z
order_00016335,batch_0005,trader_0011,ETH-USD,SELL,2103.54,610,2026-01-01T04:32:14Z
order_00016336,batch_0005,trader_0010,ETH-USD,SELL,2115.06,84,2026-01-01T04:32:15Z
order_00016337,batch_0005,trader_0002,ETH-USD,BUY,2062.01,891,2026-01-01T04:32:16Z
order_00016338,batch_0005,trader_0003,ETH-USD,BUY,2040.08,91,2026-01-01T04:32:17Z
order_00016339,batch_0005,trader_0002,ETH-USD,SELL,2097.83,722,2026-01-01T04:32:18Z
order_00016340,batch_0005,trader_0008,ETH-USD,BUY,1887.58,194,2026-01-01T04:32:19Z
order_00016341,batch_0005,trader_0021,ETH-USD,SELL,1859.42,640,2026-01-01T04:32:20Z
order_00016342,batch_0005,trader_0001,ETH-USD,SELL,1880.8,184,2026-01-01T04:32:21Z
order_00016343,batch_0005,trader_0012,ETH-USD,SELL,2052.53,772,2026-01-01T04:32:22Z
order_00016344,batch_0005,trader_0018,ETH-USD,BUY,2088.64,986,2026-01-01T04:32:23Z
order_00016345,batch_0005,trader_0004,ETH-USD,SELL,1968.19,445,2026-01-01T04:32:24Z
order_00016346,batch_0005,trader_0008,ETH-USD,SELL,1908.84,665,2026-01-01T04:32:25Z
order_00016347,batch_0005,trader_0003,ETH-USD,SELL,1950.15,58,2026-01-01T04:32:26Z
order_00016348,batch_0005,trader_0004,ETH-USD,BUY,2143.3,150,2026-01-01T04:32:27Z
order_00016349,batch_0005,trader_0025,ETH-USD,BUY,2078.73,922,2026-01-01T04:32:28Z
order_00016350,batch_0005,trader_0009,ETH-USD,SELL,1935.2,826,2026-01-01T04:32:29Z
order_00016351,batch_0005,trader_0005,ETH-USD,SELL,1845.87,916,2026-01-01T04:32:30Z
order_00016352,batch_0005,trader_0019,ETH-USD,SELL,1930.1,396,2026-01-01T04:32:31Z
order_00016353,batch_0005,trader_0013,ETH-USD,BUY,1882.12,488,2026-01-01T04:32:32Z
order_00016354,batch_0005,trader_0004,ETH-USD,SELL,1922.19,434,2026-01-01T04:32:33Z
order_00016355,batch_0005,trader_0015,ETH-USD,BUY,1887.2,91,2026-01-01T04:32:34Z
order_00016356,batch_0005,trader_0024,ETH-USD,SELL,2196.49,24,2026-01-01T04:32:35Z
order_00016357,batch_0005,trader_0002,ETH-USD,BUY,2026.73,96,2026-01-01T04:32:36Z
order_00016358,batch_0005,trader_0014,ETH-USD,SELL,1843.01,846,2026-01-01T04:32:37Z
order_00016359,batch_0005,trader_0009,ETH-USD,BUY,1872.47,169,2026-01-01T04:32:38Z
order_00016360,batch_0005,trader_0009,ETH-USD,BUY,1938.93,394,2026-01-01T04:32:39Z
order_00016361,batch_0005,trader_0011,ETH-USD,SELL,2129.21,583,2026-01-01T04:32:40Z
order_00016362,batch_0005,trader_0022,ETH-USD,BUY,2043.14,527,2026-01-01T04:32:41Z
order_00016363,batch_0005,trader_0017,ETH-USD,SELL,2031.71,658,2026-01-01T04:32:42Z
order_00016364,batch_0005,trader_0003,ETH-USD,SELL,2143.49,339,2026-01-01T04:32:43Z
order_00016365,batch_0005,trader_0010,ETH-USD,SELL,1845.12,613,2026-01-01T04:32:44Z
order_00016366,batch_0005,trader_0002,ETH-USD,SELL,2031.64,411,2026-01-01T04:32:45Z
order_00016367,batch_0005,trader_0012,ETH-USD,SELL,1885.41,920,2026-01-01T04:32:46Z
order_00016368,batch_0005,trader_0020,ETH-USD,SELL,2013.54,263,2026-01-01T04:32:47Z
order_00016369,batch_0005,trader_0020,ETH-USD,BUY,2198.16,999,2026-01-01T04:32:48Z
order_00016370,batch_0005,trader_0003,ETH-USD,BUY,1818.67,538,2026-01-01T04:32:49Z
order_00016371,batch_0005,trader_0011,ETH-USD,BUY,1966.56,6,2026-01-01T04:32:50Z
order_00016372,batch_0005,trader_0018,ETH-USD,BUY,1837.35,554,2026-01-01T04:32:51Z
order_00016373,batch_0005,trader_0007,ETH-USD,SELL,2173.77,193,2026-01-01T04:32:52Z
order_00016374,batch_0005,trader_0025,ETH-USD,BUY,2035.64,482,2026-01-01T04:32:53Z
order_00016375,batch_0005,trader_0001,ETH-USD,BUY,1953.92,819,2026-01-01T04:32:54Z
order_00016376,batch_0005,trader_0023,ETH-USD,SELL,2079.99,857,2026-01-01T04:32:55Z
order_00016377,batch_0005,trader_0019,ETH-USD,BUY,1801.17,356,2026-01-01T04:32:56Z
order_00016378,batch_0005,trader_0014,ETH-USD,SELL,1810.83,581,2026-01-01T04:32:57Z
order_00016379,batch_0005,trader_0013,ETH-USD,BUY,1846.13,529,2026-01-01T04:32:58Z
order_00016380,batch_0005,trader_0015,ETH-USD,BUY,2030.09,59,2026-01-01T04:32:59Z
order_00016381,batch_0005,trader_0011,ETH-USD,SELL,1839.18,379,2026-01-01T04:33:00Z
order_00016382,batch_0005,trader_0018,ETH-USD,SELL,2135.55,850,2026-01-01T04:33:01Z
order_00016383,batch_0005,trader_0010,ETH-USD,BUY,2089.73,221,2026-01-01T04:33:02Z
order_00016384,batch_0005,trader_0023,ETH-USD,SELL,2076.23,363,2026-01-01T04:33:03Z
order_00016385,batch_0005,trader_0017,ETH-USD,SELL,1875.28,609,2026-01-01T04:33:04Z
order_00016386,batch_0005,trader_0013,ETH-USD,BUY,2092.32,863,2026-01-01T04:33:05Z
order_00016387,batch_0005,trader_0019,ETH-USD,SELL,1902.43,341,2026-01-01T04:33:06Z
order_00016388,batch_0005,trader_0017,ETH-USD,SELL,2167.47,262,2026-01-01T04:33:07Z
order_00016389,batch_0005,trader_0014,ETH-USD,BUY,2107.58,152,2026-01-01T04:33:08Z
order_00016390,batch_0005,trader_0001,ETH-USD,SELL,2092.83,527,2026-01-01T04:33:09Z
order_00016391,batch_0005,trader_0024,ETH-USD,BUY,2118.93,945,2026-01-01T04:33:10Z
order_00016392,batch_0005,trader_0023,ETH-USD,SELL,2197.3,385,2026-01-01T04:33:11Z
order_00016393,batch_0005,trader_0003,ETH-USD,SELL,1870.33,245,2026-01-01T04:33:12Z
order_00016394,batch_0005,trader_0007,ETH-USD,SELL,2051.27,41,2026-01-01T04:33:13Z
order_00016395,batch_0005,trader_0004,ETH-USD,BUY,2110.6,643,2026-01-01T04:33:14Z
order_00016396,batch_0005,trader_0023,ETH-USD,BUY,1851.43,434,2026-01-01T04:33:15Z
order_00016397,batch_0005,trader_0018,ETH-USD,BUY,2167.1,344,2026-01-01T04:33:16Z
order_00016398,batch_0005,trader_0020,ETH-USD,BUY,2096.25,663,2026-01-01T04:33:17Z
order_00016399,batch_0005,trader_0015,ETH-USD,SELL,2095.09,170,2026-01-01T04:33:18Z
order_00016400,batch_0005,trader_0004,ETH-USD,BUY,1945.04,904,2026-01-01T04:33:19Z
order_00016401,batch_0005,trader_0009,ETH-USD,SELL,2198.99,461,2026-01-01T04:33:20Z
order_00016402,batch_0005,trader_0014,ETH-USD,BUY,1955.61,270,2026-01-01T04:33:21Z
order_00016403,batch_0005,trader_0002,ETH-USD,SELL,2188.5,816,2026-01-01T04:33:22Z
order_00016404,batch_0005,trader_0012,ETH-USD,BUY,2177.11,675,2026-01-01T04:33:23Z
order_00016405,batch_0005,trader_0016,ETH-USD,SELL,1964.52,903,2026-01-01T04:33:24Z
order_00016406,batch_0005,trader_0012,ETH-USD,BUY,1902.65,347,2026-01-01T04:33:25Z
order_00016407,batch_0005,trader_0019,ETH-USD,SELL,2193.89,817,2026-01-01T04:33:26Z
order_00016408,batch_0005,trader_0020,ETH-USD,SELL,1941.14,818,2026-01-01T04:33:27Z
order_00016409,batch_0005,trader_0020,ETH-USD,BUY,2029.46,261,2026-01-01T04:33:28Z
order_00016410,batch_0005,trader_0022,ETH-USD,BUY,1826.69,866,2026-01-01T04:33:29Z
order_00016411,batch_0005,trader_0019,ETH-USD,SELL,2077.08,29,2026-01-01T04:33:30Z
order_00016412,batch_0005,trader_0021,ETH-USD,SELL,1921.41,343,2026-01-01T04:33:31Z
order_00016413,batch_0005,trader_0006,ETH-USD,BUY,2028.59,877,2026-01-01T04:33:32Z
order_00016414,batch_0005,trader_0004,ETH-USD,SELL,1949.66,946,2026-01-01T04:33:33Z
order_00016415,batch_0005,trader_0020,ETH-USD,BUY,2020.66,253,2026-01-01T04:33:34Z
order_00016416,batch_0005,trader_0024,ETH-USD,BUY,2180.35,795,2026-01-01T04:33:35Z
order_00016417,batch_0005,trader_0022,ETH-USD,BUY,2190.46,597,2026-01-01T04:33:36Z
order_00016418,batch_0005,trader_0024,ETH-USD,BUY,1961.48,923,2026-01-01T04:33:37Z
order_00016419,batch_0005,trader_0009,ETH-USD,BUY,2080.63,366,2026-01-01T04:33:38Z
order_00016420,batch_0005,trader_0008,ETH-USD,SELL,1805.64,187,2026-01-01T04:33:39Z
order_00016421,batch_0005,trader_0019,ETH-USD,BUY,1928.31,785,2026-01-01T04:33:40Z
order_00016422,batch_0005,trader_0012,ETH-USD,SELL,1961.75,10,2026-01-01T04:33:41Z
order_00016423,batch_0005,trader_0005,ETH-USD,SELL,1840.99,68,2026-01-01T04:33:42Z
order_00016424,batch_0005,trader_0016,ETH-USD,BUY,1823.36,776,2026-01-01T04:33:43Z
order_00016425,batch_0005,trader_0011,ETH-USD,BUY,1974.22,240,2026-01-01T04:33:44Z
order_00016426,batch_0005,trader_0024,ETH-USD,BUY,2049.58,817,2026-01-01T04:33:45Z
order_00016427,batch_0005,trader_0005,ETH-USD,SELL,1841.17,896,2026-01-01T04:33:46Z
order_00016428,batch_0005,trader_0025,ETH-USD,SELL,1847.9,471,2026-01-01T04:33:47Z
order_00016429,batch_0005,trader_0020,ETH-USD,BUY,1882.53,176,2026-01-01T04:33:48Z
order_00016430,batch_0005,trader_0014,ETH-USD,SELL,1872.08,367,2026-01-01T04:33:49Z
order_00016431,batch_0005,trader_0015,ETH-USD,BUY,2198.95,473,2026-01-01T04:33:50Z
order_00016432,batch_0005,trader_0017,ETH-USD,BUY,1937.32,427,2026-01-01T04:33:51Z
order_00016433,batch_0005,trader_0014,ETH-USD,BUY,1881.61,919,2026-01-01T04:33:52Z
order_00016434,batch_0005,trader_0009,ETH-USD,BUY,2062.27,344,2026-01-01T04:33:53Z
order_00016435,batch_0005,trader_0001,ETH-USD,SELL,1980.96,845,2026-01-01T04:33:54Z
order_00016436,batch_0005,trader_0005,ETH-USD,BUY,2136.67,995,2026-01-01T04:33:55Z
order_00016437,batch_0005,trader_0005,ETH-USD,BUY,2109.86,662,2026-01-01T04:33:56Z
order_00016438,batch_0005,trader_0006,ETH-USD,SELL,1822.98,929,2026-01-01T04:33:57Z
order_00016439,batch_0005,trader_0002,ETH-USD,BUY,2073.63,940,2026-01-01T04:33:58Z
order_00016440,batch_0005,trader_0016,ETH-USD,BUY,2089.16,891,2026-01-01T04:33:59Z
order_00016441,batch_0005,trader_0004,ETH-USD,SELL,2112.34,18,2026-01-01T04:34:00Z
order_00016442,batch_0005,trader_0012,ETH-USD,SELL,2195.65,790,2026-01-01T04:34:01Z
order_00016443,batch_0005,trader_0011,ETH-USD,BUY,2104.07,116,2026-01-01T04:34:02Z
order_00016444,batch_0005,trader_0011,ETH-USD,BUY,2002.84,714,2026-01-01T04:34:03Z
order_00016445,batch_0005,trader_0024,ETH-USD,SELL,2180.37,182,2026-01-01T04:34:04Z
order_00016446,batch_0005,trader_0022,ETH-USD,SELL,1935.79,472,2026-01-01T04:34:05Z
order_00016447,batch_0005,trader_0008,ETH-USD,BUY,1903.46,522,2026-01-01T04:34:06Z
order_00016448,batch_0005,trader_0004,ETH-USD,BUY,2025.08,295,2026-01-01T04:34:07Z
order_00016449,batch_0005,trader_0019,ETH-USD,BUY,2081.46,841,2026-01-01T04:34:08Z
order_00016450,batch_0005,trader_0015,ETH-USD,BUY,2180.5,373,2026-01-01T04:34:09Z
order_00016451,batch_0005,trader_0021,ETH-USD,SELL,1953.6,388,2026-01-01T04:34:10Z
order_00016452,batch_0005,trader_0005,ETH-USD,SELL,1818.86,736,2026-01-01T04:34:11Z
order_00016453,batch_0005,trader_0018,ETH-USD,BUY,2103.26,445,2026-01-01T04:34:12Z
order_00016454,batch_0005,trader_0001,ETH-USD,SELL,1818.54,526,2026-01-01T04:34:13Z
order_00016455,batch_0005,trader_0003,ETH-USD,BUY,2147.74,160,2026-01-01T04:34:14Z
order_00016456,batch_0005,trader_0011,ETH-USD,SELL,2159.17,844,2026-01-01T04:34:15Z
order_00016457,batch_0005,trader_0022,ETH-USD,BUY,2187.56,270,2026-01-01T04:34:16Z
order_00016458,batch_0005,trader_0025,ETH-USD,BUY,2179.17,138,2026-01-01T04:34:17Z
order_00016459,batch_0005,trader_0018,ETH-USD,BUY,1841.54,183,2026-01-01T04:34:18Z
order_00016460,batch_0005,trader_0010,ETH-USD,BUY,2076.96,909,2026-01-01T04:34:19Z
order_00016461,batch_0005,trader_0019,ETH-USD,BUY,1831.18,668,2026-01-01T04:34:20Z
order_00016462,batch_0005,trader_0009,ETH-USD,SELL,2160.62,608,2026-01-01T04:34:21Z
order_00016463,batch_0005,trader_0012,ETH-USD,SELL,1936.74,727,2026-01-01T04:34:22Z
order_00016464,batch_0005,trader_0013,ETH-USD,SELL,1974.79,917,2026-01-01T04:34:23Z
order_00016465,batch_0005,trader_0005,ETH-USD,SELL,2084.54,774,2026-01-01T04:34:24Z
order_00016466,batch_0005,trader_0004,ETH-USD,BUY,1980.53,421,2026-01-01T04:34:25Z
order_00016467,batch_0005,trader_0002,ETH-USD,BUY,2099.92,126,2026-01-01T04:34:26Z
order_00016468,batch_0005,trader_0016,ETH-USD,BUY,1946.72,999,2026-01-01T04:34:27Z
order_00016469,batch_0005,trader_0015,ETH-USD,SELL,2052.82,126,2026-01-01T04:34:28Z
order_00016470,batch_0005,trader_0020,ETH-USD,BUY,2191.8,353,2026-01-01T04:34:29Z
order_00016471,batch_0005,trader_0001,ETH-USD,SELL,1883.28,177,2026-01-01T04:34:30Z
order_00016472,batch_0005,trader_0006,ETH-USD,BUY,1873.97,134,2026-01-01T04:34:31Z
order_00016473,batch_0005,trader_0003,ETH-USD,BUY,2183.86,992,2026-01-01T04:34:32Z
order_00016474,batch_0005,trader_0007,ETH-USD,BUY,1924.45,395,2026-01-01T04:34:33Z
order_00016475,batch_0005,trader_0023,ETH-USD,SELL,2094.38,198,2026-01-01T04:34:34Z
order_00016476,batch_0005,trader_0020,ETH-USD,BUY,2124.44,87,2026-01-01T04:34:35Z
order_00016477,batch_0005,trader_0003,ETH-USD,SELL,2097.48,642,2026-01-01T04:34:36Z
order_00016478,batch_0005,trader_0020,ETH-USD,BUY,1853.39,325,2026-01-01T04:34:37Z
order_00016479,batch_0005,trader_0020,ETH-USD,BUY,2137.84,771,2026-01-01T04:34:38Z
order_00016480,batch_0005,trader_0002,ETH-USD,SELL,1884.93,593,2026-01-01T04:34:39Z
order_00016481,batch_0005,trader_0009,ETH-USD,BUY,1971.59,483,2026-01-01T04:34:40Z
order_00016482,batch_0005,trader_0023,ETH-USD,BUY,2180.48,650,2026-01-01T04:34:41Z
order_00016483,batch_0005,trader_0016,ETH-USD,SELL,2109.24,746,2026-01-01T04:34:42Z
order_00016484,batch_0005,trader_0008,ETH-USD,SELL,2077.36,855,2026-01-01T04:34:43Z
order_00016485,batch_0005,trader_0004,ETH-USD,BUY,1816.05,80,2026-01-01T04:34:44Z
order_00016486,batch_0005,trader_0013,ETH-USD,BUY,2106.39,698,2026-01-01T04:34:45Z
order_00016487,batch_0005,trader_0021,ETH-USD,BUY,1932.62,841,2026-01-01T04:34:46Z
order_00016488,batch_0005,trader_0013,ETH-USD,SELL,2034.16,319,2026-01-01T04:34:47Z
order_00016489,batch_0005,trader_0023,ETH-USD,SELL,2124.31,548,2026-01-01T04:34:48Z
order_00016490,batch_0005,trader_0020,ETH-USD,BUY,1880.09,22,2026-01-01T04:34:49Z
order_00016491,batch_0005,trader_0006,ETH-USD,BUY,2074.26,484,2026-01-01T04:34:50Z
order_00016492,batch_0005,trader_0017,ETH-USD,BUY,2082.41,792,2026-01-01T04:34:51Z
order_00016493,batch_0005,trader_0024,ETH-USD,BUY,2162.34,588,2026-01-01T04:34:52Z
order_00016494,batch_0005,trader_0007,ETH-USD,SELL,1936.21,171,2026-01-01T04:34:53Z
order_00016495,batch_0005,trader_0018,ETH-USD,BUY,2011.52,275,2026-01-01T04:34:54Z
order_00016496,batch_0005,trader_0014,ETH-USD,SELL,1996.69,23,2026-01-01T04:34:55Z
order_00016497,batch_0005,trader_0012,ETH-USD,SELL,2084.34,743,2026-01-01T04:34:56Z
order_00016498,batch_0005,trader_0010,ETH-USD,BUY,1959.56,814,2026-01-01T04:34:57Z
order_00016499,batch_0005,trader_0006,ETH-USD,BUY,2185.04,361,2026-01-01T04:34:58Z
order_00016500,batch_0005,trader_0008,ETH-USD,SELL,1902.52,103,2026-01-01T04:34:59Z
order_00016501,batch_0005,trader_0025,ETH-USD,SELL,2149.42,171,2026-01-01T04:35:00Z
order_00016502,batch_0005,trader_0015,ETH-USD,BUY,1894.58,701,2026-01-01T04:35:01Z
order_00016503,batch_0005,trader_0003,ETH-USD,BUY,2072.17,721,2026-01-01T04:35:02Z
order_00016504,batch_0005,trader_0017,ETH-USD,SELL,1813.63,416,2026-01-01T04:35:03Z
order_00016505,batch_0005,trader_0022,ETH-USD,BUY,1986.2,826,2026-01-01T04:35:04Z
order_00016506,batch_0005,trader_0006,ETH-USD,SELL,1863.25,572,2026-01-01T04:35:05Z
order_00016507,batch_0005,trader_0009,ETH-USD,BUY,1906.63,731,2026-01-01T04:35:06Z
order_00016508,batch_0005,trader_0015,ETH-USD,SELL,1915.83,818,2026-01-01T04:35:07Z
order_00016509,batch_0005,trader_0018,ETH-USD,SELL,2118.61,684,2026-01-01T04:35:08Z
order_00016510,batch_0005,trader_0013,ETH-USD,BUY,2114.07,364,2026-01-01T04:35:09Z
order_00016511,batch_0005,trader_0010,ETH-USD,SELL,2148.82,811,2026-01-01T04:35:10Z
order_00016512,batch_0005,trader_0009,ETH-USD,BUY,1832.15,337,2026-01-01T04:35:11Z
order_00016513,batch_0005,trader_0005,ETH-USD,BUY,1947.19,645,2026-01-01T04:35:12Z
order_00016514,batch_0005,trader_0005,ETH-USD,SELL,1837.22,601,2026-01-01T04:35:13Z
order_00016515,batch_0005,trader_0008,ETH-USD,BUY,1991.86,57,2026-01-01T04:35:14Z
order_00016516,batch_0005,trader_0008,ETH-USD,BUY,1834.13,594,2026-01-01T04:35:15Z
order_00016517,batch_0005,trader_0010,ETH-USD,SELL,1976.27,133,2026-01-01T04:35:16Z
order_00016518,batch_0005,trader_0005,ETH-USD,SELL,2176.73,119,2026-01-01T04:35:17Z
order_00016519,batch_0005,trader_0009,ETH-USD,BUY,1940.64,616,2026-01-01T04:35:18Z
order_00016520,batch_0005,trader_0005,ETH-USD,BUY,2180.46,947,2026-01-01T04:35:19Z
order_00016521,batch_0005,trader_0004,ETH-USD,SELL,2028.44,742,2026-01-01T04:35:20Z
order_00016522,batch_0005,trader_0001,ETH-USD,SELL,1869.12,453,2026-01-01T04:35:21Z
order_00016523,batch_0005,trader_0021,ETH-USD,SELL,1987.44,814,2026-01-01T04:35:22Z
order_00016524,batch_0005,trader_0020,ETH-USD,SELL,1824.11,223,2026-01-01T04:35:23Z
order_00016525,batch_0005,trader_0008,ETH-USD,SELL,2024.65,472,2026-01-01T04:35:24Z
order_00016526,batch_0005,trader_0009,ETH-USD,SELL,2089.93,627,2026-01-01T04:35:25Z
order_00016527,batch_0005,trader_0023,ETH-USD,BUY,1864.36,405,2026-01-01T04:35:26Z
order_00016528,batch_0005,trader_0007,ETH-USD,BUY,2178.88,992,2026-01-01T04:35:27Z
order_00016529,batch_0005,trader_0025,ETH-USD,SELL,2039.75,837,2026-01-01T04:35:28Z
order_00016530,batch_0005,trader_0007,ETH-USD,SELL,2032.88,656,2026-01-01T04:35:29Z
order_00016531,batch_0005,trader_0022,ETH-USD,SELL,2006.8,162,2026-01-01T04:35:30Z
order_00016532,batch_0005,trader_0024,ETH-USD,SELL,2004.03,86,2026-01-01T04:35:31Z
order_00016533,batch_0005,trader_0001,ETH-USD,BUY,2089.34,941,2026-01-01T04:35:32Z
order_00016534,batch_0005,trader_0018,ETH-USD,BUY,2000.15,638,2026-01-01T04:35:33Z
order_00016535,batch_0005,trader_0012,ETH-USD,SELL,1935.89,330,2026-01-01T04:35:34Z
order_00016536,batch_0005,trader_0004,ETH-USD,BUY,1847.59,522,2026-01-01T04:35:35Z
order_00016537,batch_0005,trader_0015,ETH-USD,SELL,1965.8,272,2026-01-01T04:35:36Z
order_00016538,batch_0005,trader_0021,ETH-USD,SELL,1958.11,342,2026-01-01T04:35:37Z
order_00016539,batch_0005,trader_0023,ETH-USD,BUY,1987.79,74,2026-01-01T04:35:38Z
order_00016540,batch_0005,trader_0015,ETH-USD,SELL,1864.82,949,2026-01-01T04:35:39Z
order_00016541,batch_0005,trader_0017,ETH-USD,SELL,1923.9,182,2026-01-01T04:35:40Z
order_00016542,batch_0005,trader_0009,ETH-USD,SELL,2160.31,982,2026-01-01T04:35:41Z
order_00016543,batch_0005,trader_0012,ETH-USD,SELL,2147.4,420,2026-01-01T04:35:42Z
order_00016544,batch_0005,trader_0019,ETH-USD,BUY,2143.64,867,2026-01-01T04:35:43Z
order_00016545,batch_0005,trader_0002,ETH-USD,SELL,1881.44,352,2026-01-01T04:35:44Z
order_00016546,batch_0005,trader_0007,ETH-USD,BUY,1953.97,266,2026-01-01T04:35:45Z
order_00016547,batch_0005,trader_0010,ETH-USD,BUY,1928.58,268,2026-01-01T04:35:46Z
order_00016548,batch_0005,trader_0021,ETH-USD,BUY,1835.7,4,2026-01-01T04:35:47Z
order_00016549,batch_0005,trader_0022,ETH-USD,BUY,2163.01,76,2026-01-01T04:35:48Z
order_00016550,batch_0005,trader_0010,ETH-USD,SELL,2184.06,663,2026-01-01T04:35:49Z
order_00016551,batch_0005,trader_0002,ETH-USD,SELL,1831.56,210,2026-01-01T04:35:50Z
order_00016552,batch_0005,trader_0002,ETH-USD,SELL,2042.66,898,2026-01-01T04:35:51Z
order_00016553,batch_0005,trader_0008,ETH-USD,SELL,2047.05,533,2026-01-01T04:35:52Z
order_00016554,batch_0005,trader_0021,ETH-USD,BUY,2080.56,580,2026-01-01T04:35:53Z
order_00016555,batch_0005,trader_0006,ETH-USD,SELL,2084.9,156,2026-01-01T04:35:54Z
order_00016556,batch_0005,trader_0003,ETH-USD,SELL,1923.5,945,2026-01-01T04:35:55Z
order_00016557,batch_0005,trader_0019,ETH-USD,SELL,1963.01,437,2026-01-01T04:35:56Z
order_00016558,batch_0005,trader_0022,ETH-USD,BUY,2119.49,840,2026-01-01T04:35:57Z
order_00016559,batch_0005,trader_0018,ETH-USD,BUY,1880.53,544,2026-01-01T04:35:58Z
order_00016560,batch_0005,trader_0014,ETH-USD,BUY,1951.26,169,2026-01-01T04:35:59Z
order_00016561,batch_0005,trader_0001,ETH-USD,BUY,2073.47,62,2026-01-01T04:36:00Z
order_00016562,batch_0005,trader_0022,ETH-USD,SELL,2178.02,613,2026-01-01T04:36:01Z
order_00016563,batch_0005,trader_0010,ETH-USD,BUY,1931.1,227,2026-01-01T04:36:02Z
order_00016564,batch_0005,trader_0022,ETH-USD,SELL,1874.11,420,2026-01-01T04:36:03Z
order_00016565,batch_0005,trader_0024,ETH-USD,SELL,2036.49,359,2026-01-01T04:36:04Z
order_00016566,batch_0005,trader_0011,ETH-USD,BUY,1886.95,93,2026-01-01T04:36:05Z
order_00016567,batch_0005,trader_0011,ETH-USD,SELL,1847.27,54,2026-01-01T04:36:06Z
order_00016568,batch_0005,trader_0014,ETH-USD,BUY,2198.35,702,2026-01-01T04:36:07Z
order_00016569,batch_0005,trader_0008,ETH-USD,SELL,1971.81,399,2026-01-01T04:36:08Z
order_00016570,batch_0005,trader_0011,ETH-USD,BUY,1990.23,437,2026-01-01T04:36:09Z
order_00016571,batch_0005,trader_0007,ETH-USD,SELL,1916.19,306,2026-01-01T04:36:10Z
order_00016572,batch_0005,trader_0006,ETH-USD,SELL,2006.01,275,2026-01-01T04:36:11Z
order_00016573,batch_0005,trader_0011,ETH-USD,BUY,2090.85,635,2026-01-01T04:36:12Z
order_00016574,batch_0005,trader_0006,ETH-USD,SELL,2079.14,773,2026-01-01T04:36:13Z
order_00016575,batch_0005,trader_0011,ETH-USD,BUY,1938.8,882,2026-01-01T04:36:14Z
order_00016576,batch_0005,trader_0024,ETH-USD,SELL,1840.33,167,2026-01-01T04:36:15Z
order_00016577,batch_0005,trader_0018,ETH-USD,SELL,2111.5,929,2026-01-01T04:36:16Z
order_00016578,batch_0005,trader_0011,ETH-USD,SELL,2130.51,901,2026-01-01T04:36:17Z
order_00016579,batch_0005,trader_0020,ETH-USD,BUY,2129.52,397,2026-01-01T04:36:18Z
order_00016580,batch_0005,trader_0017,ETH-USD,BUY,1805.5,377,2026-01-01T04:36:19Z
order_00016581,batch_0005,trader_0015,ETH-USD,SELL,1956.73,745,2026-01-01T04:36:20Z
order_00016582,batch_0005,trader_0019,ETH-USD,BUY,2001.16,574,2026-01-01T04:36:21Z
order_00016583,batch_0005,trader_0005,ETH-USD,SELL,2180.75,984,2026-01-01T04:36:22Z
order_00016584,batch_0005,trader_0018,ETH-USD,SELL,2012.83,847,2026-01-01T04:36:23Z
order_00016585,batch_0005,trader_0013,ETH-USD,SELL,1962.52,729,2026-01-01T04:36:24Z
order_00016586,batch_0005,trader_0001,ETH-USD,SELL,1805.82,542,2026-01-01T04:36:25Z
order_00016587,batch_0005,trader_0025,ETH-USD,BUY,1936.21,695,2026-01-01T04:36:26Z
order_00016588,batch_0005,trader_0012,ETH-USD,SELL,1872.01,742,2026-01-01T04:36:27Z
order_00016589,batch_0005,trader_0002,ETH-USD,BUY,2093.7,320,2026-01-01T04:36:28Z
order_00016590,batch_0005,trader_0014,ETH-USD,BUY,1884.52,677,2026-01-01T04:36:29Z
order_00016591,batch_0005,trader_0025,ETH-USD,BUY,2147.25,261,2026-01-01T04:36:30Z
order_00016592,batch_0005,trader_0008,ETH-USD,BUY,2114.95,849,2026-01-01T04:36:31Z
order_00016593,batch_0005,trader_0006,ETH-USD,SELL,1984.2,19,2026-01-01T04:36:32Z
order_00016594,batch_0005,trader_0001,ETH-USD,BUY,2082.18,267,2026-01-01T04:36:33Z
order_00016595,batch_0005,trader_0021,ETH-USD,BUY,2154.62,675,2026-01-01T04:36:34Z
order_00016596,batch_0005,trader_0020,ETH-USD,SELL,1873.28,55,2026-01-01T04:36:35Z
order_00016597,batch_0005,trader_0015,ETH-USD,BUY,1801.86,806,2026-01-01T04:36:36Z
order_00016598,batch_0005,trader_0015,ETH-USD,SELL,2040.84,233,2026-01-01T04:36:37Z
order_00016599,batch_0005,trader_0003,ETH-USD,BUY,2005.04,575,2026-01-01T04:36:38Z
order_00016600,batch_0005,trader_0019,ETH-USD,BUY,2003.13,269,2026-01-01T04:36:39Z
