order_id,batch_id,trader_id,symbol,side,price,quantity,remaining_quantity,filled_quantity,timestamp
order_00015965,batch_0005,trader_0001,ETH-USD,BUY,1995.42,236,38,198,2026-01-01T04:26:04Z
order_00015648,batch_0005,trader_0025,ETH-USD,BUY,1995.27,136,136,0,2026-01-01T04:20:47Z
order_00012859,batch_0005,trader_0025,ETH-USD,BUY,1995.19,853,853,0,2026-01-01T03:34:18Z
order_00007367,batch_0005,trader_0009,ETH-USD,BUY,1995.14,148,148,0,2026-01-01T02:02:46Z
order_00008375,batch_0005,trader_0011,ETH-USD,BUY,1995.07,540,540,0,2026-01-01T02:19:34Z
order_00014721,batch_0005,trader_0016,ETH-USD,BUY,1995.07,220,220,0,2026-01-01T04:05:20Z
order_00011311,batch_0005,trader_0009,ETH-USD,BUY,1994.99,250,250,0,2026-01-01T03:08:30Z
order_00012287,batch_0005,trader_0008,ETH-USD,BUY,1994.97,725,725,0,2026-01-01T03:24:46Z
order_00014217,batch_0005,trader_0009,ETH-USD,BUY,1994.94,751,751,0,2026-01-01T03:56:56Z
order_00011791,batch_0005,trader_0006,ETH-USD,BUY,1994.9,300,300,0,2026-01-01T03:16:30Z
order_00009366,batch_0005,trader_0018,ETH-USD,BUY,1994.75,662,662,0,2026-01-01T02:36:05Z
order_00010646,batch_0005,trader_0006,ETH-USD,BUY,1994.68,810,810,0,2026-01-01T02:57:25Z
order_00012782,batch_0005,trader_0025,ETH-USD,BUY,1994.53,770,770,0,2026-01-01T03:33:01Z
order_00014278,batch_0005,trader_0013,ETH-USD,BUY,1994.46,85,85,0,2026-01-01T03:57:57Z
order_00012050,batch_0005,trader_0005,ETH-USD,BUY,1994.42,400,400,0,2026-01-01T03:20:49Z
order_00008122,batch_0005,trader_0012,ETH-USD,BUY,1994.39,765,765,0,2026-01-01T02:15:21Z
order_00006743,batch_0005,trader_0013,ETH-USD,BUY,1994.37,812,812,0,2026-01-01T01:52:22Z
order_00015934,batch_0005,trader_0010,ETH-USD,BUY,1994.36,701,701,0,2026-01-01T04:25:33Z
order_00008829,batch_0005,trader_0018,ETH-USD,BUY,1994.3,694,694,0,2026-01-01T02:27:08Z
order_00012902,batch_0005,trader_0002,ETH-USD,BUY,1994.14,123,123,0,2026-01-01T03:35:01Z
order_00014666,batch_0005,trader_0020,ETH-USD,BUY,1994.13,523,523,0,2026-01-01T04:04:25Z
order_00013683,batch_0005,trader_0007,ETH-USD,BUY,1994.06,132,132,0,2026-01-01T03:48:02Z
order_00014404,batch_0005,trader_0014,ETH-USD,BUY,1993.91,111,111,0,2026-01-01T04:00:03Z
order_00014858,batch_0005,trader_0020,ETH-USD,BUY,1993.82,724,724,0,2026-01-01T04:07:37Z
order_00006665,batch_0005,trader_0014,ETH-USD,BUY,1993.79,955,955,0,2026-01-01T01:51:04Z
order_00014163,batch_0005,trader_0005,ETH-USD,BUY,1993.57,99,99,0,2026-01-01T03:56:02Z
order_00014422,batch_0005,trader_0014,ETH-USD,BUY,1993.55,266,266,0,2026-01-01T04:00:21Z
order_00013517,batch_0005,trader_0019,ETH-USD,BUY,1993.46,757,757,0,2026-01-01T03:45:16Z
order_00009286,batch_0005,trader_0022,ETH-USD,BUY,1993.36,219,219,0,2026-01-01T02:34:45Z
order_00013169,batch_0005,trader_0013,ETH-USD,BUY,1993.31,467,467,0,2026-01-01T03:39:28Z
order_00009731,batch_0005,trader_0018,ETH-USD,BUY,1993.18,46,46,0,2026-01-01T02:42:10Z
order_00014810,batch_0005,trader_0020,ETH-USD,BUY,1992.91,235,235,0,2026-01-01T04:06:49Z
order_00012374,batch_0005,trader_0002,ETH-USD,BUY,1992.89,495,495,0,2026-01-01T03:26:13Z
order_00013716,batch_0005,trader_0018,ETH-USD,BUY,1992.82,6,6,0,2026-01-01T03:48:35Z
order_00014803,batch_0005,trader_0003,ETH-USD,BUY,1992.73,715,715,0,2026-01-01T04:06:42Z
order_00015880,batch_0005,trader_0012,ETH-USD,BUY,1992.65,946,946,0,2026-01-01T04:24:39Z
order_00015846,batch_0005,trader_0008,ETH-USD,BUY,1992.61,167,167,0,2026-01-01T04:24:05Z
order_00010551,batch_0005,trader_0024,ETH-USD,BUY,1992.55,445,445,0,2026-01-01T02:55:50Z
order_00008448,batch_0005,trader_0016,ETH-USD,BUY,1992.52,711,711,0,2026-01-01T02:20:47Z
order_00009671,batch_0005,trader_0017,ETH-USD,BUY,1992.48,928,928,0,2026-01-01T02:41:10Z
order_00014537,batch_0005,trader_0008,ETH-USD,BUY,1992.33,736,736,0,2026-01-01T04:02:16Z
order_00006936,batch_0005,trader_0017,ETH-USD,BUY,1992.23,859,859,0,2026-01-01T01:55:35Z
order_00007196,batch_0005,trader_0023,ETH-USD,BUY,1992.22,807,807,0,2026-01-01T01:59:55Z
order_00015896,batch_0005,trader_0013,ETH-USD,BUY,1992.22,479,479,0,2026-01-01T04:24:55Z
order_00007097,batch_0005,trader_0004,ETH-USD,BUY,1992.16,419,419,0,2026-01-01T01:58:16Z
order_00012253,batch_0005,trader_0017,ETH-USD,BUY,1992.14,64,64,0,2026-01-01T03:24:12Z
order_00013201,batch_0005,trader_0001,ETH-USD,BUY,1992.12,507,507,0,2026-01-01T03:40:00Z
order_00010828,batch_0005,trader_0019,ETH-USD,BUY,1992.04,285,285,0,2026-01-01T03:00:27Z
order_00016515,batch_0005,trader_0008,ETH-USD,BUY,1991.86,57,57,0,2026-01-01T04:35:14Z
order_00015453,batch_0005,trader_0007,ETH-USD,BUY,1991.76,526,526,0,2026-01-01T04:17:32Z
order_00012276,batch_0005,trader_0010,ETH-USD,BUY,1991.74,737,737,0,2026-01-01T03:24:35Z
order_00011694,batch_0005,trader_0016,ETH-USD,BUY,1991.56,348,348,0,2026-01-01T03:14:53Z
order_00008351,batch_0005,trader_0011,ETH-USD,BUY,1991.55,545,545,0,2026-01-01T02:19:10Z
order_00008553,batch_0005,trader_0010,ETH-USD,BUY,1991.32,523,523,0,2026-01-01T02:22:32Z
order_00015198,batch_0005,trader_0022,ETH-USD,BUY,1991.31,761,761,0,2026-01-01T04:13:17Z
order_00012254,batch_0005,trader_0002,ETH-USD,BUY,1991.3,55,55,0,2026-01-01T03:24:13Z
order_00014177,batch_0005,trader_0022,ETH-USD,BUY,1991.25,658,658,0,2026-01-01T03:56:16Z
order_00012907,batch_0005,trader_0003,ETH-USD,BUY,1991.1,1,1,0,2026-01-01T03:35:06Z
order_00013314,batch_0005,trader_0021,ETH-USD,BUY,1991.07,699,699,0,2026-01-01T03:41:53Z
order_00010947,batch_0005,trader_0006,ETH-USD,BUY,1991.0,520,520,0,2026-01-01T03:02:26Z
order_00011343,batch_0005,trader_0006,ETH-USD,BUY,1990.82,829,829,0,2026-01-01T03:09:02Z
order_00013428,batch_0005,trader_0007,ETH-USD,BUY,1990.71,449,449,0,2026-01-01T03:43:47Z
order_00012135,batch_0005,trader_0022,ETH-USD,BUY,1990.67,354,354,0,2026-01-01T03:22:14Z
order_00012701,batch_0005,trader_0010,ETH-USD,BUY,1990.64,659,659,0,2026-01-01T03:31:40Z
order_00010243,batch_0005,trader_0002,ETH-USD,BUY,1990.62,519,519,0,2026-01-01T02:50:42Z
order_00015347,batch_0005,trader_0023,ETH-USD,BUY,1990.52,824,824,0,2026-01-01T04:15:46Z
order_00013006,batch_0005,trader_0006,ETH-USD,BUY,1990.35,734,734,0,2026-01-01T03:36:45Z
order_00015507,batch_0005,trader_0011,ETH-USD,BUY,1990.33,367,367,0,2026-01-01T04:18:26Z
order_00010859,batch_0005,trader_0016,ETH-USD,BUY,1990.27,658,658,0,2026-01-01T03:00:58Z
order_00011523,batch_0005,trader_0020,ETH-USD,BUY,1990.27,729,729,0,2026-01-01T03:12:02Z
order_00014717,batch_0005,trader_0018,ETH-USD,BUY,1990.26,85,85,0,2026-01-01T04:05:16Z
order_00016570,batch_0005,trader_0011,ETH-USD,BUY,1990.23,437,437,0,2026-01-01T04:36:09Z
order_00007937,batch_0005,trader_0001,ETH-USD,BUY,1990.13,571,571,0,2026-01-01T02:12:16Z
order_00012279,batch_0005,trader_0005,ETH-USD,BUY,1989.96,460,460,0,2026-01-01T03:24:38Z
order_00007313,batch_0005,trader_0001,ETH-USD,BUY,1989.94,215,215,0,2026-01-01T02:01:52Z
order_00014727,batch_0005,trader_0006,ETH-USD,BUY,1989.92,295,295,0,2026-01-01T04:05:26Z
order_00015600,batch_0005,trader_0018,ETH-USD,BUY,1989.58,613,613,0,2026-01-01T04:19:59Z
order_00016295,batch_0005,trader_0017,ETH-USD,BUY,1989.57,742,742,0,2026-01-01T04:31:34Z
order_00016117,batch_0005,trader_0016,ETH-USD,BUY,1989.53,679,679,0,2026-01-01T04:28:36Z
order_00014612,batch_0005,trader_0022,ETH-USD,BUY,1989.39,733,733,0,2026-01-01T04:03:31Z
order_00006812,batch_0005,trader_0008,ETH-USD,BUY,1989.36,450,450,0,2026-01-01T01:53:31Z
order_00014660,batch_0005,trader_0011,ETH-USD,BUY,1989.3,816,816,0,2026-01-01T04:04:19Z
order_00014268,batch_0005,trader_0006,ETH-USD,BUY,1989.11,386,386,0,2026-01-01T03:57:47Z
order_00009588,batch_0005,trader_0007,ETH-USD,BUY,1989.06,641,641,0,2026-01-01T02:39:47Z
order_00011713,batch_0005,trader_0019,ETH-USD,BUY,1988.92,968,968,0,2026-01-01T03:15:12Z
order_00014335,batch_0005,trader_0015,ETH-USD,BUY,1988.91,824,824,0,2026-01-01T03:58:54Z
order_00010406,batch_0005,trader_0006,ETH-USD,BUY,1988.83,61,61,0,2026-01-01T02:53:25Z
order_00007120,batch_0005,trader_0008,ETH-USD,BUY,1988.76,637,637,0,2026-01-01T01:58:39Z
order_00010645,batch_0005,trader_0018,ETH-USD,BUY,1988.75,867,867,0,2026-01-01T02:57:24Z
order_00007151,batch_0005,trader_0006,ETH-USD,BUY,1988.61,61,61,0,2026-01-01T01:59:10Z
order_00013017,batch_0005,trader_0001,ETH-USD,BUY,1988.32,106,106,0,2026-01-01T03:36:56Z
order_00007960,batch_0005,trader_0014,ETH-USD,BUY,1988.15,314,314,0,2026-01-01T02:12:39Z
order_00009742,batch_0005,trader_0014,ETH-USD,BUY,1988.15,541,541,0,2026-01-01T02:42:21Z
order_00011588,batch_0005,trader_0016,ETH-USD,BUY,1988.12,2,2,0,2026-01-01T03:13:07Z
order_00008836,batch_0005,trader_0016,ETH-USD,BUY,1988.11,5,5,0,2026-01-01T02:27:15Z
order_00011976,batch_0005,trader_0023,ETH-USD,BUY,1987.99,759,759,0,2026-01-01T03:19:35Z
order_00012610,batch_0005,trader_0025,ETH-USD,BUY,1987.93,619,619,0,2026-01-01T03:30:09Z
order_00007589,batch_0005,trader_0024,ETH-USD,BUY,1987.83,245,245,0,2026-01-01T02:06:28Z
order_00011190,batch_0005,trader_0025,ETH-USD,BUY,1987.83,286,286,0,2026-01-01T03:06:29Z
order_00016539,batch_0005,trader_0023,ETH-USD,BUY,1987.79,74,74,0,2026-01-01T04:35:38Z
order_00009734,batch_0005,trader_0017,ETH-USD,BUY,1987.73,650,650,0,2026-01-01T02:42:13Z
order_00008930,batch_0005,trader_0018,ETH-USD,BUY,1987.71,257,257,0,2026-01-01T02:28:49Z
order_00010761,batch_0005,trader_0023,ETH-USD,BUY,1987.63,691,691,0,2026-01-01T02:59:20Z
order_00010001,batch_0005,trader_0021,ETH-USD,BUY,1987.59,13,13,0,2026-01-01T02:46:40Z
order_00011627,batch_0005,trader_0002,ETH-USD,BUY,1987.53,472,472,0,2026-01-01T03:13:46Z
order_00008467,batch_0005,trader_0023,ETH-USD,BUY,1987.52,526,526,0,2026-01-01T02:21:06Z
order_00009307,batch_0005,trader_0018,ETH-USD,BUY,1987.5,58,58,0,2026-01-01T02:35:06Z
order_00013510,batch_0005,trader_0011,ETH-USD,BUY,1987.21,439,439,0,2026-01-01T03:45:09Z
order_00013173,batch_0005,trader_0019,ETH-USD,BUY,1987.17,224,224,0,2026-01-01T03:39:32Z
order_00010655,batch_0005,trader_0007,ETH-USD,BUY,1987.14,559,559,0,2026-01-01T02:57:34Z
order_00012669,batch_0005,trader_0019,ETH-USD,BUY,1987.07,570,570,0,2026-01-01T03:31:08Z
order_00008834,batch_0005,trader_0023,ETH-USD,BUY,1986.96,590,590,0,2026-01-01T02:27:13Z
order_00009603,batch_0005,trader_0003,ETH-USD,BUY,1986.96,631,631,0,2026-01-01T02:40:02Z
order_00009741,batch_0005,trader_0024,ETH-USD,BUY,1986.94,779,779,0,2026-01-01T02:42:20Z
order_00010728,batch_0005,trader_0012,ETH-USD,BUY,1986.93,448,448,0,2026-01-01T02:58:47Z
order_00007460,batch_0005,trader_0007,ETH-USD,BUY,1986.85,558,558,0,2026-01-01T02:04:19Z
order_00010399,batch_0005,trader_0008,ETH-USD,BUY,1986.83,239,239,0,2026-01-01T02:53:18Z
order_00010027,batch_0005,trader_0009,ETH-USD,BUY,1986.79,435,435,0,2026-01-01T02:47:06Z
order_00014451,batch_0005,trader_0008,ETH-USD,BUY,1986.45,794,794,0,2026-01-01T04:00:50Z
order_00016026,batch_0005,trader_0012,ETH-USD,BUY,1986.31,829,829,0,2026-01-01T04:27:05Z
order_00016505,batch_0005,trader_0022,ETH-USD,BUY,1986.2,826,826,0,2026-01-01T04:35:04Z
order_00014820,batch_0005,trader_0002,ETH-USD,BUY,1986.12,655,655,0,2026-01-01T04:06:59Z
order_00009103,batch_0005,trader_0023,ETH-USD,BUY,1986.1,548,548,0,2026-01-01T02:31:42Z
order_00014594,batch_0005,trader_0001,ETH-USD,BUY,1985.87,782,782,0,2026-01-01T04:03:13Z
order_00014561,batch_0005,trader_0021,ETH-USD,BUY,1985.32,220,220,0,2026-01-01T04:02:40Z
order_00010284,batch_0005,trader_0002,ETH-USD,BUY,1985.3,335,335,0,2026-01-01T02:51:23Z
order_00015920,batch_0005,trader_0004,ETH-USD,BUY,1985.25,425,425,0,2026-01-01T04:25:19Z
order_00013359,batch_0005,trader_0002,ETH-USD,BUY,1985.2,807,807,0,2026-01-01T03:42:38Z
order_00014950,batch_0005,trader_0024,ETH-USD,BUY,1985.06,559,559,0,2026-01-01T04:09:09Z
order_00015479,batch_0005,trader_0020,ETH-USD,BUY,1985.0,872,872,0,2026-01-01T04:17:58Z
order_00008270,batch_0005,trader_0006,ETH-USD,BUY,1984.95,12,12,0,2026-01-01T02:17:49Z
order_00014476,batch_0005,trader_0013,ETH-USD,BUY,1984.75,944,944,0,2026-01-01T04:01:15Z
order_00007386,batch_0005,trader_0023,ETH-USD,BUY,1984.59,506,506,0,2026-01-01T02:03:05Z
order_00012930,batch_0005,trader_0021,ETH-USD,BUY,1984.59,926,926,0,2026-01-01T03:35:29Z
order_00008319,batch_0005,trader_0017,ETH-USD,BUY,1984.53,350,350,0,2026-01-01T02:18:38Z
order_00009199,batch_0005,trader_0001,ETH-USD,BUY,1984.49,707,707,0,2026-01-01T02:33:18Z
order_00009409,batch_0005,trader_0024,ETH-USD,BUY,1984.48,814,814,0,2026-01-01T02:36:48Z
order_00013349,batch_0005,trader_0024,ETH-USD,BUY,1984.47,644,644,0,2026-01-01T03:42:28Z
order_00008418,batch_0005,trader_0006,ETH-USD,BUY,1984.44,809,809,0,2026-01-01T02:20:17Z
order_00016215,batch_0005,trader_0013,ETH-USD,BUY,1984.41,266,266,0,2026-01-01T04:30:14Z
order_00011556,batch_0005,trader_0016,ETH-USD,BUY,1984.25,288,288,0,2026-01-01T03:12:35Z
order_00008504,batch_0005,trader_0003,ETH-USD,BUY,1984.23,457,457,0,2026-01-01T02:21:43Z
order_00015853,batch_0005,trader_0023,ETH-USD,BUY,1984.2,499,499,0,2026-01-01T04:24:12Z
order_00009096,batch_0005,trader_0017,ETH-USD,BUY,1984.09,661,661,0,2026-01-01T02:31:35Z
order_00008191,batch_0005,trader_0020,ETH-USD,BUY,1984.05,80,80,0,2026-01-01T02:16:30Z
order_00014736,batch_0005,trader_0012,ETH-USD,BUY,1984.02,656,656,0,2026-01-01T04:05:35Z
order_00012717,batch_0005,trader_0011,ETH-USD,BUY,1983.86,891,891,0,2026-01-01T03:31:56Z
order_00006687,batch_0005,trader_0007,ETH-USD,BUY,1983.85,216,216,0,2026-01-01T01:51:26Z
order_00010064,batch_0005,trader_0002,ETH-USD,BUY,1983.77,992,992,0,2026-01-01T02:47:43Z
order_00015332,batch_0005,trader_0020,ETH-USD,BUY,1983.62,316,316,0,2026-01-01T04:15:31Z
order_00007485,batch_0005,trader_0007,ETH-USD,BUY,1983.56,800,800,0,2026-01-01T02:04:44Z
order_00011735,batch_0005,trader_0011,ETH-USD,BUY,1983.53,70,70,0,2026-01-01T03:15:34Z
order_00009716,batch_0005,trader_0002,ETH-USD,BUY,1983.44,227,227,0,2026-01-01T02:41:55Z
order_00011389,batch_0005,trader_0019,ETH-USD,BUY,1983.41,714,714,0,2026-01-01T03:09:48Z
order_00015484,batch_0005,trader_0013,ETH-USD,BUY,1983.37,456,456,0,2026-01-01T04:18:03Z
order_00008933,batch_0005,trader_0002,ETH-USD,BUY,1983.26,480,480,0,2026-01-01T02:28:52Z
order_00007880,batch_0005,trader_0021,ETH-USD,BUY,1983.03,110,110,0,2026-01-01T02:11:19Z
order_00010533,batch_0005,trader_0009,ETH-USD,BUY,1982.98,624,624,0,2026-01-01T02:55:32Z
order_00009225,batch_0005,trader_0012,ETH-USD,BUY,1982.95,109,109,0,2026-01-01T02:33:44Z
order_00015987,batch_0005,trader_0020,ETH-USD,BUY,1982.91,60,60,0,2026-01-01T04:26:26Z
order_00007744,batch_0005,trader_0025,ETH-USD,BUY,1982.83,825,825,0,2026-01-01T02:09:03Z
order_00009949,batch_0005,trader_0005,ETH-USD,BUY,1982.76,432,432,0,2026-01-01T02:45:48Z
order_00015254,batch_0005,trader_0015,ETH-USD,BUY,1982.76,451,451,0,2026-01-01T04:14:13Z
order_00013446,batch_0005,trader_0002,ETH-USD,BUY,1982.45,184,184,0,2026-01-01T03:44:05Z
order_00014008,batch_0005,trader_0013,ETH-USD,BUY,1982.34,704,704,0,2026-01-01T03:53:27Z
order_00013812,batch_0005,trader_0017,ETH-USD,BUY,1982.21,395,395,0,2026-01-01T03:50:11Z
order_00008313,batch_0005,trader_0025,ETH-USD,BUY,1982.01,53,53,0,2026-01-01T02:18:32Z
order_00015529,batch_0005,trader_0006,ETH-USD,BUY,1982.0,582,582,0,2026-01-01T04:18:48Z
order_00013250,batch_0005,trader_0006,ETH-USD,BUY,1981.98,422,422,0,2026-01-01T03:40:49Z
order_00013261,batch_0005,trader_0011,ETH-USD,BUY,1981.85,729,729,0,2026-01-01T03:41:00Z
order_00008589,batch_0005,trader_0003,ETH-USD,BUY,1981.68,271,271,0,2026-01-01T02:23:08Z
order_00015531,batch_0005,trader_0018,ETH-USD,BUY,1981.63,141,141,0,2026-01-01T04:18:50Z
order_00010403,batch_0005,trader_0012,ETH-USD,BUY,1981.55,707,707,0,2026-01-01T02:53:22Z
order_00014750,batch_0005,trader_0004,ETH-USD,BUY,1981.5,694,694,0,2026-01-01T04:05:49Z
order_00008298,batch_0005,trader_0013,ETH-USD,BUY,1981.42,571,571,0,2026-01-01T02:18:17Z
order_00009807,batch_0005,trader_0004,ETH-USD,BUY,1981.39,514,514,0,2026-01-01T02:43:26Z
order_00015050,batch_0005,trader_0002,ETH-USD,BUY,1981.29,58,58,0,2026-01-01T04:10:49Z
order_00010535,batch_0005,trader_0019,ETH-USD,BUY,1981.23,960,960,0,2026-01-01T02:55:34Z
order_00011415,batch_0005,trader_0006,ETH-USD,BUY,1981.23,341,341,0,2026-01-01T03:10:14Z
order_00013102,batch_0005,trader_0023,ETH-USD,BUY,1981.15,494,494,0,2026-01-01T03:38:21Z
order_00013190,batch_0005,trader_0012,ETH-USD,BUY,1981.09,55,55,0,2026-01-01T03:39:49Z
order_00009548,batch_0005,trader_0004,ETH-USD,BUY,1981.05,65,65,0,2026-01-01T02:39:07Z
order_00012727,batch_0005,trader_0019,ETH-USD,BUY,1980.93,481,481,0,2026-01-01T03:32:06Z
order_00008292,batch_0005,trader_0002,ETH-USD,BUY,1980.76,513,513,0,2026-01-01T02:18:11Z
order_00013205,batch_0005,trader_0020,ETH-USD,BUY,1980.74,972,972,0,2026-01-01T03:40:04Z
order_00015414,batch_0005,trader_0020,ETH-USD,BUY,1980.65,887,887,0,2026-01-01T04:16:53Z
order_00016466,batch_0005,trader_0004,ETH-USD,BUY,1980.53,421,421,0,2026-01-01T04:34:25Z
order_00011856,batch_0005,trader_0008,ETH-USD,BUY,1980.52,163,163,0,2026-01-01T03:17:35Z
order_00015171,batch_0005,trader_0007,ETH-USD,BUY,1980.47,694,694,0,2026-01-01T04:12:50Z
order_00015872,batch_0005,trader_0018,ETH-USD,BUY,1980.4,117,117,0,2026-01-01T04:24:31Z
order_00008618,batch_0005,trader_0008,ETH-USD,BUY,1980.37,829,829,0,2026-01-01T02:23:37Z
order_00007431,batch_0005,trader_0009,ETH-USD,BUY,1980.32,836,836,0,2026-01-01T02:03:50Z
order_00006999,batch_0005,trader_0015,ETH-USD,BUY,1980.13,894,894,0,2026-01-01T01:56:38Z
order_00014809,batch_0005,trader_0002,ETH-USD,BUY,1979.96,619,619,0,2026-01-01T04:06:48Z
order_00010777,batch_0005,trader_0010,ETH-USD,BUY,1979.94,97,97,0,2026-01-01T02:59:36Z
order_00009869,batch_0005,trader_0004,ETH-USD,BUY,1979.92,962,962,0,2026-01-01T02:44:28Z
order_00012622,batch_0005,trader_0024,ETH-USD,BUY,1979.92,956,956,0,2026-01-01T03:30:21Z
order_00010019,batch_0005,trader_0021,ETH-USD,BUY,1979.84,503,503,0,2026-01-01T02:46:58Z
order_00011144,batch_0005,trader_0015,ETH-USD,BUY,1979.63,850,850,0,2026-01-01T03:05:43Z
order_00012532,batch_0005,trader_0014,ETH-USD,BUY,1979.61,453,453,0,2026-01-01T03:28:51Z
order_00012127,batch_0005,trader_0023,ETH-USD,BUY,1979.51,277,277,0,2026-01-01T03:22:06Z
order_00012888,batch_0005,trader_0002,ETH-USD,BUY,1979.51,679,679,0,2026-01-01T03:34:47Z
order_00013669,batch_0005,trader_0020,ETH-USD,BUY,1979.04,133,133,0,2026-01-01T03:47:48Z
order_00015413,batch_0005,trader_0015,ETH-USD,BUY,1978.97,541,541,0,2026-01-01T04:16:52Z
order_00007575,batch_0005,trader_0016,ETH-USD,BUY,1978.88,971,971,0,2026-01-01T02:06:14Z
order_00012731,batch_0005,trader_0009,ETH-USD,BUY,1978.8,182,182,0,2026-01-01T03:32:10Z
order_00016024,batch_0005,trader_0001,ETH-USD,BUY,1978.79,870,870,0,2026-01-01T04:27:03Z
order_00012036,batch_0005,trader_0005,ETH-USD,BUY,1978.77,274,274,0,2026-01-01T03:20:35Z
order_00007764,batch_0005,trader_0019,ETH-USD,BUY,1978.54,117,117,0,2026-01-01T02:09:23Z
order_00012112,batch_0005,trader_0001,ETH-USD,BUY,1978.5,35,35,0,2026-01-01T03:21:51Z
order_00007934,batch_0005,trader_0015,ETH-USD,BUY,1978.45,195,195,0,2026-01-01T02:12:13Z
order_00012654,batch_0005,trader_0025,ETH-USD,BUY,1978.39,664,664,0,2026-01-01T03:30:53Z
order_00015820,batch_0005,trader_0016,ETH-USD,BUY,1978.03,977,977,0,2026-01-01T04:23:39Z
order_00008600,batch_0005,trader_0019,ETH-USD,BUY,1977.97,119,119,0,2026-01-01T02:23:19Z
order_00011669,batch_0005,trader_0009,ETH-USD,BUY,1977.69,837,837,0,2026-01-01T03:14:28Z
order_00007284,batch_0005,trader_0003,ETH-USD,BUY,1977.66,148,148,0,2026-01-01T02:01:23Z
order_00007333,batch_0005,trader_0024,ETH-USD,BUY,1977.58,251,251,0,2026-01-01T02:02:12Z
order_00009681,batch_0005,trader_0007,ETH-USD,BUY,1977.57,699,699,0,2026-01-01T02:41:20Z
order_00009702,batch_0005,trader_0009,ETH-USD,BUY,1977.34,875,875,0,2026-01-01T02:41:41Z
order_00014190,batch_0005,trader_0004,ETH-USD,BUY,1977.16,42,42,0,2026-01-01T03:56:29Z
order_00011087,batch_0005,trader_0001,ETH-USD,BUY,1977.15,226,226,0,2026-01-01T03:04:46Z
order_00014900,batch_0005,trader_0004,ETH-USD,BUY,1977.05,516,516,0,2026-01-01T04:08:19Z
order_00011296,batch_0005,trader_0008,ETH-USD,BUY,1976.99,6,6,0,2026-01-01T03:08:15Z
order_00013461,batch_0005,trader_0016,ETH-USD,BUY,1976.98,908,908,0,2026-01-01T03:44:20Z
order_00010752,batch_0005,trader_0015,ETH-USD,BUY,1976.75,168,168,0,2026-01-01T02:59:11Z
order_00009398,batch_0005,trader_0007,ETH-USD,BUY,1976.71,694,694,0,2026-01-01T02:36:37Z
order_00014219,batch_0005,trader_0007,ETH-USD,BUY,1976.62,237,237,0,2026-01-01T03:56:58Z
order_00011730,batch_0005,trader_0008,ETH-USD,BUY,1976.58,952,952,0,2026-01-01T03:15:29Z
order_00013019,batch_0005,trader_0024,ETH-USD,BUY,1976.57,247,247,0,2026-01-01T03:36:58Z
order_00008996,batch_0005,trader_0019,ETH-USD,BUY,1976.55,998,998,0,2026-01-01T02:29:55Z
order_00009450,batch_0005,trader_0015,ETH-USD,BUY,1976.52,266,266,0,2026-01-01T02:37:29Z
order_00008014,batch_0005,trader_0003,ETH-USD,BUY,1976.38,461,461,0,2026-01-01T02:13:33Z
order_00007076,batch_0005,trader_0021,ETH-USD,BUY,1976.32,250,250,0,2026-01-01T01:57:55Z
order_00008625,batch_0005,trader_0017,ETH-USD,BUY,1976.32,288,288,0,2026-01-01T02:23:44Z
order_00015320,batch_0005,trader_0017,ETH-USD,BUY,1976.32,559,559,0,2026-01-01T04:15:19Z
order_00014768,batch_0005,trader_0019,ETH-USD,BUY,1976.26,39,39,0,2026-01-01T04:06:07Z
order_00015119,batch_0005,trader_0022,ETH-USD,BUY,1976.24,385,385,0,2026-01-01T04:11:58Z
order_00015520,batch_0005,trader_0018,ETH-USD,BUY,1976.24,883,883,0,2026-01-01T04:18:39Z
order_00011781,batch_0005,trader_0021,ETH-USD,BUY,1976.18,283,283,0,2026-01-01T03:16:20Z
order_00014804,batch_0005,trader_0001,ETH-USD,BUY,1976.09,660,660,0,2026-01-01T04:06:43Z
order_00012751,batch_0005,trader_0002,ETH-USD,BUY,1976.04,925,925,0,2026-01-01T03:32:30Z
order_00006924,batch_0005,trader_0015,ETH-USD,BUY,1976.01,762,762,0,2026-01-01T01:55:23Z
order_00009044,batch_0005,trader_0022,ETH-USD,BUY,1976.0,858,858,0,2026-01-01T02:30:43Z
order_00015767,batch_0005,trader_0010,ETH-USD,BUY,1975.97,379,379,0,2026-01-01T04:22:46Z
order_00012100,batch_0005,trader_0016,ETH-USD,BUY,1975.85,32,32,0,2026-01-01T03:21:39Z
order_00013161,batch_0005,trader_0020,ETH-USD,BUY,1975.81,852,852,0,2026-01-01T03:39:20Z
order_00016006,batch_0005,trader_0006,ETH-USD,BUY,1975.55,800,800,0,2026-01-01T04:26:45Z
order_00016168,batch_0005,trader_0018,ETH-USD,BUY,1975.53,818,818,0,2026-01-01T04:29:27Z
order_00013785,batch_0005,trader_0011,ETH-USD,BUY,1975.48,8,8,0,2026-01-01T03:49:44Z
order_00007060,batch_0005,trader_0009,ETH-USD,BUY,1975.47,702,702,0,2026-01-01T01:57:39Z
order_00015200,batch_0005,trader_0014,ETH-USD,BUY,1975.42,663,663,0,2026-01-01T04:13:19Z
order_00015258,batch_0005,trader_0014,ETH-USD,BUY,1975.14,591,591,0,2026-01-01T04:14:17Z
order_00010583,batch_0005,trader_0015,ETH-USD,BUY,1975.03,67,67,0,2026-01-01T02:56:22Z
order_00009338,batch_0005,trader_0006,ETH-USD,BUY,1974.99,191,191,0,2026-01-01T02:35:37Z
order_00008125,batch_0005,trader_0009,ETH-USD,BUY,1974.97,912,912,0,2026-01-01T02:15:24Z
order_00007356,batch_0005,trader_0020,ETH-USD,BUY,1974.94,266,266,0,2026-01-01T02:02:35Z
order_00014801,batch_0005,trader_0015,ETH-USD,BUY,1974.8,262,262,0,2026-01-01T04:06:40Z
order_00006863,batch_0005,trader_0023,ETH-USD,BUY,1974.77,462,462,0,2026-01-01T01:54:22Z
order_00014719,batch_0005,trader_0020,ETH-USD,BUY,1974.75,796,796,0,2026-01-01T04:05:18Z
order_00006925,batch_0005,trader_0012,ETH-USD,BUY,1974.71,546,546,0,2026-01-01T01:55:24Z
order_00010593,batch_0005,trader_0016,ETH-USD,BUY,1974.67,52,52,0,2026-01-01T02:56:32Z
order_00015304,batch_0005,trader_0006,ETH-USD,BUY,1974.45,967,967,0,2026-01-01T04:15:03Z
order_00013237,batch_0005,trader_0020,ETH-USD,BUY,1974.36,337,337,0,2026-01-01T03:40:36Z
order_00015192,batch_0005,trader_0025,ETH-USD,BUY,1974.35,520,520,0,2026-01-01T04:13:11Z
order_00008105,batch_0005,trader_0004,ETH-USD,BUY,1974.33,657,657,0,2026-01-01T02:15:04Z
order_00011400,batch_0005,trader_0001,ETH-USD,BUY,1974.33,210,210,0,2026-01-01T03:09:59Z
order_00015130,batch_0005,trader_0012,ETH-USD,BUY,1974.23,923,923,0,2026-01-01T04:12:09Z
order_00016425,batch_0005,trader_0011,ETH-USD,BUY,1974.22,240,240,0,2026-01-01T04:33:44Z
order_00012140,batch_0005,trader_0023,ETH-USD,BUY,1974.17,330,330,0,2026-01-01T03:22:19Z
order_00012208,batch_0005,trader_0019,ETH-USD,BUY,1974.09,460,460,0,2026-01-01T03:23:27Z
order_00009584,batch_0005,trader_0013,ETH-USD,BUY,1974.06,485,485,0,2026-01-01T02:39:43Z
order_00007553,batch_0005,trader_0017,ETH-USD,BUY,1973.99,443,443,0,2026-01-01T02:05:52Z
order_00009030,batch_0005,trader_0023,ETH-USD,BUY,1973.99,617,617,0,2026-01-01T02:30:29Z
order_00015297,batch_0005,trader_0003,ETH-USD,BUY,1973.94,953,953,0,2026-01-01T04:14:56Z
order_00011941,batch_0005,trader_0006,ETH-USD,BUY,1973.91,959,959,0,2026-01-01T03:19:00Z
order_00014021,batch_0005,trader_0016,ETH-USD,BUY,1973.91,27,27,0,2026-01-01T03:53:40Z
order_00016008,batch_0005,trader_0014,ETH-USD,BUY,1973.88,256,256,0,2026-01-01T04:26:47Z
order_00009352,batch_0005,trader_0007,ETH-USD,BUY,1973.79,505,505,0,2026-01-01T02:35:51Z
order_00014437,batch_0005,trader_0010,ETH-USD,BUY,1973.78,106,106,0,2026-01-01T04:00:36Z
order_00010161,batch_0005,trader_0024,ETH-USD,BUY,1973.76,865,865,0,2026-01-01T02:49:20Z
order_00009878,batch_0005,trader_0008,ETH-USD,BUY,1973.64,841,841,0,2026-01-01T02:44:37Z
order_00013045,batch_0005,trader_0007,ETH-USD,BUY,1973.57,828,828,0,2026-01-01T03:37:24Z
order_00015644,batch_0005,trader_0022,ETH-USD,BUY,1973.4,980,980,0,2026-01-01T04:20:43Z
order_00006907,batch_0005,trader_0003,ETH-USD,BUY,1973.3,789,789,0,2026-01-01T01:55:06Z
order_00009474,batch_0005,trader_0022,ETH-USD,BUY,1973.24,514,514,0,2026-01-01T02:37:53Z
order_00011226,batch_0005,trader_0008,ETH-USD,BUY,1973.24,93,93,0,2026-01-01T03:07:05Z
order_00012989,batch_0005,trader_0008,ETH-USD,BUY,1973.23,995,995,0,2026-01-01T03:36:28Z
order_00009055,batch_0005,trader_0023,ETH-USD,BUY,1973.2,363,363,0,2026-01-01T02:30:54Z
order_00015809,batch_0005,trader_0024,ETH-USD,BUY,1973.06,348,348,0,2026-01-01T04:23:28Z
order_00008820,batch_0005,trader_0024,ETH-USD,BUY,1973.05,470,470,0,2026-01-01T02:26:59Z
order_00014372,batch_0005,trader_0023,ETH-USD,BUY,1973.05,223,223,0,2026-01-01T03:59:31Z
order_00010653,batch_0005,trader_0021,ETH-USD,BUY,1973.01,825,825,0,2026-01-01T02:57:32Z
order_00012837,batch_0005,trader_0019,ETH-USD,BUY,1973.01,747,747,0,2026-01-01T03:33:56Z
order_00008195,batch_0005,trader_0020,ETH-USD,BUY,1972.99,557,557,0,2026-01-01T02:16:34Z
order_00010158,batch_0005,trader_0010,ETH-USD,BUY,1972.9,188,188,0,2026-01-01T02:49:17Z
order_00009519,batch_0005,trader_0018,ETH-USD,BUY,1972.88,408,408,0,2026-01-01T02:38:38Z
order_00010944,batch_0005,trader_0014,ETH-USD,BUY,1972.87,18,18,0,2026-01-01T03:02:23Z
order_00009722,batch_0005,trader_0007,ETH-USD,BUY,1972.75,596,596,0,2026-01-01T02:42:01Z
order_00012128,batch_0005,trader_0009,ETH-USD,BUY,1972.64,306,306,0,2026-01-01T03:22:07Z
order_00014127,batch_0005,trader_0009,ETH-USD,BUY,1972.55,370,370,0,2026-01-01T03:55:26Z
order_00016263,batch_0005,trader_0021,ETH-USD,BUY,1972.54,536,536,0,2026-01-01T04:31:02Z
order_00015797,batch_0005,trader_0025,ETH-USD,BUY,1972.45,517,517,0,2026-01-01T04:23:16Z
order_00008535,batch_0005,trader_0012,ETH-USD,BUY,1972.44,363,363,0,2026-01-01T02:22:14Z
order_00012720,batch_0005,trader_0007,ETH-USD,BUY,1972.3,624,624,0,2026-01-01T03:31:59Z
order_00012459,batch_0005,trader_0007,ETH-USD,BUY,1972.27,195,195,0,2026-01-01T03:27:38Z
order_00007115,batch_0005,trader_0007,ETH-USD,BUY,1972.02,525,525,0,2026-01-01T01:58:34Z
order_00016031,batch_0005,trader_0002,ETH-USD,BUY,1971.84,735,735,0,2026-01-01T04:27:10Z
order_00008148,batch_0005,trader_0009,ETH-USD,BUY,1971.78,103,103,0,2026-01-01T02:15:47Z
order_00014565,batch_0005,trader_0018,ETH-USD,BUY,1971.77,397,397,0,2026-01-01T04:02:44Z
order_00014418,batch_0005,trader_0001,ETH-USD,BUY,1971.74,103,103,0,2026-01-01T04:00:17Z
order_00009934,batch_0005,trader_0004,ETH-USD,BUY,1971.69,636,636,0,2026-01-01T02:45:33Z
order_00015394,batch_0005,trader_0009,ETH-USD,BUY,1971.62,391,391,0,2026-01-01T04:16:33Z
order_00016481,batch_0005,trader_0009,ETH-USD,BUY,1971.59,483,483,0,2026-01-01T04:34:40Z
order_00007820,batch_0005,trader_0001,ETH-USD,BUY,1971.52,957,957,0,2026-01-01T02:10:19Z
order_00008889,batch_0005,trader_0016,ETH-USD,BUY,1971.48,341,341,0,2026-01-01T02:28:08Z
order_00015784,batch_0005,trader_0013,ETH-USD,BUY,1971.35,697,697,0,2026-01-01T04:23:03Z
order_00006841,batch_0005,trader_0014,ETH-USD,BUY,1971.21,172,172,0,2026-01-01T01:54:00Z
order_00007926,batch_0005,trader_0022,ETH-USD,BUY,1971.2,908,908,0,2026-01-01T02:12:05Z
order_00011167,batch_0005,trader_0024,ETH-USD,BUY,1971.13,471,471,0,2026-01-01T03:06:06Z
order_00015052,batch_0005,trader_0002,ETH-USD,BUY,1971.07,391,391,0,2026-01-01T04:10:51Z
order_00007005,batch_0005,trader_0010,ETH-USD,BUY,1970.91,877,877,0,2026-01-01T01:56:44Z
order_00015916,batch_0005,trader_0004,ETH-USD,BUY,1970.88,522,522,0,2026-01-01T04:25:15Z
order_00010665,batch_0005,trader_0019,ETH-USD,BUY,1970.87,649,649,0,2026-01-01T02:57:44Z
order_00010338,batch_0005,trader_0002,ETH-USD,BUY,1970.86,314,314,0,2026-01-01T02:52:17Z
order_00015944,batch_0005,trader_0016,ETH-USD,BUY,1970.8,343,343,0,2026-01-01T04:25:43Z
order_00015084,batch_0005,trader_0006,ETH-USD,BUY,1970.69,973,973,0,2026-01-01T04:11:23Z
order_00013903,batch_0005,trader_0013,ETH-USD,BUY,1970.6,834,834,0,2026-01-01T03:51:42Z
order_00007459,batch_0005,trader_0008,ETH-USD,BUY,1970.59,308,308,0,2026-01-01T02:04:18Z
order_00015442,batch_0005,trader_0003,ETH-USD,BUY,1970.54,404,404,0,2026-01-01T04:17:21Z
order_00013227,batch_0005,trader_0014,ETH-USD,BUY,1970.53,538,538,0,2026-01-01T03:40:26Z
order_00013556,batch_0005,trader_0013,ETH-USD,BUY,1970.48,980,980,0,2026-01-01T03:45:55Z
order_00014427,batch_0005,trader_0005,ETH-USD,BUY,1970.47,609,609,0,2026-01-01T04:00:26Z
order_00010296,batch_0005,trader_0010,ETH-USD,BUY,1970.4,524,524,0,2026-01-01T02:51:35Z
order_00015145,batch_0005,trader_0022,ETH-USD,BUY,1970.26,878,878,0,2026-01-01T04:12:24Z
order_00007193,batch_0005,trader_0023,ETH-USD,BUY,1970.19,77,77,0,2026-01-01T01:59:52Z
order_00012424,batch_0005,trader_0012,ETH-USD,BUY,1970.18,467,467,0,2026-01-01T03:27:03Z
order_00014363,batch_0005,trader_0024,ETH-USD,BUY,1970.09,596,596,0,2026-01-01T03:59:22Z
order_00006621,batch_0005,trader_0017,ETH-USD,BUY,1969.97,783,783,0,2026-01-01T01:50:20Z
order_00007855,batch_0005,trader_0006,ETH-USD,BUY,1969.86,388,388,0,2026-01-01T02:10:54Z
order_00008958,batch_0005,trader_0018,ETH-USD,BUY,1969.86,231,231,0,2026-01-01T02:29:17Z
order_00010316,batch_0005,trader_0004,ETH-USD,BUY,1969.77,794,794,0,2026-01-01T02:51:55Z
order_00013419,batch_0005,trader_0013,ETH-USD,BUY,1969.76,721,721,0,2026-01-01T03:43:38Z
order_00009000,batch_0005,trader_0017,ETH-USD,BUY,1969.72,694,694,0,2026-01-01T02:29:59Z
order_00011823,batch_0005,trader_0009,ETH-USD,BUY,1969.72,956,956,0,2026-01-01T03:17:02Z
order_00013452,batch_0005,trader_0012,ETH-USD,BUY,1969.57,499,499,0,2026-01-01T03:44:11Z
order_00015088,batch_0005,trader_0025,ETH-USD,BUY,1969.54,899,899,0,2026-01-01T04:11:27Z
order_00012609,batch_0005,trader_0017,ETH-USD,BUY,1969.47,130,130,0,2026-01-01T03:30:08Z
order_00014617,batch_0005,trader_0001,ETH-USD,BUY,1969.45,215,215,0,2026-01-01T04:03:36Z
order_00007153,batch_0005,trader_0016,ETH-USD,BUY,1969.44,629,629,0,2026-01-01T01:59:12Z
order_00015488,batch_0005,trader_0025,ETH-USD,BUY,1969.37,418,418,0,2026-01-01T04:18:07Z
order_00012968,batch_0005,trader_0022,ETH-USD,BUY,1969.31,600,600,0,2026-01-01T03:36:07Z
order_00015978,batch_0005,trader_0024,ETH-USD,BUY,1969.13,636,636,0,2026-01-01T04:26:17Z
order_00015523,batch_0005,trader_0010,ETH-USD,BUY,1969.09,183,183,0,2026-01-01T04:18:42Z
order_00011869,batch_0005,trader_0015,ETH-USD,BUY,1969.08,665,665,0,2026-01-01T03:17:48Z
order_00016080,batch_0005,trader_0007,ETH-USD,BUY,1968.89,49,49,0,2026-01-01T04:27:59Z
order_00009035,batch_0005,trader_0022,ETH-USD,BUY,1968.77,249,249,0,2026-01-01T02:30:34Z
order_00013528,batch_0005,trader_0001,ETH-USD,BUY,1968.67,652,652,0,2026-01-01T03:45:27Z
order_00009095,batch_0005,trader_0010,ETH-USD,BUY,1968.53,598,598,0,2026-01-01T02:31:34Z
order_00007795,batch_0005,trader_0008,ETH-USD,BUY,1968.44,712,712,0,2026-01-01T02:09:54Z
order_00010547,batch_0005,trader_0006,ETH-USD,BUY,1968.36,482,482,0,2026-01-01T02:55:46Z
order_00015467,batch_0005,trader_0021,ETH-USD,BUY,1968.32,149,149,0,2026-01-01T04:17:46Z
order_00011636,batch_0005,trader_0006,ETH-USD,BUY,1968.28,269,269,0,2026-01-01T03:13:55Z
order_00014711,batch_0005,trader_0012,ETH-USD,BUY,1968.26,313,313,0,2026-01-01T04:05:10Z
order_00012801,batch_0005,trader_0009,ETH-USD,BUY,1968.13,13,13,0,2026-01-01T03:33:20Z
order_00012539,batch_0005,trader_0020,ETH-USD,BUY,1968.01,736,736,0,2026-01-01T03:28:58Z
order_00011545,batch_0005,trader_0022,ETH-USD,BUY,1967.87,873,873,0,2026-01-01T03:12:24Z
order_00011103,batch_0005,trader_0011,ETH-USD,BUY,1967.83,904,904,0,2026-01-01T03:05:02Z
order_00014252,batch_0005,trader_0020,ETH-USD,BUY,1967.75,473,473,0,2026-01-01T03:57:31Z
order_00008923,batch_0005,trader_0017,ETH-USD,BUY,1967.63,721,721,0,2026-01-01T02:28:42Z
order_00008430,batch_0005,trader_0012,ETH-USD,BUY,1967.58,68,68,0,2026-01-01T02:20:29Z
order_00007886,batch_0005,trader_0024,ETH-USD,BUY,1967.53,368,368,0,2026-01-01T02:11:25Z
order_00007376,batch_0005,trader_0013,ETH-USD,BUY,1967.52,582,582,0,2026-01-01T02:02:55Z
order_00008428,batch_0005,trader_0002,ETH-USD,BUY,1967.5,885,885,0,2026-01-01T02:20:27Z
order_00015218,batch_0005,trader_0007,ETH-USD,BUY,1967.42,977,977,0,2026-01-01T04:13:37Z
order_00016085,batch_0005,trader_0025,ETH-USD,BUY,1967.36,322,322,0,2026-01-01T04:28:04Z
order_00011464,batch_0005,trader_0005,ETH-USD,BUY,1967.21,311,311,0,2026-01-01T03:11:03Z
order_00013585,batch_0005,trader_0013,ETH-USD,BUY,1967.16,518,518,0,2026-01-01T03:46:24Z
order_00014225,batch_0005,trader_0017,ETH-USD,BUY,1967.05,603,603,0,2026-01-01T03:57:04Z
order_00010911,batch_0005,trader_0010,ETH-USD,BUY,1966.89,292,292,0,2026-01-01T03:01:50Z
order_00007529,batch_0005,trader_0003,ETH-USD,BUY,1966.86,455,455,0,2026-01-01T02:05:28Z
order_00014691,batch_0005,trader_0002,ETH-USD,BUY,1966.82,55,55,0,2026-01-01T04:04:50Z
order_00008123,batch_0005,trader_0001,ETH-USD,BUY,1966.73,280,280,0,2026-01-01T02:15:22Z
order_00011679,batch_0005,trader_0020,ETH-USD,BUY,1966.68,770,770,0,2026-01-01T03:14:38Z
order_00013946,batch_0005,trader_0018,ETH-USD,BUY,1966.63,248,248,0,2026-01-01T03:52:25Z
order_00007126,batch_0005,trader_0010,ETH-USD,BUY,1966.62,939,939,0,2026-01-01T01:58:45Z
order_00016371,batch_0005,trader_0011,ETH-USD,BUY,1966.56,6,6,0,2026-01-01T04:32:50Z
order_00014081,batch_0005,trader_0020,ETH-USD,BUY,1966.54,760,760,0,2026-01-01T03:54:40Z
order_00014066,batch_0005,trader_0012,ETH-USD,BUY,1966.51,247,247,0,2026-01-01T03:54:25Z
order_00010180,batch_0005,trader_0014,ETH-USD,BUY,1966.46,517,517,0,2026-01-01T02:49:39Z
order_00010931,batch_0005,trader_0025,ETH-USD,BUY,1966.42,874,874,0,2026-01-01T03:02:10Z
order_00015095,batch_0005,trader_0021,ETH-USD,BUY,1966.33,607,607,0,2026-01-01T04:11:34Z
order_00010997,batch_0005,trader_0007,ETH-USD,BUY,1966.13,343,343,0,2026-01-01T03:03:16Z
order_00014904,batch_0005,trader_0014,ETH-USD,BUY,1966.13,537,537,0,2026-01-01T04:08:23Z
order_00008431,batch_0005,trader_0010,ETH-USD,BUY,1966.08,490,490,0,2026-01-01T02:20:30Z
order_00008219,batch_0005,trader_0024,ETH-USD,BUY,1966.03,686,686,0,2026-01-01T02:16:58Z
order_00006892,batch_0005,trader_0012,ETH-USD,BUY,1965.89,74,74,0,2026-01-01T01:54:51Z
order_00015610,batch_0005,trader_0008,ETH-USD,BUY,1965.83,610,610,0,2026-01-01T04:20:09Z
order_00012856,batch_0005,trader_0001,ETH-USD,BUY,1965.6,997,997,0,2026-01-01T03:34:15Z
order_00011761,batch_0005,trader_0013,ETH-USD,BUY,1965.51,683,683,0,2026-01-01T03:16:00Z
order_00009245,batch_0005,trader_0005,ETH-USD,BUY,1965.46,979,979,0,2026-01-01T02:34:04Z
order_00007166,batch_0005,trader_0013,ETH-USD,BUY,1965.44,658,658,0,2026-01-01T01:59:25Z
order_00010188,batch_0005,trader_0022,ETH-USD,BUY,1965.39,596,596,0,2026-01-01T02:49:47Z
order_00008561,batch_0005,trader_0013,ETH-USD,BUY,1965.32,278,278,0,2026-01-01T02:22:40Z
order_00009875,batch_0005,trader_0009,ETH-USD,BUY,1965.21,836,836,0,2026-01-01T02:44:34Z
order_00012555,batch_0005,trader_0010,ETH-USD,BUY,1965.04,439,439,0,2026-01-01T03:29:14Z
order_00014377,batch_0005,trader_0015,ETH-USD,BUY,1964.98,845,845,0,2026-01-01T03:59:36Z
order_00015612,batch_0005,trader_0014,ETH-USD,BUY,1964.9,145,145,0,2026-01-01T04:20:11Z
order_00009003,batch_0005,trader_0017,ETH-USD,BUY,1964.82,591,591,0,2026-01-01T02:30:02Z
order_00009313,batch_0005,trader_0001,ETH-USD,BUY,1964.77,416,416,0,2026-01-01T02:35:12Z
order_00011410,batch_0005,trader_0019,ETH-USD,BUY,1964.75,884,884,0,2026-01-01T03:10:09Z
order_00014092,batch_0005,trader_0018,ETH-USD,BUY,1964.72,272,272,0,2026-01-01T03:54:51Z
order_00013610,batch_0005,trader_0005,ETH-USD,BUY,1964.66,842,842,0,2026-01-01T03:46:49Z
order_00013663,batch_0005,trader_0025,ETH-USD,BUY,1964.46,568,568,0,2026-01-01T03:47:42Z
order_00009622,batch_0005,trader_0025,ETH-USD,BUY,1964.45,395,395,0,2026-01-01T02:40:21Z
order_00015822,batch_0005,trader_0022,ETH-USD,BUY,1964.42,613,613,0,2026-01-01T04:23:41Z
order_00009645,batch_0005,trader_0011,ETH-USD,BUY,1964.31,706,706,0,2026-01-01T02:40:44Z
order_00008356,batch_0005,trader_0010,ETH-USD,BUY,1964.08,455,455,0,2026-01-01T02:19:15Z
order_00010245,batch_0005,trader_0017,ETH-USD,BUY,1963.96,514,514,0,2026-01-01T02:50:44Z
order_00008588,batch_0005,trader_0013,ETH-USD,BUY,1963.51,588,588,0,2026-01-01T02:23:07Z
order_00015646,batch_0005,trader_0007,ETH-USD,BUY,1963.34,527,527,0,2026-01-01T04:20:45Z
order_00012746,batch_0005,trader_0008,ETH-USD,BUY,1963.33,584,584,0,2026-01-01T03:32:25Z
order_00010563,batch_0005,trader_0021,ETH-USD,BUY,1963.21,436,436,0,2026-01-01T02:56:02Z
order_00010819,batch_0005,trader_0025,ETH-USD,BUY,1963.15,932,932,0,2026-01-01T03:00:18Z
order_00011565,batch_0005,trader_0014,ETH-USD,BUY,1963.12,837,837,0,2026-01-01T03:12:44Z
order_00011212,batch_0005,trader_0018,ETH-USD,BUY,1963.11,553,553,0,2026-01-01T03:06:51Z
order_00015899,batch_0005,trader_0007,ETH-USD,BUY,1963.04,964,964,0,2026-01-01T04:24:58Z
order_00011136,batch_0005,trader_0006,ETH-USD,BUY,1962.99,202,202,0,2026-01-01T03:05:35Z
order_00007310,batch_0005,trader_0018,ETH-USD,BUY,1962.91,90,90,0,2026-01-01T02:01:49Z
order_00013994,batch_0005,trader_0013,ETH-USD,BUY,1962.65,911,911,0,2026-01-01T03:53:13Z
order_00007087,batch_0005,trader_0018,ETH-USD,BUY,1962.62,55,55,0,2026-01-01T01:58:06Z
order_00009687,batch_0005,trader_0018,ETH-USD,BUY,1962.52,349,349,0,2026-01-01T02:41:26Z
order_00014198,batch_0005,trader_0003,ETH-USD,BUY,1962.51,115,115,0,2026-01-01T03:56:37Z
order_00015641,batch_0005,trader_0009,ETH-USD,BUY,1962.49,895,895,0,2026-01-01T04:20:40Z
order_00008423,batch_0005,trader_0023,ETH-USD,BUY,1962.44,926,926,0,2026-01-01T02:20:22Z
order_00011407,batch_0005,trader_0011,ETH-USD,BUY,1962.38,446,446,0,2026-01-01T03:10:06Z
order_00014249,batch_0005,trader_0015,ETH-USD,BUY,1962.33,585,585,0,2026-01-01T03:57:28Z
order_00007161,batch_0005,trader_0007,ETH-USD,BUY,1962.18,769,769,0,2026-01-01T01:59:20Z
order_00007085,batch_0005,trader_0017,ETH-USD,BUY,1962.16,688,688,0,2026-01-01T01:58:04Z
order_00015909,batch_0005,trader_0009,ETH-USD,BUY,1962.1,72,72,0,2026-01-01T04:25:08Z
order_00016013,batch_0005,trader_0021,ETH-USD,BUY,1961.88,842,842,0,2026-01-01T04:26:52Z
order_00013032,batch_0005,trader_0008,ETH-USD,BUY,1961.81,181,181,0,2026-01-01T03:37:11Z
order_00013917,batch_0005,trader_0011,ETH-USD,BUY,1961.77,729,729,0,2026-01-01T03:51:56Z
order_00011349,batch_0005,trader_0021,ETH-USD,BUY,1961.73,901,901,0,2026-01-01T03:09:08Z
order_00016098,batch_0005,trader_0022,ETH-USD,BUY,1961.72,703,703,0,2026-01-01T04:28:17Z
order_00016226,batch_0005,trader_0004,ETH-USD,BUY,1961.61,750,750,0,2026-01-01T04:30:25Z
order_00016418,batch_0005,trader_0024,ETH-USD,BUY,1961.48,923,923,0,2026-01-01T04:33:37Z
order_00009886,batch_0005,trader_0021,ETH-USD,BUY,1961.35,448,448,0,2026-01-01T02:44:45Z
order_00015269,batch_0005,trader_0007,ETH-USD,BUY,1961.18,479,479,0,2026-01-01T04:14:28Z
order_00008189,batch_0005,trader_0004,ETH-USD,BUY,1960.97,785,785,0,2026-01-01T02:16:28Z
order_00011815,batch_0005,trader_0017,ETH-USD,BUY,1960.97,452,452,0,2026-01-01T03:16:54Z
order_00015094,batch_0005,trader_0023,ETH-USD,BUY,1960.9,291,291,0,2026-01-01T04:11:33Z
order_00008032,batch_0005,trader_0021,ETH-USD,BUY,1960.84,654,654,0,2026-01-01T02:13:51Z
order_00010310,batch_0005,trader_0019,ETH-USD,BUY,1960.8,755,755,0,2026-01-01T02:51:49Z
order_00012993,batch_0005,trader_0005,ETH-USD,BUY,1960.74,811,811,0,2026-01-01T03:36:32Z
order_00013052,batch_0005,trader_0016,ETH-USD,BUY,1960.74,83,83,0,2026-01-01T03:37:31Z
order_00009946,batch_0005,trader_0014,ETH-USD,BUY,1960.68,207,207,0,2026-01-01T02:45:45Z
order_00012549,batch_0005,trader_0016,ETH-USD,BUY,1960.58,370,370,0,2026-01-01T03:29:08Z
order_00012281,batch_0005,trader_0012,ETH-USD,BUY,1960.41,77,77,0,2026-01-01T03:24:40Z
order_00010792,batch_0005,trader_0014,ETH-USD,BUY,1960.35,516,516,0,2026-01-01T02:59:51Z
order_00012204,batch_0005,trader_0002,ETH-USD,BUY,1960.11,974,974,0,2026-01-01T03:23:23Z
order_00007448,batch_0005,trader_0005,ETH-USD,BUY,1960.07,398,398,0,2026-01-01T02:04:07Z
order_00006628,batch_0005,trader_0005,ETH-USD,BUY,1960.03,730,730,0,2026-01-01T01:50:27Z
order_00009537,batch_0005,trader_0018,ETH-USD,BUY,1960.01,964,964,0,2026-01-01T02:38:56Z
order_00008476,batch_0005,trader_0005,ETH-USD,BUY,1959.9,75,75,0,2026-01-01T02:21:15Z
order_00014182,batch_0005,trader_0021,ETH-USD,BUY,1959.8,478,478,0,2026-01-01T03:56:21Z
order_00016498,batch_0005,trader_0010,ETH-USD,BUY,1959.56,814,814,0,2026-01-01T04:34:57Z
order_00007479,batch_0005,trader_0025,ETH-USD,BUY,1959.5,791,791,0,2026-01-01T02:04:38Z
order_00013873,batch_0005,trader_0019,ETH-USD,BUY,1959.43,411,411,0,2026-01-01T03:51:12Z
order_00007288,batch_0005,trader_0020,ETH-USD,BUY,1959.39,741,741,0,2026-01-01T02:01:27Z
order_00013618,batch_0005,trader_0003,ETH-USD,BUY,1959.23,376,376,0,2026-01-01T03:46:57Z
order_00011481,batch_0005,trader_0012,ETH-USD,BUY,1959.17,103,103,0,2026-01-01T03:11:20Z
order_00011569,batch_0005,trader_0004,ETH-USD,BUY,1959.02,717,717,0,2026-01-01T03:12:48Z
order_00014153,batch_0005,trader_0011,ETH-USD,BUY,1958.9,237,237,0,2026-01-01T03:55:52Z
order_00014221,batch_0005,trader_0024,ETH-USD,BUY,1958.9,774,774,0,2026-01-01T03:57:00Z
order_00009634,batch_0005,trader_0009,ETH-USD,BUY,1958.84,990,990,0,2026-01-01T02:40:33Z
order_00012886,batch_0005,trader_0021,ETH-USD,BUY,1958.78,231,231,0,2026-01-01T03:34:45Z
order_00011490,batch_0005,trader_0017,ETH-USD,BUY,1958.74,558,558,0,2026-01-01T03:11:29Z
order_00011438,batch_0005,trader_0022,ETH-USD,BUY,1958.68,92,92,0,2026-01-01T03:10:37Z
order_00012162,batch_0005,trader_0005,ETH-USD,BUY,1958.53,289,289,0,2026-01-01T03:22:41Z
order_00013874,batch_0005,trader_0010,ETH-USD,BUY,1958.5,902,902,0,2026-01-01T03:51:13Z
order_00006751,batch_0005,trader_0008,ETH-USD,BUY,1958.49,43,43,0,2026-01-01T01:52:30Z
order_00009388,batch_0005,trader_0014,ETH-USD,BUY,1958.45,12,12,0,2026-01-01T02:36:27Z
order_00012905,batch_0005,trader_0007,ETH-USD,BUY,1958.32,606,606,0,2026-01-01T03:35:04Z
order_00015735,batch_0005,trader_0005,ETH-USD,BUY,1958.08,392,392,0,2026-01-01T04:22:14Z
order_00008128,batch_0005,trader_0023,ETH-USD,BUY,1958.04,212,212,0,2026-01-01T02:15:27Z
order_00009438,batch_0005,trader_0024,ETH-USD,BUY,1958.03,42,42,0,2026-01-01T02:37:17Z
order_00010698,batch_0005,trader_0025,ETH-USD,BUY,1957.99,846,846,0,2026-01-01T02:58:17Z
order_00008247,batch_0005,trader_0010,ETH-USD,BUY,1957.96,797,797,0,2026-01-01T02:17:26Z
order_00016099,batch_0005,trader_0014,ETH-USD,BUY,1957.88,663,663,0,2026-01-01T04:28:18Z
order_00015251,batch_0005,trader_0005,ETH-USD,BUY,1957.84,555,555,0,2026-01-01T04:14:10Z
order_00015889,batch_0005,trader_0010,ETH-USD,BUY,1957.79,381,381,0,2026-01-01T04:24:48Z
order_00007530,batch_0005,trader_0018,ETH-USD,BUY,1957.56,428,428,0,2026-01-01T02:05:29Z
order_00008078,batch_0005,trader_0001,ETH-USD,BUY,1957.54,748,748,0,2026-01-01T02:14:37Z
order_00011790,batch_0005,trader_0018,ETH-USD,BUY,1957.5,672,672,0,2026-01-01T03:16:29Z
order_00012148,batch_0005,trader_0016,ETH-USD,BUY,1957.42,747,747,0,2026-01-01T03:22:27Z
order_00013780,batch_0005,trader_0021,ETH-USD,BUY,1957.15,37,37,0,2026-01-01T03:49:39Z
order_00013360,batch_0005,trader_0025,ETH-USD,BUY,1957.06,158,158,0,2026-01-01T03:42:39Z
order_00015337,batch_0005,trader_0001,ETH-USD,BUY,1957.0,381,381,0,2026-01-01T04:15:36Z
order_00011038,batch_0005,trader_0024,ETH-USD,BUY,1956.91,235,235,0,2026-01-01T03:03:57Z
order_00011836,batch_0005,trader_0011,ETH-USD,BUY,1956.87,609,609,0,2026-01-01T03:17:15Z
order_00012396,batch_0005,trader_0013,ETH-USD,BUY,1956.57,127,127,0,2026-01-01T03:26:35Z
order_00013916,batch_0005,trader_0002,ETH-USD,BUY,1956.52,544,544,0,2026-01-01T03:51:55Z
order_00010426,batch_0005,trader_0020,ETH-USD,BUY,1956.33,255,255,0,2026-01-01T02:53:45Z
order_00015775,batch_0005,trader_0017,ETH-USD,BUY,1956.15,822,822,0,2026-01-01T04:22:54Z
order_00009534,batch_0005,trader_0005,ETH-USD,BUY,1956.09,777,777,0,2026-01-01T02:38:53Z
order_00015941,batch_0005,trader_0017,ETH-USD,BUY,1956.02,279,279,0,2026-01-01T04:25:40Z
order_00008256,batch_0005,trader_0019,ETH-USD,BUY,1955.97,514,514,0,2026-01-01T02:17:35Z
order_00007229,batch_0005,trader_0005,ETH-USD,BUY,1955.89,160,160,0,2026-01-01T02:00:28Z
order_00013642,batch_0005,trader_0018,ETH-USD,BUY,1955.82,810,810,0,2026-01-01T03:47:21Z
order_00014620,batch_0005,trader_0004,ETH-USD,BUY,1955.8,770,770,0,2026-01-01T04:03:39Z
order_00010374,batch_0005,trader_0022,ETH-USD,BUY,1955.78,946,946,0,2026-01-01T02:52:53Z
order_00016402,batch_0005,trader_0014,ETH-USD,BUY,1955.61,270,270,0,2026-01-01T04:33:21Z
order_00011618,batch_0005,trader_0002,ETH-USD,BUY,1955.54,80,80,0,2026-01-01T03:13:37Z
order_00011473,batch_0005,trader_0019,ETH-USD,BUY,1955.52,177,177,0,2026-01-01T03:11:12Z
order_00014644,batch_0005,trader_0022,ETH-USD,BUY,1955.47,384,384,0,2026-01-01T04:04:03Z
order_00008624,batch_0005,trader_0010,ETH-USD,BUY,1955.4,39,39,0,2026-01-01T02:23:43Z
order_00006796,batch_0005,trader_0004,ETH-USD,BUY,1955.34,339,339,0,2026-01-01T01:53:15Z
order_00014037,batch_0005,trader_0007,ETH-USD,BUY,1955.34,380,380,0,2026-01-01T03:53:56Z
order_00007927,batch_0005,trader_0013,ETH-USD,BUY,1955.25,140,140,0,2026-01-01T02:12:06Z
order_00015629,batch_0005,trader_0001,ETH-USD,BUY,1955.02,700,700,0,2026-01-01T04:20:28Z
order_00007750,batch_0005,trader_0017,ETH-USD,BUY,1955.0,579,579,0,2026-01-01T02:09:09Z
order_00011129,batch_0005,trader_0006,ETH-USD,BUY,1954.9,648,648,0,2026-01-01T03:05:28Z
order_00006635,batch_0005,trader_0006,ETH-USD,BUY,1954.78,538,538,0,2026-01-01T01:50:34Z
order_00013949,batch_0005,trader_0009,ETH-USD,BUY,1954.73,781,781,0,2026-01-01T03:52:28Z
order_00012472,batch_0005,trader_0025,ETH-USD,BUY,1954.63,584,584,0,2026-01-01T03:27:51Z
order_00010339,batch_0005,trader_0018,ETH-USD,BUY,1954.61,9,9,0,2026-01-01T02:52:18Z
order_00009718,batch_0005,trader_0006,ETH-USD,BUY,1954.53,902,902,0,2026-01-01T02:41:57Z
order_00010730,batch_0005,trader_0022,ETH-USD,BUY,1954.51,912,912,0,2026-01-01T02:58:49Z
order_00007370,batch_0005,trader_0016,ETH-USD,BUY,1954.36,770,770,0,2026-01-01T02:02:49Z
order_00010129,batch_0005,trader_0022,ETH-USD,BUY,1954.23,678,678,0,2026-01-01T02:48:48Z
order_00007439,batch_0005,trader_0012,ETH-USD,BUY,1954.15,852,852,0,2026-01-01T02:03:58Z
order_00013819,batch_0005,trader_0023,ETH-USD,BUY,1954.14,443,443,0,2026-01-01T03:50:18Z
order_00008297,batch_0005,trader_0009,ETH-USD,BUY,1954.07,459,459,0,2026-01-01T02:18:16Z
order_00016546,batch_0005,trader_0007,ETH-USD,BUY,1953.97,266,266,0,2026-01-01T04:35:45Z
order_00013475,batch_0005,trader_0014,ETH-USD,BUY,1953.93,900,900,0,2026-01-01T03:44:34Z
order_00016201,batch_0005,trader_0021,ETH-USD,BUY,1953.92,320,320,0,2026-01-01T04:30:00Z
order_00016375,batch_0005,trader_0001,ETH-USD,BUY,1953.92,819,819,0,2026-01-01T04:32:54Z
order_00007455,batch_0005,trader_0019,ETH-USD,BUY,1953.7,773,773,0,2026-01-01T02:04:14Z
order_00015591,batch_0005,trader_0004,ETH-USD,BUY,1953.67,788,788,0,2026-01-01T04:19:50Z
order_00011667,batch_0005,trader_0021,ETH-USD,BUY,1953.64,850,850,0,2026-01-01T03:14:26Z
order_00011398,batch_0005,trader_0015,ETH-USD,BUY,1953.58,290,290,0,2026-01-01T03:09:57Z
order_00012848,batch_0005,trader_0010,ETH-USD,BUY,1953.33,596,596,0,2026-01-01T03:34:07Z
order_00015686,batch_0005,trader_0025,ETH-USD,BUY,1953.28,789,789,0,2026-01-01T04:21:25Z
order_00011080,batch_0005,trader_0018,ETH-USD,BUY,1953.14,426,426,0,2026-01-01T03:04:39Z
order_00014327,batch_0005,trader_0017,ETH-USD,BUY,1953.02,416,416,0,2026-01-01T03:58:46Z
order_00015690,batch_0005,trader_0003,ETH-USD,BUY,1952.85,24,24,0,2026-01-01T04:21:29Z
order_00008235,batch_0005,trader_0015,ETH-USD,BUY,1952.82,219,219,0,2026-01-01T02:17:14Z
order_00013196,batch_0005,trader_0001,ETH-USD,BUY,1952.73,259,259,0,2026-01-01T03:39:55Z
order_00009448,batch_0005,trader_0001,ETH-USD,BUY,1952.7,298,298,0,2026-01-01T02:37:27Z
order_00009396,batch_0005,trader_0005,ETH-USD,BUY,1952.45,481,481,0,2026-01-01T02:36:35Z
order_00013337,batch_0005,trader_0013,ETH-USD,BUY,1952.31,40,40,0,2026-01-01T03:42:16Z
order_00014790,batch_0005,trader_0008,ETH-USD,BUY,1952.26,158,158,0,2026-01-01T04:06:29Z
order_00015407,batch_0005,trader_0020,ETH-USD,BUY,1952.11,782,782,0,2026-01-01T04:16:46Z
order_00013390,batch_0005,trader_0019,ETH-USD,BUY,1951.93,948,948,0,2026-01-01T03:43:09Z
order_00009714,batch_0005,trader_0024,ETH-USD,BUY,1951.91,616,616,0,2026-01-01T02:41:53Z
order_00010882,batch_0005,trader_0021,ETH-USD,BUY,1951.88,141,141,0,2026-01-01T03:01:21Z
order_00007056,batch_0005,trader_0003,ETH-USD,BUY,1951.84,132,132,0,2026-01-01T01:57:35Z
order_00012658,batch_0005,trader_0021,ETH-USD,BUY,1951.78,476,476,0,2026-01-01T03:30:57Z
order_00008325,batch_0005,trader_0019,ETH-USD,BUY,1951.58,445,445,0,2026-01-01T02:18:44Z
order_00007109,batch_0005,trader_0004,ETH-USD,BUY,1951.53,530,530,0,2026-01-01T01:58:28Z
order_00016560,batch_0005,trader_0014,ETH-USD,BUY,1951.26,169,169,0,2026-01-01T04:35:59Z
order_00007104,batch_0005,trader_0021,ETH-USD,BUY,1951.11,382,382,0,2026-01-01T01:58:23Z
order_00006913,batch_0005,trader_0023,ETH-USD,BUY,1951.06,789,789,0,2026-01-01T01:55:12Z
order_00007911,batch_0005,trader_0011,ETH-USD,BUY,1950.95,592,592,0,2026-01-01T02:11:50Z
order_00012915,batch_0005,trader_0012,ETH-USD,BUY,1950.88,699,699,0,2026-01-01T03:35:14Z
order_00010666,batch_0005,trader_0019,ETH-USD,BUY,1950.8,189,189,0,2026-01-01T02:57:45Z
order_00006639,batch_0005,trader_0019,ETH-USD,BUY,1950.78,354,354,0,2026-01-01T01:50:38Z
order_00016151,batch_0005,trader_0015,ETH-USD,BUY,1950.73,804,804,0,2026-01-01T04:29:10Z
order_00007323,batch_0005,trader_0006,ETH-USD,BUY,1950.71,102,102,0,2026-01-01T02:02:02Z
order_00006617,batch_0005,trader_0025,ETH-USD,BUY,1950.69,625,625,0,2026-01-01T01:50:16Z
order_00014970,batch_0005,trader_0009,ETH-USD,BUY,1950.56,814,814,0,2026-01-01T04:09:29Z
order_00014534,batch_0005,trader_0008,ETH-USD,BUY,1950.52,917,917,0,2026-01-01T04:02:13Z
order_00014757,batch_0005,trader_0008,ETH-USD,BUY,1950.47,115,115,0,2026-01-01T04:05:56Z
order_00012867,batch_0005,trader_0023,ETH-USD,BUY,1950.32,790,790,0,2026-01-01T03:34:26Z
order_00012178,batch_0005,trader_0014,ETH-USD,BUY,1950.3,987,987,0,2026-01-01T03:22:57Z
order_00015022,batch_0005,trader_0019,ETH-USD,BUY,1950.2,394,394,0,2026-01-01T04:10:21Z
order_00007707,batch_0005,trader_0004,ETH-USD,BUY,1950.12,288,288,0,2026-01-01T02:08:26Z
order_00015342,batch_0005,trader_0013,ETH-USD,BUY,1949.99,644,644,0,2026-01-01T04:15:41Z
order_00010176,batch_0005,trader_0024,ETH-USD,BUY,1949.98,491,491,0,2026-01-01T02:49:35Z
order_00011252,batch_0005,trader_0006,ETH-USD,BUY,1949.94,529,529,0,2026-01-01T03:07:31Z
order_00008121,batch_0005,trader_0017,ETH-USD,BUY,1949.89,248,248,0,2026-01-01T02:15:20Z
order_00008899,batch_0005,trader_0011,ETH-USD,BUY,1949.81,455,455,0,2026-01-01T02:28:18Z
order_00013598,batch_0005,trader_0004,ETH-USD,BUY,1949.73,329,329,0,2026-01-01T03:46:37Z
order_00009385,batch_0005,trader_0019,ETH-USD,BUY,1949.65,523,523,0,2026-01-01T02:36:24Z
order_00012583,batch_0005,trader_0019,ETH-USD,BUY,1949.6,521,521,0,2026-01-01T03:29:42Z
order_00006748,batch_0005,trader_0018,ETH-USD,BUY,1949.59,133,133,0,2026-01-01T01:52:27Z
order_00008995,batch_0005,trader_0008,ETH-USD,BUY,1949.55,265,265,0,2026-01-01T02:29:54Z
order_00007736,batch_0005,trader_0016,ETH-USD,BUY,1948.9,26,26,0,2026-01-01T02:08:55Z
order_00008484,batch_0005,trader_0003,ETH-USD,BUY,1948.9,833,833,0,2026-01-01T02:21:23Z
order_00009712,batch_0005,trader_0013,ETH-USD,BUY,1948.75,547,547,0,2026-01-01T02:41:51Z
order_00006713,batch_0005,trader_0018,ETH-USD,BUY,1948.7,527,527,0,2026-01-01T01:51:52Z
order_00009772,batch_0005,trader_0001,ETH-USD,BUY,1948.7,909,909,0,2026-01-01T02:42:51Z
order_00010355,batch_0005,trader_0021,ETH-USD,BUY,1948.69,135,135,0,2026-01-01T02:52:34Z
order_00013287,batch_0005,trader_0012,ETH-USD,BUY,1948.59,510,510,0,2026-01-01T03:41:26Z
order_00009737,batch_0005,trader_0023,ETH-USD,BUY,1948.48,672,672,0,2026-01-01T02:42:16Z
order_00012125,batch_0005,trader_0005,ETH-USD,BUY,1948.43,942,942,0,2026-01-01T03:22:04Z
order_00006752,batch_0005,trader_0005,ETH-USD,BUY,1948.39,9,9,0,2026-01-01T01:52:31Z
order_00013639,batch_0005,trader_0018,ETH-USD,BUY,1948.25,522,522,0,2026-01-01T03:47:18Z
order_00014011,batch_0005,trader_0006,ETH-USD,BUY,1948.24,550,550,0,2026-01-01T03:53:30Z
order_00010154,batch_0005,trader_0003,ETH-USD,BUY,1948.15,811,811,0,2026-01-01T02:49:13Z
order_00008145,batch_0005,trader_0005,ETH-USD,BUY,1948.13,384,384,0,2026-01-01T02:15:44Z
order_00013648,batch_0005,trader_0004,ETH-USD,BUY,1948.11,931,931,0,2026-01-01T03:47:27Z
order_00006874,batch_0005,trader_0010,ETH-USD,BUY,1948.03,658,658,0,2026-01-01T01:54:33Z
order_00011827,batch_0005,trader_0014,ETH-USD,BUY,1947.99,108,108,0,2026-01-01T03:17:06Z
order_00013779,batch_0005,trader_0007,ETH-USD,BUY,1947.91,770,770,0,2026-01-01T03:49:38Z
order_00011813,batch_0005,trader_0008,ETH-USD,BUY,1947.88,158,158,0,2026-01-01T03:16:52Z
order_00007414,batch_0005,trader_0003,ETH-USD,BUY,1947.84,637,637,0,2026-01-01T02:03:33Z
order_00015033,batch_0005,trader_0004,ETH-USD,BUY,1947.73,702,702,0,2026-01-01T04:10:32Z
order_00010650,batch_0005,trader_0003,ETH-USD,BUY,1947.71,654,654,0,2026-01-01T02:57:29Z
order_00014996,batch_0005,trader_0023,ETH-USD,BUY,1947.69,655,655,0,2026-01-01T04:09:55Z
order_00015422,batch_0005,trader_0005,ETH-USD,BUY,1947.65,107,107,0,2026-01-01T04:17:01Z
order_00008569,batch_0005,trader_0019,ETH-USD,BUY,1947.59,676,676,0,2026-01-01T02:22:48Z
order_00007206,batch_0005,trader_0013,ETH-USD,BUY,1947.4,523,523,0,2026-01-01T02:00:05Z
order_00011597,batch_0005,trader_0014,ETH-USD,BUY,1947.3,236,236,0,2026-01-01T03:13:16Z
order_00016513,batch_0005,trader_0005,ETH-USD,BUY,1947.19,645,645,0,2026-01-01T04:35:12Z
order_00015603,batch_0005,trader_0015,ETH-USD,BUY,1947.12,788,788,0,2026-01-01T04:20:02Z
order_00008287,batch_0005,trader_0021,ETH-USD,BUY,1947.06,339,339,0,2026-01-01T02:18:06Z
order_00010695,batch_0005,trader_0001,ETH-USD,BUY,1946.83,783,783,0,2026-01-01T02:58:14Z
order_00016074,batch_0005,trader_0022,ETH-USD,BUY,1946.75,519,519,0,2026-01-01T04:27:53Z
order_00016468,batch_0005,trader_0016,ETH-USD,BUY,1946.72,999,999,0,2026-01-01T04:34:27Z
order_00011779,batch_0005,trader_0013,ETH-USD,BUY,1946.69,651,651,0,2026-01-01T03:16:18Z
order_00010631,batch_0005,trader_0024,ETH-USD,BUY,1946.58,528,528,0,2026-01-01T02:57:10Z
order_00014291,batch_0005,trader_0021,ETH-USD,BUY,1946.57,762,762,0,2026-01-01T03:58:10Z
order_00010229,batch_0005,trader_0024,ETH-USD,BUY,1946.55,345,345,0,2026-01-01T02:50:28Z
order_00011371,batch_0005,trader_0015,ETH-USD,BUY,1946.49,963,963,0,2026-01-01T03:09:30Z
order_00006781,batch_0005,trader_0012,ETH-USD,BUY,1946.39,65,65,0,2026-01-01T01:53:00Z
order_00009116,batch_0005,trader_0007,ETH-USD,BUY,1946.39,120,120,0,2026-01-01T02:31:55Z
order_00013638,batch_0005,trader_0012,ETH-USD,BUY,1946.39,343,343,0,2026-01-01T03:47:17Z
order_00015301,batch_0005,trader_0012,ETH-USD,BUY,1946.38,357,357,0,2026-01-01T04:15:00Z
order_00008478,batch_0005,trader_0012,ETH-USD,BUY,1946.26,92,92,0,2026-01-01T02:21:17Z
order_00007369,batch_0005,trader_0013,ETH-USD,BUY,1946.17,855,855,0,2026-01-01T02:02:48Z
order_00014533,batch_0005,trader_0016,ETH-USD,BUY,1946.09,692,692,0,2026-01-01T04:02:12Z
order_00010342,batch_0005,trader_0007,ETH-USD,BUY,1946.0,826,826,0,2026-01-01T02:52:21Z
order_00013128,batch_0005,trader_0016,ETH-USD,BUY,1945.96,374,374,0,2026-01-01T03:38:47Z
order_00011686,batch_0005,trader_0020,ETH-USD,BUY,1945.94,447,447,0,2026-01-01T03:14:45Z
order_00011811,batch_0005,trader_0004,ETH-USD,BUY,1945.93,99,99,0,2026-01-01T03:16:50Z
order_00007478,batch_0005,trader_0020,ETH-USD,BUY,1945.91,386,386,0,2026-01-01T02:04:37Z
order_00009840,batch_0005,trader_0018,ETH-USD,BUY,1945.81,984,984,0,2026-01-01T02:43:59Z
order_00011705,batch_0005,trader_0002,ETH-USD,BUY,1945.73,564,564,0,2026-01-01T03:15:04Z
order_00009831,batch_0005,trader_0008,ETH-USD,BUY,1945.61,338,338,0,2026-01-01T02:43:50Z
order_00008662,batch_0005,trader_0021,ETH-USD,BUY,1945.54,375,375,0,2026-01-01T02:24:21Z
order_00013058,batch_0005,trader_0007,ETH-USD,BUY,1945.51,77,77,0,2026-01-01T03:37:37Z
order_00012944,batch_0005,trader_0012,ETH-USD,BUY,1945.33,304,304,0,2026-01-01T03:35:43Z
order_00011508,batch_0005,trader_0001,ETH-USD,BUY,1945.14,304,304,0,2026-01-01T03:11:47Z
order_00014885,batch_0005,trader_0019,ETH-USD,BUY,1945.12,156,156,0,2026-01-01T04:08:04Z
order_00016400,batch_0005,trader_0004,ETH-USD,BUY,1945.04,904,904,0,2026-01-01T04:33:19Z
order_00015545,batch_0005,trader_0004,ETH-USD,BUY,1944.91,94,94,0,2026-01-01T04:19:04Z
order_00013103,batch_0005,trader_0005,ETH-USD,BUY,1944.88,538,538,0,2026-01-01T03:38:22Z
order_00008964,batch_0005,trader_0024,ETH-USD,BUY,1944.85,755,755,0,2026-01-01T02:29:23Z
order_00010020,batch_0005,trader_0023,ETH-USD,BUY,1944.81,609,609,0,2026-01-01T02:46:59Z
order_00007670,batch_0005,trader_0012,ETH-USD,BUY,1944.72,483,483,0,2026-01-01T02:07:49Z
order_00015260,batch_0005,trader_0023,ETH-USD,BUY,1944.62,34,34,0,2026-01-01T04:14:19Z
order_00016251,batch_0005,trader_0003,ETH-USD,BUY,1944.55,215,215,0,2026-01-01T04:30:50Z
order_00013969,batch_0005,trader_0012,ETH-USD,BUY,1944.5,460,460,0,2026-01-01T03:52:48Z
order_00010226,batch_0005,trader_0002,ETH-USD,BUY,1944.49,422,422,0,2026-01-01T02:50:25Z
order_00012809,batch_0005,trader_0017,ETH-USD,BUY,1944.48,656,656,0,2026-01-01T03:33:28Z
order_00007614,batch_0005,trader_0024,ETH-USD,BUY,1944.47,62,62,0,2026-01-01T02:06:53Z
order_00015054,batch_0005,trader_0005,ETH-USD,BUY,1944.41,959,959,0,2026-01-01T04:10:53Z
order_00010726,batch_0005,trader_0021,ETH-USD,BUY,1944.38,165,165,0,2026-01-01T02:58:45Z
order_00009653,batch_0005,trader_0018,ETH-USD,BUY,1944.35,215,215,0,2026-01-01T02:40:52Z
order_00006934,batch_0005,trader_0018,ETH-USD,BUY,1944.24,659,659,0,2026-01-01T01:55:33Z
order_00009314,batch_0005,trader_0024,ETH-USD,BUY,1944.23,441,441,0,2026-01-01T02:35:13Z
order_00010347,batch_0005,trader_0012,ETH-USD,BUY,1944.18,881,881,0,2026-01-01T02:52:26Z
order_00015370,batch_0005,trader_0018,ETH-USD,BUY,1944.12,733,733,0,2026-01-01T04:16:09Z
order_00013860,batch_0005,trader_0013,ETH-USD,BUY,1944.03,871,871,0,2026-01-01T03:50:59Z
order_00009550,batch_0005,trader_0024,ETH-USD,BUY,1943.99,641,641,0,2026-01-01T02:39:09Z
order_00013621,batch_0005,trader_0024,ETH-USD,BUY,1943.99,97,97,0,2026-01-01T03:47:00Z
order_00013553,batch_0005,trader_0012,ETH-USD,BUY,1943.97,461,461,0,2026-01-01T03:45:52Z
order_00011928,batch_0005,trader_0021,ETH-USD,BUY,1943.79,359,359,0,2026-01-01T03:18:47Z
order_00015429,batch_0005,trader_0020,ETH-USD,BUY,1943.77,839,839,0,2026-01-01T04:17:08Z
order_00016089,batch_0005,trader_0013,ETH-USD,BUY,1943.77,993,993,0,2026-01-01T04:28:08Z
order_00008732,batch_0005,trader_0016,ETH-USD,BUY,1943.6,851,851,0,2026-01-01T02:25:31Z
order_00008800,batch_0005,trader_0018,ETH-USD,BUY,1943.5,987,987,0,2026-01-01T02:26:39Z
order_00014654,batch_0005,trader_0017,ETH-USD,BUY,1943.41,489,489,0,2026-01-01T04:04:13Z
order_00008503,batch_0005,trader_0021,ETH-USD,BUY,1943.4,829,829,0,2026-01-01T02:21:42Z
order_00006887,batch_0005,trader_0016,ETH-USD,BUY,1943.39,777,777,0,2026-01-01T01:54:46Z
order_00015438,batch_0005,trader_0009,ETH-USD,BUY,1943.37,597,597,0,2026-01-01T04:17:17Z
order_00009227,batch_0005,trader_0010,ETH-USD,BUY,1943.34,267,267,0,2026-01-01T02:33:46Z
order_00012546,batch_0005,trader_0009,ETH-USD,BUY,1943.26,159,159,0,2026-01-01T03:29:05Z
order_00013973,batch_0005,trader_0023,ETH-USD,BUY,1943.22,408,408,0,2026-01-01T03:52:52Z
order_00013771,batch_0005,trader_0004,ETH-USD,BUY,1943.09,830,830,0,2026-01-01T03:49:30Z
order_00009498,batch_0005,trader_0024,ETH-USD,BUY,1942.87,333,333,0,2026-01-01T02:38:17Z
order_00015460,batch_0005,trader_0011,ETH-USD,BUY,1942.66,240,240,0,2026-01-01T04:17:39Z
order_00008723,batch_0005,trader_0004,ETH-USD,BUY,1942.53,945,945,0,2026-01-01T02:25:22Z
order_00011159,batch_0005,trader_0024,ETH-USD,BUY,1942.18,182,182,0,2026-01-01T03:05:58Z
order_00015525,batch_0005,trader_0009,ETH-USD,BUY,1942.13,346,346,0,2026-01-01T04:18:44Z
order_00014799,batch_0005,trader_0024,ETH-USD,BUY,1942.0,231,231,0,2026-01-01T04:06:38Z
order_00009997,batch_0005,trader_0005,ETH-USD,BUY,1941.98,891,891,0,2026-01-01T02:46:36Z
order_00010582,batch_0005,trader_0009,ETH-USD,BUY,1941.84,447,447,0,2026-01-01T02:56:21Z
order_00010913,batch_0005,trader_0001,ETH-USD,BUY,1941.67,524,524,0,2026-01-01T03:01:52Z
order_00010675,batch_0005,trader_0010,ETH-USD,BUY,1941.38,48,48,0,2026-01-01T02:57:54Z
order_00010784,batch_0005,trader_0019,ETH-USD,BUY,1941.33,940,940,0,2026-01-01T02:59:43Z
order_00011888,batch_0005,trader_0010,ETH-USD,BUY,1941.29,390,390,0,2026-01-01T03:18:07Z
order_00009841,batch_0005,trader_0020,ETH-USD,BUY,1941.28,297,297,0,2026-01-01T02:44:00Z
order_00009482,batch_0005,trader_0005,ETH-USD,BUY,1941.21,591,591,0,2026-01-01T02:38:01Z
order_00011019,batch_0005,trader_0015,ETH-USD,BUY,1941.11,755,755,0,2026-01-01T03:03:38Z
order_00015810,batch_0005,trader_0018,ETH-USD,BUY,1940.78,855,855,0,2026-01-01T04:23:29Z
order_00015654,batch_0005,trader_0010,ETH-USD,BUY,1940.73,554,554,0,2026-01-01T04:20:53Z
order_00006698,batch_0005,trader_0007,ETH-USD,BUY,1940.67,275,275,0,2026-01-01T01:51:37Z
order_00016519,batch_0005,trader_0009,ETH-USD,BUY,1940.64,616,616,0,2026-01-01T04:35:18Z
order_00014238,batch_0005,trader_0006,ETH-USD,BUY,1940.58,985,985,0,2026-01-01T03:57:17Z
order_00009945,batch_0005,trader_0002,ETH-USD,BUY,1940.56,422,422,0,2026-01-01T02:45:44Z
order_00013291,batch_0005,trader_0018,ETH-USD,BUY,1940.44,699,699,0,2026-01-01T03:41:30Z
order_00008399,batch_0005,trader_0019,ETH-USD,BUY,1940.16,133,133,0,2026-01-01T02:19:58Z
order_00015599,batch_0005,trader_0007,ETH-USD,BUY,1940.11,866,866,0,2026-01-01T04:19:58Z
order_00008354,batch_0005,trader_0010,ETH-USD,BUY,1940.03,371,371,0,2026-01-01T02:19:13Z
order_00009425,batch_0005,trader_0016,ETH-USD,BUY,1940.03,293,293,0,2026-01-01T02:37:04Z
order_00015428,batch_0005,trader_0006,ETH-USD,BUY,1939.82,984,984,0,2026-01-01T04:17:07Z
order_00011814,batch_0005,trader_0014,ETH-USD,BUY,1939.67,887,887,0,2026-01-01T03:16:53Z
order_00012152,batch_0005,trader_0021,ETH-USD,BUY,1939.65,35,35,0,2026-01-01T03:22:31Z
order_00013562,batch_0005,trader_0019,ETH-USD,BUY,1939.65,522,522,0,2026-01-01T03:46:01Z
order_00008324,batch_0005,trader_0014,ETH-USD,BUY,1939.55,879,879,0,2026-01-01T02:18:43Z
order_00012252,batch_0005,trader_0020,ETH-USD,BUY,1939.47,76,76,0,2026-01-01T03:24:11Z
order_00011018,batch_0005,trader_0016,ETH-USD,BUY,1939.32,194,194,0,2026-01-01T03:03:37Z
order_00011599,batch_0005,trader_0007,ETH-USD,BUY,1939.31,158,158,0,2026-01-01T03:13:18Z
order_00010262,batch_0005,trader_0011,ETH-USD,BUY,1939.3,665,665,0,2026-01-01T02:51:01Z
order_00012070,batch_0005,trader_0005,ETH-USD,BUY,1939.29,600,600,0,2026-01-01T03:21:09Z
order_00007787,batch_0005,trader_0022,ETH-USD,BUY,1939.22,506,506,0,2026-01-01T02:09:46Z
order_00011420,batch_0005,trader_0012,ETH-USD,BUY,1939.11,753,753,0,2026-01-01T03:10:19Z
order_00011394,batch_0005,trader_0008,ETH-USD,BUY,1939.1,756,756,0,2026-01-01T03:09:53Z
order_00014186,batch_0005,trader_0015,ETH-USD,BUY,1939.06,217,217,0,2026-01-01T03:56:25Z
order_00009330,batch_0005,trader_0016,ETH-USD,BUY,1939.05,420,420,0,2026-01-01T02:35:29Z
order_00016360,batch_0005,trader_0009,ETH-USD,BUY,1938.93,394,394,0,2026-01-01T04:32:39Z
order_00012806,batch_0005,trader_0015,ETH-USD,BUY,1938.92,753,753,0,2026-01-01T03:33:25Z
order_00012753,batch_0005,trader_0018,ETH-USD,BUY,1938.85,789,789,0,2026-01-01T03:32:32Z
order_00007250,batch_0005,trader_0001,ETH-USD,BUY,1938.81,253,253,0,2026-01-01T02:00:49Z
order_00016575,batch_0005,trader_0011,ETH-USD,BUY,1938.8,882,882,0,2026-01-01T04:36:14Z
order_00007017,batch_0005,trader_0024,ETH-USD,BUY,1938.78,564,564,0,2026-01-01T01:56:56Z
order_00009079,batch_0005,trader_0025,ETH-USD,BUY,1938.78,649,649,0,2026-01-01T02:31:18Z
order_00006785,batch_0005,trader_0015,ETH-USD,BUY,1938.74,56,56,0,2026-01-01T01:53:04Z
order_00008529,batch_0005,trader_0010,ETH-USD,BUY,1938.67,262,262,0,2026-01-01T02:22:08Z
order_00010600,batch_0005,trader_0008,ETH-USD,BUY,1938.65,453,453,0,2026-01-01T02:56:39Z
order_00015783,batch_0005,trader_0023,ETH-USD,BUY,1938.58,985,985,0,2026-01-01T04:23:02Z
order_00011061,batch_0005,trader_0017,ETH-USD,BUY,1938.55,860,860,0,2026-01-01T03:04:20Z
order_00008161,batch_0005,trader_0012,ETH-USD,BUY,1938.31,116,116,0,2026-01-01T02:16:00Z
order_00016204,batch_0005,trader_0010,ETH-USD,BUY,1938.18,967,967,0,2026-01-01T04:30:03Z
order_00013643,batch_0005,trader_0012,ETH-USD,BUY,1938.09,896,896,0,2026-01-01T03:47:22Z
order_00011828,batch_0005,trader_0022,ETH-USD,BUY,1938.0,992,992,0,2026-01-01T03:17:07Z
order_00007388,batch_0005,trader_0016,ETH-USD,BUY,1937.96,933,933,0,2026-01-01T02:03:07Z
order_00010012,batch_0005,trader_0022,ETH-USD,BUY,1937.89,25,25,0,2026-01-01T02:46:51Z
order_00008729,batch_0005,trader_0020,ETH-USD,BUY,1937.88,328,328,0,2026-01-01T02:25:28Z
order_00012251,batch_0005,trader_0004,ETH-USD,BUY,1937.71,181,181,0,2026-01-01T03:24:10Z
order_00012883,batch_0005,trader_0004,ETH-USD,BUY,1937.65,589,589,0,2026-01-01T03:34:42Z
order_00016432,batch_0005,trader_0017,ETH-USD,BUY,1937.32,427,427,0,2026-01-01T04:33:51Z
order_00006731,batch_0005,trader_0013,ETH-USD,BUY,1937.16,49,49,0,2026-01-01T01:52:10Z
order_00013256,batch_0005,trader_0023,ETH-USD,BUY,1937.14,185,185,0,2026-01-01T03:40:55Z
order_00013389,batch_0005,trader_0011,ETH-USD,BUY,1937.12,191,191,0,2026-01-01T03:43:08Z
order_00010905,batch_0005,trader_0023,ETH-USD,BUY,1937.0,92,92,0,2026-01-01T03:01:44Z
order_00016270,batch_0005,trader_0005,ETH-USD,BUY,1936.94,301,301,0,2026-01-01T04:31:09Z
order_00014241,batch_0005,trader_0021,ETH-USD,BUY,1936.77,375,375,0,2026-01-01T03:57:20Z
order_00013324,batch_0005,trader_0012,ETH-USD,BUY,1936.66,454,454,0,2026-01-01T03:42:03Z
order_00014559,batch_0005,trader_0015,ETH-USD,BUY,1936.63,610,610,0,2026-01-01T04:02:38Z
order_00011873,batch_0005,trader_0010,ETH-USD,BUY,1936.62,16,16,0,2026-01-01T03:17:52Z
order_00013364,batch_0005,trader_0004,ETH-USD,BUY,1936.6,143,143,0,2026-01-01T03:42:43Z
order_00010874,batch_0005,trader_0014,ETH-USD,BUY,1936.4,243,243,0,2026-01-01T03:01:13Z
order_00008273,batch_0005,trader_0006,ETH-USD,BUY,1936.37,896,896,0,2026-01-01T02:17:52Z
order_00008312,batch_0005,trader_0010,ETH-USD,BUY,1936.36,878,878,0,2026-01-01T02:18:31Z
order_00009123,batch_0005,trader_0011,ETH-USD,BUY,1936.25,507,507,0,2026-01-01T02:32:02Z
order_00016587,batch_0005,trader_0025,ETH-USD,BUY,1936.21,695,695,0,2026-01-01T04:36:26Z
order_00015206,batch_0005,trader_0019,ETH-USD,BUY,1936.19,975,975,0,2026-01-01T04:13:25Z
order_00013659,batch_0005,trader_0003,ETH-USD,BUY,1935.95,248,248,0,2026-01-01T03:47:38Z
order_00009084,batch_0005,trader_0012,ETH-USD,BUY,1935.86,219,219,0,2026-01-01T02:31:23Z
order_00015501,batch_0005,trader_0003,ETH-USD,BUY,1935.85,774,774,0,2026-01-01T04:18:20Z
order_00010813,batch_0005,trader_0019,ETH-USD,BUY,1935.81,479,479,0,2026-01-01T03:00:12Z
order_00015110,batch_0005,trader_0008,ETH-USD,BUY,1935.79,170,170,0,2026-01-01T04:11:49Z
order_00010789,batch_0005,trader_0016,ETH-USD,BUY,1935.78,743,743,0,2026-01-01T02:59:48Z
order_00012939,batch_0005,trader_0010,ETH-USD,BUY,1935.74,690,690,0,2026-01-01T03:35:38Z
order_00008665,batch_0005,trader_0013,ETH-USD,BUY,1935.6,140,140,0,2026-01-01T02:24:24Z
order_00007137,batch_0005,trader_0003,ETH-USD,BUY,1935.5,106,106,0,2026-01-01T01:58:56Z
order_00011743,batch_0005,trader_0021,ETH-USD,BUY,1935.49,402,402,0,2026-01-01T03:15:42Z
order_00007887,batch_0005,trader_0018,ETH-USD,BUY,1935.48,669,669,0,2026-01-01T02:11:26Z
order_00009453,batch_0005,trader_0025,ETH-USD,BUY,1935.21,832,832,0,2026-01-01T02:37:32Z
order_00006717,batch_0005,trader_0013,ETH-USD,BUY,1935.18,715,715,0,2026-01-01T01:51:56Z
order_00012004,batch_0005,trader_0005,ETH-USD,BUY,1935.18,719,719,0,2026-01-01T03:20:03Z
order_00007302,batch_0005,trader_0020,ETH-USD,BUY,1935.17,814,814,0,2026-01-01T02:01:41Z
order_00007514,batch_0005,trader_0007,ETH-USD,BUY,1935.17,785,785,0,2026-01-01T02:05:13Z
order_00012702,batch_0005,trader_0014,ETH-USD,BUY,1935.02,61,61,0,2026-01-01T03:31:41Z
order_00014029,batch_0005,trader_0010,ETH-USD,BUY,1934.92,165,165,0,2026-01-01T03:53:48Z
order_00007353,batch_0005,trader_0008,ETH-USD,BUY,1934.66,851,851,0,2026-01-01T02:02:32Z
order_00008265,batch_0005,trader_0022,ETH-USD,BUY,1934.52,134,134,0,2026-01-01T02:17:44Z
order_00009471,batch_0005,trader_0019,ETH-USD,BUY,1934.42,365,365,0,2026-01-01T02:37:50Z
order_00014978,batch_0005,trader_0017,ETH-USD,BUY,1934.42,899,899,0,2026-01-01T04:09:37Z
order_00009683,batch_0005,trader_0022,ETH-USD,BUY,1934.26,698,698,0,2026-01-01T02:41:22Z
order_00013425,batch_0005,trader_0014,ETH-USD,BUY,1934.24,869,869,0,2026-01-01T03:43:44Z
order_00010664,batch_0005,trader_0006,ETH-USD,BUY,1934.16,335,335,0,2026-01-01T02:57:43Z
order_00009040,batch_0005,trader_0009,ETH-USD,BUY,1934.12,429,429,0,2026-01-01T02:30:39Z
order_00009208,batch_0005,trader_0024,ETH-USD,BUY,1934.02,480,480,0,2026-01-01T02:33:27Z
order_00009395,batch_0005,trader_0010,ETH-USD,BUY,1933.98,541,541,0,2026-01-01T02:36:34Z
order_00009662,batch_0005,trader_0017,ETH-USD,BUY,1933.72,109,109,0,2026-01-01T02:41:01Z
order_00016195,batch_0005,trader_0020,ETH-USD,BUY,1933.44,805,805,0,2026-01-01T04:29:54Z
order_00012846,batch_0005,trader_0021,ETH-USD,BUY,1933.22,613,613,0,2026-01-01T03:34:05Z
order_00011826,batch_0005,trader_0009,ETH-USD,BUY,1933.19,428,428,0,2026-01-01T03:17:05Z
order_00013725,batch_0005,trader_0005,ETH-USD,BUY,1933.18,177,177,0,2026-01-01T03:48:44Z
order_00013935,batch_0005,trader_0001,ETH-USD,BUY,1933.18,888,888,0,2026-01-01T03:52:14Z
order_00007261,batch_0005,trader_0025,ETH-USD,BUY,1933.17,628,628,0,2026-01-01T02:01:00Z
order_00016211,batch_0005,trader_0002,ETH-USD,BUY,1933.11,410,410,0,2026-01-01T04:30:10Z
order_00014697,batch_0005,trader_0021,ETH-USD,BUY,1933.08,742,742,0,2026-01-01T04:04:56Z
order_00010814,batch_0005,trader_0021,ETH-USD,BUY,1932.98,582,582,0,2026-01-01T03:00:13Z
order_00015459,batch_0005,trader_0002,ETH-USD,BUY,1932.78,46,46,0,2026-01-01T04:17:38Z
order_00007417,batch_0005,trader_0013,ETH-USD,BUY,1932.72,921,921,0,2026-01-01T02:03:36Z
order_00015169,batch_0005,trader_0002,ETH-USD,BUY,1932.71,785,785,0,2026-01-01T04:12:48Z
order_00013972,batch_0005,trader_0009,ETH-USD,BUY,1932.68,35,35,0,2026-01-01T03:52:51Z
order_00016487,batch_0005,trader_0021,ETH-USD,BUY,1932.62,841,841,0,2026-01-01T04:34:46Z
order_00008077,batch_0005,trader_0008,ETH-USD,BUY,1932.55,578,578,0,2026-01-01T02:14:36Z
order_00014586,batch_0005,trader_0017,ETH-USD,BUY,1932.55,864,864,0,2026-01-01T04:03:05Z
order_00007672,batch_0005,trader_0019,ETH-USD,BUY,1932.49,736,736,0,2026-01-01T02:07:51Z
order_00010894,batch_0005,trader_0024,ETH-USD,BUY,1932.38,966,966,0,2026-01-01T03:01:33Z
order_00008767,batch_0005,trader_0007,ETH-USD,BUY,1932.36,468,468,0,2026-01-01T02:26:06Z
order_00013803,batch_0005,trader_0002,ETH-USD,BUY,1932.31,725,725,0,2026-01-01T03:50:02Z
order_00013329,batch_0005,trader_0019,ETH-USD,BUY,1932.21,93,93,0,2026-01-01T03:42:08Z
order_00011668,batch_0005,trader_0008,ETH-USD,BUY,1932.2,782,782,0,2026-01-01T03:14:27Z
order_00014317,batch_0005,trader_0016,ETH-USD,BUY,1932.14,454,454,0,2026-01-01T03:58:36Z
order_00011048,batch_0005,trader_0015,ETH-USD,BUY,1932.01,706,706,0,2026-01-01T03:04:07Z
order_00012282,batch_0005,trader_0007,ETH-USD,BUY,1932.0,862,862,0,2026-01-01T03:24:41Z
order_00009851,batch_0005,trader_0016,ETH-USD,BUY,1931.85,933,933,0,2026-01-01T02:44:10Z
order_00012656,batch_0005,trader_0013,ETH-USD,BUY,1931.79,507,507,0,2026-01-01T03:30:55Z
order_00008171,batch_0005,trader_0021,ETH-USD,BUY,1931.52,547,547,0,2026-01-01T02:16:10Z
order_00012641,batch_0005,trader_0023,ETH-USD,BUY,1931.52,680,680,0,2026-01-01T03:30:40Z
order_00015419,batch_0005,trader_0003,ETH-USD,BUY,1931.52,153,153,0,2026-01-01T04:16:58Z
order_00008805,batch_0005,trader_0023,ETH-USD,BUY,1931.39,720,720,0,2026-01-01T02:26:44Z
order_00013174,batch_0005,trader_0015,ETH-USD,BUY,1931.37,322,322,0,2026-01-01T03:39:33Z
order_00012995,batch_0005,trader_0016,ETH-USD,BUY,1931.35,18,18,0,2026-01-01T03:36:34Z
order_00016563,batch_0005,trader_0010,ETH-USD,BUY,1931.1,227,227,0,2026-01-01T04:36:02Z
order_00009796,batch_0005,trader_0017,ETH-USD,BUY,1930.97,697,697,0,2026-01-01T02:43:15Z
order_00012783,batch_0005,trader_0010,ETH-USD,BUY,1930.95,545,545,0,2026-01-01T03:33:02Z
order_00014393,batch_0005,trader_0017,ETH-USD,BUY,1930.77,573,573,0,2026-01-01T03:59:52Z
order_00015546,batch_0005,trader_0025,ETH-USD,BUY,1930.75,935,935,0,2026-01-01T04:19:05Z
order_00014063,batch_0005,trader_0023,ETH-USD,BUY,1930.69,996,996,0,2026-01-01T03:54:22Z
order_00014391,batch_0005,trader_0002,ETH-USD,BUY,1930.67,465,465,0,2026-01-01T03:59:50Z
order_00008477,batch_0005,trader_0001,ETH-USD,BUY,1930.66,136,136,0,2026-01-01T02:21:16Z
order_00014932,batch_0005,trader_0019,ETH-USD,BUY,1930.54,426,426,0,2026-01-01T04:08:51Z
order_00016250,batch_0005,trader_0004,ETH-USD,BUY,1930.51,721,721,0,2026-01-01T04:30:49Z
order_00006607,batch_0005,trader_0020,ETH-USD,BUY,1930.43,224,224,0,2026-01-01T01:50:06Z
order_00011092,batch_0005,trader_0010,ETH-USD,BUY,1930.39,878,878,0,2026-01-01T03:04:51Z
order_00012900,batch_0005,trader_0003,ETH-USD,BUY,1930.18,136,136,0,2026-01-01T03:34:59Z
order_00011717,batch_0005,trader_0016,ETH-USD,BUY,1930.09,645,645,0,2026-01-01T03:15:16Z
order_00015622,batch_0005,trader_0007,ETH-USD,BUY,1930.05,903,903,0,2026-01-01T04:20:21Z
order_00009153,batch_0005,trader_0014,ETH-USD,BUY,1929.97,158,158,0,2026-01-01T02:32:32Z
order_00012007,batch_0005,trader_0025,ETH-USD,BUY,1929.9,264,264,0,2026-01-01T03:20:06Z
order_00012188,batch_0005,trader_0019,ETH-USD,BUY,1929.85,735,735,0,2026-01-01T03:23:07Z
order_00011408,batch_0005,trader_0024,ETH-USD,BUY,1929.73,5,5,0,2026-01-01T03:10:07Z
order_00007642,batch_0005,trader_0003,ETH-USD,BUY,1929.67,238,238,0,2026-01-01T02:07:21Z
order_00008374,batch_0005,trader_0023,ETH-USD,BUY,1929.67,20,20,0,2026-01-01T02:19:33Z
order_00012010,batch_0005,trader_0010,ETH-USD,BUY,1929.43,798,798,0,2026-01-01T03:20:09Z
order_00013652,batch_0005,trader_0013,ETH-USD,BUY,1929.23,408,408,0,2026-01-01T03:47:31Z
order_00012957,batch_0005,trader_0007,ETH-USD,BUY,1929.2,344,344,0,2026-01-01T03:35:56Z
order_00008578,batch_0005,trader_0018,ETH-USD,BUY,1929.18,627,627,0,2026-01-01T02:22:57Z
order_00007871,batch_0005,trader_0004,ETH-USD,BUY,1929.09,215,215,0,2026-01-01T02:11:10Z
order_00010743,batch_0005,trader_0011,ETH-USD,BUY,1928.94,459,459,0,2026-01-01T02:59:02Z
order_00016133,batch_0005,trader_0003,ETH-USD,BUY,1928.92,296,296,0,2026-01-01T04:28:52Z
order_00015483,batch_0005,trader_0020,ETH-USD,BUY,1928.83,498,498,0,2026-01-01T04:18:02Z
order_00013415,batch_0005,trader_0017,ETH-USD,BUY,1928.69,256,256,0,2026-01-01T03:43:34Z
order_00016547,batch_0005,trader_0010,ETH-USD,BUY,1928.58,268,268,0,2026-01-01T04:35:46Z
order_00013010,batch_0005,trader_0004,ETH-USD,BUY,1928.46,784,784,0,2026-01-01T03:36:49Z
order_00006821,batch_0005,trader_0003,ETH-USD,BUY,1928.43,840,840,0,2026-01-01T01:53:40Z
order_00011178,batch_0005,trader_0002,ETH-USD,BUY,1928.41,788,788,0,2026-01-01T03:06:17Z
order_00010082,batch_0005,trader_0017,ETH-USD,BUY,1928.38,977,977,0,2026-01-01T02:48:01Z
order_00011354,batch_0005,trader_0019,ETH-USD,BUY,1928.35,543,543,0,2026-01-01T03:09:13Z
order_00016421,batch_0005,trader_0019,ETH-USD,BUY,1928.31,785,785,0,2026-01-01T04:33:40Z
order_00013239,batch_0005,trader_0013,ETH-USD,BUY,1928.19,816,816,0,2026-01-01T03:40:38Z
order_00011661,batch_0005,trader_0001,ETH-USD,BUY,1928.02,13,13,0,2026-01-01T03:14:20Z
order_00012520,batch_0005,trader_0018,ETH-USD,BUY,1928.01,978,978,0,2026-01-01T03:28:39Z
order_00012028,batch_0005,trader_0009,ETH-USD,BUY,1927.91,884,884,0,2026-01-01T03:20:27Z
order_00007098,batch_0005,trader_0019,ETH-USD,BUY,1927.9,263,263,0,2026-01-01T01:58:17Z
order_00016154,batch_0005,trader_0015,ETH-USD,BUY,1927.9,977,977,0,2026-01-01T04:29:13Z
order_00007513,batch_0005,trader_0019,ETH-USD,BUY,1927.85,18,18,0,2026-01-01T02:05:12Z
order_00013630,batch_0005,trader_0024,ETH-USD,BUY,1927.82,913,913,0,2026-01-01T03:47:09Z
order_00013606,batch_0005,trader_0016,ETH-USD,BUY,1927.7,356,356,0,2026-01-01T03:46:45Z
order_00012849,batch_0005,trader_0018,ETH-USD,BUY,1927.64,220,220,0,2026-01-01T03:34:08Z
order_00012507,batch_0005,trader_0013,ETH-USD,BUY,1927.33,816,816,0,2026-01-01T03:28:26Z
order_00008104,batch_0005,trader_0025,ETH-USD,BUY,1927.32,807,807,0,2026-01-01T02:15:03Z
order_00014396,batch_0005,trader_0014,ETH-USD,BUY,1927.13,223,223,0,2026-01-01T03:59:55Z
order_00007693,batch_0005,trader_0001,ETH-USD,BUY,1927.12,281,281,0,2026-01-01T02:08:12Z
order_00011094,batch_0005,trader_0013,ETH-USD,BUY,1927.06,35,35,0,2026-01-01T03:04:53Z
order_00008719,batch_0005,trader_0012,ETH-USD,BUY,1926.91,342,342,0,2026-01-01T02:25:18Z
order_00016100,batch_0005,trader_0009,ETH-USD,BUY,1926.86,924,924,0,2026-01-01T04:28:19Z
order_00011997,batch_0005,trader_0010,ETH-USD,BUY,1926.84,485,485,0,2026-01-01T03:19:56Z
order_00016213,batch_0005,trader_0021,ETH-USD,BUY,1926.83,823,823,0,2026-01-01T04:30:12Z
order_00015310,batch_0005,trader_0019,ETH-USD,BUY,1926.73,82,82,0,2026-01-01T04:15:09Z
order_00016221,batch_0005,trader_0012,ETH-USD,BUY,1926.54,841,841,0,2026-01-01T04:30:20Z
order_00012535,batch_0005,trader_0011,ETH-USD,BUY,1926.44,129,129,0,2026-01-01T03:28:54Z
order_00013943,batch_0005,trader_0014,ETH-USD,BUY,1926.4,631,631,0,2026-01-01T03:52:22Z
order_00011967,batch_0005,trader_0015,ETH-USD,BUY,1926.36,125,125,0,2026-01-01T03:19:26Z
order_00010503,batch_0005,trader_0018,ETH-USD,BUY,1926.26,304,304,0,2026-01-01T02:55:02Z
order_00011107,batch_0005,trader_0015,ETH-USD,BUY,1926.19,852,852,0,2026-01-01T03:05:06Z
order_00011419,batch_0005,trader_0001,ETH-USD,BUY,1926.12,113,113,0,2026-01-01T03:10:18Z
order_00012948,batch_0005,trader_0009,ETH-USD,BUY,1926.05,998,998,0,2026-01-01T03:35:47Z
order_00008873,batch_0005,trader_0012,ETH-USD,BUY,1925.59,366,366,0,2026-01-01T02:27:52Z
order_00009134,batch_0005,trader_0003,ETH-USD,BUY,1925.33,666,666,0,2026-01-01T02:32:13Z
order_00014606,batch_0005,trader_0021,ETH-USD,BUY,1925.26,560,560,0,2026-01-01T04:03:25Z
order_00010142,batch_0005,trader_0025,ETH-USD,BUY,1925.25,143,143,0,2026-01-01T02:49:01Z
order_00008501,batch_0005,trader_0010,ETH-USD,BUY,1925.06,75,75,0,2026-01-01T02:21:40Z
order_00008196,batch_0005,trader_0022,ETH-USD,BUY,1925.04,542,542,0,2026-01-01T02:16:35Z
order_00013444,batch_0005,trader_0015,ETH-USD,BUY,1924.96,430,430,0,2026-01-01T03:44:03Z
order_00011361,batch_0005,trader_0025,ETH-USD,BUY,1924.94,433,433,0,2026-01-01T03:09:20Z
order_00011492,batch_0005,trader_0002,ETH-USD,BUY,1924.92,252,252,0,2026-01-01T03:11:31Z
order_00009598,batch_0005,trader_0007,ETH-USD,BUY,1924.76,473,473,0,2026-01-01T02:39:57Z
order_00012495,batch_0005,trader_0006,ETH-USD,BUY,1924.63,49,49,0,2026-01-01T03:28:14Z
order_00015120,batch_0005,trader_0004,ETH-USD,BUY,1924.56,263,263,0,2026-01-01T04:11:59Z
order_00009221,batch_0005,trader_0014,ETH-USD,BUY,1924.48,532,532,0,2026-01-01T02:33:40Z
order_00016474,batch_0005,trader_0007,ETH-USD,BUY,1924.45,395,395,0,2026-01-01T04:34:33Z
order_00011890,batch_0005,trader_0016,ETH-USD,BUY,1924.38,147,147,0,2026-01-01T03:18:09Z
order_00015445,batch_0005,trader_0005,ETH-USD,BUY,1924.37,554,554,0,2026-01-01T04:17:24Z
order_00007658,batch_0005,trader_0002,ETH-USD,BUY,1924.31,61,61,0,2026-01-01T02:07:37Z
order_00013984,batch_0005,trader_0006,ETH-USD,BUY,1924.29,326,326,0,2026-01-01T03:53:03Z
order_00012916,batch_0005,trader_0017,ETH-USD,BUY,1924.03,731,731,0,2026-01-01T03:35:15Z
order_00007829,batch_0005,trader_0009,ETH-USD,BUY,1924.0,810,810,0,2026-01-01T02:10:28Z
order_00013558,batch_0005,trader_0017,ETH-USD,BUY,1923.95,411,411,0,2026-01-01T03:45:57Z
order_00011653,batch_0005,trader_0024,ETH-USD,BUY,1923.92,681,681,0,2026-01-01T03:14:12Z
order_00010312,batch_0005,trader_0006,ETH-USD,BUY,1923.72,692,692,0,2026-01-01T02:51:51Z
order_00015749,batch_0005,trader_0019,ETH-USD,BUY,1923.65,303,303,0,2026-01-01T04:22:28Z
order_00014749,batch_0005,trader_0007,ETH-USD,BUY,1923.48,831,831,0,2026-01-01T04:05:48Z
order_00007295,batch_0005,trader_0024,ETH-USD,BUY,1923.13,130,130,0,2026-01-01T02:01:34Z
order_00014246,batch_0005,trader_0017,ETH-USD,BUY,1923.12,449,449,0,2026-01-01T03:57:25Z
order_00007833,batch_0005,trader_0014,ETH-USD,BUY,1923.06,616,616,0,2026-01-01T02:10:32Z
order_00013088,batch_0005,trader_0011,ETH-USD,BUY,1923.03,458,458,0,2026-01-01T03:38:07Z
order_00010878,batch_0005,trader_0015,ETH-USD,BUY,1922.9,366,366,0,2026-01-01T03:01:17Z
order_00013602,batch_0005,trader_0006,ETH-USD,BUY,1922.82,941,941,0,2026-01-01T03:46:41Z
order_00010644,batch_0005,trader_0002,ETH-USD,BUY,1922.75,440,440,0,2026-01-01T02:57:23Z
order_00010225,batch_0005,trader_0005,ETH-USD,BUY,1922.71,210,210,0,2026-01-01T02:50:24Z
order_00007107,batch_0005,trader_0008,ETH-USD,BUY,1922.7,548,548,0,2026-01-01T01:58:26Z
order_00014707,batch_0005,trader_0005,ETH-USD,BUY,1922.65,855,855,0,2026-01-01T04:05:06Z
order_00008445,batch_0005,trader_0006,ETH-USD,BUY,1922.47,821,821,0,2026-01-01T02:20:44Z
order_00008155,batch_0005,trader_0025,ETH-USD,BUY,1922.37,856,856,0,2026-01-01T02:15:54Z
order_00013800,batch_0005,trader_0003,ETH-USD,BUY,1922.36,921,921,0,2026-01-01T03:49:59Z
order_00007813,batch_0005,trader_0019,ETH-USD,BUY,1922.34,678,678,0,2026-01-01T02:10:12Z
order_00013583,batch_0005,trader_0016,ETH-USD,BUY,1922.31,652,652,0,2026-01-01T03:46:22Z
order_00014935,batch_0005,trader_0011,ETH-USD,BUY,1922.26,255,255,0,2026-01-01T04:08:54Z
order_00008811,batch_0005,trader_0011,ETH-USD,BUY,1922.18,726,726,0,2026-01-01T02:26:50Z
order_00008019,batch_0005,trader_0010,ETH-USD,BUY,1922.17,820,820,0,2026-01-01T02:13:38Z
order_00016034,batch_0005,trader_0011,ETH-USD,BUY,1922.15,706,706,0,2026-01-01T04:27:13Z
order_00012752,batch_0005,trader_0020,ETH-USD,BUY,1922.11,752,752,0,2026-01-01T03:32:31Z
order_00013967,batch_0005,trader_0021,ETH-USD,BUY,1921.98,798,798,0,2026-01-01T03:52:46Z
order_00011320,batch_0005,trader_0011,ETH-USD,BUY,1921.83,738,738,0,2026-01-01T03:08:39Z
order_00016093,batch_0005,trader_0012,ETH-USD,BUY,1921.69,442,442,0,2026-01-01T04:28:12Z
order_00009417,batch_0005,trader_0025,ETH-USD,BUY,1921.68,317,317,0,2026-01-01T02:36:56Z
order_00015166,batch_0005,trader_0021,ETH-USD,BUY,1921.67,901,901,0,2026-01-01T04:12:45Z
order_00012698,batch_0005,trader_0012,ETH-USD,BUY,1921.64,712,712,0,2026-01-01T03:31:37Z
order_00007918,batch_0005,trader_0010,ETH-USD,BUY,1921.62,260,260,0,2026-01-01T02:11:57Z
order_00013125,batch_0005,trader_0006,ETH-USD,BUY,1921.6,638,638,0,2026-01-01T03:38:44Z
order_00012513,batch_0005,trader_0021,ETH-USD,BUY,1921.48,701,701,0,2026-01-01T03:28:32Z
order_00015579,batch_0005,trader_0005,ETH-USD,BUY,1921.28,422,422,0,2026-01-01T04:19:38Z
order_00015613,batch_0005,trader_0007,ETH-USD,BUY,1921.05,377,377,0,2026-01-01T04:20:12Z
order_00014414,batch_0005,trader_0008,ETH-USD,BUY,1920.97,943,943,0,2026-01-01T04:00:13Z
order_00008308,batch_0005,trader_0009,ETH-USD,BUY,1920.88,1,1,0,2026-01-01T02:18:27Z
order_00009301,batch_0005,trader_0016,ETH-USD,BUY,1920.79,786,786,0,2026-01-01T02:35:00Z
order_00007741,batch_0005,trader_0013,ETH-USD,BUY,1920.77,71,71,0,2026-01-01T02:09:00Z
order_00009605,batch_0005,trader_0020,ETH-USD,BUY,1920.61,302,302,0,2026-01-01T02:40:04Z
order_00008176,batch_0005,trader_0016,ETH-USD,BUY,1920.56,613,613,0,2026-01-01T02:16:15Z
order_00007068,batch_0005,trader_0025,ETH-USD,BUY,1920.28,1,1,0,2026-01-01T01:57:47Z
order_00008182,batch_0005,trader_0015,ETH-USD,BUY,1920.23,2,2,0,2026-01-01T02:16:21Z
order_00014091,batch_0005,trader_0020,ETH-USD,BUY,1920.17,819,819,0,2026-01-01T03:54:50Z
order_00008626,batch_0005,trader_0018,ETH-USD,BUY,1920.13,614,614,0,2026-01-01T02:23:45Z
order_00007029,batch_0005,trader_0009,ETH-USD,BUY,1919.94,782,782,0,2026-01-01T01:57:08Z
order_00009043,batch_0005,trader_0008,ETH-USD,BUY,1919.8,946,946,0,2026-01-01T02:30:42Z
order_00008779,batch_0005,trader_0019,ETH-USD,BUY,1919.73,417,417,0,2026-01-01T02:26:18Z
order_00016228,batch_0005,trader_0021,ETH-USD,BUY,1919.69,36,36,0,2026-01-01T04:30:27Z
order_00015431,batch_0005,trader_0003,ETH-USD,BUY,1919.52,968,968,0,2026-01-01T04:17:10Z
order_00013739,batch_0005,trader_0002,ETH-USD,BUY,1919.35,226,226,0,2026-01-01T03:48:58Z
order_00006901,batch_0005,trader_0009,ETH-USD,BUY,1919.32,638,638,0,2026-01-01T01:55:00Z
order_00011612,batch_0005,trader_0008,ETH-USD,BUY,1919.25,715,715,0,2026-01-01T03:13:31Z
order_00007940,batch_0005,trader_0003,ETH-USD,BUY,1919.22,205,205,0,2026-01-01T02:12:19Z
order_00011685,batch_0005,trader_0024,ETH-USD,BUY,1919.22,770,770,0,2026-01-01T03:14:44Z
order_00014294,batch_0005,trader_0013,ETH-USD,BUY,1919.13,906,906,0,2026-01-01T03:58:13Z
order_00008844,batch_0005,trader_0015,ETH-USD,BUY,1919.09,238,238,0,2026-01-01T02:27:23Z
order_00007702,batch_0005,trader_0003,ETH-USD,BUY,1919.04,357,357,0,2026-01-01T02:08:21Z
order_00006838,batch_0005,trader_0002,ETH-USD,BUY,1919.0,726,726,0,2026-01-01T01:53:57Z
order_00014265,batch_0005,trader_0014,ETH-USD,BUY,1918.99,35,35,0,2026-01-01T03:57:44Z
order_00008258,batch_0005,trader_0011,ETH-USD,BUY,1918.95,866,866,0,2026-01-01T02:17:37Z
order_00010127,batch_0005,trader_0003,ETH-USD,BUY,1918.92,640,640,0,2026-01-01T02:48:46Z
order_00011160,batch_0005,trader_0017,ETH-USD,BUY,1918.87,827,827,0,2026-01-01T03:05:59Z
order_00012456,batch_0005,trader_0003,ETH-USD,BUY,1918.83,866,866,0,2026-01-01T03:27:35Z
order_00009098,batch_0005,trader_0009,ETH-USD,BUY,1918.81,11,11,0,2026-01-01T02:31:37Z
order_00014797,batch_0005,trader_0012,ETH-USD,BUY,1918.76,95,95,0,2026-01-01T04:06:36Z
order_00006737,batch_0005,trader_0024,ETH-USD,BUY,1918.51,286,286,0,2026-01-01T01:52:16Z
order_00007227,batch_0005,trader_0005,ETH-USD,BUY,1918.5,517,517,0,2026-01-01T02:00:26Z
order_00015908,batch_0005,trader_0006,ETH-USD,BUY,1918.41,992,992,0,2026-01-01T04:25:07Z
order_00012603,batch_0005,trader_0019,ETH-USD,BUY,1918.33,793,793,0,2026-01-01T03:30:02Z
order_00008010,batch_0005,trader_0013,ETH-USD,BUY,1918.29,90,90,0,2026-01-01T02:13:29Z
order_00008781,batch_0005,trader_0004,ETH-USD,BUY,1918.29,133,133,0,2026-01-01T02:26:20Z
order_00015996,batch_0005,trader_0020,ETH-USD,BUY,1918.27,824,824,0,2026-01-01T04:26:35Z
order_00012955,batch_0005,trader_0016,ETH-USD,BUY,1918.24,451,451,0,2026-01-01T03:35:54Z
order_00007746,batch_0005,trader_0008,ETH-USD,BUY,1918.21,191,191,0,2026-01-01T02:09:05Z
order_00009577,batch_0005,trader_0006,ETH-USD,BUY,1918.17,319,319,0,2026-01-01T02:39:36Z
order_00013901,batch_0005,trader_0024,ETH-USD,BUY,1918.16,208,208,0,2026-01-01T03:51:40Z
order_00016202,batch_0005,trader_0016,ETH-USD,BUY,1918.15,244,244,0,2026-01-01T04:30:01Z
order_00009541,batch_0005,trader_0006,ETH-USD,BUY,1918.14,701,701,0,2026-01-01T02:39:00Z
order_00011270,batch_0005,trader_0002,ETH-USD,BUY,1918.14,616,616,0,2026-01-01T03:07:49Z
order_00012940,batch_0005,trader_0009,ETH-USD,BUY,1918.14,771,771,0,2026-01-01T03:35:39Z
order_00012594,batch_0005,trader_0025,ETH-USD,BUY,1917.96,286,286,0,2026-01-01T03:29:53Z
order_00013418,batch_0005,trader_0023,ETH-USD,BUY,1917.92,149,149,0,2026-01-01T03:43:37Z
order_00014705,batch_0005,trader_0005,ETH-USD,BUY,1917.9,361,361,0,2026-01-01T04:05:04Z
order_00009015,batch_0005,trader_0019,ETH-USD,BUY,1917.87,6,6,0,2026-01-01T02:30:14Z
order_00014047,batch_0005,trader_0020,ETH-USD,BUY,1917.81,595,595,0,2026-01-01T03:54:06Z
order_00016081,batch_0005,trader_0024,ETH-USD,BUY,1917.81,355,355,0,2026-01-01T04:28:00Z
order_00013755,batch_0005,trader_0010,ETH-USD,BUY,1917.73,139,139,0,2026-01-01T03:49:14Z
order_00009465,batch_0005,trader_0012,ETH-USD,BUY,1917.72,877,877,0,2026-01-01T02:37:44Z
order_00011767,batch_0005,trader_0006,ETH-USD,BUY,1917.47,13,13,0,2026-01-01T03:16:06Z
order_00014413,batch_0005,trader_0020,ETH-USD,BUY,1917.33,965,965,0,2026-01-01T04:00:12Z
order_00012997,batch_0005,trader_0025,ETH-USD,BUY,1917.29,497,497,0,2026-01-01T03:36:36Z
order_00013455,batch_0005,trader_0025,ETH-USD,BUY,1917.16,103,103,0,2026-01-01T03:44:14Z
order_00012411,batch_0005,trader_0010,ETH-USD,BUY,1917.15,553,553,0,2026-01-01T03:26:50Z
order_00010452,batch_0005,trader_0016,ETH-USD,BUY,1917.09,3,3,0,2026-01-01T02:54:11Z
order_00012804,batch_0005,trader_0016,ETH-USD,BUY,1917.04,914,914,0,2026-01-01T03:33:23Z
order_00007071,batch_0005,trader_0007,ETH-USD,BUY,1916.96,494,494,0,2026-01-01T01:57:50Z
order_00011726,batch_0005,trader_0012,ETH-USD,BUY,1916.93,659,659,0,2026-01-01T03:15:25Z
order_00010228,batch_0005,trader_0007,ETH-USD,BUY,1916.92,645,645,0,2026-01-01T02:50:27Z
order_00009913,batch_0005,trader_0003,ETH-USD,BUY,1916.74,63,63,0,2026-01-01T02:45:12Z
order_00014969,batch_0005,trader_0019,ETH-USD,BUY,1916.74,917,917,0,2026-01-01T04:09:28Z
order_00012606,batch_0005,trader_0006,ETH-USD,BUY,1916.63,299,299,0,2026-01-01T03:30:05Z
order_00014314,batch_0005,trader_0005,ETH-USD,BUY,1916.47,612,612,0,2026-01-01T03:58:33Z
order_00008099,batch_0005,trader_0017,ETH-USD,BUY,1916.45,652,652,0,2026-01-01T02:14:58Z
order_00010881,batch_0005,trader_0013,ETH-USD,BUY,1916.39,513,513,0,2026-01-01T03:01:20Z
order_00014767,batch_0005,trader_0020,ETH-USD,BUY,1916.35,288,288,0,2026-01-01T04:06:06Z
order_00014417,batch_0005,trader_0013,ETH-USD,BUY,1916.31,709,709,0,2026-01-01T04:00:16Z
order_00009090,batch_0005,trader_0014,ETH-USD,BUY,1916.14,346,346,0,2026-01-01T02:31:29Z
order_00007472,batch_0005,trader_0007,ETH-USD,BUY,1916.11,692,692,0,2026-01-01T02:04:31Z
order_00007332,batch_0005,trader_0024,ETH-USD,BUY,1915.85,386,386,0,2026-01-01T02:02:11Z
order_00010531,batch_0005,trader_0005,ETH-USD,BUY,1915.82,714,714,0,2026-01-01T02:55:30Z
order_00011863,batch_0005,trader_0020,ETH-USD,BUY,1915.81,589,589,0,2026-01-01T03:17:42Z
order_00015403,batch_0005,trader_0007,ETH-USD,BUY,1915.81,519,519,0,2026-01-01T04:16:42Z
order_00012194,batch_0005,trader_0024,ETH-USD,BUY,1915.68,767,767,0,2026-01-01T03:23:13Z
order_00007264,batch_0005,trader_0021,ETH-USD,BUY,1915.13,466,466,0,2026-01-01T02:01:03Z
order_00013564,batch_0005,trader_0004,ETH-USD,BUY,1914.66,7,7,0,2026-01-01T03:46:03Z
order_00006689,batch_0005,trader_0020,ETH-USD,BUY,1914.64,460,460,0,2026-01-01T01:51:28Z
order_00015499,batch_0005,trader_0002,ETH-USD,BUY,1914.54,889,889,0,2026-01-01T04:18:18Z
order_00009596,batch_0005,trader_0005,ETH-USD,BUY,1914.46,945,945,0,2026-01-01T02:39:55Z
order_00013719,batch_0005,trader_0024,ETH-USD,BUY,1914.05,468,468,0,2026-01-01T03:48:38Z
order_00009825,batch_0005,trader_0011,ETH-USD,BUY,1914.01,728,728,0,2026-01-01T02:43:44Z
order_00012651,batch_0005,trader_0018,ETH-USD,BUY,1913.62,951,951,0,2026-01-01T03:30:50Z
order_00010809,batch_0005,trader_0009,ETH-USD,BUY,1913.32,33,33,0,2026-01-01T03:00:08Z
order_00015849,batch_0005,trader_0008,ETH-USD,BUY,1913.32,513,513,0,2026-01-01T04:24:08Z
order_00008885,batch_0005,trader_0018,ETH-USD,BUY,1913.31,304,304,0,2026-01-01T02:28:04Z
order_00014496,batch_0005,trader_0005,ETH-USD,BUY,1913.28,558,558,0,2026-01-01T04:01:35Z
order_00010906,batch_0005,trader_0014,ETH-USD,BUY,1913.15,132,132,0,2026-01-01T03:01:45Z
order_00014323,batch_0005,trader_0017,ETH-USD,BUY,1913.05,679,679,0,2026-01-01T03:58:42Z
order_00007222,batch_0005,trader_0019,ETH-USD,BUY,1912.93,620,620,0,2026-01-01T02:00:21Z
order_00015153,batch_0005,trader_0012,ETH-USD,BUY,1912.89,577,577,0,2026-01-01T04:12:32Z
order_00012220,batch_0005,trader_0020,ETH-USD,BUY,1912.84,986,986,0,2026-01-01T03:23:39Z
order_00008254,batch_0005,trader_0017,ETH-USD,BUY,1912.78,43,43,0,2026-01-01T02:17:33Z
order_00010952,batch_0005,trader_0014,ETH-USD,BUY,1912.75,598,598,0,2026-01-01T03:02:31Z
order_00014619,batch_0005,trader_0025,ETH-USD,BUY,1912.73,3,3,0,2026-01-01T04:03:38Z
order_00011156,batch_0005,trader_0014,ETH-USD,BUY,1912.72,415,415,0,2026-01-01T03:05:55Z
order_00014882,batch_0005,trader_0010,ETH-USD,BUY,1912.64,113,113,0,2026-01-01T04:08:01Z
order_00010945,batch_0005,trader_0004,ETH-USD,BUY,1912.58,451,451,0,2026-01-01T03:02:24Z
order_00014212,batch_0005,trader_0021,ETH-USD,BUY,1912.46,832,832,0,2026-01-01T03:56:51Z
order_00008596,batch_0005,trader_0007,ETH-USD,BUY,1912.36,81,81,0,2026-01-01T02:23:15Z
order_00008112,batch_0005,trader_0005,ETH-USD,BUY,1912.31,945,945,0,2026-01-01T02:15:11Z
order_00015766,batch_0005,trader_0009,ETH-USD,BUY,1912.31,800,800,0,2026-01-01T04:22:45Z
order_00012931,batch_0005,trader_0004,ETH-USD,BUY,1912.23,22,22,0,2026-01-01T03:35:30Z
order_00013028,batch_0005,trader_0011,ETH-USD,BUY,1912.23,124,124,0,2026-01-01T03:37:07Z
order_00006990,batch_0005,trader_0002,ETH-USD,BUY,1912.06,842,842,0,2026-01-01T01:56:29Z
order_00015878,batch_0005,trader_0020,ETH-USD,BUY,1911.69,750,750,0,2026-01-01T04:24:37Z
order_00009887,batch_0005,trader_0005,ETH-USD,BUY,1911.66,630,630,0,2026-01-01T02:44:46Z
order_00014289,batch_0005,trader_0004,ETH-USD,BUY,1911.5,36,36,0,2026-01-01T03:58:08Z
order_00015837,batch_0005,trader_0023,ETH-USD,BUY,1911.35,944,944,0,2026-01-01T04:23:56Z
order_00011200,batch_0005,trader_0018,ETH-USD,BUY,1911.28,377,377,0,2026-01-01T03:06:39Z
order_00015931,batch_0005,trader_0017,ETH-USD,BUY,1911.21,765,765,0,2026-01-01T04:25:30Z
order_00011333,batch_0005,trader_0007,ETH-USD,BUY,1911.17,655,655,0,2026-01-01T03:08:52Z
order_00015883,batch_0005,trader_0025,ETH-USD,BUY,1910.91,191,191,0,2026-01-01T04:24:42Z
order_00011654,batch_0005,trader_0012,ETH-USD,BUY,1910.79,423,423,0,2026-01-01T03:14:13Z
order_00011058,batch_0005,trader_0015,ETH-USD,BUY,1910.61,124,124,0,2026-01-01T03:04:17Z
order_00009333,batch_0005,trader_0025,ETH-USD,BUY,1910.47,694,694,0,2026-01-01T02:35:32Z
order_00014774,batch_0005,trader_0001,ETH-USD,BUY,1910.42,382,382,0,2026-01-01T04:06:13Z
order_00010521,batch_0005,trader_0002,ETH-USD,BUY,1910.25,703,703,0,2026-01-01T02:55:20Z
order_00007363,batch_0005,trader_0001,ETH-USD,BUY,1909.92,798,798,0,2026-01-01T02:02:42Z
order_00013322,batch_0005,trader_0003,ETH-USD,BUY,1909.83,431,431,0,2026-01-01T03:42:01Z
order_00013414,batch_0005,trader_0019,ETH-USD,BUY,1909.64,205,205,0,2026-01-01T03:43:33Z
order_00013615,batch_0005,trader_0007,ETH-USD,BUY,1909.52,304,304,0,2026-01-01T03:46:54Z
order_00015265,batch_0005,trader_0020,ETH-USD,BUY,1909.5,550,550,0,2026-01-01T04:14:24Z
order_00013532,batch_0005,trader_0006,ETH-USD,BUY,1909.28,157,157,0,2026-01-01T03:45:31Z
order_00016274,batch_0005,trader_0003,ETH-USD,BUY,1909.24,220,220,0,2026-01-01T04:31:13Z
order_00010643,batch_0005,trader_0010,ETH-USD,BUY,1909.21,47,47,0,2026-01-01T02:57:22Z
order_00013273,batch_0005,trader_0010,ETH-USD,BUY,1909.15,548,548,0,2026-01-01T03:41:12Z
order_00015576,batch_0005,trader_0006,ETH-USD,BUY,1909.1,645,645,0,2026-01-01T04:19:35Z
order_00015150,batch_0005,trader_0006,ETH-USD,BUY,1909.03,99,99,0,2026-01-01T04:12:29Z
order_00007800,batch_0005,trader_0020,ETH-USD,BUY,1908.93,829,829,0,2026-01-01T02:09:59Z
order_00007423,batch_0005,trader_0003,ETH-USD,BUY,1908.78,63,63,0,2026-01-01T02:03:42Z
order_00015330,batch_0005,trader_0001,ETH-USD,BUY,1908.73,997,997,0,2026-01-01T04:15:29Z
order_00008379,batch_0005,trader_0013,ETH-USD,BUY,1908.64,970,970,0,2026-01-01T02:19:38Z
order_00009820,batch_0005,trader_0019,ETH-USD,BUY,1908.6,505,505,0,2026-01-01T02:43:39Z
order_00009327,batch_0005,trader_0005,ETH-USD,BUY,1908.53,517,517,0,2026-01-01T02:35:26Z
order_00010301,batch_0005,trader_0025,ETH-USD,BUY,1908.49,252,252,0,2026-01-01T02:51:40Z
order_00015732,batch_0005,trader_0002,ETH-USD,BUY,1908.27,804,804,0,2026-01-01T04:22:11Z
order_00013737,batch_0005,trader_0024,ETH-USD,BUY,1908.26,328,328,0,2026-01-01T03:48:56Z
order_00006911,batch_0005,trader_0001,ETH-USD,BUY,1908.12,625,625,0,2026-01-01T01:55:10Z
order_00006839,batch_0005,trader_0022,ETH-USD,BUY,1908.1,508,508,0,2026-01-01T01:53:58Z
order_00012524,batch_0005,trader_0020,ETH-USD,BUY,1908.04,141,141,0,2026-01-01T03:28:43Z
order_00011149,batch_0005,trader_0012,ETH-USD,BUY,1907.93,449,449,0,2026-01-01T03:05:48Z
order_00010858,batch_0005,trader_0009,ETH-USD,BUY,1907.87,859,859,0,2026-01-01T03:00:57Z
order_00011681,batch_0005,trader_0019,ETH-USD,BUY,1907.87,78,78,0,2026-01-01T03:14:40Z
order_00009236,batch_0005,trader_0012,ETH-USD,BUY,1907.85,646,646,0,2026-01-01T02:33:55Z
order_00014015,batch_0005,trader_0010,ETH-USD,BUY,1907.75,350,350,0,2026-01-01T03:53:34Z
order_00013218,batch_0005,trader_0008,ETH-USD,BUY,1907.61,305,305,0,2026-01-01T03:40:17Z
order_00013109,batch_0005,trader_0011,ETH-USD,BUY,1907.47,134,134,0,2026-01-01T03:38:28Z
order_00014305,batch_0005,trader_0011,ETH-USD,BUY,1907.41,684,684,0,2026-01-01T03:58:24Z
order_00011059,batch_0005,trader_0003,ETH-USD,BUY,1907.3,424,424,0,2026-01-01T03:04:18Z
order_00008638,batch_0005,trader_0010,ETH-USD,BUY,1907.22,96,96,0,2026-01-01T02:23:57Z
order_00012917,batch_0005,trader_0012,ETH-USD,BUY,1907.2,125,125,0,2026-01-01T03:35:16Z
order_00015954,batch_0005,trader_0010,ETH-USD,BUY,1907.17,275,275,0,2026-01-01T04:25:53Z
order_00008394,batch_0005,trader_0022,ETH-USD,BUY,1907.16,78,78,0,2026-01-01T02:19:53Z
order_00011434,batch_0005,trader_0009,ETH-USD,BUY,1906.85,203,203,0,2026-01-01T03:10:33Z
order_00016507,batch_0005,trader_0009,ETH-USD,BUY,1906.63,731,731,0,2026-01-01T04:35:06Z
order_00010844,batch_0005,trader_0003,ETH-USD,BUY,1906.5,792,792,0,2026-01-01T03:00:43Z
order_00012189,batch_0005,trader_0010,ETH-USD,BUY,1906.46,880,880,0,2026-01-01T03:23:08Z
order_00007482,batch_0005,trader_0001,ETH-USD,BUY,1906.41,798,798,0,2026-01-01T02:04:41Z
order_00009223,batch_0005,trader_0013,ETH-USD,BUY,1906.3,729,729,0,2026-01-01T02:33:42Z
order_00010640,batch_0005,trader_0012,ETH-USD,BUY,1906.23,750,750,0,2026-01-01T02:57:19Z
order_00006788,batch_0005,trader_0023,ETH-USD,BUY,1906.14,581,581,0,2026-01-01T01:53:07Z
order_00016231,batch_0005,trader_0016,ETH-USD,BUY,1906.11,529,529,0,2026-01-01T04:30:30Z
order_00009966,batch_0005,trader_0024,ETH-USD,BUY,1906.03,700,700,0,2026-01-01T02:46:05Z
order_00007930,batch_0005,trader_0016,ETH-USD,BUY,1905.99,508,508,0,2026-01-01T02:12:09Z
order_00013765,batch_0005,trader_0005,ETH-USD,BUY,1905.96,910,910,0,2026-01-01T03:49:24Z
order_00014334,batch_0005,trader_0022,ETH-USD,BUY,1905.95,90,90,0,2026-01-01T03:58:53Z
order_00009636,batch_0005,trader_0011,ETH-USD,BUY,1905.85,937,937,0,2026-01-01T02:40:35Z
order_00014859,batch_0005,trader_0015,ETH-USD,BUY,1905.79,542,542,0,2026-01-01T04:07:38Z
order_00014262,batch_0005,trader_0004,ETH-USD,BUY,1905.75,929,929,0,2026-01-01T03:57:41Z
order_00011592,batch_0005,trader_0013,ETH-USD,BUY,1905.68,863,863,0,2026-01-01T03:13:11Z
order_00015517,batch_0005,trader_0007,ETH-USD,BUY,1905.63,303,303,0,2026-01-01T04:18:36Z
order_00009436,batch_0005,trader_0002,ETH-USD,BUY,1905.61,835,835,0,2026-01-01T02:37:15Z
order_00011956,batch_0005,trader_0008,ETH-USD,BUY,1905.49,187,187,0,2026-01-01T03:19:15Z
order_00011340,batch_0005,trader_0011,ETH-USD,BUY,1905.48,33,33,0,2026-01-01T03:08:59Z
order_00009182,batch_0005,trader_0012,ETH-USD,BUY,1905.4,819,819,0,2026-01-01T02:33:01Z
order_00009833,batch_0005,trader_0024,ETH-USD,BUY,1905.4,458,458,0,2026-01-01T02:43:52Z
order_00008531,batch_0005,trader_0002,ETH-USD,BUY,1905.37,493,493,0,2026-01-01T02:22:10Z
order_00008154,batch_0005,trader_0023,ETH-USD,BUY,1905.33,628,628,0,2026-01-01T02:15:53Z
order_00009594,batch_0005,trader_0001,ETH-USD,BUY,1905.33,978,978,0,2026-01-01T02:39:53Z
order_00007090,batch_0005,trader_0023,ETH-USD,BUY,1905.31,965,965,0,2026-01-01T01:58:09Z
order_00011972,batch_0005,trader_0006,ETH-USD,BUY,1905.24,741,741,0,2026-01-01T03:19:31Z
order_00015923,batch_0005,trader_0013,ETH-USD,BUY,1905.19,137,137,0,2026-01-01T04:25:22Z
order_00014638,batch_0005,trader_0018,ETH-USD,BUY,1905.02,555,555,0,2026-01-01T04:03:57Z
order_00007980,batch_0005,trader_0004,ETH-USD,BUY,1904.98,621,621,0,2026-01-01T02:12:59Z
order_00009733,batch_0005,trader_0015,ETH-USD,BUY,1904.95,531,531,0,2026-01-01T02:42:12Z
order_00013043,batch_0005,trader_0013,ETH-USD,BUY,1904.92,211,211,0,2026-01-01T03:37:22Z
order_00014237,batch_0005,trader_0005,ETH-USD,BUY,1904.88,951,951,0,2026-01-01T03:57:16Z
order_00013361,batch_0005,trader_0012,ETH-USD,BUY,1904.76,346,346,0,2026-01-01T03:42:40Z
order_00016212,batch_0005,trader_0011,ETH-USD,BUY,1904.76,302,302,0,2026-01-01T04:30:11Z
order_00009665,batch_0005,trader_0019,ETH-USD,BUY,1904.62,77,77,0,2026-01-01T02:41:04Z
order_00014531,batch_0005,trader_0001,ETH-USD,BUY,1904.54,78,78,0,2026-01-01T04:02:10Z
order_00012054,batch_0005,trader_0007,ETH-USD,BUY,1904.48,989,989,0,2026-01-01T03:20:53Z
order_00013560,batch_0005,trader_0021,ETH-USD,BUY,1904.48,361,361,0,2026-01-01T03:45:59Z
order_00011812,batch_0005,trader_0014,ETH-USD,BUY,1904.44,334,334,0,2026-01-01T03:16:51Z
order_00008658,batch_0005,trader_0003,ETH-USD,BUY,1904.31,95,95,0,2026-01-01T02:24:17Z
order_00007884,batch_0005,trader_0023,ETH-USD,BUY,1904.28,537,537,0,2026-01-01T02:11:23Z
order_00013804,batch_0005,trader_0006,ETH-USD,BUY,1904.24,437,437,0,2026-01-01T03:50:03Z
order_00013189,batch_0005,trader_0009,ETH-USD,BUY,1904.16,299,299,0,2026-01-01T03:39:48Z
order_00012077,batch_0005,trader_0019,ETH-USD,BUY,1904.05,890,890,0,2026-01-01T03:21:16Z
order_00011664,batch_0005,trader_0016,ETH-USD,BUY,1904.0,990,990,0,2026-01-01T03:14:23Z
order_00012541,batch_0005,trader_0008,ETH-USD,BUY,1903.91,793,793,0,2026-01-01T03:29:00Z
order_00010101,batch_0005,trader_0025,ETH-USD,BUY,1903.9,77,77,0,2026-01-01T02:48:20Z
order_00012608,batch_0005,trader_0004,ETH-USD,BUY,1903.87,652,652,0,2026-01-01T03:30:07Z
order_00007640,batch_0005,trader_0025,ETH-USD,BUY,1903.82,83,83,0,2026-01-01T02:07:19Z
order_00009699,batch_0005,trader_0019,ETH-USD,BUY,1903.71,634,634,0,2026-01-01T02:41:38Z
order_00016288,batch_0005,trader_0010,ETH-USD,BUY,1903.62,128,128,0,2026-01-01T04:31:27Z
order_00014352,batch_0005,trader_0013,ETH-USD,BUY,1903.6,617,617,0,2026-01-01T03:59:11Z
order_00016447,batch_0005,trader_0008,ETH-USD,BUY,1903.46,522,522,0,2026-01-01T04:34:06Z
order_00014433,batch_0005,trader_0025,ETH-USD,BUY,1903.39,988,988,0,2026-01-01T04:00:32Z
order_00007919,batch_0005,trader_0017,ETH-USD,BUY,1903.27,610,610,0,2026-01-01T02:11:58Z
order_00009025,batch_0005,trader_0015,ETH-USD,BUY,1903.19,526,526,0,2026-01-01T02:30:24Z
order_00008681,batch_0005,trader_0009,ETH-USD,BUY,1903.17,576,576,0,2026-01-01T02:24:40Z
order_00010307,batch_0005,trader_0021,ETH-USD,BUY,1903.13,345,345,0,2026-01-01T02:51:46Z
order_00015827,batch_0005,trader_0006,ETH-USD,BUY,1903.13,142,142,0,2026-01-01T04:23:46Z
order_00013342,batch_0005,trader_0020,ETH-USD,BUY,1902.89,677,677,0,2026-01-01T03:42:21Z
order_00011288,batch_0005,trader_0019,ETH-USD,BUY,1902.86,296,296,0,2026-01-01T03:08:07Z
order_00010278,batch_0005,trader_0009,ETH-USD,BUY,1902.84,429,429,0,2026-01-01T02:51:17Z
order_00011517,batch_0005,trader_0016,ETH-USD,BUY,1902.8,763,763,0,2026-01-01T03:11:56Z
order_00007719,batch_0005,trader_0023,ETH-USD,BUY,1902.79,83,83,0,2026-01-01T02:08:38Z
order_00014490,batch_0005,trader_0022,ETH-USD,BUY,1902.69,452,452,0,2026-01-01T04:01:29Z
order_00012335,batch_0005,trader_0017,ETH-USD,BUY,1902.67,336,336,0,2026-01-01T03:25:34Z
order_00009513,batch_0005,trader_0025,ETH-USD,BUY,1902.66,105,105,0,2026-01-01T02:38:32Z
order_00016406,batch_0005,trader_0012,ETH-USD,BUY,1902.65,347,347,0,2026-01-01T04:33:25Z
order_00012246,batch_0005,trader_0009,ETH-USD,BUY,1902.42,539,539,0,2026-01-01T03:24:05Z
order_00007066,batch_0005,trader_0018,ETH-USD,BUY,1902.33,700,700,0,2026-01-01T01:57:45Z
order_00014831,batch_0005,trader_0016,ETH-USD,BUY,1902.33,528,528,0,2026-01-01T04:07:10Z
order_00010757,batch_0005,trader_0014,ETH-USD,BUY,1902.25,198,198,0,2026-01-01T02:59:16Z
order_00007443,batch_0005,trader_0021,ETH-USD,BUY,1902.23,195,195,0,2026-01-01T02:04:02Z
order_00013026,batch_0005,trader_0018,ETH-USD,BUY,1902.14,210,210,0,2026-01-01T03:37:05Z
order_00015230,batch_0005,trader_0017,ETH-USD,BUY,1902.03,148,148,0,2026-01-01T04:13:49Z
order_00009487,batch_0005,trader_0001,ETH-USD,BUY,1901.95,460,460,0,2026-01-01T02:38:06Z
order_00006646,batch_0005,trader_0006,ETH-USD,BUY,1901.92,253,253,0,2026-01-01T01:50:45Z
order_00012358,batch_0005,trader_0014,ETH-USD,BUY,1901.91,147,147,0,2026-01-01T03:25:57Z
order_00013276,batch_0005,trader_0001,ETH-USD,BUY,1901.67,329,329,0,2026-01-01T03:41:15Z
order_00008295,batch_0005,trader_0008,ETH-USD,BUY,1901.35,402,402,0,2026-01-01T02:18:14Z
order_00008753,batch_0005,trader_0022,ETH-USD,BUY,1901.35,482,482,0,2026-01-01T02:25:52Z
order_00007596,batch_0005,trader_0012,ETH-USD,BUY,1901.26,312,312,0,2026-01-01T02:06:35Z
order_00010336,batch_0005,trader_0025,ETH-USD,BUY,1901.24,495,495,0,2026-01-01T02:52:15Z
order_00012436,batch_0005,trader_0003,ETH-USD,BUY,1901.16,161,161,0,2026-01-01T03:27:15Z
order_00011255,batch_0005,trader_0011,ETH-USD,BUY,1901.03,97,97,0,2026-01-01T03:07:34Z
order_00013336,batch_0005,trader_0009,ETH-USD,BUY,1900.85,758,758,0,2026-01-01T03:42:15Z
order_00013655,batch_0005,trader_0001,ETH-USD,BUY,1900.82,44,44,0,2026-01-01T03:47:34Z
order_00014382,batch_0005,trader_0005,ETH-USD,BUY,1900.78,697,697,0,2026-01-01T03:59:41Z
order_00013472,batch_0005,trader_0005,ETH-USD,BUY,1900.73,431,431,0,2026-01-01T03:44:31Z
order_00014897,batch_0005,trader_0025,ETH-USD,BUY,1900.73,992,992,0,2026-01-01T04:08:16Z
order_00009581,batch_0005,trader_0012,ETH-USD,BUY,1900.71,256,256,0,2026-01-01T02:39:40Z
order_00009736,batch_0005,trader_0011,ETH-USD,BUY,1900.64,270,270,0,2026-01-01T02:42:15Z
order_00009912,batch_0005,trader_0009,ETH-USD,BUY,1900.52,904,904,0,2026-01-01T02:45:11Z
order_00014553,batch_0005,trader_0021,ETH-USD,BUY,1900.46,797,797,0,2026-01-01T04:02:32Z
order_00009664,batch_0005,trader_0020,ETH-USD,BUY,1900.45,996,996,0,2026-01-01T02:41:03Z
order_00010608,batch_0005,trader_0006,ETH-USD,BUY,1900.39,298,298,0,2026-01-01T02:56:47Z
order_00011328,batch_0005,trader_0011,ETH-USD,BUY,1900.33,704,704,0,2026-01-01T03:08:47Z
order_00007749,batch_0005,trader_0011,ETH-USD,BUY,1900.1,862,862,0,2026-01-01T02:09:08Z
order_00011949,batch_0005,trader_0011,ETH-USD,BUY,1900.02,757,757,0,2026-01-01T03:19:08Z
order_00015363,batch_0005,trader_0018,ETH-USD,BUY,1899.96,167,167,0,2026-01-01T04:16:02Z
order_00010098,batch_0005,trader_0019,ETH-USD,BUY,1899.93,811,811,0,2026-01-01T02:48:17Z
order_00013721,batch_0005,trader_0012,ETH-USD,BUY,1899.85,561,561,0,2026-01-01T03:48:40Z
order_00013561,batch_0005,trader_0010,ETH-USD,BUY,1899.73,869,869,0,2026-01-01T03:46:00Z
order_00008537,batch_0005,trader_0025,ETH-USD,BUY,1899.58,311,311,0,2026-01-01T02:22:16Z
order_00006627,batch_0005,trader_0012,ETH-USD,BUY,1899.51,511,511,0,2026-01-01T01:50:26Z
order_00015154,batch_0005,trader_0021,ETH-USD,BUY,1899.48,55,55,0,2026-01-01T04:12:33Z
order_00008470,batch_0005,trader_0022,ETH-USD,BUY,1899.42,349,349,0,2026-01-01T02:21:09Z
order_00010795,batch_0005,trader_0018,ETH-USD,BUY,1899.38,466,466,0,2026-01-01T02:59:54Z
order_00013734,batch_0005,trader_0014,ETH-USD,BUY,1899.34,37,37,0,2026-01-01T03:48:53Z
order_00013857,batch_0005,trader_0018,ETH-USD,BUY,1899.12,552,552,0,2026-01-01T03:50:56Z
order_00007647,batch_0005,trader_0009,ETH-USD,BUY,1898.98,205,205,0,2026-01-01T02:07:26Z
order_00010539,batch_0005,trader_0007,ETH-USD,BUY,1898.98,898,898,0,2026-01-01T02:55:38Z
order_00012962,batch_0005,trader_0015,ETH-USD,BUY,1898.93,398,398,0,2026-01-01T03:36:01Z
order_00011339,batch_0005,trader_0025,ETH-USD,BUY,1898.9,421,421,0,2026-01-01T03:08:58Z
order_00009648,batch_0005,trader_0019,ETH-USD,BUY,1898.7,638,638,0,2026-01-01T02:40:47Z
order_00010574,batch_0005,trader_0006,ETH-USD,BUY,1898.7,888,888,0,2026-01-01T02:56:13Z
order_00014316,batch_0005,trader_0009,ETH-USD,BUY,1898.7,357,357,0,2026-01-01T03:58:35Z
order_00008469,batch_0005,trader_0016,ETH-USD,BUY,1898.51,227,227,0,2026-01-01T02:21:08Z
order_00007686,batch_0005,trader_0019,ETH-USD,BUY,1898.47,564,564,0,2026-01-01T02:08:05Z
order_00007346,batch_0005,trader_0005,ETH-USD,BUY,1898.43,344,344,0,2026-01-01T02:02:25Z
order_00014685,batch_0005,trader_0012,ETH-USD,BUY,1898.37,229,229,0,2026-01-01T04:04:44Z
order_00016163,batch_0005,trader_0018,ETH-USD,BUY,1898.35,458,458,0,2026-01-01T04:29:22Z
order_00010803,batch_0005,trader_0025,ETH-USD,BUY,1898.34,200,200,0,2026-01-01T03:00:02Z
order_00015958,batch_0005,trader_0019,ETH-USD,BUY,1898.27,600,600,0,2026-01-01T04:25:57Z
order_00016108,batch_0005,trader_0024,ETH-USD,BUY,1898.25,977,977,0,2026-01-01T04:28:27Z
order_00006787,batch_0005,trader_0011,ETH-USD,BUY,1898.12,215,215,0,2026-01-01T01:53:06Z
order_00006900,batch_0005,trader_0007,ETH-USD,BUY,1898.06,982,982,0,2026-01-01T01:54:59Z
order_00012475,batch_0005,trader_0018,ETH-USD,BUY,1898.06,318,318,0,2026-01-01T03:27:54Z
order_00014898,batch_0005,trader_0012,ETH-USD,BUY,1898.04,221,221,0,2026-01-01T04:08:17Z
order_00010701,batch_0005,trader_0018,ETH-USD,BUY,1897.76,188,188,0,2026-01-01T02:58:20Z
order_00008243,batch_0005,trader_0008,ETH-USD,BUY,1897.53,535,535,0,2026-01-01T02:17:22Z
order_00007976,batch_0005,trader_0018,ETH-USD,BUY,1897.45,889,889,0,2026-01-01T02:12:55Z
order_00007489,batch_0005,trader_0002,ETH-USD,BUY,1897.3,688,688,0,2026-01-01T02:04:48Z
order_00011693,batch_0005,trader_0019,ETH-USD,BUY,1897.26,446,446,0,2026-01-01T03:14:52Z
order_00008513,batch_0005,trader_0017,ETH-USD,BUY,1897.23,961,961,0,2026-01-01T02:21:52Z
order_00009601,batch_0005,trader_0009,ETH-USD,BUY,1897.22,839,839,0,2026-01-01T02:40:00Z
order_00010360,batch_0005,trader_0003,ETH-USD,BUY,1897.12,947,947,0,2026-01-01T02:52:39Z
order_00009065,batch_0005,trader_0022,ETH-USD,BUY,1897.02,46,46,0,2026-01-01T02:31:04Z
order_00015471,batch_0005,trader_0013,ETH-USD,BUY,1896.94,716,716,0,2026-01-01T04:17:50Z
order_00011749,batch_0005,trader_0015,ETH-USD,BUY,1896.93,561,561,0,2026-01-01T03:15:48Z
order_00007667,batch_0005,trader_0010,ETH-USD,BUY,1896.92,836,836,0,2026-01-01T02:07:46Z
order_00015969,batch_0005,trader_0025,ETH-USD,BUY,1896.77,488,488,0,2026-01-01T04:26:08Z
order_00013600,batch_0005,trader_0007,ETH-USD,BUY,1896.71,531,531,0,2026-01-01T03:46:39Z
order_00007721,batch_0005,trader_0018,ETH-USD,BUY,1896.58,445,445,0,2026-01-01T02:08:40Z
order_00007733,batch_0005,trader_0012,ETH-USD,BUY,1896.21,436,436,0,2026-01-01T02:08:52Z
order_00009219,batch_0005,trader_0001,ETH-USD,BUY,1896.21,976,976,0,2026-01-01T02:33:38Z
order_00010696,batch_0005,trader_0004,ETH-USD,BUY,1896.18,157,157,0,2026-01-01T02:58:15Z
order_00012022,batch_0005,trader_0009,ETH-USD,BUY,1896.18,511,511,0,2026-01-01T03:20:21Z
order_00010886,batch_0005,trader_0006,ETH-USD,BUY,1896.16,383,383,0,2026-01-01T03:01:25Z
order_00006604,batch_0005,trader_0004,ETH-USD,BUY,1896.04,18,18,0,2026-01-01T01:50:03Z
order_00013281,batch_0005,trader_0009,ETH-USD,BUY,1895.96,39,39,0,2026-01-01T03:41:20Z
order_00009439,batch_0005,trader_0017,ETH-USD,BUY,1895.9,154,154,0,2026-01-01T02:37:18Z
order_00010797,batch_0005,trader_0003,ETH-USD,BUY,1895.9,728,728,0,2026-01-01T02:59:56Z
order_00007319,batch_0005,trader_0008,ETH-USD,BUY,1895.74,591,591,0,2026-01-01T02:01:58Z
order_00008281,batch_0005,trader_0011,ETH-USD,BUY,1895.73,460,460,0,2026-01-01T02:18:00Z
order_00009942,batch_0005,trader_0005,ETH-USD,BUY,1895.68,458,458,0,2026-01-01T02:45:41Z
order_00010613,batch_0005,trader_0006,ETH-USD,BUY,1895.59,513,513,0,2026-01-01T02:56:52Z
order_00010032,batch_0005,trader_0020,ETH-USD,BUY,1895.5,622,622,0,2026-01-01T02:47:11Z
order_00014329,batch_0005,trader_0001,ETH-USD,BUY,1895.43,344,344,0,2026-01-01T03:58:48Z
order_00015222,batch_0005,trader_0012,ETH-USD,BUY,1895.41,771,771,0,2026-01-01T04:13:41Z
order_00011360,batch_0005,trader_0004,ETH-USD,BUY,1895.38,153,153,0,2026-01-01T03:09:19Z
order_00012060,batch_0005,trader_0016,ETH-USD,BUY,1895.38,609,609,0,2026-01-01T03:20:59Z
order_00008867,batch_0005,trader_0023,ETH-USD,BUY,1895.16,470,470,0,2026-01-01T02:27:46Z
order_00006965,batch_0005,trader_0013,ETH-USD,BUY,1895.12,155,155,0,2026-01-01T01:56:04Z
order_00011070,batch_0005,trader_0018,ETH-USD,BUY,1895.09,903,903,0,2026-01-01T03:04:29Z
order_00010181,batch_0005,trader_0001,ETH-USD,BUY,1895.07,73,73,0,2026-01-01T02:49:40Z
order_00014718,batch_0005,trader_0020,ETH-USD,BUY,1895.04,79,79,0,2026-01-01T04:05:17Z
order_00007669,batch_0005,trader_0008,ETH-USD,BUY,1895.02,740,740,0,2026-01-01T02:07:48Z
order_00011403,batch_0005,trader_0001,ETH-USD,BUY,1895.02,67,67,0,2026-01-01T03:10:02Z
order_00006757,batch_0005,trader_0001,ETH-USD,BUY,1894.9,759,759,0,2026-01-01T01:52:36Z
order_00011695,batch_0005,trader_0021,ETH-USD,BUY,1894.8,285,285,0,2026-01-01T03:14:54Z
order_00011610,batch_0005,trader_0025,ETH-USD,BUY,1894.61,955,955,0,2026-01-01T03:13:29Z
order_00011936,batch_0005,trader_0025,ETH-USD,BUY,1894.59,215,215,0,2026-01-01T03:18:55Z
order_00016502,batch_0005,trader_0015,ETH-USD,BUY,1894.58,701,701,0,2026-01-01T04:35:01Z
order_00008452,batch_0005,trader_0011,ETH-USD,BUY,1894.51,799,799,0,2026-01-01T02:20:51Z
order_00013423,batch_0005,trader_0010,ETH-USD,BUY,1894.5,541,541,0,2026-01-01T03:43:42Z
order_00012314,batch_0005,trader_0020,ETH-USD,BUY,1894.42,219,219,0,2026-01-01T03:25:13Z
order_00011500,batch_0005,trader_0006,ETH-USD,BUY,1894.38,552,552,0,2026-01-01T03:11:39Z
order_00010137,batch_0005,trader_0006,ETH-USD,BUY,1894.33,988,988,0,2026-01-01T02:48:56Z
order_00013146,batch_0005,trader_0017,ETH-USD,BUY,1894.19,200,200,0,2026-01-01T03:39:05Z
order_00009919,batch_0005,trader_0011,ETH-USD,BUY,1894.17,104,104,0,2026-01-01T02:45:18Z
order_00009220,batch_0005,trader_0009,ETH-USD,BUY,1894.15,712,712,0,2026-01-01T02:33:39Z
order_00010687,batch_0005,trader_0004,ETH-USD,BUY,1894.13,672,672,0,2026-01-01T02:58:06Z
order_00014040,batch_0005,trader_0021,ETH-USD,BUY,1894.11,444,444,0,2026-01-01T03:53:59Z
order_00011581,batch_0005,trader_0008,ETH-USD,BUY,1894.01,966,966,0,2026-01-01T03:13:00Z
order_00013447,batch_0005,trader_0012,ETH-USD,BUY,1893.95,792,792,0,2026-01-01T03:44:06Z
order_00006776,batch_0005,trader_0014,ETH-USD,BUY,1893.89,13,13,0,2026-01-01T01:52:55Z
order_00012193,batch_0005,trader_0019,ETH-USD,BUY,1893.85,415,415,0,2026-01-01T03:23:12Z
order_00014815,batch_0005,trader_0019,ETH-USD,BUY,1893.82,352,352,0,2026-01-01T04:06:54Z
order_00006664,batch_0005,trader_0008,ETH-USD,BUY,1893.41,188,188,0,2026-01-01T01:51:03Z
order_00007011,batch_0005,trader_0017,ETH-USD,BUY,1893.41,450,450,0,2026-01-01T01:56:50Z
order_00007282,batch_0005,trader_0025,ETH-USD,BUY,1893.41,247,247,0,2026-01-01T02:01:21Z
order_00006898,batch_0005,trader_0011,ETH-USD,BUY,1893.35,795,795,0,2026-01-01T01:54:57Z
order_00012115,batch_0005,trader_0004,ETH-USD,BUY,1893.17,928,928,0,2026-01-01T03:21:54Z
order_00014033,batch_0005,trader_0023,ETH-USD,BUY,1892.99,44,44,0,2026-01-01T03:53:52Z
order_00013211,batch_0005,trader_0008,ETH-USD,BUY,1892.97,924,924,0,2026-01-01T03:40:10Z
order_00010169,batch_0005,trader_0015,ETH-USD,BUY,1892.9,898,898,0,2026-01-01T02:49:28Z
order_00010520,batch_0005,trader_0017,ETH-USD,BUY,1892.86,696,696,0,2026-01-01T02:55:19Z
order_00014253,batch_0005,trader_0006,ETH-USD,BUY,1892.75,974,974,0,2026-01-01T03:57:32Z
order_00008339,batch_0005,trader_0022,ETH-USD,BUY,1892.73,168,168,0,2026-01-01T02:18:58Z
order_00008435,batch_0005,trader_0020,ETH-USD,BUY,1892.37,614,614,0,2026-01-01T02:20:34Z
order_00009721,batch_0005,trader_0018,ETH-USD,BUY,1892.18,529,529,0,2026-01-01T02:42:00Z
order_00011520,batch_0005,trader_0009,ETH-USD,BUY,1892.18,565,565,0,2026-01-01T03:11:59Z
order_00006783,batch_0005,trader_0024,ETH-USD,BUY,1892.16,452,452,0,2026-01-01T01:53:02Z
order_00012120,batch_0005,trader_0016,ETH-USD,BUY,1892.15,59,59,0,2026-01-01T03:21:59Z
order_00008475,batch_0005,trader_0002,ETH-USD,BUY,1892.06,248,248,0,2026-01-01T02:21:14Z
order_00013141,batch_0005,trader_0023,ETH-USD,BUY,1892.06,219,219,0,2026-01-01T03:39:00Z
order_00010685,batch_0005,trader_0010,ETH-USD,BUY,1891.82,89,89,0,2026-01-01T02:58:04Z
order_00011027,batch_0005,trader_0011,ETH-USD,BUY,1891.71,743,743,0,2026-01-01T03:03:46Z
order_00016329,batch_0005,trader_0005,ETH-USD,BUY,1891.7,779,779,0,2026-01-01T04:32:08Z
order_00007663,batch_0005,trader_0025,ETH-USD,BUY,1891.66,801,801,0,2026-01-01T02:07:42Z
order_00008663,batch_0005,trader_0011,ETH-USD,BUY,1891.6,894,894,0,2026-01-01T02:24:22Z
order_00012685,batch_0005,trader_0021,ETH-USD,BUY,1891.41,946,946,0,2026-01-01T03:31:24Z
order_00011915,batch_0005,trader_0004,ETH-USD,BUY,1891.36,473,473,0,2026-01-01T03:18:34Z
order_00011126,batch_0005,trader_0025,ETH-USD,BUY,1891.31,700,700,0,2026-01-01T03:05:25Z
order_00006817,batch_0005,trader_0006,ETH-USD,BUY,1891.18,194,194,0,2026-01-01T01:53:36Z
order_00015432,batch_0005,trader_0016,ETH-USD,BUY,1891.16,486,486,0,2026-01-01T04:17:11Z
order_00010343,batch_0005,trader_0018,ETH-USD,BUY,1891.15,608,608,0,2026-01-01T02:52:22Z
order_00009078,batch_0005,trader_0008,ETH-USD,BUY,1891.02,550,550,0,2026-01-01T02:31:17Z
order_00014758,batch_0005,trader_0022,ETH-USD,BUY,1890.97,664,664,0,2026-01-01T04:05:57Z
order_00015605,batch_0005,trader_0001,ETH-USD,BUY,1890.87,246,246,0,2026-01-01T04:20:04Z
order_00011352,batch_0005,trader_0023,ETH-USD,BUY,1890.76,731,731,0,2026-01-01T03:09:11Z
order_00015875,batch_0005,trader_0016,ETH-USD,BUY,1890.73,763,763,0,2026-01-01T04:24:34Z
order_00009896,batch_0005,trader_0007,ETH-USD,BUY,1890.62,54,54,0,2026-01-01T02:44:55Z
order_00014419,batch_0005,trader_0022,ETH-USD,BUY,1890.61,247,247,0,2026-01-01T04:00:18Z
order_00008426,batch_0005,trader_0018,ETH-USD,BUY,1890.56,826,826,0,2026-01-01T02:20:25Z
order_00011016,batch_0005,trader_0013,ETH-USD,BUY,1890.49,355,355,0,2026-01-01T03:03:35Z
order_00007982,batch_0005,trader_0017,ETH-USD,BUY,1890.37,740,740,0,2026-01-01T02:13:01Z
order_00015349,batch_0005,trader_0005,ETH-USD,BUY,1890.3,273,273,0,2026-01-01T04:15:48Z
order_00007320,batch_0005,trader_0020,ETH-USD,BUY,1890.28,634,634,0,2026-01-01T02:01:59Z
order_00010584,batch_0005,trader_0011,ETH-USD,BUY,1890.1,970,970,0,2026-01-01T02:56:23Z
order_00008300,batch_0005,trader_0011,ETH-USD,BUY,1889.78,287,287,0,2026-01-01T02:18:19Z
order_00011474,batch_0005,trader_0024,ETH-USD,BUY,1889.64,251,251,0,2026-01-01T03:11:13Z
order_00008103,batch_0005,trader_0020,ETH-USD,BUY,1889.61,343,343,0,2026-01-01T02:15:02Z
order_00011605,batch_0005,trader_0020,ETH-USD,BUY,1889.6,706,706,0,2026-01-01T03:13:24Z
order_00009113,batch_0005,trader_0012,ETH-USD,BUY,1889.54,558,558,0,2026-01-01T02:31:52Z
order_00011411,batch_0005,trader_0006,ETH-USD,BUY,1889.47,343,343,0,2026-01-01T03:10:10Z
order_00011088,batch_0005,trader_0025,ETH-USD,BUY,1889.42,455,455,0,2026-01-01T03:04:47Z
order_00010891,batch_0005,trader_0009,ETH-USD,BUY,1889.4,918,918,0,2026-01-01T03:01:30Z
order_00013581,batch_0005,trader_0014,ETH-USD,BUY,1889.34,265,265,0,2026-01-01T03:46:20Z
order_00011142,batch_0005,trader_0004,ETH-USD,BUY,1889.31,228,228,0,2026-01-01T03:05:41Z
order_00008169,batch_0005,trader_0009,ETH-USD,BUY,1889.3,107,107,0,2026-01-01T02:16:08Z
order_00011510,batch_0005,trader_0012,ETH-USD,BUY,1889.28,466,466,0,2026-01-01T03:11:49Z
order_00007759,batch_0005,trader_0003,ETH-USD,BUY,1889.22,613,613,0,2026-01-01T02:09:18Z
order_00008852,batch_0005,trader_0022,ETH-USD,BUY,1889.19,775,775,0,2026-01-01T02:27:31Z
order_00012617,batch_0005,trader_0007,ETH-USD,BUY,1889.18,790,790,0,2026-01-01T03:30:16Z
order_00014014,batch_0005,trader_0015,ETH-USD,BUY,1889.08,72,72,0,2026-01-01T03:53:33Z
order_00014796,batch_0005,trader_0003,ETH-USD,BUY,1889.02,386,386,0,2026-01-01T04:06:35Z
order_00009442,batch_0005,trader_0025,ETH-USD,BUY,1888.92,953,953,0,2026-01-01T02:37:21Z
order_00011696,batch_0005,trader_0009,ETH-USD,BUY,1888.9,146,146,0,2026-01-01T03:14:55Z
order_00015019,batch_0005,trader_0022,ETH-USD,BUY,1888.89,323,323,0,2026-01-01T04:10:18Z
order_00012303,batch_0005,trader_0012,ETH-USD,BUY,1888.81,406,406,0,2026-01-01T03:25:02Z
order_00010397,batch_0005,trader_0022,ETH-USD,BUY,1888.79,465,465,0,2026-01-01T02:53:16Z
order_00011985,batch_0005,trader_0003,ETH-USD,BUY,1888.66,546,546,0,2026-01-01T03:19:44Z
order_00010980,batch_0005,trader_0010,ETH-USD,BUY,1888.62,101,101,0,2026-01-01T03:02:59Z
order_00012912,batch_0005,trader_0004,ETH-USD,BUY,1888.51,206,206,0,2026-01-01T03:35:11Z
order_00013392,batch_0005,trader_0019,ETH-USD,BUY,1888.44,772,772,0,2026-01-01T03:43:11Z
order_00010420,batch_0005,trader_0001,ETH-USD,BUY,1888.41,970,970,0,2026-01-01T02:53:39Z
order_00007368,batch_0005,trader_0008,ETH-USD,BUY,1888.24,354,354,0,2026-01-01T02:02:47Z
order_00012796,batch_0005,trader_0009,ETH-USD,BUY,1888.15,735,735,0,2026-01-01T03:33:15Z
order_00011313,batch_0005,trader_0007,ETH-USD,BUY,1888.09,628,628,0,2026-01-01T03:08:32Z
order_00012118,batch_0005,trader_0020,ETH-USD,BUY,1888.09,762,762,0,2026-01-01T03:21:57Z
order_00007753,batch_0005,trader_0022,ETH-USD,BUY,1887.96,555,555,0,2026-01-01T02:09:12Z
order_00014174,batch_0005,trader_0001,ETH-USD,BUY,1887.84,67,67,0,2026-01-01T03:56:13Z
order_00015803,batch_0005,trader_0019,ETH-USD,BUY,1887.6,247,247,0,2026-01-01T04:23:22Z
order_00016340,batch_0005,trader_0008,ETH-USD,BUY,1887.58,194,194,0,2026-01-01T04:32:19Z
order_00014173,batch_0005,trader_0005,ETH-USD,BUY,1887.47,63,63,0,2026-01-01T03:56:12Z
order_00013909,batch_0005,trader_0011,ETH-USD,BUY,1887.41,591,591,0,2026-01-01T03:51:48Z
order_00010871,batch_0005,trader_0009,ETH-USD,BUY,1887.37,601,601,0,2026-01-01T03:01:10Z
order_00008689,batch_0005,trader_0002,ETH-USD,BUY,1887.22,955,955,0,2026-01-01T02:24:48Z
order_00016173,batch_0005,trader_0017,ETH-USD,BUY,1887.2,775,775,0,2026-01-01T04:29:32Z
order_00016355,batch_0005,trader_0015,ETH-USD,BUY,1887.2,91,91,0,2026-01-01T04:32:34Z
order_00007781,batch_0005,trader_0018,ETH-USD,BUY,1887.17,421,421,0,2026-01-01T02:09:40Z
order_00008860,batch_0005,trader_0019,ETH-USD,BUY,1887.16,548,548,0,2026-01-01T02:27:39Z
order_00011433,batch_0005,trader_0006,ETH-USD,BUY,1887.15,343,343,0,2026-01-01T03:10:32Z
order_00016167,batch_0005,trader_0021,ETH-USD,BUY,1887.14,255,255,0,2026-01-01T04:29:26Z
order_00009177,batch_0005,trader_0018,ETH-USD,BUY,1887.06,671,671,0,2026-01-01T02:32:56Z
order_00007809,batch_0005,trader_0002,ETH-USD,BUY,1887.05,399,399,0,2026-01-01T02:10:08Z
order_00006849,batch_0005,trader_0019,ETH-USD,BUY,1887.04,948,948,0,2026-01-01T01:54:08Z
order_00008929,batch_0005,trader_0018,ETH-USD,BUY,1887.01,473,473,0,2026-01-01T02:28:48Z
order_00013695,batch_0005,trader_0020,ETH-USD,BUY,1886.99,168,168,0,2026-01-01T03:48:14Z
order_00007739,batch_0005,trader_0021,ETH-USD,BUY,1886.97,144,144,0,2026-01-01T02:08:58Z
order_00016566,batch_0005,trader_0011,ETH-USD,BUY,1886.95,93,93,0,2026-01-01T04:36:05Z
order_00013768,batch_0005,trader_0012,ETH-USD,BUY,1886.81,10,10,0,2026-01-01T03:49:27Z
order_00015065,batch_0005,trader_0018,ETH-USD,BUY,1886.69,648,648,0,2026-01-01T04:11:04Z
order_00007112,batch_0005,trader_0006,ETH-USD,BUY,1886.63,130,130,0,2026-01-01T01:58:31Z
order_00008736,batch_0005,trader_0013,ETH-USD,BUY,1886.63,692,692,0,2026-01-01T02:25:35Z
order_00008651,batch_0005,trader_0019,ETH-USD,BUY,1886.58,466,466,0,2026-01-01T02:24:10Z
order_00008891,batch_0005,trader_0021,ETH-USD,BUY,1886.56,813,813,0,2026-01-01T02:28:10Z
order_00008727,batch_0005,trader_0007,ETH-USD,BUY,1886.55,24,24,0,2026-01-01T02:25:26Z
order_00014842,batch_0005,trader_0004,ETH-USD,BUY,1886.54,176,176,0,2026-01-01T04:07:21Z
order_00007916,batch_0005,trader_0011,ETH-USD,BUY,1886.49,913,913,0,2026-01-01T02:11:55Z
order_00011303,batch_0005,trader_0008,ETH-USD,BUY,1886.38,314,314,0,2026-01-01T03:08:22Z
order_00007819,batch_0005,trader_0020,ETH-USD,BUY,1886.32,212,212,0,2026-01-01T02:10:18Z
order_00008505,batch_0005,trader_0014,ETH-USD,BUY,1886.31,703,703,0,2026-01-01T02:21:44Z
order_00012667,batch_0005,trader_0016,ETH-USD,BUY,1886.31,922,922,0,2026-01-01T03:31:06Z
order_00007175,batch_0005,trader_0022,ETH-USD,BUY,1886.18,279,279,0,2026-01-01T01:59:34Z
order_00008554,batch_0005,trader_0007,ETH-USD,BUY,1885.82,402,402,0,2026-01-01T02:22:33Z
order_00015089,batch_0005,trader_0004,ETH-USD,BUY,1885.8,393,393,0,2026-01-01T04:11:28Z
order_00015494,batch_0005,trader_0011,ETH-USD,BUY,1885.79,524,524,0,2026-01-01T04:18:13Z
order_00014110,batch_0005,trader_0016,ETH-USD,BUY,1885.74,25,25,0,2026-01-01T03:55:09Z
order_00013357,batch_0005,trader_0009,ETH-USD,BUY,1885.6,860,860,0,2026-01-01T03:42:36Z
order_00016155,batch_0005,trader_0022,ETH-USD,BUY,1885.58,494,494,0,2026-01-01T04:29:14Z
order_00014695,batch_0005,trader_0005,ETH-USD,BUY,1885.23,837,837,0,2026-01-01T04:04:54Z
order_00007301,batch_0005,trader_0022,ETH-USD,BUY,1885.16,782,782,0,2026-01-01T02:01:40Z
order_00015427,batch_0005,trader_0008,ETH-USD,BUY,1884.94,334,334,0,2026-01-01T04:17:06Z
order_00013129,batch_0005,trader_0005,ETH-USD,BUY,1884.88,388,388,0,2026-01-01T03:38:48Z
order_00011665,batch_0005,trader_0018,ETH-USD,BUY,1884.86,603,603,0,2026-01-01T03:14:24Z
order_00013246,batch_0005,trader_0021,ETH-USD,BUY,1884.78,144,144,0,2026-01-01T03:40:45Z
order_00011854,batch_0005,trader_0017,ETH-USD,BUY,1884.76,634,634,0,2026-01-01T03:17:33Z
order_00014948,batch_0005,trader_0012,ETH-USD,BUY,1884.75,158,158,0,2026-01-01T04:09:07Z
order_00008991,batch_0005,trader_0011,ETH-USD,BUY,1884.58,60,60,0,2026-01-01T02:29:50Z
order_00011248,batch_0005,trader_0017,ETH-USD,BUY,1884.58,919,919,0,2026-01-01T03:07:27Z
order_00016590,batch_0005,trader_0014,ETH-USD,BUY,1884.52,677,677,0,2026-01-01T04:36:29Z
order_00007775,batch_0005,trader_0022,ETH-USD,BUY,1884.5,505,505,0,2026-01-01T02:09:34Z
order_00015492,batch_0005,trader_0025,ETH-USD,BUY,1884.09,805,805,0,2026-01-01T04:18:11Z
order_00010383,batch_0005,trader_0023,ETH-USD,BUY,1884.08,640,640,0,2026-01-01T02:53:02Z
order_00012470,batch_0005,trader_0008,ETH-USD,BUY,1884.08,845,845,0,2026-01-01T03:27:49Z
order_00010900,batch_0005,trader_0020,ETH-USD,BUY,1883.61,166,166,0,2026-01-01T03:01:39Z
order_00013644,batch_0005,trader_0007,ETH-USD,BUY,1883.4,983,983,0,2026-01-01T03:47:23Z
order_00010458,batch_0005,trader_0011,ETH-USD,BUY,1883.34,976,976,0,2026-01-01T02:54:17Z
order_00013115,batch_0005,trader_0006,ETH-USD,BUY,1883.33,421,421,0,2026-01-01T03:38:34Z
order_00016218,batch_0005,trader_0003,ETH-USD,BUY,1883.19,867,867,0,2026-01-01T04:30:17Z
order_00009416,batch_0005,trader_0024,ETH-USD,BUY,1883.15,453,453,0,2026-01-01T02:36:55Z
order_00014349,batch_0005,trader_0013,ETH-USD,BUY,1883.14,640,640,0,2026-01-01T03:59:08Z
order_00015895,batch_0005,trader_0004,ETH-USD,BUY,1883.12,907,907,0,2026-01-01T04:24:54Z
order_00014395,batch_0005,trader_0011,ETH-USD,BUY,1882.91,322,322,0,2026-01-01T03:59:54Z
order_00009617,batch_0005,trader_0004,ETH-USD,BUY,1882.7,462,462,0,2026-01-01T02:40:16Z
order_00013124,batch_0005,trader_0003,ETH-USD,BUY,1882.65,810,810,0,2026-01-01T03:38:43Z
order_00010061,batch_0005,trader_0008,ETH-USD,BUY,1882.56,327,327,0,2026-01-01T02:47:40Z
order_00016429,batch_0005,trader_0020,ETH-USD,BUY,1882.53,176,176,0,2026-01-01T04:33:48Z
order_00016061,batch_0005,trader_0010,ETH-USD,BUY,1882.45,978,978,0,2026-01-01T04:27:40Z
order_00007100,batch_0005,trader_0024,ETH-USD,BUY,1882.32,256,256,0,2026-01-01T01:58:19Z
order_00009194,batch_0005,trader_0014,ETH-USD,BUY,1882.31,791,791,0,2026-01-01T02:33:13Z
order_00016353,batch_0005,trader_0013,ETH-USD,BUY,1882.12,488,488,0,2026-01-01T04:32:32Z
order_00012987,batch_0005,trader_0020,ETH-USD,BUY,1882.06,877,877,0,2026-01-01T03:36:26Z
order_00008331,batch_0005,trader_0019,ETH-USD,BUY,1882.05,670,670,0,2026-01-01T02:18:50Z
order_00010721,batch_0005,trader_0004,ETH-USD,BUY,1881.96,858,858,0,2026-01-01T02:58:40Z
order_00010914,batch_0005,trader_0014,ETH-USD,BUY,1881.8,252,252,0,2026-01-01T03:01:53Z
order_00010630,batch_0005,trader_0025,ETH-USD,BUY,1881.61,507,507,0,2026-01-01T02:57:09Z
order_00016433,batch_0005,trader_0014,ETH-USD,BUY,1881.61,919,919,0,2026-01-01T04:33:52Z
order_00014077,batch_0005,trader_0013,ETH-USD,BUY,1881.59,650,650,0,2026-01-01T03:54:36Z
order_00007986,batch_0005,trader_0007,ETH-USD,BUY,1881.51,98,98,0,2026-01-01T02:13:05Z
order_00006830,batch_0005,trader_0003,ETH-USD,BUY,1881.5,224,224,0,2026-01-01T01:53:49Z
order_00011204,batch_0005,trader_0006,ETH-USD,BUY,1881.21,29,29,0,2026-01-01T03:06:43Z
order_00007540,batch_0005,trader_0015,ETH-USD,BUY,1881.12,953,953,0,2026-01-01T02:05:39Z
order_00008453,batch_0005,trader_0020,ETH-USD,BUY,1881.12,737,737,0,2026-01-01T02:20:52Z
order_00015548,batch_0005,trader_0016,ETH-USD,BUY,1881.08,210,210,0,2026-01-01T04:19:07Z
order_00009578,batch_0005,trader_0004,ETH-USD,BUY,1881.04,330,330,0,2026-01-01T02:39:37Z
order_00010921,batch_0005,trader_0024,ETH-USD,BUY,1880.93,252,252,0,2026-01-01T03:02:00Z
order_00016185,batch_0005,trader_0012,ETH-USD,BUY,1880.82,263,263,0,2026-01-01T04:29:44Z
order_00015487,batch_0005,trader_0007,ETH-USD,BUY,1880.74,447,447,0,2026-01-01T04:18:06Z
order_00011321,batch_0005,trader_0021,ETH-USD,BUY,1880.68,502,502,0,2026-01-01T03:08:40Z
order_00012056,batch_0005,trader_0021,ETH-USD,BUY,1880.62,148,148,0,2026-01-01T03:20:55Z
order_00016559,batch_0005,trader_0018,ETH-USD,BUY,1880.53,544,544,0,2026-01-01T04:35:58Z
order_00009941,batch_0005,trader_0015,ETH-USD,BUY,1880.47,959,959,0,2026-01-01T02:45:40Z
order_00011382,batch_0005,trader_0004,ETH-USD,BUY,1880.39,124,124,0,2026-01-01T03:09:41Z
order_00015080,batch_0005,trader_0007,ETH-USD,BUY,1880.37,501,501,0,2026-01-01T04:11:19Z
order_00015836,batch_0005,trader_0015,ETH-USD,BUY,1880.36,591,591,0,2026-01-01T04:23:55Z
order_00011616,batch_0005,trader_0005,ETH-USD,BUY,1880.34,404,404,0,2026-01-01T03:13:35Z
order_00009695,batch_0005,trader_0016,ETH-USD,BUY,1880.31,392,392,0,2026-01-01T02:41:34Z
order_00011432,batch_0005,trader_0017,ETH-USD,BUY,1880.3,600,600,0,2026-01-01T03:10:31Z
order_00008094,batch_0005,trader_0016,ETH-USD,BUY,1880.27,652,652,0,2026-01-01T02:14:53Z
order_00016490,batch_0005,trader_0020,ETH-USD,BUY,1880.09,22,22,0,2026-01-01T04:34:49Z
order_00006759,batch_0005,trader_0015,ETH-USD,BUY,1880.01,706,706,0,2026-01-01T01:52:38Z
order_00006873,batch_0005,trader_0024,ETH-USD,BUY,1879.97,749,749,0,2026-01-01T01:54:32Z
order_00007844,batch_0005,trader_0013,ETH-USD,BUY,1879.85,659,659,0,2026-01-01T02:10:43Z
order_00015309,batch_0005,trader_0002,ETH-USD,BUY,1879.63,615,615,0,2026-01-01T04:15:08Z
order_00011760,batch_0005,trader_0013,ETH-USD,BUY,1879.58,166,166,0,2026-01-01T03:15:59Z
order_00015040,batch_0005,trader_0001,ETH-USD,BUY,1879.53,891,891,0,2026-01-01T04:10:39Z
order_00011577,batch_0005,trader_0002,ETH-USD,BUY,1879.35,529,529,0,2026-01-01T03:12:56Z
order_00008468,batch_0005,trader_0017,ETH-USD,BUY,1879.25,468,468,0,2026-01-01T02:21:07Z
order_00016073,batch_0005,trader_0018,ETH-USD,BUY,1879.22,684,684,0,2026-01-01T04:27:52Z
order_00013624,batch_0005,trader_0013,ETH-USD,BUY,1879.2,666,666,0,2026-01-01T03:47:03Z
order_00015689,batch_0005,trader_0013,ETH-USD,BUY,1879.18,278,278,0,2026-01-01T04:21:28Z
order_00013858,batch_0005,trader_0019,ETH-USD,BUY,1879.13,929,929,0,2026-01-01T03:50:57Z
order_00014921,batch_0005,trader_0006,ETH-USD,BUY,1879.01,353,353,0,2026-01-01T04:08:40Z
order_00009829,batch_0005,trader_0019,ETH-USD,BUY,1878.99,136,136,0,2026-01-01T02:43:48Z
order_00008861,batch_0005,trader_0023,ETH-USD,BUY,1878.95,196,196,0,2026-01-01T02:27:40Z
order_00010741,batch_0005,trader_0020,ETH-USD,BUY,1878.95,811,811,0,2026-01-01T02:59:00Z
order_00009836,batch_0005,trader_0003,ETH-USD,BUY,1878.94,370,370,0,2026-01-01T02:43:55Z
order_00012771,batch_0005,trader_0012,ETH-USD,BUY,1878.92,61,61,0,2026-01-01T03:32:50Z
order_00010260,batch_0005,trader_0018,ETH-USD,BUY,1878.89,364,364,0,2026-01-01T02:50:59Z
order_00007398,batch_0005,trader_0021,ETH-USD,BUY,1878.85,405,405,0,2026-01-01T02:03:17Z
order_00007428,batch_0005,trader_0020,ETH-USD,BUY,1878.83,52,52,0,2026-01-01T02:03:47Z
order_00015676,batch_0005,trader_0007,ETH-USD,BUY,1878.8,151,151,0,2026-01-01T04:21:15Z
order_00012255,batch_0005,trader_0025,ETH-USD,BUY,1878.67,65,65,0,2026-01-01T03:24:14Z
order_00009758,batch_0005,trader_0001,ETH-USD,BUY,1878.51,993,993,0,2026-01-01T02:42:37Z
order_00014455,batch_0005,trader_0013,ETH-USD,BUY,1878.46,417,417,0,2026-01-01T04:00:54Z
order_00015365,batch_0005,trader_0006,ETH-USD,BUY,1878.43,820,820,0,2026-01-01T04:16:04Z
order_00014575,batch_0005,trader_0015,ETH-USD,BUY,1878.39,867,867,0,2026-01-01T04:02:54Z
order_00008940,batch_0005,trader_0016,ETH-USD,BUY,1878.35,350,350,0,2026-01-01T02:28:59Z
order_00015502,batch_0005,trader_0010,ETH-USD,BUY,1878.28,502,502,0,2026-01-01T04:18:21Z
order_00007737,batch_0005,trader_0017,ETH-USD,BUY,1878.24,101,101,0,2026-01-01T02:08:56Z
order_00014400,batch_0005,trader_0012,ETH-USD,BUY,1878.24,826,826,0,2026-01-01T03:59:59Z
order_00012643,batch_0005,trader_0019,ETH-USD,BUY,1878.07,855,855,0,2026-01-01T03:30:42Z
order_00013046,batch_0005,trader_0003,ETH-USD,BUY,1878.06,578,578,0,2026-01-01T03:37:25Z
order_00011378,batch_0005,trader_0013,ETH-USD,BUY,1878.02,332,332,0,2026-01-01T03:09:37Z
order_00011712,batch_0005,trader_0023,ETH-USD,BUY,1877.9,811,811,0,2026-01-01T03:15:11Z
order_00015091,batch_0005,trader_0006,ETH-USD,BUY,1877.72,710,710,0,2026-01-01T04:11:30Z
order_00011651,batch_0005,trader_0020,ETH-USD,BUY,1877.55,916,916,0,2026-01-01T03:14:10Z
order_00010390,batch_0005,trader_0021,ETH-USD,BUY,1877.48,264,264,0,2026-01-01T02:53:09Z
order_00013578,batch_0005,trader_0002,ETH-USD,BUY,1877.47,838,838,0,2026-01-01T03:46:17Z
order_00013993,batch_0005,trader_0018,ETH-USD,BUY,1877.41,468,468,0,2026-01-01T03:53:12Z
order_00013960,batch_0005,trader_0009,ETH-USD,BUY,1877.31,908,908,0,2026-01-01T03:52:39Z
order_00008685,batch_0005,trader_0010,ETH-USD,BUY,1877.29,783,783,0,2026-01-01T02:24:44Z
order_00008523,batch_0005,trader_0007,ETH-USD,BUY,1877.26,648,648,0,2026-01-01T02:22:02Z
order_00013152,batch_0005,trader_0008,ETH-USD,BUY,1877.19,21,21,0,2026-01-01T03:39:11Z
order_00015814,batch_0005,trader_0020,ETH-USD,BUY,1877.16,401,401,0,2026-01-01T04:23:33Z
order_00009171,batch_0005,trader_0013,ETH-USD,BUY,1876.88,223,223,0,2026-01-01T02:32:50Z
order_00016028,batch_0005,trader_0002,ETH-USD,BUY,1876.58,499,499,0,2026-01-01T04:27:07Z
order_00009362,batch_0005,trader_0025,ETH-USD,BUY,1876.43,203,203,0,2026-01-01T02:36:01Z
order_00011424,batch_0005,trader_0022,ETH-USD,BUY,1876.38,791,791,0,2026-01-01T03:10:23Z
order_00012845,batch_0005,trader_0001,ETH-USD,BUY,1876.26,667,667,0,2026-01-01T03:34:04Z
order_00012332,batch_0005,trader_0023,ETH-USD,BUY,1876.22,800,800,0,2026-01-01T03:25:31Z
order_00008765,batch_0005,trader_0009,ETH-USD,BUY,1876.16,927,927,0,2026-01-01T02:26:04Z
order_00009972,batch_0005,trader_0013,ETH-USD,BUY,1876.14,227,227,0,2026-01-01T02:46:11Z
order_00010649,batch_0005,trader_0005,ETH-USD,BUY,1876.08,688,688,0,2026-01-01T02:57:28Z
order_00013936,batch_0005,trader_0024,ETH-USD,BUY,1876.04,329,329,0,2026-01-01T03:52:15Z
order_00008013,batch_0005,trader_0010,ETH-USD,BUY,1875.92,40,40,0,2026-01-01T02:13:32Z
order_00014747,batch_0005,trader_0022,ETH-USD,BUY,1875.88,262,262,0,2026-01-01T04:05:46Z
order_00006805,batch_0005,trader_0005,ETH-USD,BUY,1875.86,223,223,0,2026-01-01T01:53:24Z
order_00010783,batch_0005,trader_0005,ETH-USD,BUY,1875.84,883,883,0,2026-01-01T02:59:42Z
order_00015945,batch_0005,trader_0002,ETH-USD,BUY,1875.82,664,664,0,2026-01-01T04:25:44Z
order_00008701,batch_0005,trader_0021,ETH-USD,BUY,1875.71,519,519,0,2026-01-01T02:25:00Z
order_00010471,batch_0005,trader_0019,ETH-USD,BUY,1875.62,670,670,0,2026-01-01T02:54:30Z
order_00014812,batch_0005,trader_0025,ETH-USD,BUY,1875.62,663,663,0,2026-01-01T04:06:51Z
order_00007583,batch_0005,trader_0020,ETH-USD,BUY,1875.61,872,872,0,2026-01-01T02:06:22Z
order_00013810,batch_0005,trader_0024,ETH-USD,BUY,1875.61,278,278,0,2026-01-01T03:50:09Z
order_00007039,batch_0005,trader_0013,ETH-USD,BUY,1875.44,913,913,0,2026-01-01T01:57:18Z
order_00011709,batch_0005,trader_0008,ETH-USD,BUY,1875.38,138,138,0,2026-01-01T03:15:08Z
order_00013022,batch_0005,trader_0022,ETH-USD,BUY,1875.38,77,77,0,2026-01-01T03:37:01Z
order_00016177,batch_0005,trader_0022,ETH-USD,BUY,1875.37,131,131,0,2026-01-01T04:29:36Z
order_00013229,batch_0005,trader_0011,ETH-USD,BUY,1875.26,224,224,0,2026-01-01T03:40:28Z
order_00007563,batch_0005,trader_0018,ETH-USD,BUY,1875.18,859,859,0,2026-01-01T02:06:02Z
order_00009959,batch_0005,trader_0008,ETH-USD,BUY,1875.05,815,815,0,2026-01-01T02:45:58Z
order_00007207,batch_0005,trader_0003,ETH-USD,BUY,1875.01,439,439,0,2026-01-01T02:00:06Z
order_00015147,batch_0005,trader_0013,ETH-USD,BUY,1874.91,235,235,0,2026-01-01T04:12:26Z
order_00015323,batch_0005,trader_0010,ETH-USD,BUY,1874.84,658,658,0,2026-01-01T04:15:22Z
order_00013837,batch_0005,trader_0002,ETH-USD,BUY,1874.73,637,637,0,2026-01-01T03:50:36Z
order_00013293,batch_0005,trader_0017,ETH-USD,BUY,1874.72,944,944,0,2026-01-01T03:41:32Z
order_00014266,batch_0005,trader_0012,ETH-USD,BUY,1874.6,969,969,0,2026-01-01T03:57:45Z
order_00007646,batch_0005,trader_0004,ETH-USD,BUY,1874.59,486,486,0,2026-01-01T02:07:25Z
order_00012959,batch_0005,trader_0006,ETH-USD,BUY,1874.59,432,432,0,2026-01-01T03:35:58Z
order_00011487,batch_0005,trader_0004,ETH-USD,BUY,1874.54,939,939,0,2026-01-01T03:11:26Z
order_00015606,batch_0005,trader_0013,ETH-USD,BUY,1874.54,890,890,0,2026-01-01T04:20:05Z
order_00009356,batch_0005,trader_0025,ETH-USD,BUY,1874.5,181,181,0,2026-01-01T02:35:55Z
order_00009615,batch_0005,trader_0020,ETH-USD,BUY,1874.49,172,172,0,2026-01-01T02:40:14Z
order_00013018,batch_0005,trader_0008,ETH-USD,BUY,1874.43,275,275,0,2026-01-01T03:36:57Z
order_00006808,batch_0005,trader_0018,ETH-USD,BUY,1874.42,41,41,0,2026-01-01T01:53:27Z
order_00014067,batch_0005,trader_0024,ETH-USD,BUY,1874.31,201,201,0,2026-01-01T03:54:26Z
order_00007092,batch_0005,trader_0017,ETH-USD,BUY,1874.01,56,56,0,2026-01-01T01:58:11Z
order_00013053,batch_0005,trader_0016,ETH-USD,BUY,1873.97,595,595,0,2026-01-01T03:37:32Z
order_00014176,batch_0005,trader_0010,ETH-USD,BUY,1873.97,315,315,0,2026-01-01T03:56:15Z
order_00016472,batch_0005,trader_0006,ETH-USD,BUY,1873.97,134,134,0,2026-01-01T04:34:31Z
order_00011707,batch_0005,trader_0014,ETH-USD,BUY,1873.96,948,948,0,2026-01-01T03:15:06Z
order_00007671,batch_0005,trader_0020,ETH-USD,BUY,1873.92,478,478,0,2026-01-01T02:07:50Z
order_00009304,batch_0005,trader_0016,ETH-USD,BUY,1873.89,728,728,0,2026-01-01T02:35:03Z
order_00008439,batch_0005,trader_0006,ETH-USD,BUY,1873.74,472,472,0,2026-01-01T02:20:38Z
order_00014538,batch_0005,trader_0013,ETH-USD,BUY,1873.72,533,533,0,2026-01-01T04:02:17Z
order_00007365,batch_0005,trader_0015,ETH-USD,BUY,1873.6,300,300,0,2026-01-01T02:02:44Z
order_00009981,batch_0005,trader_0023,ETH-USD,BUY,1873.57,839,839,0,2026-01-01T02:46:20Z
order_00006608,batch_0005,trader_0009,ETH-USD,BUY,1873.55,667,667,0,2026-01-01T01:50:07Z
order_00012433,batch_0005,trader_0012,ETH-USD,BUY,1873.51,230,230,0,2026-01-01T03:27:12Z
order_00014378,batch_0005,trader_0007,ETH-USD,BUY,1873.51,759,759,0,2026-01-01T03:59:37Z
order_00008333,batch_0005,trader_0024,ETH-USD,BUY,1873.5,604,604,0,2026-01-01T02:18:52Z
order_00015894,batch_0005,trader_0017,ETH-USD,BUY,1873.44,148,148,0,2026-01-01T04:24:53Z
order_00014818,batch_0005,trader_0001,ETH-USD,BUY,1873.42,832,832,0,2026-01-01T04:06:57Z
order_00015172,batch_0005,trader_0008,ETH-USD,BUY,1873.33,258,258,0,2026-01-01T04:12:51Z
order_00009019,batch_0005,trader_0011,ETH-USD,BUY,1873.26,470,470,0,2026-01-01T02:30:18Z
order_00010325,batch_0005,trader_0007,ETH-USD,BUY,1873.19,33,33,0,2026-01-01T02:52:04Z
order_00012509,batch_0005,trader_0007,ETH-USD,BUY,1873.12,62,62,0,2026-01-01T03:28:28Z
order_00006615,batch_0005,trader_0009,ETH-USD,BUY,1873.06,10,10,0,2026-01-01T01:50:14Z
order_00006815,batch_0005,trader_0019,ETH-USD,BUY,1872.94,703,703,0,2026-01-01T01:53:34Z
order_00008915,batch_0005,trader_0025,ETH-USD,BUY,1872.73,287,287,0,2026-01-01T02:28:34Z
order_00010464,batch_0005,trader_0025,ETH-USD,BUY,1872.65,313,313,0,2026-01-01T02:54:23Z
order_00011124,batch_0005,trader_0019,ETH-USD,BUY,1872.58,846,846,0,2026-01-01T03:05:23Z
order_00011528,batch_0005,trader_0015,ETH-USD,BUY,1872.58,789,789,0,2026-01-01T03:12:07Z
order_00009640,batch_0005,trader_0001,ETH-USD,BUY,1872.53,268,268,0,2026-01-01T02:40:39Z
order_00007845,batch_0005,trader_0019,ETH-USD,BUY,1872.5,274,274,0,2026-01-01T02:10:44Z
order_00009263,batch_0005,trader_0012,ETH-USD,BUY,1872.5,831,831,0,2026-01-01T02:34:22Z
order_00016359,batch_0005,trader_0009,ETH-USD,BUY,1872.47,169,169,0,2026-01-01T04:32:38Z
order_00014847,batch_0005,trader_0019,ETH-USD,BUY,1872.45,835,835,0,2026-01-01T04:07:26Z
order_00011263,batch_0005,trader_0017,ETH-USD,BUY,1872.4,670,670,0,2026-01-01T03:07:42Z
order_00010957,batch_0005,trader_0009,ETH-USD,BUY,1872.29,560,560,0,2026-01-01T03:02:36Z
order_00007067,batch_0005,trader_0018,ETH-USD,BUY,1872.23,145,145,0,2026-01-01T01:57:46Z
order_00013827,batch_0005,trader_0021,ETH-USD,BUY,1872.21,582,582,0,2026-01-01T03:50:26Z
order_00008360,batch_0005,trader_0008,ETH-USD,BUY,1872.17,696,696,0,2026-01-01T02:19:19Z
order_00013005,batch_0005,trader_0014,ETH-USD,BUY,1872.02,387,387,0,2026-01-01T03:36:44Z
order_00013843,batch_0005,trader_0021,ETH-USD,BUY,1872.02,716,716,0,2026-01-01T03:50:42Z
order_00013318,batch_0005,trader_0022,ETH-USD,BUY,1871.92,932,932,0,2026-01-01T03:41:57Z
order_00009544,batch_0005,trader_0007,ETH-USD,BUY,1871.72,281,281,0,2026-01-01T02:39:03Z
order_00010984,batch_0005,trader_0017,ETH-USD,BUY,1871.67,664,664,0,2026-01-01T03:03:03Z
order_00009525,batch_0005,trader_0007,ETH-USD,BUY,1871.66,442,442,0,2026-01-01T02:38:44Z
order_00007063,batch_0005,trader_0011,ETH-USD,BUY,1871.56,997,997,0,2026-01-01T01:57:42Z
order_00013965,batch_0005,trader_0012,ETH-USD,BUY,1871.5,398,398,0,2026-01-01T03:52:44Z
order_00008472,batch_0005,trader_0010,ETH-USD,BUY,1871.49,866,866,0,2026-01-01T02:21:11Z
order_00010046,batch_0005,trader_0023,ETH-USD,BUY,1871.17,340,340,0,2026-01-01T02:47:25Z
order_00008415,batch_0005,trader_0021,ETH-USD,BUY,1871.13,72,72,0,2026-01-01T02:20:14Z
order_00011247,batch_0005,trader_0022,ETH-USD,BUY,1871.08,896,896,0,2026-01-01T03:07:26Z
order_00010700,batch_0005,trader_0006,ETH-USD,BUY,1870.97,567,567,0,2026-01-01T02:58:19Z
order_00009651,batch_0005,trader_0013,ETH-USD,BUY,1870.91,509,509,0,2026-01-01T02:40:50Z
order_00011911,batch_0005,trader_0021,ETH-USD,BUY,1870.91,648,648,0,2026-01-01T03:18:30Z
order_00015843,batch_0005,trader_0016,ETH-USD,BUY,1870.76,400,400,0,2026-01-01T04:24:02Z
order_00012770,batch_0005,trader_0001,ETH-USD,BUY,1870.66,496,496,0,2026-01-01T03:32:49Z
order_00014555,batch_0005,trader_0023,ETH-USD,BUY,1870.38,214,214,0,2026-01-01T04:02:34Z
order_00007265,batch_0005,trader_0021,ETH-USD,BUY,1870.11,38,38,0,2026-01-01T02:01:04Z
order_00015046,batch_0005,trader_0012,ETH-USD,BUY,1870.01,776,776,0,2026-01-01T04:10:45Z
order_00015524,batch_0005,trader_0022,ETH-USD,BUY,1869.96,929,929,0,2026-01-01T04:18:43Z
order_00011918,batch_0005,trader_0025,ETH-USD,BUY,1869.86,696,696,0,2026-01-01T03:18:37Z
order_00008792,batch_0005,trader_0011,ETH-USD,BUY,1869.74,415,415,0,2026-01-01T02:26:31Z
order_00007745,batch_0005,trader_0022,ETH-USD,BUY,1869.65,306,306,0,2026-01-01T02:09:04Z
order_00007293,batch_0005,trader_0010,ETH-USD,BUY,1869.64,257,257,0,2026-01-01T02:01:32Z
order_00012860,batch_0005,trader_0023,ETH-USD,BUY,1869.51,204,204,0,2026-01-01T03:34:19Z
order_00008370,batch_0005,trader_0004,ETH-USD,BUY,1869.47,419,419,0,2026-01-01T02:19:29Z
order_00008494,batch_0005,trader_0017,ETH-USD,BUY,1869.47,237,237,0,2026-01-01T02:21:33Z
order_00010820,batch_0005,trader_0009,ETH-USD,BUY,1869.45,626,626,0,2026-01-01T03:00:19Z
order_00014361,batch_0005,trader_0010,ETH-USD,BUY,1869.4,409,409,0,2026-01-01T03:59:20Z
order_00015543,batch_0005,trader_0022,ETH-USD,BUY,1869.33,121,121,0,2026-01-01T04:19:02Z
order_00009145,batch_0005,trader_0007,ETH-USD,BUY,1869.15,720,720,0,2026-01-01T02:32:24Z
order_00011995,batch_0005,trader_0022,ETH-USD,BUY,1869.01,706,706,0,2026-01-01T03:19:54Z
order_00013604,batch_0005,trader_0006,ETH-USD,BUY,1868.97,735,735,0,2026-01-01T03:46:43Z
order_00007617,batch_0005,trader_0025,ETH-USD,BUY,1868.89,288,288,0,2026-01-01T02:06:56Z
order_00014668,batch_0005,trader_0024,ETH-USD,BUY,1868.87,971,971,0,2026-01-01T04:04:27Z
order_00006888,batch_0005,trader_0016,ETH-USD,BUY,1868.86,990,990,0,2026-01-01T01:54:47Z
order_00016016,batch_0005,trader_0003,ETH-USD,BUY,1868.86,28,28,0,2026-01-01T04:26:55Z
order_00007552,batch_0005,trader_0006,ETH-USD,BUY,1868.76,412,412,0,2026-01-01T02:05:51Z
order_00010329,batch_0005,trader_0017,ETH-USD,BUY,1868.56,661,661,0,2026-01-01T02:52:08Z
order_00015768,batch_0005,trader_0008,ETH-USD,BUY,1868.45,473,473,0,2026-01-01T04:22:47Z
order_00014571,batch_0005,trader_0024,ETH-USD,BUY,1868.44,978,978,0,2026-01-01T04:02:50Z
order_00013865,batch_0005,trader_0015,ETH-USD,BUY,1868.31,108,108,0,2026-01-01T03:51:04Z
order_00016310,batch_0005,trader_0002,ETH-USD,BUY,1868.29,861,861,0,2026-01-01T04:31:49Z
order_00008133,batch_0005,trader_0003,ETH-USD,BUY,1868.28,44,44,0,2026-01-01T02:15:32Z
order_00015722,batch_0005,trader_0020,ETH-USD,BUY,1868.24,195,195,0,2026-01-01T04:22:01Z
order_00010519,batch_0005,trader_0018,ETH-USD,BUY,1868.07,622,622,0,2026-01-01T02:55:18Z
order_00013486,batch_0005,trader_0006,ETH-USD,BUY,1868.02,756,756,0,2026-01-01T03:44:45Z
order_00011216,batch_0005,trader_0012,ETH-USD,BUY,1868.0,591,591,0,2026-01-01T03:06:55Z
order_00014863,batch_0005,trader_0010,ETH-USD,BUY,1867.76,625,625,0,2026-01-01T04:07:42Z
order_00014874,batch_0005,trader_0013,ETH-USD,BUY,1867.71,120,120,0,2026-01-01T04:07:53Z
order_00008245,batch_0005,trader_0007,ETH-USD,BUY,1867.59,454,454,0,2026-01-01T02:17:24Z
order_00016309,batch_0005,trader_0002,ETH-USD,BUY,1867.54,217,217,0,2026-01-01T04:31:48Z
order_00014223,batch_0005,trader_0016,ETH-USD,BUY,1867.52,539,539,0,2026-01-01T03:57:02Z
order_00010121,batch_0005,trader_0011,ETH-USD,BUY,1867.36,876,876,0,2026-01-01T02:48:40Z
order_00013197,batch_0005,trader_0018,ETH-USD,BUY,1867.34,560,560,0,2026-01-01T03:39:56Z
order_00015838,batch_0005,trader_0004,ETH-USD,BUY,1867.3,897,897,0,2026-01-01T04:23:57Z
order_00007758,batch_0005,trader_0002,ETH-USD,BUY,1867.07,660,660,0,2026-01-01T02:09:17Z
order_00014830,batch_0005,trader_0016,ETH-USD,BUY,1867.03,543,543,0,2026-01-01T04:07:09Z
order_00009066,batch_0005,trader_0020,ETH-USD,BUY,1867.02,691,691,0,2026-01-01T02:31:05Z
order_00014906,batch_0005,trader_0017,ETH-USD,BUY,1866.89,906,906,0,2026-01-01T04:08:25Z
order_00007634,batch_0005,trader_0012,ETH-USD,BUY,1866.75,890,890,0,2026-01-01T02:07:13Z
order_00014662,batch_0005,trader_0003,ETH-USD,BUY,1866.57,241,241,0,2026-01-01T04:04:21Z
order_00008225,batch_0005,trader_0006,ETH-USD,BUY,1866.56,674,674,0,2026-01-01T02:17:04Z
order_00011123,batch_0005,trader_0019,ETH-USD,BUY,1866.42,301,301,0,2026-01-01T03:05:22Z
order_00013692,batch_0005,trader_0006,ETH-USD,BUY,1866.3,164,164,0,2026-01-01T03:48:11Z
order_00008710,batch_0005,trader_0006,ETH-USD,BUY,1866.17,881,881,0,2026-01-01T02:25:09Z
order_00009162,batch_0005,trader_0003,ETH-USD,BUY,1866.17,792,792,0,2026-01-01T02:32:41Z
order_00014125,batch_0005,trader_0011,ETH-USD,BUY,1866.17,334,334,0,2026-01-01T03:55:24Z
order_00012388,batch_0005,trader_0025,ETH-USD,BUY,1866.07,793,793,0,2026-01-01T03:26:27Z
order_00016084,batch_0005,trader_0021,ETH-USD,BUY,1866.01,398,398,0,2026-01-01T04:28:03Z
order_00008409,batch_0005,trader_0001,ETH-USD,BUY,1865.95,616,616,0,2026-01-01T02:20:08Z
order_00015745,batch_0005,trader_0004,ETH-USD,BUY,1865.84,530,530,0,2026-01-01T04:22:24Z
order_00007300,batch_0005,trader_0015,ETH-USD,BUY,1865.82,285,285,0,2026-01-01T02:01:39Z
order_00014277,batch_0005,trader_0024,ETH-USD,BUY,1865.76,301,301,0,2026-01-01T03:57:56Z
order_00014724,batch_0005,trader_0011,ETH-USD,BUY,1865.67,119,119,0,2026-01-01T04:05:23Z
order_00009010,batch_0005,trader_0019,ETH-USD,BUY,1865.59,847,847,0,2026-01-01T02:30:09Z
order_00013685,batch_0005,trader_0003,ETH-USD,BUY,1865.55,742,742,0,2026-01-01T03:48:04Z
order_00012206,batch_0005,trader_0009,ETH-USD,BUY,1865.47,374,374,0,2026-01-01T03:23:25Z
order_00011035,batch_0005,trader_0025,ETH-USD,BUY,1865.43,953,953,0,2026-01-01T03:03:54Z
order_00008451,batch_0005,trader_0010,ETH-USD,BUY,1865.41,935,935,0,2026-01-01T02:20:50Z
order_00006678,batch_0005,trader_0008,ETH-USD,BUY,1865.35,728,728,0,2026-01-01T01:51:17Z
order_00010375,batch_0005,trader_0013,ETH-USD,BUY,1865.35,83,83,0,2026-01-01T02:52:54Z
order_00013751,batch_0005,trader_0014,ETH-USD,BUY,1865.33,289,289,0,2026-01-01T03:49:10Z
order_00013590,batch_0005,trader_0003,ETH-USD,BUY,1865.03,326,326,0,2026-01-01T03:46:29Z
order_00015485,batch_0005,trader_0025,ETH-USD,BUY,1864.96,105,105,0,2026-01-01T04:18:04Z
order_00013673,batch_0005,trader_0011,ETH-USD,BUY,1864.72,778,778,0,2026-01-01T03:47:52Z
order_00014319,batch_0005,trader_0022,ETH-USD,BUY,1864.72,497,497,0,2026-01-01T03:58:38Z
order_00015553,batch_0005,trader_0003,ETH-USD,BUY,1864.63,395,395,0,2026-01-01T04:19:12Z
order_00013394,batch_0005,trader_0022,ETH-USD,BUY,1864.43,743,743,0,2026-01-01T03:43:13Z
order_00013341,batch_0005,trader_0020,ETH-USD,BUY,1864.38,471,471,0,2026-01-01T03:42:20Z
order_00016527,batch_0005,trader_0023,ETH-USD,BUY,1864.36,405,405,0,2026-01-01T04:35:26Z
order_00016076,batch_0005,trader_0013,ETH-USD,BUY,1864.34,232,232,0,2026-01-01T04:27:55Z
order_00011101,batch_0005,trader_0007,ETH-USD,BUY,1864.33,871,871,0,2026-01-01T03:05:00Z
order_00014949,batch_0005,trader_0003,ETH-USD,BUY,1864.18,280,280,0,2026-01-01T04:09:08Z
order_00013700,batch_0005,trader_0019,ETH-USD,BUY,1864.16,947,947,0,2026-01-01T03:48:19Z
order_00014567,batch_0005,trader_0007,ETH-USD,BUY,1864.15,428,428,0,2026-01-01T04:02:46Z
order_00010116,batch_0005,trader_0019,ETH-USD,BUY,1864.01,290,290,0,2026-01-01T02:48:35Z
order_00012431,batch_0005,trader_0006,ETH-USD,BUY,1863.97,392,392,0,2026-01-01T03:27:10Z
order_00007372,batch_0005,trader_0009,ETH-USD,BUY,1863.9,437,437,0,2026-01-01T02:02:51Z
order_00010639,batch_0005,trader_0005,ETH-USD,BUY,1863.9,578,578,0,2026-01-01T02:57:18Z
order_00008912,batch_0005,trader_0014,ETH-USD,BUY,1863.85,88,88,0,2026-01-01T02:28:31Z
order_00012740,batch_0005,trader_0018,ETH-USD,BUY,1863.75,549,549,0,2026-01-01T03:32:19Z
order_00006932,batch_0005,trader_0021,ETH-USD,BUY,1863.67,431,431,0,2026-01-01T01:55:31Z
order_00008138,batch_0005,trader_0006,ETH-USD,BUY,1863.49,937,937,0,2026-01-01T02:15:37Z
order_00015715,batch_0005,trader_0014,ETH-USD,BUY,1863.49,950,950,0,2026-01-01T04:21:54Z
order_00008096,batch_0005,trader_0017,ETH-USD,BUY,1863.46,644,644,0,2026-01-01T02:14:55Z
order_00015968,batch_0005,trader_0024,ETH-USD,BUY,1863.37,181,181,0,2026-01-01T04:26:07Z
order_00011040,batch_0005,trader_0011,ETH-USD,BUY,1863.35,253,253,0,2026-01-01T03:03:59Z
order_00011085,batch_0005,trader_0025,ETH-USD,BUY,1863.18,69,69,0,2026-01-01T03:04:44Z
order_00011266,batch_0005,trader_0020,ETH-USD,BUY,1863.17,835,835,0,2026-01-01T03:07:45Z
order_00008040,batch_0005,trader_0001,ETH-USD,BUY,1863.16,207,207,0,2026-01-01T02:13:59Z
order_00011221,batch_0005,trader_0013,ETH-USD,BUY,1863.08,481,481,0,2026-01-01T03:07:00Z
order_00015773,batch_0005,trader_0007,ETH-USD,BUY,1863.03,718,718,0,2026-01-01T04:22:52Z
order_00006773,batch_0005,trader_0006,ETH-USD,BUY,1862.76,416,416,0,2026-01-01T01:52:52Z
order_00011643,batch_0005,trader_0008,ETH-USD,BUY,1862.6,615,615,0,2026-01-01T03:14:02Z
order_00014250,batch_0005,trader_0002,ETH-USD,BUY,1862.55,349,349,0,2026-01-01T03:57:29Z
order_00010967,batch_0005,trader_0024,ETH-USD,BUY,1862.48,894,894,0,2026-01-01T03:02:46Z
order_00015884,batch_0005,trader_0021,ETH-USD,BUY,1862.48,290,290,0,2026-01-01T04:24:43Z
order_00013775,batch_0005,trader_0011,ETH-USD,BUY,1862.43,702,702,0,2026-01-01T03:49:34Z
order_00014889,batch_0005,trader_0011,ETH-USD,BUY,1862.37,802,802,0,2026-01-01T04:08:08Z
order_00010565,batch_0005,trader_0007,ETH-USD,BUY,1862.26,535,535,0,2026-01-01T02:56:04Z
order_00007245,batch_0005,trader_0007,ETH-USD,BUY,1862.22,888,888,0,2026-01-01T02:00:44Z
order_00013111,batch_0005,trader_0016,ETH-USD,BUY,1862.16,64,64,0,2026-01-01T03:38:30Z
order_00014128,batch_0005,trader_0023,ETH-USD,BUY,1862.15,960,960,0,2026-01-01T03:55:27Z
order_00008564,batch_0005,trader_0025,ETH-USD,BUY,1862.08,345,345,0,2026-01-01T02:22:43Z
order_00011842,batch_0005,trader_0012,ETH-USD,BUY,1861.97,290,290,0,2026-01-01T03:17:21Z
order_00011405,batch_0005,trader_0025,ETH-USD,BUY,1861.89,139,139,0,2026-01-01T03:10:04Z
order_00006779,batch_0005,trader_0014,ETH-USD,BUY,1861.71,656,656,0,2026-01-01T01:52:58Z
order_00008124,batch_0005,trader_0013,ETH-USD,BUY,1861.7,600,600,0,2026-01-01T02:15:23Z
order_00015675,batch_0005,trader_0002,ETH-USD,BUY,1861.62,642,642,0,2026-01-01T04:21:14Z
order_00013548,batch_0005,trader_0007,ETH-USD,BUY,1861.59,695,695,0,2026-01-01T03:45:47Z
order_00006893,batch_0005,trader_0009,ETH-USD,BUY,1861.56,110,110,0,2026-01-01T01:54:52Z
order_00013611,batch_0005,trader_0004,ETH-USD,BUY,1861.54,57,57,0,2026-01-01T03:46:50Z
order_00013640,batch_0005,trader_0009,ETH-USD,BUY,1861.54,789,789,0,2026-01-01T03:47:19Z
order_00013629,batch_0005,trader_0006,ETH-USD,BUY,1861.51,482,482,0,2026-01-01T03:47:08Z
order_00006923,batch_0005,trader_0008,ETH-USD,BUY,1861.43,320,320,0,2026-01-01T01:55:22Z
order_00008393,batch_0005,trader_0005,ETH-USD,BUY,1861.41,609,609,0,2026-01-01T02:19:52Z
order_00014111,batch_0005,trader_0012,ETH-USD,BUY,1861.36,85,85,0,2026-01-01T03:55:10Z
order_00012831,batch_0005,trader_0018,ETH-USD,BUY,1861.28,174,174,0,2026-01-01T03:33:50Z
order_00008130,batch_0005,trader_0017,ETH-USD,BUY,1861.26,708,708,0,2026-01-01T02:15:29Z
order_00015640,batch_0005,trader_0003,ETH-USD,BUY,1861.11,955,955,0,2026-01-01T04:20:39Z
order_00015351,batch_0005,trader_0023,ETH-USD,BUY,1860.96,891,891,0,2026-01-01T04:15:50Z
order_00015161,batch_0005,trader_0021,ETH-USD,BUY,1860.94,386,386,0,2026-01-01T04:12:40Z
order_00008481,batch_0005,trader_0021,ETH-USD,BUY,1860.93,156,156,0,2026-01-01T02:21:20Z
order_00012774,batch_0005,trader_0010,ETH-USD,BUY,1860.93,792,792,0,2026-01-01T03:32:53Z
order_00007561,batch_0005,trader_0011,ETH-USD,BUY,1860.92,477,477,0,2026-01-01T02:06:00Z
order_00015228,batch_0005,trader_0022,ETH-USD,BUY,1860.89,569,569,0,2026-01-01T04:13:47Z
order_00012627,batch_0005,trader_0022,ETH-USD,BUY,1860.88,653,653,0,2026-01-01T03:30:26Z
order_00009173,batch_0005,trader_0025,ETH-USD,BUY,1860.64,983,983,0,2026-01-01T02:32:52Z
order_00013402,batch_0005,trader_0023,ETH-USD,BUY,1860.38,504,504,0,2026-01-01T03:43:21Z
order_00012954,batch_0005,trader_0007,ETH-USD,BUY,1860.35,43,43,0,2026-01-01T03:35:53Z
order_00012451,batch_0005,trader_0012,ETH-USD,BUY,1860.34,959,959,0,2026-01-01T03:27:30Z
order_00008919,batch_0005,trader_0023,ETH-USD,BUY,1860.29,199,199,0,2026-01-01T02:28:38Z
order_00009500,batch_0005,trader_0004,ETH-USD,BUY,1860.26,807,807,0,2026-01-01T02:38:19Z
order_00010562,batch_0005,trader_0004,ETH-USD,BUY,1860.2,188,188,0,2026-01-01T02:56:01Z
order_00010612,batch_0005,trader_0015,ETH-USD,BUY,1860.1,645,645,0,2026-01-01T02:56:51Z
order_00012046,batch_0005,trader_0022,ETH-USD,BUY,1860.04,126,126,0,2026-01-01T03:20:45Z
order_00011017,batch_0005,trader_0007,ETH-USD,BUY,1859.96,808,808,0,2026-01-01T03:03:36Z
order_00009246,batch_0005,trader_0008,ETH-USD,BUY,1859.93,795,795,0,2026-01-01T02:34:05Z
order_00016219,batch_0005,trader_0009,ETH-USD,BUY,1859.88,351,351,0,2026-01-01T04:30:18Z
order_00014873,batch_0005,trader_0005,ETH-USD,BUY,1859.87,942,942,0,2026-01-01T04:07:52Z
order_00013507,batch_0005,trader_0014,ETH-USD,BUY,1859.83,652,652,0,2026-01-01T03:45:06Z
order_00015286,batch_0005,trader_0005,ETH-USD,BUY,1859.8,146,146,0,2026-01-01T04:14:45Z
order_00009554,batch_0005,trader_0005,ETH-USD,BUY,1859.77,680,680,0,2026-01-01T02:39:13Z
order_00011439,batch_0005,trader_0023,ETH-USD,BUY,1859.48,328,328,0,2026-01-01T03:10:38Z
order_00013667,batch_0005,trader_0023,ETH-USD,BUY,1859.47,23,23,0,2026-01-01T03:47:46Z
order_00007243,batch_0005,trader_0006,ETH-USD,BUY,1859.23,566,566,0,2026-01-01T02:00:42Z
order_00012200,batch_0005,trader_0004,ETH-USD,BUY,1859.21,878,878,0,2026-01-01T03:23:19Z
order_00009007,batch_0005,trader_0014,ETH-USD,BUY,1859.12,160,160,0,2026-01-01T02:30:06Z
order_00012576,batch_0005,trader_0015,ETH-USD,BUY,1859.08,181,181,0,2026-01-01T03:29:35Z
order_00008047,batch_0005,trader_0021,ETH-USD,BUY,1858.97,953,953,0,2026-01-01T02:14:06Z
order_00009565,batch_0005,trader_0003,ETH-USD,BUY,1858.91,544,544,0,2026-01-01T02:39:24Z
order_00007679,batch_0005,trader_0019,ETH-USD,BUY,1858.83,418,418,0,2026-01-01T02:07:58Z
order_00010841,batch_0005,trader_0003,ETH-USD,BUY,1858.81,832,832,0,2026-01-01T03:00:40Z
order_00014471,batch_0005,trader_0005,ETH-USD,BUY,1858.81,399,399,0,2026-01-01T04:01:10Z
order_00006653,batch_0005,trader_0020,ETH-USD,BUY,1858.72,409,409,0,2026-01-01T01:50:52Z
order_00009979,batch_0005,trader_0015,ETH-USD,BUY,1858.69,663,663,0,2026-01-01T02:46:18Z
order_00007470,batch_0005,trader_0002,ETH-USD,BUY,1858.57,85,85,0,2026-01-01T02:04:29Z
order_00015458,batch_0005,trader_0021,ETH-USD,BUY,1858.46,213,213,0,2026-01-01T04:17:37Z
order_00016327,batch_0005,trader_0020,ETH-USD,BUY,1858.4,109,109,0,2026-01-01T04:32:06Z
order_00010074,batch_0005,trader_0016,ETH-USD,BUY,1858.36,308,308,0,2026-01-01T02:47:53Z
order_00014169,batch_0005,trader_0010,ETH-USD,BUY,1858.24,270,270,0,2026-01-01T03:56:08Z
order_00013687,batch_0005,trader_0011,ETH-USD,BUY,1858.23,602,602,0,2026-01-01T03:48:06Z
order_00015319,batch_0005,trader_0009,ETH-USD,BUY,1858.11,544,544,0,2026-01-01T04:15:18Z
order_00008580,batch_0005,trader_0009,ETH-USD,BUY,1857.9,16,16,0,2026-01-01T02:22:59Z
order_00012797,batch_0005,trader_0024,ETH-USD,BUY,1857.9,716,716,0,2026-01-01T03:33:16Z
order_00008173,batch_0005,trader_0012,ETH-USD,BUY,1857.83,882,882,0,2026-01-01T02:16:12Z
order_00010965,batch_0005,trader_0019,ETH-USD,BUY,1857.75,330,330,0,2026-01-01T03:02:44Z
order_00012979,batch_0005,trader_0012,ETH-USD,BUY,1857.7,9,9,0,2026-01-01T03:36:18Z
order_00011482,batch_0005,trader_0024,ETH-USD,BUY,1857.67,395,395,0,2026-01-01T03:11:21Z
order_00010916,batch_0005,trader_0006,ETH-USD,BUY,1857.57,460,460,0,2026-01-01T03:01:55Z
order_00015185,batch_0005,trader_0022,ETH-USD,BUY,1857.51,231,231,0,2026-01-01T04:13:04Z
order_00016015,batch_0005,trader_0019,ETH-USD,BUY,1857.42,424,424,0,2026-01-01T04:26:54Z
order_00011117,batch_0005,trader_0007,ETH-USD,BUY,1857.38,225,225,0,2026-01-01T03:05:16Z
order_00014274,batch_0005,trader_0015,ETH-USD,BUY,1857.36,170,170,0,2026-01-01T03:57:53Z
order_00014330,batch_0005,trader_0012,ETH-USD,BUY,1857.25,832,832,0,2026-01-01T03:58:49Z
order_00008812,batch_0005,trader_0009,ETH-USD,BUY,1857.12,995,995,0,2026-01-01T02:26:51Z
order_00008269,batch_0005,trader_0013,ETH-USD,BUY,1856.88,558,558,0,2026-01-01T02:17:48Z
order_00015635,batch_0005,trader_0021,ETH-USD,BUY,1856.7,202,202,0,2026-01-01T04:20:34Z
order_00010319,batch_0005,trader_0023,ETH-USD,BUY,1856.67,753,753,0,2026-01-01T02:51:58Z
order_00011075,batch_0005,trader_0007,ETH-USD,BUY,1856.66,193,193,0,2026-01-01T03:04:34Z
order_00015267,batch_0005,trader_0010,ETH-USD,BUY,1856.49,217,217,0,2026-01-01T04:14:26Z
order_00011889,batch_0005,trader_0021,ETH-USD,BUY,1856.46,974,974,0,2026-01-01T03:18:08Z
order_00013365,batch_0005,trader_0021,ETH-USD,BUY,1856.43,839,839,0,2026-01-01T03:42:44Z
order_00015879,batch_0005,trader_0021,ETH-USD,BUY,1856.31,795,795,0,2026-01-01T04:24:38Z
order_00010716,batch_0005,trader_0006,ETH-USD,BUY,1856.25,495,495,0,2026-01-01T02:58:35Z
order_00008274,batch_0005,trader_0004,ETH-USD,BUY,1856.24,4,4,0,2026-01-01T02:17:53Z
order_00009481,batch_0005,trader_0025,ETH-USD,BUY,1856.2,833,833,0,2026-01-01T02:38:00Z
order_00007648,batch_0005,trader_0003,ETH-USD,BUY,1856.16,864,864,0,2026-01-01T02:07:27Z
order_00007054,batch_0005,trader_0013,ETH-USD,BUY,1856.04,315,315,0,2026-01-01T01:57:33Z
order_00016019,batch_0005,trader_0005,ETH-USD,BUY,1856.0,893,893,0,2026-01-01T04:26:58Z
order_00015272,batch_0005,trader_0022,ETH-USD,BUY,1855.95,477,477,0,2026-01-01T04:14:31Z
order_00011083,batch_0005,trader_0008,ETH-USD,BUY,1855.94,685,685,0,2026-01-01T03:04:42Z
order_00010522,batch_0005,trader_0014,ETH-USD,BUY,1855.88,491,491,0,2026-01-01T02:55:21Z
order_00007628,batch_0005,trader_0015,ETH-USD,BUY,1855.71,67,67,0,2026-01-01T02:07:07Z
order_00009624,batch_0005,trader_0018,ETH-USD,BUY,1855.7,735,735,0,2026-01-01T02:40:23Z
order_00014486,batch_0005,trader_0019,ETH-USD,BUY,1855.66,156,156,0,2026-01-01T04:01:25Z
order_00015980,batch_0005,trader_0007,ETH-USD,BUY,1855.44,153,153,0,2026-01-01T04:26:19Z
order_00015221,batch_0005,trader_0014,ETH-USD,BUY,1855.25,78,78,0,2026-01-01T04:13:40Z
order_00007095,batch_0005,trader_0010,ETH-USD,BUY,1855.24,851,851,0,2026-01-01T01:58:14Z
order_00010305,batch_0005,trader_0003,ETH-USD,BUY,1855.23,390,390,0,2026-01-01T02:51:44Z
order_00011557,batch_0005,trader_0022,ETH-USD,BUY,1855.06,433,433,0,2026-01-01T03:12:36Z
order_00011145,batch_0005,trader_0023,ETH-USD,BUY,1854.64,608,608,0,2026-01-01T03:05:44Z
order_00010493,batch_0005,trader_0023,ETH-USD,BUY,1854.54,165,165,0,2026-01-01T02:54:52Z
order_00012107,batch_0005,trader_0018,ETH-USD,BUY,1854.51,953,953,0,2026-01-01T03:21:46Z
order_00009072,batch_0005,trader_0018,ETH-USD,BUY,1854.47,399,399,0,2026-01-01T02:31:11Z
order_00010352,batch_0005,trader_0022,ETH-USD,BUY,1854.43,976,976,0,2026-01-01T02:52:31Z
order_00010377,batch_0005,trader_0005,ETH-USD,BUY,1854.34,961,961,0,2026-01-01T02:52:56Z
order_00015290,batch_0005,trader_0025,ETH-USD,BUY,1854.32,12,12,0,2026-01-01T04:14:49Z
order_00014886,batch_0005,trader_0019,ETH-USD,BUY,1854.05,792,792,0,2026-01-01T04:08:05Z
order_00013460,batch_0005,trader_0016,ETH-USD,BUY,1853.87,102,102,0,2026-01-01T03:44:19Z
order_00010286,batch_0005,trader_0013,ETH-USD,BUY,1853.84,251,251,0,2026-01-01T02:51:25Z
order_00014368,batch_0005,trader_0001,ETH-USD,BUY,1853.84,919,919,0,2026-01-01T03:59:27Z
order_00014974,batch_0005,trader_0018,ETH-USD,BUY,1853.75,742,742,0,2026-01-01T04:09:33Z
order_00010196,batch_0005,trader_0023,ETH-USD,BUY,1853.72,268,268,0,2026-01-01T02:49:55Z
order_00013593,batch_0005,trader_0014,ETH-USD,BUY,1853.67,67,67,0,2026-01-01T03:46:32Z
order_00014353,batch_0005,trader_0023,ETH-USD,BUY,1853.54,817,817,0,2026-01-01T03:59:12Z
order_00006971,batch_0005,trader_0001,ETH-USD,BUY,1853.53,786,786,0,2026-01-01T01:56:10Z
order_00008751,batch_0005,trader_0003,ETH-USD,BUY,1853.49,484,484,0,2026-01-01T02:25:50Z
order_00013377,batch_0005,trader_0004,ETH-USD,BUY,1853.42,103,103,0,2026-01-01T03:42:56Z
order_00016478,batch_0005,trader_0020,ETH-USD,BUY,1853.39,325,325,0,2026-01-01T04:34:37Z
order_00009332,batch_0005,trader_0016,ETH-USD,BUY,1853.29,453,453,0,2026-01-01T02:35:31Z
order_00010230,batch_0005,trader_0024,ETH-USD,BUY,1853.26,311,311,0,2026-01-01T02:50:29Z
order_00011010,batch_0005,trader_0001,ETH-USD,BUY,1853.26,257,257,0,2026-01-01T03:03:29Z
order_00006619,batch_0005,trader_0025,ETH-USD,BUY,1853.18,326,326,0,2026-01-01T01:50:18Z
order_00013932,batch_0005,trader_0007,ETH-USD,BUY,1853.15,865,865,0,2026-01-01T03:52:11Z
order_00009907,batch_0005,trader_0013,ETH-USD,BUY,1852.71,753,753,0,2026-01-01T02:45:06Z
order_00009518,batch_0005,trader_0015,ETH-USD,BUY,1852.68,848,848,0,2026-01-01T02:38:37Z
order_00009042,batch_0005,trader_0005,ETH-USD,BUY,1852.53,36,36,0,2026-01-01T02:30:41Z
order_00012375,batch_0005,trader_0003,ETH-USD,BUY,1852.49,500,500,0,2026-01-01T03:26:14Z
order_00013335,batch_0005,trader_0010,ETH-USD,BUY,1852.28,218,218,0,2026-01-01T03:42:14Z
order_00012566,batch_0005,trader_0022,ETH-USD,BUY,1852.21,732,732,0,2026-01-01T03:29:25Z
order_00010642,batch_0005,trader_0016,ETH-USD,BUY,1852.18,657,657,0,2026-01-01T02:57:21Z
order_00014208,batch_0005,trader_0013,ETH-USD,BUY,1852.09,309,309,0,2026-01-01T03:56:47Z
order_00016262,batch_0005,trader_0016,ETH-USD,BUY,1852.07,385,385,0,2026-01-01T04:31:01Z
order_00009292,batch_0005,trader_0024,ETH-USD,BUY,1851.96,574,574,0,2026-01-01T02:34:51Z
order_00008566,batch_0005,trader_0010,ETH-USD,BUY,1851.86,39,39,0,2026-01-01T02:22:45Z
order_00016290,batch_0005,trader_0004,ETH-USD,BUY,1851.73,990,990,0,2026-01-01T04:31:29Z
order_00009082,batch_0005,trader_0015,ETH-USD,BUY,1851.63,666,666,0,2026-01-01T02:31:21Z
order_00013435,batch_0005,trader_0013,ETH-USD,BUY,1851.62,788,788,0,2026-01-01T03:43:54Z
order_00010216,batch_0005,trader_0017,ETH-USD,BUY,1851.6,46,46,0,2026-01-01T02:50:15Z
order_00007086,batch_0005,trader_0025,ETH-USD,BUY,1851.55,309,309,0,2026-01-01T01:58:05Z
order_00010004,batch_0005,trader_0021,ETH-USD,BUY,1851.47,779,779,0,2026-01-01T02:46:43Z
order_00016260,batch_0005,trader_0010,ETH-USD,BUY,1851.43,667,667,0,2026-01-01T04:30:59Z
order_00016396,batch_0005,trader_0023,ETH-USD,BUY,1851.43,434,434,0,2026-01-01T04:33:15Z
order_00011748,batch_0005,trader_0004,ETH-USD,BUY,1851.4,799,799,0,2026-01-01T03:15:47Z
order_00011964,batch_0005,trader_0016,ETH-USD,BUY,1851.4,155,155,0,2026-01-01T03:19:23Z
order_00014990,batch_0005,trader_0024,ETH-USD,BUY,1851.22,956,956,0,2026-01-01T04:09:49Z
order_00009786,batch_0005,trader_0003,ETH-USD,BUY,1851.21,300,300,0,2026-01-01T02:43:05Z
order_00010427,batch_0005,trader_0006,ETH-USD,BUY,1851.17,403,403,0,2026-01-01T02:53:46Z
order_00015985,batch_0005,trader_0025,ETH-USD,BUY,1851.04,114,114,0,2026-01-01T04:26:24Z
order_00011441,batch_0005,trader_0022,ETH-USD,BUY,1851.0,145,145,0,2026-01-01T03:10:40Z
order_00015892,batch_0005,trader_0021,ETH-USD,BUY,1850.98,698,698,0,2026-01-01T04:24:51Z
order_00011633,batch_0005,trader_0008,ETH-USD,BUY,1850.92,673,673,0,2026-01-01T03:13:52Z
order_00009929,batch_0005,trader_0003,ETH-USD,BUY,1850.76,155,155,0,2026-01-01T02:45:28Z
order_00014261,batch_0005,trader_0013,ETH-USD,BUY,1850.64,360,360,0,2026-01-01T03:57:40Z
order_00014776,batch_0005,trader_0004,ETH-USD,BUY,1850.58,887,887,0,2026-01-01T04:06:15Z
order_00008223,batch_0005,trader_0005,ETH-USD,BUY,1850.5,830,830,0,2026-01-01T02:17:02Z
order_00011397,batch_0005,trader_0014,ETH-USD,BUY,1850.44,495,495,0,2026-01-01T03:09:56Z
order_00012080,batch_0005,trader_0008,ETH-USD,BUY,1850.44,747,747,0,2026-01-01T03:21:19Z
order_00010279,batch_0005,trader_0010,ETH-USD,BUY,1850.43,444,444,0,2026-01-01T02:51:18Z
order_00007458,batch_0005,trader_0017,ETH-USD,BUY,1850.31,328,328,0,2026-01-01T02:04:17Z
order_00011857,batch_0005,trader_0015,ETH-USD,BUY,1850.15,420,420,0,2026-01-01T03:17:36Z
order_00011895,batch_0005,trader_0002,ETH-USD,BUY,1850.15,426,426,0,2026-01-01T03:18:14Z
order_00012664,batch_0005,trader_0011,ETH-USD,BUY,1850.09,652,652,0,2026-01-01T03:31:03Z
order_00009347,batch_0005,trader_0023,ETH-USD,BUY,1850.06,126,126,0,2026-01-01T02:35:46Z
order_00010299,batch_0005,trader_0015,ETH-USD,BUY,1849.88,807,807,0,2026-01-01T02:51:38Z
order_00008186,batch_0005,trader_0012,ETH-USD,BUY,1849.79,298,298,0,2026-01-01T02:16:25Z
order_00010558,batch_0005,trader_0012,ETH-USD,BUY,1849.68,132,132,0,2026-01-01T02:55:57Z
order_00011871,batch_0005,trader_0023,ETH-USD,BUY,1849.38,407,407,0,2026-01-01T03:17:50Z
order_00008336,batch_0005,trader_0018,ETH-USD,BUY,1849.28,367,367,0,2026-01-01T02:18:55Z
order_00006792,batch_0005,trader_0024,ETH-USD,BUY,1849.24,472,472,0,2026-01-01T01:53:11Z
order_00007347,batch_0005,trader_0012,ETH-USD,BUY,1849.24,498,498,0,2026-01-01T02:02:26Z
order_00011981,batch_0005,trader_0003,ETH-USD,BUY,1848.9,915,915,0,2026-01-01T03:19:40Z
order_00013340,batch_0005,trader_0004,ETH-USD,BUY,1848.9,262,262,0,2026-01-01T03:42:19Z
order_00010051,batch_0005,trader_0008,ETH-USD,BUY,1848.89,378,378,0,2026-01-01T02:47:30Z
order_00016144,batch_0005,trader_0016,ETH-USD,BUY,1848.52,433,433,0,2026-01-01T04:29:03Z
order_00007315,batch_0005,trader_0008,ETH-USD,BUY,1848.44,221,221,0,2026-01-01T02:01:54Z
order_00015043,batch_0005,trader_0010,ETH-USD,BUY,1848.44,298,298,0,2026-01-01T04:10:42Z
order_00011839,batch_0005,trader_0014,ETH-USD,BUY,1848.43,693,693,0,2026-01-01T03:17:18Z
order_00007821,batch_0005,trader_0022,ETH-USD,BUY,1848.41,140,140,0,2026-01-01T02:10:20Z
order_00009296,batch_0005,trader_0014,ETH-USD,BUY,1848.33,591,591,0,2026-01-01T02:34:55Z
order_00010122,batch_0005,trader_0006,ETH-USD,BUY,1848.28,928,928,0,2026-01-01T02:48:41Z
order_00007789,batch_0005,trader_0008,ETH-USD,BUY,1848.21,944,944,0,2026-01-01T02:09:48Z
order_00015679,batch_0005,trader_0008,ETH-USD,BUY,1847.99,716,716,0,2026-01-01T04:21:18Z
order_00006732,batch_0005,trader_0020,ETH-USD,BUY,1847.72,674,674,0,2026-01-01T01:52:11Z
order_00016118,batch_0005,trader_0008,ETH-USD,BUY,1847.68,97,97,0,2026-01-01T04:28:37Z
order_00016536,batch_0005,trader_0004,ETH-USD,BUY,1847.59,522,522,0,2026-01-01T04:35:35Z
order_00016194,batch_0005,trader_0004,ETH-USD,BUY,1847.51,477,477,0,2026-01-01T04:29:53Z
order_00008953,batch_0005,trader_0001,ETH-USD,BUY,1847.4,720,720,0,2026-01-01T02:29:12Z
order_00008664,batch_0005,trader_0023,ETH-USD,BUY,1847.38,129,129,0,2026-01-01T02:24:23Z
order_00009232,batch_0005,trader_0010,ETH-USD,BUY,1847.31,391,391,0,2026-01-01T02:33:51Z
order_00009493,batch_0005,trader_0014,ETH-USD,BUY,1847.15,113,113,0,2026-01-01T02:38:12Z
order_00006708,batch_0005,trader_0009,ETH-USD,BUY,1846.89,320,320,0,2026-01-01T01:51:47Z
order_00008997,batch_0005,trader_0023,ETH-USD,BUY,1846.62,923,923,0,2026-01-01T02:29:56Z
order_00014085,batch_0005,trader_0007,ETH-USD,BUY,1846.62,969,969,0,2026-01-01T03:54:44Z
order_00009161,batch_0005,trader_0004,ETH-USD,BUY,1846.39,132,132,0,2026-01-01T02:32:40Z
order_00016245,batch_0005,trader_0016,ETH-USD,BUY,1846.38,373,373,0,2026-01-01T04:30:44Z
order_00016379,batch_0005,trader_0013,ETH-USD,BUY,1846.13,529,529,0,2026-01-01T04:32:58Z
order_00011677,batch_0005,trader_0010,ETH-USD,BUY,1846.12,169,169,0,2026-01-01T03:14:36Z
order_00010463,batch_0005,trader_0008,ETH-USD,BUY,1846.06,602,602,0,2026-01-01T02:54:22Z
order_00016298,batch_0005,trader_0021,ETH-USD,BUY,1846.01,642,642,0,2026-01-01T04:31:37Z
order_00010414,batch_0005,trader_0012,ETH-USD,BUY,1846.0,360,360,0,2026-01-01T02:53:33Z
order_00007729,batch_0005,trader_0006,ETH-USD,BUY,1845.95,843,843,0,2026-01-01T02:08:48Z
order_00007072,batch_0005,trader_0023,ETH-USD,BUY,1845.78,96,96,0,2026-01-01T01:57:51Z
order_00008875,batch_0005,trader_0009,ETH-USD,BUY,1845.42,421,421,0,2026-01-01T02:27:54Z
order_00011971,batch_0005,trader_0003,ETH-USD,BUY,1845.33,981,981,0,2026-01-01T03:19:30Z
order_00011704,batch_0005,trader_0008,ETH-USD,BUY,1845.32,758,758,0,2026-01-01T03:15:03Z
order_00011690,batch_0005,trader_0021,ETH-USD,BUY,1845.29,251,251,0,2026-01-01T03:14:49Z
order_00010732,batch_0005,trader_0014,ETH-USD,BUY,1845.18,114,114,0,2026-01-01T02:58:51Z
order_00007400,batch_0005,trader_0005,ETH-USD,BUY,1845.13,5,5,0,2026-01-01T02:03:19Z
order_00006761,batch_0005,trader_0021,ETH-USD,BUY,1844.85,879,879,0,2026-01-01T01:52:40Z
order_00011919,batch_0005,trader_0019,ETH-USD,BUY,1844.85,39,39,0,2026-01-01T03:18:38Z
order_00015219,batch_0005,trader_0005,ETH-USD,BUY,1844.65,518,518,0,2026-01-01T04:13:38Z
order_00014765,batch_0005,trader_0017,ETH-USD,BUY,1844.59,872,872,0,2026-01-01T04:06:04Z
order_00015707,batch_0005,trader_0014,ETH-USD,BUY,1844.59,949,949,0,2026-01-01T04:21:46Z
order_00009228,batch_0005,trader_0025,ETH-USD,BUY,1844.36,106,106,0,2026-01-01T02:33:47Z
order_00008411,batch_0005,trader_0010,ETH-USD,BUY,1844.28,880,880,0,2026-01-01T02:20:10Z
order_00008635,batch_0005,trader_0003,ETH-USD,BUY,1844.26,106,106,0,2026-01-01T02:23:54Z
order_00007771,batch_0005,trader_0018,ETH-USD,BUY,1844.15,128,128,0,2026-01-01T02:09:30Z
order_00011342,batch_0005,trader_0005,ETH-USD,BUY,1844.15,935,935,0,2026-01-01T03:09:01Z
order_00011184,batch_0005,trader_0017,ETH-USD,BUY,1844.04,387,387,0,2026-01-01T03:06:23Z
order_00012687,batch_0005,trader_0018,ETH-USD,BUY,1843.92,691,691,0,2026-01-01T03:31:26Z
order_00007566,batch_0005,trader_0025,ETH-USD,BUY,1843.74,452,452,0,2026-01-01T02:06:05Z
order_00013220,batch_0005,trader_0015,ETH-USD,BUY,1843.57,136,136,0,2026-01-01T03:40:19Z
order_00008438,batch_0005,trader_0023,ETH-USD,BUY,1843.49,248,248,0,2026-01-01T02:20:37Z
order_00014888,batch_0005,trader_0016,ETH-USD,BUY,1843.42,150,150,0,2026-01-01T04:08:07Z
order_00014850,batch_0005,trader_0016,ETH-USD,BUY,1843.34,989,989,0,2026-01-01T04:07:29Z
order_00014132,batch_0005,trader_0014,ETH-USD,BUY,1843.15,262,262,0,2026-01-01T03:55:31Z
order_00014838,batch_0005,trader_0020,ETH-USD,BUY,1843.01,111,111,0,2026-01-01T04:07:17Z
order_00011401,batch_0005,trader_0023,ETH-USD,BUY,1843.0,930,930,0,2026-01-01T03:10:00Z
order_00009911,batch_0005,trader_0014,ETH-USD,BUY,1842.95,421,421,0,2026-01-01T02:45:10Z
order_00015058,batch_0005,trader_0023,ETH-USD,BUY,1842.92,887,887,0,2026-01-01T04:10:57Z
order_00010191,batch_0005,trader_0008,ETH-USD,BUY,1842.9,351,351,0,2026-01-01T02:49:50Z
order_00011379,batch_0005,trader_0010,ETH-USD,BUY,1842.73,651,651,0,2026-01-01T03:09:38Z
order_00012166,batch_0005,trader_0013,ETH-USD,BUY,1842.71,914,914,0,2026-01-01T03:22:45Z
order_00010585,batch_0005,trader_0015,ETH-USD,BUY,1842.7,949,949,0,2026-01-01T02:56:24Z
order_00007436,batch_0005,trader_0017,ETH-USD,BUY,1842.68,96,96,0,2026-01-01T02:03:55Z
order_00010103,batch_0005,trader_0011,ETH-USD,BUY,1842.68,649,649,0,2026-01-01T02:48:22Z
order_00014171,batch_0005,trader_0012,ETH-USD,BUY,1842.68,251,251,0,2026-01-01T03:56:10Z
order_00010616,batch_0005,trader_0020,ETH-USD,BUY,1842.57,494,494,0,2026-01-01T02:56:55Z
order_00014168,batch_0005,trader_0021,ETH-USD,BUY,1842.55,794,794,0,2026-01-01T03:56:07Z
order_00015759,batch_0005,trader_0022,ETH-USD,BUY,1842.51,953,953,0,2026-01-01T04:22:38Z
order_00012844,batch_0005,trader_0002,ETH-USD,BUY,1842.32,818,818,0,2026-01-01T03:34:03Z
order_00011299,batch_0005,trader_0001,ETH-USD,BUY,1842.25,572,572,0,2026-01-01T03:08:18Z
order_00012691,batch_0005,trader_0009,ETH-USD,BUY,1842.17,593,593,0,2026-01-01T03:31:30Z
order_00011877,batch_0005,trader_0013,ETH-USD,BUY,1842.16,17,17,0,2026-01-01T03:17:56Z
order_00016199,batch_0005,trader_0018,ETH-USD,BUY,1841.85,249,249,0,2026-01-01T04:29:58Z
order_00011983,batch_0005,trader_0021,ETH-USD,BUY,1841.71,397,397,0,2026-01-01T03:19:42Z
order_00016459,batch_0005,trader_0018,ETH-USD,BUY,1841.54,183,183,0,2026-01-01T04:34:18Z
order_00015712,batch_0005,trader_0016,ETH-USD,BUY,1841.51,519,519,0,2026-01-01T04:21:51Z
order_00013992,batch_0005,trader_0012,ETH-USD,BUY,1841.44,477,477,0,2026-01-01T03:53:11Z
order_00008005,batch_0005,trader_0020,ETH-USD,BUY,1841.12,161,161,0,2026-01-01T02:13:24Z
order_00008955,batch_0005,trader_0006,ETH-USD,BUY,1841.11,920,920,0,2026-01-01T02:29:14Z
order_00012373,batch_0005,trader_0021,ETH-USD,BUY,1841.06,448,448,0,2026-01-01T03:26:12Z
order_00015073,batch_0005,trader_0002,ETH-USD,BUY,1841.02,9,9,0,2026-01-01T04:11:12Z
order_00010845,batch_0005,trader_0006,ETH-USD,BUY,1840.95,10,10,0,2026-01-01T03:00:44Z
order_00007259,batch_0005,trader_0010,ETH-USD,BUY,1840.93,308,308,0,2026-01-01T02:00:58Z
order_00012442,batch_0005,trader_0001,ETH-USD,BUY,1840.73,297,297,0,2026-01-01T03:27:21Z
order_00011875,batch_0005,trader_0011,ETH-USD,BUY,1840.72,205,205,0,2026-01-01T03:17:54Z
order_00007578,batch_0005,trader_0005,ETH-USD,BUY,1840.67,127,127,0,2026-01-01T02:06:17Z
order_00006858,batch_0005,trader_0004,ETH-USD,BUY,1840.57,391,391,0,2026-01-01T01:54:17Z
order_00015566,batch_0005,trader_0012,ETH-USD,BUY,1840.57,760,760,0,2026-01-01T04:19:25Z
order_00007143,batch_0005,trader_0024,ETH-USD,BUY,1840.51,804,804,0,2026-01-01T01:59:02Z
order_00012058,batch_0005,trader_0010,ETH-USD,BUY,1840.49,804,804,0,2026-01-01T03:20:57Z
order_00012499,batch_0005,trader_0020,ETH-USD,BUY,1840.35,293,293,0,2026-01-01T03:28:18Z
order_00013658,batch_0005,trader_0008,ETH-USD,BUY,1840.29,867,867,0,2026-01-01T03:47:37Z
order_00012776,batch_0005,trader_0009,ETH-USD,BUY,1840.22,983,983,0,2026-01-01T03:32:55Z
order_00015723,batch_0005,trader_0002,ETH-USD,BUY,1840.19,924,924,0,2026-01-01T04:22:02Z
order_00012111,batch_0005,trader_0008,ETH-USD,BUY,1840.13,302,302,0,2026-01-01T03:21:50Z
order_00015530,batch_0005,trader_0010,ETH-USD,BUY,1840.08,562,562,0,2026-01-01T04:18:49Z
order_00014931,batch_0005,trader_0010,ETH-USD,BUY,1840.05,659,659,0,2026-01-01T04:08:50Z
order_00010771,batch_0005,trader_0025,ETH-USD,BUY,1839.92,128,128,0,2026-01-01T02:59:30Z
order_00014145,batch_0005,trader_0008,ETH-USD,BUY,1839.78,315,315,0,2026-01-01T03:55:44Z
order_00008543,batch_0005,trader_0016,ETH-USD,BUY,1839.77,205,205,0,2026-01-01T02:22:22Z
order_00007308,batch_0005,trader_0010,ETH-USD,BUY,1839.68,162,162,0,2026-01-01T02:01:47Z
order_00012591,batch_0005,trader_0009,ETH-USD,BUY,1839.59,883,883,0,2026-01-01T03:29:50Z
order_00006883,batch_0005,trader_0011,ETH-USD,BUY,1839.58,8,8,0,2026-01-01T01:54:42Z
order_00011308,batch_0005,trader_0007,ETH-USD,BUY,1839.46,759,759,0,2026-01-01T03:08:27Z
order_00010134,batch_0005,trader_0002,ETH-USD,BUY,1839.35,98,98,0,2026-01-01T02:48:53Z
order_00007546,batch_0005,trader_0016,ETH-USD,BUY,1839.32,888,888,0,2026-01-01T02:05:45Z
order_00008177,batch_0005,trader_0014,ETH-USD,BUY,1839.09,514,514,0,2026-01-01T02:16:16Z
order_00007807,batch_0005,trader_0007,ETH-USD,BUY,1839.07,265,265,0,2026-01-01T02:10:06Z
order_00012260,batch_0005,trader_0001,ETH-USD,BUY,1839.07,289,289,0,2026-01-01T03:24:19Z
order_00012123,batch_0005,trader_0018,ETH-USD,BUY,1839.01,425,425,0,2026-01-01T03:22:02Z
order_00011564,batch_0005,trader_0009,ETH-USD,BUY,1838.97,31,31,0,2026-01-01T03:12:43Z
order_00015071,batch_0005,trader_0017,ETH-USD,BUY,1838.93,3,3,0,2026-01-01T04:11:10Z
order_00014456,batch_0005,trader_0015,ETH-USD,BUY,1838.78,510,510,0,2026-01-01T04:00:55Z
order_00009564,batch_0005,trader_0004,ETH-USD,BUY,1838.67,153,153,0,2026-01-01T02:39:23Z
order_00015961,batch_0005,trader_0005,ETH-USD,BUY,1838.54,672,672,0,2026-01-01T04:26:00Z
order_00007194,batch_0005,trader_0019,ETH-USD,BUY,1838.47,688,688,0,2026-01-01T01:59:53Z
order_00007492,batch_0005,trader_0003,ETH-USD,BUY,1838.47,719,719,0,2026-01-01T02:04:51Z
order_00013464,batch_0005,trader_0015,ETH-USD,BUY,1838.44,605,605,0,2026-01-01T03:44:23Z
order_00015305,batch_0005,trader_0024,ETH-USD,BUY,1838.37,131,131,0,2026-01-01T04:15:04Z
order_00010735,batch_0005,trader_0007,ETH-USD,BUY,1838.34,328,328,0,2026-01-01T02:58:54Z
order_00015090,batch_0005,trader_0011,ETH-USD,BUY,1838.26,481,481,0,2026-01-01T04:11:29Z
order_00007318,batch_0005,trader_0019,ETH-USD,BUY,1838.09,429,429,0,2026-01-01T02:01:57Z
order_00015785,batch_0005,trader_0015,ETH-USD,BUY,1838.05,469,469,0,2026-01-01T04:23:04Z
order_00016234,batch_0005,trader_0013,ETH-USD,BUY,1838.03,621,621,0,2026-01-01T04:30:33Z
order_00011228,batch_0005,trader_0023,ETH-USD,BUY,1838.01,966,966,0,2026-01-01T03:07:07Z
order_00007773,batch_0005,trader_0020,ETH-USD,BUY,1837.97,756,756,0,2026-01-01T02:09:32Z
order_00009309,batch_0005,trader_0003,ETH-USD,BUY,1837.92,954,954,0,2026-01-01T02:35:08Z
order_00008623,batch_0005,trader_0011,ETH-USD,BUY,1837.85,806,806,0,2026-01-01T02:23:42Z
order_00011945,batch_0005,trader_0002,ETH-USD,BUY,1837.8,389,389,0,2026-01-01T03:19:04Z
order_00011884,batch_0005,trader_0016,ETH-USD,BUY,1837.7,931,931,0,2026-01-01T03:18:03Z
order_00007475,batch_0005,trader_0020,ETH-USD,BUY,1837.57,481,481,0,2026-01-01T02:04:34Z
order_00014367,batch_0005,trader_0003,ETH-USD,BUY,1837.4,697,697,0,2026-01-01T03:59:26Z
order_00016372,batch_0005,trader_0018,ETH-USD,BUY,1837.35,554,554,0,2026-01-01T04:32:51Z
order_00007850,batch_0005,trader_0009,ETH-USD,BUY,1837.31,393,393,0,2026-01-01T02:10:49Z
order_00009860,batch_0005,trader_0012,ETH-USD,BUY,1837.13,81,81,0,2026-01-01T02:44:19Z
order_00015382,batch_0005,trader_0020,ETH-USD,BUY,1837.06,417,417,0,2026-01-01T04:16:21Z
order_00014690,batch_0005,trader_0015,ETH-USD,BUY,1836.97,84,84,0,2026-01-01T04:04:49Z
order_00007247,batch_0005,trader_0024,ETH-USD,BUY,1836.91,280,280,0,2026-01-01T02:00:46Z
order_00010832,batch_0005,trader_0009,ETH-USD,BUY,1836.72,516,516,0,2026-01-01T03:00:31Z
order_00012853,batch_0005,trader_0001,ETH-USD,BUY,1836.7,71,71,0,2026-01-01T03:34:12Z
order_00009143,batch_0005,trader_0006,ETH-USD,BUY,1836.62,960,960,0,2026-01-01T02:32:22Z
order_00011106,batch_0005,trader_0010,ETH-USD,BUY,1836.25,870,870,0,2026-01-01T03:05:05Z
order_00007016,batch_0005,trader_0024,ETH-USD,BUY,1836.19,308,308,0,2026-01-01T01:56:55Z
order_00014902,batch_0005,trader_0007,ETH-USD,BUY,1836.04,411,411,0,2026-01-01T04:08:21Z
order_00013118,batch_0005,trader_0006,ETH-USD,BUY,1836.01,262,262,0,2026-01-01T03:38:37Z
order_00010756,batch_0005,trader_0006,ETH-USD,BUY,1836.0,111,111,0,2026-01-01T02:59:15Z
order_00010603,batch_0005,trader_0022,ETH-USD,BUY,1835.83,758,758,0,2026-01-01T02:56:42Z
order_00016548,batch_0005,trader_0021,ETH-USD,BUY,1835.7,4,4,0,2026-01-01T04:35:47Z
order_00013867,batch_0005,trader_0001,ETH-USD,BUY,1835.6,553,553,0,2026-01-01T03:51:06Z
order_00015647,batch_0005,trader_0008,ETH-USD,BUY,1835.6,807,807,0,2026-01-01T04:20:46Z
order_00010525,batch_0005,trader_0023,ETH-USD,BUY,1835.58,199,199,0,2026-01-01T02:55:24Z
order_00008044,batch_0005,trader_0011,ETH-USD,BUY,1835.35,359,359,0,2026-01-01T02:14:03Z
order_00009224,batch_0005,trader_0002,ETH-USD,BUY,1835.33,786,786,0,2026-01-01T02:33:43Z
order_00011608,batch_0005,trader_0020,ETH-USD,BUY,1835.27,388,388,0,2026-01-01T03:13:27Z
order_00015253,batch_0005,trader_0002,ETH-USD,BUY,1835.27,548,548,0,2026-01-01T04:14:12Z
order_00014487,batch_0005,trader_0023,ETH-USD,BUY,1835.22,326,326,0,2026-01-01T04:01:26Z
order_00015618,batch_0005,trader_0013,ETH-USD,BUY,1835.18,509,509,0,2026-01-01T04:20:17Z
order_00008683,batch_0005,trader_0008,ETH-USD,BUY,1835.09,971,971,0,2026-01-01T02:24:42Z
order_00015207,batch_0005,trader_0025,ETH-USD,BUY,1835.07,612,612,0,2026-01-01T04:13:26Z
order_00016214,batch_0005,trader_0012,ETH-USD,BUY,1835.05,581,581,0,2026-01-01T04:30:13Z
order_00016208,batch_0005,trader_0021,ETH-USD,BUY,1834.85,635,635,0,2026-01-01T04:30:07Z
order_00011955,batch_0005,trader_0014,ETH-USD,BUY,1834.81,378,378,0,2026-01-01T03:19:14Z
order_00008098,batch_0005,trader_0022,ETH-USD,BUY,1834.79,284,284,0,2026-01-01T02:14:57Z
order_00008794,batch_0005,trader_0011,ETH-USD,BUY,1834.78,110,110,0,2026-01-01T02:26:33Z
order_00011885,batch_0005,trader_0011,ETH-USD,BUY,1834.63,829,829,0,2026-01-01T03:18:04Z
order_00006683,batch_0005,trader_0019,ETH-USD,BUY,1834.46,430,430,0,2026-01-01T01:51:22Z
order_00012747,batch_0005,trader_0008,ETH-USD,BUY,1834.32,552,552,0,2026-01-01T03:32:26Z
order_00011947,batch_0005,trader_0015,ETH-USD,BUY,1834.29,487,487,0,2026-01-01T03:19:06Z
order_00014197,batch_0005,trader_0010,ETH-USD,BUY,1834.29,566,566,0,2026-01-01T03:56:36Z
order_00016516,batch_0005,trader_0008,ETH-USD,BUY,1834.13,594,594,0,2026-01-01T04:35:15Z
order_00006671,batch_0005,trader_0022,ETH-USD,BUY,1834.07,5,5,0,2026-01-01T01:51:10Z
order_00014401,batch_0005,trader_0012,ETH-USD,BUY,1834.05,644,644,0,2026-01-01T04:00:00Z
order_00011522,batch_0005,trader_0018,ETH-USD,BUY,1833.97,812,812,0,2026-01-01T03:12:01Z
order_00011060,batch_0005,trader_0012,ETH-USD,BUY,1833.96,744,744,0,2026-01-01T03:04:19Z
order_00014864,batch_0005,trader_0001,ETH-USD,BUY,1833.73,49,49,0,2026-01-01T04:07:43Z
order_00008011,batch_0005,trader_0021,ETH-USD,BUY,1833.54,256,256,0,2026-01-01T02:13:30Z
order_00007655,batch_0005,trader_0014,ETH-USD,BUY,1833.53,240,240,0,2026-01-01T02:07:34Z
order_00010297,batch_0005,trader_0009,ETH-USD,BUY,1833.5,254,254,0,2026-01-01T02:51:36Z
order_00015718,batch_0005,trader_0014,ETH-USD,BUY,1833.47,359,359,0,2026-01-01T04:21:57Z
order_00014762,batch_0005,trader_0006,ETH-USD,BUY,1833.42,139,139,0,2026-01-01T04:06:01Z
order_00012292,batch_0005,trader_0010,ETH-USD,BUY,1833.39,632,632,0,2026-01-01T03:24:51Z
order_00011938,batch_0005,trader_0013,ETH-USD,BUY,1833.36,50,50,0,2026-01-01T03:18:57Z
order_00008977,batch_0005,trader_0010,ETH-USD,BUY,1833.35,289,289,0,2026-01-01T02:29:36Z
order_00009916,batch_0005,trader_0019,ETH-USD,BUY,1833.13,334,334,0,2026-01-01T02:45:15Z
order_00009766,batch_0005,trader_0016,ETH-USD,BUY,1833.08,971,971,0,2026-01-01T02:42:45Z
order_00009943,batch_0005,trader_0005,ETH-USD,BUY,1833.07,252,252,0,2026-01-01T02:45:42Z
order_00010481,batch_0005,trader_0024,ETH-USD,BUY,1832.98,449,449,0,2026-01-01T02:54:40Z
order_00012892,batch_0005,trader_0023,ETH-USD,BUY,1832.95,397,397,0,2026-01-01T03:34:51Z
order_00011000,batch_0005,trader_0005,ETH-USD,BUY,1832.61,132,132,0,2026-01-01T03:03:19Z
order_00011962,batch_0005,trader_0010,ETH-USD,BUY,1832.46,295,295,0,2026-01-01T03:19:21Z
order_00007883,batch_0005,trader_0025,ETH-USD,BUY,1832.32,85,85,0,2026-01-01T02:11:22Z
order_00013315,batch_0005,trader_0018,ETH-USD,BUY,1832.28,496,496,0,2026-01-01T03:41:54Z
order_00014270,batch_0005,trader_0009,ETH-USD,BUY,1832.25,240,240,0,2026-01-01T03:57:49Z
order_00011257,batch_0005,trader_0015,ETH-USD,BUY,1832.23,783,783,0,2026-01-01T03:07:36Z
order_00007939,batch_0005,trader_0020,ETH-USD,BUY,1832.21,364,364,0,2026-01-01T02:12:18Z
order_00016512,batch_0005,trader_0009,ETH-USD,BUY,1832.15,337,337,0,2026-01-01T04:35:11Z
order_00015489,batch_0005,trader_0001,ETH-USD,BUY,1832.11,216,216,0,2026-01-01T04:18:08Z
order_00011236,batch_0005,trader_0013,ETH-USD,BUY,1831.92,438,438,0,2026-01-01T03:07:15Z
order_00008414,batch_0005,trader_0018,ETH-USD,BUY,1831.89,616,616,0,2026-01-01T02:20:13Z
order_00013710,batch_0005,trader_0020,ETH-USD,BUY,1831.87,640,640,0,2026-01-01T03:48:29Z
order_00009229,batch_0005,trader_0015,ETH-USD,BUY,1831.79,819,819,0,2026-01-01T02:33:48Z
order_00013373,batch_0005,trader_0006,ETH-USD,BUY,1831.63,712,712,0,2026-01-01T03:42:52Z
order_00006701,batch_0005,trader_0024,ETH-USD,BUY,1831.62,760,760,0,2026-01-01T01:51:40Z
order_00007755,batch_0005,trader_0012,ETH-USD,BUY,1831.5,864,864,0,2026-01-01T02:09:14Z
order_00008483,batch_0005,trader_0020,ETH-USD,BUY,1831.48,73,73,0,2026-01-01T02:21:22Z
order_00015746,batch_0005,trader_0010,ETH-USD,BUY,1831.45,722,722,0,2026-01-01T04:22:25Z
order_00016269,batch_0005,trader_0011,ETH-USD,BUY,1831.44,765,765,0,2026-01-01T04:31:08Z
order_00007990,batch_0005,trader_0007,ETH-USD,BUY,1831.41,835,835,0,2026-01-01T02:13:09Z
order_00011550,batch_0005,trader_0008,ETH-USD,BUY,1831.37,942,942,0,2026-01-01T03:12:29Z
order_00007730,batch_0005,trader_0015,ETH-USD,BUY,1831.3,511,511,0,2026-01-01T02:08:49Z
order_00015793,batch_0005,trader_0001,ETH-USD,BUY,1831.27,432,432,0,2026-01-01T04:23:12Z
order_00011219,batch_0005,trader_0007,ETH-USD,BUY,1831.21,215,215,0,2026-01-01T03:06:58Z
order_00016461,batch_0005,trader_0019,ETH-USD,BUY,1831.18,668,668,0,2026-01-01T04:34:20Z
order_00012522,batch_0005,trader_0006,ETH-USD,BUY,1831.13,732,732,0,2026-01-01T03:28:41Z
order_00013243,batch_0005,trader_0010,ETH-USD,BUY,1831.13,219,219,0,2026-01-01T03:40:42Z
order_00006956,batch_0005,trader_0018,ETH-USD,BUY,1830.96,538,538,0,2026-01-01T01:55:55Z
order_00014311,batch_0005,trader_0016,ETH-USD,BUY,1830.77,119,119,0,2026-01-01T03:58:30Z
order_00010042,batch_0005,trader_0025,ETH-USD,BUY,1830.52,643,643,0,2026-01-01T02:47:21Z
order_00009058,batch_0005,trader_0006,ETH-USD,BUY,1830.41,143,143,0,2026-01-01T02:30:57Z
order_00014004,batch_0005,trader_0005,ETH-USD,BUY,1830.4,755,755,0,2026-01-01T03:53:23Z
order_00009187,batch_0005,trader_0013,ETH-USD,BUY,1830.1,232,232,0,2026-01-01T02:33:06Z
order_00013021,batch_0005,trader_0009,ETH-USD,BUY,1830.1,994,994,0,2026-01-01T03:37:00Z
order_00010151,batch_0005,trader_0015,ETH-USD,BUY,1830.02,138,138,0,2026-01-01T02:49:10Z
order_00008871,batch_0005,trader_0014,ETH-USD,BUY,1829.93,499,499,0,2026-01-01T02:27:50Z
order_00015597,batch_0005,trader_0011,ETH-USD,BUY,1829.92,80,80,0,2026-01-01T04:19:56Z
order_00015324,batch_0005,trader_0012,ETH-USD,BUY,1829.89,148,148,0,2026-01-01T04:15:23Z
order_00013613,batch_0005,trader_0013,ETH-USD,BUY,1829.71,762,762,0,2026-01-01T03:46:52Z
order_00006747,batch_0005,trader_0018,ETH-USD,BUY,1829.47,394,394,0,2026-01-01T01:52:26Z
order_00011951,batch_0005,trader_0023,ETH-USD,BUY,1829.44,568,568,0,2026-01-01T03:19:10Z
order_00006741,batch_0005,trader_0020,ETH-USD,BUY,1829.37,764,764,0,2026-01-01T01:52:20Z
order_00010697,batch_0005,trader_0007,ETH-USD,BUY,1829.28,222,222,0,2026-01-01T02:58:16Z
order_00009485,batch_0005,trader_0016,ETH-USD,BUY,1829.22,693,693,0,2026-01-01T02:38:04Z
order_00014248,batch_0005,trader_0014,ETH-USD,BUY,1829.14,282,282,0,2026-01-01T03:57:27Z
order_00006637,batch_0005,trader_0015,ETH-USD,BUY,1829.07,408,408,0,2026-01-01T01:50:36Z
order_00010966,batch_0005,trader_0012,ETH-USD,BUY,1829.02,265,265,0,2026-01-01T03:02:45Z
order_00008728,batch_0005,trader_0001,ETH-USD,BUY,1828.98,305,305,0,2026-01-01T02:25:27Z
order_00013438,batch_0005,trader_0004,ETH-USD,BUY,1828.86,380,380,0,2026-01-01T03:43:57Z
order_00011852,batch_0005,trader_0013,ETH-USD,BUY,1828.73,483,483,0,2026-01-01T03:17:31Z
order_00007361,batch_0005,trader_0011,ETH-USD,BUY,1828.63,584,584,0,2026-01-01T02:02:40Z
order_00012612,batch_0005,trader_0011,ETH-USD,BUY,1828.58,607,607,0,2026-01-01T03:30:11Z
order_00014236,batch_0005,trader_0007,ETH-USD,BUY,1828.49,21,21,0,2026-01-01T03:57:15Z
order_00015758,batch_0005,trader_0001,ETH-USD,BUY,1828.21,400,400,0,2026-01-01T04:22:37Z
order_00008680,batch_0005,trader_0019,ETH-USD,BUY,1828.17,426,426,0,2026-01-01T02:24:39Z
order_00014530,batch_0005,trader_0021,ETH-USD,BUY,1828.13,231,231,0,2026-01-01T04:02:09Z
order_00013717,batch_0005,trader_0014,ETH-USD,BUY,1828.02,910,910,0,2026-01-01T03:48:36Z
order_00011309,batch_0005,trader_0011,ETH-USD,BUY,1827.8,536,536,0,2026-01-01T03:08:28Z
order_00007343,batch_0005,trader_0004,ETH-USD,BUY,1827.7,252,252,0,2026-01-01T02:02:22Z
order_00008605,batch_0005,trader_0007,ETH-USD,BUY,1827.68,218,218,0,2026-01-01T02:23:24Z
order_00015472,batch_0005,trader_0020,ETH-USD,BUY,1827.54,811,811,0,2026-01-01T04:17:51Z
order_00015007,batch_0005,trader_0011,ETH-USD,BUY,1827.38,955,955,0,2026-01-01T04:10:06Z
order_00008533,batch_0005,trader_0018,ETH-USD,BUY,1827.35,382,382,0,2026-01-01T02:22:12Z
order_00009488,batch_0005,trader_0006,ETH-USD,BUY,1827.32,109,109,0,2026-01-01T02:38:07Z
order_00015936,batch_0005,trader_0005,ETH-USD,BUY,1827.32,621,621,0,2026-01-01T04:25:35Z
order_00015163,batch_0005,trader_0009,ETH-USD,BUY,1827.3,769,769,0,2026-01-01T04:12:42Z
order_00014712,batch_0005,trader_0010,ETH-USD,BUY,1827.29,530,530,0,2026-01-01T04:05:11Z
order_00015859,batch_0005,trader_0001,ETH-USD,BUY,1827.26,430,430,0,2026-01-01T04:24:18Z
order_00013940,batch_0005,trader_0006,ETH-USD,BUY,1827.18,399,399,0,2026-01-01T03:52:19Z
order_00015897,batch_0005,trader_0010,ETH-USD,BUY,1827.18,643,643,0,2026-01-01T04:24:56Z
order_00011120,batch_0005,trader_0003,ETH-USD,BUY,1827.11,646,646,0,2026-01-01T03:05:19Z
order_00015063,batch_0005,trader_0022,ETH-USD,BUY,1826.9,904,904,0,2026-01-01T04:11:02Z
order_00007974,batch_0005,trader_0003,ETH-USD,BUY,1826.89,364,364,0,2026-01-01T02:12:53Z
order_00011706,batch_0005,trader_0008,ETH-USD,BUY,1826.86,581,581,0,2026-01-01T03:15:05Z
order_00008902,batch_0005,trader_0011,ETH-USD,BUY,1826.85,739,739,0,2026-01-01T02:28:21Z
order_00011052,batch_0005,trader_0023,ETH-USD,BUY,1826.82,809,809,0,2026-01-01T03:04:11Z
order_00016410,batch_0005,trader_0022,ETH-USD,BUY,1826.69,866,866,0,2026-01-01T04:33:29Z
order_00007450,batch_0005,trader_0011,ETH-USD,BUY,1826.61,45,45,0,2026-01-01T02:04:09Z
order_00015168,batch_0005,trader_0002,ETH-USD,BUY,1826.55,953,953,0,2026-01-01T04:12:47Z
order_00016122,batch_0005,trader_0009,ETH-USD,BUY,1826.54,629,629,0,2026-01-01T04:28:41Z
order_00007069,batch_0005,trader_0012,ETH-USD,BUY,1826.44,240,240,0,2026-01-01T01:57:48Z
order_00014193,batch_0005,trader_0016,ETH-USD,BUY,1826.42,98,98,0,2026-01-01T03:56:32Z
order_00014175,batch_0005,trader_0014,ETH-USD,BUY,1826.36,216,216,0,2026-01-01T03:56:14Z
order_00008440,batch_0005,trader_0016,ETH-USD,BUY,1826.33,934,934,0,2026-01-01T02:20:39Z
order_00013842,batch_0005,trader_0002,ETH-USD,BUY,1826.33,428,428,0,2026-01-01T03:50:41Z
order_00014074,batch_0005,trader_0021,ETH-USD,BUY,1826.31,300,300,0,2026-01-01T03:54:33Z
order_00007441,batch_0005,trader_0002,ETH-USD,BUY,1826.27,424,424,0,2026-01-01T02:04:00Z
order_00014429,batch_0005,trader_0025,ETH-USD,BUY,1826.07,201,201,0,2026-01-01T04:00:28Z
order_00015104,batch_0005,trader_0003,ETH-USD,BUY,1826.05,788,788,0,2026-01-01T04:11:43Z
order_00015279,batch_0005,trader_0009,ETH-USD,BUY,1825.92,335,335,0,2026-01-01T04:14:38Z
order_00011553,batch_0005,trader_0023,ETH-USD,BUY,1825.86,996,996,0,2026-01-01T03:12:32Z
order_00010221,batch_0005,trader_0019,ETH-USD,BUY,1825.69,778,778,0,2026-01-01T02:50:20Z
order_00007325,batch_0005,trader_0024,ETH-USD,BUY,1825.6,505,505,0,2026-01-01T02:02:04Z
order_00007579,batch_0005,trader_0017,ETH-USD,BUY,1825.52,14,14,0,2026-01-01T02:06:18Z
order_00015482,batch_0005,trader_0016,ETH-USD,BUY,1825.52,334,334,0,2026-01-01T04:18:01Z
order_00015912,batch_0005,trader_0003,ETH-USD,BUY,1825.47,136,136,0,2026-01-01T04:25:11Z
order_00013248,batch_0005,trader_0022,ETH-USD,BUY,1825.42,766,766,0,2026-01-01T03:40:47Z
order_00009494,batch_0005,trader_0003,ETH-USD,BUY,1825.39,659,659,0,2026-01-01T02:38:13Z
order_00013061,batch_0005,trader_0002,ETH-USD,BUY,1825.38,499,499,0,2026-01-01T03:37:40Z
order_00016193,batch_0005,trader_0020,ETH-USD,BUY,1825.21,64,64,0,2026-01-01T04:29:52Z
order_00010219,batch_0005,trader_0021,ETH-USD,BUY,1825.07,433,433,0,2026-01-01T02:50:18Z
order_00012713,batch_0005,trader_0019,ETH-USD,BUY,1824.96,208,208,0,2026-01-01T03:31:52Z
order_00014872,batch_0005,trader_0001,ETH-USD,BUY,1824.94,512,512,0,2026-01-01T04:07:51Z
order_00007179,batch_0005,trader_0003,ETH-USD,BUY,1824.83,746,746,0,2026-01-01T01:59:38Z
order_00007321,batch_0005,trader_0002,ETH-USD,BUY,1824.72,619,619,0,2026-01-01T02:02:00Z
order_00007826,batch_0005,trader_0022,ETH-USD,BUY,1824.53,829,829,0,2026-01-01T02:10:25Z
order_00015755,batch_0005,trader_0004,ETH-USD,BUY,1824.47,8,8,0,2026-01-01T04:22:34Z
order_00012389,batch_0005,trader_0007,ETH-USD,BUY,1824.33,133,133,0,2026-01-01T03:26:28Z
order_00009322,batch_0005,trader_0021,ETH-USD,BUY,1824.31,796,796,0,2026-01-01T02:35:21Z
order_00012353,batch_0005,trader_0012,ETH-USD,BUY,1824.23,552,552,0,2026-01-01T03:25:52Z
order_00012163,batch_0005,trader_0007,ETH-USD,BUY,1824.21,433,433,0,2026-01-01T03:22:42Z
order_00010073,batch_0005,trader_0023,ETH-USD,BUY,1824.18,109,109,0,2026-01-01T02:47:52Z
order_00009137,batch_0005,trader_0007,ETH-USD,BUY,1824.02,153,153,0,2026-01-01T02:32:16Z
order_00008244,batch_0005,trader_0004,ETH-USD,BUY,1823.87,999,999,0,2026-01-01T02:17:23Z
order_00015574,batch_0005,trader_0012,ETH-USD,BUY,1823.83,807,807,0,2026-01-01T04:19:33Z
order_00008556,batch_0005,trader_0001,ETH-USD,BUY,1823.78,688,688,0,2026-01-01T02:22:35Z
order_00013268,batch_0005,trader_0020,ETH-USD,BUY,1823.78,135,135,0,2026-01-01T03:41:07Z
order_00011287,batch_0005,trader_0002,ETH-USD,BUY,1823.74,108,108,0,2026-01-01T03:08:06Z
order_00013713,batch_0005,trader_0023,ETH-USD,BUY,1823.68,354,354,0,2026-01-01T03:48:32Z
order_00007238,batch_0005,trader_0009,ETH-USD,BUY,1823.6,614,614,0,2026-01-01T02:00:37Z
order_00014084,batch_0005,trader_0019,ETH-USD,BUY,1823.53,130,130,0,2026-01-01T03:54:43Z
order_00012922,batch_0005,trader_0017,ETH-USD,BUY,1823.46,166,166,0,2026-01-01T03:35:21Z
order_00016424,batch_0005,trader_0016,ETH-USD,BUY,1823.36,776,776,0,2026-01-01T04:33:43Z
order_00009339,batch_0005,trader_0005,ETH-USD,BUY,1823.34,232,232,0,2026-01-01T02:35:38Z
order_00011879,batch_0005,trader_0004,ETH-USD,BUY,1823.33,551,551,0,2026-01-01T03:17:58Z
order_00011297,batch_0005,trader_0010,ETH-USD,BUY,1823.22,748,748,0,2026-01-01T03:08:16Z
order_00012974,batch_0005,trader_0022,ETH-USD,BUY,1823.19,362,362,0,2026-01-01T03:36:13Z
order_00013401,batch_0005,trader_0010,ETH-USD,BUY,1823.18,229,229,0,2026-01-01T03:43:20Z
order_00008547,batch_0005,trader_0012,ETH-USD,BUY,1823.03,681,681,0,2026-01-01T02:22:26Z
order_00014852,batch_0005,trader_0014,ETH-USD,BUY,1822.94,674,674,0,2026-01-01T04:07:31Z
order_00009677,batch_0005,trader_0017,ETH-USD,BUY,1822.85,178,178,0,2026-01-01T02:41:16Z
order_00015863,batch_0005,trader_0024,ETH-USD,BUY,1822.7,71,71,0,2026-01-01T04:24:22Z
order_00009549,batch_0005,trader_0025,ETH-USD,BUY,1822.63,870,870,0,2026-01-01T02:39:08Z
order_00009963,batch_0005,trader_0015,ETH-USD,BUY,1822.43,838,838,0,2026-01-01T02:46:02Z
order_00009791,batch_0005,trader_0012,ETH-USD,BUY,1822.37,991,991,0,2026-01-01T02:43:10Z
order_00013668,batch_0005,trader_0001,ETH-USD,BUY,1822.29,720,720,0,2026-01-01T03:47:47Z
order_00008565,batch_0005,trader_0006,ETH-USD,BUY,1822.27,414,414,0,2026-01-01T02:22:44Z
order_00006720,batch_0005,trader_0007,ETH-USD,BUY,1822.2,205,205,0,2026-01-01T01:51:59Z
order_00009789,batch_0005,trader_0017,ETH-USD,BUY,1822.19,931,931,0,2026-01-01T02:43:08Z
order_00013194,batch_0005,trader_0011,ETH-USD,BUY,1821.93,927,927,0,2026-01-01T03:39:53Z
order_00015299,batch_0005,trader_0013,ETH-USD,BUY,1821.87,7,7,0,2026-01-01T04:14:58Z
order_00007116,batch_0005,trader_0019,ETH-USD,BUY,1821.8,764,764,0,2026-01-01T01:58:35Z
order_00011959,batch_0005,trader_0014,ETH-USD,BUY,1821.73,101,101,0,2026-01-01T03:19:18Z
order_00012090,batch_0005,trader_0001,ETH-USD,BUY,1821.63,666,666,0,2026-01-01T03:21:29Z
order_00008961,batch_0005,trader_0003,ETH-USD,BUY,1821.48,686,686,0,2026-01-01T02:29:20Z
order_00012018,batch_0005,trader_0018,ETH-USD,BUY,1821.41,385,385,0,2026-01-01T03:20:17Z
order_00015327,batch_0005,trader_0023,ETH-USD,BUY,1821.35,419,419,0,2026-01-01T04:15:26Z
order_00009114,batch_0005,trader_0018,ETH-USD,BUY,1821.34,640,640,0,2026-01-01T02:31:53Z
order_00016119,batch_0005,trader_0016,ETH-USD,BUY,1821.31,179,179,0,2026-01-01T04:28:38Z
order_00012323,batch_0005,trader_0021,ETH-USD,BUY,1821.2,413,413,0,2026-01-01T03:25:22Z
order_00009976,batch_0005,trader_0019,ETH-USD,BUY,1821.17,892,892,0,2026-01-01T02:46:15Z
order_00014540,batch_0005,trader_0006,ETH-USD,BUY,1820.99,686,686,0,2026-01-01T04:02:19Z
order_00006834,batch_0005,trader_0013,ETH-USD,BUY,1820.94,371,371,0,2026-01-01T01:53:53Z
order_00006775,batch_0005,trader_0023,ETH-USD,BUY,1820.93,507,507,0,2026-01-01T01:52:54Z
order_00014556,batch_0005,trader_0021,ETH-USD,BUY,1820.89,741,741,0,2026-01-01T04:02:35Z
order_00012550,batch_0005,trader_0010,ETH-USD,BUY,1820.72,568,568,0,2026-01-01T03:29:09Z
order_00010402,batch_0005,trader_0025,ETH-USD,BUY,1820.67,349,349,0,2026-01-01T02:53:21Z
order_00015190,batch_0005,trader_0014,ETH-USD,BUY,1820.61,496,496,0,2026-01-01T04:13:09Z
order_00008963,batch_0005,trader_0004,ETH-USD,BUY,1820.4,481,481,0,2026-01-01T02:29:22Z
order_00011007,batch_0005,trader_0023,ETH-USD,BUY,1820.38,643,643,0,2026-01-01T03:03:26Z
order_00011214,batch_0005,trader_0022,ETH-USD,BUY,1820.22,396,396,0,2026-01-01T03:06:53Z
order_00007760,batch_0005,trader_0024,ETH-USD,BUY,1819.95,271,271,0,2026-01-01T02:09:19Z
order_00012037,batch_0005,trader_0007,ETH-USD,BUY,1819.85,518,518,0,2026-01-01T03:20:36Z
order_00006872,batch_0005,trader_0023,ETH-USD,BUY,1819.79,535,535,0,2026-01-01T01:54:31Z
order_00015474,batch_0005,trader_0021,ETH-USD,BUY,1819.75,735,735,0,2026-01-01T04:17:53Z
order_00011658,batch_0005,trader_0018,ETH-USD,BUY,1819.65,560,560,0,2026-01-01T03:14:17Z
order_00014503,batch_0005,trader_0022,ETH-USD,BUY,1819.61,814,814,0,2026-01-01T04:01:42Z
order_00010010,batch_0005,trader_0007,ETH-USD,BUY,1819.58,479,479,0,2026-01-01T02:46:49Z
order_00008349,batch_0005,trader_0013,ETH-USD,BUY,1819.42,855,855,0,2026-01-01T02:19:08Z
order_00007281,batch_0005,trader_0011,ETH-USD,BUY,1819.39,746,746,0,2026-01-01T02:01:20Z
order_00008965,batch_0005,trader_0012,ETH-USD,BUY,1819.23,382,382,0,2026-01-01T02:29:24Z
order_00013875,batch_0005,trader_0008,ETH-USD,BUY,1819.19,614,614,0,2026-01-01T03:51:14Z
order_00015425,batch_0005,trader_0021,ETH-USD,BUY,1819.18,463,463,0,2026-01-01T04:17:04Z
order_00016066,batch_0005,trader_0001,ETH-USD,BUY,1819.14,539,539,0,2026-01-01T04:27:45Z
order_00015805,batch_0005,trader_0016,ETH-USD,BUY,1818.98,8,8,0,2026-01-01T04:23:24Z
order_00015055,batch_0005,trader_0017,ETH-USD,BUY,1818.9,972,972,0,2026-01-01T04:10:54Z
order_00015020,batch_0005,trader_0019,ETH-USD,BUY,1818.86,141,141,0,2026-01-01T04:10:19Z
order_00006974,batch_0005,trader_0019,ETH-USD,BUY,1818.83,122,122,0,2026-01-01T01:56:13Z
order_00016370,batch_0005,trader_0003,ETH-USD,BUY,1818.67,538,538,0,2026-01-01T04:32:49Z
order_00008988,batch_0005,trader_0012,ETH-USD,BUY,1818.57,674,674,0,2026-01-01T02:29:47Z
order_00014814,batch_0005,trader_0012,ETH-USD,BUY,1818.55,439,439,0,2026-01-01T04:06:53Z
order_00008248,batch_0005,trader_0019,ETH-USD,BUY,1818.48,495,495,0,2026-01-01T02:17:27Z
order_00007718,batch_0005,trader_0001,ETH-USD,BUY,1818.47,189,189,0,2026-01-01T02:08:37Z
order_00009539,batch_0005,trader_0013,ETH-USD,BUY,1818.39,667,667,0,2026-01-01T02:38:58Z
order_00013035,batch_0005,trader_0010,ETH-USD,BUY,1818.14,200,200,0,2026-01-01T03:37:14Z
order_00013559,batch_0005,trader_0002,ETH-USD,BUY,1817.98,230,230,0,2026-01-01T03:45:58Z
order_00008304,batch_0005,trader_0008,ETH-USD,BUY,1817.84,243,243,0,2026-01-01T02:18:23Z
order_00016054,batch_0005,trader_0011,ETH-USD,BUY,1817.76,338,338,0,2026-01-01T04:27:33Z
order_00016018,batch_0005,trader_0001,ETH-USD,BUY,1817.66,703,703,0,2026-01-01T04:26:57Z
order_00013518,batch_0005,trader_0006,ETH-USD,BUY,1817.64,862,862,0,2026-01-01T03:45:17Z
order_00013476,batch_0005,trader_0001,ETH-USD,BUY,1817.5,424,424,0,2026-01-01T03:44:35Z
order_00010618,batch_0005,trader_0002,ETH-USD,BUY,1817.44,15,15,0,2026-01-01T02:56:57Z
order_00008841,batch_0005,trader_0013,ETH-USD,BUY,1817.29,987,987,0,2026-01-01T02:27:20Z
order_00013356,batch_0005,trader_0001,ETH-USD,BUY,1817.19,790,790,0,2026-01-01T03:42:35Z
order_00013127,batch_0005,trader_0013,ETH-USD,BUY,1817.12,924,924,0,2026-01-01T03:38:46Z
order_00006912,batch_0005,trader_0007,ETH-USD,BUY,1816.89,937,937,0,2026-01-01T01:55:11Z
order_00012347,batch_0005,trader_0006,ETH-USD,BUY,1816.82,502,502,0,2026-01-01T03:25:46Z
order_00007585,batch_0005,trader_0016,ETH-USD,BUY,1816.74,908,908,0,2026-01-01T02:06:24Z
order_00014484,batch_0005,trader_0004,ETH-USD,BUY,1816.7,744,744,0,2026-01-01T04:01:23Z
order_00008087,batch_0005,trader_0017,ETH-USD,BUY,1816.69,215,215,0,2026-01-01T02:14:46Z
order_00012444,batch_0005,trader_0009,ETH-USD,BUY,1816.69,948,948,0,2026-01-01T03:27:23Z
order_00015311,batch_0005,trader_0001,ETH-USD,BUY,1816.64,935,935,0,2026-01-01T04:15:10Z
order_00015561,batch_0005,trader_0021,ETH-USD,BUY,1816.6,425,425,0,2026-01-01T04:19:20Z
order_00015995,batch_0005,trader_0010,ETH-USD,BUY,1816.6,690,690,0,2026-01-01T04:26:34Z
order_00010760,batch_0005,trader_0011,ETH-USD,BUY,1816.58,311,311,0,2026-01-01T02:59:19Z
order_00011782,batch_0005,trader_0010,ETH-USD,BUY,1816.57,44,44,0,2026-01-01T03:16:21Z
order_00013312,batch_0005,trader_0010,ETH-USD,BUY,1816.57,172,172,0,2026-01-01T03:41:51Z
order_00012501,batch_0005,trader_0002,ETH-USD,BUY,1816.52,127,127,0,2026-01-01T03:28:20Z
order_00015869,batch_0005,trader_0012,ETH-USD,BUY,1816.51,244,244,0,2026-01-01T04:24:28Z
order_00014505,batch_0005,trader_0012,ETH-USD,BUY,1816.41,596,596,0,2026-01-01T04:01:44Z
order_00009616,batch_0005,trader_0015,ETH-USD,BUY,1816.38,571,571,0,2026-01-01T02:40:15Z
order_00015830,batch_0005,trader_0014,ETH-USD,BUY,1816.38,347,347,0,2026-01-01T04:23:49Z
order_00015632,batch_0005,trader_0010,ETH-USD,BUY,1816.36,288,288,0,2026-01-01T04:20:31Z
order_00007480,batch_0005,trader_0020,ETH-USD,BUY,1816.28,304,304,0,2026-01-01T02:04:39Z
order_00015526,batch_0005,trader_0007,ETH-USD,BUY,1816.25,697,697,0,2026-01-01T04:18:45Z
order_00016485,batch_0005,trader_0004,ETH-USD,BUY,1816.05,80,80,0,2026-01-01T04:34:44Z
order_00013766,batch_0005,trader_0009,ETH-USD,BUY,1816.04,470,470,0,2026-01-01T03:49:25Z
order_00007352,batch_0005,trader_0024,ETH-USD,BUY,1816.02,23,23,0,2026-01-01T02:02:31Z
order_00012264,batch_0005,trader_0003,ETH-USD,BUY,1815.77,270,270,0,2026-01-01T03:24:23Z
order_00013187,batch_0005,trader_0024,ETH-USD,BUY,1815.27,599,599,0,2026-01-01T03:39:46Z
order_00015960,batch_0005,trader_0025,ETH-USD,BUY,1815.22,142,142,0,2026-01-01T04:25:59Z
order_00015243,batch_0005,trader_0021,ETH-USD,BUY,1814.86,341,341,0,2026-01-01T04:14:02Z
order_00014791,batch_0005,trader_0015,ETH-USD,BUY,1814.82,372,372,0,2026-01-01T04:06:30Z
order_00011322,batch_0005,trader_0025,ETH-USD,BUY,1814.78,475,475,0,2026-01-01T03:08:41Z
order_00015335,batch_0005,trader_0013,ETH-USD,BUY,1814.77,484,484,0,2026-01-01T04:15:34Z
order_00008621,batch_0005,trader_0001,ETH-USD,BUY,1814.48,857,857,0,2026-01-01T02:23:40Z
order_00013151,batch_0005,trader_0004,ETH-USD,BUY,1814.48,570,570,0,2026-01-01T03:39:10Z
order_00007580,batch_0005,trader_0009,ETH-USD,BUY,1814.45,641,641,0,2026-01-01T02:06:19Z
order_00014891,batch_0005,trader_0006,ETH-USD,BUY,1814.41,335,335,0,2026-01-01T04:08:10Z
order_00012893,batch_0005,trader_0015,ETH-USD,BUY,1814.34,413,413,0,2026-01-01T03:34:52Z
order_00014958,batch_0005,trader_0015,ETH-USD,BUY,1814.2,16,16,0,2026-01-01T04:09:17Z
order_00015604,batch_0005,trader_0004,ETH-USD,BUY,1814.19,142,142,0,2026-01-01T04:20:03Z
order_00008193,batch_0005,trader_0013,ETH-USD,BUY,1814.11,768,768,0,2026-01-01T02:16:32Z
order_00011798,batch_0005,trader_0002,ETH-USD,BUY,1814.09,623,623,0,2026-01-01T03:16:37Z
order_00009689,batch_0005,trader_0025,ETH-USD,BUY,1813.97,65,65,0,2026-01-01T02:41:28Z
order_00014682,batch_0005,trader_0002,ETH-USD,BUY,1813.97,264,264,0,2026-01-01T04:04:41Z
order_00014630,batch_0005,trader_0012,ETH-USD,BUY,1813.93,337,337,0,2026-01-01T04:03:49Z
order_00007510,batch_0005,trader_0024,ETH-USD,BUY,1813.75,831,831,0,2026-01-01T02:05:09Z
order_00011783,batch_0005,trader_0021,ETH-USD,BUY,1813.57,309,309,0,2026-01-01T03:16:22Z
order_00012143,batch_0005,trader_0011,ETH-USD,BUY,1813.45,190,190,0,2026-01-01T03:22:22Z
order_00010604,batch_0005,trader_0023,ETH-USD,BUY,1813.44,182,182,0,2026-01-01T02:56:43Z
order_00010954,batch_0005,trader_0008,ETH-USD,BUY,1813.43,683,683,0,2026-01-01T03:02:33Z
order_00011757,batch_0005,trader_0018,ETH-USD,BUY,1813.34,221,221,0,2026-01-01T03:15:56Z
order_00014282,batch_0005,trader_0012,ETH-USD,BUY,1813.23,212,212,0,2026-01-01T03:58:01Z
order_00010311,batch_0005,trader_0005,ETH-USD,BUY,1813.22,803,803,0,2026-01-01T02:51:50Z
order_00014302,batch_0005,trader_0001,ETH-USD,BUY,1813.15,900,900,0,2026-01-01T03:58:21Z
order_00014572,batch_0005,trader_0024,ETH-USD,BUY,1813.15,613,613,0,2026-01-01T04:02:51Z
order_00007494,batch_0005,trader_0013,ETH-USD,BUY,1813.08,517,517,0,2026-01-01T02:04:53Z
order_00011853,batch_0005,trader_0022,ETH-USD,BUY,1813.05,315,315,0,2026-01-01T03:17:32Z
order_00015963,batch_0005,trader_0010,ETH-USD,BUY,1812.82,286,286,0,2026-01-01T04:26:02Z
order_00010063,batch_0005,trader_0019,ETH-USD,BUY,1812.66,361,361,0,2026-01-01T02:47:42Z
order_00014308,batch_0005,trader_0013,ETH-USD,BUY,1812.55,608,608,0,2026-01-01T03:58:27Z
order_00007831,batch_0005,trader_0023,ETH-USD,BUY,1812.33,685,685,0,2026-01-01T02:10:30Z
order_00009204,batch_0005,trader_0025,ETH-USD,BUY,1812.25,865,865,0,2026-01-01T02:33:23Z
order_00008034,batch_0005,trader_0007,ETH-USD,BUY,1812.19,150,150,0,2026-01-01T02:13:53Z
order_00009376,batch_0005,trader_0007,ETH-USD,BUY,1812.05,297,297,0,2026-01-01T02:36:15Z
order_00012766,batch_0005,trader_0024,ETH-USD,BUY,1811.92,993,993,0,2026-01-01T03:32:45Z
order_00014343,batch_0005,trader_0016,ETH-USD,BUY,1811.91,317,317,0,2026-01-01T03:59:02Z
order_00011987,batch_0005,trader_0008,ETH-USD,BUY,1811.85,167,167,0,2026-01-01T03:19:46Z
order_00010415,batch_0005,trader_0006,ETH-USD,BUY,1811.82,636,636,0,2026-01-01T02:53:34Z
order_00013082,batch_0005,trader_0022,ETH-USD,BUY,1811.74,566,566,0,2026-01-01T03:38:01Z
order_00008049,batch_0005,trader_0006,ETH-USD,BUY,1811.47,566,566,0,2026-01-01T02:14:08Z
order_00013135,batch_0005,trader_0014,ETH-USD,BUY,1811.47,798,798,0,2026-01-01T03:38:54Z
order_00015774,batch_0005,trader_0015,ETH-USD,BUY,1811.43,640,640,0,2026-01-01T04:22:53Z
order_00015029,batch_0005,trader_0013,ETH-USD,BUY,1811.39,988,988,0,2026-01-01T04:10:28Z
order_00009994,batch_0005,trader_0020,ETH-USD,BUY,1811.17,512,512,0,2026-01-01T02:46:33Z
order_00011285,batch_0005,trader_0011,ETH-USD,BUY,1811.09,599,599,0,2026-01-01T03:08:04Z
order_00013592,batch_0005,trader_0011,ETH-USD,BUY,1811.08,808,808,0,2026-01-01T03:46:31Z
order_00007722,batch_0005,trader_0021,ETH-USD,BUY,1811.03,814,814,0,2026-01-01T02:08:41Z
order_00015336,batch_0005,trader_0024,ETH-USD,BUY,1810.98,231,231,0,2026-01-01T04:15:35Z
order_00008610,batch_0005,trader_0007,ETH-USD,BUY,1810.93,275,275,0,2026-01-01T02:23:29Z
order_00009813,batch_0005,trader_0014,ETH-USD,BUY,1810.7,341,341,0,2026-01-01T02:43:32Z
order_00013505,batch_0005,trader_0011,ETH-USD,BUY,1810.7,615,615,0,2026-01-01T03:45:04Z
order_00016242,batch_0005,trader_0006,ETH-USD,BUY,1810.64,906,906,0,2026-01-01T04:30:41Z
order_00014983,batch_0005,trader_0021,ETH-USD,BUY,1810.55,303,303,0,2026-01-01T04:09:42Z
order_00012211,batch_0005,trader_0012,ETH-USD,BUY,1810.46,120,120,0,2026-01-01T03:23:30Z
order_00007168,batch_0005,trader_0022,ETH-USD,BUY,1810.23,689,689,0,2026-01-01T01:59:27Z
order_00011253,batch_0005,trader_0012,ETH-USD,BUY,1810.21,675,675,0,2026-01-01T03:07:32Z
order_00011457,batch_0005,trader_0002,ETH-USD,BUY,1810.06,860,860,0,2026-01-01T03:10:56Z
order_00011428,batch_0005,trader_0013,ETH-USD,BUY,1809.98,442,442,0,2026-01-01T03:10:27Z
order_00008322,batch_0005,trader_0007,ETH-USD,BUY,1809.89,697,697,0,2026-01-01T02:18:41Z
order_00012441,batch_0005,trader_0024,ETH-USD,BUY,1809.81,526,526,0,2026-01-01T03:27:20Z
order_00008717,batch_0005,trader_0023,ETH-USD,BUY,1809.72,264,264,0,2026-01-01T02:25:16Z
order_00009108,batch_0005,trader_0018,ETH-USD,BUY,1809.61,423,423,0,2026-01-01T02:31:47Z
order_00010496,batch_0005,trader_0015,ETH-USD,BUY,1809.52,805,805,0,2026-01-01T02:54:55Z
order_00013931,batch_0005,trader_0010,ETH-USD,BUY,1809.45,359,359,0,2026-01-01T03:52:10Z
order_00016209,batch_0005,trader_0007,ETH-USD,BUY,1809.4,199,199,0,2026-01-01T04:30:08Z
order_00006758,batch_0005,trader_0009,ETH-USD,BUY,1809.32,139,139,0,2026-01-01T01:52:37Z
order_00012497,batch_0005,trader_0018,ETH-USD,BUY,1809.29,952,952,0,2026-01-01T03:28:16Z
order_00007626,batch_0005,trader_0006,ETH-USD,BUY,1809.26,352,352,0,2026-01-01T02:07:05Z
order_00010740,batch_0005,trader_0022,ETH-USD,BUY,1809.26,878,878,0,2026-01-01T02:58:59Z
order_00010276,batch_0005,trader_0023,ETH-USD,BUY,1809.19,910,910,0,2026-01-01T02:51:15Z
order_00009181,batch_0005,trader_0008,ETH-USD,BUY,1809.17,163,163,0,2026-01-01T02:33:00Z
order_00009384,batch_0005,trader_0006,ETH-USD,BUY,1809.14,382,382,0,2026-01-01T02:36:23Z
order_00009195,batch_0005,trader_0012,ETH-USD,BUY,1809.08,473,473,0,2026-01-01T02:33:14Z
order_00007938,batch_0005,trader_0016,ETH-USD,BUY,1809.01,154,154,0,2026-01-01T02:12:17Z
order_00010294,batch_0005,trader_0017,ETH-USD,BUY,1808.93,479,479,0,2026-01-01T02:51:33Z
order_00014328,batch_0005,trader_0019,ETH-USD,BUY,1808.85,968,968,0,2026-01-01T03:58:47Z
order_00015534,batch_0005,trader_0022,ETH-USD,BUY,1808.76,292,292,0,2026-01-01T04:18:53Z
order_00011355,batch_0005,trader_0004,ETH-USD,BUY,1808.72,506,506,0,2026-01-01T03:09:14Z
order_00011960,batch_0005,trader_0010,ETH-USD,BUY,1808.68,434,434,0,2026-01-01T03:19:19Z
order_00012033,batch_0005,trader_0024,ETH-USD,BUY,1808.5,579,579,0,2026-01-01T03:20:32Z
order_00009118,batch_0005,trader_0021,ETH-USD,BUY,1808.47,470,470,0,2026-01-01T02:31:57Z
order_00009730,batch_0005,trader_0021,ETH-USD,BUY,1808.46,91,91,0,2026-01-01T02:42:09Z
order_00015700,batch_0005,trader_0011,ETH-USD,BUY,1808.46,200,200,0,2026-01-01T04:21:39Z
order_00015984,batch_0005,trader_0018,ETH-USD,BUY,1808.38,211,211,0,2026-01-01T04:26:23Z
order_00007276,batch_0005,trader_0025,ETH-USD,BUY,1808.34,787,787,0,2026-01-01T02:01:15Z
order_00013138,batch_0005,trader_0023,ETH-USD,BUY,1808.34,416,416,0,2026-01-01T03:38:57Z
order_00013523,batch_0005,trader_0019,ETH-USD,BUY,1808.27,822,822,0,2026-01-01T03:45:22Z
order_00013829,batch_0005,trader_0017,ETH-USD,BUY,1808.26,422,422,0,2026-01-01T03:50:28Z
order_00007287,batch_0005,trader_0009,ETH-USD,BUY,1808.2,651,651,0,2026-01-01T02:01:26Z
order_00008262,batch_0005,trader_0009,ETH-USD,BUY,1808.17,699,699,0,2026-01-01T02:17:41Z
order_00013238,batch_0005,trader_0018,ETH-USD,BUY,1807.97,159,159,0,2026-01-01T03:40:37Z
order_00013905,batch_0005,trader_0014,ETH-USD,BUY,1807.89,91,91,0,2026-01-01T03:51:44Z
order_00014647,batch_0005,trader_0006,ETH-USD,BUY,1807.77,128,128,0,2026-01-01T04:04:06Z
order_00014778,batch_0005,trader_0013,ETH-USD,BUY,1807.74,35,35,0,2026-01-01T04:06:17Z
order_00013882,batch_0005,trader_0006,ETH-USD,BUY,1807.73,391,391,0,2026-01-01T03:51:21Z
order_00013033,batch_0005,trader_0018,ETH-USD,BUY,1807.53,744,744,0,2026-01-01T03:37:12Z
order_00013880,batch_0005,trader_0009,ETH-USD,BUY,1807.46,108,108,0,2026-01-01T03:51:19Z
order_00006613,batch_0005,trader_0003,ETH-USD,BUY,1807.43,611,611,0,2026-01-01T01:50:12Z
order_00014054,batch_0005,trader_0017,ETH-USD,BUY,1807.41,954,954,0,2026-01-01T03:54:13Z
order_00012405,batch_0005,trader_0015,ETH-USD,BUY,1807.34,275,275,0,2026-01-01T03:26:44Z
order_00008236,batch_0005,trader_0011,ETH-USD,BUY,1807.32,990,990,0,2026-01-01T02:17:15Z
order_00012032,batch_0005,trader_0020,ETH-USD,BUY,1807.14,660,660,0,2026-01-01T03:20:31Z
order_00011809,batch_0005,trader_0021,ETH-USD,BUY,1807.13,915,915,0,2026-01-01T03:16:48Z
order_00008524,batch_0005,trader_0017,ETH-USD,BUY,1807.1,290,290,0,2026-01-01T02:22:03Z
order_00015448,batch_0005,trader_0010,ETH-USD,BUY,1806.99,951,951,0,2026-01-01T04:17:27Z
order_00007258,batch_0005,trader_0003,ETH-USD,BUY,1806.88,554,554,0,2026-01-01T02:00:57Z
order_00015508,batch_0005,trader_0002,ETH-USD,BUY,1806.87,108,108,0,2026-01-01T04:18:27Z
order_00008617,batch_0005,trader_0006,ETH-USD,BUY,1806.77,395,395,0,2026-01-01T02:23:36Z
order_00013144,batch_0005,trader_0018,ETH-USD,BUY,1806.68,805,805,0,2026-01-01T03:39:03Z
order_00006657,batch_0005,trader_0017,ETH-USD,BUY,1806.67,122,122,0,2026-01-01T01:50:56Z
order_00008068,batch_0005,trader_0011,ETH-USD,BUY,1806.67,522,522,0,2026-01-01T02:14:27Z
order_00007894,batch_0005,trader_0011,ETH-USD,BUY,1806.66,932,932,0,2026-01-01T02:11:33Z
order_00014625,batch_0005,trader_0010,ETH-USD,BUY,1806.59,92,92,0,2026-01-01T04:03:44Z
order_00011774,batch_0005,trader_0010,ETH-USD,BUY,1806.57,117,117,0,2026-01-01T03:16:13Z
order_00013820,batch_0005,trader_0015,ETH-USD,BUY,1806.46,168,168,0,2026-01-01T03:50:19Z
order_00011733,batch_0005,trader_0020,ETH-USD,BUY,1806.28,244,244,0,2026-01-01T03:15:32Z
order_00010282,batch_0005,trader_0004,ETH-USD,BUY,1806.27,825,825,0,2026-01-01T02:51:21Z
order_00013649,batch_0005,trader_0014,ETH-USD,BUY,1806.21,323,323,0,2026-01-01T03:47:28Z
order_00013770,batch_0005,trader_0014,ETH-USD,BUY,1806.17,426,426,0,2026-01-01T03:49:29Z
order_00011078,batch_0005,trader_0004,ETH-USD,BUY,1806.11,827,827,0,2026-01-01T03:04:37Z
order_00011496,batch_0005,trader_0020,ETH-USD,BUY,1806.07,177,177,0,2026-01-01T03:11:35Z
order_00013230,batch_0005,trader_0009,ETH-USD,BUY,1805.83,308,308,0,2026-01-01T03:40:29Z
order_00012390,batch_0005,trader_0018,ETH-USD,BUY,1805.82,761,761,0,2026-01-01T03:26:29Z
order_00007828,batch_0005,trader_0018,ETH-USD,BUY,1805.77,924,924,0,2026-01-01T02:10:27Z
order_00009050,batch_0005,trader_0018,ETH-USD,BUY,1805.73,716,716,0,2026-01-01T02:30:49Z
order_00009532,batch_0005,trader_0022,ETH-USD,BUY,1805.73,929,929,0,2026-01-01T02:38:51Z
order_00011777,batch_0005,trader_0022,ETH-USD,BUY,1805.51,389,389,0,2026-01-01T03:16:16Z
order_00016580,batch_0005,trader_0017,ETH-USD,BUY,1805.5,377,377,0,2026-01-01T04:36:19Z
order_00014079,batch_0005,trader_0025,ETH-USD,BUY,1805.44,533,533,0,2026-01-01T03:54:38Z
order_00012156,batch_0005,trader_0010,ETH-USD,BUY,1805.42,51,51,0,2026-01-01T03:22:35Z
order_00009277,batch_0005,trader_0018,ETH-USD,BUY,1805.1,456,456,0,2026-01-01T02:34:36Z
order_00012956,batch_0005,trader_0006,ETH-USD,BUY,1805.1,439,439,0,2026-01-01T03:35:55Z
order_00008546,batch_0005,trader_0004,ETH-USD,BUY,1805.05,158,158,0,2026-01-01T02:22:25Z
order_00010722,batch_0005,trader_0012,ETH-USD,BUY,1805.05,698,698,0,2026-01-01T02:58:41Z
order_00013383,batch_0005,trader_0025,ETH-USD,BUY,1805.0,75,75,0,2026-01-01T03:43:02Z
order_00011413,batch_0005,trader_0018,ETH-USD,BUY,1804.81,682,682,0,2026-01-01T03:10:12Z
order_00009464,batch_0005,trader_0001,ETH-USD,BUY,1804.62,532,532,0,2026-01-01T02:37:43Z
order_00009516,batch_0005,trader_0022,ETH-USD,BUY,1804.62,414,414,0,2026-01-01T02:38:35Z
order_00011878,batch_0005,trader_0008,ETH-USD,BUY,1804.53,838,838,0,2026-01-01T03:17:57Z
order_00006706,batch_0005,trader_0008,ETH-USD,BUY,1804.52,292,292,0,2026-01-01T01:51:45Z
order_00008036,batch_0005,trader_0019,ETH-USD,BUY,1804.45,4,4,0,2026-01-01T02:13:55Z
order_00009631,batch_0005,trader_0010,ETH-USD,BUY,1804.44,871,871,0,2026-01-01T02:40:30Z
order_00015129,batch_0005,trader_0013,ETH-USD,BUY,1804.31,681,681,0,2026-01-01T04:12:08Z
order_00011603,batch_0005,trader_0018,ETH-USD,BUY,1804.21,747,747,0,2026-01-01T03:13:22Z
order_00009414,batch_0005,trader_0018,ETH-USD,BUY,1804.15,618,618,0,2026-01-01T02:36:53Z
order_00011656,batch_0005,trader_0004,ETH-USD,BUY,1803.92,777,777,0,2026-01-01T03:14:15Z
order_00010969,batch_0005,trader_0003,ETH-USD,BUY,1803.73,912,912,0,2026-01-01T03:02:48Z
order_00010271,batch_0005,trader_0009,ETH-USD,BUY,1803.66,683,683,0,2026-01-01T02:51:10Z
order_00006820,batch_0005,trader_0022,ETH-USD,BUY,1803.64,623,623,0,2026-01-01T01:53:39Z
order_00008372,batch_0005,trader_0007,ETH-USD,BUY,1803.34,438,438,0,2026-01-01T02:19:31Z
order_00007231,batch_0005,trader_0001,ETH-USD,BUY,1803.2,895,895,0,2026-01-01T02:00:30Z
order_00008107,batch_0005,trader_0002,ETH-USD,BUY,1803.17,740,740,0,2026-01-01T02:15:06Z
order_00009475,batch_0005,trader_0001,ETH-USD,BUY,1803.11,495,495,0,2026-01-01T02:37:54Z
order_00007240,batch_0005,trader_0014,ETH-USD,BUY,1803.08,145,145,0,2026-01-01T02:00:39Z
order_00008677,batch_0005,trader_0022,ETH-USD,BUY,1802.84,55,55,0,2026-01-01T02:24:36Z
order_00010465,batch_0005,trader_0018,ETH-USD,BUY,1802.76,21,21,0,2026-01-01T02:54:24Z
order_00006889,batch_0005,trader_0013,ETH-USD,BUY,1802.74,6,6,0,2026-01-01T01:54:48Z
order_00009974,batch_0005,trader_0016,ETH-USD,BUY,1802.61,244,244,0,2026-01-01T02:46:13Z
order_00007724,batch_0005,trader_0012,ETH-USD,BUY,1802.57,470,470,0,2026-01-01T02:08:43Z
order_00014836,batch_0005,trader_0013,ETH-USD,BUY,1802.28,543,543,0,2026-01-01T04:07:15Z
order_00012686,batch_0005,trader_0015,ETH-USD,BUY,1802.22,340,340,0,2026-01-01T03:31:25Z
order_00014585,batch_0005,trader_0020,ETH-USD,BUY,1802.1,657,657,0,2026-01-01T04:03:04Z
order_00010517,batch_0005,trader_0003,ETH-USD,BUY,1801.98,171,171,0,2026-01-01T02:55:16Z
order_00016597,batch_0005,trader_0015,ETH-USD,BUY,1801.86,806,806,0,2026-01-01T04:36:36Z
order_00007607,batch_0005,trader_0017,ETH-USD,BUY,1801.83,483,483,0,2026-01-01T02:06:46Z
order_00014381,batch_0005,trader_0009,ETH-USD,BUY,1801.81,683,683,0,2026-01-01T03:59:40Z
order_00007573,batch_0005,trader_0020,ETH-USD,BUY,1801.75,45,45,0,2026-01-01T02:06:12Z
order_00012425,batch_0005,trader_0025,ETH-USD,BUY,1801.75,193,193,0,2026-01-01T03:27:04Z
order_00014488,batch_0005,trader_0019,ETH-USD,BUY,1801.75,30,30,0,2026-01-01T04:01:27Z
order_00008776,batch_0005,trader_0022,ETH-USD,BUY,1801.71,476,476,0,2026-01-01T02:26:15Z
order_00006862,batch_0005,trader_0003,ETH-USD,BUY,1801.63,17,17,0,2026-01-01T01:54:21Z
order_00014548,batch_0005,trader_0009,ETH-USD,BUY,1801.57,145,145,0,2026-01-01T04:02:27Z
order_00009623,batch_0005,trader_0015,ETH-USD,BUY,1801.49,13,13,0,2026-01-01T02:40:22Z
order_00012937,batch_0005,trader_0018,ETH-USD,BUY,1801.4,910,910,0,2026-01-01T03:35:36Z
order_00009780,batch_0005,trader_0008,ETH-USD,BUY,1801.29,993,993,0,2026-01-01T02:42:59Z
order_00012229,batch_0005,trader_0011,ETH-USD,BUY,1801.29,189,189,0,2026-01-01T03:23:48Z
order_00013813,batch_0005,trader_0023,ETH-USD,BUY,1801.22,506,506,0,2026-01-01T03:50:12Z
order_00007025,batch_0005,trader_0001,ETH-USD,BUY,1801.17,453,453,0,2026-01-01T01:57:04Z
order_00016377,batch_0005,trader_0019,ETH-USD,BUY,1801.17,356,356,0,2026-01-01T04:32:56Z
order_00014057,batch_0005,trader_0022,ETH-USD,BUY,1801.03,911,911,0,2026-01-01T03:54:16Z
order_00011755,batch_0005,trader_0014,ETH-USD,BUY,1801.01,248,248,0,2026-01-01T03:15:54Z
order_00009865,batch_0005,trader_0022,ETH-USD,BUY,1800.98,932,932,0,2026-01-01T02:44:24Z
order_00012924,batch_0005,trader_0013,ETH-USD,BUY,1800.88,174,174,0,2026-01-01T03:35:23Z
order_00013616,batch_0005,trader_0021,ETH-USD,BUY,1800.82,426,426,0,2026-01-01T03:46:55Z
order_00013466,batch_0005,trader_0007,ETH-USD,BUY,1800.8,539,539,0,2026-01-01T03:44:25Z
order_00012765,batch_0005,trader_0016,ETH-USD,BUY,1800.78,994,994,0,2026-01-01T03:32:44Z
order_00008521,batch_0005,trader_0021,ETH-USD,BUY,1800.71,844,844,0,2026-01-01T02:22:00Z
order_00010847,batch_0005,trader_0009,ETH-USD,BUY,1800.66,46,46,0,2026-01-01T03:00:46Z
order_00014544,batch_0005,trader_0004,ETH-USD,BUY,1800.65,76,76,0,2026-01-01T04:02:23Z
order_00009926,batch_0005,trader_0002,ETH-USD,BUY,1800.63,99,99,0,2026-01-01T02:45:25Z
order_00010077,batch_0005,trader_0017,ETH-USD,BUY,1800.56,981,981,0,2026-01-01T02:47:56Z
order_00006918,batch_0005,trader_0023,ETH-USD,BUY,1800.44,443,443,0,2026-01-01T01:55:17Z
order_00014257,batch_0005,trader_0024,ETH-USD,BUY,1800.43,751,751,0,2026-01-01T03:57:36Z
order_00011090,batch_0005,trader_0021,ETH-USD,BUY,1800.38,495,495,0,2026-01-01T03:04:49Z
order_00010904,batch_0005,trader_0018,ETH-USD,BUY,1800.37,449,449,0,2026-01-01T03:01:43Z
order_00009462,batch_0005,trader_0001,ETH-USD,BUY,1800.13,768,768,0,2026-01-01T02:37:41Z
order_00015015,batch_0005,trader_0020,ETH-USD,BUY,1800.08,158,158,0,2026-01-01T04:10:14Z
order_00013958,batch_0005,trader_0008,ETH-USD,BUY,1800.06,267,267,0,2026-01-01T03:52:37Z
order_00012711,batch_0005,trader_0016,ETH-USD,BUY,1800.03,611,611,0,2026-01-01T03:31:50Z
order_00009752,batch_0005,trader_0003,ETH-USD,SELL,1995.71,12,12,0,2026-01-01T02:42:31Z
order_00015102,batch_0005,trader_0016,ETH-USD,SELL,1995.84,962,962,0,2026-01-01T04:11:41Z
order_00008730,batch_0005,trader_0025,ETH-USD,SELL,1995.88,975,975,0,2026-01-01T02:25:29Z
order_00012726,batch_0005,trader_0017,ETH-USD,SELL,1996.04,769,769,0,2026-01-01T03:32:05Z
order_00010093,batch_0005,trader_0003,ETH-USD,SELL,1996.08,5,5,0,2026-01-01T02:48:12Z
order_00011645,batch_0005,trader_0001,ETH-USD,SELL,1996.1,570,570,0,2026-01-01T03:14:04Z
order_00010382,batch_0005,trader_0009,ETH-USD,SELL,1996.15,431,431,0,2026-01-01T02:53:01Z
order_00014170,batch_0005,trader_0025,ETH-USD,SELL,1996.26,862,862,0,2026-01-01T03:56:09Z
order_00009835,batch_0005,trader_0022,ETH-USD,SELL,1996.33,157,157,0,2026-01-01T02:43:54Z
order_00010048,batch_0005,trader_0016,ETH-USD,SELL,1996.38,980,980,0,2026-01-01T02:47:27Z
order_00010513,batch_0005,trader_0002,ETH-USD,SELL,1996.4,73,73,0,2026-01-01T02:55:12Z
order_00013083,batch_0005,trader_0003,ETH-USD,SELL,1996.49,395,395,0,2026-01-01T03:38:02Z
order_00015227,batch_0005,trader_0014,ETH-USD,SELL,1996.52,260,260,0,2026-01-01T04:13:46Z
order_00009136,batch_0005,trader_0023,ETH-USD,SELL,1996.57,384,384,0,2026-01-01T02:32:15Z
order_00015135,batch_0005,trader_0024,ETH-USD,SELL,1996.64,743,743,0,2026-01-01T04:12:14Z
order_00016496,batch_0005,trader_0014,ETH-USD,SELL,1996.69,23,23,0,2026-01-01T04:34:55Z
order_00012341,batch_0005,trader_0009,ETH-USD,SELL,1996.81,779,779,0,2026-01-01T03:25:40Z
order_00007490,batch_0005,trader_0021,ETH-USD,SELL,1997.14,343,343,0,2026-01-01T02:04:49Z
order_00011930,batch_0005,trader_0002,ETH-USD,SELL,1997.14,553,553,0,2026-01-01T03:18:49Z
order_00010156,batch_0005,trader_0005,ETH-USD,SELL,1997.22,884,884,0,2026-01-01T02:49:15Z
order_00008042,batch_0005,trader_0005,ETH-USD,SELL,1997.34,631,631,0,2026-01-01T02:14:01Z
order_00011560,batch_0005,trader_0015,ETH-USD,SELL,1997.39,899,899,0,2026-01-01T03:12:39Z
order_00012586,batch_0005,trader_0011,ETH-USD,SELL,1997.42,575,575,0,2026-01-01T03:29:45Z
order_00007136,batch_0005,trader_0019,ETH-USD,SELL,1997.54,398,398,0,2026-01-01T01:58:55Z
order_00006959,batch_0005,trader_0002,ETH-USD,SELL,1997.65,329,329,0,2026-01-01T01:55:58Z
order_00007742,batch_0005,trader_0007,ETH-USD,SELL,1997.7,181,181,0,2026-01-01T02:09:01Z
order_00012195,batch_0005,trader_0001,ETH-USD,SELL,1997.73,516,516,0,2026-01-01T03:23:14Z
order_00014681,batch_0005,trader_0022,ETH-USD,SELL,1997.77,245,245,0,2026-01-01T04:04:40Z
order_00006644,batch_0005,trader_0020,ETH-USD,SELL,1998.17,728,728,0,2026-01-01T01:50:43Z
order_00011476,batch_0005,trader_0004,ETH-USD,SELL,1998.17,363,363,0,2026-01-01T03:11:15Z
order_00007197,batch_0005,trader_0007,ETH-USD,SELL,1998.2,810,810,0,2026-01-01T01:59:56Z
order_00010824,batch_0005,trader_0025,ETH-USD,SELL,1998.34,904,904,0,2026-01-01T03:00:23Z
order_00007562,batch_0005,trader_0010,ETH-USD,SELL,1998.4,857,857,0,2026-01-01T02:06:01Z
order_00012015,batch_0005,trader_0020,ETH-USD,SELL,1998.55,970,970,0,2026-01-01T03:20:14Z
order_00006955,batch_0005,trader_0011,ETH-USD,SELL,1998.56,431,431,0,2026-01-01T01:55:54Z
order_00012417,batch_0005,trader_0002,ETH-USD,SELL,1998.6,644,644,0,2026-01-01T03:26:56Z
order_00013279,batch_0005,trader_0001,ETH-USD,SELL,1998.6,574,574,0,2026-01-01T03:41:18Z
order_00009189,batch_0005,trader_0021,ETH-USD,SELL,1998.99,679,679,0,2026-01-01T02:33:08Z
order_00016174,batch_0005,trader_0022,ETH-USD,SELL,1999.27,221,221,0,2026-01-01T04:29:33Z
order_00009750,batch_0005,trader_0017,ETH-USD,SELL,1999.29,255,255,0,2026-01-01T02:42:29Z
order_00016067,batch_0005,trader_0011,ETH-USD,SELL,1999.31,380,380,0,2026-01-01T04:27:46Z
order_00009335,batch_0005,trader_0019,ETH-USD,SELL,1999.36,278,278,0,2026-01-01T02:35:34Z
order_00012660,batch_0005,trader_0014,ETH-USD,SELL,1999.48,176,176,0,2026-01-01T03:30:59Z
order_00009112,batch_0005,trader_0025,ETH-USD,SELL,1999.52,517,517,0,2026-01-01T02:31:51Z
order_00014485,batch_0005,trader_0017,ETH-USD,SELL,1999.61,65,65,0,2026-01-01T04:01:24Z
order_00012581,batch_0005,trader_0016,ETH-USD,SELL,1999.63,292,292,0,2026-01-01T03:29:40Z
order_00014191,batch_0005,trader_0002,ETH-USD,SELL,1999.64,290,290,0,2026-01-01T03:56:30Z
order_00008188,batch_0005,trader_0010,ETH-USD,SELL,1999.73,222,222,0,2026-01-01T02:16:27Z
order_00010488,batch_0005,trader_0003,ETH-USD,SELL,1999.79,742,742,0,2026-01-01T02:54:47Z
order_00015333,batch_0005,trader_0002,ETH-USD,SELL,1999.83,927,927,0,2026-01-01T04:15:32Z
order_00011225,batch_0005,trader_0019,ETH-USD,SELL,1999.84,684,684,0,2026-01-01T03:07:04Z
order_00014927,batch_0005,trader_0010,ETH-USD,SELL,1999.85,132,132,0,2026-01-01T04:08:46Z
order_00010239,batch_0005,trader_0015,ETH-USD,SELL,2000.04,223,223,0,2026-01-01T02:50:38Z
order_00011887,batch_0005,trader_0006,ETH-USD,SELL,2000.04,13,13,0,2026-01-01T03:18:06Z
order_00007732,batch_0005,trader_0025,ETH-USD,SELL,2000.19,514,514,0,2026-01-01T02:08:51Z
order_00011880,batch_0005,trader_0023,ETH-USD,SELL,2000.29,228,228,0,2026-01-01T03:17:59Z
order_00012275,batch_0005,trader_0013,ETH-USD,SELL,2000.36,543,543,0,2026-01-01T03:24:34Z
order_00016296,batch_0005,trader_0006,ETH-USD,SELL,2000.61,609,609,0,2026-01-01T04:31:35Z
order_00011673,batch_0005,trader_0020,ETH-USD,SELL,2000.8,175,175,0,2026-01-01T03:14:32Z
order_00009334,batch_0005,trader_0015,ETH-USD,SELL,2000.86,165,165,0,2026-01-01T02:35:33Z
order_00011769,batch_0005,trader_0003,ETH-USD,SELL,2000.88,756,756,0,2026-01-01T03:16:08Z
order_00012045,batch_0005,trader_0007,ETH-USD,SELL,2000.92,404,404,0,2026-01-01T03:20:44Z
order_00014345,batch_0005,trader_0021,ETH-USD,SELL,2000.94,627,627,0,2026-01-01T03:59:04Z
order_00009905,batch_0005,trader_0018,ETH-USD,SELL,2000.97,472,472,0,2026-01-01T02:45:04Z
order_00009435,batch_0005,trader_0015,ETH-USD,SELL,2000.98,553,553,0,2026-01-01T02:37:14Z
order_00009849,batch_0005,trader_0025,ETH-USD,SELL,2001.1,31,31,0,2026-01-01T02:44:08Z
order_00013718,batch_0005,trader_0010,ETH-USD,SELL,2001.18,311,311,0,2026-01-01T03:48:37Z
order_00008788,batch_0005,trader_0018,ETH-USD,SELL,2001.29,333,333,0,2026-01-01T02:26:27Z
order_00015280,batch_0005,trader_0015,ETH-USD,SELL,2001.29,318,318,0,2026-01-01T04:14:39Z
order_00011724,batch_0005,trader_0011,ETH-USD,SELL,2001.3,511,511,0,2026-01-01T03:15:23Z
order_00014338,batch_0005,trader_0009,ETH-USD,SELL,2001.32,721,721,0,2026-01-01T03:58:57Z
order_00016001,batch_0005,trader_0016,ETH-USD,SELL,2001.37,354,354,0,2026-01-01T04:26:40Z
order_00013062,batch_0005,trader_0003,ETH-USD,SELL,2001.46,251,251,0,2026-01-01T03:37:41Z
order_00010117,batch_0005,trader_0010,ETH-USD,SELL,2001.51,277,277,0,2026-01-01T02:48:36Z
order_00009572,batch_0005,trader_0015,ETH-USD,SELL,2001.57,371,371,0,2026-01-01T02:39:31Z
order_00007468,batch_0005,trader_0013,ETH-USD,SELL,2001.58,669,669,0,2026-01-01T02:04:27Z
order_00010595,batch_0005,trader_0010,ETH-USD,SELL,2001.7,339,339,0,2026-01-01T02:56:34Z
order_00012913,batch_0005,trader_0023,ETH-USD,SELL,2001.75,895,895,0,2026-01-01T03:35:12Z
order_00012728,batch_0005,trader_0009,ETH-USD,SELL,2001.9,929,929,0,2026-01-01T03:32:07Z
order_00009299,batch_0005,trader_0002,ETH-USD,SELL,2001.93,877,877,0,2026-01-01T02:34:58Z
order_00012359,batch_0005,trader_0010,ETH-USD,SELL,2001.96,682,682,0,2026-01-01T03:25:58Z
order_00007502,batch_0005,trader_0014,ETH-USD,SELL,2002.14,728,728,0,2026-01-01T02:05:01Z
order_00007987,batch_0005,trader_0007,ETH-USD,SELL,2002.19,79,79,0,2026-01-01T02:13:06Z
order_00015236,batch_0005,trader_0024,ETH-USD,SELL,2002.19,252,252,0,2026-01-01T04:13:55Z
order_00006962,batch_0005,trader_0018,ETH-USD,SELL,2002.21,216,216,0,2026-01-01T01:56:01Z
order_00011467,batch_0005,trader_0005,ETH-USD,SELL,2002.29,148,148,0,2026-01-01T03:11:06Z
order_00010658,batch_0005,trader_0010,ETH-USD,SELL,2002.31,449,449,0,2026-01-01T02:57:37Z
order_00014403,batch_0005,trader_0006,ETH-USD,SELL,2002.36,649,649,0,2026-01-01T04:00:02Z
order_00008851,batch_0005,trader_0011,ETH-USD,SELL,2002.51,373,373,0,2026-01-01T02:27:30Z
order_00012567,batch_0005,trader_0015,ETH-USD,SELL,2002.58,585,585,0,2026-01-01T03:29:26Z
order_00009238,batch_0005,trader_0009,ETH-USD,SELL,2002.62,389,389,0,2026-01-01T02:33:57Z
order_00012843,batch_0005,trader_0023,ETH-USD,SELL,2002.74,497,497,0,2026-01-01T03:34:02Z
order_00012372,batch_0005,trader_0012,ETH-USD,SELL,2002.76,184,184,0,2026-01-01T03:26:11Z
order_00016156,batch_0005,trader_0002,ETH-USD,SELL,2002.78,642,642,0,2026-01-01T04:29:15Z
order_00008323,batch_0005,trader_0022,ETH-USD,SELL,2002.99,624,624,0,2026-01-01T02:18:42Z
order_00012234,batch_0005,trader_0018,ETH-USD,SELL,2003.0,689,689,0,2026-01-01T03:23:53Z
order_00008389,batch_0005,trader_0016,ETH-USD,SELL,2003.08,382,382,0,2026-01-01T02:19:48Z
order_00009437,batch_0005,trader_0020,ETH-USD,SELL,2003.24,413,413,0,2026-01-01T02:37:16Z
order_00015885,batch_0005,trader_0018,ETH-USD,SELL,2003.32,619,619,0,2026-01-01T04:24:44Z
order_00015536,batch_0005,trader_0003,ETH-USD,SELL,2003.53,444,444,0,2026-01-01T04:18:55Z
order_00006700,batch_0005,trader_0012,ETH-USD,SELL,2003.55,363,363,0,2026-01-01T01:51:39Z
order_00011173,batch_0005,trader_0014,ETH-USD,SELL,2003.66,328,328,0,2026-01-01T03:06:12Z
order_00007234,batch_0005,trader_0014,ETH-USD,SELL,2003.7,388,388,0,2026-01-01T02:00:33Z
order_00011635,batch_0005,trader_0007,ETH-USD,SELL,2003.73,401,401,0,2026-01-01T03:13:54Z
order_00013000,batch_0005,trader_0014,ETH-USD,SELL,2003.93,254,254,0,2026-01-01T03:36:39Z
order_00016532,batch_0005,trader_0024,ETH-USD,SELL,2004.03,86,86,0,2026-01-01T04:35:31Z
order_00009947,batch_0005,trader_0014,ETH-USD,SELL,2004.08,348,348,0,2026-01-01T02:45:46Z
order_00010765,batch_0005,trader_0013,ETH-USD,SELL,2004.09,935,935,0,2026-01-01T02:59:24Z
order_00011396,batch_0005,trader_0014,ETH-USD,SELL,2004.11,327,327,0,2026-01-01T03:09:55Z
order_00014714,batch_0005,trader_0022,ETH-USD,SELL,2004.32,775,775,0,2026-01-01T04:05:13Z
order_00012920,batch_0005,trader_0022,ETH-USD,SELL,2004.35,370,370,0,2026-01-01T03:35:19Z
order_00016142,batch_0005,trader_0008,ETH-USD,SELL,2004.36,887,887,0,2026-01-01T04:29:01Z
order_00012285,batch_0005,trader_0023,ETH-USD,SELL,2004.41,720,720,0,2026-01-01T03:24:44Z
order_00012725,batch_0005,trader_0001,ETH-USD,SELL,2004.51,953,953,0,2026-01-01T03:32:04Z
order_00014602,batch_0005,trader_0009,ETH-USD,SELL,2004.6,301,301,0,2026-01-01T04:03:21Z
order_00009609,batch_0005,trader_0002,ETH-USD,SELL,2004.69,488,488,0,2026-01-01T02:40:08Z
order_00007531,batch_0005,trader_0003,ETH-USD,SELL,2004.74,26,26,0,2026-01-01T02:05:30Z
order_00008937,batch_0005,trader_0005,ETH-USD,SELL,2005.06,140,140,0,2026-01-01T02:28:56Z
order_00014667,batch_0005,trader_0003,ETH-USD,SELL,2005.07,862,862,0,2026-01-01T04:04:26Z
order_00014061,batch_0005,trader_0008,ETH-USD,SELL,2005.14,398,398,0,2026-01-01T03:54:20Z
order_00014099,batch_0005,trader_0025,ETH-USD,SELL,2005.24,241,241,0,2026-01-01T03:54:58Z
order_00008759,batch_0005,trader_0020,ETH-USD,SELL,2005.31,34,34,0,2026-01-01T02:25:58Z
order_00015009,batch_0005,trader_0019,ETH-USD,SELL,2005.4,686,686,0,2026-01-01T04:10:08Z
order_00014627,batch_0005,trader_0018,ETH-USD,SELL,2005.47,898,898,0,2026-01-01T04:03:46Z
order_00007652,batch_0005,trader_0017,ETH-USD,SELL,2005.48,30,30,0,2026-01-01T02:07:31Z
order_00013150,batch_0005,trader_0025,ETH-USD,SELL,2005.56,119,119,0,2026-01-01T03:39:09Z
order_00011222,batch_0005,trader_0001,ETH-USD,SELL,2005.66,156,156,0,2026-01-01T03:07:01Z
order_00006958,batch_0005,trader_0012,ETH-USD,SELL,2005.68,474,474,0,2026-01-01T01:55:57Z
order_00010620,batch_0005,trader_0014,ETH-USD,SELL,2005.79,351,351,0,2026-01-01T02:56:59Z
order_00011572,batch_0005,trader_0016,ETH-USD,SELL,2005.94,362,362,0,2026-01-01T03:12:51Z
order_00016572,batch_0005,trader_0006,ETH-USD,SELL,2006.01,275,275,0,2026-01-01T04:36:11Z
order_00012933,batch_0005,trader_0010,ETH-USD,SELL,2006.08,930,930,0,2026-01-01T03:35:32Z
order_00011282,batch_0005,trader_0001,ETH-USD,SELL,2006.14,48,48,0,2026-01-01T03:08:01Z
order_00015959,batch_0005,trader_0022,ETH-USD,SELL,2006.27,604,604,0,2026-01-01T04:25:58Z
order_00013599,batch_0005,trader_0008,ETH-USD,SELL,2006.34,426,426,0,2026-01-01T03:46:38Z
order_00011759,batch_0005,trader_0004,ETH-USD,SELL,2006.36,782,782,0,2026-01-01T03:15:58Z
order_00014742,batch_0005,trader_0023,ETH-USD,SELL,2006.36,593,593,0,2026-01-01T04:05:41Z
order_00010167,batch_0005,trader_0016,ETH-USD,SELL,2006.39,437,437,0,2026-01-01T02:49:26Z
order_00013436,batch_0005,trader_0011,ETH-USD,SELL,2006.42,411,411,0,2026-01-01T03:43:55Z
order_00013605,batch_0005,trader_0024,ETH-USD,SELL,2006.53,710,710,0,2026-01-01T03:46:44Z
order_00015798,batch_0005,trader_0007,ETH-USD,SELL,2006.61,651,651,0,2026-01-01T04:23:17Z
order_00015397,batch_0005,trader_0013,ETH-USD,SELL,2006.69,562,562,0,2026-01-01T04:16:36Z
order_00015144,batch_0005,trader_0013,ETH-USD,SELL,2006.7,687,687,0,2026-01-01T04:12:23Z
order_00008486,batch_0005,trader_0019,ETH-USD,SELL,2006.75,790,790,0,2026-01-01T02:21:25Z
order_00016531,batch_0005,trader_0022,ETH-USD,SELL,2006.8,162,162,0,2026-01-01T04:35:30Z
order_00009222,batch_0005,trader_0024,ETH-USD,SELL,2006.9,281,281,0,2026-01-01T02:33:41Z
order_00007906,batch_0005,trader_0010,ETH-USD,SELL,2006.92,256,256,0,2026-01-01T02:11:45Z
order_00013788,batch_0005,trader_0024,ETH-USD,SELL,2007.02,562,562,0,2026-01-01T03:49:47Z
order_00009857,batch_0005,trader_0017,ETH-USD,SELL,2007.06,905,905,0,2026-01-01T02:44:16Z
order_00010662,batch_0005,trader_0017,ETH-USD,SELL,2007.22,216,216,0,2026-01-01T02:57:41Z
order_00012342,batch_0005,trader_0016,ETH-USD,SELL,2007.29,757,757,0,2026-01-01T03:25:41Z
order_00012840,batch_0005,trader_0005,ETH-USD,SELL,2007.48,205,205,0,2026-01-01T03:33:59Z
order_00009508,batch_0005,trader_0013,ETH-USD,SELL,2007.55,7,7,0,2026-01-01T02:38:27Z
order_00008421,batch_0005,trader_0006,ETH-USD,SELL,2007.56,474,474,0,2026-01-01T02:20:20Z
order_00011699,batch_0005,trader_0011,ETH-USD,SELL,2007.66,853,853,0,2026-01-01T03:14:58Z
order_00012087,batch_0005,trader_0016,ETH-USD,SELL,2007.67,982,982,0,2026-01-01T03:21:26Z
order_00012644,batch_0005,trader_0012,ETH-USD,SELL,2007.67,831,831,0,2026-01-01T03:30:43Z
order_00013184,batch_0005,trader_0016,ETH-USD,SELL,2007.74,9,9,0,2026-01-01T03:39:43Z
order_00014113,batch_0005,trader_0007,ETH-USD,SELL,2007.74,314,314,0,2026-01-01T03:55:12Z
order_00011548,batch_0005,trader_0025,ETH-USD,SELL,2007.93,70,70,0,2026-01-01T03:12:27Z
order_00008149,batch_0005,trader_0022,ETH-USD,SELL,2008.01,183,183,0,2026-01-01T02:15:48Z
order_00008213,batch_0005,trader_0001,ETH-USD,SELL,2008.06,275,275,0,2026-01-01T02:16:52Z
order_00008353,batch_0005,trader_0001,ETH-USD,SELL,2008.11,819,819,0,2026-01-01T02:19:12Z
order_00013956,batch_0005,trader_0021,ETH-USD,SELL,2008.11,457,457,0,2026-01-01T03:52:35Z
order_00013305,batch_0005,trader_0011,ETH-USD,SELL,2008.16,366,366,0,2026-01-01T03:41:44Z
order_00007221,batch_0005,trader_0012,ETH-USD,SELL,2008.24,283,283,0,2026-01-01T02:00:20Z
order_00011217,batch_0005,trader_0021,ETH-USD,SELL,2008.27,182,182,0,2026-01-01T03:06:56Z
order_00010070,batch_0005,trader_0011,ETH-USD,SELL,2008.34,826,826,0,2026-01-01T02:47:49Z
order_00012530,batch_0005,trader_0023,ETH-USD,SELL,2008.34,452,452,0,2026-01-01T03:28:49Z
order_00013929,batch_0005,trader_0010,ETH-USD,SELL,2008.35,574,574,0,2026-01-01T03:52:08Z
order_00009546,batch_0005,trader_0024,ETH-USD,SELL,2008.4,1,1,0,2026-01-01T02:39:05Z
order_00006890,batch_0005,trader_0014,ETH-USD,SELL,2008.41,346,346,0,2026-01-01T01:54:49Z
order_00010770,batch_0005,trader_0019,ETH-USD,SELL,2008.49,674,674,0,2026-01-01T02:59:29Z
order_00007440,batch_0005,trader_0022,ETH-USD,SELL,2008.53,730,730,0,2026-01-01T02:03:59Z
order_00012662,batch_0005,trader_0025,ETH-USD,SELL,2008.72,842,842,0,2026-01-01T03:31:01Z
order_00015409,batch_0005,trader_0011,ETH-USD,SELL,2008.9,355,355,0,2026-01-01T04:16:48Z
order_00014833,batch_0005,trader_0021,ETH-USD,SELL,2009.0,464,464,0,2026-01-01T04:07:12Z
order_00013299,batch_0005,trader_0013,ETH-USD,SELL,2009.05,697,697,0,2026-01-01T03:41:38Z
order_00014002,batch_0005,trader_0019,ETH-USD,SELL,2009.09,559,559,0,2026-01-01T03:53:21Z
order_00009056,batch_0005,trader_0001,ETH-USD,SELL,2009.15,82,82,0,2026-01-01T02:30:55Z
order_00007867,batch_0005,trader_0020,ETH-USD,SELL,2009.22,959,959,0,2026-01-01T02:11:06Z
order_00013904,batch_0005,trader_0020,ETH-USD,SELL,2009.22,841,841,0,2026-01-01T03:51:43Z
order_00010530,batch_0005,trader_0011,ETH-USD,SELL,2009.23,352,352,0,2026-01-01T02:55:29Z
order_00013915,batch_0005,trader_0009,ETH-USD,SELL,2009.27,24,24,0,2026-01-01T03:51:54Z
order_00013588,batch_0005,trader_0002,ETH-USD,SELL,2009.4,324,324,0,2026-01-01T03:46:27Z
order_00014646,batch_0005,trader_0006,ETH-USD,SELL,2009.49,872,872,0,2026-01-01T04:04:05Z
order_00007362,batch_0005,trader_0002,ETH-USD,SELL,2009.52,942,942,0,2026-01-01T02:02:41Z
order_00007481,batch_0005,trader_0008,ETH-USD,SELL,2009.61,387,387,0,2026-01-01T02:04:40Z
order_00007257,batch_0005,trader_0001,ETH-USD,SELL,2009.68,476,476,0,2026-01-01T02:00:56Z
order_00015950,batch_0005,trader_0002,ETH-USD,SELL,2009.78,479,479,0,2026-01-01T04:25:49Z
order_00015274,batch_0005,trader_0001,ETH-USD,SELL,2009.87,364,364,0,2026-01-01T04:14:33Z
order_00014152,batch_0005,trader_0003,ETH-USD,SELL,2009.88,166,166,0,2026-01-01T03:55:51Z
order_00010028,batch_0005,trader_0021,ETH-USD,SELL,2009.98,740,740,0,2026-01-01T02:47:07Z
order_00012822,batch_0005,trader_0023,ETH-USD,SELL,2010.01,9,9,0,2026-01-01T03:33:41Z
order_00015146,batch_0005,trader_0005,ETH-USD,SELL,2010.06,586,586,0,2026-01-01T04:12:25Z
order_00016307,batch_0005,trader_0011,ETH-USD,SELL,2010.17,922,922,0,2026-01-01T04:31:46Z
order_00007073,batch_0005,trader_0015,ETH-USD,SELL,2010.39,469,469,0,2026-01-01T01:57:52Z
order_00009062,batch_0005,trader_0010,ETH-USD,SELL,2010.39,621,621,0,2026-01-01T02:31:01Z
order_00008655,batch_0005,trader_0011,ETH-USD,SELL,2010.42,867,867,0,2026-01-01T02:24:14Z
order_00011532,batch_0005,trader_0014,ETH-USD,SELL,2010.53,289,289,0,2026-01-01T03:12:11Z
order_00011773,batch_0005,trader_0005,ETH-USD,SELL,2010.56,48,48,0,2026-01-01T03:16:12Z
order_00015994,batch_0005,trader_0016,ETH-USD,SELL,2010.57,820,820,0,2026-01-01T04:26:33Z
order_00015789,batch_0005,trader_0019,ETH-USD,SELL,2010.59,642,642,0,2026-01-01T04:23:08Z
order_00008532,batch_0005,trader_0024,ETH-USD,SELL,2010.74,389,389,0,2026-01-01T02:22:11Z
order_00008086,batch_0005,trader_0005,ETH-USD,SELL,2010.78,114,114,0,2026-01-01T02:14:45Z
order_00007991,batch_0005,trader_0018,ETH-USD,SELL,2010.89,959,959,0,2026-01-01T02:13:10Z
order_00011958,batch_0005,trader_0025,ETH-USD,SELL,2010.9,996,996,0,2026-01-01T03:19:17Z
order_00008444,batch_0005,trader_0024,ETH-USD,SELL,2011.0,626,626,0,2026-01-01T02:20:43Z
order_00015231,batch_0005,trader_0025,ETH-USD,SELL,2011.27,734,734,0,2026-01-01T04:13:50Z
order_00013179,batch_0005,trader_0013,ETH-USD,SELL,2011.33,755,755,0,2026-01-01T03:39:38Z
order_00011514,batch_0005,trader_0022,ETH-USD,SELL,2011.44,847,847,0,2026-01-01T03:11:53Z
order_00013897,batch_0005,trader_0007,ETH-USD,SELL,2011.45,108,108,0,2026-01-01T03:51:36Z
order_00007371,batch_0005,trader_0017,ETH-USD,SELL,2011.57,267,267,0,2026-01-01T02:02:50Z
order_00006631,batch_0005,trader_0010,ETH-USD,SELL,2011.58,994,994,0,2026-01-01T01:50:30Z
order_00010729,batch_0005,trader_0024,ETH-USD,SELL,2011.65,170,170,0,2026-01-01T02:58:48Z
order_00015239,batch_0005,trader_0012,ETH-USD,SELL,2011.73,810,810,0,2026-01-01T04:13:58Z
order_00008106,batch_0005,trader_0014,ETH-USD,SELL,2011.76,452,452,0,2026-01-01T02:15:05Z
order_00009961,batch_0005,trader_0024,ETH-USD,SELL,2011.89,280,280,0,2026-01-01T02:46:00Z
order_00011435,batch_0005,trader_0001,ETH-USD,SELL,2011.98,343,343,0,2026-01-01T03:10:34Z
order_00010287,batch_0005,trader_0020,ETH-USD,SELL,2012.04,792,792,0,2026-01-01T02:51:26Z
order_00008986,batch_0005,trader_0011,ETH-USD,SELL,2012.08,858,858,0,2026-01-01T02:29:45Z
order_00011180,batch_0005,trader_0021,ETH-USD,SELL,2012.19,874,874,0,2026-01-01T03:06:19Z
order_00015379,batch_0005,trader_0017,ETH-USD,SELL,2012.2,902,902,0,2026-01-01T04:16:18Z
order_00007664,batch_0005,trader_0002,ETH-USD,SELL,2012.24,570,570,0,2026-01-01T02:07:43Z
order_00010025,batch_0005,trader_0022,ETH-USD,SELL,2012.26,749,749,0,2026-01-01T02:47:04Z
order_00015763,batch_0005,trader_0025,ETH-USD,SELL,2012.37,130,130,0,2026-01-01T04:22:42Z
order_00006865,batch_0005,trader_0010,ETH-USD,SELL,2012.42,996,996,0,2026-01-01T01:54:24Z
order_00012199,batch_0005,trader_0011,ETH-USD,SELL,2012.45,464,464,0,2026-01-01T03:23:18Z
order_00010358,batch_0005,trader_0009,ETH-USD,SELL,2012.47,957,957,0,2026-01-01T02:52:37Z
order_00016243,batch_0005,trader_0017,ETH-USD,SELL,2012.8,777,777,0,2026-01-01T04:30:42Z
order_00016584,batch_0005,trader_0018,ETH-USD,SELL,2012.83,847,847,0,2026-01-01T04:36:23Z
order_00010785,batch_0005,trader_0017,ETH-USD,SELL,2012.85,187,187,0,2026-01-01T02:59:44Z
order_00014976,batch_0005,trader_0022,ETH-USD,SELL,2012.92,365,365,0,2026-01-01T04:09:35Z
order_00008000,batch_0005,trader_0019,ETH-USD,SELL,2013.0,319,319,0,2026-01-01T02:13:19Z
order_00011098,batch_0005,trader_0024,ETH-USD,SELL,2013.07,670,670,0,2026-01-01T03:04:57Z
order_00006622,batch_0005,trader_0015,ETH-USD,SELL,2013.12,717,717,0,2026-01-01T01:50:21Z
order_00015833,batch_0005,trader_0013,ETH-USD,SELL,2013.14,550,550,0,2026-01-01T04:23:52Z
order_00013343,batch_0005,trader_0002,ETH-USD,SELL,2013.23,852,852,0,2026-01-01T03:42:22Z
order_00011808,batch_0005,trader_0018,ETH-USD,SELL,2013.32,983,983,0,2026-01-01T03:16:47Z
order_00007177,batch_0005,trader_0004,ETH-USD,SELL,2013.39,281,281,0,2026-01-01T01:59:36Z
order_00009526,batch_0005,trader_0015,ETH-USD,SELL,2013.46,643,643,0,2026-01-01T02:38:45Z
order_00010794,batch_0005,trader_0009,ETH-USD,SELL,2013.49,294,294,0,2026-01-01T02:59:53Z
order_00016368,batch_0005,trader_0020,ETH-USD,SELL,2013.54,263,263,0,2026-01-01T04:32:47Z
order_00006897,batch_0005,trader_0014,ETH-USD,SELL,2013.76,935,935,0,2026-01-01T01:54:56Z
order_00007297,batch_0005,trader_0011,ETH-USD,SELL,2013.83,336,336,0,2026-01-01T02:01:36Z
order_00016106,batch_0005,trader_0022,ETH-USD,SELL,2013.88,359,359,0,2026-01-01T04:28:25Z
order_00011082,batch_0005,trader_0015,ETH-USD,SELL,2013.96,505,505,0,2026-01-01T03:04:41Z
order_00007461,batch_0005,trader_0019,ETH-USD,SELL,2014.07,8,8,0,2026-01-01T02:04:20Z
order_00008088,batch_0005,trader_0010,ETH-USD,SELL,2014.07,438,438,0,2026-01-01T02:14:47Z
order_00015796,batch_0005,trader_0017,ETH-USD,SELL,2014.21,265,265,0,2026-01-01T04:23:15Z
order_00012434,batch_0005,trader_0003,ETH-USD,SELL,2014.5,986,986,0,2026-01-01T03:27:13Z
order_00008498,batch_0005,trader_0012,ETH-USD,SELL,2014.58,894,894,0,2026-01-01T02:21:37Z
order_00008085,batch_0005,trader_0001,ETH-USD,SELL,2014.61,735,735,0,2026-01-01T02:14:44Z
order_00016041,batch_0005,trader_0013,ETH-USD,SELL,2014.74,391,391,0,2026-01-01T04:27:20Z
order_00014370,batch_0005,trader_0013,ETH-USD,SELL,2014.94,90,90,0,2026-01-01T03:59:29Z
order_00014779,batch_0005,trader_0016,ETH-USD,SELL,2014.98,769,769,0,2026-01-01T04:06:18Z
order_00015294,batch_0005,trader_0002,ETH-USD,SELL,2015.01,877,877,0,2026-01-01T04:14:53Z
order_00012543,batch_0005,trader_0007,ETH-USD,SELL,2015.02,688,688,0,2026-01-01T03:29:02Z
order_00010467,batch_0005,trader_0014,ETH-USD,SELL,2015.08,831,831,0,2026-01-01T02:54:26Z
order_00012201,batch_0005,trader_0004,ETH-USD,SELL,2015.21,876,876,0,2026-01-01T03:23:20Z
order_00012222,batch_0005,trader_0015,ETH-USD,SELL,2015.29,900,900,0,2026-01-01T03:23:41Z
order_00008797,batch_0005,trader_0013,ETH-USD,SELL,2015.32,566,566,0,2026-01-01T02:26:36Z
order_00010968,batch_0005,trader_0011,ETH-USD,SELL,2015.34,508,508,0,2026-01-01T03:02:47Z
order_00009626,batch_0005,trader_0004,ETH-USD,SELL,2015.51,661,661,0,2026-01-01T02:40:25Z
order_00011201,batch_0005,trader_0017,ETH-USD,SELL,2015.51,326,326,0,2026-01-01T03:06:40Z
order_00012361,batch_0005,trader_0015,ETH-USD,SELL,2015.59,676,676,0,2026-01-01T03:26:00Z
order_00012675,batch_0005,trader_0005,ETH-USD,SELL,2015.62,212,212,0,2026-01-01T03:31:14Z
order_00009985,batch_0005,trader_0013,ETH-USD,SELL,2015.63,868,868,0,2026-01-01T02:46:24Z
order_00015904,batch_0005,trader_0017,ETH-USD,SELL,2015.75,684,684,0,2026-01-01T04:25:03Z
order_00012387,batch_0005,trader_0003,ETH-USD,SELL,2015.8,882,882,0,2026-01-01T03:26:26Z
order_00010594,batch_0005,trader_0020,ETH-USD,SELL,2015.84,759,759,0,2026-01-01T02:56:33Z
order_00010617,batch_0005,trader_0012,ETH-USD,SELL,2016.16,193,193,0,2026-01-01T02:56:56Z
order_00014260,batch_0005,trader_0009,ETH-USD,SELL,2016.4,938,938,0,2026-01-01T03:57:39Z
order_00016317,batch_0005,trader_0004,ETH-USD,SELL,2016.54,52,52,0,2026-01-01T04:31:56Z
order_00013514,batch_0005,trader_0003,ETH-USD,SELL,2016.56,945,945,0,2026-01-01T03:45:13Z
order_00008113,batch_0005,trader_0024,ETH-USD,SELL,2016.58,778,778,0,2026-01-01T02:15:12Z
order_00009744,batch_0005,trader_0004,ETH-USD,SELL,2016.7,717,717,0,2026-01-01T02:42:23Z
order_00014699,batch_0005,trader_0023,ETH-USD,SELL,2016.71,387,387,0,2026-01-01T04:04:58Z
order_00011535,batch_0005,trader_0017,ETH-USD,SELL,2016.81,501,501,0,2026-01-01T03:12:14Z
order_00006802,batch_0005,trader_0008,ETH-USD,SELL,2016.82,91,91,0,2026-01-01T01:53:21Z
order_00009433,batch_0005,trader_0010,ETH-USD,SELL,2016.93,454,454,0,2026-01-01T02:37:12Z
order_00015440,batch_0005,trader_0007,ETH-USD,SELL,2017.05,194,194,0,2026-01-01T04:17:19Z
order_00015159,batch_0005,trader_0013,ETH-USD,SELL,2017.1,435,435,0,2026-01-01T04:12:38Z
order_00015208,batch_0005,trader_0024,ETH-USD,SELL,2017.12,425,425,0,2026-01-01T04:13:27Z
order_00007404,batch_0005,trader_0007,ETH-USD,SELL,2017.25,891,891,0,2026-01-01T02:03:23Z
order_00007280,batch_0005,trader_0001,ETH-USD,SELL,2017.29,821,821,0,2026-01-01T02:01:19Z
order_00012093,batch_0005,trader_0009,ETH-USD,SELL,2017.38,863,863,0,2026-01-01T03:21:32Z
order_00015331,batch_0005,trader_0014,ETH-USD,SELL,2017.45,248,248,0,2026-01-01T04:15:30Z
order_00010405,batch_0005,trader_0001,ETH-USD,SELL,2017.64,422,422,0,2026-01-01T02:53:24Z
order_00007549,batch_0005,trader_0022,ETH-USD,SELL,2017.9,443,443,0,2026-01-01T02:05:48Z
order_00008750,batch_0005,trader_0005,ETH-USD,SELL,2017.91,298,298,0,2026-01-01T02:25:49Z
order_00013688,batch_0005,trader_0016,ETH-USD,SELL,2018.08,685,685,0,2026-01-01T03:48:07Z
order_00016136,batch_0005,trader_0007,ETH-USD,SELL,2018.13,651,651,0,2026-01-01T04:28:55Z
order_00015108,batch_0005,trader_0009,ETH-USD,SELL,2018.21,225,225,0,2026-01-01T04:11:47Z
order_00010078,batch_0005,trader_0021,ETH-USD,SELL,2018.28,518,518,0,2026-01-01T02:47:57Z
order_00011495,batch_0005,trader_0017,ETH-USD,SELL,2018.29,579,579,0,2026-01-01T03:11:34Z
order_00011924,batch_0005,trader_0002,ETH-USD,SELL,2018.43,466,466,0,2026-01-01T03:18:43Z
order_00016111,batch_0005,trader_0003,ETH-USD,SELL,2018.53,937,937,0,2026-01-01T04:28:30Z
order_00013288,batch_0005,trader_0008,ETH-USD,SELL,2018.55,454,454,0,2026-01-01T03:41:27Z
order_00014089,batch_0005,trader_0018,ETH-USD,SELL,2018.72,575,575,0,2026-01-01T03:54:48Z
order_00015665,batch_0005,trader_0011,ETH-USD,SELL,2018.86,933,933,0,2026-01-01T04:21:04Z
order_00014942,batch_0005,trader_0004,ETH-USD,SELL,2018.87,630,630,0,2026-01-01T04:09:01Z
order_00012067,batch_0005,trader_0016,ETH-USD,SELL,2018.96,701,701,0,2026-01-01T03:21:06Z
order_00007341,batch_0005,trader_0014,ETH-USD,SELL,2018.98,489,489,0,2026-01-01T02:02:20Z
order_00008918,batch_0005,trader_0005,ETH-USD,SELL,2019.0,913,913,0,2026-01-01T02:28:37Z
order_00011835,batch_0005,trader_0007,ETH-USD,SELL,2019.03,831,831,0,2026-01-01T03:17:14Z
order_00007957,batch_0005,trader_0022,ETH-USD,SELL,2019.05,89,89,0,2026-01-01T02:12:36Z
order_00009217,batch_0005,trader_0016,ETH-USD,SELL,2019.12,212,212,0,2026-01-01T02:33:36Z
order_00006770,batch_0005,trader_0013,ETH-USD,SELL,2019.21,736,736,0,2026-01-01T01:52:49Z
order_00011666,batch_0005,trader_0014,ETH-USD,SELL,2019.22,748,748,0,2026-01-01T03:14:25Z
order_00014614,batch_0005,trader_0016,ETH-USD,SELL,2019.28,68,68,0,2026-01-01T04:03:33Z
order_00013836,batch_0005,trader_0002,ETH-USD,SELL,2019.36,55,55,0,2026-01-01T03:50:35Z
order_00012851,batch_0005,trader_0017,ETH-USD,SELL,2019.37,966,966,0,2026-01-01T03:34:10Z
order_00007538,batch_0005,trader_0007,ETH-USD,SELL,2019.39,698,698,0,2026-01-01T02:05:37Z
order_00010281,batch_0005,trader_0016,ETH-USD,SELL,2019.45,577,577,0,2026-01-01T02:51:20Z
order_00014781,batch_0005,trader_0015,ETH-USD,SELL,2019.48,243,243,0,2026-01-01T04:06:20Z
order_00011800,batch_0005,trader_0009,ETH-USD,SELL,2019.51,728,728,0,2026-01-01T03:16:39Z
order_00007084,batch_0005,trader_0004,ETH-USD,SELL,2019.52,80,80,0,2026-01-01T01:58:03Z
order_00009429,batch_0005,trader_0002,ETH-USD,SELL,2019.64,787,787,0,2026-01-01T02:37:08Z
order_00015016,batch_0005,trader_0022,ETH-USD,SELL,2019.76,956,956,0,2026-01-01T04:10:15Z
order_00008814,batch_0005,trader_0012,ETH-USD,SELL,2019.8,1,1,0,2026-01-01T02:26:53Z
order_00007055,batch_0005,trader_0008,ETH-USD,SELL,2019.83,113,113,0,2026-01-01T01:57:34Z
order_00008551,batch_0005,trader_0007,ETH-USD,SELL,2020.22,941,941,0,2026-01-01T02:22:30Z
order_00012467,batch_0005,trader_0016,ETH-USD,SELL,2020.24,633,633,0,2026-01-01T03:27:46Z
order_00016091,batch_0005,trader_0005,ETH-USD,SELL,2020.26,192,192,0,2026-01-01T04:28:10Z
order_00009087,batch_0005,trader_0015,ETH-USD,SELL,2020.3,175,175,0,2026-01-01T02:31:26Z
order_00012824,batch_0005,trader_0003,ETH-USD,SELL,2020.3,598,598,0,2026-01-01T03:33:43Z
order_00010692,batch_0005,trader_0001,ETH-USD,SELL,2020.41,625,625,0,2026-01-01T02:58:11Z
order_00009455,batch_0005,trader_0014,ETH-USD,SELL,2020.5,360,360,0,2026-01-01T02:37:34Z
order_00010164,batch_0005,trader_0017,ETH-USD,SELL,2020.53,825,825,0,2026-01-01T02:49:23Z
order_00012896,batch_0005,trader_0014,ETH-USD,SELL,2020.56,979,979,0,2026-01-01T03:34:55Z
order_00011718,batch_0005,trader_0025,ETH-USD,SELL,2020.81,881,881,0,2026-01-01T03:15:17Z
order_00015360,batch_0005,trader_0008,ETH-USD,SELL,2020.89,955,955,0,2026-01-01T04:15:59Z
order_00008267,batch_0005,trader_0024,ETH-USD,SELL,2020.92,127,127,0,2026-01-01T02:17:46Z
order_00008174,batch_0005,trader_0025,ETH-USD,SELL,2021.08,358,358,0,2026-01-01T02:16:13Z
order_00007522,batch_0005,trader_0017,ETH-USD,SELL,2021.22,68,68,0,2026-01-01T02:05:21Z
order_00011739,batch_0005,trader_0022,ETH-USD,SELL,2021.23,868,868,0,2026-01-01T03:15:38Z
order_00011344,batch_0005,trader_0005,ETH-USD,SELL,2021.29,69,69,0,2026-01-01T03:09:03Z
order_00012882,batch_0005,trader_0019,ETH-USD,SELL,2021.29,92,92,0,2026-01-01T03:34:41Z
order_00006976,batch_0005,trader_0008,ETH-USD,SELL,2021.31,397,397,0,2026-01-01T01:56:15Z
order_00009580,batch_0005,trader_0011,ETH-USD,SELL,2021.42,192,192,0,2026-01-01T02:39:39Z
order_00007340,batch_0005,trader_0023,ETH-USD,SELL,2021.51,164,164,0,2026-01-01T02:02:19Z
order_00007929,batch_0005,trader_0020,ETH-USD,SELL,2021.71,932,932,0,2026-01-01T02:12:08Z
order_00009037,batch_0005,trader_0013,ETH-USD,SELL,2021.75,420,420,0,2026-01-01T02:30:36Z
order_00012767,batch_0005,trader_0009,ETH-USD,SELL,2021.75,353,353,0,2026-01-01T03:32:46Z
order_00009809,batch_0005,trader_0019,ETH-USD,SELL,2021.76,525,525,0,2026-01-01T02:43:28Z
order_00012048,batch_0005,trader_0025,ETH-USD,SELL,2021.76,900,900,0,2026-01-01T03:20:47Z
order_00012482,batch_0005,trader_0017,ETH-USD,SELL,2021.9,864,864,0,2026-01-01T03:28:01Z
order_00014112,batch_0005,trader_0019,ETH-USD,SELL,2021.99,810,810,0,2026-01-01T03:55:11Z
order_00008296,batch_0005,trader_0011,ETH-USD,SELL,2022.11,647,647,0,2026-01-01T02:18:15Z
order_00012105,batch_0005,trader_0006,ETH-USD,SELL,2022.16,684,684,0,2026-01-01T03:21:44Z
order_00014733,batch_0005,trader_0016,ETH-USD,SELL,2022.21,643,643,0,2026-01-01T04:05:32Z
order_00013072,batch_0005,trader_0005,ETH-USD,SELL,2022.46,796,796,0,2026-01-01T03:37:51Z
order_00008373,batch_0005,trader_0001,ETH-USD,SELL,2022.68,555,555,0,2026-01-01T02:19:32Z
order_00010359,batch_0005,trader_0012,ETH-USD,SELL,2022.72,471,471,0,2026-01-01T02:52:38Z
order_00008666,batch_0005,trader_0007,ETH-USD,SELL,2022.92,602,602,0,2026-01-01T02:24:25Z
order_00013095,batch_0005,trader_0019,ETH-USD,SELL,2022.93,418,418,0,2026-01-01T03:38:14Z
order_00006769,batch_0005,trader_0021,ETH-USD,SELL,2022.98,128,128,0,2026-01-01T01:52:48Z
order_00008772,batch_0005,trader_0024,ETH-USD,SELL,2023.26,857,857,0,2026-01-01T02:26:11Z
order_00014432,batch_0005,trader_0023,ETH-USD,SELL,2023.28,959,959,0,2026-01-01T04:00:31Z
order_00010515,batch_0005,trader_0016,ETH-USD,SELL,2023.32,608,608,0,2026-01-01T02:55:14Z
order_00006724,batch_0005,trader_0002,ETH-USD,SELL,2023.36,620,620,0,2026-01-01T01:52:03Z
order_00012502,batch_0005,trader_0001,ETH-USD,SELL,2023.51,271,271,0,2026-01-01T03:28:21Z
order_00012094,batch_0005,trader_0025,ETH-USD,SELL,2023.64,558,558,0,2026-01-01T03:21:33Z
order_00010958,batch_0005,trader_0003,ETH-USD,SELL,2023.74,785,785,0,2026-01-01T03:02:37Z
order_00016190,batch_0005,trader_0016,ETH-USD,SELL,2023.86,168,168,0,2026-01-01T04:29:49Z
order_00013200,batch_0005,trader_0021,ETH-USD,SELL,2023.93,20,20,0,2026-01-01T03:39:59Z
order_00013459,batch_0005,trader_0023,ETH-USD,SELL,2024.02,289,289,0,2026-01-01T03:44:18Z
order_00008594,batch_0005,trader_0022,ETH-USD,SELL,2024.08,420,420,0,2026-01-01T02:23:13Z
order_00009866,batch_0005,trader_0015,ETH-USD,SELL,2024.21,557,557,0,2026-01-01T02:44:25Z
order_00013297,batch_0005,trader_0018,ETH-USD,SELL,2024.34,73,73,0,2026-01-01T03:41:36Z
order_00008255,batch_0005,trader_0022,ETH-USD,SELL,2024.37,405,405,0,2026-01-01T02:17:34Z
order_00007898,batch_0005,trader_0003,ETH-USD,SELL,2024.4,815,815,0,2026-01-01T02:11:37Z
order_00011504,batch_0005,trader_0024,ETH-USD,SELL,2024.41,856,856,0,2026-01-01T03:11:43Z
order_00008412,batch_0005,trader_0015,ETH-USD,SELL,2024.52,307,307,0,2026-01-01T02:20:11Z
order_00016525,batch_0005,trader_0008,ETH-USD,SELL,2024.65,472,472,0,2026-01-01T04:35:24Z
order_00008718,batch_0005,trader_0016,ETH-USD,SELL,2024.77,329,329,0,2026-01-01T02:25:17Z
order_00013818,batch_0005,trader_0022,ETH-USD,SELL,2024.77,57,57,0,2026-01-01T03:50:17Z
order_00009769,batch_0005,trader_0019,ETH-USD,SELL,2024.79,565,565,0,2026-01-01T02:42:48Z
order_00010660,batch_0005,trader_0014,ETH-USD,SELL,2024.8,705,705,0,2026-01-01T02:57:39Z
order_00012991,batch_0005,trader_0017,ETH-USD,SELL,2024.8,233,233,0,2026-01-01T03:36:30Z
order_00011346,batch_0005,trader_0021,ETH-USD,SELL,2024.88,777,777,0,2026-01-01T03:09:05Z
order_00009922,batch_0005,trader_0016,ETH-USD,SELL,2025.06,727,727,0,2026-01-01T02:45:21Z
order_00015107,batch_0005,trader_0014,ETH-USD,SELL,2025.06,635,635,0,2026-01-01T04:11:46Z
order_00011259,batch_0005,trader_0018,ETH-USD,SELL,2025.16,175,175,0,2026-01-01T03:07:38Z
order_00013219,batch_0005,trader_0011,ETH-USD,SELL,2025.26,989,989,0,2026-01-01T03:40:18Z
order_00012029,batch_0005,trader_0016,ETH-USD,SELL,2025.4,815,815,0,2026-01-01T03:20:28Z
order_00012413,batch_0005,trader_0001,ETH-USD,SELL,2025.43,810,810,0,2026-01-01T03:26:52Z
order_00010439,batch_0005,trader_0024,ETH-USD,SELL,2025.46,430,430,0,2026-01-01T02:53:58Z
order_00012613,batch_0005,trader_0019,ETH-USD,SELL,2025.5,481,481,0,2026-01-01T03:30:12Z
order_00013641,batch_0005,trader_0015,ETH-USD,SELL,2025.53,628,628,0,2026-01-01T03:47:20Z
order_00013571,batch_0005,trader_0006,ETH-USD,SELL,2025.54,334,334,0,2026-01-01T03:46:10Z
order_00015496,batch_0005,trader_0017,ETH-USD,SELL,2025.56,296,296,0,2026-01-01T04:18:15Z
order_00011820,batch_0005,trader_0017,ETH-USD,SELL,2025.63,647,647,0,2026-01-01T03:16:59Z
order_00007027,batch_0005,trader_0003,ETH-USD,SELL,2025.82,415,415,0,2026-01-01T01:57:06Z
order_00007354,batch_0005,trader_0023,ETH-USD,SELL,2025.84,551,551,0,2026-01-01T02:02:33Z
order_00011805,batch_0005,trader_0017,ETH-USD,SELL,2025.85,53,53,0,2026-01-01T03:16:44Z
order_00013185,batch_0005,trader_0003,ETH-USD,SELL,2025.94,238,238,0,2026-01-01T03:39:44Z
order_00007013,batch_0005,trader_0003,ETH-USD,SELL,2025.97,140,140,0,2026-01-01T01:56:52Z
order_00007144,batch_0005,trader_0019,ETH-USD,SELL,2026.2,304,304,0,2026-01-01T01:59:03Z
order_00012317,batch_0005,trader_0014,ETH-USD,SELL,2026.27,297,297,0,2026-01-01T03:25:16Z
order_00014019,batch_0005,trader_0003,ETH-USD,SELL,2026.32,847,847,0,2026-01-01T03:53:38Z
order_00009678,batch_0005,trader_0006,ETH-USD,SELL,2026.36,582,582,0,2026-01-01T02:41:17Z
order_00015692,batch_0005,trader_0021,ETH-USD,SELL,2026.41,829,829,0,2026-01-01T04:21:31Z
order_00015539,batch_0005,trader_0022,ETH-USD,SELL,2026.48,622,622,0,2026-01-01T04:18:58Z
order_00015953,batch_0005,trader_0018,ETH-USD,SELL,2026.48,945,945,0,2026-01-01T04:25:52Z
order_00008288,batch_0005,trader_0001,ETH-USD,SELL,2026.5,494,494,0,2026-01-01T02:18:07Z
order_00015352,batch_0005,trader_0013,ETH-USD,SELL,2026.61,795,795,0,2026-01-01T04:15:51Z
order_00016235,batch_0005,trader_0024,ETH-USD,SELL,2026.62,245,245,0,2026-01-01T04:30:34Z
order_00007618,batch_0005,trader_0023,ETH-USD,SELL,2026.86,201,201,0,2026-01-01T02:06:57Z
order_00012310,batch_0005,trader_0003,ETH-USD,SELL,2026.89,282,282,0,2026-01-01T03:25:09Z
order_00008849,batch_0005,trader_0002,ETH-USD,SELL,2027.08,883,883,0,2026-01-01T02:27:28Z
order_00016103,batch_0005,trader_0025,ETH-USD,SELL,2027.12,787,787,0,2026-01-01T04:28:22Z
order_00012866,batch_0005,trader_0016,ETH-USD,SELL,2028.0,481,481,0,2026-01-01T03:34:25Z
order_00011714,batch_0005,trader_0006,ETH-USD,SELL,2028.13,21,21,0,2026-01-01T03:15:13Z
order_00010318,batch_0005,trader_0020,ETH-USD,SELL,2028.35,637,637,0,2026-01-01T02:51:57Z
order_00009998,batch_0005,trader_0012,ETH-USD,SELL,2028.37,343,343,0,2026-01-01T02:46:37Z
order_00016521,batch_0005,trader_0004,ETH-USD,SELL,2028.44,742,742,0,2026-01-01T04:35:20Z
order_00014862,batch_0005,trader_0005,ETH-USD,SELL,2028.45,822,822,0,2026-01-01T04:07:41Z
order_00015856,batch_0005,trader_0021,ETH-USD,SELL,2028.45,739,739,0,2026-01-01T04:24:15Z
order_00010009,batch_0005,trader_0018,ETH-USD,SELL,2028.71,865,865,0,2026-01-01T02:46:48Z
order_00015223,batch_0005,trader_0011,ETH-USD,SELL,2028.8,4,4,0,2026-01-01T04:13:42Z
order_00009811,batch_0005,trader_0021,ETH-USD,SELL,2028.84,523,523,0,2026-01-01T02:43:30Z
order_00014126,batch_0005,trader_0005,ETH-USD,SELL,2028.87,717,717,0,2026-01-01T03:55:25Z
order_00012122,batch_0005,trader_0021,ETH-USD,SELL,2028.89,498,498,0,2026-01-01T03:22:01Z
order_00012263,batch_0005,trader_0010,ETH-USD,SELL,2028.95,179,179,0,2026-01-01T03:24:22Z
order_00015855,batch_0005,trader_0003,ETH-USD,SELL,2029.16,4,4,0,2026-01-01T04:24:14Z
order_00008035,batch_0005,trader_0023,ETH-USD,SELL,2029.17,509,509,0,2026-01-01T02:13:54Z
order_00014255,batch_0005,trader_0013,ETH-USD,SELL,2029.18,753,753,0,2026-01-01T03:57:34Z
order_00010349,batch_0005,trader_0020,ETH-USD,SELL,2029.4,62,62,0,2026-01-01T02:52:28Z
order_00006847,batch_0005,trader_0009,ETH-USD,SELL,2029.47,290,290,0,2026-01-01T01:54:06Z
order_00008268,batch_0005,trader_0007,ETH-USD,SELL,2029.55,573,573,0,2026-01-01T02:17:47Z
order_00007782,batch_0005,trader_0007,ETH-USD,SELL,2029.58,91,91,0,2026-01-01T02:09:41Z
order_00010435,batch_0005,trader_0010,ETH-USD,SELL,2029.6,879,879,0,2026-01-01T02:53:54Z
order_00008633,batch_0005,trader_0010,ETH-USD,SELL,2029.65,321,321,0,2026-01-01T02:23:52Z
order_00015259,batch_0005,trader_0019,ETH-USD,SELL,2029.66,807,807,0,2026-01-01T04:14:18Z
order_00014826,batch_0005,trader_0025,ETH-USD,SELL,2029.78,460,460,0,2026-01-01T04:07:05Z
order_00008464,batch_0005,trader_0019,ETH-USD,SELL,2029.83,701,701,0,2026-01-01T02:21:03Z
order_00013278,batch_0005,trader_0002,ETH-USD,SELL,2030.0,111,111,0,2026-01-01T03:41:17Z
order_00014615,batch_0005,trader_0008,ETH-USD,SELL,2030.07,773,773,0,2026-01-01T04:03:34Z
order_00009805,batch_0005,trader_0024,ETH-USD,SELL,2030.08,127,127,0,2026-01-01T02:43:24Z
order_00011116,batch_0005,trader_0016,ETH-USD,SELL,2030.1,970,970,0,2026-01-01T03:05:15Z
order_00012084,batch_0005,trader_0007,ETH-USD,SELL,2030.21,737,737,0,2026-01-01T03:21:23Z
order_00009729,batch_0005,trader_0003,ETH-USD,SELL,2030.23,777,777,0,2026-01-01T02:42:08Z
order_00012960,batch_0005,trader_0010,ETH-USD,SELL,2030.4,930,930,0,2026-01-01T03:35:59Z
order_00012383,batch_0005,trader_0006,ETH-USD,SELL,2030.49,695,695,0,2026-01-01T03:26:22Z
order_00014535,batch_0005,trader_0021,ETH-USD,SELL,2030.53,242,242,0,2026-01-01T04:02:14Z
order_00010000,batch_0005,trader_0013,ETH-USD,SELL,2030.62,7,7,0,2026-01-01T02:46:39Z
order_00010504,batch_0005,trader_0004,ETH-USD,SELL,2030.69,237,237,0,2026-01-01T02:55:03Z
order_00011130,batch_0005,trader_0011,ETH-USD,SELL,2030.9,537,537,0,2026-01-01T03:05:29Z
order_00010178,batch_0005,trader_0020,ETH-USD,SELL,2031.15,675,675,0,2026-01-01T02:49:37Z
order_00008198,batch_0005,trader_0025,ETH-USD,SELL,2031.32,374,374,0,2026-01-01T02:16:37Z
order_00012929,batch_0005,trader_0006,ETH-USD,SELL,2031.35,761,761,0,2026-01-01T03:35:28Z
order_00009469,batch_0005,trader_0007,ETH-USD,SELL,2031.36,790,790,0,2026-01-01T02:37:48Z
order_00010172,batch_0005,trader_0006,ETH-USD,SELL,2031.44,699,699,0,2026-01-01T02:49:31Z
order_00010182,batch_0005,trader_0003,ETH-USD,SELL,2031.52,934,934,0,2026-01-01T02:49:41Z
order_00010951,batch_0005,trader_0008,ETH-USD,SELL,2031.56,913,913,0,2026-01-01T03:02:30Z
order_00012607,batch_0005,trader_0008,ETH-USD,SELL,2031.58,170,170,0,2026-01-01T03:30:06Z
order_00014450,batch_0005,trader_0020,ETH-USD,SELL,2031.58,633,633,0,2026-01-01T04:00:49Z
order_00007761,batch_0005,trader_0003,ETH-USD,SELL,2031.6,149,149,0,2026-01-01T02:09:20Z
order_00016366,batch_0005,trader_0002,ETH-USD,SELL,2031.64,411,411,0,2026-01-01T04:32:45Z
order_00008574,batch_0005,trader_0016,ETH-USD,SELL,2031.65,223,223,0,2026-01-01T02:22:53Z
order_00015957,batch_0005,trader_0006,ETH-USD,SELL,2031.69,44,44,0,2026-01-01T04:25:56Z
order_00016363,batch_0005,trader_0017,ETH-USD,SELL,2031.71,658,658,0,2026-01-01T04:32:42Z
order_00014042,batch_0005,trader_0004,ETH-USD,SELL,2031.82,920,920,0,2026-01-01T03:54:01Z
order_00007477,batch_0005,trader_0021,ETH-USD,SELL,2031.85,695,695,0,2026-01-01T02:04:36Z
order_00013477,batch_0005,trader_0001,ETH-USD,SELL,2031.85,374,374,0,2026-01-01T03:44:36Z
order_00012271,batch_0005,trader_0005,ETH-USD,SELL,2031.87,662,662,0,2026-01-01T03:24:30Z
order_00011003,batch_0005,trader_0018,ETH-USD,SELL,2031.89,398,398,0,2026-01-01T03:03:22Z
order_00013679,batch_0005,trader_0012,ETH-USD,SELL,2032.01,470,470,0,2026-01-01T03:47:58Z
order_00008591,batch_0005,trader_0020,ETH-USD,SELL,2032.06,835,835,0,2026-01-01T02:23:10Z
order_00015321,batch_0005,trader_0019,ETH-USD,SELL,2032.16,776,776,0,2026-01-01T04:15:20Z
order_00011330,batch_0005,trader_0002,ETH-USD,SELL,2032.22,747,747,0,2026-01-01T03:08:49Z
order_00011626,batch_0005,trader_0018,ETH-USD,SELL,2032.3,325,325,0,2026-01-01T03:13:45Z
order_00014211,batch_0005,trader_0007,ETH-USD,SELL,2032.3,759,759,0,2026-01-01T03:56:50Z
order_00009499,batch_0005,trader_0005,ETH-USD,SELL,2032.32,508,508,0,2026-01-01T02:38:18Z
order_00014598,batch_0005,trader_0022,ETH-USD,SELL,2032.34,179,179,0,2026-01-01T04:03:17Z
order_00011932,batch_0005,trader_0024,ETH-USD,SELL,2032.42,632,632,0,2026-01-01T03:18:51Z
order_00011897,batch_0005,trader_0021,ETH-USD,SELL,2032.77,912,912,0,2026-01-01T03:18:16Z
order_00012249,batch_0005,trader_0001,ETH-USD,SELL,2032.78,439,439,0,2026-01-01T03:24:08Z
order_00015511,batch_0005,trader_0012,ETH-USD,SELL,2032.85,215,215,0,2026-01-01T04:18:30Z
order_00016530,batch_0005,trader_0007,ETH-USD,SELL,2032.88,656,656,0,2026-01-01T04:35:29Z
order_00014201,batch_0005,trader_0002,ETH-USD,SELL,2032.89,424,424,0,2026-01-01T03:56:40Z
order_00008837,batch_0005,trader_0020,ETH-USD,SELL,2032.96,631,631,0,2026-01-01T02:27:16Z
order_00010884,batch_0005,trader_0002,ETH-USD,SELL,2032.97,354,354,0,2026-01-01T03:01:23Z
order_00012850,batch_0005,trader_0001,ETH-USD,SELL,2032.97,630,630,0,2026-01-01T03:34:09Z
order_00015680,batch_0005,trader_0025,ETH-USD,SELL,2033.03,635,635,0,2026-01-01T04:21:19Z
order_00012947,batch_0005,trader_0010,ETH-USD,SELL,2033.09,737,737,0,2026-01-01T03:35:46Z
order_00014480,batch_0005,trader_0013,ETH-USD,SELL,2033.11,1,1,0,2026-01-01T04:01:19Z
order_00010345,batch_0005,trader_0005,ETH-USD,SELL,2033.12,22,22,0,2026-01-01T02:52:24Z
order_00009853,batch_0005,trader_0008,ETH-USD,SELL,2033.23,468,468,0,2026-01-01T02:44:12Z
order_00006638,batch_0005,trader_0006,ETH-USD,SELL,2033.36,583,583,0,2026-01-01T01:50:37Z
order_00007963,batch_0005,trader_0013,ETH-USD,SELL,2033.42,751,751,0,2026-01-01T02:12:42Z
order_00008576,batch_0005,trader_0013,ETH-USD,SELL,2033.48,35,35,0,2026-01-01T02:22:55Z
order_00007220,batch_0005,trader_0020,ETH-USD,SELL,2033.5,478,478,0,2026-01-01T02:00:19Z
order_00012449,batch_0005,trader_0015,ETH-USD,SELL,2033.57,940,940,0,2026-01-01T03:27:28Z
order_00013353,batch_0005,trader_0021,ETH-USD,SELL,2033.59,634,634,0,2026-01-01T03:42:32Z
order_00011209,batch_0005,trader_0014,ETH-USD,SELL,2033.69,516,516,0,2026-01-01T03:06:48Z
order_00010575,batch_0005,trader_0019,ETH-USD,SELL,2033.7,876,876,0,2026-01-01T02:56:14Z
order_00009272,batch_0005,trader_0008,ETH-USD,SELL,2034.03,327,327,0,2026-01-01T02:34:31Z
order_00015122,batch_0005,trader_0004,ETH-USD,SELL,2034.16,208,208,0,2026-01-01T04:12:01Z
order_00016488,batch_0005,trader_0013,ETH-USD,SELL,2034.16,319,319,0,2026-01-01T04:34:47Z
order_00014780,batch_0005,trader_0016,ETH-USD,SELL,2034.23,245,245,0,2026-01-01T04:06:19Z
order_00007796,batch_0005,trader_0025,ETH-USD,SELL,2034.4,940,940,0,2026-01-01T02:09:55Z
order_00010081,batch_0005,trader_0012,ETH-USD,SELL,2034.49,643,643,0,2026-01-01T02:48:00Z
order_00009823,batch_0005,trader_0008,ETH-USD,SELL,2034.72,755,755,0,2026-01-01T02:43:42Z
order_00011988,batch_0005,trader_0012,ETH-USD,SELL,2034.85,482,482,0,2026-01-01T03:19:47Z
order_00008586,batch_0005,trader_0004,ETH-USD,SELL,2034.86,647,647,0,2026-01-01T02:23:05Z
order_00012863,batch_0005,trader_0022,ETH-USD,SELL,2034.94,733,733,0,2026-01-01T03:34:22Z
order_00009770,batch_0005,trader_0001,ETH-USD,SELL,2035.05,761,761,0,2026-01-01T02:42:49Z
order_00015940,batch_0005,trader_0021,ETH-USD,SELL,2035.05,367,367,0,2026-01-01T04:25:39Z
order_00012834,batch_0005,trader_0022,ETH-USD,SELL,2035.23,135,135,0,2026-01-01T03:33:53Z
order_00008908,batch_0005,trader_0021,ETH-USD,SELL,2035.27,237,237,0,2026-01-01T02:28:27Z
order_00012205,batch_0005,trader_0020,ETH-USD,SELL,2035.33,84,84,0,2026-01-01T03:23:24Z
order_00013675,batch_0005,trader_0024,ETH-USD,SELL,2035.35,189,189,0,2026-01-01T03:47:54Z
order_00016171,batch_0005,trader_0012,ETH-USD,SELL,2035.37,161,161,0,2026-01-01T04:29:30Z
order_00009993,batch_0005,trader_0013,ETH-USD,SELL,2035.54,500,500,0,2026-01-01T02:46:32Z
order_00011703,batch_0005,trader_0011,ETH-USD,SELL,2035.68,332,332,0,2026-01-01T03:15:02Z
order_00006853,batch_0005,trader_0020,ETH-USD,SELL,2035.71,36,36,0,2026-01-01T01:54:12Z
order_00015462,batch_0005,trader_0002,ETH-USD,SELL,2035.88,267,267,0,2026-01-01T04:17:41Z
order_00011542,batch_0005,trader_0017,ETH-USD,SELL,2035.9,699,699,0,2026-01-01T03:12:21Z
order_00013140,batch_0005,trader_0017,ETH-USD,SELL,2035.95,720,720,0,2026-01-01T03:38:59Z
order_00009738,batch_0005,trader_0011,ETH-USD,SELL,2036.02,541,541,0,2026-01-01T02:42:17Z
order_00010147,batch_0005,trader_0018,ETH-USD,SELL,2036.02,677,677,0,2026-01-01T02:49:06Z
order_00013076,batch_0005,trader_0024,ETH-USD,SELL,2036.02,432,432,0,2026-01-01T03:37:55Z
order_00006686,batch_0005,trader_0017,ETH-USD,SELL,2036.31,73,73,0,2026-01-01T01:51:25Z
order_00012213,batch_0005,trader_0022,ETH-USD,SELL,2036.49,752,752,0,2026-01-01T03:23:32Z
order_00016565,batch_0005,trader_0024,ETH-USD,SELL,2036.49,359,359,0,2026-01-01T04:36:04Z
order_00007033,batch_0005,trader_0024,ETH-USD,SELL,2036.6,132,132,0,2026-01-01T01:57:12Z
order_00010361,batch_0005,trader_0009,ETH-USD,SELL,2036.61,512,512,0,2026-01-01T02:52:40Z
order_00009440,batch_0005,trader_0022,ETH-USD,SELL,2036.68,661,661,0,2026-01-01T02:37:19Z
order_00008365,batch_0005,trader_0019,ETH-USD,SELL,2036.75,975,975,0,2026-01-01T02:19:24Z
order_00014407,batch_0005,trader_0024,ETH-USD,SELL,2036.75,661,661,0,2026-01-01T04:00:06Z
order_00011546,batch_0005,trader_0010,ETH-USD,SELL,2036.82,486,486,0,2026-01-01T03:12:25Z
order_00014655,batch_0005,trader_0003,ETH-USD,SELL,2036.9,276,276,0,2026-01-01T04:04:14Z
order_00015353,batch_0005,trader_0001,ETH-USD,SELL,2037.0,19,19,0,2026-01-01T04:15:52Z
order_00014116,batch_0005,trader_0023,ETH-USD,SELL,2037.01,741,741,0,2026-01-01T03:55:15Z
order_00015800,batch_0005,trader_0022,ETH-USD,SELL,2037.07,165,165,0,2026-01-01T04:23:19Z
order_00008082,batch_0005,trader_0006,ETH-USD,SELL,2037.2,153,153,0,2026-01-01T02:14:41Z
order_00013075,batch_0005,trader_0008,ETH-USD,SELL,2037.43,256,256,0,2026-01-01T03:37:54Z
order_00015350,batch_0005,trader_0023,ETH-USD,SELL,2037.43,864,864,0,2026-01-01T04:15:49Z
order_00008511,batch_0005,trader_0002,ETH-USD,SELL,2037.56,551,551,0,2026-01-01T02:21:50Z
order_00013493,batch_0005,trader_0005,ETH-USD,SELL,2037.74,712,712,0,2026-01-01T03:44:52Z
order_00012289,batch_0005,trader_0006,ETH-USD,SELL,2037.81,882,882,0,2026-01-01T03:24:48Z
order_00015815,batch_0005,trader_0019,ETH-USD,SELL,2037.95,797,797,0,2026-01-01T04:23:34Z
order_00014071,batch_0005,trader_0004,ETH-USD,SELL,2038.09,486,486,0,2026-01-01T03:54:30Z
order_00012091,batch_0005,trader_0015,ETH-USD,SELL,2038.42,830,830,0,2026-01-01T03:21:30Z
order_00008330,batch_0005,trader_0015,ETH-USD,SELL,2038.46,450,450,0,2026-01-01T02:18:49Z
order_00007273,batch_0005,trader_0001,ETH-USD,SELL,2038.5,413,413,0,2026-01-01T02:01:12Z
order_00006908,batch_0005,trader_0019,ETH-USD,SELL,2038.55,488,488,0,2026-01-01T01:55:07Z
order_00007778,batch_0005,trader_0012,ETH-USD,SELL,2038.55,173,173,0,2026-01-01T02:09:37Z
order_00009536,batch_0005,trader_0005,ETH-USD,SELL,2038.71,316,316,0,2026-01-01T02:38:55Z
order_00011978,batch_0005,trader_0010,ETH-USD,SELL,2038.84,412,412,0,2026-01-01T03:19:37Z
order_00010109,batch_0005,trader_0003,ETH-USD,SELL,2038.91,963,963,0,2026-01-01T02:48:28Z
order_00009597,batch_0005,trader_0010,ETH-USD,SELL,2039.0,889,889,0,2026-01-01T02:39:56Z
order_00010842,batch_0005,trader_0023,ETH-USD,SELL,2039.09,503,503,0,2026-01-01T03:00:41Z
order_00014645,batch_0005,trader_0014,ETH-USD,SELL,2039.21,258,258,0,2026-01-01T04:04:04Z
order_00006852,batch_0005,trader_0023,ETH-USD,SELL,2039.5,264,264,0,2026-01-01T01:54:11Z
order_00014643,batch_0005,trader_0022,ETH-USD,SELL,2039.62,426,426,0,2026-01-01T04:04:02Z
order_00008593,batch_0005,trader_0010,ETH-USD,SELL,2039.7,693,693,0,2026-01-01T02:23:12Z
order_00016529,batch_0005,trader_0025,ETH-USD,SELL,2039.75,837,837,0,2026-01-01T04:35:28Z
order_00010863,batch_0005,trader_0015,ETH-USD,SELL,2039.85,888,888,0,2026-01-01T03:01:02Z
order_00006601,batch_0005,trader_0013,ETH-USD,SELL,2039.94,737,737,0,2026-01-01T01:50:00Z
order_00012925,batch_0005,trader_0018,ETH-USD,SELL,2040.02,108,108,0,2026-01-01T03:35:24Z
order_00009351,batch_0005,trader_0007,ETH-USD,SELL,2040.19,418,418,0,2026-01-01T02:35:50Z
order_00007180,batch_0005,trader_0002,ETH-USD,SELL,2040.2,506,506,0,2026-01-01T01:59:39Z
order_00006640,batch_0005,trader_0005,ETH-USD,SELL,2040.33,971,971,0,2026-01-01T01:50:39Z
order_00011692,batch_0005,trader_0013,ETH-USD,SELL,2040.37,741,741,0,2026-01-01T03:14:51Z
order_00015716,batch_0005,trader_0004,ETH-USD,SELL,2040.39,343,343,0,2026-01-01T04:21:55Z
order_00011095,batch_0005,trader_0003,ETH-USD,SELL,2040.41,207,207,0,2026-01-01T03:04:54Z
order_00015209,batch_0005,trader_0017,ETH-USD,SELL,2040.42,312,312,0,2026-01-01T04:13:28Z
order_00015925,batch_0005,trader_0023,ETH-USD,SELL,2040.44,754,754,0,2026-01-01T04:25:24Z
order_00015682,batch_0005,trader_0015,ETH-USD,SELL,2040.65,469,469,0,2026-01-01T04:21:21Z
order_00009909,batch_0005,trader_0007,ETH-USD,SELL,2040.66,964,964,0,2026-01-01T02:45:08Z
order_00014665,batch_0005,trader_0008,ETH-USD,SELL,2040.68,791,791,0,2026-01-01T04:04:24Z
order_00013070,batch_0005,trader_0018,ETH-USD,SELL,2040.69,227,227,0,2026-01-01T03:37:49Z
order_00016598,batch_0005,trader_0015,ETH-USD,SELL,2040.84,233,233,0,2026-01-01T04:36:37Z
order_00007557,batch_0005,trader_0023,ETH-USD,SELL,2040.89,657,657,0,2026-01-01T02:05:56Z
order_00006704,batch_0005,trader_0004,ETH-USD,SELL,2040.91,255,255,0,2026-01-01T01:51:43Z
order_00014073,batch_0005,trader_0003,ETH-USD,SELL,2040.91,49,49,0,2026-01-01T03:54:32Z
order_00009378,batch_0005,trader_0017,ETH-USD,SELL,2041.01,992,992,0,2026-01-01T02:36:17Z
order_00011810,batch_0005,trader_0022,ETH-USD,SELL,2041.1,389,389,0,2026-01-01T03:16:49Z
order_00009670,batch_0005,trader_0003,ETH-USD,SELL,2041.11,675,675,0,2026-01-01T02:41:09Z
order_00015233,batch_0005,trader_0013,ETH-USD,SELL,2041.2,613,613,0,2026-01-01T04:13:52Z
order_00015652,batch_0005,trader_0013,ETH-USD,SELL,2041.21,124,124,0,2026-01-01T04:20:51Z
order_00008970,batch_0005,trader_0009,ETH-USD,SELL,2041.22,810,810,0,2026-01-01T02:29:29Z
order_00012593,batch_0005,trader_0016,ETH-USD,SELL,2041.24,138,138,0,2026-01-01T03:29:52Z
order_00006641,batch_0005,trader_0024,ETH-USD,SELL,2041.28,755,755,0,2026-01-01T01:50:40Z
order_00013351,batch_0005,trader_0003,ETH-USD,SELL,2041.28,955,955,0,2026-01-01T03:42:30Z
order_00007798,batch_0005,trader_0005,ETH-USD,SELL,2041.5,224,224,0,2026-01-01T02:09:57Z
order_00015070,batch_0005,trader_0004,ETH-USD,SELL,2041.57,897,897,0,2026-01-01T04:11:09Z
order_00015724,batch_0005,trader_0004,ETH-USD,SELL,2041.58,853,853,0,2026-01-01T04:22:03Z
order_00013424,batch_0005,trader_0021,ETH-USD,SELL,2041.61,25,25,0,2026-01-01T03:43:43Z
order_00012934,batch_0005,trader_0014,ETH-USD,SELL,2041.64,751,751,0,2026-01-01T03:35:33Z
order_00008825,batch_0005,trader_0021,ETH-USD,SELL,2041.72,586,586,0,2026-01-01T02:27:04Z
order_00008408,batch_0005,trader_0015,ETH-USD,SELL,2041.74,822,822,0,2026-01-01T02:20:07Z
order_00009690,batch_0005,trader_0007,ETH-USD,SELL,2041.98,690,690,0,2026-01-01T02:41:29Z
order_00006699,batch_0005,trader_0003,ETH-USD,SELL,2042.01,38,38,0,2026-01-01T01:51:38Z
order_00007306,batch_0005,trader_0013,ETH-USD,SELL,2042.04,144,144,0,2026-01-01T02:01:45Z
order_00011630,batch_0005,trader_0020,ETH-USD,SELL,2042.06,943,943,0,2026-01-01T03:13:49Z
order_00012838,batch_0005,trader_0009,ETH-USD,SELL,2042.09,208,208,0,2026-01-01T03:33:57Z
order_00016086,batch_0005,trader_0020,ETH-USD,SELL,2042.19,613,613,0,2026-01-01T04:28:05Z
order_00012038,batch_0005,trader_0006,ETH-USD,SELL,2042.24,621,621,0,2026-01-01T03:20:37Z
order_00008932,batch_0005,trader_0014,ETH-USD,SELL,2042.4,716,716,0,2026-01-01T02:28:51Z
order_00011747,batch_0005,trader_0015,ETH-USD,SELL,2042.4,419,419,0,2026-01-01T03:15:46Z
order_00006930,batch_0005,trader_0021,ETH-USD,SELL,2042.55,860,860,0,2026-01-01T01:55:29Z
order_00010885,batch_0005,trader_0008,ETH-USD,SELL,2042.62,806,806,0,2026-01-01T03:01:24Z
order_00007723,batch_0005,trader_0004,ETH-USD,SELL,2042.66,859,859,0,2026-01-01T02:08:42Z
order_00016552,batch_0005,trader_0002,ETH-USD,SELL,2042.66,898,898,0,2026-01-01T04:35:51Z
order_00015426,batch_0005,trader_0004,ETH-USD,SELL,2042.74,258,258,0,2026-01-01T04:17:05Z
order_00014462,batch_0005,trader_0018,ETH-USD,SELL,2042.77,132,132,0,2026-01-01T04:01:01Z
order_00012538,batch_0005,trader_0015,ETH-USD,SELL,2042.84,587,587,0,2026-01-01T03:28:57Z
order_00008144,batch_0005,trader_0003,ETH-USD,SELL,2042.86,103,103,0,2026-01-01T02:15:43Z
order_00015595,batch_0005,trader_0022,ETH-USD,SELL,2042.96,16,16,0,2026-01-01T04:19:54Z
order_00011609,batch_0005,trader_0022,ETH-USD,SELL,2043.0,808,808,0,2026-01-01T03:13:28Z
order_00011639,batch_0005,trader_0003,ETH-USD,SELL,2043.01,760,760,0,2026-01-01T03:13:58Z
order_00010788,batch_0005,trader_0007,ETH-USD,SELL,2043.07,635,635,0,2026-01-01T02:59:47Z
order_00007061,batch_0005,trader_0001,ETH-USD,SELL,2043.14,306,306,0,2026-01-01T01:57:40Z
order_00007145,batch_0005,trader_0025,ETH-USD,SELL,2043.37,631,631,0,2026-01-01T01:59:04Z
order_00016039,batch_0005,trader_0009,ETH-USD,SELL,2043.37,438,438,0,2026-01-01T04:27:18Z
order_00015008,batch_0005,trader_0012,ETH-USD,SELL,2043.43,906,906,0,2026-01-01T04:10:07Z
order_00013404,batch_0005,trader_0023,ETH-USD,SELL,2043.46,658,658,0,2026-01-01T03:43:23Z
order_00013743,batch_0005,trader_0011,ETH-USD,SELL,2043.48,45,45,0,2026-01-01T03:49:02Z
order_00007852,batch_0005,trader_0001,ETH-USD,SELL,2043.53,197,197,0,2026-01-01T02:10:51Z
order_00015754,batch_0005,trader_0008,ETH-USD,SELL,2043.62,748,748,0,2026-01-01T04:22:33Z
order_00012059,batch_0005,trader_0006,ETH-USD,SELL,2043.68,13,13,0,2026-01-01T03:20:58Z
order_00014865,batch_0005,trader_0021,ETH-USD,SELL,2043.7,653,653,0,2026-01-01T04:07:44Z
order_00013199,batch_0005,trader_0004,ETH-USD,SELL,2043.72,613,613,0,2026-01-01T03:39:58Z
order_00013499,batch_0005,trader_0025,ETH-USD,SELL,2043.75,55,55,0,2026-01-01T03:44:58Z
order_00013789,batch_0005,trader_0022,ETH-USD,SELL,2043.88,758,758,0,2026-01-01T03:49:48Z
order_00009012,batch_0005,trader_0003,ETH-USD,SELL,2043.9,736,736,0,2026-01-01T02:30:11Z
order_00012794,batch_0005,trader_0008,ETH-USD,SELL,2043.92,221,221,0,2026-01-01T03:33:13Z
order_00013188,batch_0005,trader_0022,ETH-USD,SELL,2043.96,293,293,0,2026-01-01T03:39:47Z
order_00016232,batch_0005,trader_0004,ETH-USD,SELL,2044.0,751,751,0,2026-01-01T04:30:31Z
order_00013844,batch_0005,trader_0002,ETH-USD,SELL,2044.01,599,599,0,2026-01-01T03:50:43Z
order_00011193,batch_0005,trader_0006,ETH-USD,SELL,2044.28,816,816,0,2026-01-01T03:06:32Z
order_00012330,batch_0005,trader_0021,ETH-USD,SELL,2044.5,336,336,0,2026-01-01T03:25:29Z
order_00006904,batch_0005,trader_0018,ETH-USD,SELL,2044.59,554,554,0,2026-01-01T01:55:03Z
order_00013651,batch_0005,trader_0024,ETH-USD,SELL,2044.78,784,784,0,2026-01-01T03:47:30Z
order_00011206,batch_0005,trader_0010,ETH-USD,SELL,2044.95,892,892,0,2026-01-01T03:06:45Z
order_00011650,batch_0005,trader_0004,ETH-USD,SELL,2044.99,540,540,0,2026-01-01T03:14:09Z
order_00007696,batch_0005,trader_0007,ETH-USD,SELL,2045.17,569,569,0,2026-01-01T02:08:15Z
order_00014494,batch_0005,trader_0016,ETH-USD,SELL,2045.28,259,259,0,2026-01-01T04:01:33Z
order_00008612,batch_0005,trader_0017,ETH-USD,SELL,2045.37,595,595,0,2026-01-01T02:23:31Z
order_00013195,batch_0005,trader_0020,ETH-USD,SELL,2045.46,894,894,0,2026-01-01T03:39:54Z
order_00015395,batch_0005,trader_0004,ETH-USD,SELL,2045.56,318,318,0,2026-01-01T04:16:34Z
order_00015825,batch_0005,trader_0018,ETH-USD,SELL,2045.65,648,648,0,2026-01-01T04:23:44Z
order_00007769,batch_0005,trader_0020,ETH-USD,SELL,2045.72,596,596,0,2026-01-01T02:09:28Z
order_00006835,batch_0005,trader_0006,ETH-USD,SELL,2045.75,344,344,0,2026-01-01T01:53:54Z
order_00008259,batch_0005,trader_0015,ETH-USD,SELL,2045.9,263,263,0,2026-01-01T02:17:38Z
order_00011233,batch_0005,trader_0013,ETH-USD,SELL,2046.13,465,465,0,2026-01-01T03:07:12Z
order_00014461,batch_0005,trader_0017,ETH-USD,SELL,2046.13,534,534,0,2026-01-01T04:01:00Z
order_00007659,batch_0005,trader_0019,ETH-USD,SELL,2046.22,739,739,0,2026-01-01T02:07:38Z
order_00009394,batch_0005,trader_0024,ETH-USD,SELL,2046.26,742,742,0,2026-01-01T02:36:33Z
order_00013498,batch_0005,trader_0012,ETH-USD,SELL,2046.31,276,276,0,2026-01-01T03:44:57Z
order_00011526,batch_0005,trader_0005,ETH-USD,SELL,2046.39,964,964,0,2026-01-01T03:12:05Z
order_00011914,batch_0005,trader_0003,ETH-USD,SELL,2046.42,543,543,0,2026-01-01T03:18:33Z
order_00008447,batch_0005,trader_0022,ETH-USD,SELL,2046.58,331,331,0,2026-01-01T02:20:46Z
order_00010902,batch_0005,trader_0005,ETH-USD,SELL,2046.62,578,578,0,2026-01-01T03:01:41Z
order_00007728,batch_0005,trader_0012,ETH-USD,SELL,2046.73,146,146,0,2026-01-01T02:08:47Z
order_00014841,batch_0005,trader_0005,ETH-USD,SELL,2046.76,577,577,0,2026-01-01T04:07:20Z
order_00008102,batch_0005,trader_0016,ETH-USD,SELL,2046.84,809,809,0,2026-01-01T02:15:01Z
order_00008822,batch_0005,trader_0008,ETH-USD,SELL,2046.97,601,601,0,2026-01-01T02:27:01Z
order_00016553,batch_0005,trader_0008,ETH-USD,SELL,2047.05,533,533,0,2026-01-01T04:35:52Z
order_00014447,batch_0005,trader_0014,ETH-USD,SELL,2047.1,153,153,0,2026-01-01T04:00:46Z
order_00013112,batch_0005,trader_0019,ETH-USD,SELL,2047.14,178,178,0,2026-01-01T03:38:31Z
order_00014301,batch_0005,trader_0014,ETH-USD,SELL,2047.18,171,171,0,2026-01-01T03:58:20Z
order_00008033,batch_0005,trader_0025,ETH-USD,SELL,2047.31,856,856,0,2026-01-01T02:13:52Z
order_00009178,batch_0005,trader_0017,ETH-USD,SELL,2047.35,95,95,0,2026-01-01T02:32:57Z
order_00011551,batch_0005,trader_0010,ETH-USD,SELL,2047.36,334,334,0,2026-01-01T03:12:30Z
order_00015497,batch_0005,trader_0017,ETH-USD,SELL,2047.37,237,237,0,2026-01-01T04:18:16Z
order_00008228,batch_0005,trader_0010,ETH-USD,SELL,2047.48,830,830,0,2026-01-01T02:17:07Z
order_00013745,batch_0005,trader_0024,ETH-USD,SELL,2047.64,31,31,0,2026-01-01T03:49:04Z
order_00009547,batch_0005,trader_0020,ETH-USD,SELL,2047.72,858,858,0,2026-01-01T02:39:06Z
order_00014642,batch_0005,trader_0005,ETH-USD,SELL,2047.75,598,598,0,2026-01-01T04:04:01Z
order_00006636,batch_0005,trader_0001,ETH-USD,SELL,2047.95,578,578,0,2026-01-01T01:50:35Z
order_00012642,batch_0005,trader_0020,ETH-USD,SELL,2048.13,196,196,0,2026-01-01T03:30:41Z
order_00012601,batch_0005,trader_0005,ETH-USD,SELL,2048.14,936,936,0,2026-01-01T03:30:00Z
order_00014744,batch_0005,trader_0006,ETH-USD,SELL,2048.14,617,617,0,2026-01-01T04:05:43Z
order_00012294,batch_0005,trader_0013,ETH-USD,SELL,2048.17,887,887,0,2026-01-01T03:24:53Z
order_00013894,batch_0005,trader_0002,ETH-USD,SELL,2048.19,38,38,0,2026-01-01T03:51:33Z
order_00009806,batch_0005,trader_0010,ETH-USD,SELL,2048.23,851,851,0,2026-01-01T02:43:25Z
order_00011698,batch_0005,trader_0018,ETH-USD,SELL,2048.34,940,940,0,2026-01-01T03:14:57Z
order_00009121,batch_0005,trader_0015,ETH-USD,SELL,2048.4,676,676,0,2026-01-01T02:32:00Z
order_00015377,batch_0005,trader_0023,ETH-USD,SELL,2048.4,465,465,0,2026-01-01T04:16:16Z
order_00008363,batch_0005,trader_0023,ETH-USD,SELL,2048.57,96,96,0,2026-01-01T02:19:22Z
order_00010684,batch_0005,trader_0011,ETH-USD,SELL,2048.63,438,438,0,2026-01-01T02:58:03Z
order_00013989,batch_0005,trader_0018,ETH-USD,SELL,2048.72,652,652,0,2026-01-01T03:53:08Z
order_00014426,batch_0005,trader_0015,ETH-USD,SELL,2048.72,398,398,0,2026-01-01T04:00:25Z
order_00008463,batch_0005,trader_0010,ETH-USD,SELL,2048.79,231,231,0,2026-01-01T02:21:02Z
order_00007942,batch_0005,trader_0002,ETH-USD,SELL,2048.8,61,61,0,2026-01-01T02:12:21Z
order_00006685,batch_0005,trader_0019,ETH-USD,SELL,2048.81,854,854,0,2026-01-01T01:51:24Z
order_00012757,batch_0005,trader_0022,ETH-USD,SELL,2048.9,75,75,0,2026-01-01T03:32:36Z
order_00010703,batch_0005,trader_0020,ETH-USD,SELL,2048.97,188,188,0,2026-01-01T02:58:22Z
order_00015535,batch_0005,trader_0025,ETH-USD,SELL,2049.01,15,15,0,2026-01-01T04:18:54Z
order_00010683,batch_0005,trader_0003,ETH-USD,SELL,2049.08,931,931,0,2026-01-01T02:58:02Z
order_00006944,batch_0005,trader_0019,ETH-USD,SELL,2049.14,425,425,0,2026-01-01T01:55:43Z
order_00009139,batch_0005,trader_0009,ETH-USD,SELL,2049.18,784,784,0,2026-01-01T02:32:18Z
order_00009207,batch_0005,trader_0021,ETH-USD,SELL,2049.22,198,198,0,2026-01-01T02:33:26Z
order_00012158,batch_0005,trader_0013,ETH-USD,SELL,2049.31,258,258,0,2026-01-01T03:22:37Z
order_00008682,batch_0005,trader_0017,ETH-USD,SELL,2049.39,765,765,0,2026-01-01T02:24:41Z
order_00011913,batch_0005,trader_0023,ETH-USD,SELL,2049.48,460,460,0,2026-01-01T03:18:32Z
order_00013579,batch_0005,trader_0001,ETH-USD,SELL,2049.49,559,559,0,2026-01-01T03:46:18Z
order_00010413,batch_0005,trader_0024,ETH-USD,SELL,2049.53,916,916,0,2026-01-01T02:53:32Z
order_00011787,batch_0005,trader_0011,ETH-USD,SELL,2049.53,316,316,0,2026-01-01T03:16:26Z
order_00008129,batch_0005,trader_0003,ETH-USD,SELL,2049.62,307,307,0,2026-01-01T02:15:28Z
order_00011968,batch_0005,trader_0017,ETH-USD,SELL,2049.78,536,536,0,2026-01-01T03:19:27Z
order_00016179,batch_0005,trader_0019,ETH-USD,SELL,2049.86,301,301,0,2026-01-01T04:29:38Z
order_00007118,batch_0005,trader_0008,ETH-USD,SELL,2050.04,485,485,0,2026-01-01T01:58:37Z
order_00012488,batch_0005,trader_0021,ETH-USD,SELL,2050.13,677,677,0,2026-01-01T03:28:07Z
order_00009644,batch_0005,trader_0017,ETH-USD,SELL,2050.37,259,259,0,2026-01-01T02:40:43Z
order_00016115,batch_0005,trader_0007,ETH-USD,SELL,2050.52,703,703,0,2026-01-01T04:28:34Z
order_00008648,batch_0005,trader_0012,ETH-USD,SELL,2050.6,394,394,0,2026-01-01T02:24:07Z
order_00008080,batch_0005,trader_0024,ETH-USD,SELL,2050.72,835,835,0,2026-01-01T02:14:39Z
order_00016083,batch_0005,trader_0018,ETH-USD,SELL,2050.81,81,81,0,2026-01-01T04:28:02Z
order_00007023,batch_0005,trader_0009,ETH-USD,SELL,2050.84,944,944,0,2026-01-01T01:57:02Z
order_00006798,batch_0005,trader_0018,ETH-USD,SELL,2050.88,271,271,0,2026-01-01T01:53:17Z
order_00008700,batch_0005,trader_0020,ETH-USD,SELL,2051.12,707,707,0,2026-01-01T02:24:59Z
order_00013988,batch_0005,trader_0023,ETH-USD,SELL,2051.13,912,912,0,2026-01-01T03:53:07Z
order_00013204,batch_0005,trader_0011,ETH-USD,SELL,2051.17,616,616,0,2026-01-01T03:40:03Z
order_00014929,batch_0005,trader_0021,ETH-USD,SELL,2051.2,351,351,0,2026-01-01T04:08:48Z
order_00008179,batch_0005,trader_0004,ETH-USD,SELL,2051.23,269,269,0,2026-01-01T02:16:18Z
order_00009967,batch_0005,trader_0022,ETH-USD,SELL,2051.23,343,343,0,2026-01-01T02:46:06Z
order_00016394,batch_0005,trader_0007,ETH-USD,SELL,2051.27,41,41,0,2026-01-01T04:33:13Z
order_00016169,batch_0005,trader_0017,ETH-USD,SELL,2051.44,819,819,0,2026-01-01T04:29:28Z
order_00008230,batch_0005,trader_0013,ETH-USD,SELL,2051.65,645,645,0,2026-01-01T02:17:09Z
order_00013457,batch_0005,trader_0019,ETH-USD,SELL,2051.74,82,82,0,2026-01-01T03:44:16Z
order_00007814,batch_0005,trader_0024,ETH-USD,SELL,2051.86,139,139,0,2026-01-01T02:10:13Z
order_00013147,batch_0005,trader_0020,ETH-USD,SELL,2051.86,833,833,0,2026-01-01T03:39:06Z
order_00013646,batch_0005,trader_0001,ETH-USD,SELL,2051.87,416,416,0,2026-01-01T03:47:25Z
order_00015400,batch_0005,trader_0003,ETH-USD,SELL,2051.98,85,85,0,2026-01-01T04:16:39Z
order_00014603,batch_0005,trader_0011,ETH-USD,SELL,2052.02,483,483,0,2026-01-01T04:03:22Z
order_00012153,batch_0005,trader_0001,ETH-USD,SELL,2052.03,397,397,0,2026-01-01T03:22:32Z
order_00014510,batch_0005,trader_0025,ETH-USD,SELL,2052.19,726,726,0,2026-01-01T04:01:49Z
order_00012966,batch_0005,trader_0004,ETH-USD,SELL,2052.23,634,634,0,2026-01-01T03:36:05Z
order_00007163,batch_0005,trader_0010,ETH-USD,SELL,2052.24,603,603,0,2026-01-01T01:59:22Z
order_00014887,batch_0005,trader_0004,ETH-USD,SELL,2052.45,520,520,0,2026-01-01T04:08:06Z
order_00016343,batch_0005,trader_0012,ETH-USD,SELL,2052.53,772,772,0,2026-01-01T04:32:22Z
order_00011049,batch_0005,trader_0002,ETH-USD,SELL,2052.54,597,597,0,2026-01-01T03:04:08Z
order_00012471,batch_0005,trader_0008,ETH-USD,SELL,2052.54,538,538,0,2026-01-01T03:27:50Z
order_00011986,batch_0005,trader_0021,ETH-USD,SELL,2052.59,535,535,0,2026-01-01T03:19:45Z
order_00008406,batch_0005,trader_0012,ETH-USD,SELL,2052.65,961,961,0,2026-01-01T02:20:05Z
order_00011623,batch_0005,trader_0022,ETH-USD,SELL,2052.72,767,767,0,2026-01-01T03:13:42Z
order_00015244,batch_0005,trader_0008,ETH-USD,SELL,2052.72,728,728,0,2026-01-01T04:14:03Z
order_00016469,batch_0005,trader_0015,ETH-USD,SELL,2052.82,126,126,0,2026-01-01T04:34:28Z
order_00013282,batch_0005,trader_0006,ETH-USD,SELL,2052.98,782,782,0,2026-01-01T03:41:21Z
order_00012014,batch_0005,trader_0025,ETH-USD,SELL,2053.09,248,248,0,2026-01-01T03:20:13Z
order_00014431,batch_0005,trader_0011,ETH-USD,SELL,2053.12,907,907,0,2026-01-01T04:00:30Z
order_00014231,batch_0005,trader_0011,ETH-USD,SELL,2053.17,896,896,0,2026-01-01T03:57:10Z
order_00013815,batch_0005,trader_0003,ETH-USD,SELL,2053.22,229,229,0,2026-01-01T03:50:14Z
order_00013015,batch_0005,trader_0014,ETH-USD,SELL,2053.23,657,657,0,2026-01-01T03:36:54Z
order_00015366,batch_0005,trader_0012,ETH-USD,SELL,2053.23,271,271,0,2026-01-01T04:16:05Z
order_00012919,batch_0005,trader_0012,ETH-USD,SELL,2053.25,787,787,0,2026-01-01T03:35:18Z
order_00015188,batch_0005,trader_0003,ETH-USD,SELL,2053.26,998,998,0,2026-01-01T04:13:07Z
order_00008038,batch_0005,trader_0016,ETH-USD,SELL,2053.42,970,970,0,2026-01-01T02:13:57Z
order_00011235,batch_0005,trader_0017,ETH-USD,SELL,2053.54,107,107,0,2026-01-01T03:07:14Z
order_00008170,batch_0005,trader_0010,ETH-USD,SELL,2053.55,749,749,0,2026-01-01T02:16:09Z
order_00008480,batch_0005,trader_0023,ETH-USD,SELL,2053.62,274,274,0,2026-01-01T02:21:19Z
order_00011860,batch_0005,trader_0010,ETH-USD,SELL,2053.82,595,595,0,2026-01-01T03:17:39Z
order_00014498,batch_0005,trader_0018,ETH-USD,SELL,2053.82,872,872,0,2026-01-01T04:01:37Z
order_00014653,batch_0005,trader_0014,ETH-USD,SELL,2053.91,950,950,0,2026-01-01T04:04:12Z
order_00008880,batch_0005,trader_0016,ETH-USD,SELL,2053.95,980,980,0,2026-01-01T02:27:59Z
order_00012712,batch_0005,trader_0014,ETH-USD,SELL,2053.98,72,72,0,2026-01-01T03:31:51Z
order_00013328,batch_0005,trader_0017,ETH-USD,SELL,2054.22,82,82,0,2026-01-01T03:42:07Z
order_00010242,batch_0005,trader_0006,ETH-USD,SELL,2054.34,659,659,0,2026-01-01T02:50:41Z
order_00012239,batch_0005,trader_0025,ETH-USD,SELL,2054.49,807,807,0,2026-01-01T03:23:58Z
order_00013674,batch_0005,trader_0016,ETH-USD,SELL,2054.49,120,120,0,2026-01-01T03:47:53Z
order_00009080,batch_0005,trader_0012,ETH-USD,SELL,2054.64,979,979,0,2026-01-01T02:31:19Z
order_00014458,batch_0005,trader_0020,ETH-USD,SELL,2054.77,989,989,0,2026-01-01T04:00:57Z
order_00015199,batch_0005,trader_0001,ETH-USD,SELL,2054.77,502,502,0,2026-01-01T04:13:18Z
order_00009284,batch_0005,trader_0008,ETH-USD,SELL,2054.84,913,913,0,2026-01-01T02:34:43Z
order_00014139,batch_0005,trader_0001,ETH-USD,SELL,2054.84,866,866,0,2026-01-01T03:55:38Z
order_00010253,batch_0005,trader_0008,ETH-USD,SELL,2055.02,553,553,0,2026-01-01T02:50:52Z
order_00011037,batch_0005,trader_0014,ETH-USD,SELL,2055.02,215,215,0,2026-01-01T03:03:56Z
order_00013522,batch_0005,trader_0001,ETH-USD,SELL,2055.09,571,571,0,2026-01-01T03:45:21Z
order_00014009,batch_0005,trader_0017,ETH-USD,SELL,2055.15,95,95,0,2026-01-01T03:53:28Z
order_00007697,batch_0005,trader_0002,ETH-USD,SELL,2055.18,318,318,0,2026-01-01T02:08:16Z
order_00010648,batch_0005,trader_0005,ETH-USD,SELL,2055.35,371,371,0,2026-01-01T02:57:27Z
order_00015673,batch_0005,trader_0011,ETH-USD,SELL,2055.37,372,372,0,2026-01-01T04:21:12Z
order_00012021,batch_0005,trader_0016,ETH-USD,SELL,2055.49,285,285,0,2026-01-01T03:20:20Z
order_00008280,batch_0005,trader_0001,ETH-USD,SELL,2055.51,637,637,0,2026-01-01T02:17:59Z
order_00009457,batch_0005,trader_0002,ETH-USD,SELL,2055.53,925,925,0,2026-01-01T02:37:36Z
order_00015532,batch_0005,trader_0006,ETH-USD,SELL,2055.54,448,448,0,2026-01-01T04:18:51Z
order_00007421,batch_0005,trader_0024,ETH-USD,SELL,2055.57,591,591,0,2026-01-01T02:03:40Z
order_00012016,batch_0005,trader_0018,ETH-USD,SELL,2055.59,47,47,0,2026-01-01T03:20:15Z
order_00012936,batch_0005,trader_0006,ETH-USD,SELL,2055.59,777,777,0,2026-01-01T03:35:35Z
order_00011494,batch_0005,trader_0017,ETH-USD,SELL,2055.63,692,692,0,2026-01-01T03:11:33Z
order_00014595,batch_0005,trader_0001,ETH-USD,SELL,2055.69,645,645,0,2026-01-01T04:03:14Z
order_00011702,batch_0005,trader_0001,ETH-USD,SELL,2055.7,42,42,0,2026-01-01T03:15:01Z
order_00012410,batch_0005,trader_0014,ETH-USD,SELL,2055.89,53,53,0,2026-01-01T03:26:49Z
order_00012719,batch_0005,trader_0022,ETH-USD,SELL,2055.91,588,588,0,2026-01-01T03:31:58Z
order_00010834,batch_0005,trader_0013,ETH-USD,SELL,2055.98,548,548,0,2026-01-01T03:00:33Z
order_00008972,batch_0005,trader_0020,ETH-USD,SELL,2056.0,342,342,0,2026-01-01T02:29:31Z
order_00006915,batch_0005,trader_0008,ETH-USD,SELL,2056.09,511,511,0,2026-01-01T01:55:14Z
order_00011395,batch_0005,trader_0008,ETH-USD,SELL,2056.14,406,406,0,2026-01-01T03:09:54Z
order_00012760,batch_0005,trader_0017,ETH-USD,SELL,2056.2,52,52,0,2026-01-01T03:32:39Z
order_00014228,batch_0005,trader_0017,ETH-USD,SELL,2056.24,105,105,0,2026-01-01T03:57:07Z
order_00015053,batch_0005,trader_0012,ETH-USD,SELL,2056.29,590,590,0,2026-01-01T04:10:52Z
order_00012013,batch_0005,trader_0024,ETH-USD,SELL,2056.31,298,298,0,2026-01-01T03:20:12Z
order_00009688,batch_0005,trader_0018,ETH-USD,SELL,2056.34,889,889,0,2026-01-01T02:41:27Z
order_00006753,batch_0005,trader_0021,ETH-USD,SELL,2056.43,909,909,0,2026-01-01T01:52:32Z
order_00014279,batch_0005,trader_0022,ETH-USD,SELL,2056.46,708,708,0,2026-01-01T03:57:58Z
order_00015914,batch_0005,trader_0016,ETH-USD,SELL,2056.65,514,514,0,2026-01-01T04:25:13Z
order_00013681,batch_0005,trader_0002,ETH-USD,SELL,2056.78,1,1,0,2026-01-01T03:48:00Z
order_00011276,batch_0005,trader_0012,ETH-USD,SELL,2056.94,494,494,0,2026-01-01T03:07:55Z
order_00006803,batch_0005,trader_0019,ETH-USD,SELL,2056.96,826,826,0,2026-01-01T01:53:22Z
order_00007268,batch_0005,trader_0001,ETH-USD,SELL,2056.99,573,573,0,2026-01-01T02:01:07Z
order_00008831,batch_0005,trader_0018,ETH-USD,SELL,2057.08,752,752,0,2026-01-01T02:27:10Z
order_00014532,batch_0005,trader_0021,ETH-USD,SELL,2057.08,616,616,0,2026-01-01T04:02:11Z
order_00007961,batch_0005,trader_0021,ETH-USD,SELL,2057.13,523,523,0,2026-01-01T02:12:40Z
order_00008901,batch_0005,trader_0015,ETH-USD,SELL,2057.33,443,443,0,2026-01-01T02:28:20Z
order_00007555,batch_0005,trader_0003,ETH-USD,SELL,2057.43,459,459,0,2026-01-01T02:05:54Z
order_00009632,batch_0005,trader_0014,ETH-USD,SELL,2057.54,369,369,0,2026-01-01T02:40:31Z
order_00013709,batch_0005,trader_0019,ETH-USD,SELL,2057.57,521,521,0,2026-01-01T03:48:28Z
order_00012000,batch_0005,trader_0010,ETH-USD,SELL,2057.69,64,64,0,2026-01-01T03:19:59Z
order_00010268,batch_0005,trader_0024,ETH-USD,SELL,2057.74,169,169,0,2026-01-01T02:51:07Z
order_00006660,batch_0005,trader_0022,ETH-USD,SELL,2057.77,446,446,0,2026-01-01T01:50:59Z
order_00011881,batch_0005,trader_0012,ETH-USD,SELL,2057.78,630,630,0,2026-01-01T03:18:00Z
order_00013855,batch_0005,trader_0022,ETH-USD,SELL,2057.85,363,363,0,2026-01-01T03:50:54Z
order_00010246,batch_0005,trader_0015,ETH-USD,SELL,2058.08,87,87,0,2026-01-01T02:50:45Z
order_00008619,batch_0005,trader_0002,ETH-USD,SELL,2058.36,720,720,0,2026-01-01T02:23:38Z
order_00008670,batch_0005,trader_0012,ETH-USD,SELL,2058.36,644,644,0,2026-01-01T02:24:29Z
order_00014214,batch_0005,trader_0015,ETH-USD,SELL,2058.45,366,366,0,2026-01-01T03:56:53Z
order_00006705,batch_0005,trader_0016,ETH-USD,SELL,2058.64,49,49,0,2026-01-01T01:51:44Z
order_00010111,batch_0005,trader_0004,ETH-USD,SELL,2058.72,450,450,0,2026-01-01T02:48:30Z
order_00016233,batch_0005,trader_0012,ETH-USD,SELL,2058.84,163,163,0,2026-01-01T04:30:32Z
order_00010017,batch_0005,trader_0025,ETH-USD,SELL,2058.99,438,438,0,2026-01-01T02:46:56Z
order_00007544,batch_0005,trader_0025,ETH-USD,SELL,2059.06,365,365,0,2026-01-01T02:05:43Z
order_00013786,batch_0005,trader_0010,ETH-USD,SELL,2059.18,559,559,0,2026-01-01T03:49:45Z
order_00014185,batch_0005,trader_0010,ETH-USD,SELL,2059.19,447,447,0,2026-01-01T03:56:24Z
order_00015038,batch_0005,trader_0010,ETH-USD,SELL,2059.19,81,81,0,2026-01-01T04:10:37Z
order_00013831,batch_0005,trader_0012,ETH-USD,SELL,2059.27,610,610,0,2026-01-01T03:50:30Z
order_00015213,batch_0005,trader_0007,ETH-USD,SELL,2059.27,27,27,0,2026-01-01T04:13:32Z
order_00010626,batch_0005,trader_0025,ETH-USD,SELL,2059.4,363,363,0,2026-01-01T02:57:05Z
order_00016311,batch_0005,trader_0016,ETH-USD,SELL,2059.52,877,877,0,2026-01-01T04:31:50Z
order_00014196,batch_0005,trader_0005,ETH-USD,SELL,2059.58,242,242,0,2026-01-01T03:56:35Z
order_00015296,batch_0005,trader_0022,ETH-USD,SELL,2059.63,387,387,0,2026-01-01T04:14:55Z
order_00014298,batch_0005,trader_0012,ETH-USD,SELL,2059.68,665,665,0,2026-01-01T03:58:17Z
order_00009389,batch_0005,trader_0013,ETH-USD,SELL,2059.74,755,755,0,2026-01-01T02:36:28Z
order_00012407,batch_0005,trader_0018,ETH-USD,SELL,2059.78,928,928,0,2026-01-01T03:26:46Z
order_00010502,batch_0005,trader_0013,ETH-USD,SELL,2059.96,476,476,0,2026-01-01T02:55:01Z
order_00012102,batch_0005,trader_0017,ETH-USD,SELL,2060.0,330,330,0,2026-01-01T03:21:41Z
order_00010536,batch_0005,trader_0015,ETH-USD,SELL,2060.07,205,205,0,2026-01-01T02:55:35Z
order_00014143,batch_0005,trader_0008,ETH-USD,SELL,2060.22,400,400,0,2026-01-01T03:55:42Z
order_00009005,batch_0005,trader_0023,ETH-USD,SELL,2060.33,204,204,0,2026-01-01T02:30:04Z
order_00011786,batch_0005,trader_0010,ETH-USD,SELL,2060.33,950,950,0,2026-01-01T03:16:25Z
order_00007817,batch_0005,trader_0025,ETH-USD,SELL,2060.34,337,337,0,2026-01-01T02:10:16Z
order_00010055,batch_0005,trader_0022,ETH-USD,SELL,2060.41,582,582,0,2026-01-01T02:47:34Z
order_00013327,batch_0005,trader_0003,ETH-USD,SELL,2060.57,12,12,0,2026-01-01T03:42:06Z
order_00015439,batch_0005,trader_0011,ETH-USD,SELL,2060.6,708,708,0,2026-01-01T04:17:18Z
order_00009908,batch_0005,trader_0009,ETH-USD,SELL,2060.66,491,491,0,2026-01-01T02:45:07Z
order_00013234,batch_0005,trader_0006,ETH-USD,SELL,2060.66,96,96,0,2026-01-01T03:40:33Z
order_00006814,batch_0005,trader_0002,ETH-USD,SELL,2060.68,347,347,0,2026-01-01T01:53:33Z
order_00015711,batch_0005,trader_0008,ETH-USD,SELL,2060.68,671,671,0,2026-01-01T04:21:50Z
order_00010146,batch_0005,trader_0021,ETH-USD,SELL,2060.73,203,203,0,2026-01-01T02:49:05Z
order_00015857,batch_0005,trader_0017,ETH-USD,SELL,2060.8,649,649,0,2026-01-01T04:24:16Z
order_00013511,batch_0005,trader_0006,ETH-USD,SELL,2060.83,161,161,0,2026-01-01T03:45:10Z
order_00010940,batch_0005,trader_0003,ETH-USD,SELL,2061.12,194,194,0,2026-01-01T03:02:19Z
order_00012012,batch_0005,trader_0008,ETH-USD,SELL,2061.31,951,951,0,2026-01-01T03:20:11Z
order_00012697,batch_0005,trader_0011,ETH-USD,SELL,2061.62,402,402,0,2026-01-01T03:31:36Z
order_00011979,batch_0005,trader_0018,ETH-USD,SELL,2061.86,326,326,0,2026-01-01T03:19:38Z
order_00011119,batch_0005,trader_0023,ETH-USD,SELL,2061.9,260,260,0,2026-01-01T03:05:18Z
order_00009867,batch_0005,trader_0003,ETH-USD,SELL,2061.95,967,967,0,2026-01-01T02:44:26Z
order_00009360,batch_0005,trader_0009,ETH-USD,SELL,2061.99,146,146,0,2026-01-01T02:35:59Z
order_00014811,batch_0005,trader_0013,ETH-USD,SELL,2062.0,983,983,0,2026-01-01T04:06:50Z
order_00014083,batch_0005,trader_0020,ETH-USD,SELL,2062.09,201,201,0,2026-01-01T03:54:42Z
order_00007518,batch_0005,trader_0007,ETH-USD,SELL,2062.18,866,866,0,2026-01-01T02:05:17Z
order_00016158,batch_0005,trader_0008,ETH-USD,SELL,2062.26,197,197,0,2026-01-01T04:29:17Z
order_00011426,batch_0005,trader_0011,ETH-USD,SELL,2062.32,445,445,0,2026-01-01T03:10:25Z
order_00014748,batch_0005,trader_0011,ETH-USD,SELL,2062.36,764,764,0,2026-01-01T04:05:47Z
order_00009279,batch_0005,trader_0015,ETH-USD,SELL,2062.45,652,652,0,2026-01-01T02:34:38Z
order_00011121,batch_0005,trader_0007,ETH-USD,SELL,2062.49,597,597,0,2026-01-01T03:05:20Z
order_00010537,batch_0005,trader_0011,ETH-USD,SELL,2062.69,92,92,0,2026-01-01T02:55:36Z
order_00012635,batch_0005,trader_0025,ETH-USD,SELL,2062.71,731,731,0,2026-01-01T03:30:34Z
order_00013521,batch_0005,trader_0001,ETH-USD,SELL,2062.71,506,506,0,2026-01-01T03:45:20Z
order_00010766,batch_0005,trader_0006,ETH-USD,SELL,2062.95,646,646,0,2026-01-01T02:59:25Z
order_00009845,batch_0005,trader_0023,ETH-USD,SELL,2063.21,951,951,0,2026-01-01T02:44:04Z
order_00011447,batch_0005,trader_0008,ETH-USD,SELL,2063.32,991,991,0,2026-01-01T03:10:46Z
order_00008705,batch_0005,trader_0011,ETH-USD,SELL,2063.44,234,234,0,2026-01-01T02:25:04Z
order_00010367,batch_0005,trader_0005,ETH-USD,SELL,2063.5,884,884,0,2026-01-01T02:52:46Z
order_00010918,batch_0005,trader_0023,ETH-USD,SELL,2063.6,194,194,0,2026-01-01T03:01:57Z
order_00015086,batch_0005,trader_0003,ETH-USD,SELL,2063.7,434,434,0,2026-01-01T04:11:25Z
order_00015178,batch_0005,trader_0024,ETH-USD,SELL,2063.73,950,950,0,2026-01-01T04:12:57Z
order_00015623,batch_0005,trader_0024,ETH-USD,SELL,2063.98,524,524,0,2026-01-01T04:20:22Z
order_00011046,batch_0005,trader_0005,ETH-USD,SELL,2064.06,111,111,0,2026-01-01T03:04:05Z
order_00006860,batch_0005,trader_0004,ETH-USD,SELL,2064.21,77,77,0,2026-01-01T01:54:19Z
order_00008787,batch_0005,trader_0018,ETH-USD,SELL,2064.26,137,137,0,2026-01-01T02:26:26Z
order_00011099,batch_0005,trader_0025,ETH-USD,SELL,2064.43,736,736,0,2026-01-01T03:04:58Z
order_00006978,batch_0005,trader_0020,ETH-USD,SELL,2064.54,448,448,0,2026-01-01T01:56:17Z
order_00008672,batch_0005,trader_0016,ETH-USD,SELL,2064.56,257,257,0,2026-01-01T02:24:31Z
order_00007811,batch_0005,trader_0011,ETH-USD,SELL,2064.59,534,534,0,2026-01-01T02:10:10Z
order_00014504,batch_0005,trader_0024,ETH-USD,SELL,2064.59,261,261,0,2026-01-01T04:01:43Z
order_00013974,batch_0005,trader_0025,ETH-USD,SELL,2064.63,625,625,0,2026-01-01T03:52:53Z
order_00011336,batch_0005,trader_0003,ETH-USD,SELL,2064.7,468,468,0,2026-01-01T03:08:55Z
order_00006855,batch_0005,trader_0005,ETH-USD,SELL,2064.74,820,820,0,2026-01-01T01:54:14Z
order_00011519,batch_0005,trader_0002,ETH-USD,SELL,2064.75,82,82,0,2026-01-01T03:11:58Z
order_00006611,batch_0005,trader_0022,ETH-USD,SELL,2064.77,830,830,0,2026-01-01T01:50:10Z
order_00010097,batch_0005,trader_0014,ETH-USD,SELL,2064.8,739,739,0,2026-01-01T02:48:16Z
order_00012534,batch_0005,trader_0014,ETH-USD,SELL,2064.88,524,524,0,2026-01-01T03:28:53Z
order_00009903,batch_0005,trader_0021,ETH-USD,SELL,2065.04,461,461,0,2026-01-01T02:45:02Z
order_00015391,batch_0005,trader_0009,ETH-USD,SELL,2065.08,173,173,0,2026-01-01T04:16:30Z
order_00009501,batch_0005,trader_0020,ETH-USD,SELL,2065.1,836,836,0,2026-01-01T02:38:20Z
order_00007183,batch_0005,trader_0003,ETH-USD,SELL,2065.17,605,605,0,2026-01-01T01:59:42Z
order_00009340,batch_0005,trader_0009,ETH-USD,SELL,2065.32,399,399,0,2026-01-01T02:35:39Z
order_00007285,batch_0005,trader_0003,ETH-USD,SELL,2065.55,429,429,0,2026-01-01T02:01:24Z
order_00011043,batch_0005,trader_0009,ETH-USD,SELL,2065.61,684,684,0,2026-01-01T03:04:02Z
order_00016161,batch_0005,trader_0006,ETH-USD,SELL,2065.72,949,949,0,2026-01-01T04:29:20Z
order_00009419,batch_0005,trader_0017,ETH-USD,SELL,2065.79,203,203,0,2026-01-01T02:36:58Z
order_00011137,batch_0005,trader_0021,ETH-USD,SELL,2065.8,583,583,0,2026-01-01T03:05:36Z
order_00015907,batch_0005,trader_0011,ETH-USD,SELL,2065.87,32,32,0,2026-01-01T04:25:06Z
order_00011146,batch_0005,trader_0018,ETH-USD,SELL,2065.96,833,833,0,2026-01-01T03:05:45Z
order_00014759,batch_0005,trader_0025,ETH-USD,SELL,2065.98,816,816,0,2026-01-01T04:05:58Z
order_00015898,batch_0005,trader_0015,ETH-USD,SELL,2066.06,490,490,0,2026-01-01T04:24:57Z
order_00008066,batch_0005,trader_0015,ETH-USD,SELL,2066.16,284,284,0,2026-01-01T02:14:25Z
order_00011429,batch_0005,trader_0003,ETH-USD,SELL,2066.2,343,343,0,2026-01-01T03:10:28Z
order_00012903,batch_0005,trader_0024,ETH-USD,SELL,2066.22,372,372,0,2026-01-01T03:35:02Z
order_00007954,batch_0005,trader_0014,ETH-USD,SELL,2066.27,772,772,0,2026-01-01T02:12:33Z
order_00009484,batch_0005,trader_0007,ETH-USD,SELL,2066.29,43,43,0,2026-01-01T02:38:03Z
order_00012027,batch_0005,trader_0023,ETH-USD,SELL,2066.3,79,79,0,2026-01-01T03:20:26Z
order_00011950,batch_0005,trader_0019,ETH-USD,SELL,2066.35,619,619,0,2026-01-01T03:19:09Z
order_00012288,batch_0005,trader_0019,ETH-USD,SELL,2066.4,901,901,0,2026-01-01T03:24:47Z
order_00010373,batch_0005,trader_0002,ETH-USD,SELL,2066.53,785,785,0,2026-01-01T02:52:52Z
order_00010094,batch_0005,trader_0008,ETH-USD,SELL,2066.56,253,253,0,2026-01-01T02:48:13Z
order_00015756,batch_0005,trader_0007,ETH-USD,SELL,2066.65,92,92,0,2026-01-01T04:22:35Z
order_00010651,batch_0005,trader_0010,ETH-USD,SELL,2066.82,690,690,0,2026-01-01T02:57:30Z
order_00015387,batch_0005,trader_0008,ETH-USD,SELL,2066.82,322,322,0,2026-01-01T04:16:26Z
order_00012104,batch_0005,trader_0025,ETH-USD,SELL,2066.85,104,104,0,2026-01-01T03:21:43Z
order_00011537,batch_0005,trader_0015,ETH-USD,SELL,2066.86,815,815,0,2026-01-01T03:12:16Z
order_00013400,batch_0005,trader_0024,ETH-USD,SELL,2066.97,746,746,0,2026-01-01T03:43:19Z
order_00014022,batch_0005,trader_0007,ETH-USD,SELL,2066.99,999,999,0,2026-01-01T03:53:41Z
order_00014683,batch_0005,trader_0019,ETH-USD,SELL,2067.03,757,757,0,2026-01-01T04:04:42Z
order_00015905,batch_0005,trader_0010,ETH-USD,SELL,2067.05,449,449,0,2026-01-01T04:25:04Z
order_00009122,batch_0005,trader_0010,ETH-USD,SELL,2067.11,596,596,0,2026-01-01T02:32:01Z
order_00013728,batch_0005,trader_0025,ETH-USD,SELL,2067.18,764,764,0,2026-01-01T03:48:47Z
order_00007387,batch_0005,trader_0023,ETH-USD,SELL,2067.25,717,717,0,2026-01-01T02:03:06Z
order_00011594,batch_0005,trader_0016,ETH-USD,SELL,2067.4,853,853,0,2026-01-01T03:13:13Z
order_00009132,batch_0005,trader_0017,ETH-USD,SELL,2067.49,916,916,0,2026-01-01T02:32:11Z
order_00012226,batch_0005,trader_0016,ETH-USD,SELL,2067.64,727,727,0,2026-01-01T03:23:45Z
order_00007509,batch_0005,trader_0010,ETH-USD,SELL,2067.92,511,511,0,2026-01-01T02:05:08Z
order_00013430,batch_0005,trader_0018,ETH-USD,SELL,2068.16,134,134,0,2026-01-01T03:43:49Z
order_00011570,batch_0005,trader_0001,ETH-USD,SELL,2068.28,804,804,0,2026-01-01T03:12:49Z
order_00012990,batch_0005,trader_0008,ETH-USD,SELL,2068.3,752,752,0,2026-01-01T03:36:29Z
order_00010160,batch_0005,trader_0019,ETH-USD,SELL,2068.36,607,607,0,2026-01-01T02:49:19Z
order_00011067,batch_0005,trader_0024,ETH-USD,SELL,2068.36,195,195,0,2026-01-01T03:04:26Z
order_00008886,batch_0005,trader_0009,ETH-USD,SELL,2068.48,255,255,0,2026-01-01T02:28:05Z
order_00009407,batch_0005,trader_0008,ETH-USD,SELL,2068.59,390,390,0,2026-01-01T02:36:46Z
order_00015826,batch_0005,trader_0009,ETH-USD,SELL,2068.65,91,91,0,2026-01-01T04:23:45Z
order_00016037,batch_0005,trader_0005,ETH-USD,SELL,2068.92,712,712,0,2026-01-01T04:27:16Z
order_00013263,batch_0005,trader_0020,ETH-USD,SELL,2069.06,475,475,0,2026-01-01T03:41:02Z
order_00013316,batch_0005,trader_0004,ETH-USD,SELL,2069.06,767,767,0,2026-01-01T03:41:55Z
order_00014604,batch_0005,trader_0011,ETH-USD,SELL,2069.17,135,135,0,2026-01-01T04:03:23Z
order_00014259,batch_0005,trader_0025,ETH-USD,SELL,2069.21,117,117,0,2026-01-01T03:57:38Z
order_00008522,batch_0005,trader_0010,ETH-USD,SELL,2069.29,115,115,0,2026-01-01T02:22:01Z
order_00013933,batch_0005,trader_0021,ETH-USD,SELL,2069.33,846,846,0,2026-01-01T03:52:12Z
order_00013826,batch_0005,trader_0020,ETH-USD,SELL,2069.36,2,2,0,2026-01-01T03:50:25Z
order_00006827,batch_0005,trader_0006,ETH-USD,SELL,2069.37,219,219,0,2026-01-01T01:53:46Z
order_00013966,batch_0005,trader_0009,ETH-USD,SELL,2069.68,350,350,0,2026-01-01T03:52:45Z
order_00009243,batch_0005,trader_0014,ETH-USD,SELL,2069.83,363,363,0,2026-01-01T02:34:02Z
order_00014837,batch_0005,trader_0020,ETH-USD,SELL,2069.87,535,535,0,2026-01-01T04:07:16Z
order_00013181,batch_0005,trader_0013,ETH-USD,SELL,2070.04,242,242,0,2026-01-01T03:39:40Z
order_00011480,batch_0005,trader_0013,ETH-USD,SELL,2070.16,584,584,0,2026-01-01T03:11:19Z
order_00013099,batch_0005,trader_0016,ETH-USD,SELL,2070.18,250,250,0,2026-01-01T03:38:18Z
order_00007636,batch_0005,trader_0006,ETH-USD,SELL,2070.26,861,861,0,2026-01-01T02:07:15Z
order_00010909,batch_0005,trader_0020,ETH-USD,SELL,2070.29,207,207,0,2026-01-01T03:01:48Z
order_00010449,batch_0005,trader_0020,ETH-USD,SELL,2070.32,365,365,0,2026-01-01T02:54:08Z
order_00007402,batch_0005,trader_0010,ETH-USD,SELL,2070.36,738,738,0,2026-01-01T02:03:21Z
order_00008302,batch_0005,trader_0022,ETH-USD,SELL,2070.53,466,466,0,2026-01-01T02:18:21Z
order_00014103,batch_0005,trader_0013,ETH-USD,SELL,2070.58,341,341,0,2026-01-01T03:55:02Z
order_00007949,batch_0005,trader_0014,ETH-USD,SELL,2070.73,886,886,0,2026-01-01T02:12:28Z
order_00014580,batch_0005,trader_0016,ETH-USD,SELL,2070.79,332,332,0,2026-01-01T04:02:59Z
order_00009105,batch_0005,trader_0009,ETH-USD,SELL,2070.96,245,245,0,2026-01-01T02:31:44Z
order_00011660,batch_0005,trader_0018,ETH-USD,SELL,2071.06,766,766,0,2026-01-01T03:14:19Z
order_00012460,batch_0005,trader_0007,ETH-USD,SELL,2071.2,359,359,0,2026-01-01T03:27:39Z
order_00013622,batch_0005,trader_0024,ETH-USD,SELL,2071.2,276,276,0,2026-01-01T03:47:01Z
order_00010033,batch_0005,trader_0011,ETH-USD,SELL,2071.24,683,683,0,2026-01-01T02:47:12Z
order_00009761,batch_0005,trader_0010,ETH-USD,SELL,2071.36,707,707,0,2026-01-01T02:42:40Z
order_00010961,batch_0005,trader_0011,ETH-USD,SELL,2071.48,394,394,0,2026-01-01T03:02:40Z
order_00013294,batch_0005,trader_0019,ETH-USD,SELL,2071.54,16,16,0,2026-01-01T03:41:33Z
order_00010379,batch_0005,trader_0011,ETH-USD,SELL,2071.67,299,299,0,2026-01-01T02:52:58Z
order_00009706,batch_0005,trader_0024,ETH-USD,SELL,2071.69,280,280,0,2026-01-01T02:41:45Z
order_00009858,batch_0005,trader_0003,ETH-USD,SELL,2071.69,662,662,0,2026-01-01T02:44:17Z
order_00006850,batch_0005,trader_0024,ETH-USD,SELL,2071.76,585,585,0,2026-01-01T01:54:09Z
order_00010356,batch_0005,trader_0023,ETH-USD,SELL,2072.16,768,768,0,2026-01-01T02:52:35Z
order_00013167,batch_0005,trader_0004,ETH-USD,SELL,2072.4,663,663,0,2026-01-01T03:39:26Z
order_00015412,batch_0005,trader_0016,ETH-USD,SELL,2072.59,713,713,0,2026-01-01T04:16:51Z
order_00007984,batch_0005,trader_0025,ETH-USD,SELL,2072.78,766,766,0,2026-01-01T02:13:03Z
order_00008864,batch_0005,trader_0002,ETH-USD,SELL,2072.85,342,342,0,2026-01-01T02:27:43Z
order_00008735,batch_0005,trader_0003,ETH-USD,SELL,2072.88,276,276,0,2026-01-01T02:25:34Z
order_00010369,batch_0005,trader_0001,ETH-USD,SELL,2073.11,955,955,0,2026-01-01T02:52:48Z
order_00009319,batch_0005,trader_0024,ETH-USD,SELL,2073.15,194,194,0,2026-01-01T02:35:18Z
order_00007527,batch_0005,trader_0020,ETH-USD,SELL,2073.18,640,640,0,2026-01-01T02:05:26Z
order_00007890,batch_0005,trader_0007,ETH-USD,SELL,2073.24,741,741,0,2026-01-01T02:11:29Z
order_00009142,batch_0005,trader_0008,ETH-USD,SELL,2073.28,372,372,0,2026-01-01T02:32:21Z
order_00007629,batch_0005,trader_0022,ETH-USD,SELL,2073.51,791,791,0,2026-01-01T02:07:08Z
order_00015184,batch_0005,trader_0014,ETH-USD,SELL,2073.54,503,503,0,2026-01-01T04:13:03Z
order_00007841,batch_0005,trader_0020,ETH-USD,SELL,2073.75,96,96,0,2026-01-01T02:10:40Z
order_00013280,batch_0005,trader_0019,ETH-USD,SELL,2073.82,351,351,0,2026-01-01T03:41:19Z
order_00011335,batch_0005,trader_0022,ETH-USD,SELL,2073.88,920,920,0,2026-01-01T03:08:54Z
order_00010769,batch_0005,trader_0008,ETH-USD,SELL,2073.9,557,557,0,2026-01-01T02:59:28Z
order_00007382,batch_0005,trader_0009,ETH-USD,SELL,2073.93,264,264,0,2026-01-01T02:03:01Z
order_00009387,batch_0005,trader_0001,ETH-USD,SELL,2073.98,698,698,0,2026-01-01T02:36:26Z
order_00015388,batch_0005,trader_0008,ETH-USD,SELL,2073.99,650,650,0,2026-01-01T04:16:27Z
order_00016330,batch_0005,trader_0015,ETH-USD,SELL,2074.04,954,954,0,2026-01-01T04:32:09Z
order_00010899,batch_0005,trader_0014,ETH-USD,SELL,2074.26,577,577,0,2026-01-01T03:01:38Z
order_00013971,batch_0005,trader_0019,ETH-USD,SELL,2074.34,186,186,0,2026-01-01T03:52:50Z
order_00008907,batch_0005,trader_0025,ETH-USD,SELL,2074.35,199,199,0,2026-01-01T02:28:26Z
order_00009211,batch_0005,trader_0018,ETH-USD,SELL,2074.36,145,145,0,2026-01-01T02:33:30Z
order_00010332,batch_0005,trader_0021,ETH-USD,SELL,2074.45,600,600,0,2026-01-01T02:52:11Z
order_00009740,batch_0005,trader_0014,ETH-USD,SELL,2074.5,657,657,0,2026-01-01T02:42:19Z
order_00014380,batch_0005,trader_0010,ETH-USD,SELL,2074.51,356,356,0,2026-01-01T03:59:39Z
order_00013159,batch_0005,trader_0003,ETH-USD,SELL,2074.6,72,72,0,2026-01-01T03:39:18Z
order_00014251,batch_0005,trader_0024,ETH-USD,SELL,2074.63,898,898,0,2026-01-01T03:57:30Z
order_00011251,batch_0005,trader_0025,ETH-USD,SELL,2074.81,16,16,0,2026-01-01T03:07:30Z
order_00013918,batch_0005,trader_0023,ETH-USD,SELL,2074.93,188,188,0,2026-01-01T03:51:57Z
order_00015049,batch_0005,trader_0013,ETH-USD,SELL,2075.0,475,475,0,2026-01-01T04:10:48Z
order_00015921,batch_0005,trader_0012,ETH-USD,SELL,2075.09,835,835,0,2026-01-01T04:25:20Z
order_00014920,batch_0005,trader_0021,ETH-USD,SELL,2075.15,252,252,0,2026-01-01T04:08:39Z
order_00009827,batch_0005,trader_0014,ETH-USD,SELL,2075.2,583,583,0,2026-01-01T02:43:46Z
order_00006695,batch_0005,trader_0025,ETH-USD,SELL,2075.22,941,941,0,2026-01-01T01:51:34Z
order_00011499,batch_0005,trader_0005,ETH-USD,SELL,2075.34,447,447,0,2026-01-01T03:11:38Z
order_00011386,batch_0005,trader_0004,ETH-USD,SELL,2075.41,753,753,0,2026-01-01T03:09:45Z
order_00014590,batch_0005,trader_0014,ETH-USD,SELL,2075.46,307,307,0,2026-01-01T04:03:09Z
order_00010580,batch_0005,trader_0005,ETH-USD,SELL,2075.78,720,720,0,2026-01-01T02:56:19Z
order_00011369,batch_0005,trader_0014,ETH-USD,SELL,2075.86,492,492,0,2026-01-01T03:09:28Z
order_00008026,batch_0005,trader_0003,ETH-USD,SELL,2076.01,390,390,0,2026-01-01T02:13:45Z
order_00008238,batch_0005,trader_0007,ETH-USD,SELL,2076.01,103,103,0,2026-01-01T02:17:17Z
order_00010011,batch_0005,trader_0022,ETH-USD,SELL,2076.12,512,512,0,2026-01-01T02:46:50Z
order_00016384,batch_0005,trader_0023,ETH-USD,SELL,2076.23,363,363,0,2026-01-01T04:33:03Z
order_00015802,batch_0005,trader_0001,ETH-USD,SELL,2076.38,127,127,0,2026-01-01T04:23:21Z
order_00013690,batch_0005,trader_0007,ETH-USD,SELL,2076.48,187,187,0,2026-01-01T03:48:09Z
order_00016276,batch_0005,trader_0006,ETH-USD,SELL,2076.56,396,396,0,2026-01-01T04:31:15Z
order_00013705,batch_0005,trader_0007,ETH-USD,SELL,2076.63,629,629,0,2026-01-01T03:48:24Z
order_00013206,batch_0005,trader_0010,ETH-USD,SELL,2076.65,490,490,0,2026-01-01T03:40:05Z
order_00009724,batch_0005,trader_0013,ETH-USD,SELL,2076.66,273,273,0,2026-01-01T02:42:03Z
order_00013300,batch_0005,trader_0001,ETH-USD,SELL,2076.73,651,651,0,2026-01-01T03:41:39Z
order_00016256,batch_0005,trader_0019,ETH-USD,SELL,2076.82,933,933,0,2026-01-01T04:30:55Z
order_00011575,batch_0005,trader_0013,ETH-USD,SELL,2076.91,738,738,0,2026-01-01T03:12:54Z
order_00010990,batch_0005,trader_0012,ETH-USD,SELL,2077.03,113,113,0,2026-01-01T03:03:09Z
order_00016411,batch_0005,trader_0019,ETH-USD,SELL,2077.08,29,29,0,2026-01-01T04:33:30Z
order_00006727,batch_0005,trader_0010,ETH-USD,SELL,2077.1,843,843,0,2026-01-01T01:52:06Z
order_00008971,batch_0005,trader_0022,ETH-USD,SELL,2077.13,691,691,0,2026-01-01T02:29:30Z
order_00010275,batch_0005,trader_0009,ETH-USD,SELL,2077.14,551,551,0,2026-01-01T02:51:14Z
order_00009790,batch_0005,trader_0019,ETH-USD,SELL,2077.25,801,801,0,2026-01-01T02:43:09Z
order_00015498,batch_0005,trader_0012,ETH-USD,SELL,2077.25,576,576,0,2026-01-01T04:18:17Z
order_00008780,batch_0005,trader_0017,ETH-USD,SELL,2077.32,851,851,0,2026-01-01T02:26:19Z
order_00016484,batch_0005,trader_0008,ETH-USD,SELL,2077.36,855,855,0,2026-01-01T04:34:43Z
order_00008920,batch_0005,trader_0024,ETH-USD,SELL,2077.48,851,851,0,2026-01-01T02:28:39Z
order_00009111,batch_0005,trader_0008,ETH-USD,SELL,2077.52,30,30,0,2026-01-01T02:31:50Z
order_00011841,batch_0005,trader_0007,ETH-USD,SELL,2077.52,446,446,0,2026-01-01T03:17:20Z
order_00015781,batch_0005,trader_0003,ETH-USD,SELL,2077.53,375,375,0,2026-01-01T04:23:00Z
order_00014526,batch_0005,trader_0017,ETH-USD,SELL,2077.59,463,463,0,2026-01-01T04:02:05Z
order_00016188,batch_0005,trader_0013,ETH-USD,SELL,2077.64,799,799,0,2026-01-01T04:29:47Z
order_00013323,batch_0005,trader_0008,ETH-USD,SELL,2077.75,501,501,0,2026-01-01T03:42:02Z
order_00009561,batch_0005,trader_0007,ETH-USD,SELL,2077.87,272,272,0,2026-01-01T02:39:20Z
order_00013391,batch_0005,trader_0023,ETH-USD,SELL,2077.89,656,656,0,2026-01-01T03:43:10Z
order_00008025,batch_0005,trader_0013,ETH-USD,SELL,2077.91,940,940,0,2026-01-01T02:13:44Z
order_00011431,batch_0005,trader_0012,ETH-USD,SELL,2077.91,458,458,0,2026-01-01T03:10:30Z
order_00016087,batch_0005,trader_0010,ETH-USD,SELL,2078.07,445,445,0,2026-01-01T04:28:06Z
order_00014895,batch_0005,trader_0012,ETH-USD,SELL,2078.13,340,340,0,2026-01-01T04:08:14Z
order_00007094,batch_0005,trader_0022,ETH-USD,SELL,2078.15,932,932,0,2026-01-01T01:58:13Z
order_00010679,batch_0005,trader_0016,ETH-USD,SELL,2078.16,533,533,0,2026-01-01T02:57:58Z
order_00008585,batch_0005,trader_0013,ETH-USD,SELL,2078.18,33,33,0,2026-01-01T02:23:04Z
order_00013850,batch_0005,trader_0004,ETH-USD,SELL,2078.21,979,979,0,2026-01-01T03:50:49Z
order_00013057,batch_0005,trader_0018,ETH-USD,SELL,2078.24,830,830,0,2026-01-01T03:37:36Z
order_00006931,batch_0005,trader_0009,ETH-USD,SELL,2078.53,406,406,0,2026-01-01T01:55:30Z
order_00010440,batch_0005,trader_0012,ETH-USD,SELL,2078.59,959,959,0,2026-01-01T02:53:59Z
order_00009266,batch_0005,trader_0023,ETH-USD,SELL,2078.68,770,770,0,2026-01-01T02:34:25Z
order_00013577,batch_0005,trader_0015,ETH-USD,SELL,2078.85,453,453,0,2026-01-01T03:46:16Z
order_00007625,batch_0005,trader_0001,ETH-USD,SELL,2078.88,706,706,0,2026-01-01T02:07:04Z
order_00007590,batch_0005,trader_0011,ETH-USD,SELL,2078.91,26,26,0,2026-01-01T02:06:29Z
order_00015277,batch_0005,trader_0009,ETH-USD,SELL,2078.91,803,803,0,2026-01-01T04:14:36Z
order_00007785,batch_0005,trader_0004,ETH-USD,SELL,2079.08,171,171,0,2026-01-01T02:09:44Z
order_00010468,batch_0005,trader_0007,ETH-USD,SELL,2079.11,48,48,0,2026-01-01T02:54:27Z
order_00016574,batch_0005,trader_0006,ETH-USD,SELL,2079.14,773,773,0,2026-01-01T04:36:13Z
order_00012819,batch_0005,trader_0017,ETH-USD,SELL,2079.19,872,872,0,2026-01-01T03:33:38Z
order_00015475,batch_0005,trader_0010,ETH-USD,SELL,2079.25,161,161,0,2026-01-01T04:17:54Z
order_00012865,batch_0005,trader_0002,ETH-USD,SELL,2079.37,305,305,0,2026-01-01T03:34:24Z
order_00006806,batch_0005,trader_0007,ETH-USD,SELL,2079.44,619,619,0,2026-01-01T01:53:25Z
order_00007030,batch_0005,trader_0002,ETH-USD,SELL,2079.62,396,396,0,2026-01-01T01:57:09Z
order_00016065,batch_0005,trader_0021,ETH-USD,SELL,2079.73,994,994,0,2026-01-01T04:27:44Z
order_00015203,batch_0005,trader_0001,ETH-USD,SELL,2079.76,1,1,0,2026-01-01T04:13:22Z
order_00015271,batch_0005,trader_0011,ETH-USD,SELL,2079.85,677,677,0,2026-01-01T04:14:30Z
order_00009749,batch_0005,trader_0007,ETH-USD,SELL,2079.95,105,105,0,2026-01-01T02:42:28Z
order_00009975,batch_0005,trader_0007,ETH-USD,SELL,2079.96,378,378,0,2026-01-01T02:46:14Z
order_00014599,batch_0005,trader_0013,ETH-USD,SELL,2079.98,272,272,0,2026-01-01T04:03:18Z
order_00016376,batch_0005,trader_0023,ETH-USD,SELL,2079.99,857,857,0,2026-01-01T04:32:55Z
order_00014226,batch_0005,trader_0015,ETH-USD,SELL,2080.1,384,384,0,2026-01-01T03:57:05Z
order_00011640,batch_0005,trader_0021,ETH-USD,SELL,2080.15,177,177,0,2026-01-01T03:13:59Z
order_00015136,batch_0005,trader_0016,ETH-USD,SELL,2080.23,477,477,0,2026-01-01T04:12:15Z
order_00012176,batch_0005,trader_0004,ETH-USD,SELL,2080.24,161,161,0,2026-01-01T03:22:55Z
order_00013586,batch_0005,trader_0017,ETH-USD,SELL,2080.24,93,93,0,2026-01-01T03:46:25Z
order_00008998,batch_0005,trader_0012,ETH-USD,SELL,2080.45,933,933,0,2026-01-01T02:29:57Z
order_00013247,batch_0005,trader_0012,ETH-USD,SELL,2080.46,379,379,0,2026-01-01T03:40:46Z
order_00015256,batch_0005,trader_0016,ETH-USD,SELL,2080.49,235,235,0,2026-01-01T04:14:15Z
order_00013403,batch_0005,trader_0012,ETH-USD,SELL,2080.81,78,78,0,2026-01-01T03:43:22Z
order_00008377,batch_0005,trader_0025,ETH-USD,SELL,2081.32,749,749,0,2026-01-01T02:19:36Z
order_00008714,batch_0005,trader_0018,ETH-USD,SELL,2081.39,786,786,0,2026-01-01T02:25:13Z
order_00014989,batch_0005,trader_0018,ETH-USD,SELL,2081.39,451,451,0,2026-01-01T04:09:48Z
order_00011031,batch_0005,trader_0019,ETH-USD,SELL,2081.43,689,689,0,2026-01-01T03:03:50Z
order_00015017,batch_0005,trader_0018,ETH-USD,SELL,2081.47,740,740,0,2026-01-01T04:10:16Z
order_00008395,batch_0005,trader_0020,ETH-USD,SELL,2081.48,513,513,0,2026-01-01T02:19:54Z
order_00008599,batch_0005,trader_0006,ETH-USD,SELL,2081.55,715,715,0,2026-01-01T02:23:18Z
order_00014464,batch_0005,trader_0017,ETH-USD,SELL,2081.55,473,473,0,2026-01-01T04:01:03Z
order_00011715,batch_0005,trader_0020,ETH-USD,SELL,2081.57,748,748,0,2026-01-01T03:15:14Z
order_00012855,batch_0005,trader_0001,ETH-USD,SELL,2081.6,210,210,0,2026-01-01T03:34:14Z
order_00011727,batch_0005,trader_0020,ETH-USD,SELL,2081.7,455,455,0,2026-01-01T03:15:26Z
order_00007970,batch_0005,trader_0016,ETH-USD,SELL,2081.75,589,589,0,2026-01-01T02:12:49Z
order_00011318,batch_0005,trader_0001,ETH-USD,SELL,2081.93,298,298,0,2026-01-01T03:08:37Z
order_00009059,batch_0005,trader_0013,ETH-USD,SELL,2081.96,536,536,0,2026-01-01T02:30:58Z
order_00010214,batch_0005,trader_0010,ETH-USD,SELL,2081.99,250,250,0,2026-01-01T02:50:13Z
order_00011838,batch_0005,trader_0016,ETH-USD,SELL,2082.01,3,3,0,2026-01-01T03:17:17Z
order_00012397,batch_0005,trader_0005,ETH-USD,SELL,2082.11,447,447,0,2026-01-01T03:26:36Z
order_00010636,batch_0005,trader_0015,ETH-USD,SELL,2082.14,235,235,0,2026-01-01T02:57:15Z
order_00007198,batch_0005,trader_0019,ETH-USD,SELL,2082.17,802,802,0,2026-01-01T01:59:57Z
order_00010910,batch_0005,trader_0011,ETH-USD,SELL,2082.17,385,385,0,2026-01-01T03:01:49Z
order_00013907,batch_0005,trader_0005,ETH-USD,SELL,2082.27,164,164,0,2026-01-01T03:51:46Z
order_00012068,batch_0005,trader_0008,ETH-USD,SELL,2082.45,991,991,0,2026-01-01T03:21:07Z
order_00013703,batch_0005,trader_0023,ETH-USD,SELL,2082.49,590,590,0,2026-01-01T03:48:22Z
order_00007776,batch_0005,trader_0014,ETH-USD,SELL,2082.63,887,887,0,2026-01-01T02:09:35Z
order_00010611,batch_0005,trader_0021,ETH-USD,SELL,2083.02,946,946,0,2026-01-01T02:56:50Z
order_00006851,batch_0005,trader_0020,ETH-USD,SELL,2083.23,555,555,0,2026-01-01T01:54:10Z
order_00007965,batch_0005,trader_0001,ETH-USD,SELL,2083.27,151,151,0,2026-01-01T02:12:44Z
order_00010265,batch_0005,trader_0022,ETH-USD,SELL,2083.28,529,529,0,2026-01-01T02:51:04Z
order_00007419,batch_0005,trader_0002,ETH-USD,SELL,2083.39,917,917,0,2026-01-01T02:03:38Z
order_00015140,batch_0005,trader_0006,ETH-USD,SELL,2083.39,604,604,0,2026-01-01T04:12:19Z
order_00015182,batch_0005,trader_0003,ETH-USD,SELL,2083.41,83,83,0,2026-01-01T04:13:01Z
order_00007322,batch_0005,trader_0021,ETH-USD,SELL,2083.49,189,189,0,2026-01-01T02:02:01Z
order_00014397,batch_0005,trader_0008,ETH-USD,SELL,2083.59,689,689,0,2026-01-01T03:59:56Z
order_00011025,batch_0005,trader_0010,ETH-USD,SELL,2083.78,179,179,0,2026-01-01T03:03:44Z
order_00013426,batch_0005,trader_0002,ETH-USD,SELL,2083.82,574,574,0,2026-01-01T03:43:45Z
order_00010366,batch_0005,trader_0010,ETH-USD,SELL,2083.85,505,505,0,2026-01-01T02:52:45Z
order_00012953,batch_0005,trader_0022,ETH-USD,SELL,2083.91,271,271,0,2026-01-01T03:35:52Z
order_00014576,batch_0005,trader_0006,ETH-USD,SELL,2083.99,929,929,0,2026-01-01T04:02:55Z
order_00008884,batch_0005,trader_0001,ETH-USD,SELL,2084.03,672,672,0,2026-01-01T02:28:03Z
order_00010723,batch_0005,trader_0006,ETH-USD,SELL,2084.08,892,892,0,2026-01-01T02:58:42Z
order_00009923,batch_0005,trader_0007,ETH-USD,SELL,2084.09,421,421,0,2026-01-01T02:45:22Z
order_00012370,batch_0005,trader_0018,ETH-USD,SELL,2084.14,114,114,0,2026-01-01T03:26:09Z
order_00013898,batch_0005,trader_0001,ETH-USD,SELL,2084.19,185,185,0,2026-01-01T03:51:37Z
order_00007783,batch_0005,trader_0021,ETH-USD,SELL,2084.21,707,707,0,2026-01-01T02:09:42Z
order_00016497,batch_0005,trader_0012,ETH-USD,SELL,2084.34,743,743,0,2026-01-01T04:34:56Z
order_00011533,batch_0005,trader_0007,ETH-USD,SELL,2084.39,233,233,0,2026-01-01T03:12:12Z
order_00016465,batch_0005,trader_0005,ETH-USD,SELL,2084.54,774,774,0,2026-01-01T04:34:24Z
order_00013363,batch_0005,trader_0014,ETH-USD,SELL,2084.57,809,809,0,2026-01-01T03:42:42Z
order_00007154,batch_0005,trader_0018,ETH-USD,SELL,2084.63,926,926,0,2026-01-01T01:59:13Z
order_00007476,batch_0005,trader_0014,ETH-USD,SELL,2084.73,803,803,0,2026-01-01T02:04:35Z
order_00015625,batch_0005,trader_0020,ETH-USD,SELL,2084.81,217,217,0,2026-01-01T04:20:24Z
order_00010540,batch_0005,trader_0019,ETH-USD,SELL,2084.82,556,556,0,2026-01-01T02:55:39Z
order_00009531,batch_0005,trader_0017,ETH-USD,SELL,2084.88,689,689,0,2026-01-01T02:38:50Z
order_00016555,batch_0005,trader_0006,ETH-USD,SELL,2084.9,156,156,0,2026-01-01T04:35:54Z
order_00014611,batch_0005,trader_0005,ETH-USD,SELL,2084.92,615,615,0,2026-01-01T04:03:30Z
order_00015913,batch_0005,trader_0005,ETH-USD,SELL,2084.92,240,240,0,2026-01-01T04:25:12Z
order_00015074,batch_0005,trader_0022,ETH-USD,SELL,2085.12,442,442,0,2026-01-01T04:11:13Z
order_00009287,batch_0005,trader_0013,ETH-USD,SELL,2085.18,484,484,0,2026-01-01T02:34:46Z
order_00009810,batch_0005,trader_0011,ETH-USD,SELL,2085.2,907,907,0,2026-01-01T02:43:29Z
order_00015167,batch_0005,trader_0012,ETH-USD,SELL,2085.29,601,601,0,2026-01-01T04:12:46Z
order_00008724,batch_0005,trader_0009,ETH-USD,SELL,2085.3,17,17,0,2026-01-01T02:25:23Z
order_00010162,batch_0005,trader_0019,ETH-USD,SELL,2085.32,727,727,0,2026-01-01T02:49:21Z
order_00009460,batch_0005,trader_0022,ETH-USD,SELL,2085.86,426,426,0,2026-01-01T02:37:39Z
order_00010138,batch_0005,trader_0001,ETH-USD,SELL,2086.11,957,957,0,2026-01-01T02:48:57Z
order_00010215,batch_0005,trader_0022,ETH-USD,SELL,2086.11,382,382,0,2026-01-01T02:50:14Z
order_00007324,batch_0005,trader_0022,ETH-USD,SELL,2086.22,386,386,0,2026-01-01T02:02:03Z
order_00009198,batch_0005,trader_0025,ETH-USD,SELL,2086.29,882,882,0,2026-01-01T02:33:17Z
order_00015284,batch_0005,trader_0016,ETH-USD,SELL,2086.33,103,103,0,2026-01-01T04:14:43Z
order_00014593,batch_0005,trader_0004,ETH-USD,SELL,2086.41,33,33,0,2026-01-01T04:03:12Z
order_00008749,batch_0005,trader_0012,ETH-USD,SELL,2086.51,236,236,0,2026-01-01T02:25:48Z
order_00012695,batch_0005,trader_0008,ETH-USD,SELL,2086.55,56,56,0,2026-01-01T03:31:34Z
order_00015929,batch_0005,trader_0003,ETH-USD,SELL,2086.64,475,475,0,2026-01-01T04:25:28Z
order_00010877,batch_0005,trader_0020,ETH-USD,SELL,2086.67,436,436,0,2026-01-01T03:01:16Z
order_00012584,batch_0005,trader_0018,ETH-USD,SELL,2086.82,197,197,0,2026-01-01T03:29:43Z
order_00012542,batch_0005,trader_0008,ETH-USD,SELL,2086.91,449,449,0,2026-01-01T03:29:01Z
order_00013877,batch_0005,trader_0014,ETH-USD,SELL,2087.01,409,409,0,2026-01-01T03:51:16Z
order_00007943,batch_0005,trader_0019,ETH-USD,SELL,2087.05,659,659,0,2026-01-01T02:12:22Z
order_00015141,batch_0005,trader_0012,ETH-USD,SELL,2087.1,654,654,0,2026-01-01T04:12:20Z
order_00007536,batch_0005,trader_0003,ETH-USD,SELL,2087.12,934,934,0,2026-01-01T02:05:35Z
order_00014618,batch_0005,trader_0002,ETH-USD,SELL,2087.2,625,625,0,2026-01-01T04:03:37Z
order_00008071,batch_0005,trader_0010,ETH-USD,SELL,2087.3,974,974,0,2026-01-01T02:14:30Z
order_00009149,batch_0005,trader_0022,ETH-USD,SELL,2087.37,371,371,0,2026-01-01T02:32:28Z
order_00006795,batch_0005,trader_0019,ETH-USD,SELL,2087.4,868,868,0,2026-01-01T01:53:14Z
order_00012116,batch_0005,trader_0023,ETH-USD,SELL,2087.45,71,71,0,2026-01-01T03:21:55Z
order_00011350,batch_0005,trader_0012,ETH-USD,SELL,2087.62,103,103,0,2026-01-01T03:09:09Z
order_00008938,batch_0005,trader_0023,ETH-USD,SELL,2087.82,704,704,0,2026-01-01T02:28:57Z
order_00013410,batch_0005,trader_0024,ETH-USD,SELL,2087.86,329,329,0,2026-01-01T03:43:29Z
order_00015238,batch_0005,trader_0013,ETH-USD,SELL,2087.89,565,565,0,2026-01-01T04:13:57Z
order_00011844,batch_0005,trader_0003,ETH-USD,SELL,2087.95,441,441,0,2026-01-01T03:17:23Z
order_00008550,batch_0005,trader_0022,ETH-USD,SELL,2087.97,763,763,0,2026-01-01T02:22:29Z
order_00009415,batch_0005,trader_0024,ETH-USD,SELL,2088.0,406,406,0,2026-01-01T02:36:54Z
order_00008185,batch_0005,trader_0023,ETH-USD,SELL,2088.15,501,501,0,2026-01-01T02:16:24Z
order_00007349,batch_0005,trader_0021,ETH-USD,SELL,2088.18,530,530,0,2026-01-01T02:02:28Z
order_00015571,batch_0005,trader_0024,ETH-USD,SELL,2088.22,890,890,0,2026-01-01T04:19:30Z
order_00015281,batch_0005,trader_0016,ETH-USD,SELL,2088.33,354,354,0,2026-01-01T04:14:40Z
order_00012273,batch_0005,trader_0012,ETH-USD,SELL,2088.4,213,213,0,2026-01-01T03:24:32Z
order_00016027,batch_0005,trader_0025,ETH-USD,SELL,2088.4,629,629,0,2026-01-01T04:27:06Z
order_00015900,batch_0005,trader_0001,ETH-USD,SELL,2088.42,675,675,0,2026-01-01T04:24:59Z
order_00014210,batch_0005,trader_0010,ETH-USD,SELL,2088.52,551,551,0,2026-01-01T03:56:49Z
order_00007342,batch_0005,trader_0002,ETH-USD,SELL,2088.54,817,817,0,2026-01-01T02:02:21Z
order_00009713,batch_0005,trader_0004,ETH-USD,SELL,2088.65,192,192,0,2026-01-01T02:41:52Z
order_00012173,batch_0005,trader_0013,ETH-USD,SELL,2088.69,994,994,0,2026-01-01T03:22:52Z
order_00012525,batch_0005,trader_0008,ETH-USD,SELL,2089.04,989,989,0,2026-01-01T03:28:44Z
order_00009995,batch_0005,trader_0002,ETH-USD,SELL,2089.07,264,264,0,2026-01-01T02:46:34Z
order_00014792,batch_0005,trader_0006,ETH-USD,SELL,2089.08,571,571,0,2026-01-01T04:06:31Z
order_00014855,batch_0005,trader_0019,ETH-USD,SELL,2089.24,792,792,0,2026-01-01T04:07:34Z
order_00008989,batch_0005,trader_0017,ETH-USD,SELL,2089.43,631,631,0,2026-01-01T02:29:48Z
order_00012041,batch_0005,trader_0021,ETH-USD,SELL,2089.47,739,739,0,2026-01-01T03:20:40Z
order_00009803,batch_0005,trader_0011,ETH-USD,SELL,2089.53,678,678,0,2026-01-01T02:43:22Z
order_00008954,batch_0005,trader_0013,ETH-USD,SELL,2089.57,799,799,0,2026-01-01T02:29:13Z
order_00008582,batch_0005,trader_0008,ETH-USD,SELL,2089.67,196,196,0,2026-01-01T02:23:01Z
order_00016186,batch_0005,trader_0002,ETH-USD,SELL,2089.7,998,998,0,2026-01-01T04:29:45Z
order_00008673,batch_0005,trader_0013,ETH-USD,SELL,2089.72,102,102,0,2026-01-01T02:24:32Z
order_00011472,batch_0005,trader_0020,ETH-USD,SELL,2089.75,707,707,0,2026-01-01T03:11:11Z
order_00010058,batch_0005,trader_0025,ETH-USD,SELL,2089.91,507,507,0,2026-01-01T02:47:37Z
order_00016526,batch_0005,trader_0009,ETH-USD,SELL,2089.93,627,627,0,2026-01-01T04:35:25Z
order_00010929,batch_0005,trader_0024,ETH-USD,SELL,2089.95,498,498,0,2026-01-01T03:02:08Z
order_00008310,batch_0005,trader_0007,ETH-USD,SELL,2090.14,450,450,0,2026-01-01T02:18:29Z
order_00007271,batch_0005,trader_0023,ETH-USD,SELL,2090.15,636,636,0,2026-01-01T02:01:10Z
order_00013123,batch_0005,trader_0017,ETH-USD,SELL,2090.15,869,869,0,2026-01-01T03:38:42Z
order_00010202,batch_0005,trader_0025,ETH-USD,SELL,2090.19,670,670,0,2026-01-01T02:50:01Z
order_00015948,batch_0005,trader_0020,ETH-USD,SELL,2090.51,630,630,0,2026-01-01T04:25:47Z
order_00016130,batch_0005,trader_0003,ETH-USD,SELL,2090.62,886,886,0,2026-01-01T04:28:49Z
order_00012511,batch_0005,trader_0010,ETH-USD,SELL,2090.85,766,766,0,2026-01-01T03:28:30Z
order_00011468,batch_0005,trader_0019,ETH-USD,SELL,2090.89,742,742,0,2026-01-01T03:11:07Z
order_00015179,batch_0005,trader_0021,ETH-USD,SELL,2091.03,302,302,0,2026-01-01T04:12:58Z
order_00015844,batch_0005,trader_0012,ETH-USD,SELL,2091.06,704,704,0,2026-01-01T04:24:03Z
order_00011866,batch_0005,trader_0013,ETH-USD,SELL,2091.07,850,850,0,2026-01-01T03:17:45Z
order_00008059,batch_0005,trader_0013,ETH-USD,SELL,2091.2,454,454,0,2026-01-01T02:14:18Z
order_00008838,batch_0005,trader_0010,ETH-USD,SELL,2091.2,966,966,0,2026-01-01T02:27:17Z
order_00011830,batch_0005,trader_0012,ETH-USD,SELL,2091.36,293,293,0,2026-01-01T03:17:09Z
order_00008054,batch_0005,trader_0017,ETH-USD,SELL,2091.47,996,996,0,2026-01-01T02:14:13Z
order_00012142,batch_0005,trader_0009,ETH-USD,SELL,2091.66,845,845,0,2026-01-01T03:22:21Z
order_00015669,batch_0005,trader_0025,ETH-USD,SELL,2091.66,838,838,0,2026-01-01T04:21:08Z
order_00008489,batch_0005,trader_0010,ETH-USD,SELL,2091.69,229,229,0,2026-01-01T02:21:28Z
order_00007516,batch_0005,trader_0021,ETH-USD,SELL,2091.85,208,208,0,2026-01-01T02:05:15Z
order_00009495,batch_0005,trader_0022,ETH-USD,SELL,2091.95,684,684,0,2026-01-01T02:38:14Z
order_00014150,batch_0005,trader_0012,ETH-USD,SELL,2092.05,351,351,0,2026-01-01T03:55:49Z
order_00014499,batch_0005,trader_0014,ETH-USD,SELL,2092.12,906,906,0,2026-01-01T04:01:38Z
order_00014149,batch_0005,trader_0025,ETH-USD,SELL,2092.16,881,881,0,2026-01-01T03:55:48Z
order_00008806,batch_0005,trader_0020,ETH-USD,SELL,2092.33,677,677,0,2026-01-01T02:26:45Z
order_00014817,batch_0005,trader_0022,ETH-USD,SELL,2092.42,655,655,0,2026-01-01T04:06:56Z
order_00007711,batch_0005,trader_0025,ETH-USD,SELL,2092.48,702,702,0,2026-01-01T02:08:30Z
order_00014829,batch_0005,trader_0010,ETH-USD,SELL,2092.49,60,60,0,2026-01-01T04:07:08Z
order_00013242,batch_0005,trader_0010,ETH-USD,SELL,2092.54,55,55,0,2026-01-01T03:40:41Z
order_00007173,batch_0005,trader_0002,ETH-USD,SELL,2092.55,279,279,0,2026-01-01T01:59:32Z
order_00009937,batch_0005,trader_0024,ETH-USD,SELL,2092.63,491,491,0,2026-01-01T02:45:36Z
order_00007155,batch_0005,trader_0019,ETH-USD,SELL,2092.77,396,396,0,2026-01-01T01:59:14Z
order_00016390,batch_0005,trader_0001,ETH-USD,SELL,2092.83,527,527,0,2026-01-01T04:33:09Z
order_00014094,batch_0005,trader_0006,ETH-USD,SELL,2092.89,584,584,0,2026-01-01T03:54:53Z
order_00015586,batch_0005,trader_0013,ETH-USD,SELL,2092.9,843,843,0,2026-01-01T04:19:45Z
order_00010472,batch_0005,trader_0018,ETH-USD,SELL,2092.91,445,445,0,2026-01-01T02:54:31Z
order_00009344,batch_0005,trader_0008,ETH-USD,SELL,2092.98,41,41,0,2026-01-01T02:35:43Z
order_00007827,batch_0005,trader_0014,ETH-USD,SELL,2093.41,190,190,0,2026-01-01T02:10:26Z
order_00014129,batch_0005,trader_0019,ETH-USD,SELL,2093.42,799,799,0,2026-01-01T03:55:28Z
order_00012212,batch_0005,trader_0007,ETH-USD,SELL,2093.46,447,447,0,2026-01-01T03:23:31Z
order_00015760,batch_0005,trader_0014,ETH-USD,SELL,2093.49,570,570,0,2026-01-01T04:22:39Z
order_00016012,batch_0005,trader_0021,ETH-USD,SELL,2093.58,746,746,0,2026-01-01T04:26:51Z
order_00010194,batch_0005,trader_0009,ETH-USD,SELL,2093.59,344,344,0,2026-01-01T02:49:53Z
order_00013319,batch_0005,trader_0020,ETH-USD,SELL,2093.99,74,74,0,2026-01-01T03:41:58Z
order_00013520,batch_0005,trader_0001,ETH-USD,SELL,2094.01,355,355,0,2026-01-01T03:45:19Z
order_00015813,batch_0005,trader_0019,ETH-USD,SELL,2094.18,473,473,0,2026-01-01T04:23:32Z
order_00007956,batch_0005,trader_0011,ETH-USD,SELL,2094.24,606,606,0,2026-01-01T02:12:35Z
order_00011165,batch_0005,trader_0016,ETH-USD,SELL,2094.33,323,323,0,2026-01-01T03:06:04Z
order_00016475,batch_0005,trader_0023,ETH-USD,SELL,2094.38,198,198,0,2026-01-01T04:34:34Z
order_00015527,batch_0005,trader_0023,ETH-USD,SELL,2094.44,843,843,0,2026-01-01T04:18:46Z
order_00012149,batch_0005,trader_0022,ETH-USD,SELL,2094.53,616,616,0,2026-01-01T03:22:28Z
order_00014964,batch_0005,trader_0023,ETH-USD,SELL,2094.64,428,428,0,2026-01-01T04:09:23Z
order_00011268,batch_0005,trader_0023,ETH-USD,SELL,2094.67,489,489,0,2026-01-01T03:07:47Z
order_00015072,batch_0005,trader_0015,ETH-USD,SELL,2094.81,477,477,0,2026-01-01T04:11:11Z
order_00015126,batch_0005,trader_0017,ETH-USD,SELL,2094.82,344,344,0,2026-01-01T04:12:05Z
order_00016399,batch_0005,trader_0015,ETH-USD,SELL,2095.09,170,170,0,2026-01-01T04:33:18Z
order_00015748,batch_0005,trader_0001,ETH-USD,SELL,2095.19,309,309,0,2026-01-01T04:22:27Z
order_00015092,batch_0005,trader_0007,ETH-USD,SELL,2095.23,890,890,0,2026-01-01T04:11:31Z
order_00013048,batch_0005,trader_0017,ETH-USD,SELL,2095.25,604,604,0,2026-01-01T03:37:27Z
order_00010024,batch_0005,trader_0015,ETH-USD,SELL,2095.41,957,957,0,2026-01-01T02:47:03Z
order_00012602,batch_0005,trader_0017,ETH-USD,SELL,2095.5,809,809,0,2026-01-01T03:30:01Z
order_00014892,batch_0005,trader_0023,ETH-USD,SELL,2095.53,946,946,0,2026-01-01T04:08:11Z
order_00013729,batch_0005,trader_0006,ETH-USD,SELL,2095.55,364,364,0,2026-01-01T03:48:48Z
order_00013262,batch_0005,trader_0009,ETH-USD,SELL,2095.59,251,251,0,2026-01-01T03:41:01Z
order_00006989,batch_0005,trader_0017,ETH-USD,SELL,2095.66,899,899,0,2026-01-01T01:56:28Z
order_00011005,batch_0005,trader_0003,ETH-USD,SELL,2095.81,419,419,0,2026-01-01T03:03:24Z
order_00011502,batch_0005,trader_0023,ETH-USD,SELL,2095.81,628,628,0,2026-01-01T03:11:41Z
order_00010005,batch_0005,trader_0003,ETH-USD,SELL,2095.85,807,807,0,2026-01-01T02:46:44Z
order_00011729,batch_0005,trader_0022,ETH-USD,SELL,2096.17,792,792,0,2026-01-01T03:15:28Z
order_00014756,batch_0005,trader_0025,ETH-USD,SELL,2096.19,698,698,0,2026-01-01T04:05:55Z
order_00011315,batch_0005,trader_0013,ETH-USD,SELL,2096.2,139,139,0,2026-01-01T03:08:34Z
order_00008909,batch_0005,trader_0006,ETH-USD,SELL,2096.25,75,75,0,2026-01-01T02:28:28Z
order_00008924,batch_0005,trader_0009,ETH-USD,SELL,2096.26,141,141,0,2026-01-01T02:28:43Z
order_00010292,batch_0005,trader_0019,ETH-USD,SELL,2096.27,900,900,0,2026-01-01T02:51:31Z
order_00016178,batch_0005,trader_0008,ETH-USD,SELL,2096.35,355,355,0,2026-01-01T04:29:37Z
order_00015876,batch_0005,trader_0022,ETH-USD,SELL,2096.38,720,720,0,2026-01-01T04:24:35Z
order_00009237,batch_0005,trader_0017,ETH-USD,SELL,2096.61,180,180,0,2026-01-01T02:33:56Z
order_00008983,batch_0005,trader_0025,ETH-USD,SELL,2096.62,405,405,0,2026-01-01T02:29:42Z
order_00016134,batch_0005,trader_0010,ETH-USD,SELL,2096.66,942,942,0,2026-01-01T04:28:53Z
order_00013846,batch_0005,trader_0010,ETH-USD,SELL,2096.79,113,113,0,2026-01-01T03:50:45Z
order_00015743,batch_0005,trader_0009,ETH-USD,SELL,2096.82,782,782,0,2026-01-01T04:22:22Z
order_00011579,batch_0005,trader_0003,ETH-USD,SELL,2097.18,160,160,0,2026-01-01T03:12:58Z
order_00008743,batch_0005,trader_0017,ETH-USD,SELL,2097.25,33,33,0,2026-01-01T02:25:42Z
order_00016040,batch_0005,trader_0014,ETH-USD,SELL,2097.27,651,651,0,2026-01-01T04:27:19Z
order_00009077,batch_0005,trader_0014,ETH-USD,SELL,2097.35,980,980,0,2026-01-01T02:31:16Z
order_00013603,batch_0005,trader_0009,ETH-USD,SELL,2097.43,784,784,0,2026-01-01T03:46:42Z
order_00014869,batch_0005,trader_0003,ETH-USD,SELL,2097.47,391,391,0,2026-01-01T04:07:48Z
order_00016477,batch_0005,trader_0003,ETH-USD,SELL,2097.48,642,642,0,2026-01-01T04:34:36Z
order_00015516,batch_0005,trader_0024,ETH-USD,SELL,2097.53,423,423,0,2026-01-01T04:18:35Z
order_00015328,batch_0005,trader_0017,ETH-USD,SELL,2097.72,363,363,0,2026-01-01T04:15:27Z
order_00016339,batch_0005,trader_0002,ETH-USD,SELL,2097.83,722,722,0,2026-01-01T04:32:18Z
order_00014563,batch_0005,trader_0007,ETH-USD,SELL,2097.87,671,671,0,2026-01-01T04:02:42Z
order_00013876,batch_0005,trader_0023,ETH-USD,SELL,2097.94,296,296,0,2026-01-01T03:51:15Z
order_00010159,batch_0005,trader_0022,ETH-USD,SELL,2097.98,448,448,0,2026-01-01T02:49:18Z
order_00016014,batch_0005,trader_0023,ETH-USD,SELL,2098.05,226,226,0,2026-01-01T04:26:53Z
order_00015573,batch_0005,trader_0010,ETH-USD,SELL,2098.06,310,310,0,2026-01-01T04:19:32Z
order_00011412,batch_0005,trader_0003,ETH-USD,SELL,2098.17,513,513,0,2026-01-01T03:10:11Z
order_00009086,batch_0005,trader_0022,ETH-USD,SELL,2098.19,226,226,0,2026-01-01T02:31:25Z
order_00011818,batch_0005,trader_0019,ETH-USD,SELL,2098.24,811,811,0,2026-01-01T03:16:57Z
order_00012274,batch_0005,trader_0010,ETH-USD,SELL,2098.34,693,693,0,2026-01-01T03:24:33Z
order_00014993,batch_0005,trader_0021,ETH-USD,SELL,2098.42,34,34,0,2026-01-01T04:09:52Z
order_00015552,batch_0005,trader_0007,ETH-USD,SELL,2098.43,854,854,0,2026-01-01T04:19:11Z
order_00009100,batch_0005,trader_0007,ETH-USD,SELL,2098.44,512,512,0,2026-01-01T02:31:39Z
order_00009767,batch_0005,trader_0017,ETH-USD,SELL,2098.45,334,334,0,2026-01-01T02:42:46Z
order_00007756,batch_0005,trader_0005,ETH-USD,SELL,2098.73,186,186,0,2026-01-01T02:09:15Z
order_00015970,batch_0005,trader_0008,ETH-USD,SELL,2098.78,522,522,0,2026-01-01T04:26:09Z
order_00007542,batch_0005,trader_0005,ETH-USD,SELL,2098.8,128,128,0,2026-01-01T02:05:41Z
order_00007920,batch_0005,trader_0023,ETH-USD,SELL,2098.88,387,387,0,2026-01-01T02:11:59Z
order_00013617,batch_0005,trader_0007,ETH-USD,SELL,2098.92,908,908,0,2026-01-01T03:46:56Z
order_00010184,batch_0005,trader_0006,ETH-USD,SELL,2099.3,285,285,0,2026-01-01T02:49:43Z
order_00014722,batch_0005,trader_0015,ETH-USD,SELL,2099.36,136,136,0,2026-01-01T04:05:21Z
order_00006634,batch_0005,trader_0009,ETH-USD,SELL,2099.4,139,139,0,2026-01-01T01:50:33Z
order_00007907,batch_0005,trader_0018,ETH-USD,SELL,2099.46,777,777,0,2026-01-01T02:11:46Z
order_00010708,batch_0005,trader_0015,ETH-USD,SELL,2099.47,770,770,0,2026-01-01T02:58:27Z
order_00015915,batch_0005,trader_0024,ETH-USD,SELL,2099.49,545,545,0,2026-01-01T04:25:14Z
order_00015506,batch_0005,trader_0016,ETH-USD,SELL,2099.53,996,996,0,2026-01-01T04:18:25Z
order_00010962,batch_0005,trader_0023,ETH-USD,SELL,2099.66,69,69,0,2026-01-01T03:02:41Z
order_00011607,batch_0005,trader_0003,ETH-USD,SELL,2099.67,426,426,0,2026-01-01T03:13:26Z
order_00010206,batch_0005,trader_0019,ETH-USD,SELL,2099.68,452,452,0,2026-01-01T02:50:05Z
order_00012269,batch_0005,trader_0002,ETH-USD,SELL,2099.74,928,928,0,2026-01-01T03:24:28Z
order_00014147,batch_0005,trader_0009,ETH-USD,SELL,2099.99,24,24,0,2026-01-01T03:55:46Z
order_00008667,batch_0005,trader_0013,ETH-USD,SELL,2100.05,380,380,0,2026-01-01T02:24:26Z
order_00007057,batch_0005,trader_0024,ETH-USD,SELL,2100.18,802,802,0,2026-01-01T01:57:36Z
order_00015611,batch_0005,trader_0023,ETH-USD,SELL,2100.22,553,553,0,2026-01-01T04:20:10Z
order_00012545,batch_0005,trader_0017,ETH-USD,SELL,2100.25,683,683,0,2026-01-01T03:29:04Z
order_00015752,batch_0005,trader_0025,ETH-USD,SELL,2100.26,857,857,0,2026-01-01T04:22:31Z
order_00015779,batch_0005,trader_0002,ETH-USD,SELL,2100.27,945,945,0,2026-01-01T04:22:58Z
order_00013040,batch_0005,trader_0022,ETH-USD,SELL,2100.42,39,39,0,2026-01-01T03:37:19Z
order_00010939,batch_0005,trader_0007,ETH-USD,SELL,2100.44,750,750,0,2026-01-01T03:02:18Z
order_00011518,batch_0005,trader_0023,ETH-USD,SELL,2100.46,140,140,0,2026-01-01T03:11:57Z
order_00009324,batch_0005,trader_0019,ETH-USD,SELL,2100.58,446,446,0,2026-01-01T02:35:23Z
order_00015587,batch_0005,trader_0006,ETH-USD,SELL,2100.59,346,346,0,2026-01-01T04:19:46Z
order_00010898,batch_0005,trader_0006,ETH-USD,SELL,2100.61,604,604,0,2026-01-01T03:01:37Z
order_00012196,batch_0005,trader_0016,ETH-USD,SELL,2100.78,489,489,0,2026-01-01T03:23:15Z
order_00012210,batch_0005,trader_0015,ETH-USD,SELL,2100.81,431,431,0,2026-01-01T03:23:29Z
order_00014609,batch_0005,trader_0014,ETH-USD,SELL,2100.93,864,864,0,2026-01-01T04:03:28Z
order_00014558,batch_0005,trader_0020,ETH-USD,SELL,2100.95,931,931,0,2026-01-01T04:02:37Z
order_00015845,batch_0005,trader_0007,ETH-USD,SELL,2101.03,950,950,0,2026-01-01T04:24:04Z
order_00012082,batch_0005,trader_0023,ETH-USD,SELL,2101.04,537,537,0,2026-01-01T03:21:21Z
order_00009369,batch_0005,trader_0022,ETH-USD,SELL,2101.1,381,381,0,2026-01-01T02:36:08Z
order_00010424,batch_0005,trader_0010,ETH-USD,SELL,2101.22,589,589,0,2026-01-01T02:53:43Z
order_00015701,batch_0005,trader_0009,ETH-USD,SELL,2101.22,466,466,0,2026-01-01T04:21:40Z
order_00010408,batch_0005,trader_0017,ETH-USD,SELL,2101.27,967,967,0,2026-01-01T02:53:27Z
order_00014954,batch_0005,trader_0025,ETH-USD,SELL,2101.28,621,621,0,2026-01-01T04:09:13Z
order_00010973,batch_0005,trader_0014,ETH-USD,SELL,2101.37,696,696,0,2026-01-01T03:02:52Z
order_00009343,batch_0005,trader_0009,ETH-USD,SELL,2101.39,473,473,0,2026-01-01T02:35:42Z
order_00008631,batch_0005,trader_0015,ETH-USD,SELL,2101.4,5,5,0,2026-01-01T02:23:50Z
order_00008067,batch_0005,trader_0020,ETH-USD,SELL,2101.47,82,82,0,2026-01-01T02:14:26Z
order_00011260,batch_0005,trader_0019,ETH-USD,SELL,2101.5,300,300,0,2026-01-01T03:07:39Z
order_00011622,batch_0005,trader_0023,ETH-USD,SELL,2101.5,914,914,0,2026-01-01T03:13:41Z
order_00016112,batch_0005,trader_0006,ETH-USD,SELL,2101.61,854,854,0,2026-01-01T04:28:31Z
order_00008508,batch_0005,trader_0024,ETH-USD,SELL,2101.72,784,784,0,2026-01-01T02:21:47Z
order_00011294,batch_0005,trader_0016,ETH-USD,SELL,2101.72,499,499,0,2026-01-01T03:08:13Z
order_00015698,batch_0005,trader_0003,ETH-USD,SELL,2101.92,119,119,0,2026-01-01T04:21:37Z
order_00009311,batch_0005,trader_0013,ETH-USD,SELL,2101.98,168,168,0,2026-01-01T02:35:10Z
order_00012965,batch_0005,trader_0020,ETH-USD,SELL,2102.06,217,217,0,2026-01-01T03:36:04Z
order_00015157,batch_0005,trader_0019,ETH-USD,SELL,2102.07,169,169,0,2026-01-01T04:12:36Z
order_00007644,batch_0005,trader_0008,ETH-USD,SELL,2102.32,321,321,0,2026-01-01T02:07:23Z
order_00014926,batch_0005,trader_0018,ETH-USD,SELL,2102.47,264,264,0,2026-01-01T04:08:45Z
order_00015288,batch_0005,trader_0011,ETH-USD,SELL,2102.48,87,87,0,2026-01-01T04:14:47Z
order_00014048,batch_0005,trader_0003,ETH-USD,SELL,2102.54,144,144,0,2026-01-01T03:54:07Z
order_00008492,batch_0005,trader_0012,ETH-USD,SELL,2102.58,879,879,0,2026-01-01T02:21:31Z
order_00014411,batch_0005,trader_0022,ETH-USD,SELL,2102.61,103,103,0,2026-01-01T04:00:10Z
order_00009817,batch_0005,trader_0005,ETH-USD,SELL,2102.65,520,520,0,2026-01-01T02:43:36Z
order_00010569,batch_0005,trader_0010,ETH-USD,SELL,2102.69,610,610,0,2026-01-01T02:56:08Z
order_00014096,batch_0005,trader_0022,ETH-USD,SELL,2102.69,462,462,0,2026-01-01T03:54:55Z
order_00010456,batch_0005,trader_0025,ETH-USD,SELL,2102.74,143,143,0,2026-01-01T02:54:15Z
order_00009642,batch_0005,trader_0001,ETH-USD,SELL,2102.86,486,486,0,2026-01-01T02:40:41Z
order_00013417,batch_0005,trader_0008,ETH-USD,SELL,2102.89,942,942,0,2026-01-01T03:43:36Z
order_00013087,batch_0005,trader_0005,ETH-USD,SELL,2102.91,207,207,0,2026-01-01T03:38:06Z
order_00007217,batch_0005,trader_0016,ETH-USD,SELL,2103.06,180,180,0,2026-01-01T02:00:16Z
order_00016048,batch_0005,trader_0008,ETH-USD,SELL,2103.17,18,18,0,2026-01-01T04:27:27Z
order_00013093,batch_0005,trader_0020,ETH-USD,SELL,2103.23,998,998,0,2026-01-01T03:38:12Z
order_00013266,batch_0005,trader_0022,ETH-USD,SELL,2103.28,54,54,0,2026-01-01T03:41:05Z
order_00007631,batch_0005,trader_0007,ETH-USD,SELL,2103.37,853,853,0,2026-01-01T02:07:10Z
order_00011822,batch_0005,trader_0025,ETH-USD,SELL,2103.38,92,92,0,2026-01-01T03:17:01Z
order_00013108,batch_0005,trader_0013,ETH-USD,SELL,2103.43,195,195,0,2026-01-01T03:38:27Z
order_00016335,batch_0005,trader_0011,ETH-USD,SELL,2103.54,610,610,0,2026-01-01T04:32:14Z
order_00010554,batch_0005,trader_0022,ETH-USD,SELL,2103.6,622,622,0,2026-01-01T02:55:53Z
order_00012181,batch_0005,trader_0009,ETH-USD,SELL,2103.64,925,925,0,2026-01-01T03:23:00Z
order_00013063,batch_0005,trader_0015,ETH-USD,SELL,2103.69,485,485,0,2026-01-01T03:37:42Z
order_00007239,batch_0005,trader_0016,ETH-USD,SELL,2103.88,824,824,0,2026-01-01T02:00:38Z
order_00008417,batch_0005,trader_0021,ETH-USD,SELL,2103.89,242,242,0,2026-01-01T02:20:16Z
order_00009348,batch_0005,trader_0019,ETH-USD,SELL,2104.02,494,494,0,2026-01-01T02:35:47Z
order_00009633,batch_0005,trader_0013,ETH-USD,SELL,2104.2,679,679,0,2026-01-01T02:40:32Z
order_00013249,batch_0005,trader_0018,ETH-USD,SELL,2104.34,226,226,0,2026-01-01T03:40:48Z
order_00007447,batch_0005,trader_0006,ETH-USD,SELL,2104.43,789,789,0,2026-01-01T02:04:06Z
order_00014050,batch_0005,trader_0021,ETH-USD,SELL,2104.49,658,658,0,2026-01-01T03:54:09Z
order_00006917,batch_0005,trader_0002,ETH-USD,SELL,2104.51,644,644,0,2026-01-01T01:55:16Z
order_00015463,batch_0005,trader_0007,ETH-USD,SELL,2104.58,836,836,0,2026-01-01T04:17:42Z
order_00013838,batch_0005,trader_0002,ETH-USD,SELL,2104.65,605,605,0,2026-01-01T03:50:37Z
order_00013292,batch_0005,trader_0018,ETH-USD,SELL,2104.74,362,362,0,2026-01-01T03:41:31Z
order_00007133,batch_0005,trader_0025,ETH-USD,SELL,2104.76,131,131,0,2026-01-01T01:58:52Z
order_00008755,batch_0005,trader_0007,ETH-USD,SELL,2104.81,441,441,0,2026-01-01T02:25:54Z
order_00010970,batch_0005,trader_0020,ETH-USD,SELL,2104.84,482,482,0,2026-01-01T03:02:49Z
order_00009629,batch_0005,trader_0005,ETH-USD,SELL,2105.02,268,268,0,2026-01-01T02:40:28Z
order_00011870,batch_0005,trader_0002,ETH-USD,SELL,2105.3,215,215,0,2026-01-01T03:17:49Z
order_00009089,batch_0005,trader_0005,ETH-USD,SELL,2105.32,43,43,0,2026-01-01T02:31:28Z
order_00015562,batch_0005,trader_0018,ETH-USD,SELL,2105.33,593,593,0,2026-01-01T04:19:21Z
order_00009989,batch_0005,trader_0003,ETH-USD,SELL,2105.39,32,32,0,2026-01-01T02:46:28Z
order_00008733,batch_0005,trader_0003,ETH-USD,SELL,2105.46,324,324,0,2026-01-01T02:25:32Z
order_00006941,batch_0005,trader_0015,ETH-USD,SELL,2105.74,818,818,0,2026-01-01T01:55:40Z
order_00008234,batch_0005,trader_0023,ETH-USD,SELL,2105.81,871,871,0,2026-01-01T02:17:13Z
order_00015816,batch_0005,trader_0025,ETH-USD,SELL,2106.02,529,529,0,2026-01-01T04:23:35Z
order_00014741,batch_0005,trader_0019,ETH-USD,SELL,2106.09,355,355,0,2026-01-01T04:05:40Z
order_00010431,batch_0005,trader_0011,ETH-USD,SELL,2106.17,277,277,0,2026-01-01T02:53:50Z
order_00013790,batch_0005,trader_0008,ETH-USD,SELL,2106.3,326,326,0,2026-01-01T03:49:49Z
order_00015521,batch_0005,trader_0003,ETH-USD,SELL,2106.31,34,34,0,2026-01-01T04:18:40Z
order_00011012,batch_0005,trader_0004,ETH-USD,SELL,2106.46,736,736,0,2026-01-01T03:03:31Z
order_00012808,batch_0005,trader_0025,ETH-USD,SELL,2106.46,24,24,0,2026-01-01T03:33:27Z
order_00014481,batch_0005,trader_0004,ETH-USD,SELL,2106.62,363,363,0,2026-01-01T04:01:20Z
order_00013369,batch_0005,trader_0002,ETH-USD,SELL,2106.67,558,558,0,2026-01-01T03:42:48Z
order_00015710,batch_0005,trader_0004,ETH-USD,SELL,2106.68,539,539,0,2026-01-01T04:21:49Z
order_00009358,batch_0005,trader_0023,ETH-USD,SELL,2106.73,845,845,0,2026-01-01T02:35:57Z
order_00010211,batch_0005,trader_0019,ETH-USD,SELL,2106.74,750,750,0,2026-01-01T02:50:10Z
order_00010429,batch_0005,trader_0005,ETH-USD,SELL,2106.87,295,295,0,2026-01-01T02:53:48Z
order_00012186,batch_0005,trader_0023,ETH-USD,SELL,2106.97,286,286,0,2026-01-01T03:23:05Z
order_00008768,batch_0005,trader_0005,ETH-USD,SELL,2107.01,446,446,0,2026-01-01T02:26:07Z
order_00011647,batch_0005,trader_0018,ETH-USD,SELL,2107.11,155,155,0,2026-01-01T03:14:06Z
order_00016131,batch_0005,trader_0005,ETH-USD,SELL,2107.14,478,478,0,2026-01-01T04:28:50Z
order_00008017,batch_0005,trader_0011,ETH-USD,SELL,2107.22,680,680,0,2026-01-01T02:13:36Z
order_00011966,batch_0005,trader_0006,ETH-USD,SELL,2107.37,694,694,0,2026-01-01T03:19:25Z
order_00011484,batch_0005,trader_0008,ETH-USD,SELL,2107.55,134,134,0,2026-01-01T03:11:23Z
order_00011745,batch_0005,trader_0024,ETH-USD,SELL,2107.77,35,35,0,2026-01-01T03:15:44Z
order_00009184,batch_0005,trader_0012,ETH-USD,SELL,2107.98,487,487,0,2026-01-01T02:33:03Z
order_00011440,batch_0005,trader_0008,ETH-USD,SELL,2108.01,442,442,0,2026-01-01T03:10:39Z
order_00012174,batch_0005,trader_0004,ETH-USD,SELL,2108.13,839,839,0,2026-01-01T03:22:53Z
order_00009310,batch_0005,trader_0001,ETH-USD,SELL,2108.36,745,745,0,2026-01-01T02:35:09Z
order_00012802,batch_0005,trader_0024,ETH-USD,SELL,2108.52,334,334,0,2026-01-01T03:33:21Z
order_00016183,batch_0005,trader_0010,ETH-USD,SELL,2108.52,773,773,0,2026-01-01T04:29:42Z
order_00008575,batch_0005,trader_0016,ETH-USD,SELL,2108.53,301,301,0,2026-01-01T02:22:54Z
order_00012963,batch_0005,trader_0009,ETH-USD,SELL,2108.54,360,360,0,2026-01-01T03:36:02Z
order_00016255,batch_0005,trader_0023,ETH-USD,SELL,2108.57,23,23,0,2026-01-01T04:30:54Z
order_00007609,batch_0005,trader_0020,ETH-USD,SELL,2108.58,419,419,0,2026-01-01T02:06:48Z
order_00013963,batch_0005,trader_0011,ETH-USD,SELL,2108.6,661,661,0,2026-01-01T03:52:42Z
order_00010588,batch_0005,trader_0024,ETH-USD,SELL,2108.76,818,818,0,2026-01-01T02:56:27Z
order_00006800,batch_0005,trader_0008,ETH-USD,SELL,2108.8,51,51,0,2026-01-01T01:53:19Z
order_00012619,batch_0005,trader_0014,ETH-USD,SELL,2108.87,527,527,0,2026-01-01T03:30:18Z
order_00008571,batch_0005,trader_0017,ETH-USD,SELL,2108.88,170,170,0,2026-01-01T02:22:50Z
order_00015725,batch_0005,trader_0022,ETH-USD,SELL,2108.95,534,534,0,2026-01-01T04:22:04Z
order_00007113,batch_0005,trader_0010,ETH-USD,SELL,2109.01,306,306,0,2026-01-01T01:58:32Z
order_00015560,batch_0005,trader_0015,ETH-USD,SELL,2109.02,678,678,0,2026-01-01T04:19:19Z
order_00006739,batch_0005,trader_0021,ETH-USD,SELL,2109.03,696,696,0,2026-01-01T01:52:18Z
order_00011185,batch_0005,trader_0023,ETH-USD,SELL,2109.16,400,400,0,2026-01-01T03:06:24Z
order_00009870,batch_0005,trader_0014,ETH-USD,SELL,2109.17,423,423,0,2026-01-01T02:44:29Z
order_00013794,batch_0005,trader_0009,ETH-USD,SELL,2109.22,967,967,0,2026-01-01T03:49:53Z
order_00016483,batch_0005,trader_0016,ETH-USD,SELL,2109.24,746,746,0,2026-01-01T04:34:42Z
order_00009354,batch_0005,trader_0025,ETH-USD,SELL,2109.33,164,164,0,2026-01-01T02:35:53Z
order_00009815,batch_0005,trader_0007,ETH-USD,SELL,2109.44,820,820,0,2026-01-01T02:43:34Z
order_00007251,batch_0005,trader_0007,ETH-USD,SELL,2109.72,969,969,0,2026-01-01T02:00:50Z
order_00012448,batch_0005,trader_0018,ETH-USD,SELL,2109.72,804,804,0,2026-01-01T03:27:27Z
order_00010177,batch_0005,trader_0010,ETH-USD,SELL,2109.73,941,941,0,2026-01-01T02:49:36Z
order_00011446,batch_0005,trader_0018,ETH-USD,SELL,2109.76,45,45,0,2026-01-01T03:10:45Z
order_00009656,batch_0005,trader_0018,ETH-USD,SELL,2109.77,226,226,0,2026-01-01T02:40:55Z
order_00013551,batch_0005,trader_0025,ETH-USD,SELL,2109.85,569,569,0,2026-01-01T03:45:50Z
order_00013841,batch_0005,trader_0005,ETH-USD,SELL,2109.93,295,295,0,2026-01-01T03:50:40Z
order_00010545,batch_0005,trader_0024,ETH-USD,SELL,2109.97,114,114,0,2026-01-01T02:55:44Z
order_00012516,batch_0005,trader_0023,ETH-USD,SELL,2110.38,658,658,0,2026-01-01T03:28:35Z
order_00015011,batch_0005,trader_0006,ETH-USD,SELL,2110.45,790,790,0,2026-01-01T04:10:10Z
order_00013050,batch_0005,trader_0021,ETH-USD,SELL,2110.49,4,4,0,2026-01-01T03:37:29Z
order_00007735,batch_0005,trader_0018,ETH-USD,SELL,2110.54,946,946,0,2026-01-01T02:08:54Z
order_00016009,batch_0005,trader_0021,ETH-USD,SELL,2110.58,913,913,0,2026-01-01T04:26:48Z
order_00016107,batch_0005,trader_0012,ETH-USD,SELL,2110.84,566,566,0,2026-01-01T04:28:26Z
order_00016230,batch_0005,trader_0025,ETH-USD,SELL,2111.02,926,926,0,2026-01-01T04:30:29Z
order_00012277,batch_0005,trader_0002,ETH-USD,SELL,2111.19,646,646,0,2026-01-01T03:24:36Z
order_00007688,batch_0005,trader_0004,ETH-USD,SELL,2111.21,446,446,0,2026-01-01T02:08:07Z
order_00011351,batch_0005,trader_0012,ETH-USD,SELL,2111.35,574,574,0,2026-01-01T03:09:10Z
order_00008347,batch_0005,trader_0020,ETH-USD,SELL,2111.41,331,331,0,2026-01-01T02:19:06Z
order_00010283,batch_0005,trader_0008,ETH-USD,SELL,2111.44,478,478,0,2026-01-01T02:51:22Z
order_00016577,batch_0005,trader_0018,ETH-USD,SELL,2111.5,929,929,0,2026-01-01T04:36:16Z
order_00016145,batch_0005,trader_0013,ETH-USD,SELL,2111.52,823,823,0,2026-01-01T04:29:04Z
order_00009239,batch_0005,trader_0008,ETH-USD,SELL,2111.54,966,966,0,2026-01-01T02:33:58Z
order_00009971,batch_0005,trader_0004,ETH-USD,SELL,2111.62,34,34,0,2026-01-01T02:46:10Z
order_00011489,batch_0005,trader_0016,ETH-USD,SELL,2111.71,955,955,0,2026-01-01T03:11:28Z
order_00013961,batch_0005,trader_0018,ETH-USD,SELL,2111.82,7,7,0,2026-01-01T03:52:40Z
order_00008383,batch_0005,trader_0012,ETH-USD,SELL,2111.97,19,19,0,2026-01-01T02:19:42Z
order_00015250,batch_0005,trader_0024,ETH-USD,SELL,2111.99,858,858,0,2026-01-01T04:14:09Z
order_00008150,batch_0005,trader_0011,ETH-USD,SELL,2112.25,530,530,0,2026-01-01T02:15:49Z
order_00016318,batch_0005,trader_0005,ETH-USD,SELL,2112.29,87,87,0,2026-01-01T04:31:57Z
order_00008147,batch_0005,trader_0011,ETH-USD,SELL,2112.3,619,619,0,2026-01-01T02:15:46Z
order_00016441,batch_0005,trader_0004,ETH-USD,SELL,2112.34,18,18,0,2026-01-01T04:34:00Z
order_00014360,batch_0005,trader_0014,ETH-USD,SELL,2112.55,800,800,0,2026-01-01T03:59:19Z
order_00009478,batch_0005,trader_0012,ETH-USD,SELL,2112.57,978,978,0,2026-01-01T02:37:57Z
order_00008720,batch_0005,trader_0002,ETH-USD,SELL,2112.69,676,676,0,2026-01-01T02:25:19Z
order_00015854,batch_0005,trader_0016,ETH-USD,SELL,2112.73,59,59,0,2026-01-01T04:24:13Z
order_00007964,batch_0005,trader_0013,ETH-USD,SELL,2112.79,880,880,0,2026-01-01T02:12:43Z
order_00012858,batch_0005,trader_0009,ETH-USD,SELL,2112.82,268,268,0,2026-01-01T03:34:17Z
order_00013793,batch_0005,trader_0019,ETH-USD,SELL,2112.86,244,244,0,2026-01-01T03:49:52Z
order_00013260,batch_0005,trader_0017,ETH-USD,SELL,2112.87,255,255,0,2026-01-01T03:40:59Z
order_00009235,batch_0005,trader_0011,ETH-USD,SELL,2113.08,23,23,0,2026-01-01T02:33:54Z
order_00014880,batch_0005,trader_0015,ETH-USD,SELL,2113.16,6,6,0,2026-01-01T04:07:59Z
order_00011855,batch_0005,trader_0005,ETH-USD,SELL,2113.21,751,751,0,2026-01-01T03:17:34Z
order_00008910,batch_0005,trader_0020,ETH-USD,SELL,2113.28,387,387,0,2026-01-01T02:28:29Z
order_00011471,batch_0005,trader_0009,ETH-USD,SELL,2113.37,574,574,0,2026-01-01T03:11:10Z
order_00014658,batch_0005,trader_0023,ETH-USD,SELL,2113.38,645,645,0,2026-01-01T04:04:17Z
order_00011050,batch_0005,trader_0008,ETH-USD,SELL,2113.47,849,849,0,2026-01-01T03:04:09Z
order_00014233,batch_0005,trader_0002,ETH-USD,SELL,2113.47,616,616,0,2026-01-01T03:57:12Z
order_00010786,batch_0005,trader_0012,ETH-USD,SELL,2113.54,486,486,0,2026-01-01T02:59:45Z
order_00010313,batch_0005,trader_0015,ETH-USD,SELL,2113.67,435,435,0,2026-01-01T02:51:52Z
order_00011359,batch_0005,trader_0012,ETH-USD,SELL,2113.74,38,38,0,2026-01-01T03:09:18Z
order_00009470,batch_0005,trader_0012,ETH-USD,SELL,2113.76,641,641,0,2026-01-01T02:37:49Z
order_00011763,batch_0005,trader_0024,ETH-USD,SELL,2113.86,460,460,0,2026-01-01T03:16:02Z
order_00008135,batch_0005,trader_0022,ETH-USD,SELL,2113.87,871,871,0,2026-01-01T02:15:34Z
order_00012382,batch_0005,trader_0002,ETH-USD,SELL,2114.06,288,288,0,2026-01-01T03:26:21Z
order_00014013,batch_0005,trader_0007,ETH-USD,SELL,2114.06,27,27,0,2026-01-01T03:53:32Z
order_00012346,batch_0005,trader_0011,ETH-USD,SELL,2114.27,688,688,0,2026-01-01T03:25:45Z
order_00008881,batch_0005,trader_0014,ETH-USD,SELL,2114.28,774,774,0,2026-01-01T02:28:00Z
order_00008175,batch_0005,trader_0012,ETH-USD,SELL,2114.3,597,597,0,2026-01-01T02:16:14Z
order_00015631,batch_0005,trader_0021,ETH-USD,SELL,2114.65,968,968,0,2026-01-01T04:20:30Z
order_00008181,batch_0005,trader_0021,ETH-USD,SELL,2114.84,671,671,0,2026-01-01T02:16:20Z
order_00014941,batch_0005,trader_0008,ETH-USD,SELL,2114.89,997,997,0,2026-01-01T04:09:00Z
order_00011923,batch_0005,trader_0012,ETH-USD,SELL,2114.96,412,412,0,2026-01-01T03:18:42Z
order_00016336,batch_0005,trader_0010,ETH-USD,SELL,2115.06,84,84,0,2026-01-01T04:32:15Z
order_00015197,batch_0005,trader_0016,ETH-USD,SELL,2115.09,620,620,0,2026-01-01T04:13:16Z
order_00015918,batch_0005,trader_0016,ETH-USD,SELL,2115.47,803,803,0,2026-01-01T04:25:17Z
order_00012344,batch_0005,trader_0013,ETH-USD,SELL,2115.49,848,848,0,2026-01-01T03:25:43Z
order_00008777,batch_0005,trader_0011,ETH-USD,SELL,2115.51,298,298,0,2026-01-01T02:26:16Z
order_00012577,batch_0005,trader_0008,ETH-USD,SELL,2115.62,930,930,0,2026-01-01T03:29:36Z
order_00008450,batch_0005,trader_0006,ETH-USD,SELL,2115.86,21,21,0,2026-01-01T02:20:49Z
order_00009091,batch_0005,trader_0022,ETH-USD,SELL,2115.9,744,744,0,2026-01-01T02:31:30Z
order_00010240,batch_0005,trader_0020,ETH-USD,SELL,2115.93,132,132,0,2026-01-01T02:50:39Z
order_00007767,batch_0005,trader_0024,ETH-USD,SELL,2116.02,747,747,0,2026-01-01T02:09:26Z
order_00014475,batch_0005,trader_0007,ETH-USD,SELL,2116.11,951,951,0,2026-01-01T04:01:14Z
order_00009904,batch_0005,trader_0012,ETH-USD,SELL,2116.32,939,939,0,2026-01-01T02:45:03Z
order_00007254,batch_0005,trader_0014,ETH-USD,SELL,2116.62,8,8,0,2026-01-01T02:00:53Z
order_00008416,batch_0005,trader_0016,ETH-USD,SELL,2116.69,992,992,0,2026-01-01T02:20:15Z
order_00014844,batch_0005,trader_0020,ETH-USD,SELL,2116.79,985,985,0,2026-01-01T04:07:23Z
order_00012009,batch_0005,trader_0001,ETH-USD,SELL,2117.0,595,595,0,2026-01-01T03:20:08Z
order_00011617,batch_0005,trader_0002,ETH-USD,SELL,2117.02,121,121,0,2026-01-01T03:13:36Z
order_00008654,batch_0005,trader_0018,ETH-USD,SELL,2117.11,201,201,0,2026-01-01T02:24:13Z
order_00007114,batch_0005,trader_0006,ETH-USD,SELL,2117.22,439,439,0,2026-01-01T01:58:33Z
order_00014522,batch_0005,trader_0015,ETH-USD,SELL,2117.23,687,687,0,2026-01-01T04:02:01Z
order_00010380,batch_0005,trader_0017,ETH-USD,SELL,2117.26,174,174,0,2026-01-01T02:52:59Z
order_00010767,batch_0005,trader_0002,ETH-USD,SELL,2117.27,805,805,0,2026-01-01T02:59:26Z
order_00012343,batch_0005,trader_0010,ETH-USD,SELL,2117.33,112,112,0,2026-01-01T03:25:42Z
order_00010152,batch_0005,trader_0023,ETH-USD,SELL,2117.4,183,183,0,2026-01-01T02:49:11Z
order_00011934,batch_0005,trader_0025,ETH-USD,SELL,2117.44,80,80,0,2026-01-01T03:18:53Z
order_00015079,batch_0005,trader_0003,ETH-USD,SELL,2117.45,346,346,0,2026-01-01T04:11:18Z
order_00016207,batch_0005,trader_0025,ETH-USD,SELL,2117.53,425,425,0,2026-01-01T04:30:06Z
order_00009888,batch_0005,trader_0025,ETH-USD,SELL,2117.57,812,812,0,2026-01-01T02:44:47Z
order_00014782,batch_0005,trader_0024,ETH-USD,SELL,2117.67,837,837,0,2026-01-01T04:06:21Z
order_00010733,batch_0005,trader_0024,ETH-USD,SELL,2117.87,480,480,0,2026-01-01T02:58:52Z
order_00015681,batch_0005,trader_0018,ETH-USD,SELL,2118.13,942,942,0,2026-01-01T04:21:20Z
order_00012910,batch_0005,trader_0008,ETH-USD,SELL,2118.14,228,228,0,2026-01-01T03:35:09Z
order_00010773,batch_0005,trader_0013,ETH-USD,SELL,2118.29,512,512,0,2026-01-01T02:59:32Z
order_00015078,batch_0005,trader_0013,ETH-USD,SELL,2118.4,929,929,0,2026-01-01T04:11:17Z
order_00010560,batch_0005,trader_0006,ETH-USD,SELL,2118.6,749,749,0,2026-01-01T02:55:59Z
order_00016509,batch_0005,trader_0018,ETH-USD,SELL,2118.61,684,684,0,2026-01-01T04:35:08Z
order_00009413,batch_0005,trader_0019,ETH-USD,SELL,2118.78,6,6,0,2026-01-01T02:36:52Z
order_00010976,batch_0005,trader_0010,ETH-USD,SELL,2118.98,59,59,0,2026-01-01T03:02:55Z
order_00011423,batch_0005,trader_0010,ETH-USD,SELL,2119.14,911,911,0,2026-01-01T03:10:22Z
order_00012376,batch_0005,trader_0006,ETH-USD,SELL,2119.35,164,164,0,2026-01-01T03:26:15Z
order_00010892,batch_0005,trader_0012,ETH-USD,SELL,2119.56,768,768,0,2026-01-01T03:01:31Z
order_00014928,batch_0005,trader_0014,ETH-USD,SELL,2119.6,789,789,0,2026-01-01T04:08:47Z
order_00011802,batch_0005,trader_0014,ETH-USD,SELL,2119.61,557,557,0,2026-01-01T03:16:41Z
order_00012184,batch_0005,trader_0008,ETH-USD,SELL,2119.61,877,877,0,2026-01-01T03:23:03Z
order_00014436,batch_0005,trader_0009,ETH-USD,SELL,2119.7,335,335,0,2026-01-01T04:00:35Z
order_00008064,batch_0005,trader_0007,ETH-USD,SELL,2119.75,101,101,0,2026-01-01T02:14:23Z
order_00014347,batch_0005,trader_0025,ETH-USD,SELL,2119.77,604,604,0,2026-01-01T03:59:06Z
order_00014894,batch_0005,trader_0021,ETH-USD,SELL,2119.8,854,854,0,2026-01-01T04:08:13Z
order_00015037,batch_0005,trader_0017,ETH-USD,SELL,2119.8,247,247,0,2026-01-01T04:10:36Z
order_00008081,batch_0005,trader_0013,ETH-USD,SELL,2119.87,855,855,0,2026-01-01T02:14:40Z
order_00006602,batch_0005,trader_0013,ETH-USD,SELL,2119.92,176,176,0,2026-01-01T01:50:01Z
order_00009247,batch_0005,trader_0016,ETH-USD,SELL,2119.94,386,386,0,2026-01-01T02:34:06Z
order_00008840,batch_0005,trader_0009,ETH-USD,SELL,2119.99,891,891,0,2026-01-01T02:27:19Z
order_00013840,batch_0005,trader_0019,ETH-USD,SELL,2119.99,320,320,0,2026-01-01T03:50:39Z
order_00014739,batch_0005,trader_0025,ETH-USD,SELL,2120.04,288,288,0,2026-01-01T04:05:38Z
order_00007083,batch_0005,trader_0016,ETH-USD,SELL,2120.08,968,968,0,2026-01-01T01:58:02Z
order_00006983,batch_0005,trader_0015,ETH-USD,SELL,2120.15,14,14,0,2026-01-01T01:56:22Z
order_00014263,batch_0005,trader_0022,ETH-USD,SELL,2120.15,28,28,0,2026-01-01T03:57:42Z
order_00009927,batch_0005,trader_0020,ETH-USD,SELL,2120.16,762,762,0,2026-01-01T02:45:26Z
order_00010052,batch_0005,trader_0005,ETH-USD,SELL,2120.26,170,170,0,2026-01-01T02:47:31Z
order_00012864,batch_0005,trader_0008,ETH-USD,SELL,2120.41,57,57,0,2026-01-01T03:34:23Z
order_00014979,batch_0005,trader_0006,ETH-USD,SELL,2120.45,496,496,0,2026-01-01T04:09:38Z
order_00008866,batch_0005,trader_0011,ETH-USD,SELL,2120.47,700,700,0,2026-01-01T02:27:45Z
order_00008713,batch_0005,trader_0024,ETH-USD,SELL,2120.57,255,255,0,2026-01-01T02:25:12Z
order_00007360,batch_0005,trader_0016,ETH-USD,SELL,2120.58,207,207,0,2026-01-01T02:02:39Z
order_00010548,batch_0005,trader_0022,ETH-USD,SELL,2120.68,403,403,0,2026-01-01T02:55:47Z
order_00014783,batch_0005,trader_0012,ETH-USD,SELL,2120.77,276,276,0,2026-01-01T04:06:22Z
order_00012244,batch_0005,trader_0014,ETH-USD,SELL,2120.79,408,408,0,2026-01-01T03:24:03Z
order_00014834,batch_0005,trader_0006,ETH-USD,SELL,2120.82,930,930,0,2026-01-01T04:07:13Z
order_00008355,batch_0005,trader_0011,ETH-USD,SELL,2120.86,543,543,0,2026-01-01T02:19:14Z
order_00008224,batch_0005,trader_0003,ETH-USD,SELL,2120.91,816,816,0,2026-01-01T02:17:03Z
order_00009449,batch_0005,trader_0007,ETH-USD,SELL,2120.95,602,602,0,2026-01-01T02:37:28Z
order_00011954,batch_0005,trader_0008,ETH-USD,SELL,2121.03,162,162,0,2026-01-01T03:19:13Z
order_00009753,batch_0005,trader_0013,ETH-USD,SELL,2121.06,644,644,0,2026-01-01T02:42:32Z
order_00008315,batch_0005,trader_0014,ETH-USD,SELL,2121.1,307,307,0,2026-01-01T02:18:34Z
order_00010291,batch_0005,trader_0015,ETH-USD,SELL,2121.12,104,104,0,2026-01-01T02:51:30Z
order_00013333,batch_0005,trader_0005,ETH-USD,SELL,2121.14,25,25,0,2026-01-01T03:42:12Z
order_00013726,batch_0005,trader_0021,ETH-USD,SELL,2121.14,378,378,0,2026-01-01T03:48:45Z
order_00013660,batch_0005,trader_0010,ETH-USD,SELL,2121.17,817,817,0,2026-01-01T03:47:39Z
order_00014115,batch_0005,trader_0009,ETH-USD,SELL,2121.51,80,80,0,2026-01-01T03:55:14Z
order_00006810,batch_0005,trader_0015,ETH-USD,SELL,2121.56,958,958,0,2026-01-01T01:53:29Z
order_00011182,batch_0005,trader_0009,ETH-USD,SELL,2121.64,208,208,0,2026-01-01T03:06:21Z
order_00015593,batch_0005,trader_0001,ETH-USD,SELL,2121.68,620,620,0,2026-01-01T04:19:52Z
order_00007001,batch_0005,trader_0021,ETH-USD,SELL,2121.72,310,310,0,2026-01-01T01:56:40Z
order_00013236,batch_0005,trader_0008,ETH-USD,SELL,2121.73,203,203,0,2026-01-01T03:40:35Z
order_00009918,batch_0005,trader_0014,ETH-USD,SELL,2121.79,23,23,0,2026-01-01T02:45:17Z
order_00015375,batch_0005,trader_0011,ETH-USD,SELL,2121.9,765,765,0,2026-01-01T04:16:14Z
order_00006844,batch_0005,trader_0022,ETH-USD,SELL,2121.94,196,196,0,2026-01-01T01:54:03Z
order_00009782,batch_0005,trader_0002,ETH-USD,SELL,2122.04,282,282,0,2026-01-01T02:43:01Z
order_00009571,batch_0005,trader_0007,ETH-USD,SELL,2122.21,773,773,0,2026-01-01T02:39:30Z
order_00013442,batch_0005,trader_0015,ETH-USD,SELL,2122.23,363,363,0,2026-01-01T03:44:01Z
order_00013258,batch_0005,trader_0021,ETH-USD,SELL,2122.44,433,433,0,2026-01-01T03:40:57Z
order_00011377,batch_0005,trader_0015,ETH-USD,SELL,2122.63,710,710,0,2026-01-01T03:09:36Z
order_00013872,batch_0005,trader_0012,ETH-USD,SELL,2122.66,548,548,0,2026-01-01T03:51:11Z
order_00009406,batch_0005,trader_0015,ETH-USD,SELL,2122.67,754,754,0,2026-01-01T02:36:45Z
order_00007695,batch_0005,trader_0008,ETH-USD,SELL,2122.77,761,761,0,2026-01-01T02:08:14Z
order_00012132,batch_0005,trader_0015,ETH-USD,SELL,2122.83,394,394,0,2026-01-01T03:22:11Z
order_00014457,batch_0005,trader_0012,ETH-USD,SELL,2123.05,989,989,0,2026-01-01T04:00:56Z
order_00015315,batch_0005,trader_0017,ETH-USD,SELL,2123.13,66,66,0,2026-01-01T04:15:14Z
order_00007236,batch_0005,trader_0001,ETH-USD,SELL,2123.21,797,797,0,2026-01-01T02:00:35Z
order_00008289,batch_0005,trader_0020,ETH-USD,SELL,2123.21,348,348,0,2026-01-01T02:18:08Z
order_00015993,batch_0005,trader_0023,ETH-USD,SELL,2123.31,383,383,0,2026-01-01T04:26:32Z
order_00010609,batch_0005,trader_0014,ETH-USD,SELL,2123.35,577,577,0,2026-01-01T02:56:48Z
order_00007559,batch_0005,trader_0019,ETH-USD,SELL,2123.37,248,248,0,2026-01-01T02:05:58Z
order_00012648,batch_0005,trader_0024,ETH-USD,SELL,2123.43,410,410,0,2026-01-01T03:30:47Z
order_00013714,batch_0005,trader_0016,ETH-USD,SELL,2123.45,354,354,0,2026-01-01T03:48:33Z
order_00013538,batch_0005,trader_0016,ETH-USD,SELL,2123.53,369,369,0,2026-01-01T03:45:37Z
order_00007994,batch_0005,trader_0017,ETH-USD,SELL,2123.54,60,60,0,2026-01-01T02:13:13Z
order_00008868,batch_0005,trader_0010,ETH-USD,SELL,2123.54,339,339,0,2026-01-01T02:27:47Z
order_00009610,batch_0005,trader_0005,ETH-USD,SELL,2123.6,953,953,0,2026-01-01T02:40:09Z
order_00013175,batch_0005,trader_0001,ETH-USD,SELL,2123.62,122,122,0,2026-01-01T03:39:34Z
order_00015505,batch_0005,trader_0024,ETH-USD,SELL,2123.68,579,579,0,2026-01-01T04:18:24Z
order_00016308,batch_0005,trader_0022,ETH-USD,SELL,2123.73,708,708,0,2026-01-01T04:31:47Z
order_00015466,batch_0005,trader_0019,ETH-USD,SELL,2123.74,356,356,0,2026-01-01T04:17:45Z
order_00009168,batch_0005,trader_0006,ETH-USD,SELL,2123.83,310,310,0,2026-01-01T02:32:47Z
order_00012268,batch_0005,trader_0008,ETH-USD,SELL,2123.89,29,29,0,2026-01-01T03:24:27Z
order_00006953,batch_0005,trader_0015,ETH-USD,SELL,2123.97,288,288,0,2026-01-01T01:55:52Z
order_00011461,batch_0005,trader_0019,ETH-USD,SELL,2124.14,443,443,0,2026-01-01T03:11:00Z
order_00009261,batch_0005,trader_0019,ETH-USD,SELL,2124.19,177,177,0,2026-01-01T02:34:20Z
order_00006729,batch_0005,trader_0013,ETH-USD,SELL,2124.3,149,149,0,2026-01-01T01:52:08Z
order_00016489,batch_0005,trader_0023,ETH-USD,SELL,2124.31,548,548,0,2026-01-01T04:34:48Z
order_00013701,batch_0005,trader_0013,ETH-USD,SELL,2124.39,258,258,0,2026-01-01T03:48:20Z
order_00007805,batch_0005,trader_0004,ETH-USD,SELL,2124.44,416,416,0,2026-01-01T02:10:04Z
order_00008366,batch_0005,trader_0019,ETH-USD,SELL,2124.44,553,553,0,2026-01-01T02:19:25Z
order_00011536,batch_0005,trader_0001,ETH-USD,SELL,2124.53,181,181,0,2026-01-01T03:12:15Z
order_00013795,batch_0005,trader_0020,ETH-USD,SELL,2124.53,27,27,0,2026-01-01T03:49:54Z
order_00012879,batch_0005,trader_0001,ETH-USD,SELL,2124.76,626,626,0,2026-01-01T03:34:38Z
order_00008657,batch_0005,trader_0018,ETH-USD,SELL,2124.83,675,675,0,2026-01-01T02:24:16Z
order_00007545,batch_0005,trader_0014,ETH-USD,SELL,2124.92,416,416,0,2026-01-01T02:05:44Z
order_00013631,batch_0005,trader_0008,ETH-USD,SELL,2125.31,823,823,0,2026-01-01T03:47:10Z
order_00011207,batch_0005,trader_0018,ETH-USD,SELL,2125.33,594,594,0,2026-01-01T03:06:46Z
order_00013371,batch_0005,trader_0021,ETH-USD,SELL,2125.48,864,864,0,2026-01-01T03:42:50Z
order_00011406,batch_0005,trader_0014,ETH-USD,SELL,2125.58,836,836,0,2026-01-01T03:10:05Z
order_00014648,batch_0005,trader_0022,ETH-USD,SELL,2125.7,363,363,0,2026-01-01T04:04:07Z
order_00009558,batch_0005,trader_0023,ETH-USD,SELL,2125.75,812,812,0,2026-01-01T02:39:17Z
order_00014477,batch_0005,trader_0002,ETH-USD,SELL,2125.75,820,820,0,2026-01-01T04:01:16Z
order_00010507,batch_0005,trader_0012,ETH-USD,SELL,2125.84,770,770,0,2026-01-01T02:55:06Z
order_00014028,batch_0005,trader_0003,ETH-USD,SELL,2126.14,180,180,0,2026-01-01T03:53:47Z
order_00009503,batch_0005,trader_0001,ETH-USD,SELL,2126.18,867,867,0,2026-01-01T02:38:22Z
order_00008734,batch_0005,trader_0009,ETH-USD,SELL,2126.45,659,659,0,2026-01-01T02:25:33Z
order_00012278,batch_0005,trader_0024,ETH-USD,SELL,2126.52,10,10,0,2026-01-01T03:24:37Z
order_00014905,batch_0005,trader_0009,ETH-USD,SELL,2126.65,805,805,0,2026-01-01T04:08:24Z
order_00009172,batch_0005,trader_0007,ETH-USD,SELL,2126.66,745,745,0,2026-01-01T02:32:51Z
order_00014980,batch_0005,trader_0015,ETH-USD,SELL,2126.74,342,342,0,2026-01-01T04:09:39Z
order_00007031,batch_0005,trader_0007,ETH-USD,SELL,2126.92,262,262,0,2026-01-01T01:57:10Z
order_00015776,batch_0005,trader_0005,ETH-USD,SELL,2127.1,249,249,0,2026-01-01T04:22:55Z
order_00014745,batch_0005,trader_0023,ETH-USD,SELL,2127.16,509,509,0,2026-01-01T04:05:44Z
order_00007779,batch_0005,trader_0024,ETH-USD,SELL,2127.19,460,460,0,2026-01-01T02:09:38Z
order_00013352,batch_0005,trader_0025,ETH-USD,SELL,2127.34,22,22,0,2026-01-01T03:42:31Z
order_00009004,batch_0005,trader_0015,ETH-USD,SELL,2127.49,54,54,0,2026-01-01T02:30:03Z
order_00007804,batch_0005,trader_0006,ETH-USD,SELL,2127.56,109,109,0,2026-01-01T02:10:03Z
order_00011138,batch_0005,trader_0023,ETH-USD,SELL,2127.58,701,701,0,2026-01-01T03:05:37Z
order_00009839,batch_0005,trader_0002,ETH-USD,SELL,2127.65,653,653,0,2026-01-01T02:43:58Z
order_00015035,batch_0005,trader_0013,ETH-USD,SELL,2127.66,438,438,0,2026-01-01T04:10:34Z
order_00008766,batch_0005,trader_0009,ETH-USD,SELL,2127.71,899,899,0,2026-01-01T02:26:05Z
order_00013497,batch_0005,trader_0016,ETH-USD,SELL,2128.01,653,653,0,2026-01-01T03:44:56Z
order_00014539,batch_0005,trader_0025,ETH-USD,SELL,2128.01,328,328,0,2026-01-01T04:02:18Z
order_00014090,batch_0005,trader_0018,ETH-USD,SELL,2128.06,705,705,0,2026-01-01T03:54:49Z
order_00015902,batch_0005,trader_0016,ETH-USD,SELL,2128.18,978,978,0,2026-01-01T04:25:01Z
order_00014700,batch_0005,trader_0011,ETH-USD,SELL,2128.19,904,904,0,2026-01-01T04:04:59Z
order_00014434,batch_0005,trader_0021,ETH-USD,SELL,2128.27,623,623,0,2026-01-01T04:00:33Z
order_00011584,batch_0005,trader_0013,ETH-USD,SELL,2128.31,806,806,0,2026-01-01T03:13:03Z
order_00007660,batch_0005,trader_0022,ETH-USD,SELL,2128.36,940,940,0,2026-01-01T02:07:39Z
order_00010772,batch_0005,trader_0011,ETH-USD,SELL,2128.38,281,281,0,2026-01-01T02:59:31Z
order_00012570,batch_0005,trader_0013,ETH-USD,SELL,2128.38,383,383,0,2026-01-01T03:29:29Z
order_00010205,batch_0005,trader_0003,ETH-USD,SELL,2128.44,978,978,0,2026-01-01T02:50:04Z
order_00007474,batch_0005,trader_0022,ETH-USD,SELL,2128.66,870,870,0,2026-01-01T02:04:33Z
order_00014916,batch_0005,trader_0020,ETH-USD,SELL,2128.7,305,305,0,2026-01-01T04:08:35Z
order_00016316,batch_0005,trader_0006,ETH-USD,SELL,2128.74,379,379,0,2026-01-01T04:31:55Z
order_00013252,batch_0005,trader_0017,ETH-USD,SELL,2128.84,967,967,0,2026-01-01T03:40:51Z
order_00015828,batch_0005,trader_0002,ETH-USD,SELL,2129.03,771,771,0,2026-01-01T04:23:47Z
order_00016333,batch_0005,trader_0019,ETH-USD,SELL,2129.07,829,829,0,2026-01-01T04:32:12Z
order_00006616,batch_0005,trader_0023,ETH-USD,SELL,2129.17,415,415,0,2026-01-01T01:50:15Z
order_00007568,batch_0005,trader_0019,ETH-USD,SELL,2129.19,977,977,0,2026-01-01T02:06:07Z
order_00016361,batch_0005,trader_0011,ETH-USD,SELL,2129.21,583,583,0,2026-01-01T04:32:40Z
order_00015447,batch_0005,trader_0020,ETH-USD,SELL,2129.27,24,24,0,2026-01-01T04:17:26Z
order_00007786,batch_0005,trader_0016,ETH-USD,SELL,2129.32,659,659,0,2026-01-01T02:09:45Z
order_00009668,batch_0005,trader_0015,ETH-USD,SELL,2129.33,930,930,0,2026-01-01T02:41:07Z
order_00009928,batch_0005,trader_0002,ETH-USD,SELL,2129.39,755,755,0,2026-01-01T02:45:27Z
order_00009377,batch_0005,trader_0007,ETH-USD,SELL,2129.56,645,645,0,2026-01-01T02:36:16Z
order_00008030,batch_0005,trader_0005,ETH-USD,SELL,2129.69,428,428,0,2026-01-01T02:13:49Z
order_00013313,batch_0005,trader_0025,ETH-USD,SELL,2129.88,262,262,0,2026-01-01T03:41:52Z
order_00012256,batch_0005,trader_0019,ETH-USD,SELL,2129.93,316,316,0,2026-01-01T03:24:15Z
order_00012443,batch_0005,trader_0016,ETH-USD,SELL,2129.93,959,959,0,2026-01-01T03:27:22Z
order_00012216,batch_0005,trader_0004,ETH-USD,SELL,2129.95,939,939,0,2026-01-01T03:23:35Z
order_00014787,batch_0005,trader_0003,ETH-USD,SELL,2130.15,339,339,0,2026-01-01T04:06:26Z
order_00011014,batch_0005,trader_0014,ETH-USD,SELL,2130.2,585,585,0,2026-01-01T03:03:33Z
order_00007935,batch_0005,trader_0001,ETH-USD,SELL,2130.33,900,900,0,2026-01-01T02:12:14Z
order_00016578,batch_0005,trader_0011,ETH-USD,SELL,2130.51,901,901,0,2026-01-01T04:36:17Z
order_00013866,batch_0005,trader_0001,ETH-USD,SELL,2130.58,781,781,0,2026-01-01T03:51:05Z
order_00010069,batch_0005,trader_0015,ETH-USD,SELL,2130.71,912,912,0,2026-01-01T02:47:48Z
order_00008957,batch_0005,trader_0002,ETH-USD,SELL,2130.8,483,483,0,2026-01-01T02:29:16Z
order_00011534,batch_0005,trader_0023,ETH-USD,SELL,2130.84,597,597,0,2026-01-01T03:12:13Z
order_00010959,batch_0005,trader_0019,ETH-USD,SELL,2130.9,912,912,0,2026-01-01T03:02:38Z
order_00014336,batch_0005,trader_0008,ETH-USD,SELL,2131.13,511,511,0,2026-01-01T03:58:55Z
order_00012556,batch_0005,trader_0019,ETH-USD,SELL,2131.18,652,652,0,2026-01-01T03:29:15Z
order_00007463,batch_0005,trader_0018,ETH-USD,SELL,2131.46,784,784,0,2026-01-01T02:04:22Z
order_00012683,batch_0005,trader_0025,ETH-USD,SELL,2131.47,734,734,0,2026-01-01T03:31:22Z
order_00014351,batch_0005,trader_0006,ETH-USD,SELL,2131.63,338,338,0,2026-01-01T03:59:10Z
order_00007610,batch_0005,trader_0009,ETH-USD,SELL,2131.65,673,673,0,2026-01-01T02:06:49Z
order_00014640,batch_0005,trader_0018,ETH-USD,SELL,2131.91,603,603,0,2026-01-01T04:03:59Z
order_00010960,batch_0005,trader_0012,ETH-USD,SELL,2132.06,308,308,0,2026-01-01T03:02:39Z
order_00010212,batch_0005,trader_0001,ETH-USD,SELL,2132.21,690,690,0,2026-01-01T02:50:11Z
order_00009842,batch_0005,trader_0014,ETH-USD,SELL,2132.31,910,910,0,2026-01-01T02:44:01Z
order_00013942,batch_0005,trader_0024,ETH-USD,SELL,2132.39,96,96,0,2026-01-01T03:52:21Z
order_00008142,batch_0005,trader_0011,ETH-USD,SELL,2132.48,23,23,0,2026-01-01T02:15:41Z
order_00010393,batch_0005,trader_0007,ETH-USD,SELL,2132.53,949,949,0,2026-01-01T02:53:12Z
order_00008974,batch_0005,trader_0006,ETH-USD,SELL,2132.57,261,261,0,2026-01-01T02:29:33Z
order_00008650,batch_0005,trader_0008,ETH-USD,SELL,2132.59,664,664,0,2026-01-01T02:24:09Z
order_00013835,batch_0005,trader_0002,ETH-USD,SELL,2132.59,348,348,0,2026-01-01T03:50:34Z
order_00014582,batch_0005,trader_0013,ETH-USD,SELL,2132.66,964,964,0,2026-01-01T04:03:01Z
order_00014536,batch_0005,trader_0001,ETH-USD,SELL,2132.72,899,899,0,2026-01-01T04:02:15Z
order_00012657,batch_0005,trader_0024,ETH-USD,SELL,2132.74,632,632,0,2026-01-01T03:30:56Z
order_00008686,batch_0005,trader_0020,ETH-USD,SELL,2132.88,385,385,0,2026-01-01T02:24:45Z
order_00012890,batch_0005,trader_0010,ETH-USD,SELL,2133.01,94,94,0,2026-01-01T03:34:49Z
order_00011044,batch_0005,trader_0016,ETH-USD,SELL,2133.04,32,32,0,2026-01-01T03:04:03Z
order_00007768,batch_0005,trader_0016,ETH-USD,SELL,2133.05,259,259,0,2026-01-01T02:09:27Z
order_00012980,batch_0005,trader_0009,ETH-USD,SELL,2133.07,784,784,0,2026-01-01T03:36:19Z
order_00012984,batch_0005,trader_0004,ETH-USD,SELL,2133.15,346,346,0,2026-01-01T03:36:23Z
order_00012708,batch_0005,trader_0008,ETH-USD,SELL,2133.24,974,974,0,2026-01-01T03:31:47Z
order_00008590,batch_0005,trader_0004,ETH-USD,SELL,2133.32,582,582,0,2026-01-01T02:23:09Z
order_00013661,batch_0005,trader_0005,ETH-USD,SELL,2133.34,151,151,0,2026-01-01T03:47:40Z
order_00014972,batch_0005,trader_0024,ETH-USD,SELL,2133.49,207,207,0,2026-01-01T04:09:31Z
order_00013977,batch_0005,trader_0002,ETH-USD,SELL,2133.93,169,169,0,2026-01-01T03:52:56Z
order_00008109,batch_0005,trader_0013,ETH-USD,SELL,2134.03,63,63,0,2026-01-01T02:15:08Z
order_00015850,batch_0005,trader_0024,ETH-USD,SELL,2134.04,183,183,0,2026-01-01T04:24:09Z
order_00011832,batch_0005,trader_0024,ETH-USD,SELL,2134.09,118,118,0,2026-01-01T03:17:11Z
order_00008656,batch_0005,trader_0005,ETH-USD,SELL,2134.24,250,250,0,2026-01-01T02:24:15Z
order_00009293,batch_0005,trader_0015,ETH-USD,SELL,2134.32,67,67,0,2026-01-01T02:34:52Z
order_00015111,batch_0005,trader_0025,ETH-USD,SELL,2134.34,532,532,0,2026-01-01T04:11:50Z
order_00014884,batch_0005,trader_0018,ETH-USD,SELL,2134.38,235,235,0,2026-01-01T04:08:03Z
order_00010963,batch_0005,trader_0013,ETH-USD,SELL,2134.48,322,322,0,2026-01-01T03:02:42Z
order_00012415,batch_0005,trader_0023,ETH-USD,SELL,2134.62,321,321,0,2026-01-01T03:26:54Z
order_00014708,batch_0005,trader_0014,ETH-USD,SELL,2134.65,459,459,0,2026-01-01T04:05:07Z
order_00008802,batch_0005,trader_0014,ETH-USD,SELL,2134.71,121,121,0,2026-01-01T02:26:41Z
order_00013591,batch_0005,trader_0024,ETH-USD,SELL,2134.89,458,458,0,2026-01-01T03:46:30Z
order_00006754,batch_0005,trader_0020,ETH-USD,SELL,2134.97,273,273,0,2026-01-01T01:52:33Z
order_00009252,batch_0005,trader_0021,ETH-USD,SELL,2135.09,333,333,0,2026-01-01T02:34:11Z
order_00014821,batch_0005,trader_0001,ETH-USD,SELL,2135.1,426,426,0,2026-01-01T04:07:00Z
order_00012446,batch_0005,trader_0007,ETH-USD,SELL,2135.14,937,937,0,2026-01-01T03:27:25Z
order_00011944,batch_0005,trader_0008,ETH-USD,SELL,2135.15,409,409,0,2026-01-01T03:19:03Z
order_00016159,batch_0005,trader_0008,ETH-USD,SELL,2135.15,241,241,0,2026-01-01T04:29:18Z
order_00007233,batch_0005,trader_0001,ETH-USD,SELL,2135.53,114,114,0,2026-01-01T02:00:32Z
order_00015115,batch_0005,trader_0012,ETH-USD,SELL,2135.55,432,432,0,2026-01-01T04:11:54Z
order_00016382,batch_0005,trader_0018,ETH-USD,SELL,2135.55,850,850,0,2026-01-01T04:33:01Z
order_00013330,batch_0005,trader_0016,ETH-USD,SELL,2135.65,61,61,0,2026-01-01T03:42:09Z
order_00006881,batch_0005,trader_0002,ETH-USD,SELL,2135.76,52,52,0,2026-01-01T01:54:40Z
order_00012489,batch_0005,trader_0013,ETH-USD,SELL,2135.8,424,424,0,2026-01-01T03:28:08Z
order_00016153,batch_0005,trader_0015,ETH-USD,SELL,2135.95,381,381,0,2026-01-01T04:29:12Z
order_00013762,batch_0005,trader_0010,ETH-USD,SELL,2135.98,750,750,0,2026-01-01T03:49:21Z
order_00015381,batch_0005,trader_0010,ETH-USD,SELL,2136.02,806,806,0,2026-01-01T04:16:20Z
order_00011345,batch_0005,trader_0006,ETH-USD,SELL,2136.03,601,601,0,2026-01-01T03:09:04Z
order_00013879,batch_0005,trader_0015,ETH-USD,SELL,2136.03,707,707,0,2026-01-01T03:51:18Z
order_00011301,batch_0005,trader_0005,ETH-USD,SELL,2136.08,365,365,0,2026-01-01T03:08:20Z
order_00009106,batch_0005,trader_0022,ETH-USD,SELL,2136.12,597,597,0,2026-01-01T02:31:45Z
order_00014209,batch_0005,trader_0011,ETH-USD,SELL,2136.21,742,742,0,2026-01-01T03:56:48Z
order_00006909,batch_0005,trader_0011,ETH-USD,SELL,2136.28,139,139,0,2026-01-01T01:55:08Z
order_00012523,batch_0005,trader_0022,ETH-USD,SELL,2136.29,123,123,0,2026-01-01T03:28:42Z
order_00012970,batch_0005,trader_0013,ETH-USD,SELL,2136.3,801,801,0,2026-01-01T03:36:09Z
order_00015044,batch_0005,trader_0012,ETH-USD,SELL,2136.33,842,842,0,2026-01-01T04:10:43Z
order_00013735,batch_0005,trader_0025,ETH-USD,SELL,2136.55,175,175,0,2026-01-01T03:48:54Z
order_00015989,batch_0005,trader_0010,ETH-USD,SELL,2136.66,191,191,0,2026-01-01T04:26:28Z
order_00014600,batch_0005,trader_0016,ETH-USD,SELL,2136.76,900,900,0,2026-01-01T04:03:19Z
order_00009953,batch_0005,trader_0022,ETH-USD,SELL,2136.79,866,866,0,2026-01-01T02:45:52Z
order_00014798,batch_0005,trader_0007,ETH-USD,SELL,2136.95,976,976,0,2026-01-01T04:06:37Z
order_00006843,batch_0005,trader_0008,ETH-USD,SELL,2137.11,15,15,0,2026-01-01T01:54:02Z
order_00008301,batch_0005,trader_0019,ETH-USD,SELL,2137.12,672,672,0,2026-01-01T02:18:20Z
order_00016110,batch_0005,trader_0010,ETH-USD,SELL,2137.13,357,357,0,2026-01-01T04:28:29Z
order_00010862,batch_0005,trader_0024,ETH-USD,SELL,2137.22,949,949,0,2026-01-01T03:01:01Z
order_00008063,batch_0005,trader_0001,ETH-USD,SELL,2137.34,142,142,0,2026-01-01T02:14:22Z
order_00014095,batch_0005,trader_0025,ETH-USD,SELL,2137.36,33,33,0,2026-01-01T03:54:54Z
order_00015385,batch_0005,trader_0013,ETH-USD,SELL,2137.37,425,425,0,2026-01-01T04:16:24Z
order_00010227,batch_0005,trader_0001,ETH-USD,SELL,2137.38,302,302,0,2026-01-01T02:50:26Z
order_00010448,batch_0005,trader_0014,ETH-USD,SELL,2137.4,900,900,0,2026-01-01T02:54:07Z
order_00015740,batch_0005,trader_0018,ETH-USD,SELL,2137.5,204,204,0,2026-01-01T04:22:19Z
order_00016148,batch_0005,trader_0006,ETH-USD,SELL,2137.57,588,588,0,2026-01-01T04:29:07Z
order_00009267,batch_0005,trader_0005,ETH-USD,SELL,2137.9,363,363,0,2026-01-01T02:34:26Z
order_00014802,batch_0005,trader_0006,ETH-USD,SELL,2138.01,764,764,0,2026-01-01T04:06:41Z
order_00008497,batch_0005,trader_0003,ETH-USD,SELL,2138.15,138,138,0,2026-01-01T02:21:36Z
order_00011909,batch_0005,trader_0024,ETH-USD,SELL,2138.21,350,350,0,2026-01-01T03:18:28Z
order_00014438,batch_0005,trader_0009,ETH-USD,SELL,2138.27,555,555,0,2026-01-01T04:00:37Z
order_00008709,batch_0005,trader_0019,ETH-USD,SELL,2138.29,620,620,0,2026-01-01T02:25:08Z
order_00007882,batch_0005,trader_0020,ETH-USD,SELL,2138.51,88,88,0,2026-01-01T02:11:21Z
order_00008192,batch_0005,trader_0025,ETH-USD,SELL,2138.55,675,675,0,2026-01-01T02:16:31Z
order_00015794,batch_0005,trader_0008,ETH-USD,SELL,2138.68,938,938,0,2026-01-01T04:23:13Z
order_00006845,batch_0005,trader_0013,ETH-USD,SELL,2138.78,650,650,0,2026-01-01T01:54:04Z
order_00010873,batch_0005,trader_0019,ETH-USD,SELL,2138.79,837,837,0,2026-01-01T03:01:12Z
order_00012136,batch_0005,trader_0011,ETH-USD,SELL,2138.84,24,24,0,2026-01-01T03:22:15Z
order_00006970,batch_0005,trader_0025,ETH-USD,SELL,2138.93,397,397,0,2026-01-01T01:56:09Z
order_00011357,batch_0005,trader_0009,ETH-USD,SELL,2138.96,945,945,0,2026-01-01T03:09:16Z
order_00007199,batch_0005,trader_0001,ETH-USD,SELL,2139.04,949,949,0,2026-01-01T01:59:58Z
order_00008343,batch_0005,trader_0013,ETH-USD,SELL,2139.27,855,855,0,2026-01-01T02:19:02Z
order_00011393,batch_0005,trader_0015,ETH-USD,SELL,2139.27,172,172,0,2026-01-01T03:09:52Z
order_00007184,batch_0005,trader_0021,ETH-USD,SELL,2139.37,49,49,0,2026-01-01T01:59:43Z
order_00012814,batch_0005,trader_0003,ETH-USD,SELL,2139.68,383,383,0,2026-01-01T03:33:33Z
order_00006676,batch_0005,trader_0001,ETH-USD,SELL,2139.83,298,298,0,2026-01-01T01:51:15Z
order_00009779,batch_0005,trader_0013,ETH-USD,SELL,2139.87,367,367,0,2026-01-01T02:42:58Z
order_00013887,batch_0005,trader_0022,ETH-USD,SELL,2139.92,223,223,0,2026-01-01T03:51:26Z
order_00010511,batch_0005,trader_0005,ETH-USD,SELL,2139.95,351,351,0,2026-01-01T02:55:10Z
order_00012503,batch_0005,trader_0024,ETH-USD,SELL,2140.09,937,937,0,2026-01-01T03:28:22Z
order_00014325,batch_0005,trader_0004,ETH-USD,SELL,2140.11,402,402,0,2026-01-01T03:58:44Z
order_00011073,batch_0005,trader_0023,ETH-USD,SELL,2140.33,597,597,0,2026-01-01T03:04:32Z
order_00007674,batch_0005,trader_0007,ETH-USD,SELL,2140.34,534,534,0,2026-01-01T02:07:53Z
order_00011425,batch_0005,trader_0023,ETH-USD,SELL,2140.35,858,858,0,2026-01-01T03:10:24Z
order_00007824,batch_0005,trader_0009,ETH-USD,SELL,2140.39,753,753,0,2026-01-01T02:10:23Z
order_00013883,batch_0005,trader_0014,ETH-USD,SELL,2140.57,310,310,0,2026-01-01T03:51:22Z
order_00007357,batch_0005,trader_0013,ETH-USD,SELL,2140.58,515,515,0,2026-01-01T02:02:36Z
order_00013698,batch_0005,trader_0024,ETH-USD,SELL,2140.59,838,838,0,2026-01-01T03:48:17Z
order_00012927,batch_0005,trader_0025,ETH-USD,SELL,2140.66,115,115,0,2026-01-01T03:35:26Z
order_00007533,batch_0005,trader_0025,ETH-USD,SELL,2141.22,358,358,0,2026-01-01T02:05:32Z
order_00007503,batch_0005,trader_0022,ETH-USD,SELL,2141.23,397,397,0,2026-01-01T02:05:02Z
order_00015255,batch_0005,trader_0015,ETH-USD,SELL,2141.35,552,552,0,2026-01-01T04:14:14Z
order_00015769,batch_0005,trader_0021,ETH-USD,SELL,2141.38,420,420,0,2026-01-01T04:22:48Z
order_00012861,batch_0005,trader_0007,ETH-USD,SELL,2141.47,508,508,0,2026-01-01T03:34:20Z
order_00010592,batch_0005,trader_0021,ETH-USD,SELL,2141.6,851,851,0,2026-01-01T02:56:31Z
order_00009788,batch_0005,trader_0017,ETH-USD,SELL,2141.73,710,710,0,2026-01-01T02:43:07Z
order_00014423,batch_0005,trader_0008,ETH-USD,SELL,2141.77,937,937,0,2026-01-01T04:00:22Z
order_00011284,batch_0005,trader_0022,ETH-USD,SELL,2141.98,524,524,0,2026-01-01T03:08:03Z
order_00015099,batch_0005,trader_0016,ETH-USD,SELL,2142.0,911,911,0,2026-01-01T04:11:38Z
order_00015024,batch_0005,trader_0013,ETH-USD,SELL,2142.11,989,989,0,2026-01-01T04:10:23Z
order_00016294,batch_0005,trader_0017,ETH-USD,SELL,2142.13,574,574,0,2026-01-01T04:31:33Z
order_00015014,batch_0005,trader_0014,ETH-USD,SELL,2142.25,207,207,0,2026-01-01T04:10:13Z
order_00011066,batch_0005,trader_0019,ETH-USD,SELL,2142.34,576,576,0,2026-01-01T03:04:25Z
order_00014731,batch_0005,trader_0008,ETH-USD,SELL,2142.36,54,54,0,2026-01-01T04:05:30Z
order_00007895,batch_0005,trader_0019,ETH-USD,SELL,2142.75,419,419,0,2026-01-01T02:11:34Z
order_00009193,batch_0005,trader_0020,ETH-USD,SELL,2142.76,778,778,0,2026-01-01T02:33:12Z
order_00015457,batch_0005,trader_0002,ETH-USD,SELL,2142.84,628,628,0,2026-01-01T04:17:36Z
order_00013881,batch_0005,trader_0002,ETH-USD,SELL,2142.88,811,811,0,2026-01-01T03:51:20Z
order_00008208,batch_0005,trader_0006,ETH-USD,SELL,2142.91,933,933,0,2026-01-01T02:16:47Z
order_00007471,batch_0005,trader_0005,ETH-USD,SELL,2143.02,734,734,0,2026-01-01T02:04:30Z
order_00008579,batch_0005,trader_0010,ETH-USD,SELL,2143.11,877,877,0,2026-01-01T02:22:58Z
order_00007389,batch_0005,trader_0005,ETH-USD,SELL,2143.19,475,475,0,2026-01-01T02:03:08Z
order_00009303,batch_0005,trader_0025,ETH-USD,SELL,2143.19,560,560,0,2026-01-01T02:35:02Z
order_00009797,batch_0005,trader_0018,ETH-USD,SELL,2143.21,384,384,0,2026-01-01T02:43:16Z
order_00016253,batch_0005,trader_0024,ETH-USD,SELL,2143.3,557,557,0,2026-01-01T04:30:52Z
order_00011068,batch_0005,trader_0015,ETH-USD,SELL,2143.35,759,759,0,2026-01-01T03:04:27Z
order_00013939,batch_0005,trader_0007,ETH-USD,SELL,2143.45,402,402,0,2026-01-01T03:52:18Z
order_00016364,batch_0005,trader_0003,ETH-USD,SELL,2143.49,339,339,0,2026-01-01T04:32:43Z
order_00007377,batch_0005,trader_0005,ETH-USD,SELL,2143.5,342,342,0,2026-01-01T02:02:56Z
order_00007902,batch_0005,trader_0018,ETH-USD,SELL,2143.71,699,699,0,2026-01-01T02:11:41Z
order_00011171,batch_0005,trader_0008,ETH-USD,SELL,2143.79,70,70,0,2026-01-01T03:06:10Z
order_00009505,batch_0005,trader_0002,ETH-USD,SELL,2144.07,415,415,0,2026-01-01T02:38:24Z
order_00011611,batch_0005,trader_0015,ETH-USD,SELL,2144.25,181,181,0,2026-01-01T03:13:30Z
order_00015025,batch_0005,trader_0010,ETH-USD,SELL,2144.49,579,579,0,2026-01-01T04:10:24Z
order_00009569,batch_0005,trader_0006,ETH-USD,SELL,2144.61,155,155,0,2026-01-01T02:39:28Z
order_00010222,batch_0005,trader_0001,ETH-USD,SELL,2144.75,490,490,0,2026-01-01T02:50:21Z
order_00006981,batch_0005,trader_0024,ETH-USD,SELL,2144.9,424,424,0,2026-01-01T01:56:20Z
order_00009983,batch_0005,trader_0021,ETH-USD,SELL,2145.04,230,230,0,2026-01-01T02:46:22Z
order_00008739,batch_0005,trader_0004,ETH-USD,SELL,2145.14,475,475,0,2026-01-01T02:25:38Z
order_00015155,batch_0005,trader_0003,ETH-USD,SELL,2145.15,428,428,0,2026-01-01T04:12:34Z
order_00013478,batch_0005,trader_0025,ETH-USD,SELL,2145.2,124,124,0,2026-01-01T03:44:37Z
order_00009331,batch_0005,trader_0011,ETH-USD,SELL,2145.39,690,690,0,2026-01-01T02:35:30Z
order_00014793,batch_0005,trader_0005,ETH-USD,SELL,2145.51,164,164,0,2026-01-01T04:06:32Z
order_00006697,batch_0005,trader_0019,ETH-USD,SELL,2145.55,171,171,0,2026-01-01T01:51:36Z
order_00010627,batch_0005,trader_0010,ETH-USD,SELL,2145.55,877,877,0,2026-01-01T02:57:06Z
order_00015112,batch_0005,trader_0003,ETH-USD,SELL,2145.57,270,270,0,2026-01-01T04:11:51Z
order_00013524,batch_0005,trader_0025,ETH-USD,SELL,2145.63,293,293,0,2026-01-01T03:45:23Z
order_00014213,batch_0005,trader_0017,ETH-USD,SELL,2145.73,355,355,0,2026-01-01T03:56:52Z
order_00008079,batch_0005,trader_0025,ETH-USD,SELL,2145.81,262,262,0,2026-01-01T02:14:38Z
order_00011449,batch_0005,trader_0024,ETH-USD,SELL,2145.81,940,940,0,2026-01-01T03:10:48Z
order_00012573,batch_0005,trader_0016,ETH-USD,SELL,2145.81,68,68,0,2026-01-01T03:29:32Z
order_00010598,batch_0005,trader_0008,ETH-USD,SELL,2145.82,619,619,0,2026-01-01T02:56:37Z
order_00008277,batch_0005,trader_0020,ETH-USD,SELL,2145.94,145,145,0,2026-01-01T02:17:56Z
order_00009068,batch_0005,trader_0007,ETH-USD,SELL,2145.95,773,773,0,2026-01-01T02:31:07Z
order_00008466,batch_0005,trader_0023,ETH-USD,SELL,2146.05,605,605,0,2026-01-01T02:21:05Z
order_00011562,batch_0005,trader_0005,ETH-USD,SELL,2146.05,830,830,0,2026-01-01T03:12:41Z
order_00015851,batch_0005,trader_0020,ETH-USD,SELL,2146.11,44,44,0,2026-01-01T04:24:10Z
order_00013653,batch_0005,trader_0024,ETH-USD,SELL,2146.14,509,509,0,2026-01-01T03:47:32Z
order_00015882,batch_0005,trader_0011,ETH-USD,SELL,2146.14,398,398,0,2026-01-01T04:24:41Z
order_00009625,batch_0005,trader_0006,ETH-USD,SELL,2146.18,124,124,0,2026-01-01T02:40:24Z
order_00011169,batch_0005,trader_0018,ETH-USD,SELL,2146.26,769,769,0,2026-01-01T03:06:08Z
order_00014755,batch_0005,trader_0020,ETH-USD,SELL,2146.36,33,33,0,2026-01-01T04:05:54Z
order_00013979,batch_0005,trader_0017,ETH-USD,SELL,2146.46,151,151,0,2026-01-01T03:52:58Z
order_00007378,batch_0005,trader_0025,ETH-USD,SELL,2146.55,56,56,0,2026-01-01T02:02:57Z
order_00011488,batch_0005,trader_0012,ETH-USD,SELL,2146.56,686,686,0,2026-01-01T03:11:27Z
order_00015302,batch_0005,trader_0022,ETH-USD,SELL,2146.65,225,225,0,2026-01-01T04:15:01Z
order_00016249,batch_0005,trader_0008,ETH-USD,SELL,2146.86,938,938,0,2026-01-01T04:30:48Z
order_00011900,batch_0005,trader_0014,ETH-USD,SELL,2146.9,189,189,0,2026-01-01T03:18:19Z
order_00010479,batch_0005,trader_0016,ETH-USD,SELL,2147.07,748,748,0,2026-01-01T02:54:38Z
order_00012170,batch_0005,trader_0003,ETH-USD,SELL,2147.21,450,450,0,2026-01-01T03:22:49Z
order_00016543,batch_0005,trader_0012,ETH-USD,SELL,2147.4,420,420,0,2026-01-01T04:35:42Z
order_00007008,batch_0005,trader_0012,ETH-USD,SELL,2147.44,214,214,0,2026-01-01T01:56:47Z
order_00010528,batch_0005,trader_0009,ETH-USD,SELL,2147.54,821,821,0,2026-01-01T02:55:27Z
order_00007348,batch_0005,trader_0013,ETH-USD,SELL,2147.6,74,74,0,2026-01-01T02:02:27Z
order_00007452,batch_0005,trader_0001,ETH-USD,SELL,2147.6,620,620,0,2026-01-01T02:04:11Z
order_00012983,batch_0005,trader_0018,ETH-USD,SELL,2147.61,689,689,0,2026-01-01T03:36:22Z
order_00009764,batch_0005,trader_0017,ETH-USD,SELL,2147.65,568,568,0,2026-01-01T02:42:43Z
order_00014158,batch_0005,trader_0017,ETH-USD,SELL,2147.69,927,927,0,2026-01-01T03:55:57Z
order_00008883,batch_0005,trader_0018,ETH-USD,SELL,2147.72,173,173,0,2026-01-01T02:28:02Z
order_00016149,batch_0005,trader_0022,ETH-USD,SELL,2147.72,469,469,0,2026-01-01T04:29:08Z
order_00013722,batch_0005,trader_0002,ETH-USD,SELL,2147.78,390,390,0,2026-01-01T03:48:41Z
order_00007650,batch_0005,trader_0006,ETH-USD,SELL,2147.8,781,781,0,2026-01-01T02:07:29Z
order_00010719,batch_0005,trader_0024,ETH-USD,SELL,2147.83,882,882,0,2026-01-01T02:58:38Z
order_00008945,batch_0005,trader_0012,ETH-USD,SELL,2147.98,993,993,0,2026-01-01T02:29:04Z
order_00015287,batch_0005,trader_0013,ETH-USD,SELL,2148.1,315,315,0,2026-01-01T04:14:46Z
order_00009801,batch_0005,trader_0012,ETH-USD,SELL,2148.33,190,190,0,2026-01-01T02:43:20Z
order_00011620,batch_0005,trader_0017,ETH-USD,SELL,2148.44,57,57,0,2026-01-01T03:13:39Z
order_00016511,batch_0005,trader_0010,ETH-USD,SELL,2148.82,811,811,0,2026-01-01T04:35:10Z
order_00006856,batch_0005,trader_0010,ETH-USD,SELL,2148.96,794,794,0,2026-01-01T01:54:15Z
order_00011454,batch_0005,trader_0011,ETH-USD,SELL,2149.05,623,623,0,2026-01-01T03:10:53Z
order_00006744,batch_0005,trader_0006,ETH-USD,SELL,2149.11,136,136,0,2026-01-01T01:52:23Z
order_00015292,batch_0005,trader_0020,ETH-USD,SELL,2149.25,825,825,0,2026-01-01T04:14:51Z
order_00016501,batch_0005,trader_0025,ETH-USD,SELL,2149.42,171,171,0,2026-01-01T04:35:00Z
order_00011183,batch_0005,trader_0005,ETH-USD,SELL,2149.54,757,757,0,2026-01-01T03:06:22Z
order_00010985,batch_0005,trader_0005,ETH-USD,SELL,2149.59,683,683,0,2026-01-01T03:03:04Z
order_00014875,batch_0005,trader_0020,ETH-USD,SELL,2149.59,224,224,0,2026-01-01T04:07:54Z
order_00011872,batch_0005,trader_0016,ETH-USD,SELL,2149.72,212,212,0,2026-01-01T03:17:51Z
order_00013854,batch_0005,trader_0011,ETH-USD,SELL,2149.8,756,756,0,2026-01-01T03:50:53Z
order_00016192,batch_0005,trader_0013,ETH-USD,SELL,2149.82,382,382,0,2026-01-01T04:29:51Z
order_00013570,batch_0005,trader_0021,ETH-USD,SELL,2149.87,877,877,0,2026-01-01T03:46:09Z
order_00014124,batch_0005,trader_0019,ETH-USD,SELL,2149.87,9,9,0,2026-01-01T03:55:23Z
order_00010856,batch_0005,trader_0006,ETH-USD,SELL,2150.04,518,518,0,2026-01-01T03:00:55Z
order_00013509,batch_0005,trader_0020,ETH-USD,SELL,2150.1,809,809,0,2026-01-01T03:45:08Z
order_00014159,batch_0005,trader_0012,ETH-USD,SELL,2150.1,768,768,0,2026-01-01T03:55:58Z
order_00014017,batch_0005,trader_0017,ETH-USD,SELL,2150.32,355,355,0,2026-01-01T03:53:36Z
order_00012398,batch_0005,trader_0012,ETH-USD,SELL,2150.38,416,416,0,2026-01-01T03:26:37Z
order_00014340,batch_0005,trader_0020,ETH-USD,SELL,2150.4,760,760,0,2026-01-01T03:58:59Z
order_00013255,batch_0005,trader_0021,ETH-USD,SELL,2150.59,348,348,0,2026-01-01T03:40:54Z
order_00010150,batch_0005,trader_0016,ETH-USD,SELL,2150.61,718,718,0,2026-01-01T02:49:09Z
order_00012440,batch_0005,trader_0021,ETH-USD,SELL,2150.9,124,124,0,2026-01-01T03:27:19Z
order_00007515,batch_0005,trader_0013,ETH-USD,SELL,2150.96,508,508,0,2026-01-01T02:05:14Z
order_00011483,batch_0005,trader_0007,ETH-USD,SELL,2151.0,578,578,0,2026-01-01T03:11:22Z
order_00013055,batch_0005,trader_0024,ETH-USD,SELL,2151.12,209,209,0,2026-01-01T03:37:34Z
order_00009144,batch_0005,trader_0010,ETH-USD,SELL,2151.22,292,292,0,2026-01-01T02:32:23Z
order_00016265,batch_0005,trader_0005,ETH-USD,SELL,2151.26,450,450,0,2026-01-01T04:31:04Z
order_00008816,batch_0005,trader_0022,ETH-USD,SELL,2151.28,112,112,0,2026-01-01T02:26:55Z
order_00006968,batch_0005,trader_0018,ETH-USD,SELL,2151.4,561,561,0,2026-01-01T01:56:07Z
order_00011442,batch_0005,trader_0015,ETH-USD,SELL,2151.5,925,925,0,2026-01-01T03:10:41Z
order_00015533,batch_0005,trader_0007,ETH-USD,SELL,2151.79,7,7,0,2026-01-01T04:18:52Z
order_00014967,batch_0005,trader_0016,ETH-USD,SELL,2151.96,874,874,0,2026-01-01T04:09:26Z
order_00013283,batch_0005,trader_0005,ETH-USD,SELL,2151.97,163,163,0,2026-01-01T03:41:22Z
order_00015663,batch_0005,trader_0006,ETH-USD,SELL,2152.13,636,636,0,2026-01-01T04:21:02Z
order_00014315,batch_0005,trader_0020,ETH-USD,SELL,2152.14,134,134,0,2026-01-01T03:58:34Z
order_00014673,batch_0005,trader_0019,ETH-USD,SELL,2152.28,426,426,0,2026-01-01T04:04:32Z
order_00006797,batch_0005,trader_0023,ETH-USD,SELL,2152.44,200,200,0,2026-01-01T01:53:16Z
order_00010139,batch_0005,trader_0024,ETH-USD,SELL,2152.56,152,152,0,2026-01-01T02:48:58Z
order_00014374,batch_0005,trader_0014,ETH-USD,SELL,2152.9,470,470,0,2026-01-01T03:59:33Z
order_00007000,batch_0005,trader_0008,ETH-USD,SELL,2152.99,895,895,0,2026-01-01T01:56:39Z
order_00007924,batch_0005,trader_0004,ETH-USD,SELL,2153.12,460,460,0,2026-01-01T02:12:03Z
order_00011644,batch_0005,trader_0023,ETH-USD,SELL,2153.16,371,371,0,2026-01-01T03:14:03Z
order_00011982,batch_0005,trader_0003,ETH-USD,SELL,2153.17,413,413,0,2026-01-01T03:19:41Z
order_00007893,batch_0005,trader_0009,ETH-USD,SELL,2153.18,20,20,0,2026-01-01T02:11:32Z
order_00007651,batch_0005,trader_0006,ETH-USD,SELL,2153.19,264,264,0,2026-01-01T02:07:30Z
order_00012978,batch_0005,trader_0017,ETH-USD,SELL,2153.66,593,593,0,2026-01-01T03:36:17Z
order_00013241,batch_0005,trader_0023,ETH-USD,SELL,2153.69,180,180,0,2026-01-01T03:40:40Z
order_00008527,batch_0005,trader_0025,ETH-USD,SELL,2153.72,976,976,0,2026-01-01T02:22:06Z
order_00008046,batch_0005,trader_0021,ETH-USD,SELL,2153.83,525,525,0,2026-01-01T02:14:05Z
order_00015764,batch_0005,trader_0017,ETH-USD,SELL,2154.14,854,854,0,2026-01-01T04:22:43Z
order_00013906,batch_0005,trader_0015,ETH-USD,SELL,2154.24,518,518,0,2026-01-01T03:51:45Z
order_00008084,batch_0005,trader_0017,ETH-USD,SELL,2154.36,894,894,0,2026-01-01T02:14:43Z
order_00007462,batch_0005,trader_0001,ETH-USD,SELL,2154.4,129,129,0,2026-01-01T02:04:21Z
order_00015997,batch_0005,trader_0019,ETH-USD,SELL,2154.41,440,440,0,2026-01-01T04:26:36Z
order_00008872,batch_0005,trader_0019,ETH-USD,SELL,2154.49,338,338,0,2026-01-01T02:27:51Z
order_00011817,batch_0005,trader_0012,ETH-USD,SELL,2154.55,967,967,0,2026-01-01T03:16:56Z
order_00013816,batch_0005,trader_0007,ETH-USD,SELL,2154.56,882,882,0,2026-01-01T03:50:15Z
order_00009906,batch_0005,trader_0011,ETH-USD,SELL,2154.68,56,56,0,2026-01-01T02:45:05Z
order_00010808,batch_0005,trader_0007,ETH-USD,SELL,2154.76,187,187,0,2026-01-01T03:00:07Z
order_00015486,batch_0005,trader_0022,ETH-USD,SELL,2154.93,690,690,0,2026-01-01T04:18:05Z
order_00013098,batch_0005,trader_0013,ETH-USD,SELL,2155.08,982,982,0,2026-01-01T03:38:17Z
order_00008747,batch_0005,trader_0022,ETH-USD,SELL,2155.19,41,41,0,2026-01-01T02:25:46Z
order_00013034,batch_0005,trader_0009,ETH-USD,SELL,2155.2,536,536,0,2026-01-01T03:37:13Z
order_00012409,batch_0005,trader_0004,ETH-USD,SELL,2155.51,652,652,0,2026-01-01T03:26:48Z
order_00014215,batch_0005,trader_0016,ETH-USD,SELL,2155.59,70,70,0,2026-01-01T03:56:54Z
order_00011065,batch_0005,trader_0005,ETH-USD,SELL,2155.75,25,25,0,2026-01-01T03:04:24Z
order_00015976,batch_0005,trader_0008,ETH-USD,SELL,2155.76,982,982,0,2026-01-01T04:26:15Z
order_00012938,batch_0005,trader_0008,ETH-USD,SELL,2155.91,83,83,0,2026-01-01T03:35:37Z
order_00008897,batch_0005,trader_0019,ETH-USD,SELL,2155.92,435,435,0,2026-01-01T02:28:16Z
order_00015634,batch_0005,trader_0001,ETH-USD,SELL,2155.99,464,464,0,2026-01-01T04:20:33Z
order_00007416,batch_0005,trader_0001,ETH-USD,SELL,2156.0,993,993,0,2026-01-01T02:03:35Z
order_00014307,batch_0005,trader_0003,ETH-USD,SELL,2156.03,919,919,0,2026-01-01T03:58:26Z
order_00009294,batch_0005,trader_0020,ETH-USD,SELL,2156.04,692,692,0,2026-01-01T02:34:53Z
order_00011203,batch_0005,trader_0012,ETH-USD,SELL,2156.22,53,53,0,2026-01-01T03:06:42Z
order_00012705,batch_0005,trader_0014,ETH-USD,SELL,2156.48,305,305,0,2026-01-01T03:31:44Z
order_00009257,batch_0005,trader_0025,ETH-USD,SELL,2156.64,877,877,0,2026-01-01T02:34:16Z
order_00009430,batch_0005,trader_0023,ETH-USD,SELL,2156.74,806,806,0,2026-01-01T02:37:09Z
order_00010288,batch_0005,trader_0020,ETH-USD,SELL,2156.86,674,674,0,2026-01-01T02:51:27Z
order_00013502,batch_0005,trader_0021,ETH-USD,SELL,2156.89,153,153,0,2026-01-01T03:45:01Z
order_00013727,batch_0005,trader_0004,ETH-USD,SELL,2156.92,271,271,0,2026-01-01T03:48:46Z
order_00014823,batch_0005,trader_0017,ETH-USD,SELL,2156.97,379,379,0,2026-01-01T04:07:02Z
order_00015373,batch_0005,trader_0003,ETH-USD,SELL,2157.0,886,886,0,2026-01-01T04:16:12Z
order_00014737,batch_0005,trader_0006,ETH-USD,SELL,2157.02,560,560,0,2026-01-01T04:05:36Z
order_00015943,batch_0005,trader_0017,ETH-USD,SELL,2157.02,465,465,0,2026-01-01T04:25:42Z
order_00016180,batch_0005,trader_0015,ETH-USD,SELL,2157.16,318,318,0,2026-01-01T04:29:39Z
order_00012145,batch_0005,trader_0012,ETH-USD,SELL,2157.42,998,998,0,2026-01-01T03:22:24Z
order_00007058,batch_0005,trader_0021,ETH-USD,SELL,2157.45,391,391,0,2026-01-01T01:57:37Z
order_00007185,batch_0005,trader_0002,ETH-USD,SELL,2157.45,166,166,0,2026-01-01T01:59:44Z
order_00010079,batch_0005,trader_0020,ETH-USD,SELL,2157.46,626,626,0,2026-01-01T02:47:58Z
order_00008015,batch_0005,trader_0020,ETH-USD,SELL,2157.48,103,103,0,2026-01-01T02:13:34Z
order_00011883,batch_0005,trader_0019,ETH-USD,SELL,2157.64,685,685,0,2026-01-01T03:18:02Z
order_00010681,batch_0005,trader_0009,ETH-USD,SELL,2157.65,619,619,0,2026-01-01T02:58:00Z
order_00011671,batch_0005,trader_0005,ETH-USD,SELL,2157.67,592,592,0,2026-01-01T03:14:30Z
order_00010791,batch_0005,trader_0020,ETH-USD,SELL,2157.71,31,31,0,2026-01-01T02:59:50Z
order_00008424,batch_0005,trader_0022,ETH-USD,SELL,2157.73,229,229,0,2026-01-01T02:20:23Z
order_00008166,batch_0005,trader_0009,ETH-USD,SELL,2157.77,839,839,0,2026-01-01T02:16:05Z
order_00013740,batch_0005,trader_0025,ETH-USD,SELL,2157.89,928,928,0,2026-01-01T03:48:59Z
order_00007810,batch_0005,trader_0016,ETH-USD,SELL,2157.9,9,9,0,2026-01-01T02:10:09Z
order_00012427,batch_0005,trader_0018,ETH-USD,SELL,2158.01,122,122,0,2026-01-01T03:27:06Z
order_00010404,batch_0005,trader_0001,ETH-USD,SELL,2158.05,850,850,0,2026-01-01T02:53:23Z
order_00006702,batch_0005,trader_0015,ETH-USD,SELL,2158.08,329,329,0,2026-01-01T01:51:41Z
order_00010363,batch_0005,trader_0023,ETH-USD,SELL,2158.34,767,767,0,2026-01-01T02:52:42Z
order_00013303,batch_0005,trader_0006,ETH-USD,SELL,2158.38,4,4,0,2026-01-01T03:41:42Z
order_00012320,batch_0005,trader_0001,ETH-USD,SELL,2158.58,694,694,0,2026-01-01T03:25:19Z
order_00012762,batch_0005,trader_0014,ETH-USD,SELL,2158.59,440,440,0,2026-01-01T03:32:41Z
order_00009125,batch_0005,trader_0008,ETH-USD,SELL,2158.62,332,332,0,2026-01-01T02:32:04Z
order_00012531,batch_0005,trader_0025,ETH-USD,SELL,2158.75,260,260,0,2026-01-01T03:28:50Z
order_00013039,batch_0005,trader_0017,ETH-USD,SELL,2158.83,271,271,0,2026-01-01T03:37:18Z
order_00012134,batch_0005,trader_0024,ETH-USD,SELL,2158.95,929,929,0,2026-01-01T03:22:13Z
order_00009099,batch_0005,trader_0024,ETH-USD,SELL,2159.11,950,950,0,2026-01-01T02:31:38Z
order_00016456,batch_0005,trader_0011,ETH-USD,SELL,2159.17,844,844,0,2026-01-01T04:34:15Z
order_00013678,batch_0005,trader_0020,ETH-USD,SELL,2159.3,990,990,0,2026-01-01T03:47:57Z
order_00015176,batch_0005,trader_0013,ETH-USD,SELL,2159.44,587,587,0,2026-01-01T04:12:55Z
order_00011837,batch_0005,trader_0016,ETH-USD,SELL,2159.58,320,320,0,2026-01-01T03:17:16Z
order_00012371,batch_0005,trader_0016,ETH-USD,SELL,2159.65,6,6,0,2026-01-01T03:26:10Z
order_00012734,batch_0005,trader_0009,ETH-USD,SELL,2159.75,67,67,0,2026-01-01T03:32:13Z
order_00007046,batch_0005,trader_0007,ETH-USD,SELL,2159.86,75,75,0,2026-01-01T01:57:25Z
order_00014621,batch_0005,trader_0009,ETH-USD,SELL,2159.95,464,464,0,2026-01-01T04:03:40Z
order_00006722,batch_0005,trader_0025,ETH-USD,SELL,2160.0,520,520,0,2026-01-01T01:52:01Z
order_00013380,batch_0005,trader_0008,ETH-USD,SELL,2160.12,426,426,0,2026-01-01T03:42:59Z
order_00008980,batch_0005,trader_0007,ETH-USD,SELL,2160.18,96,96,0,2026-01-01T02:29:39Z
order_00011262,batch_0005,trader_0003,ETH-USD,SELL,2160.19,688,688,0,2026-01-01T03:07:41Z
order_00014385,batch_0005,trader_0005,ETH-USD,SELL,2160.27,726,726,0,2026-01-01T03:59:44Z
order_00016542,batch_0005,trader_0009,ETH-USD,SELL,2160.31,982,982,0,2026-01-01T04:35:41Z
order_00015608,batch_0005,trader_0007,ETH-USD,SELL,2160.46,939,939,0,2026-01-01T04:20:07Z
order_00007593,batch_0005,trader_0022,ETH-USD,SELL,2160.52,377,377,0,2026-01-01T02:06:32Z
order_00008272,batch_0005,trader_0024,ETH-USD,SELL,2160.53,653,653,0,2026-01-01T02:17:51Z
order_00016462,batch_0005,trader_0009,ETH-USD,SELL,2160.62,608,608,0,2026-01-01T04:34:21Z
order_00015064,batch_0005,trader_0016,ETH-USD,SELL,2160.67,8,8,0,2026-01-01T04:11:03Z
order_00007843,batch_0005,trader_0025,ETH-USD,SELL,2160.73,684,684,0,2026-01-01T02:10:42Z
order_00015124,batch_0005,trader_0007,ETH-USD,SELL,2160.84,57,57,0,2026-01-01T04:12:03Z
order_00013178,batch_0005,trader_0007,ETH-USD,SELL,2160.86,285,285,0,2026-01-01T03:39:37Z
order_00011801,batch_0005,trader_0018,ETH-USD,SELL,2160.88,894,894,0,2026-01-01T03:16:40Z
order_00007860,batch_0005,trader_0009,ETH-USD,SELL,2161.01,447,447,0,2026-01-01T02:10:59Z
order_00014635,batch_0005,trader_0022,ETH-USD,SELL,2161.08,674,674,0,2026-01-01T04:03:54Z
order_00009613,batch_0005,trader_0019,ETH-USD,SELL,2161.21,503,503,0,2026-01-01T02:40:12Z
order_00011689,batch_0005,trader_0012,ETH-USD,SELL,2161.26,355,355,0,2026-01-01T03:14:48Z
order_00010482,batch_0005,trader_0008,ETH-USD,SELL,2161.29,868,868,0,2026-01-01T02:54:41Z
order_00013886,batch_0005,trader_0020,ETH-USD,SELL,2161.29,411,411,0,2026-01-01T03:51:25Z
order_00008488,batch_0005,trader_0012,ETH-USD,SELL,2161.37,354,354,0,2026-01-01T02:21:27Z
order_00011001,batch_0005,trader_0015,ETH-USD,SELL,2161.42,440,440,0,2026-01-01T03:03:20Z
order_00009051,batch_0005,trader_0018,ETH-USD,SELL,2161.63,571,571,0,2026-01-01T02:30:50Z
order_00012072,batch_0005,trader_0005,ETH-USD,SELL,2161.79,804,804,0,2026-01-01T03:21:11Z
order_00012241,batch_0005,trader_0020,ETH-USD,SELL,2161.79,657,657,0,2026-01-01T03:24:00Z
order_00009067,batch_0005,trader_0003,ETH-USD,SELL,2161.86,888,888,0,2026-01-01T02:31:06Z
order_00011850,batch_0005,trader_0021,ETH-USD,SELL,2161.9,523,523,0,2026-01-01T03:17:29Z
order_00015300,batch_0005,trader_0022,ETH-USD,SELL,2161.94,789,789,0,2026-01-01T04:14:59Z
order_00007311,batch_0005,trader_0012,ETH-USD,SELL,2162.07,182,182,0,2026-01-01T02:01:50Z
order_00014839,batch_0005,trader_0006,ETH-USD,SELL,2162.24,696,696,0,2026-01-01T04:07:18Z
order_00010054,batch_0005,trader_0001,ETH-USD,SELL,2162.27,344,344,0,2026-01-01T02:47:33Z
order_00006667,batch_0005,trader_0013,ETH-USD,SELL,2162.3,573,573,0,2026-01-01T01:51:06Z
order_00015966,batch_0005,trader_0016,ETH-USD,SELL,2162.42,881,881,0,2026-01-01T04:26:05Z
order_00009052,batch_0005,trader_0014,ETH-USD,SELL,2162.47,49,49,0,2026-01-01T02:30:51Z
order_00013930,batch_0005,trader_0010,ETH-USD,SELL,2162.47,771,771,0,2026-01-01T03:52:09Z
order_00007200,batch_0005,trader_0022,ETH-USD,SELL,2162.48,311,311,0,2026-01-01T01:59:59Z
order_00007914,batch_0005,trader_0023,ETH-USD,SELL,2162.62,151,151,0,2026-01-01T02:11:53Z
order_00007520,batch_0005,trader_0002,ETH-USD,SELL,2162.83,92,92,0,2026-01-01T02:05:19Z
order_00010988,batch_0005,trader_0013,ETH-USD,SELL,2162.91,434,434,0,2026-01-01T03:03:07Z
order_00010106,batch_0005,trader_0009,ETH-USD,SELL,2162.94,978,978,0,2026-01-01T02:48:25Z
order_00010755,batch_0005,trader_0005,ETH-USD,SELL,2163.11,561,561,0,2026-01-01T02:59:14Z
order_00007491,batch_0005,trader_0011,ETH-USD,SELL,2163.15,85,85,0,2026-01-01T02:04:50Z
order_00011150,batch_0005,trader_0008,ETH-USD,SELL,2163.26,771,771,0,2026-01-01T03:05:49Z
order_00014878,batch_0005,trader_0024,ETH-USD,SELL,2163.47,560,560,0,2026-01-01T04:07:57Z
order_00014923,batch_0005,trader_0015,ETH-USD,SELL,2163.57,534,534,0,2026-01-01T04:08:42Z
order_00010586,batch_0005,trader_0014,ETH-USD,SELL,2163.65,185,185,0,2026-01-01T02:56:25Z
order_00011246,batch_0005,trader_0014,ETH-USD,SELL,2163.67,152,152,0,2026-01-01T03:07:25Z
order_00011186,batch_0005,trader_0013,ETH-USD,SELL,2163.71,524,524,0,2026-01-01T03:06:25Z
order_00008405,batch_0005,trader_0011,ETH-USD,SELL,2163.8,608,608,0,2026-01-01T02:20:04Z
order_00009650,batch_0005,trader_0013,ETH-USD,SELL,2163.84,199,199,0,2026-01-01T02:40:49Z
order_00011868,batch_0005,trader_0011,ETH-USD,SELL,2163.93,5,5,0,2026-01-01T03:17:47Z
order_00007010,batch_0005,trader_0022,ETH-USD,SELL,2164.0,616,616,0,2026-01-01T01:56:49Z
order_00008119,batch_0005,trader_0018,ETH-USD,SELL,2164.0,202,202,0,2026-01-01T02:15:18Z
order_00014068,batch_0005,trader_0012,ETH-USD,SELL,2164.01,123,123,0,2026-01-01T03:54:27Z
order_00012592,batch_0005,trader_0008,ETH-USD,SELL,2164.12,21,21,0,2026-01-01T03:29:51Z
order_00010848,batch_0005,trader_0016,ETH-USD,SELL,2164.15,192,192,0,2026-01-01T03:00:47Z
order_00015542,batch_0005,trader_0015,ETH-USD,SELL,2164.48,838,838,0,2026-01-01T04:19:01Z
order_00009176,batch_0005,trader_0003,ETH-USD,SELL,2164.51,71,71,0,2026-01-01T02:32:55Z
order_00016203,batch_0005,trader_0009,ETH-USD,SELL,2164.52,263,263,0,2026-01-01T04:30:02Z
order_00012565,batch_0005,trader_0011,ETH-USD,SELL,2164.53,5,5,0,2026-01-01T03:29:24Z
order_00011199,batch_0005,trader_0012,ETH-USD,SELL,2164.57,98,98,0,2026-01-01T03:06:38Z
order_00011859,batch_0005,trader_0017,ETH-USD,SELL,2164.61,344,344,0,2026-01-01T03:17:38Z
order_00013106,batch_0005,trader_0007,ETH-USD,SELL,2164.8,526,526,0,2026-01-01T03:38:25Z
order_00008874,batch_0005,trader_0005,ETH-USD,SELL,2165.3,43,43,0,2026-01-01T02:27:53Z
order_00007973,batch_0005,trader_0003,ETH-USD,SELL,2165.85,179,179,0,2026-01-01T02:12:52Z
order_00013004,batch_0005,trader_0020,ETH-USD,SELL,2165.88,614,614,0,2026-01-01T03:36:43Z
order_00015946,batch_0005,trader_0013,ETH-USD,SELL,2165.91,266,266,0,2026-01-01T04:25:45Z
order_00006823,batch_0005,trader_0015,ETH-USD,SELL,2165.94,59,59,0,2026-01-01T01:53:42Z
order_00016038,batch_0005,trader_0022,ETH-USD,SELL,2165.96,282,282,0,2026-01-01T04:27:17Z
order_00009423,batch_0005,trader_0025,ETH-USD,SELL,2166.12,300,300,0,2026-01-01T02:37:02Z
order_00006675,batch_0005,trader_0021,ETH-USD,SELL,2166.14,668,668,0,2026-01-01T01:51:14Z
order_00012428,batch_0005,trader_0011,ETH-USD,SELL,2166.22,336,336,0,2026-01-01T03:27:07Z
order_00016127,batch_0005,trader_0003,ETH-USD,SELL,2166.28,262,262,0,2026-01-01T04:28:46Z
order_00012508,batch_0005,trader_0021,ETH-USD,SELL,2166.39,469,469,0,2026-01-01T03:28:27Z
order_00014511,batch_0005,trader_0004,ETH-USD,SELL,2166.41,939,939,0,2026-01-01T04:01:50Z
order_00008928,batch_0005,trader_0011,ETH-USD,SELL,2166.73,264,264,0,2026-01-01T02:28:47Z
order_00015341,batch_0005,trader_0002,ETH-USD,SELL,2166.79,227,227,0,2026-01-01T04:15:40Z
order_00015821,batch_0005,trader_0015,ETH-USD,SELL,2166.87,467,467,0,2026-01-01T04:23:40Z
order_00007410,batch_0005,trader_0014,ETH-USD,SELL,2166.94,622,622,0,2026-01-01T02:03:29Z
order_00011486,batch_0005,trader_0013,ETH-USD,SELL,2166.98,566,566,0,2026-01-01T03:11:25Z
order_00013370,batch_0005,trader_0018,ETH-USD,SELL,2167.21,767,767,0,2026-01-01T03:42:49Z
order_00009289,batch_0005,trader_0014,ETH-USD,SELL,2167.32,50,50,0,2026-01-01T02:34:48Z
order_00010495,batch_0005,trader_0004,ETH-USD,SELL,2167.32,837,837,0,2026-01-01T02:54:54Z
order_00014519,batch_0005,trader_0018,ETH-USD,SELL,2167.36,242,242,0,2026-01-01T04:01:58Z
order_00010168,batch_0005,trader_0009,ETH-USD,SELL,2167.45,756,756,0,2026-01-01T02:49:27Z
order_00016388,batch_0005,trader_0017,ETH-USD,SELL,2167.47,262,262,0,2026-01-01T04:33:07Z
order_00009715,batch_0005,trader_0025,ETH-USD,SELL,2167.52,714,714,0,2026-01-01T02:41:54Z
order_00012597,batch_0005,trader_0016,ETH-USD,SELL,2167.57,972,972,0,2026-01-01T03:29:56Z
order_00012319,batch_0005,trader_0006,ETH-USD,SELL,2167.74,162,162,0,2026-01-01T03:25:18Z
order_00006993,batch_0005,trader_0004,ETH-USD,SELL,2167.9,668,668,0,2026-01-01T01:56:32Z
order_00009614,batch_0005,trader_0007,ETH-USD,SELL,2167.93,976,976,0,2026-01-01T02:40:13Z
order_00007213,batch_0005,trader_0007,ETH-USD,SELL,2168.03,85,85,0,2026-01-01T02:00:12Z
order_00014346,batch_0005,trader_0022,ETH-USD,SELL,2168.07,427,427,0,2026-01-01T03:59:05Z
order_00015369,batch_0005,trader_0002,ETH-USD,SELL,2168.07,342,342,0,2026-01-01T04:16:08Z
order_00009692,batch_0005,trader_0019,ETH-USD,SELL,2168.17,838,838,0,2026-01-01T02:41:31Z
order_00010987,batch_0005,trader_0012,ETH-USD,SELL,2168.17,347,347,0,2026-01-01T03:03:06Z
order_00010189,batch_0005,trader_0023,ETH-USD,SELL,2168.29,113,113,0,2026-01-01T02:49:48Z
order_00015371,batch_0005,trader_0023,ETH-USD,SELL,2168.3,359,359,0,2026-01-01T04:16:10Z
order_00012190,batch_0005,trader_0010,ETH-USD,SELL,2168.33,932,932,0,2026-01-01T03:23:09Z
order_00015873,batch_0005,trader_0007,ETH-USD,SELL,2168.42,843,843,0,2026-01-01T04:24:32Z
order_00014908,batch_0005,trader_0010,ETH-USD,SELL,2168.47,45,45,0,2026-01-01T04:08:27Z
order_00010670,batch_0005,trader_0023,ETH-USD,SELL,2168.72,423,423,0,2026-01-01T02:57:49Z
order_00015951,batch_0005,trader_0014,ETH-USD,SELL,2168.77,151,151,0,2026-01-01T04:25:50Z
order_00008065,batch_0005,trader_0016,ETH-USD,SELL,2168.84,10,10,0,2026-01-01T02:14:24Z
order_00007429,batch_0005,trader_0017,ETH-USD,SELL,2168.87,106,106,0,2026-01-01T02:03:48Z
order_00008326,batch_0005,trader_0021,ETH-USD,SELL,2168.87,187,187,0,2026-01-01T02:18:45Z
order_00010499,batch_0005,trader_0012,ETH-USD,SELL,2169.2,265,265,0,2026-01-01T02:54:58Z
order_00008226,batch_0005,trader_0019,ETH-USD,SELL,2169.31,85,85,0,2026-01-01T02:17:05Z
order_00007528,batch_0005,trader_0023,ETH-USD,SELL,2169.38,51,51,0,2026-01-01T02:05:27Z
order_00012399,batch_0005,trader_0024,ETH-USD,SELL,2169.48,407,407,0,2026-01-01T03:26:38Z
order_00007130,batch_0005,trader_0013,ETH-USD,SELL,2169.52,278,278,0,2026-01-01T01:58:49Z
order_00014284,batch_0005,trader_0006,ETH-USD,SELL,2169.53,373,373,0,2026-01-01T03:58:03Z
order_00010851,batch_0005,trader_0002,ETH-USD,SELL,2170.2,116,116,0,2026-01-01T03:00:50Z
order_00012402,batch_0005,trader_0002,ETH-USD,SELL,2170.45,193,193,0,2026-01-01T03:26:41Z
order_00009497,batch_0005,trader_0007,ETH-USD,SELL,2170.47,624,624,0,2026-01-01T02:38:16Z
order_00010096,batch_0005,trader_0016,ETH-USD,SELL,2170.47,854,854,0,2026-01-01T02:48:15Z
order_00009456,batch_0005,trader_0003,ETH-USD,SELL,2170.48,729,729,0,2026-01-01T02:37:35Z
order_00009560,batch_0005,trader_0016,ETH-USD,SELL,2170.5,552,552,0,2026-01-01T02:39:19Z
order_00010450,batch_0005,trader_0009,ETH-USD,SELL,2170.52,151,151,0,2026-01-01T02:54:09Z
order_00007266,batch_0005,trader_0008,ETH-USD,SELL,2170.54,569,569,0,2026-01-01T02:01:05Z
order_00015378,batch_0005,trader_0004,ETH-USD,SELL,2170.56,635,635,0,2026-01-01T04:16:17Z
order_00013596,batch_0005,trader_0020,ETH-USD,SELL,2170.57,310,310,0,2026-01-01T03:46:35Z
order_00012333,batch_0005,trader_0025,ETH-USD,SELL,2170.78,816,816,0,2026-01-01T03:25:32Z
order_00015858,batch_0005,trader_0009,ETH-USD,SELL,2170.78,844,844,0,2026-01-01T04:24:17Z
order_00014816,batch_0005,trader_0004,ETH-USD,SELL,2170.79,190,190,0,2026-01-01T04:06:55Z
order_00009011,batch_0005,trader_0018,ETH-USD,SELL,2170.89,906,906,0,2026-01-01T02:30:10Z
order_00013228,batch_0005,trader_0020,ETH-USD,SELL,2170.95,40,40,0,2026-01-01T03:40:27Z
order_00013320,batch_0005,trader_0014,ETH-USD,SELL,2171.12,259,259,0,2026-01-01T03:41:59Z
order_00013231,batch_0005,trader_0021,ETH-USD,SELL,2171.14,126,126,0,2026-01-01T03:40:30Z
order_00014392,batch_0005,trader_0018,ETH-USD,SELL,2171.25,606,606,0,2026-01-01T03:59:51Z
order_00009901,batch_0005,trader_0011,ETH-USD,SELL,2171.3,53,53,0,2026-01-01T02:45:00Z
order_00014007,batch_0005,trader_0014,ETH-USD,SELL,2171.36,912,912,0,2026-01-01T03:53:26Z
order_00006832,batch_0005,trader_0024,ETH-USD,SELL,2171.43,412,412,0,2026-01-01T01:53:51Z
order_00011154,batch_0005,trader_0013,ETH-USD,SELL,2171.53,679,679,0,2026-01-01T03:05:53Z
order_00007451,batch_0005,trader_0014,ETH-USD,SELL,2171.61,275,275,0,2026-01-01T02:04:10Z
order_00014518,batch_0005,trader_0005,ETH-USD,SELL,2171.62,971,971,0,2026-01-01T04:01:57Z
order_00010745,batch_0005,trader_0015,ETH-USD,SELL,2171.63,423,423,0,2026-01-01T02:59:04Z
order_00007024,batch_0005,trader_0004,ETH-USD,SELL,2171.64,946,946,0,2026-01-01T01:57:03Z
order_00014167,batch_0005,trader_0006,ETH-USD,SELL,2171.67,659,659,0,2026-01-01T03:56:06Z
order_00011847,batch_0005,trader_0021,ETH-USD,SELL,2171.89,280,280,0,2026-01-01T03:17:26Z
order_00012775,batch_0005,trader_0014,ETH-USD,SELL,2171.96,649,649,0,2026-01-01T03:32:54Z
order_00011965,batch_0005,trader_0016,ETH-USD,SELL,2171.99,640,640,0,2026-01-01T03:19:24Z
order_00011903,batch_0005,trader_0022,ETH-USD,SELL,2172.0,571,571,0,2026-01-01T03:18:22Z
order_00014452,batch_0005,trader_0023,ETH-USD,SELL,2172.47,525,525,0,2026-01-01T04:00:51Z
order_00011750,batch_0005,trader_0016,ETH-USD,SELL,2172.49,848,848,0,2026-01-01T03:15:49Z
order_00014773,batch_0005,trader_0018,ETH-USD,SELL,2172.49,58,58,0,2026-01-01T04:06:12Z
order_00014136,batch_0005,trader_0014,ETH-USD,SELL,2172.57,139,139,0,2026-01-01T03:55:35Z
order_00008490,batch_0005,trader_0003,ETH-USD,SELL,2172.64,261,261,0,2026-01-01T02:21:29Z
order_00010192,batch_0005,trader_0008,ETH-USD,SELL,2172.68,827,827,0,2026-01-01T02:49:51Z
order_00010621,batch_0005,trader_0011,ETH-USD,SELL,2172.73,488,488,0,2026-01-01T02:57:00Z
order_00013060,batch_0005,trader_0003,ETH-USD,SELL,2173.01,35,35,0,2026-01-01T03:37:39Z
order_00011901,batch_0005,trader_0002,ETH-USD,SELL,2173.11,429,429,0,2026-01-01T03:18:20Z
order_00006895,batch_0005,trader_0001,ETH-USD,SELL,2173.18,484,484,0,2026-01-01T01:54:54Z
order_00015567,batch_0005,trader_0014,ETH-USD,SELL,2173.25,989,989,0,2026-01-01T04:19:26Z
order_00015823,batch_0005,trader_0006,ETH-USD,SELL,2173.35,307,307,0,2026-01-01T04:23:42Z
order_00010750,batch_0005,trader_0008,ETH-USD,SELL,2173.51,348,348,0,2026-01-01T02:59:09Z
order_00016017,batch_0005,trader_0017,ETH-USD,SELL,2173.54,904,904,0,2026-01-01T04:26:56Z
order_00010993,batch_0005,trader_0008,ETH-USD,SELL,2173.69,431,431,0,2026-01-01T03:03:12Z
order_00013029,batch_0005,trader_0010,ETH-USD,SELL,2173.75,813,813,0,2026-01-01T03:37:08Z
order_00006997,batch_0005,trader_0018,ETH-USD,SELL,2173.76,839,839,0,2026-01-01T01:56:36Z
order_00016373,batch_0005,trader_0007,ETH-USD,SELL,2173.77,193,193,0,2026-01-01T04:32:52Z
order_00011417,batch_0005,trader_0021,ETH-USD,SELL,2174.15,776,776,0,2026-01-01T03:10:16Z
order_00015842,batch_0005,trader_0010,ETH-USD,SELL,2174.24,77,77,0,2026-01-01T04:24:01Z
order_00006656,batch_0005,trader_0003,ETH-USD,SELL,2174.31,749,749,0,2026-01-01T01:50:55Z
order_00012852,batch_0005,trader_0025,ETH-USD,SELL,2174.39,532,532,0,2026-01-01T03:34:11Z
order_00012047,batch_0005,trader_0011,ETH-USD,SELL,2174.62,472,472,0,2026-01-01T03:20:46Z
order_00013900,batch_0005,trader_0011,ETH-USD,SELL,2174.73,551,551,0,2026-01-01T03:51:39Z
order_00008558,batch_0005,trader_0001,ETH-USD,SELL,2174.74,634,634,0,2026-01-01T02:22:37Z
order_00011751,batch_0005,trader_0008,ETH-USD,SELL,2174.75,534,534,0,2026-01-01T03:15:50Z
order_00014924,batch_0005,trader_0025,ETH-USD,SELL,2174.91,150,150,0,2026-01-01T04:08:43Z
order_00012139,batch_0005,trader_0024,ETH-USD,SELL,2175.02,820,820,0,2026-01-01T03:22:18Z
order_00016070,batch_0005,trader_0016,ETH-USD,SELL,2175.09,140,140,0,2026-01-01T04:27:49Z
order_00015538,batch_0005,trader_0013,ETH-USD,SELL,2175.2,508,508,0,2026-01-01T04:18:57Z
order_00015500,batch_0005,trader_0023,ETH-USD,SELL,2175.29,197,197,0,2026-01-01T04:18:19Z
order_00012236,batch_0005,trader_0006,ETH-USD,SELL,2175.36,862,862,0,2026-01-01T03:23:55Z
order_00013164,batch_0005,trader_0002,ETH-USD,SELL,2175.41,135,135,0,2026-01-01T03:39:23Z
order_00012732,batch_0005,trader_0008,ETH-USD,SELL,2175.53,192,192,0,2026-01-01T03:32:11Z
order_00010418,batch_0005,trader_0015,ETH-USD,SELL,2175.58,290,290,0,2026-01-01T02:53:37Z
order_00008376,batch_0005,trader_0005,ETH-USD,SELL,2175.6,154,154,0,2026-01-01T02:19:35Z
order_00010710,batch_0005,trader_0010,ETH-USD,SELL,2175.6,179,179,0,2026-01-01T02:58:29Z
order_00008314,batch_0005,trader_0019,ETH-USD,SELL,2175.72,913,913,0,2026-01-01T02:18:33Z
order_00010930,batch_0005,trader_0015,ETH-USD,SELL,2175.82,511,511,0,2026-01-01T03:02:09Z
order_00006712,batch_0005,trader_0024,ETH-USD,SELL,2175.91,786,786,0,2026-01-01T01:51:51Z
order_00008643,batch_0005,trader_0008,ETH-USD,SELL,2176.05,384,384,0,2026-01-01T02:24:02Z
order_00013500,batch_0005,trader_0012,ETH-USD,SELL,2176.06,236,236,0,2026-01-01T03:44:59Z
order_00007586,batch_0005,trader_0009,ETH-USD,SELL,2176.17,21,21,0,2026-01-01T02:06:25Z
order_00010236,batch_0005,trader_0018,ETH-USD,SELL,2176.38,573,573,0,2026-01-01T02:50:35Z
order_00010401,batch_0005,trader_0024,ETH-USD,SELL,2176.54,282,282,0,2026-01-01T02:53:20Z
order_00011876,batch_0005,trader_0024,ETH-USD,SELL,2176.56,681,681,0,2026-01-01T03:17:55Z
order_00012003,batch_0005,trader_0012,ETH-USD,SELL,2176.56,973,973,0,2026-01-01T03:20:02Z
order_00012182,batch_0005,trader_0018,ETH-USD,SELL,2176.59,87,87,0,2026-01-01T03:23:01Z
order_00013797,batch_0005,trader_0004,ETH-USD,SELL,2176.6,463,463,0,2026-01-01T03:49:56Z
order_00006623,batch_0005,trader_0022,ETH-USD,SELL,2176.65,798,798,0,2026-01-01T01:50:22Z
order_00009618,batch_0005,trader_0024,ETH-USD,SELL,2176.72,750,750,0,2026-01-01T02:40:17Z
order_00016518,batch_0005,trader_0005,ETH-USD,SELL,2176.73,119,119,0,2026-01-01T04:35:17Z
order_00015247,batch_0005,trader_0009,ETH-USD,SELL,2176.8,386,386,0,2026-01-01T04:14:06Z
order_00014981,batch_0005,trader_0018,ETH-USD,SELL,2177.04,570,570,0,2026-01-01T04:09:40Z
order_00012052,batch_0005,trader_0014,ETH-USD,SELL,2177.15,353,353,0,2026-01-01T03:20:51Z
order_00011215,batch_0005,trader_0006,ETH-USD,SELL,2177.26,895,895,0,2026-01-01T03:06:54Z
order_00007260,batch_0005,trader_0008,ETH-USD,SELL,2177.29,730,730,0,2026-01-01T02:00:59Z
order_00010811,batch_0005,trader_0007,ETH-USD,SELL,2177.32,669,669,0,2026-01-01T03:00:10Z
order_00011765,batch_0005,trader_0025,ETH-USD,SELL,2177.38,327,327,0,2026-01-01T03:16:04Z
order_00007888,batch_0005,trader_0022,ETH-USD,SELL,2177.47,433,433,0,2026-01-01T02:11:27Z
order_00012999,batch_0005,trader_0004,ETH-USD,SELL,2177.48,606,606,0,2026-01-01T03:36:38Z
order_00007863,batch_0005,trader_0005,ETH-USD,SELL,2177.51,393,393,0,2026-01-01T02:11:02Z
order_00014610,batch_0005,trader_0025,ETH-USD,SELL,2177.6,229,229,0,2026-01-01T04:03:29Z
order_00015649,batch_0005,trader_0018,ETH-USD,SELL,2177.6,822,822,0,2026-01-01T04:20:48Z
order_00011302,batch_0005,trader_0021,ETH-USD,SELL,2177.65,695,695,0,2026-01-01T03:08:21Z
order_00012505,batch_0005,trader_0009,ETH-USD,SELL,2177.65,46,46,0,2026-01-01T03:28:24Z
order_00009573,batch_0005,trader_0012,ETH-USD,SELL,2177.66,795,795,0,2026-01-01T02:39:32Z
order_00010543,batch_0005,trader_0013,ETH-USD,SELL,2177.82,335,335,0,2026-01-01T02:55:42Z
order_00013543,batch_0005,trader_0004,ETH-USD,SELL,2177.89,31,31,0,2026-01-01T03:45:42Z
order_00016562,batch_0005,trader_0022,ETH-USD,SELL,2178.02,613,613,0,2026-01-01T04:36:01Z
order_00014913,batch_0005,trader_0010,ETH-USD,SELL,2178.19,445,445,0,2026-01-01T04:08:32Z
order_00015503,batch_0005,trader_0001,ETH-USD,SELL,2178.22,431,431,0,2026-01-01T04:18:22Z
order_00008335,batch_0005,trader_0025,ETH-USD,SELL,2178.54,57,57,0,2026-01-01T02:18:54Z
order_00012008,batch_0005,trader_0025,ETH-USD,SELL,2178.62,101,101,0,2026-01-01T03:20:07Z
order_00006886,batch_0005,trader_0011,ETH-USD,SELL,2178.81,536,536,0,2026-01-01T01:54:45Z
order_00009476,batch_0005,trader_0020,ETH-USD,SELL,2179.17,625,625,0,2026-01-01T02:37:55Z
order_00006714,batch_0005,trader_0021,ETH-USD,SELL,2179.41,701,701,0,2026-01-01T01:51:53Z
order_00015657,batch_0005,trader_0023,ETH-USD,SELL,2179.42,598,598,0,2026-01-01T04:20:56Z
order_00006926,batch_0005,trader_0022,ETH-USD,SELL,2179.45,979,979,0,2026-01-01T01:55:25Z
order_00010602,batch_0005,trader_0006,ETH-USD,SELL,2179.57,90,90,0,2026-01-01T02:56:41Z
order_00015664,batch_0005,trader_0017,ETH-USD,SELL,2179.72,977,977,0,2026-01-01T04:21:03Z
order_00012172,batch_0005,trader_0016,ETH-USD,SELL,2179.76,493,493,0,2026-01-01T03:22:51Z
order_00009370,batch_0005,trader_0019,ETH-USD,SELL,2179.79,489,489,0,2026-01-01T02:36:09Z
order_00011731,batch_0005,trader_0013,ETH-USD,SELL,2179.83,707,707,0,2026-01-01T03:15:30Z
order_00010444,batch_0005,trader_0017,ETH-USD,SELL,2179.85,297,297,0,2026-01-01T02:54:03Z
order_00011513,batch_0005,trader_0024,ETH-USD,SELL,2179.91,191,191,0,2026-01-01T03:11:52Z
order_00015289,batch_0005,trader_0001,ETH-USD,SELL,2179.92,243,243,0,2026-01-01T04:14:48Z
order_00010480,batch_0005,trader_0007,ETH-USD,SELL,2180.02,914,914,0,2026-01-01T02:54:39Z
order_00011649,batch_0005,trader_0018,ETH-USD,SELL,2180.21,366,366,0,2026-01-01T03:14:08Z
order_00014545,batch_0005,trader_0023,ETH-USD,SELL,2180.32,717,717,0,2026-01-01T04:02:24Z
order_00016445,batch_0005,trader_0024,ETH-USD,SELL,2180.37,182,182,0,2026-01-01T04:34:04Z
order_00010762,batch_0005,trader_0003,ETH-USD,SELL,2180.39,877,877,0,2026-01-01T02:59:21Z
order_00009141,batch_0005,trader_0007,ETH-USD,SELL,2180.43,308,308,0,2026-01-01T02:32:20Z
order_00014651,batch_0005,trader_0016,ETH-USD,SELL,2180.59,343,343,0,2026-01-01T04:04:10Z
order_00015906,batch_0005,trader_0011,ETH-USD,SELL,2180.65,179,179,0,2026-01-01T04:25:05Z
order_00006766,batch_0005,trader_0002,ETH-USD,SELL,2180.73,605,605,0,2026-01-01T01:52:45Z
order_00016583,batch_0005,trader_0005,ETH-USD,SELL,2180.75,984,984,0,2026-01-01T04:36:22Z
order_00014591,batch_0005,trader_0013,ETH-USD,SELL,2180.79,710,710,0,2026-01-01T04:03:10Z
order_00012270,batch_0005,trader_0014,ETH-USD,SELL,2180.82,618,618,0,2026-01-01T03:24:29Z
order_00012969,batch_0005,trader_0005,ETH-USD,SELL,2180.89,445,445,0,2026-01-01T03:36:08Z
order_00015893,batch_0005,trader_0003,ETH-USD,SELL,2181.07,573,573,0,2026-01-01T04:24:52Z
order_00012862,batch_0005,trader_0025,ETH-USD,SELL,2181.12,801,801,0,2026-01-01T03:34:21Z
order_00015504,batch_0005,trader_0024,ETH-USD,SELL,2181.14,443,443,0,2026-01-01T04:18:23Z
order_00011337,batch_0005,trader_0019,ETH-USD,SELL,2181.16,435,435,0,2026-01-01T03:08:56Z
order_00014156,batch_0005,trader_0012,ETH-USD,SELL,2181.37,126,126,0,2026-01-01T03:55:55Z
order_00008568,batch_0005,trader_0006,ETH-USD,SELL,2181.38,1000,1000,0,2026-01-01T02:22:47Z
order_00012871,batch_0005,trader_0008,ETH-USD,SELL,2181.47,731,731,0,2026-01-01T03:34:30Z
order_00010567,batch_0005,trader_0001,ETH-USD,SELL,2181.76,94,94,0,2026-01-01T02:56:06Z
order_00016007,batch_0005,trader_0018,ETH-USD,SELL,2181.76,529,529,0,2026-01-01T04:26:46Z
order_00010432,batch_0005,trader_0009,ETH-USD,SELL,2181.77,699,699,0,2026-01-01T02:53:51Z
order_00011373,batch_0005,trader_0016,ETH-USD,SELL,2181.9,250,250,0,2026-01-01T03:09:32Z
order_00014789,batch_0005,trader_0024,ETH-USD,SELL,2182.01,211,211,0,2026-01-01T04:06:28Z
order_00007740,batch_0005,trader_0022,ETH-USD,SELL,2182.15,780,780,0,2026-01-01T02:08:59Z
order_00014280,batch_0005,trader_0017,ETH-USD,SELL,2182.17,462,462,0,2026-01-01T03:57:59Z
order_00009276,batch_0005,trader_0002,ETH-USD,SELL,2182.22,704,704,0,2026-01-01T02:34:35Z
order_00011590,batch_0005,trader_0014,ETH-USD,SELL,2182.23,31,31,0,2026-01-01T03:13:09Z
order_00012911,batch_0005,trader_0012,ETH-USD,SELL,2182.38,530,530,0,2026-01-01T03:35:10Z
order_00014688,batch_0005,trader_0023,ETH-USD,SELL,2182.39,628,628,0,2026-01-01T04:04:47Z
order_00006614,batch_0005,trader_0015,ETH-USD,SELL,2182.73,160,160,0,2026-01-01T01:50:13Z
order_00013117,batch_0005,trader_0010,ETH-USD,SELL,2182.77,744,744,0,2026-01-01T03:38:36Z
order_00015437,batch_0005,trader_0012,ETH-USD,SELL,2182.82,673,673,0,2026-01-01T04:17:16Z
order_00008436,batch_0005,trader_0021,ETH-USD,SELL,2182.99,736,736,0,2026-01-01T02:20:35Z
order_00014157,batch_0005,trader_0012,ETH-USD,SELL,2182.99,939,939,0,2026-01-01T03:55:56Z
order_00012652,batch_0005,trader_0012,ETH-USD,SELL,2183.1,506,506,0,2026-01-01T03:30:51Z
order_00010955,batch_0005,trader_0017,ETH-USD,SELL,2183.11,794,794,0,2026-01-01T03:02:34Z
order_00007951,batch_0005,trader_0009,ETH-USD,SELL,2183.19,883,883,0,2026-01-01T02:12:30Z
order_00007548,batch_0005,trader_0014,ETH-USD,SELL,2183.28,830,830,0,2026-01-01T02:05:47Z
order_00013515,batch_0005,trader_0016,ETH-USD,SELL,2183.36,631,631,0,2026-01-01T03:45:14Z
order_00011187,batch_0005,trader_0009,ETH-USD,SELL,2183.43,474,474,0,2026-01-01T03:06:26Z
order_00011062,batch_0005,trader_0023,ETH-USD,SELL,2183.52,171,171,0,2026-01-01T03:04:21Z
order_00010016,batch_0005,trader_0004,ETH-USD,SELL,2183.54,903,903,0,2026-01-01T02:46:55Z
order_00011691,batch_0005,trader_0009,ETH-USD,SELL,2183.68,260,260,0,2026-01-01T03:14:50Z
order_00010080,batch_0005,trader_0025,ETH-USD,SELL,2183.75,220,220,0,2026-01-01T02:47:59Z
order_00016550,batch_0005,trader_0010,ETH-USD,SELL,2184.06,663,663,0,2026-01-01T04:35:49Z
order_00010341,batch_0005,trader_0022,ETH-USD,SELL,2184.11,129,129,0,2026-01-01T02:52:20Z
order_00011274,batch_0005,trader_0010,ETH-USD,SELL,2184.11,518,518,0,2026-01-01T03:07:53Z
order_00010126,batch_0005,trader_0013,ETH-USD,SELL,2184.14,526,526,0,2026-01-01T02:48:45Z
order_00009428,batch_0005,trader_0008,ETH-USD,SELL,2184.16,706,706,0,2026-01-01T02:37:07Z
order_00008002,batch_0005,trader_0003,ETH-USD,SELL,2184.21,201,201,0,2026-01-01T02:13:21Z
order_00014109,batch_0005,trader_0002,ETH-USD,SELL,2184.22,839,839,0,2026-01-01T03:55:08Z
order_00008359,batch_0005,trader_0018,ETH-USD,SELL,2184.23,653,653,0,2026-01-01T02:19:18Z
order_00013814,batch_0005,trader_0017,ETH-USD,SELL,2184.26,258,258,0,2026-01-01T03:50:13Z
order_00008165,batch_0005,trader_0008,ETH-USD,SELL,2184.38,630,630,0,2026-01-01T02:16:04Z
order_00011555,batch_0005,trader_0002,ETH-USD,SELL,2184.49,341,341,0,2026-01-01T03:12:34Z
order_00012616,batch_0005,trader_0021,ETH-USD,SELL,2184.5,359,359,0,2026-01-01T03:30:15Z
order_00007752,batch_0005,trader_0001,ETH-USD,SELL,2184.52,799,799,0,2026-01-01T02:09:11Z
order_00008738,batch_0005,trader_0013,ETH-USD,SELL,2184.52,152,152,0,2026-01-01T02:25:37Z
order_00008266,batch_0005,trader_0015,ETH-USD,SELL,2184.53,723,723,0,2026-01-01T02:17:45Z
order_00013925,batch_0005,trader_0009,ETH-USD,SELL,2184.56,934,934,0,2026-01-01T03:52:04Z
order_00008168,batch_0005,trader_0011,ETH-USD,SELL,2184.77,480,480,0,2026-01-01T02:16:07Z
order_00012412,batch_0005,trader_0023,ETH-USD,SELL,2184.92,991,991,0,2026-01-01T03:26:51Z
order_00012175,batch_0005,trader_0008,ETH-USD,SELL,2184.97,708,708,0,2026-01-01T03:22:54Z
order_00016139,batch_0005,trader_0004,ETH-USD,SELL,2185.08,645,645,0,2026-01-01T04:28:58Z
order_00015550,batch_0005,trader_0017,ETH-USD,SELL,2185.12,419,419,0,2026-01-01T04:19:09Z
order_00009466,batch_0005,trader_0003,ETH-USD,SELL,2185.24,97,97,0,2026-01-01T02:37:45Z
order_00015615,batch_0005,trader_0010,ETH-USD,SELL,2185.27,658,658,0,2026-01-01T04:20:14Z
order_00014938,batch_0005,trader_0025,ETH-USD,SELL,2185.31,614,614,0,2026-01-01T04:08:57Z
order_00010317,batch_0005,trader_0011,ETH-USD,SELL,2185.33,112,112,0,2026-01-01T02:51:56Z
order_00010386,batch_0005,trader_0020,ETH-USD,SELL,2185.36,533,533,0,2026-01-01T02:53:05Z
order_00008616,batch_0005,trader_0003,ETH-USD,SELL,2185.39,415,415,0,2026-01-01T02:23:35Z
order_00009900,batch_0005,trader_0016,ETH-USD,SELL,2185.46,534,534,0,2026-01-01T02:44:59Z
order_00016320,batch_0005,trader_0019,ETH-USD,SELL,2185.49,23,23,0,2026-01-01T04:31:59Z
order_00009326,batch_0005,trader_0017,ETH-USD,SELL,2185.56,585,585,0,2026-01-01T02:35:25Z
order_00009386,batch_0005,trader_0012,ETH-USD,SELL,2185.58,431,431,0,2026-01-01T02:36:25Z
order_00008744,batch_0005,trader_0021,ETH-USD,SELL,2185.6,592,592,0,2026-01-01T02:25:43Z
order_00014178,batch_0005,trader_0012,ETH-USD,SELL,2185.81,29,29,0,2026-01-01T03:56:17Z
order_00013104,batch_0005,trader_0017,ETH-USD,SELL,2185.82,284,284,0,2026-01-01T03:38:23Z
order_00013379,batch_0005,trader_0022,ETH-USD,SELL,2185.82,98,98,0,2026-01-01T03:42:58Z
order_00014478,batch_0005,trader_0015,ETH-USD,SELL,2185.83,809,809,0,2026-01-01T04:01:17Z
order_00007278,batch_0005,trader_0019,ETH-USD,SELL,2185.9,618,618,0,2026-01-01T02:01:17Z
order_00015705,batch_0005,trader_0005,ETH-USD,SELL,2185.9,666,666,0,2026-01-01T04:21:44Z
order_00007188,batch_0005,trader_0020,ETH-USD,SELL,2185.93,766,766,0,2026-01-01T01:59:47Z
order_00009684,batch_0005,trader_0022,ETH-USD,SELL,2186.03,854,854,0,2026-01-01T02:41:23Z
order_00014507,batch_0005,trader_0022,ETH-USD,SELL,2186.08,122,122,0,2026-01-01T04:01:46Z
order_00011503,batch_0005,trader_0021,ETH-USD,SELL,2186.1,353,353,0,2026-01-01T03:11:42Z
order_00009855,batch_0005,trader_0003,ETH-USD,SELL,2186.21,699,699,0,2026-01-01T02:44:14Z
order_00012790,batch_0005,trader_0004,ETH-USD,SELL,2186.25,689,689,0,2026-01-01T03:33:09Z
order_00009249,batch_0005,trader_0015,ETH-USD,SELL,2186.36,745,745,0,2026-01-01T02:34:08Z
order_00014342,batch_0005,trader_0007,ETH-USD,SELL,2186.39,894,894,0,2026-01-01T03:59:01Z
order_00006684,batch_0005,trader_0005,ETH-USD,SELL,2186.4,184,184,0,2026-01-01T01:51:23Z
order_00008052,batch_0005,trader_0002,ETH-USD,SELL,2186.42,622,622,0,2026-01-01T02:14:11Z
order_00009039,batch_0005,trader_0015,ETH-USD,SELL,2186.44,64,64,0,2026-01-01T02:30:38Z
order_00014399,batch_0005,trader_0013,ETH-USD,SELL,2186.5,648,648,0,2026-01-01T03:59:58Z
order_00011332,batch_0005,trader_0011,ETH-USD,SELL,2186.55,509,509,0,2026-01-01T03:08:51Z
order_00016321,batch_0005,trader_0010,ETH-USD,SELL,2186.68,468,468,0,2026-01-01T04:32:00Z
order_00015241,batch_0005,trader_0004,ETH-USD,SELL,2186.71,445,445,0,2026-01-01T04:14:00Z
order_00010680,batch_0005,trader_0009,ETH-USD,SELL,2186.79,631,631,0,2026-01-01T02:57:59Z
order_00007524,batch_0005,trader_0006,ETH-USD,SELL,2186.87,545,545,0,2026-01-01T02:05:23Z
order_00015196,batch_0005,trader_0023,ETH-USD,SELL,2186.96,585,585,0,2026-01-01T04:13:15Z
order_00011102,batch_0005,trader_0006,ETH-USD,SELL,2187.04,140,140,0,2026-01-01T03:05:01Z
order_00006633,batch_0005,trader_0022,ETH-USD,SELL,2187.12,497,497,0,2026-01-01T01:50:32Z
order_00009988,batch_0005,trader_0025,ETH-USD,SELL,2187.15,243,243,0,2026-01-01T02:46:27Z
order_00009962,batch_0005,trader_0014,ETH-USD,SELL,2187.33,328,328,0,2026-01-01T02:46:01Z
order_00007065,batch_0005,trader_0025,ETH-USD,SELL,2187.42,801,801,0,2026-01-01T01:57:44Z
order_00011807,batch_0005,trader_0013,ETH-USD,SELL,2187.44,514,514,0,2026-01-01T03:16:46Z
order_00013092,batch_0005,trader_0001,ETH-USD,SELL,2187.54,471,471,0,2026-01-01T03:38:11Z
order_00008799,batch_0005,trader_0001,ETH-USD,SELL,2187.75,20,20,0,2026-01-01T02:26:38Z
order_00011114,batch_0005,trader_0018,ETH-USD,SELL,2187.77,652,652,0,2026-01-01T03:05:13Z
order_00011861,batch_0005,trader_0021,ETH-USD,SELL,2187.81,551,551,0,2026-01-01T03:17:40Z
order_00013684,batch_0005,trader_0014,ETH-USD,SELL,2187.85,739,739,0,2026-01-01T03:48:03Z
order_00014808,batch_0005,trader_0005,ETH-USD,SELL,2188.04,267,267,0,2026-01-01T04:06:47Z
order_00007201,batch_0005,trader_0017,ETH-USD,SELL,2188.26,166,166,0,2026-01-01T02:00:00Z
order_00014945,batch_0005,trader_0004,ETH-USD,SELL,2188.33,494,494,0,2026-01-01T04:09:04Z
order_00007358,batch_0005,trader_0025,ETH-USD,SELL,2188.36,130,130,0,2026-01-01T02:02:37Z
order_00010241,batch_0005,trader_0008,ETH-USD,SELL,2188.38,546,546,0,2026-01-01T02:50:40Z
order_00006933,batch_0005,trader_0014,ETH-USD,SELL,2188.43,173,173,0,2026-01-01T01:55:32Z
order_00007035,batch_0005,trader_0025,ETH-USD,SELL,2188.44,248,248,0,2026-01-01T01:57:14Z
order_00016403,batch_0005,trader_0002,ETH-USD,SELL,2188.5,816,816,0,2026-01-01T04:33:22Z
order_00009306,batch_0005,trader_0016,ETH-USD,SELL,2188.52,859,859,0,2026-01-01T02:35:05Z
order_00012630,batch_0005,trader_0002,ETH-USD,SELL,2188.64,651,651,0,2026-01-01T03:30:29Z
order_00014056,batch_0005,trader_0002,ETH-USD,SELL,2188.77,841,841,0,2026-01-01T03:54:15Z
order_00010267,batch_0005,trader_0019,ETH-USD,SELL,2188.82,551,551,0,2026-01-01T02:51:06Z
order_00013481,batch_0005,trader_0017,ETH-USD,SELL,2188.83,560,560,0,2026-01-01T03:44:40Z
order_00007620,batch_0005,trader_0011,ETH-USD,SELL,2188.84,865,865,0,2026-01-01T02:06:59Z
order_00010486,batch_0005,trader_0017,ETH-USD,SELL,2188.89,262,262,0,2026-01-01T02:54:45Z
order_00013408,batch_0005,trader_0025,ETH-USD,SELL,2188.92,700,700,0,2026-01-01T03:43:27Z
order_00006643,batch_0005,trader_0018,ETH-USD,SELL,2189.02,886,886,0,2026-01-01T01:50:42Z
order_00015988,batch_0005,trader_0021,ETH-USD,SELL,2189.03,749,749,0,2026-01-01T04:26:27Z
order_00010509,batch_0005,trader_0002,ETH-USD,SELL,2189.07,493,493,0,2026-01-01T02:55:08Z
order_00012351,batch_0005,trader_0009,ETH-USD,SELL,2189.17,640,640,0,2026-01-01T03:25:50Z
order_00011076,batch_0005,trader_0025,ETH-USD,SELL,2189.19,667,667,0,2026-01-01T03:04:35Z
order_00015626,batch_0005,trader_0015,ETH-USD,SELL,2189.41,364,364,0,2026-01-01T04:20:25Z
order_00012884,batch_0005,trader_0003,ETH-USD,SELL,2189.43,20,20,0,2026-01-01T03:34:43Z
order_00011632,batch_0005,trader_0016,ETH-USD,SELL,2189.58,188,188,0,2026-01-01T03:13:51Z
order_00010210,batch_0005,trader_0002,ETH-USD,SELL,2189.6,166,166,0,2026-01-01T02:50:09Z
order_00007866,batch_0005,trader_0018,ETH-USD,SELL,2189.63,168,168,0,2026-01-01T02:11:05Z
order_00011670,batch_0005,trader_0007,ETH-USD,SELL,2189.63,419,419,0,2026-01-01T03:14:29Z
order_00008698,batch_0005,trader_0008,ETH-USD,SELL,2189.9,643,643,0,2026-01-01T02:24:57Z
order_00009894,batch_0005,trader_0021,ETH-USD,SELL,2189.91,646,646,0,2026-01-01T02:44:53Z
order_00015742,batch_0005,trader_0001,ETH-USD,SELL,2189.94,357,357,0,2026-01-01T04:22:21Z
order_00012462,batch_0005,trader_0009,ETH-USD,SELL,2189.98,611,611,0,2026-01-01T03:27:41Z
order_00010409,batch_0005,trader_0012,ETH-USD,SELL,2190.19,771,771,0,2026-01-01T02:53:28Z
order_00011414,batch_0005,trader_0017,ETH-USD,SELL,2190.4,246,246,0,2026-01-01T03:10:13Z
order_00009124,batch_0005,trader_0001,ETH-USD,SELL,2190.51,380,380,0,2026-01-01T02:32:03Z
order_00012792,batch_0005,trader_0006,ETH-USD,SELL,2190.51,826,826,0,2026-01-01T03:33:11Z
order_00009489,batch_0005,trader_0005,ETH-USD,SELL,2190.54,808,808,0,2026-01-01T02:38:08Z
order_00015706,batch_0005,trader_0021,ETH-USD,SELL,2190.59,288,288,0,2026-01-01T04:21:45Z
order_00014058,batch_0005,trader_0020,ETH-USD,SELL,2190.6,694,694,0,2026-01-01T03:54:17Z
order_00011325,batch_0005,trader_0011,ETH-USD,SELL,2190.66,399,399,0,2026-01-01T03:08:44Z
order_00014321,batch_0005,trader_0008,ETH-USD,SELL,2190.74,533,533,0,2026-01-01T03:58:40Z
order_00015032,batch_0005,trader_0008,ETH-USD,SELL,2190.78,769,769,0,2026-01-01T04:10:31Z
order_00008951,batch_0005,trader_0018,ETH-USD,SELL,2190.84,88,88,0,2026-01-01T02:29:10Z
order_00014459,batch_0005,trader_0020,ETH-USD,SELL,2190.89,356,356,0,2026-01-01T04:00:58Z
order_00016198,batch_0005,trader_0005,ETH-USD,SELL,2190.93,685,685,0,2026-01-01T04:29:57Z
order_00009156,batch_0005,trader_0009,ETH-USD,SELL,2190.96,748,748,0,2026-01-01T02:32:35Z
order_00015114,batch_0005,trader_0020,ETH-USD,SELL,2190.99,743,743,0,2026-01-01T04:11:53Z
order_00011314,batch_0005,trader_0008,ETH-USD,SELL,2191.23,782,782,0,2026-01-01T03:08:33Z
order_00011552,batch_0005,trader_0019,ETH-USD,SELL,2191.26,336,336,0,2026-01-01T03:12:31Z
order_00013738,batch_0005,trader_0021,ETH-USD,SELL,2191.33,144,144,0,2026-01-01T03:48:57Z
order_00011372,batch_0005,trader_0022,ETH-USD,SELL,2191.35,720,720,0,2026-01-01T03:09:31Z
order_00007541,batch_0005,trader_0004,ETH-USD,SELL,2191.49,298,298,0,2026-01-01T02:05:40Z
order_00006669,batch_0005,trader_0002,ETH-USD,SELL,2191.6,997,997,0,2026-01-01T01:51:08Z
order_00008691,batch_0005,trader_0021,ETH-USD,SELL,2191.61,967,967,0,2026-01-01T02:24:50Z
order_00006725,batch_0005,trader_0023,ETH-USD,SELL,2191.62,43,43,0,2026-01-01T01:52:04Z
order_00009412,batch_0005,trader_0014,ETH-USD,SELL,2191.88,613,613,0,2026-01-01T02:36:51Z
order_00008307,batch_0005,trader_0011,ETH-USD,SELL,2192.01,918,918,0,2026-01-01T02:18:26Z
order_00013914,batch_0005,trader_0013,ETH-USD,SELL,2192.04,387,387,0,2026-01-01T03:51:53Z
order_00008495,batch_0005,trader_0014,ETH-USD,SELL,2192.26,135,135,0,2026-01-01T02:21:34Z
order_00006948,batch_0005,trader_0006,ETH-USD,SELL,2192.28,28,28,0,2026-01-01T01:55:47Z
order_00012401,batch_0005,trader_0013,ETH-USD,SELL,2192.33,250,250,0,2026-01-01T03:26:40Z
order_00007437,batch_0005,trader_0017,ETH-USD,SELL,2192.38,435,435,0,2026-01-01T02:03:56Z
order_00007802,batch_0005,trader_0009,ETH-USD,SELL,2192.58,864,864,0,2026-01-01T02:10:01Z
order_00012857,batch_0005,trader_0022,ETH-USD,SELL,2192.62,342,342,0,2026-01-01T03:34:16Z
order_00012646,batch_0005,trader_0012,ETH-USD,SELL,2192.72,230,230,0,2026-01-01T03:30:45Z
order_00007122,batch_0005,trader_0013,ETH-USD,SELL,2192.73,393,393,0,2026-01-01T01:58:41Z
order_00016239,batch_0005,trader_0020,ETH-USD,SELL,2192.94,114,114,0,2026-01-01T04:30:38Z
order_00012237,batch_0005,trader_0013,ETH-USD,SELL,2193.01,661,661,0,2026-01-01T03:23:56Z
order_00009884,batch_0005,trader_0019,ETH-USD,SELL,2193.1,223,223,0,2026-01-01T02:44:43Z
order_00013431,batch_0005,trader_0008,ETH-USD,SELL,2193.12,403,403,0,2026-01-01T03:43:50Z
order_00008449,batch_0005,trader_0008,ETH-USD,SELL,2193.18,85,85,0,2026-01-01T02:20:48Z
order_00014041,batch_0005,trader_0010,ETH-USD,SELL,2193.19,308,308,0,2026-01-01T03:54:00Z
order_00016170,batch_0005,trader_0025,ETH-USD,SELL,2193.27,169,169,0,2026-01-01T04:29:29Z
order_00014934,batch_0005,trader_0007,ETH-USD,SELL,2193.3,177,177,0,2026-01-01T04:08:53Z
order_00009826,batch_0005,trader_0018,ETH-USD,SELL,2193.31,615,615,0,2026-01-01T02:43:45Z
order_00014039,batch_0005,trader_0008,ETH-USD,SELL,2193.31,823,823,0,2026-01-01T03:53:58Z
order_00007892,batch_0005,trader_0019,ETH-USD,SELL,2193.35,656,656,0,2026-01-01T02:11:31Z
order_00010949,batch_0005,trader_0024,ETH-USD,SELL,2193.63,576,576,0,2026-01-01T03:02:28Z
order_00011719,batch_0005,trader_0015,ETH-USD,SELL,2193.69,488,488,0,2026-01-01T03:15:18Z
order_00016206,batch_0005,trader_0012,ETH-USD,SELL,2193.79,957,957,0,2026-01-01T04:30:05Z
order_00014680,batch_0005,trader_0021,ETH-USD,SELL,2193.81,970,970,0,2026-01-01T04:04:39Z
order_00016407,batch_0005,trader_0019,ETH-USD,SELL,2193.89,817,817,0,2026-01-01T04:33:26Z
order_00011905,batch_0005,trader_0002,ETH-USD,SELL,2194.26,483,483,0,2026-01-01T03:18:24Z
order_00013253,batch_0005,trader_0020,ETH-USD,SELL,2194.27,723,723,0,2026-01-01T03:40:52Z
order_00012023,batch_0005,trader_0021,ETH-USD,SELL,2194.29,381,381,0,2026-01-01T03:20:22Z
order_00010455,batch_0005,trader_0023,ETH-USD,SELL,2194.3,183,183,0,2026-01-01T02:54:14Z
order_00014937,batch_0005,trader_0025,ETH-USD,SELL,2194.34,166,166,0,2026-01-01T04:08:56Z
order_00016022,batch_0005,trader_0002,ETH-USD,SELL,2194.36,393,393,0,2026-01-01T04:27:01Z
order_00010561,batch_0005,trader_0009,ETH-USD,SELL,2194.49,836,836,0,2026-01-01T02:56:00Z
order_00012668,batch_0005,trader_0007,ETH-USD,SELL,2194.51,393,393,0,2026-01-01T03:31:07Z
order_00006692,batch_0005,trader_0001,ETH-USD,SELL,2194.58,323,323,0,2026-01-01T01:51:31Z
order_00010552,batch_0005,trader_0003,ETH-USD,SELL,2194.64,908,908,0,2026-01-01T02:55:51Z
order_00010273,batch_0005,trader_0006,ETH-USD,SELL,2194.87,70,70,0,2026-01-01T02:51:12Z
order_00013968,batch_0005,trader_0019,ETH-USD,SELL,2194.91,775,775,0,2026-01-01T03:52:47Z
order_00015205,batch_0005,trader_0010,ETH-USD,SELL,2195.04,431,431,0,2026-01-01T04:13:24Z
order_00014227,batch_0005,trader_0021,ETH-USD,SELL,2195.07,709,709,0,2026-01-01T03:57:06Z
order_00012165,batch_0005,trader_0004,ETH-USD,SELL,2195.1,92,92,0,2026-01-01T03:22:44Z
order_00006734,batch_0005,trader_0005,ETH-USD,SELL,2195.12,689,689,0,2026-01-01T01:52:13Z
order_00007757,batch_0005,trader_0020,ETH-USD,SELL,2195.13,724,724,0,2026-01-01T02:09:16Z
order_00012242,batch_0005,trader_0007,ETH-USD,SELL,2195.27,824,824,0,2026-01-01T03:24:01Z
order_00008630,batch_0005,trader_0015,ETH-USD,SELL,2195.29,26,26,0,2026-01-01T02:23:49Z
order_00014454,batch_0005,trader_0008,ETH-USD,SELL,2195.3,715,715,0,2026-01-01T04:00:53Z
order_00007517,batch_0005,trader_0011,ETH-USD,SELL,2195.34,203,203,0,2026-01-01T02:05:16Z
order_00009848,batch_0005,trader_0024,ETH-USD,SELL,2195.4,309,309,0,2026-01-01T02:44:07Z
order_00008528,batch_0005,trader_0012,ETH-USD,SELL,2195.46,644,644,0,2026-01-01T02:22:07Z
order_00015278,batch_0005,trader_0023,ETH-USD,SELL,2195.57,898,898,0,2026-01-01T04:14:37Z
order_00010460,batch_0005,trader_0005,ETH-USD,SELL,2195.6,190,190,0,2026-01-01T02:54:19Z
order_00016442,batch_0005,trader_0012,ETH-USD,SELL,2195.65,790,790,0,2026-01-01T04:34:01Z
order_00015410,batch_0005,trader_0009,ETH-USD,SELL,2195.66,536,536,0,2026-01-01T04:16:49Z
order_00011455,batch_0005,trader_0002,ETH-USD,SELL,2195.7,931,931,0,2026-01-01T03:10:54Z
order_00007836,batch_0005,trader_0001,ETH-USD,SELL,2195.88,427,427,0,2026-01-01T02:10:35Z
order_00010007,batch_0005,trader_0008,ETH-USD,SELL,2195.94,28,28,0,2026-01-01T02:46:46Z
order_00013183,batch_0005,trader_0013,ETH-USD,SELL,2196.07,619,619,0,2026-01-01T03:39:42Z
order_00013921,batch_0005,trader_0020,ETH-USD,SELL,2196.21,818,818,0,2026-01-01T03:52:00Z
order_00008126,batch_0005,trader_0021,ETH-USD,SELL,2196.23,845,845,0,2026-01-01T02:15:25Z
order_00011404,batch_0005,trader_0008,ETH-USD,SELL,2196.28,892,892,0,2026-01-01T03:10:03Z
order_00011192,batch_0005,trader_0007,ETH-USD,SELL,2196.35,585,585,0,2026-01-01T03:06:31Z
order_00006650,batch_0005,trader_0013,ETH-USD,SELL,2196.42,159,159,0,2026-01-01T01:50:49Z
order_00014402,batch_0005,trader_0008,ETH-USD,SELL,2196.42,887,887,0,2026-01-01T04:00:01Z
order_00009028,batch_0005,trader_0007,ETH-USD,SELL,2196.45,596,596,0,2026-01-01T02:30:27Z
order_00010711,batch_0005,trader_0017,ETH-USD,SELL,2196.48,264,264,0,2026-01-01T02:58:30Z
order_00014072,batch_0005,trader_0020,ETH-USD,SELL,2196.48,863,863,0,2026-01-01T03:54:31Z
order_00016356,batch_0005,trader_0024,ETH-USD,SELL,2196.49,24,24,0,2026-01-01T04:32:35Z
order_00010718,batch_0005,trader_0024,ETH-USD,SELL,2196.51,673,673,0,2026-01-01T02:58:37Z
order_00014516,batch_0005,trader_0022,ETH-USD,SELL,2196.56,473,473,0,2026-01-01T04:01:55Z
order_00009380,batch_0005,trader_0007,ETH-USD,SELL,2196.82,539,539,0,2026-01-01T02:36:19Z
order_00015939,batch_0005,trader_0020,ETH-USD,SELL,2196.97,744,744,0,2026-01-01T04:25:38Z
order_00009315,batch_0005,trader_0019,ETH-USD,SELL,2197.1,563,563,0,2026-01-01T02:35:14Z
order_00009270,batch_0005,trader_0007,ETH-USD,SELL,2197.13,664,664,0,2026-01-01T02:34:29Z
order_00006828,batch_0005,trader_0024,ETH-USD,SELL,2197.16,443,443,0,2026-01-01T01:53:47Z
order_00007777,batch_0005,trader_0007,ETH-USD,SELL,2197.26,97,97,0,2026-01-01T02:09:36Z
order_00016392,batch_0005,trader_0023,ETH-USD,SELL,2197.3,385,385,0,2026-01-01T04:33:11Z
order_00009570,batch_0005,trader_0017,ETH-USD,SELL,2197.35,353,353,0,2026-01-01T02:39:29Z
order_00013817,batch_0005,trader_0015,ETH-USD,SELL,2197.35,100,100,0,2026-01-01T03:50:16Z
order_00012500,batch_0005,trader_0015,ETH-USD,SELL,2197.36,468,468,0,2026-01-01T03:28:19Z
order_00013081,batch_0005,trader_0023,ETH-USD,SELL,2197.36,237,237,0,2026-01-01T03:38:00Z
order_00009288,batch_0005,trader_0004,ETH-USD,SELL,2197.42,588,588,0,2026-01-01T02:34:47Z
order_00011436,batch_0005,trader_0014,ETH-USD,SELL,2197.43,640,640,0,2026-01-01T03:10:35Z
order_00013160,batch_0005,trader_0023,ETH-USD,SELL,2197.45,282,282,0,2026-01-01T03:39:19Z
order_00012327,batch_0005,trader_0002,ETH-USD,SELL,2197.56,32,32,0,2026-01-01T03:25:26Z
order_00007774,batch_0005,trader_0001,ETH-USD,SELL,2197.96,105,105,0,2026-01-01T02:09:33Z
order_00011366,batch_0005,trader_0023,ETH-USD,SELL,2197.96,265,265,0,2026-01-01T03:09:25Z
order_00012778,batch_0005,trader_0003,ETH-USD,SELL,2198.16,186,186,0,2026-01-01T03:32:57Z
order_00012280,batch_0005,trader_0019,ETH-USD,SELL,2198.18,82,82,0,2026-01-01T03:24:39Z
order_00009001,batch_0005,trader_0011,ETH-USD,SELL,2198.19,685,685,0,2026-01-01T02:30:00Z
order_00016053,batch_0005,trader_0024,ETH-USD,SELL,2198.59,892,892,0,2026-01-01T04:27:32Z
order_00009491,batch_0005,trader_0012,ETH-USD,SELL,2198.66,607,607,0,2026-01-01T02:38:10Z
order_00010391,batch_0005,trader_0017,ETH-USD,SELL,2198.67,977,977,0,2026-01-01T02:53:10Z
order_00009444,batch_0005,trader_0006,ETH-USD,SELL,2198.7,182,182,0,2026-01-01T02:37:23Z
order_00016401,batch_0005,trader_0009,ETH-USD,SELL,2198.99,461,461,0,2026-01-01T04:33:20Z
order_00007327,batch_0005,trader_0005,ETH-USD,SELL,2199.0,594,594,0,2026-01-01T02:02:06Z
order_00007537,batch_0005,trader_0002,ETH-USD,SELL,2199.15,884,884,0,2026-01-01T02:05:36Z
order_00009538,batch_0005,trader_0022,ETH-USD,SELL,2199.17,647,647,0,2026-01-01T02:38:57Z
order_00007996,batch_0005,trader_0013,ETH-USD,SELL,2199.18,995,995,0,2026-01-01T02:13:15Z
order_00012313,batch_0005,trader_0015,ETH-USD,SELL,2199.29,718,718,0,2026-01-01T03:25:12Z
order_00010964,batch_0005,trader_0014,ETH-USD,SELL,2199.37,301,301,0,2026-01-01T03:02:43Z
order_00015540,batch_0005,trader_0021,ETH-USD,SELL,2199.43,111,111,0,2026-01-01T04:18:59Z
order_00011197,batch_0005,trader_0013,ETH-USD,SELL,2199.54,783,783,0,2026-01-01T03:06:36Z
order_00007848,batch_0005,trader_0020,ETH-USD,SELL,2199.59,960,960,0,2026-01-01T02:10:47Z
order_00013763,batch_0005,trader_0010,ETH-USD,SELL,2199.68,178,178,0,2026-01-01T03:49:22Z
order_00012756,batch_0005,trader_0023,ETH-USD,SELL,2199.86,96,96,0,2026-01-01T03:32:35Z
order_00015937,batch_0005,trader_0018,ETH-USD,SELL,2199.93,724,724,0,2026-01-01T04:25:36Z
