batch_id,buy_order_id,sell_order_id,symbol,execution_price,executed_quantity,execution_timestamp
batch_0004,order_00005070,order_00004424,ETH-USD,1800.09,204,2026-01-01T01:24:29Z
batch_0004,order_00006251,order_00004424,ETH-USD,1800.09,64,2026-01-01T01:44:10Z
batch_0004,order_00002407,order_00004424,ETH-USD,1800.09,362,2026-01-01T01:13:43Z
batch_0004,order_00002407,order_00005153,ETH-USD,1800.17,257,2026-01-01T01:25:52Z
batch_0004,order_00003261,order_00005153,ETH-USD,1800.17,659,2026-01-01T01:25:52Z
batch_0004,order_00003261,order_00005905,ETH-USD,1800.25,49,2026-01-01T01:38:24Z
batch_0004,order_00003261,order_00005589,ETH-USD,1800.57,73,2026-01-01T01:33:08Z
batch_0004,order_00002087,order_00005589,ETH-USD,1800.57,106,2026-01-01T01:33:08Z
batch_0004,order_00002087,order_00006588,ETH-USD,1800.59,257,2026-01-01T01:49:47Z
batch_0004,order_00004423,order_00006588,ETH-USD,1800.59,40,2026-01-01T01:49:47Z
batch_0004,order_00002577,order_00006588,ETH-USD,1800.59,40,2026-01-01T01:49:47Z
batch_0004,order_00002577,order_00004419,ETH-USD,1800.83,53,2026-01-01T01:13:38Z
batch_0004,order_00002577,order_00002815,ETH-USD,1800.87,597,2026-01-01T00:46:54Z
batch_0004,order_00005442,order_00002815,ETH-USD,1800.87,211,2026-01-01T01:30:41Z
batch_0004,order_00005442,order_00006515,ETH-USD,1801.29,687,2026-01-01T01:48:34Z
batch_0004,order_00001742,order_00006515,ETH-USD,1801.29,294,2026-01-01T01:48:34Z
batch_0004,order_00001742,order_00005288,ETH-USD,1801.46,36,2026-01-01T01:28:07Z
batch_0004,order_00001742,order_00004044,ETH-USD,1801.54,11,2026-01-01T01:07:23Z
batch_0004,order_00004361,order_00004044,ETH-USD,1801.54,83,2026-01-01T01:12:40Z
batch_0004,order_00004361,order_00005338,ETH-USD,1802.02,287,2026-01-01T01:28:57Z
batch_0004,order_00004361,order_00005932,ETH-USD,1802.44,245,2026-01-01T01:38:51Z
batch_0004,order_00004298,order_00005932,ETH-USD,1802.44,76,2026-01-01T01:38:51Z
batch_0004,order_00004298,order_00001604,ETH-USD,1802.45,745,2026-01-01T01:11:37Z
batch_0004,order_00006396,order_00001604,ETH-USD,1802.45,41,2026-01-01T01:46:35Z
batch_0004,order_00006396,order_00005210,ETH-USD,1802.45,62,2026-01-01T01:46:35Z
batch_0004,order_00006396,order_00004788,ETH-USD,1802.61,2,2026-01-01T01:46:35Z
batch_0004,order_00006396,order_00001898,ETH-USD,1802.65,91,2026-01-01T01:46:35Z
batch_0004,order_00006396,order_00003877,ETH-USD,1802.71,312,2026-01-01T01:46:35Z
batch_0004,order_00005341,order_00003877,ETH-USD,1802.71,140,2026-01-01T01:29:00Z
batch_0004,order_00003564,order_00003877,ETH-USD,1802.71,217,2026-01-01T01:04:36Z
batch_0004,order_00001991,order_00003877,ETH-USD,1802.71,215,2026-01-01T01:04:36Z
batch_0004,order_00001991,order_00003590,ETH-USD,1802.75,72,2026-01-01T00:59:49Z
batch_0004,order_00001991,order_00004056,ETH-USD,1802.79,67,2026-01-01T01:07:35Z
batch_0004,order_00005212,order_00004056,ETH-USD,1802.79,477,2026-01-01T01:26:51Z
batch_0004,order_00005212,order_00004948,ETH-USD,1802.83,30,2026-01-01T01:26:51Z
batch_0004,order_00004893,order_00004948,ETH-USD,1802.83,631,2026-01-01T01:22:27Z
batch_0004,order_00004893,order_00002313,ETH-USD,1802.85,215,2026-01-01T01:21:32Z
batch_0004,order_00004893,order_00004449,ETH-USD,1802.98,36,2026-01-01T01:21:32Z
batch_0004,order_00005536,order_00004449,ETH-USD,1802.98,153,2026-01-01T01:32:15Z
batch_0004,order_00005536,order_00002889,ETH-USD,1803.18,331,2026-01-01T01:32:15Z
batch_0004,order_00002439,order_00002889,ETH-USD,1803.18,8,2026-01-01T00:48:08Z
batch_0004,order_00005491,order_00002889,ETH-USD,1803.18,166,2026-01-01T01:31:30Z
batch_0004,order_00005035,order_00002889,ETH-USD,1803.18,70,2026-01-01T01:23:54Z
batch_0004,order_00005035,order_00002308,ETH-USD,1803.75,75,2026-01-01T01:23:54Z
batch_0004,order_00003282,order_00002308,ETH-USD,1803.75,171,2026-01-01T00:54:41Z
batch_0004,order_00004257,order_00002308,ETH-USD,1803.75,210,2026-01-01T01:10:56Z
batch_0004,order_00004257,order_00006134,ETH-USD,1803.87,316,2026-01-01T01:42:13Z
batch_0004,order_00001896,order_00006134,ETH-USD,1803.87,487,2026-01-01T01:42:13Z
batch_0004,order_00003674,order_00006134,ETH-USD,1803.87,127,2026-01-01T01:42:13Z
batch_0004,order_00003674,order_00002910,ETH-USD,1803.97,160,2026-01-01T01:01:13Z
batch_0004,order_00001796,order_00002910,ETH-USD,1803.97,683,2026-01-01T00:48:29Z
batch_0004,order_00001796,order_00006438,ETH-USD,1803.97,97,2026-01-01T01:47:17Z
batch_0004,order_00002912,order_00006438,ETH-USD,1803.97,267,2026-01-01T01:47:17Z
batch_0004,order_00002912,order_00005478,ETH-USD,1804.08,414,2026-01-01T01:31:17Z
batch_0004,order_00006451,order_00005478,ETH-USD,1804.08,304,2026-01-01T01:47:30Z
batch_0004,order_00006451,order_00006014,ETH-USD,1804.17,82,2026-01-01T01:47:30Z
batch_0004,order_00006451,order_00003455,ETH-USD,1804.18,218,2026-01-01T01:47:30Z
batch_0004,order_00005428,order_00003455,ETH-USD,1804.18,218,2026-01-01T01:30:27Z
batch_0004,order_00005269,order_00003455,ETH-USD,1804.18,116,2026-01-01T01:27:48Z
batch_0004,order_00004742,order_00003455,ETH-USD,1804.18,256,2026-01-01T01:19:01Z
batch_0004,order_00004742,order_00004813,ETH-USD,1804.26,285,2026-01-01T01:20:12Z
batch_0004,order_00003892,order_00004813,ETH-USD,1804.26,191,2026-01-01T01:20:12Z
batch_0004,order_00003892,order_00006375,ETH-USD,1804.31,702,2026-01-01T01:46:14Z
batch_0004,order_00003892,order_00006471,ETH-USD,1804.58,94,2026-01-01T01:47:50Z
batch_0004,order_00003178,order_00006471,ETH-USD,1804.58,515,2026-01-01T01:47:50Z
batch_0004,order_00003178,order_00002792,ETH-USD,1804.72,425,2026-01-01T00:52:57Z
batch_0004,order_00006015,order_00002792,ETH-USD,1804.72,403,2026-01-01T01:40:14Z
batch_0004,order_00006015,order_00006173,ETH-USD,1804.82,185,2026-01-01T01:42:52Z
batch_0004,order_00001951,order_00006173,ETH-USD,1804.82,496,2026-01-01T01:42:52Z
batch_0004,order_00001951,order_00003623,ETH-USD,1804.88,284,2026-01-01T01:00:22Z
batch_0004,order_00004221,order_00003623,ETH-USD,1804.88,619,2026-01-01T01:10:20Z
batch_0004,order_00004420,order_00003623,ETH-USD,1804.88,26,2026-01-01T01:13:39Z
batch_0004,order_00004420,order_00006492,ETH-USD,1804.97,118,2026-01-01T01:48:11Z
batch_0004,order_00004420,order_00003812,ETH-USD,1805.17,86,2026-01-01T01:13:39Z
batch_0004,order_00004420,order_00005417,ETH-USD,1805.22,69,2026-01-01T01:30:16Z
batch_0004,order_00003277,order_00005417,ETH-USD,1805.22,518,2026-01-01T01:30:16Z
batch_0004,order_00002147,order_00005417,ETH-USD,1805.22,5,2026-01-01T01:30:16Z
batch_0004,order_00002147,order_00005479,ETH-USD,1805.22,753,2026-01-01T01:31:18Z
batch_0004,order_00002147,order_00006068,ETH-USD,1805.57,7,2026-01-01T01:41:07Z
batch_0004,order_00004021,order_00006068,ETH-USD,1805.57,287,2026-01-01T01:41:07Z
batch_0004,order_00004295,order_00006068,ETH-USD,1805.57,53,2026-01-01T01:41:07Z
batch_0004,order_00005546,order_00006068,ETH-USD,1805.57,114,2026-01-01T01:41:07Z
batch_0004,order_00005546,order_00004827,ETH-USD,1805.61,77,2026-01-01T01:32:25Z
batch_0004,order_00005546,order_00003760,ETH-USD,1805.73,187,2026-01-01T01:32:25Z
batch_0004,order_00005546,order_00001774,ETH-USD,1805.75,134,2026-01-01T01:32:25Z
batch_0004,order_00005546,order_00003360,ETH-USD,1805.9,21,2026-01-01T01:32:25Z
batch_0004,order_00005546,order_00004780,ETH-USD,1805.97,222,2026-01-01T01:32:25Z
batch_0004,order_00005546,order_00004750,ETH-USD,1806.31,136,2026-01-01T01:32:25Z
batch_0004,order_00004783,order_00004750,ETH-USD,1806.31,345,2026-01-01T01:19:42Z
batch_0004,order_00005529,order_00004750,ETH-USD,1806.31,383,2026-01-01T01:32:08Z
batch_0004,order_00005226,order_00004750,ETH-USD,1806.31,94,2026-01-01T01:27:05Z
batch_0004,order_00005226,order_00004019,ETH-USD,1806.38,507,2026-01-01T01:27:05Z
batch_0004,order_00005226,order_00003041,ETH-USD,1806.64,170,2026-01-01T01:27:05Z
batch_0004,order_00002271,order_00003041,ETH-USD,1806.64,77,2026-01-01T00:50:40Z
batch_0004,order_00002271,order_00003442,ETH-USD,1806.67,41,2026-01-01T00:57:21Z
batch_0004,order_00005175,order_00003442,ETH-USD,1806.67,268,2026-01-01T01:26:14Z
batch_0004,order_00002881,order_00003442,ETH-USD,1806.67,447,2026-01-01T00:57:21Z
batch_0004,order_00002881,order_00005606,ETH-USD,1806.75,38,2026-01-01T01:33:25Z
batch_0004,order_00004026,order_00005606,ETH-USD,1806.75,483,2026-01-01T01:33:25Z
batch_0004,order_00004026,order_00004342,ETH-USD,1806.87,242,2026-01-01T01:12:21Z
batch_0004,order_00004026,order_00003368,ETH-USD,1806.89,168,2026-01-01T01:07:05Z
batch_0004,order_00001961,order_00003368,ETH-USD,1806.89,224,2026-01-01T00:56:07Z
batch_0004,order_00001961,order_00005066,ETH-USD,1806.97,26,2026-01-01T01:24:25Z
batch_0004,order_00001961,order_00003005,ETH-USD,1807.13,292,2026-01-01T00:50:04Z
batch_0004,order_00001961,order_00004492,ETH-USD,1807.29,63,2026-01-01T01:14:51Z
batch_0004,order_00005944,order_00004492,ETH-USD,1807.29,119,2026-01-01T01:39:03Z
batch_0004,order_00005627,order_00004492,ETH-USD,1807.29,439,2026-01-01T01:33:46Z
batch_0004,order_00001795,order_00004492,ETH-USD,1807.29,122,2026-01-01T01:14:51Z
batch_0004,order_00001795,order_00003703,ETH-USD,1807.55,400,2026-01-01T01:01:42Z
batch_0004,order_00001795,order_00004094,ETH-USD,1807.76,21,2026-01-01T01:08:13Z
batch_0004,order_00002358,order_00004094,ETH-USD,1807.76,201,2026-01-01T01:08:13Z
batch_0004,order_00004817,order_00004094,ETH-USD,1807.76,588,2026-01-01T01:20:16Z
batch_0004,order_00005634,order_00004094,ETH-USD,1807.76,102,2026-01-01T01:33:53Z
batch_0004,order_00005634,order_00005913,ETH-USD,1807.8,344,2026-01-01T01:38:32Z
batch_0004,order_00006536,order_00005913,ETH-USD,1807.8,298,2026-01-01T01:48:55Z
batch_0004,order_00003547,order_00005913,ETH-USD,1807.8,293,2026-01-01T01:38:32Z
batch_0004,order_00003547,order_00004622,ETH-USD,1808.01,517,2026-01-01T01:17:01Z
batch_0004,order_00006224,order_00004622,ETH-USD,1808.01,339,2026-01-01T01:43:43Z
batch_0004,order_00006224,order_00006010,ETH-USD,1808.27,84,2026-01-01T01:43:43Z
batch_0004,order_00003649,order_00006010,ETH-USD,1808.27,685,2026-01-01T01:40:09Z
batch_0004,order_00003649,order_00004726,ETH-USD,1808.5,230,2026-01-01T01:18:45Z
batch_0004,order_00004830,order_00004726,ETH-USD,1808.5,416,2026-01-01T01:20:29Z
batch_0004,order_00004830,order_00003682,ETH-USD,1808.74,537,2026-01-01T01:20:29Z
batch_0004,order_00002821,order_00003682,ETH-USD,1808.74,170,2026-01-01T01:01:21Z
batch_0004,order_00002821,order_00005109,ETH-USD,1808.97,541,2026-01-01T01:25:08Z
batch_0004,order_00005293,order_00005109,ETH-USD,1808.97,444,2026-01-01T01:28:12Z
batch_0004,order_00003386,order_00005109,ETH-USD,1808.97,1,2026-01-01T01:25:08Z
batch_0004,order_00003386,order_00004687,ETH-USD,1809.0,890,2026-01-01T01:18:06Z
batch_0004,order_00002921,order_00004687,ETH-USD,1809.0,51,2026-01-01T01:18:06Z
batch_0004,order_00002921,order_00004206,ETH-USD,1809.4,145,2026-01-01T01:10:05Z
batch_0004,order_00002355,order_00004206,ETH-USD,1809.4,51,2026-01-01T01:10:05Z
batch_0004,order_00002355,order_00004378,ETH-USD,1809.66,327,2026-01-01T01:12:57Z
batch_0004,order_00002038,order_00004378,ETH-USD,1809.66,54,2026-01-01T01:12:57Z
batch_0004,order_00002038,order_00004325,ETH-USD,1809.71,166,2026-01-01T01:12:04Z
batch_0004,order_00003414,order_00004325,ETH-USD,1809.71,818,2026-01-01T01:12:04Z
batch_0004,order_00003414,order_00005571,ETH-USD,1809.83,65,2026-01-01T01:32:50Z
batch_0004,order_00003414,order_00004377,ETH-USD,1809.87,35,2026-01-01T01:12:56Z
batch_0004,order_00002569,order_00004377,ETH-USD,1809.87,27,2026-01-01T01:12:56Z
batch_0004,order_00002569,order_00003959,ETH-USD,1810.12,20,2026-01-01T01:05:58Z
batch_0004,order_00001856,order_00003959,ETH-USD,1810.12,427,2026-01-01T01:05:58Z
batch_0004,order_00003784,order_00003959,ETH-USD,1810.12,3,2026-01-01T01:05:58Z
batch_0004,order_00003784,order_00005564,ETH-USD,1810.13,693,2026-01-01T01:32:43Z
batch_0004,order_00003784,order_00002346,ETH-USD,1810.39,287,2026-01-01T01:03:03Z
batch_0004,order_00004849,order_00002346,ETH-USD,1810.39,408,2026-01-01T01:20:48Z
batch_0004,order_00006361,order_00002346,ETH-USD,1810.39,107,2026-01-01T01:46:00Z
batch_0004,order_00006361,order_00003850,ETH-USD,1810.54,17,2026-01-01T01:46:00Z
batch_0004,order_00003468,order_00003850,ETH-USD,1810.54,264,2026-01-01T01:04:09Z
batch_0004,order_00003468,order_00002455,ETH-USD,1810.69,453,2026-01-01T00:57:47Z
batch_0004,order_00003013,order_00002455,ETH-USD,1810.69,21,2026-01-01T00:50:12Z
batch_0004,order_00003013,order_00006574,ETH-USD,1810.71,461,2026-01-01T01:49:33Z
batch_0004,order_00003013,order_00003501,ETH-USD,1810.76,175,2026-01-01T00:58:20Z
batch_0004,order_00006338,order_00003501,ETH-USD,1810.76,426,2026-01-01T01:45:37Z
batch_0004,order_00006338,order_00004733,ETH-USD,1810.91,136,2026-01-01T01:45:37Z
batch_0004,order_00003366,order_00004733,ETH-USD,1810.91,228,2026-01-01T01:18:52Z
batch_0004,order_00004040,order_00004733,ETH-USD,1810.91,418,2026-01-01T01:18:52Z
batch_0004,order_00004040,order_00005103,ETH-USD,1810.97,224,2026-01-01T01:25:02Z
batch_0004,order_00003828,order_00005103,ETH-USD,1810.97,452,2026-01-01T01:25:02Z
batch_0004,order_00003828,order_00002531,ETH-USD,1811.3,545,2026-01-01T01:03:47Z
batch_0004,order_00004091,order_00002531,ETH-USD,1811.3,131,2026-01-01T01:08:10Z
batch_0004,order_00005496,order_00002531,ETH-USD,1811.3,17,2026-01-01T01:31:35Z
batch_0004,order_00005496,order_00003826,ETH-USD,1811.35,822,2026-01-01T01:31:35Z
batch_0004,order_00005496,order_00003740,ETH-USD,1811.4,24,2026-01-01T01:31:35Z
batch_0004,order_00005852,order_00003740,ETH-USD,1811.4,313,2026-01-01T01:37:31Z
batch_0004,order_00002122,order_00003740,ETH-USD,1811.4,3,2026-01-01T01:02:19Z
batch_0004,order_00002122,order_00004965,ETH-USD,1811.71,243,2026-01-01T01:22:44Z
batch_0004,order_00005563,order_00004965,ETH-USD,1811.71,659,2026-01-01T01:32:42Z
batch_0004,order_00003770,order_00004965,ETH-USD,1811.71,27,2026-01-01T01:22:44Z
batch_0004,order_00006283,order_00004965,ETH-USD,1811.71,20,2026-01-01T01:44:42Z
batch_0004,order_00006283,order_00004708,ETH-USD,1811.76,385,2026-01-01T01:44:42Z
batch_0004,order_00004866,order_00004708,ETH-USD,1811.76,80,2026-01-01T01:21:05Z
batch_0004,order_00003808,order_00004708,ETH-USD,1811.76,366,2026-01-01T01:18:27Z
batch_0004,order_00003808,order_00005998,ETH-USD,1811.87,353,2026-01-01T01:39:57Z
batch_0004,order_00002013,order_00005998,ETH-USD,1811.87,301,2026-01-01T01:39:57Z
batch_0004,order_00002013,order_00006558,ETH-USD,1811.9,376,2026-01-01T01:49:17Z
batch_0004,order_00002274,order_00006558,ETH-USD,1811.9,78,2026-01-01T01:49:17Z
batch_0004,order_00002274,order_00004638,ETH-USD,1811.98,346,2026-01-01T01:17:17Z
batch_0004,order_00002274,order_00006342,ETH-USD,1812.08,206,2026-01-01T01:45:41Z
batch_0004,order_00005554,order_00006342,ETH-USD,1812.08,107,2026-01-01T01:45:41Z
batch_0004,order_00002049,order_00006342,ETH-USD,1812.08,398,2026-01-01T01:45:41Z
batch_0004,order_00002049,order_00002304,ETH-USD,1812.38,534,2026-01-01T00:38:23Z
batch_0004,order_00005257,order_00002304,ETH-USD,1812.38,18,2026-01-01T01:27:36Z
batch_0004,order_00005257,order_00004157,ETH-USD,1812.48,450,2026-01-01T01:27:36Z
batch_0004,order_00005904,order_00004157,ETH-USD,1812.48,424,2026-01-01T01:38:23Z
batch_0004,order_00005904,order_00005399,ETH-USD,1812.8,348,2026-01-01T01:38:23Z
batch_0004,order_00005904,order_00002429,ETH-USD,1812.82,176,2026-01-01T01:38:23Z
batch_0004,order_00002945,order_00002429,ETH-USD,1812.82,6,2026-01-01T00:49:04Z
batch_0004,order_00002945,order_00005075,ETH-USD,1812.83,20,2026-01-01T01:24:34Z
batch_0004,order_00002945,order_00001711,ETH-USD,1813.24,149,2026-01-01T00:49:04Z
batch_0004,order_00002299,order_00001711,ETH-USD,1813.24,471,2026-01-01T00:38:18Z
batch_0004,order_00004944,order_00001711,ETH-USD,1813.24,263,2026-01-01T01:22:23Z
batch_0004,order_00004944,order_00005242,ETH-USD,1813.28,200,2026-01-01T01:27:21Z
batch_0004,order_00004944,order_00001825,ETH-USD,1813.45,510,2026-01-01T01:22:23Z
batch_0004,order_00005750,order_00001825,ETH-USD,1813.45,7,2026-01-01T01:35:49Z
batch_0004,order_00005750,order_00003356,ETH-USD,1813.51,254,2026-01-01T01:35:49Z
batch_0004,order_00005750,order_00004854,ETH-USD,1813.56,534,2026-01-01T01:35:49Z
batch_0004,order_00006265,order_00004854,ETH-USD,1813.56,211,2026-01-01T01:44:24Z
batch_0004,order_00002989,order_00004854,ETH-USD,1813.56,35,2026-01-01T01:20:53Z
batch_0004,order_00002258,order_00004854,ETH-USD,1813.56,38,2026-01-01T01:20:53Z
batch_0004,order_00002258,order_00002044,ETH-USD,1813.92,9,2026-01-01T00:37:37Z
batch_0004,order_00004000,order_00002044,ETH-USD,1813.92,155,2026-01-01T01:06:39Z
batch_0004,order_00004586,order_00002044,ETH-USD,1813.92,442,2026-01-01T01:16:25Z
batch_0004,order_00004102,order_00002044,ETH-USD,1813.92,15,2026-01-01T01:08:21Z
batch_0004,order_00004102,order_00006063,ETH-USD,1814.05,265,2026-01-01T01:41:02Z
batch_0004,order_00006033,order_00006063,ETH-USD,1814.05,403,2026-01-01T01:41:02Z
batch_0004,order_00005422,order_00006063,ETH-USD,1814.05,181,2026-01-01T01:41:02Z
batch_0004,order_00005422,order_00002703,ETH-USD,1814.17,731,2026-01-01T01:30:21Z
batch_0004,order_00006219,order_00002703,ETH-USD,1814.17,79,2026-01-01T01:43:38Z
batch_0004,order_00001866,order_00002703,ETH-USD,1814.17,105,2026-01-01T00:45:02Z
batch_0004,order_00001866,order_00003606,ETH-USD,1814.3,362,2026-01-01T01:00:05Z
batch_0004,order_00006101,order_00003606,ETH-USD,1814.3,247,2026-01-01T01:41:40Z
batch_0004,order_00006101,order_00003007,ETH-USD,1814.8,95,2026-01-01T01:41:40Z
batch_0004,order_00002555,order_00003007,ETH-USD,1814.8,318,2026-01-01T00:50:06Z
batch_0004,order_00002555,order_00005016,ETH-USD,1814.81,220,2026-01-01T01:23:35Z
batch_0004,order_00002555,order_00003822,ETH-USD,1814.91,232,2026-01-01T01:03:41Z
batch_0004,order_00004076,order_00003822,ETH-USD,1814.91,304,2026-01-01T01:07:55Z
batch_0004,order_00004076,order_00005696,ETH-USD,1814.92,129,2026-01-01T01:34:55Z
batch_0004,order_00004076,order_00003155,ETH-USD,1814.97,118,2026-01-01T01:07:55Z
batch_0004,order_00004076,order_00004988,ETH-USD,1815.06,178,2026-01-01T01:23:07Z
batch_0004,order_00004076,order_00001750,ETH-USD,1815.13,121,2026-01-01T01:07:55Z
batch_0004,order_00004966,order_00001750,ETH-USD,1815.13,591,2026-01-01T01:22:45Z
batch_0004,order_00001915,order_00001750,ETH-USD,1815.13,244,2026-01-01T00:31:54Z
batch_0004,order_00001915,order_00003964,ETH-USD,1815.37,380,2026-01-01T01:06:03Z
batch_0004,order_00001915,order_00004453,ETH-USD,1815.38,310,2026-01-01T01:14:12Z
batch_0004,order_00002578,order_00004453,ETH-USD,1815.38,118,2026-01-01T01:14:12Z
batch_0004,order_00002578,order_00004467,ETH-USD,1815.48,339,2026-01-01T01:14:26Z
batch_0004,order_00003508,order_00004467,ETH-USD,1815.48,534,2026-01-01T01:14:26Z
batch_0004,order_00003508,order_00002498,ETH-USD,1815.84,448,2026-01-01T00:58:27Z
batch_0004,order_00006294,order_00002498,ETH-USD,1815.84,331,2026-01-01T01:44:53Z
batch_0004,order_00006294,order_00002883,ETH-USD,1815.84,500,2026-01-01T01:44:53Z
batch_0004,order_00006294,order_00006473,ETH-USD,1815.9,133,2026-01-01T01:47:52Z
batch_0004,order_00005640,order_00006473,ETH-USD,1815.9,322,2026-01-01T01:47:52Z
batch_0004,order_00005640,order_00004301,ETH-USD,1815.97,210,2026-01-01T01:33:59Z
batch_0004,order_00005640,order_00003481,ETH-USD,1816.05,48,2026-01-01T01:33:59Z
batch_0004,order_00003328,order_00003481,ETH-USD,1816.05,260,2026-01-01T00:58:00Z
batch_0004,order_00003328,order_00004422,ETH-USD,1816.17,90,2026-01-01T01:13:41Z
batch_0004,order_00003328,order_00005241,ETH-USD,1816.68,323,2026-01-01T01:27:20Z
batch_0004,order_00004810,order_00005241,ETH-USD,1816.68,136,2026-01-01T01:27:20Z
batch_0004,order_00005801,order_00005241,ETH-USD,1816.68,388,2026-01-01T01:36:40Z
batch_0004,order_00005801,order_00004212,ETH-USD,1816.75,395,2026-01-01T01:36:40Z
batch_0004,order_00005064,order_00004212,ETH-USD,1816.75,213,2026-01-01T01:24:23Z
batch_0004,order_00005064,order_00004730,ETH-USD,1816.86,331,2026-01-01T01:24:23Z
batch_0004,order_00005549,order_00004730,ETH-USD,1816.86,631,2026-01-01T01:32:28Z
batch_0004,order_00005549,order_00004177,ETH-USD,1817.65,53,2026-01-01T01:32:28Z
batch_0004,order_00002366,order_00004177,ETH-USD,1817.65,613,2026-01-01T01:09:36Z
batch_0004,order_00002366,order_00006161,ETH-USD,1817.89,174,2026-01-01T01:42:40Z
batch_0004,order_00002758,order_00006161,ETH-USD,1817.89,459,2026-01-01T01:42:40Z
batch_0004,order_00002758,order_00003149,ETH-USD,1817.97,70,2026-01-01T00:52:28Z
batch_0004,order_00002758,order_00005409,ETH-USD,1818.24,425,2026-01-01T01:30:08Z
batch_0004,order_00002273,order_00005409,ETH-USD,1818.24,14,2026-01-01T01:30:08Z
batch_0004,order_00002273,order_00002860,ETH-USD,1818.27,301,2026-01-01T00:47:39Z
batch_0004,order_00003580,order_00002860,ETH-USD,1818.27,94,2026-01-01T00:59:39Z
batch_0004,order_00002583,order_00002860,ETH-USD,1818.27,101,2026-01-01T00:47:39Z
batch_0004,order_00002583,order_00004584,ETH-USD,1818.32,333,2026-01-01T01:16:23Z
batch_0004,order_00002583,order_00004728,ETH-USD,1818.54,54,2026-01-01T01:18:47Z
batch_0004,order_00003645,order_00004728,ETH-USD,1818.54,291,2026-01-01T01:18:47Z
batch_0004,order_00003231,order_00004728,ETH-USD,1818.54,417,2026-01-01T01:18:47Z
batch_0004,order_00003231,order_00006482,ETH-USD,1818.71,282,2026-01-01T01:48:01Z
batch_0004,order_00004558,order_00006482,ETH-USD,1818.71,430,2026-01-01T01:48:01Z
batch_0004,order_00004558,order_00002672,ETH-USD,1819.19,71,2026-01-01T01:15:57Z
batch_0004,order_00004408,order_00002672,ETH-USD,1819.19,493,2026-01-01T01:13:27Z
batch_0004,order_00002717,order_00002672,ETH-USD,1819.19,204,2026-01-01T00:45:16Z
batch_0004,order_00002743,order_00002672,ETH-USD,1819.19,151,2026-01-01T00:45:42Z
batch_0004,order_00002743,order_00005975,ETH-USD,1819.29,108,2026-01-01T01:39:34Z
batch_0004,order_00005223,order_00005975,ETH-USD,1819.29,7,2026-01-01T01:39:34Z
batch_0004,order_00005223,order_00003091,ETH-USD,1819.96,1,2026-01-01T01:27:02Z
batch_0004,order_00005223,order_00004335,ETH-USD,1820.03,264,2026-01-01T01:27:02Z
batch_0004,order_00003308,order_00004335,ETH-USD,1820.03,303,2026-01-01T01:12:14Z
batch_0004,order_00003308,order_00006093,ETH-USD,1820.1,221,2026-01-01T01:41:32Z
batch_0004,order_00003308,order_00003988,ETH-USD,1820.35,423,2026-01-01T01:06:27Z
batch_0004,order_00003308,order_00002947,ETH-USD,1820.63,18,2026-01-01T00:55:07Z
batch_0004,order_00003871,order_00002947,ETH-USD,1820.63,259,2026-01-01T01:04:30Z
batch_0004,order_00004078,order_00002947,ETH-USD,1820.63,446,2026-01-01T01:07:57Z
batch_0004,order_00003957,order_00002947,ETH-USD,1820.63,126,2026-01-01T01:05:56Z
batch_0004,order_00003957,order_00006250,ETH-USD,1821.15,31,2026-01-01T01:44:09Z
batch_0004,order_00004680,order_00006250,ETH-USD,1821.15,364,2026-01-01T01:44:09Z
batch_0004,order_00003648,order_00001675,ETH-USD,1821.25,775,2026-01-01T01:00:47Z
batch_0004,order_00001851,order_00001675,ETH-USD,1821.25,217,2026-01-01T00:30:50Z
batch_0004,order_00001851,order_00004746,ETH-USD,1821.36,128,2026-01-01T01:19:05Z
batch_0004,order_00001851,order_00005010,ETH-USD,1821.4,143,2026-01-01T01:23:29Z
batch_0004,order_00001851,order_00002045,ETH-USD,1821.87,202,2026-01-01T00:34:04Z
batch_0004,order_00005339,order_00002045,ETH-USD,1821.87,668,2026-01-01T01:28:58Z
batch_0004,order_00003081,order_00002045,ETH-USD,1821.87,94,2026-01-01T00:51:20Z
batch_0004,order_00003081,order_00006178,ETH-USD,1823.42,98,2026-01-01T01:42:57Z
batch_0004,order_00003081,order_00005177,ETH-USD,1823.44,185,2026-01-01T01:26:16Z
batch_0004,order_00003081,order_00006389,ETH-USD,1823.8,51,2026-01-01T01:46:28Z
batch_0004,order_00005227,order_00006389,ETH-USD,1823.8,389,2026-01-01T01:46:28Z
batch_0004,order_00005227,order_00006532,ETH-USD,1823.92,304,2026-01-01T01:48:51Z
batch_0004,order_00002787,order_00006532,ETH-USD,1823.92,503,2026-01-01T01:48:51Z
batch_0004,order_00004357,order_00006532,ETH-USD,1823.92,154,2026-01-01T01:48:51Z
batch_0004,order_00004357,order_00006100,ETH-USD,1823.97,31,2026-01-01T01:41:39Z
batch_0004,order_00004357,order_00003246,ETH-USD,1824.33,234,2026-01-01T01:12:36Z
batch_0004,order_00004357,order_00006436,ETH-USD,1824.43,244,2026-01-01T01:47:15Z
batch_0004,order_00005311,order_00006436,ETH-USD,1824.43,23,2026-01-01T01:47:15Z
batch_0004,order_00005056,order_00006436,ETH-USD,1824.43,10,2026-01-01T01:47:15Z
batch_0004,order_00005056,order_00005691,ETH-USD,1824.48,133,2026-01-01T01:34:50Z
batch_0004,order_00005056,order_00005896,ETH-USD,1824.48,639,2026-01-01T01:38:15Z
batch_0004,order_00005418,order_00005896,ETH-USD,1824.48,285,2026-01-01T01:38:15Z
batch_0004,order_00005418,order_00003446,ETH-USD,1824.59,154,2026-01-01T01:30:17Z
batch_0004,order_00004957,order_00003446,ETH-USD,1824.59,532,2026-01-01T01:22:36Z
batch_0004,order_00004957,order_00005281,ETH-USD,1824.68,53,2026-01-01T01:28:00Z
batch_0004,order_00003374,order_00005281,ETH-USD,1824.68,243,2026-01-01T01:28:00Z
batch_0004,order_00003374,order_00003182,ETH-USD,1824.93,643,2026-01-01T00:56:13Z
batch_0004,order_00002572,order_00003182,ETH-USD,1824.93,257,2026-01-01T00:53:01Z
batch_0004,order_00002572,order_00001778,ETH-USD,1825.24,226,2026-01-01T00:42:51Z
batch_0004,order_00002572,order_00003769,ETH-USD,1825.25,270,2026-01-01T01:02:48Z
batch_0004,order_00002572,order_00004962,ETH-USD,1825.33,180,2026-01-01T01:22:41Z
batch_0004,order_00002572,order_00002169,ETH-USD,1825.4,21,2026-01-01T00:42:51Z
batch_0004,order_00005982,order_00002169,ETH-USD,1825.4,546,2026-01-01T01:39:41Z
batch_0004,order_00005982,order_00005807,ETH-USD,1825.69,161,2026-01-01T01:39:41Z
batch_0004,order_00005982,order_00001962,ETH-USD,1825.88,63,2026-01-01T01:39:41Z
batch_0004,order_00001791,order_00001962,ETH-USD,1825.88,110,2026-01-01T00:32:41Z
batch_0004,order_00001791,order_00006240,ETH-USD,1825.91,135,2026-01-01T01:43:59Z
batch_0004,order_00005827,order_00006240,ETH-USD,1825.91,498,2026-01-01T01:43:59Z
batch_0004,order_00006255,order_00006240,ETH-USD,1825.91,109,2026-01-01T01:44:14Z
batch_0004,order_00006255,order_00006288,ETH-USD,1826.52,366,2026-01-01T01:44:47Z
batch_0004,order_00006255,order_00002057,ETH-USD,1826.55,467,2026-01-01T01:44:14Z
batch_0004,order_00003735,order_00002057,ETH-USD,1826.55,52,2026-01-01T01:02:14Z
batch_0004,order_00003735,order_00003789,ETH-USD,1826.73,127,2026-01-01T01:03:08Z
batch_0004,order_00003900,order_00003789,ETH-USD,1826.73,40,2026-01-01T01:04:59Z
batch_0004,order_00004918,order_00003789,ETH-USD,1826.73,141,2026-01-01T01:21:57Z
batch_0004,order_00002961,order_00003789,ETH-USD,1826.73,85,2026-01-01T01:03:08Z
batch_0004,order_00005709,order_00003789,ETH-USD,1826.73,229,2026-01-01T01:35:08Z
batch_0004,order_00002477,order_00003789,ETH-USD,1826.73,213,2026-01-01T01:03:08Z
batch_0004,order_00004880,order_00003789,ETH-USD,1826.73,148,2026-01-01T01:21:19Z
batch_0004,order_00004880,order_00001842,ETH-USD,1826.8,39,2026-01-01T01:21:19Z
batch_0004,order_00002914,order_00001842,ETH-USD,1826.8,470,2026-01-01T00:48:33Z
batch_0004,order_00004346,order_00001842,ETH-USD,1826.8,213,2026-01-01T01:12:25Z
batch_0004,order_00004346,order_00004343,ETH-USD,1826.95,79,2026-01-01T01:12:25Z
batch_0004,order_00004346,order_00005744,ETH-USD,1827.24,255,2026-01-01T01:35:43Z
batch_0004,order_00004518,order_00005744,ETH-USD,1827.24,141,2026-01-01T01:35:43Z
batch_0004,order_00005162,order_00005744,ETH-USD,1827.24,74,2026-01-01T01:35:43Z
batch_0004,order_00005162,order_00001971,ETH-USD,1827.29,851,2026-01-01T01:26:01Z
batch_0004,order_00005162,order_00005960,ETH-USD,1827.33,9,2026-01-01T01:39:19Z
batch_0004,order_00005519,order_00005960,ETH-USD,1827.33,562,2026-01-01T01:39:19Z
batch_0004,order_00005519,order_00002359,ETH-USD,1827.36,76,2026-01-01T01:31:58Z
batch_0004,order_00006128,order_00002359,ETH-USD,1827.36,729,2026-01-01T01:42:07Z
batch_0004,order_00006128,order_00006111,ETH-USD,1827.36,250,2026-01-01T01:42:07Z
batch_0004,order_00006095,order_00006111,ETH-USD,1827.36,738,2026-01-01T01:41:50Z
batch_0004,order_00006095,order_00004484,ETH-USD,1827.44,219,2026-01-01T01:41:34Z
batch_0004,order_00003711,order_00004484,ETH-USD,1827.44,323,2026-01-01T01:14:43Z
batch_0004,order_00003402,order_00004484,ETH-USD,1827.44,15,2026-01-01T01:14:43Z
batch_0004,order_00001875,order_00004484,ETH-USD,1827.44,98,2026-01-01T01:14:43Z
batch_0004,order_00001875,order_00004225,ETH-USD,1827.64,372,2026-01-01T01:10:24Z
batch_0004,order_00006582,order_00004225,ETH-USD,1827.64,84,2026-01-01T01:49:41Z
batch_0004,order_00006582,order_00005247,ETH-USD,1827.65,528,2026-01-01T01:49:41Z
batch_0004,order_00006582,order_00003894,ETH-USD,1827.76,269,2026-01-01T01:49:41Z
batch_0004,order_00003146,order_00003894,ETH-USD,1827.76,611,2026-01-01T01:04:53Z
batch_0004,order_00003146,order_00001754,ETH-USD,1828.04,115,2026-01-01T00:52:25Z
batch_0004,order_00002103,order_00001754,ETH-USD,1828.04,690,2026-01-01T00:35:02Z
batch_0004,order_00002103,order_00003941,ETH-USD,1828.21,227,2026-01-01T01:05:40Z
batch_0004,order_00002189,order_00003941,ETH-USD,1828.21,2,2026-01-01T01:05:40Z
batch_0004,order_00002189,order_00004255,ETH-USD,1828.37,50,2026-01-01T01:10:54Z
batch_0004,order_00002403,order_00004255,ETH-USD,1828.37,284,2026-01-01T01:10:54Z
batch_0004,order_00006050,order_00004255,ETH-USD,1828.37,217,2026-01-01T01:40:49Z
batch_0004,order_00002529,order_00004255,ETH-USD,1828.37,273,2026-01-01T01:10:54Z
batch_0004,order_00002529,order_00002524,ETH-USD,1828.49,122,2026-01-01T00:42:08Z
batch_0004,order_00005135,order_00002524,ETH-USD,1828.49,481,2026-01-01T01:25:34Z
batch_0004,order_00005135,order_00002612,ETH-USD,1828.73,139,2026-01-01T01:25:34Z
batch_0004,order_00004409,order_00002612,ETH-USD,1828.73,262,2026-01-01T01:13:28Z
batch_0004,order_00004409,order_00004549,ETH-USD,1828.88,60,2026-01-01T01:15:48Z
batch_0004,order_00004405,order_00004549,ETH-USD,1828.88,157,2026-01-01T01:15:48Z
batch_0004,order_00004476,order_00004549,ETH-USD,1828.88,241,2026-01-01T01:15:48Z
batch_0004,order_00002751,order_00004549,ETH-USD,1828.88,291,2026-01-01T01:15:48Z
batch_0004,order_00002751,order_00005238,ETH-USD,1829.11,166,2026-01-01T01:27:17Z
batch_0004,order_00003022,order_00005238,ETH-USD,1829.11,175,2026-01-01T01:27:17Z
batch_0004,order_00004393,order_00005238,ETH-USD,1829.11,170,2026-01-01T01:27:17Z
batch_0004,order_00006461,order_00005238,ETH-USD,1829.11,313,2026-01-01T01:47:40Z
batch_0004,order_00001623,order_00005238,ETH-USD,1829.11,16,2026-01-01T01:27:17Z
batch_0004,order_00001623,order_00005990,ETH-USD,1829.59,333,2026-01-01T01:39:49Z
batch_0004,order_00005441,order_00005990,ETH-USD,1829.59,526,2026-01-01T01:39:49Z
batch_0004,order_00005441,order_00003787,ETH-USD,1829.95,1,2026-01-01T01:30:40Z
batch_0004,order_00005441,order_00005824,ETH-USD,1830.04,184,2026-01-01T01:37:03Z
batch_0004,order_00005441,order_00003062,ETH-USD,1830.79,288,2026-01-01T01:30:40Z
batch_0004,order_00001928,order_00003062,ETH-USD,1830.79,135,2026-01-01T00:51:01Z
batch_0004,order_00002613,order_00003062,ETH-USD,1830.79,480,2026-01-01T00:51:01Z
batch_0004,order_00002613,order_00005527,ETH-USD,1831.02,234,2026-01-01T01:32:06Z
batch_0004,order_00006122,order_00005527,ETH-USD,1831.02,13,2026-01-01T01:42:01Z
batch_0004,order_00006122,order_00004156,ETH-USD,1831.07,218,2026-01-01T01:42:01Z
batch_0004,order_00002584,order_00004156,ETH-USD,1831.07,37,2026-01-01T01:09:15Z
batch_0004,order_00002584,order_00003313,ETH-USD,1831.63,103,2026-01-01T00:55:12Z
batch_0004,order_00001800,order_00003313,ETH-USD,1831.63,687,2026-01-01T00:55:12Z
batch_0004,order_00003584,order_00003313,ETH-USD,1831.63,33,2026-01-01T00:59:43Z
batch_0004,order_00003584,order_00004794,ETH-USD,1832.04,286,2026-01-01T01:19:53Z
batch_0004,order_00003584,order_00004025,ETH-USD,1832.1,411,2026-01-01T01:07:04Z
batch_0004,order_00006264,order_00004025,ETH-USD,1832.1,265,2026-01-01T01:44:23Z
batch_0004,order_00006264,order_00002536,ETH-USD,1832.14,109,2026-01-01T01:44:23Z
batch_0004,order_00003287,order_00002536,ETH-USD,1832.14,757,2026-01-01T00:54:46Z
batch_0004,order_00001947,order_00002536,ETH-USD,1832.14,57,2026-01-01T00:42:15Z
batch_0004,order_00001947,order_00001759,ETH-USD,1832.18,163,2026-01-01T00:32:26Z
batch_0004,order_00003998,order_00001759,ETH-USD,1832.18,9,2026-01-01T01:06:37Z
batch_0004,order_00001939,order_00001759,ETH-USD,1832.18,127,2026-01-01T00:32:18Z
batch_0004,order_00005917,order_00001759,ETH-USD,1832.18,50,2026-01-01T01:38:36Z
batch_0004,order_00005917,order_00004043,ETH-USD,1832.46,228,2026-01-01T01:38:36Z
batch_0004,order_00002443,order_00004043,ETH-USD,1832.46,721,2026-01-01T01:07:22Z
batch_0004,order_00002443,order_00006545,ETH-USD,1832.51,182,2026-01-01T01:49:04Z
batch_0004,order_00006474,order_00006545,ETH-USD,1832.51,269,2026-01-01T01:49:04Z
batch_0004,order_00002326,order_00006545,ETH-USD,1832.51,285,2026-01-01T01:49:04Z
batch_0004,order_00004592,order_00006545,ETH-USD,1832.51,12,2026-01-01T01:49:04Z
batch_0004,order_00004703,order_00006545,ETH-USD,1832.51,47,2026-01-01T01:49:04Z
batch_0004,order_00004703,order_00003383,ETH-USD,1832.57,39,2026-01-01T01:18:22Z
batch_0004,order_00002138,order_00003383,ETH-USD,1832.57,79,2026-01-01T00:56:22Z
batch_0004,order_00001649,order_00003383,ETH-USD,1832.57,633,2026-01-01T00:56:22Z
batch_0004,order_00001649,order_00004193,ETH-USD,1832.7,84,2026-01-01T01:09:52Z
batch_0004,order_00002520,order_00004193,ETH-USD,1832.7,159,2026-01-01T01:09:52Z
batch_0004,order_00004334,order_00004193,ETH-USD,1832.7,163,2026-01-01T01:12:13Z
batch_0004,order_00004334,order_00004678,ETH-USD,1832.87,258,2026-01-01T01:17:57Z
batch_0004,order_00004334,order_00006163,ETH-USD,1832.88,304,2026-01-01T01:42:42Z
batch_0004,order_00004667,order_00006163,ETH-USD,1832.88,570,2026-01-01T01:42:42Z
batch_0004,order_00004034,order_00006163,ETH-USD,1832.88,100,2026-01-01T01:42:42Z
batch_0004,order_00004034,order_00005005,ETH-USD,1833.06,482,2026-01-01T01:23:24Z
batch_0004,order_00004034,order_00004416,ETH-USD,1833.15,101,2026-01-01T01:13:35Z
batch_0004,order_00003495,order_00004416,ETH-USD,1833.15,218,2026-01-01T01:13:35Z
batch_0004,order_00006186,order_00004416,ETH-USD,1833.15,555,2026-01-01T01:43:05Z
batch_0004,order_00006186,order_00004018,ETH-USD,1833.23,254,2026-01-01T01:43:05Z
batch_0004,order_00002965,order_00004018,ETH-USD,1833.23,371,2026-01-01T01:06:57Z
batch_0004,order_00004330,order_00004018,ETH-USD,1833.23,181,2026-01-01T01:12:09Z
batch_0004,order_00004330,order_00002143,ETH-USD,1833.32,47,2026-01-01T01:12:09Z
batch_0004,order_00004330,order_00002886,ETH-USD,1833.4,148,2026-01-01T01:12:09Z
batch_0004,order_00006302,order_00002886,ETH-USD,1833.4,235,2026-01-01T01:45:01Z
batch_0004,order_00006302,order_00003373,ETH-USD,1833.45,143,2026-01-01T01:45:01Z
batch_0004,order_00005098,order_00003373,ETH-USD,1833.45,843,2026-01-01T01:24:57Z
batch_0004,order_00001923,order_00003373,ETH-USD,1833.45,14,2026-01-01T00:56:12Z
batch_0004,order_00001923,order_00005105,ETH-USD,1833.48,819,2026-01-01T01:25:04Z
batch_0004,order_00001923,order_00002134,ETH-USD,1833.59,111,2026-01-01T00:35:33Z
batch_0004,order_00004982,order_00002134,ETH-USD,1833.59,427,2026-01-01T01:23:01Z
batch_0004,order_00004982,order_00002067,ETH-USD,1833.76,113,2026-01-01T01:23:01Z
batch_0004,order_00003351,order_00002067,ETH-USD,1833.76,91,2026-01-01T00:55:50Z
batch_0004,order_00003351,order_00001684,ETH-USD,1833.87,75,2026-01-01T00:55:50Z
batch_0004,order_00004110,order_00001684,ETH-USD,1833.87,65,2026-01-01T01:08:29Z
batch_0004,order_00004110,order_00002809,ETH-USD,1833.92,730,2026-01-01T01:08:29Z
batch_0004,order_00003544,order_00002809,ETH-USD,1833.92,212,2026-01-01T00:59:03Z
batch_0004,order_00003544,order_00001763,ETH-USD,1833.94,197,2026-01-01T00:59:03Z
batch_0004,order_00002742,order_00001763,ETH-USD,1833.94,287,2026-01-01T00:45:41Z
batch_0004,order_00005045,order_00001763,ETH-USD,1833.94,15,2026-01-01T01:24:04Z
batch_0004,order_00005045,order_00001993,ETH-USD,1833.98,357,2026-01-01T01:24:04Z
batch_0004,order_00004713,order_00001993,ETH-USD,1833.98,250,2026-01-01T01:18:32Z
batch_0004,order_00004713,order_00003452,ETH-USD,1834.44,493,2026-01-01T01:18:32Z
batch_0004,order_00005375,order_00003452,ETH-USD,1834.44,221,2026-01-01T01:29:34Z
batch_0004,order_00005375,order_00005347,ETH-USD,1834.47,596,2026-01-01T01:29:34Z
batch_0004,order_00003367,order_00005347,ETH-USD,1834.47,77,2026-01-01T01:29:06Z
batch_0004,order_00003367,order_00006197,ETH-USD,1834.67,215,2026-01-01T01:43:16Z
batch_0004,order_00005593,order_00006197,ETH-USD,1834.67,94,2026-01-01T01:43:16Z
batch_0004,order_00004789,order_00006197,ETH-USD,1834.67,161,2026-01-01T01:43:16Z
batch_0004,order_00004789,order_00001886,ETH-USD,1834.95,240,2026-01-01T01:19:48Z
batch_0004,order_00002081,order_00001886,ETH-USD,1834.95,462,2026-01-01T00:34:40Z
batch_0004,order_00005455,order_00001886,ETH-USD,1834.95,279,2026-01-01T01:30:54Z
batch_0004,order_00005455,order_00005512,ETH-USD,1835.38,83,2026-01-01T01:31:51Z
batch_0004,order_00001699,order_00005512,ETH-USD,1835.38,38,2026-01-01T01:31:51Z
batch_0004,order_00001699,order_00002259,ETH-USD,1835.41,487,2026-01-01T00:37:38Z
batch_0004,order_00004278,order_00002259,ETH-USD,1835.41,175,2026-01-01T01:11:17Z
batch_0004,order_00004278,order_00003883,ETH-USD,1835.64,340,2026-01-01T01:11:17Z
batch_0004,order_00004278,order_00005011,ETH-USD,1835.69,435,2026-01-01T01:23:30Z
batch_0004,order_00004567,order_00005011,ETH-USD,1835.69,255,2026-01-01T01:23:30Z
batch_0004,order_00004567,order_00005296,ETH-USD,1836.12,194,2026-01-01T01:28:15Z
batch_0004,order_00005740,order_00005296,ETH-USD,1836.12,532,2026-01-01T01:35:39Z
batch_0004,order_00005740,order_00006028,ETH-USD,1836.14,433,2026-01-01T01:40:27Z
batch_0004,order_00005438,order_00006028,ETH-USD,1836.14,8,2026-01-01T01:40:27Z
batch_0004,order_00005438,order_00006566,ETH-USD,1836.17,475,2026-01-01T01:49:25Z
batch_0004,order_00005438,order_00001758,ETH-USD,1836.27,425,2026-01-01T01:30:37Z
batch_0004,order_00004058,order_00001758,ETH-USD,1836.27,238,2026-01-01T01:07:37Z
batch_0004,order_00004058,order_00005451,ETH-USD,1836.33,115,2026-01-01T01:30:50Z
batch_0004,order_00002785,order_00005451,ETH-USD,1836.33,3,2026-01-01T01:30:50Z
batch_0004,order_00002785,order_00006244,ETH-USD,1836.44,149,2026-01-01T01:44:03Z
batch_0004,order_00003956,order_00006244,ETH-USD,1836.44,38,2026-01-01T01:44:03Z
batch_0004,order_00003956,order_00003412,ETH-USD,1836.54,168,2026-01-01T01:05:55Z
batch_0004,order_00003938,order_00003412,ETH-USD,1836.54,54,2026-01-01T01:05:37Z
batch_0004,order_00003938,order_00005936,ETH-USD,1836.56,809,2026-01-01T01:38:55Z
batch_0004,order_00004367,order_00005936,ETH-USD,1836.56,17,2026-01-01T01:38:55Z
batch_0004,order_00002213,order_00005936,ETH-USD,1836.56,144,2026-01-01T01:38:55Z
batch_0004,order_00002213,order_00004862,ETH-USD,1836.67,143,2026-01-01T01:21:01Z
batch_0004,order_00003615,order_00004862,ETH-USD,1836.67,309,2026-01-01T01:21:01Z
batch_0004,order_00003615,order_00002506,ETH-USD,1836.7,129,2026-01-01T01:00:14Z
batch_0004,order_00003615,order_00002005,ETH-USD,1836.78,196,2026-01-01T01:00:14Z
batch_0004,order_00006495,order_00002005,ETH-USD,1836.78,283,2026-01-01T01:48:14Z
batch_0004,order_00004954,order_00002005,ETH-USD,1836.78,186,2026-01-01T01:22:33Z
batch_0004,order_00002277,order_00002005,ETH-USD,1836.78,316,2026-01-01T00:37:56Z
batch_0004,order_00002277,order_00003694,ETH-USD,1836.86,532,2026-01-01T01:01:33Z
batch_0004,order_00003714,order_00003694,ETH-USD,1836.86,47,2026-01-01T01:01:53Z
batch_0004,order_00003714,order_00006169,ETH-USD,1836.99,326,2026-01-01T01:42:48Z
batch_0004,order_00003714,order_00004450,ETH-USD,1837.29,426,2026-01-01T01:14:09Z
batch_0004,order_00003714,order_00002428,ETH-USD,1837.3,100,2026-01-01T01:01:53Z
batch_0004,order_00003972,order_00002428,ETH-USD,1837.3,212,2026-01-01T01:06:11Z
batch_0004,order_00003972,order_00003843,ETH-USD,1837.35,204,2026-01-01T01:06:11Z
batch_0004,order_00003972,order_00003429,ETH-USD,1837.64,337,2026-01-01T01:06:11Z
batch_0004,order_00003972,order_00003818,ETH-USD,1837.97,189,2026-01-01T01:06:11Z
batch_0004,order_00001863,order_00003818,ETH-USD,1837.97,136,2026-01-01T01:03:37Z
batch_0004,order_00002203,order_00003818,ETH-USD,1837.97,265,2026-01-01T01:03:37Z
batch_0004,order_00002203,order_00005978,ETH-USD,1838.08,155,2026-01-01T01:39:37Z
batch_0004,order_00002958,order_00005978,ETH-USD,1838.08,13,2026-01-01T01:39:37Z
batch_0004,order_00002958,order_00002670,ETH-USD,1838.22,502,2026-01-01T00:49:17Z
batch_0004,order_00002958,order_00003361,ETH-USD,1838.22,154,2026-01-01T00:56:00Z
batch_0004,order_00005108,order_00003361,ETH-USD,1838.22,2,2026-01-01T01:25:07Z
batch_0004,order_00005108,order_00006369,ETH-USD,1838.26,15,2026-01-01T01:46:08Z
batch_0004,order_00005108,order_00004310,ETH-USD,1838.27,128,2026-01-01T01:25:07Z
batch_0004,order_00005108,order_00002342,ETH-USD,1838.33,6,2026-01-01T01:25:07Z
batch_0004,order_00003254,order_00002342,ETH-USD,1838.33,406,2026-01-01T00:54:13Z
batch_0004,order_00003254,order_00005469,ETH-USD,1838.39,12,2026-01-01T01:31:08Z
batch_0004,order_00005771,order_00005469,ETH-USD,1838.39,662,2026-01-01T01:36:10Z
batch_0004,order_00005771,order_00004429,ETH-USD,1838.45,246,2026-01-01T01:36:10Z
batch_0004,order_00005407,order_00004429,ETH-USD,1838.45,282,2026-01-01T01:30:06Z
batch_0004,order_00005407,order_00003768,ETH-USD,1838.6,425,2026-01-01T01:30:06Z
batch_0004,order_00005719,order_00003768,ETH-USD,1838.6,255,2026-01-01T01:35:18Z
batch_0004,order_00005719,order_00003331,ETH-USD,1838.61,303,2026-01-01T01:35:18Z
batch_0004,order_00005719,order_00002556,ETH-USD,1838.74,43,2026-01-01T01:35:18Z
batch_0004,order_00005719,order_00002544,ETH-USD,1838.75,2,2026-01-01T01:35:18Z
batch_0004,order_00005719,order_00003997,ETH-USD,1838.83,122,2026-01-01T01:35:18Z
batch_0004,order_00002492,order_00003997,ETH-USD,1838.83,571,2026-01-01T01:06:36Z
batch_0004,order_00002492,order_00002614,ETH-USD,1838.93,207,2026-01-01T00:43:33Z
batch_0004,order_00001762,order_00002614,ETH-USD,1838.93,197,2026-01-01T00:43:33Z
batch_0004,order_00001762,order_00004908,ETH-USD,1838.95,203,2026-01-01T01:21:47Z
batch_0004,order_00002302,order_00004908,ETH-USD,1838.95,335,2026-01-01T01:21:47Z
batch_0004,order_00002302,order_00002876,ETH-USD,1838.96,235,2026-01-01T00:47:55Z
batch_0004,order_00001957,order_00002876,ETH-USD,1838.96,72,2026-01-01T00:47:55Z
batch_0004,order_00006497,order_00002876,ETH-USD,1838.96,203,2026-01-01T01:48:16Z
batch_0004,order_00006497,order_00002918,ETH-USD,1838.98,472,2026-01-01T01:48:16Z
batch_0004,order_00002183,order_00002918,ETH-USD,1838.98,121,2026-01-01T00:48:37Z
batch_0004,order_00002183,order_00004215,ETH-USD,1839.2,760,2026-01-01T01:10:14Z
batch_0004,order_00003585,order_00004215,ETH-USD,1839.2,29,2026-01-01T01:10:14Z
batch_0004,order_00003585,order_00005855,ETH-USD,1839.66,38,2026-01-01T01:37:34Z
batch_0004,order_00002249,order_00005855,ETH-USD,1839.66,119,2026-01-01T01:37:34Z
batch_0004,order_00002249,order_00003743,ETH-USD,1840.05,162,2026-01-01T01:02:22Z
batch_0004,order_00002249,order_00002562,ETH-USD,1840.07,679,2026-01-01T00:42:41Z
batch_0004,order_00005047,order_00002562,ETH-USD,1840.07,147,2026-01-01T01:24:06Z
batch_0004,order_00005047,order_00002056,ETH-USD,1840.16,287,2026-01-01T01:24:06Z
batch_0004,order_00002276,order_00002056,ETH-USD,1840.16,423,2026-01-01T00:37:55Z
batch_0004,order_00006058,order_00002056,ETH-USD,1840.16,130,2026-01-01T01:40:57Z
batch_0004,order_00006058,order_00003534,ETH-USD,1840.45,637,2026-01-01T01:40:57Z
batch_0004,order_00002466,order_00003534,ETH-USD,1840.45,36,2026-01-01T00:58:53Z
batch_0004,order_00005194,order_00003534,ETH-USD,1840.45,231,2026-01-01T01:26:33Z
batch_0004,order_00005194,order_00002345,ETH-USD,1840.51,320,2026-01-01T01:26:33Z
batch_0004,order_00003177,order_00002345,ETH-USD,1840.51,315,2026-01-01T00:52:56Z
batch_0004,order_00003177,order_00006214,ETH-USD,1840.62,400,2026-01-01T01:43:33Z
batch_0004,order_00003071,order_00006214,ETH-USD,1840.62,342,2026-01-01T01:43:33Z
batch_0004,order_00002051,order_00006214,ETH-USD,1840.62,34,2026-01-01T01:43:33Z
batch_0004,order_00002051,order_00004824,ETH-USD,1840.65,847,2026-01-01T01:20:23Z
batch_0004,order_00002706,order_00004824,ETH-USD,1840.65,5,2026-01-01T01:20:23Z
batch_0004,order_00002706,order_00004960,ETH-USD,1840.9,354,2026-01-01T01:22:39Z
batch_0004,order_00001802,order_00004960,ETH-USD,1840.9,394,2026-01-01T01:22:39Z
batch_0004,order_00001802,order_00004829,ETH-USD,1840.94,187,2026-01-01T01:20:28Z
batch_0004,order_00001802,order_00004497,ETH-USD,1841.43,244,2026-01-01T01:14:56Z
batch_0004,order_00003338,order_00004497,ETH-USD,1841.43,199,2026-01-01T01:14:56Z
batch_0004,order_00003338,order_00005769,ETH-USD,1841.43,22,2026-01-01T01:36:08Z
batch_0004,order_00005907,order_00005769,ETH-USD,1841.43,339,2026-01-01T01:38:26Z
batch_0004,order_00005907,order_00005997,ETH-USD,1841.92,268,2026-01-01T01:39:56Z
batch_0004,order_00005916,order_00005997,ETH-USD,1841.92,268,2026-01-01T01:39:56Z
batch_0004,order_00005916,order_00002113,ETH-USD,1842.43,114,2026-01-01T01:38:35Z
batch_0004,order_00002235,order_00002113,ETH-USD,1842.43,436,2026-01-01T00:37:14Z
batch_0004,order_00005034,order_00002113,ETH-USD,1842.43,77,2026-01-01T01:23:53Z
batch_0004,order_00002111,order_00002113,ETH-USD,1842.43,97,2026-01-01T00:35:12Z
batch_0004,order_00004164,order_00002113,ETH-USD,1842.43,251,2026-01-01T01:09:23Z
batch_0004,order_00004164,order_00003257,ETH-USD,1842.49,27,2026-01-01T01:09:23Z
batch_0004,order_00004164,order_00004403,ETH-USD,1842.6,264,2026-01-01T01:13:22Z
batch_0004,order_00004164,order_00001654,ETH-USD,1842.79,413,2026-01-01T01:09:23Z
batch_0004,order_00004760,order_00001654,ETH-USD,1842.79,403,2026-01-01T01:19:19Z
batch_0004,order_00004760,order_00003114,ETH-USD,1842.82,110,2026-01-01T01:19:19Z
batch_0004,order_00004372,order_00003114,ETH-USD,1842.82,396,2026-01-01T01:12:51Z
batch_0004,order_00006372,order_00003114,ETH-USD,1842.82,160,2026-01-01T01:46:11Z
batch_0004,order_00006372,order_00004573,ETH-USD,1842.85,745,2026-01-01T01:46:11Z
batch_0004,order_00002482,order_00004573,ETH-USD,1842.85,69,2026-01-01T01:16:12Z
batch_0004,order_00002372,order_00004573,ETH-USD,1842.85,93,2026-01-01T01:16:12Z
batch_0004,order_00002372,order_00005254,ETH-USD,1842.86,132,2026-01-01T01:27:33Z
batch_0004,order_00004732,order_00005254,ETH-USD,1842.86,408,2026-01-01T01:27:33Z
batch_0004,order_00005219,order_00005254,ETH-USD,1842.86,26,2026-01-01T01:27:33Z
batch_0004,order_00005219,order_00004312,ETH-USD,1842.95,287,2026-01-01T01:26:58Z
batch_0004,order_00005219,order_00004299,ETH-USD,1842.98,285,2026-01-01T01:26:58Z
batch_0004,order_00005219,order_00003286,ETH-USD,1843.11,180,2026-01-01T01:26:58Z
batch_0004,order_00005114,order_00003286,ETH-USD,1843.11,452,2026-01-01T01:25:13Z
batch_0004,order_00005114,order_00004296,ETH-USD,1843.23,450,2026-01-01T01:25:13Z
batch_0004,order_00006530,order_00004296,ETH-USD,1843.23,160,2026-01-01T01:48:49Z
batch_0004,order_00006530,order_00005200,ETH-USD,1843.36,56,2026-01-01T01:48:49Z
batch_0004,order_00006530,order_00002712,ETH-USD,1843.48,89,2026-01-01T01:48:49Z
batch_0004,order_00006352,order_00002712,ETH-USD,1843.48,187,2026-01-01T01:45:51Z
batch_0004,order_00006352,order_00004812,ETH-USD,1843.49,411,2026-01-01T01:45:51Z
batch_0004,order_00006352,order_00002551,ETH-USD,1843.68,12,2026-01-01T01:45:51Z
batch_0004,order_00004967,order_00002551,ETH-USD,1843.68,422,2026-01-01T01:22:46Z
batch_0004,order_00005245,order_00002551,ETH-USD,1843.68,206,2026-01-01T01:27:24Z
batch_0004,order_00005245,order_00006137,ETH-USD,1843.81,30,2026-01-01T01:42:16Z
batch_0004,order_00002217,order_00006137,ETH-USD,1843.81,203,2026-01-01T01:42:16Z
batch_0004,order_00003677,order_00006137,ETH-USD,1843.81,138,2026-01-01T01:42:16Z
batch_0004,order_00005460,order_00006137,ETH-USD,1843.81,208,2026-01-01T01:42:16Z
batch_0004,order_00005460,order_00001676,ETH-USD,1843.88,368,2026-01-01T01:30:59Z
batch_0004,order_00005460,order_00005476,ETH-USD,1843.88,27,2026-01-01T01:31:15Z
batch_0004,order_00006450,order_00005476,ETH-USD,1843.88,214,2026-01-01T01:47:29Z
batch_0004,order_00005145,order_00005476,ETH-USD,1843.88,43,2026-01-01T01:31:15Z
batch_0004,order_00001978,order_00005476,ETH-USD,1843.88,441,2026-01-01T01:31:15Z
batch_0004,order_00005348,order_00005476,ETH-USD,1843.88,41,2026-01-01T01:31:15Z
batch_0004,order_00005348,order_00002829,ETH-USD,1844.06,725,2026-01-01T01:29:07Z
batch_0004,order_00004067,order_00002829,ETH-USD,1844.06,219,2026-01-01T01:07:46Z
batch_0004,order_00004067,order_00002245,ETH-USD,1844.13,258,2026-01-01T01:07:46Z
batch_0004,order_00003977,order_00002245,ETH-USD,1844.13,161,2026-01-01T01:06:16Z
batch_0004,order_00003977,order_00003050,ETH-USD,1844.43,567,2026-01-01T01:06:16Z
batch_0004,order_00003054,order_00003050,ETH-USD,1844.43,415,2026-01-01T00:50:53Z
batch_0004,order_00003054,order_00006312,ETH-USD,1844.47,429,2026-01-01T01:45:11Z
batch_0004,order_00005252,order_00006312,ETH-USD,1844.47,456,2026-01-01T01:45:11Z
batch_0004,order_00005252,order_00004302,ETH-USD,1844.57,11,2026-01-01T01:27:31Z
batch_0004,order_00005252,order_00003527,ETH-USD,1844.67,81,2026-01-01T01:27:31Z
batch_0004,order_00005748,order_00003527,ETH-USD,1844.67,530,2026-01-01T01:35:47Z
batch_0004,order_00005748,order_00005810,ETH-USD,1845.06,304,2026-01-01T01:36:49Z
batch_0004,order_00004931,order_00005810,ETH-USD,1845.06,601,2026-01-01T01:36:49Z
batch_0004,order_00004931,order_00003803,ETH-USD,1845.14,62,2026-01-01T01:22:10Z
batch_0004,order_00002092,order_00003803,ETH-USD,1845.14,200,2026-01-01T01:03:22Z
batch_0004,order_00002092,order_00005915,ETH-USD,1845.2,32,2026-01-01T01:38:34Z
batch_0004,order_00002092,order_00001777,ETH-USD,1845.67,109,2026-01-01T00:34:51Z
batch_0004,order_00002092,order_00003215,ETH-USD,1845.7,7,2026-01-01T00:53:34Z
batch_0004,order_00003456,order_00003215,ETH-USD,1845.7,84,2026-01-01T00:57:35Z
batch_0004,order_00005780,order_00003215,ETH-USD,1845.7,454,2026-01-01T01:36:19Z
batch_0004,order_00005502,order_00003215,ETH-USD,1845.7,431,2026-01-01T01:31:41Z
batch_0004,order_00005502,order_00005551,ETH-USD,1846.54,341,2026-01-01T01:32:30Z
batch_0004,order_00005984,order_00005551,ETH-USD,1846.54,496,2026-01-01T01:39:43Z
batch_0004,order_00005984,order_00002534,ETH-USD,1846.69,13,2026-01-01T01:39:43Z
batch_0004,order_00005984,order_00002971,ETH-USD,1846.88,33,2026-01-01T01:39:43Z
batch_0004,order_00005984,order_00004285,ETH-USD,1846.88,178,2026-01-01T01:39:43Z
batch_0004,order_00005984,order_00001937,ETH-USD,1847.57,213,2026-01-01T01:39:43Z
batch_0004,order_00003358,order_00001937,ETH-USD,1847.57,268,2026-01-01T00:55:57Z
batch_0004,order_00003358,order_00001960,ETH-USD,1847.69,88,2026-01-01T00:55:57Z
batch_0004,order_00003358,order_00003003,ETH-USD,1847.7,403,2026-01-01T00:55:57Z
batch_0004,order_00003804,order_00003003,ETH-USD,1847.7,29,2026-01-01T01:03:23Z
batch_0004,order_00003804,order_00005495,ETH-USD,1847.73,144,2026-01-01T01:31:34Z
batch_0004,order_00002575,order_00005495,ETH-USD,1847.73,80,2026-01-01T01:31:34Z
batch_0004,order_00002575,order_00001911,ETH-USD,1847.83,453,2026-01-01T00:42:54Z
batch_0004,order_00002363,order_00001911,ETH-USD,1847.83,385,2026-01-01T00:39:22Z
batch_0004,order_00002363,order_00004547,ETH-USD,1847.99,81,2026-01-01T01:15:46Z
batch_0004,order_00005198,order_00004547,ETH-USD,1847.99,415,2026-01-01T01:26:37Z
batch_0004,order_00002669,order_00004547,ETH-USD,1847.99,99,2026-01-01T01:15:46Z
batch_0004,order_00002669,order_00001780,ETH-USD,1848.32,333,2026-01-01T00:44:28Z
batch_0004,order_00002669,order_00003593,ETH-USD,1848.39,314,2026-01-01T00:59:52Z
batch_0004,order_00005565,order_00003593,ETH-USD,1848.39,237,2026-01-01T01:32:44Z
batch_0004,order_00005565,order_00006155,ETH-USD,1848.53,93,2026-01-01T01:42:34Z
batch_0004,order_00005565,order_00001734,ETH-USD,1848.72,20,2026-01-01T01:32:44Z
batch_0004,order_00003583,order_00001734,ETH-USD,1848.72,634,2026-01-01T00:59:42Z
batch_0004,order_00003583,order_00004084,ETH-USD,1848.74,107,2026-01-01T01:08:03Z
batch_0004,order_00001891,order_00004084,ETH-USD,1848.74,457,2026-01-01T01:08:03Z
batch_0004,order_00003388,order_00004084,ETH-USD,1848.74,63,2026-01-01T01:08:03Z
batch_0004,order_00003388,order_00006013,ETH-USD,1848.74,125,2026-01-01T01:40:12Z
batch_0004,order_00003388,order_00003025,ETH-USD,1848.95,579,2026-01-01T00:56:27Z
batch_0004,order_00005950,order_00003025,ETH-USD,1848.95,106,2026-01-01T01:39:09Z
batch_0004,order_00005950,order_00006019,ETH-USD,1849.21,343,2026-01-01T01:40:18Z
batch_0004,order_00005956,order_00006019,ETH-USD,1849.21,86,2026-01-01T01:40:18Z
batch_0004,order_00005996,order_00006019,ETH-USD,1849.21,306,2026-01-01T01:40:18Z
batch_0004,order_00005996,order_00002937,ETH-USD,1849.78,473,2026-01-01T01:39:55Z
batch_0004,order_00005159,order_00002937,ETH-USD,1849.78,33,2026-01-01T01:25:58Z
batch_0004,order_00006452,order_00002937,ETH-USD,1849.78,367,2026-01-01T01:47:31Z
batch_0004,order_00003320,order_00002937,ETH-USD,1849.78,101,2026-01-01T00:55:19Z
batch_0004,order_00003320,order_00002690,ETH-USD,1849.88,285,2026-01-01T00:55:19Z
batch_0004,order_00003767,order_00002690,ETH-USD,1849.88,430,2026-01-01T01:02:46Z
batch_0004,order_00003767,order_00002226,ETH-USD,1849.9,397,2026-01-01T01:02:46Z
batch_0004,order_00002550,order_00002226,ETH-USD,1849.9,567,2026-01-01T00:42:29Z
batch_0004,order_00002550,order_00002307,ETH-USD,1849.91,9,2026-01-01T00:42:29Z
batch_0004,order_00002550,order_00002337,ETH-USD,1849.93,348,2026-01-01T00:42:29Z
batch_0004,order_00001833,order_00002337,ETH-USD,1849.93,245,2026-01-01T00:38:56Z
batch_0004,order_00001833,order_00003193,ETH-USD,1850.09,564,2026-01-01T00:53:12Z
batch_0004,order_00003816,order_00003193,ETH-USD,1850.09,149,2026-01-01T01:03:35Z
batch_0004,order_00003816,order_00002917,ETH-USD,1850.29,383,2026-01-01T01:03:35Z
batch_0004,order_00006486,order_00002917,ETH-USD,1850.29,447,2026-01-01T01:48:05Z
batch_0004,order_00001720,order_00002917,ETH-USD,1850.29,48,2026-01-01T00:48:36Z
batch_0004,order_00001720,order_00003309,ETH-USD,1850.47,496,2026-01-01T00:55:08Z
batch_0004,order_00004557,order_00003309,ETH-USD,1850.47,38,2026-01-01T01:15:56Z
batch_0004,order_00004557,order_00001870,ETH-USD,1850.59,155,2026-01-01T01:15:56Z
batch_0004,order_00005229,order_00001870,ETH-USD,1850.59,150,2026-01-01T01:27:08Z
batch_0004,order_00005331,order_00001870,ETH-USD,1850.59,284,2026-01-01T01:28:50Z
batch_0004,order_00005331,order_00005584,ETH-USD,1851.13,353,2026-01-01T01:33:03Z
batch_0004,order_00005331,order_00006142,ETH-USD,1851.14,228,2026-01-01T01:42:21Z
batch_0004,order_00002564,order_00006142,ETH-USD,1851.14,126,2026-01-01T01:42:21Z
batch_0004,order_00004128,order_00006142,ETH-USD,1851.14,287,2026-01-01T01:42:21Z
batch_0004,order_00004128,order_00003748,ETH-USD,1851.28,264,2026-01-01T01:08:47Z
batch_0004,order_00004128,order_00004546,ETH-USD,1851.28,383,2026-01-01T01:15:45Z
batch_0004,order_00003403,order_00004546,ETH-USD,1851.28,325,2026-01-01T01:15:45Z
batch_0004,order_00003403,order_00003497,ETH-USD,1851.4,397,2026-01-01T00:58:16Z
batch_0004,order_00003403,order_00005024,ETH-USD,1851.52,212,2026-01-01T01:23:43Z
batch_0004,order_00003522,order_00005024,ETH-USD,1851.52,125,2026-01-01T01:23:43Z
batch_0004,order_00003037,order_00005024,ETH-USD,1851.52,48,2026-01-01T01:23:43Z
batch_0004,order_00003037,order_00005591,ETH-USD,1851.68,231,2026-01-01T01:33:10Z
batch_0004,order_00003037,order_00003147,ETH-USD,1851.77,185,2026-01-01T00:52:26Z
batch_0004,order_00005003,order_00003147,ETH-USD,1851.77,81,2026-01-01T01:23:22Z
batch_0004,order_00005003,order_00003546,ETH-USD,1851.91,589,2026-01-01T01:23:22Z
batch_0004,order_00002029,order_00003546,ETH-USD,1851.91,84,2026-01-01T00:59:05Z
batch_0004,order_00002029,order_00006273,ETH-USD,1851.91,159,2026-01-01T01:44:32Z
batch_0004,order_00002029,order_00006444,ETH-USD,1852.52,63,2026-01-01T01:47:23Z
batch_0004,order_00002962,order_00006444,ETH-USD,1852.52,594,2026-01-01T01:47:23Z
batch_0004,order_00005635,order_00006444,ETH-USD,1852.52,224,2026-01-01T01:47:23Z
batch_0004,order_00005635,order_00005918,ETH-USD,1852.61,259,2026-01-01T01:38:37Z
batch_0004,order_00005635,order_00005475,ETH-USD,1852.67,155,2026-01-01T01:33:54Z
batch_0004,order_00002830,order_00005475,ETH-USD,1852.67,594,2026-01-01T01:31:14Z
batch_0004,order_00002830,order_00001645,ETH-USD,1852.72,276,2026-01-01T00:47:09Z
batch_0004,order_00005174,order_00001645,ETH-USD,1852.72,306,2026-01-01T01:26:13Z
batch_0004,order_00005174,order_00005743,ETH-USD,1852.72,608,2026-01-01T01:35:42Z
batch_0004,order_00006297,order_00005743,ETH-USD,1852.72,204,2026-01-01T01:44:56Z
batch_0004,order_00006297,order_00003458,ETH-USD,1853.09,348,2026-01-01T01:44:56Z
batch_0004,order_00006086,order_00003458,ETH-USD,1853.09,262,2026-01-01T01:41:25Z
batch_0004,order_00003809,order_00003458,ETH-USD,1853.09,108,2026-01-01T01:03:28Z
batch_0004,order_00001627,order_00003458,ETH-USD,1853.09,38,2026-01-01T00:57:37Z
batch_0004,order_00001627,order_00003158,ETH-USD,1853.29,387,2026-01-01T00:52:37Z
batch_0004,order_00001627,order_00001785,ETH-USD,1853.35,42,2026-01-01T00:29:44Z
batch_0004,order_00001627,order_00005815,ETH-USD,1853.43,264,2026-01-01T01:36:54Z
batch_0004,order_00005702,order_00005815,ETH-USD,1853.43,403,2026-01-01T01:36:54Z
batch_0004,order_00005042,order_00005815,ETH-USD,1853.43,102,2026-01-01T01:36:54Z
batch_0004,order_00005042,order_00004715,ETH-USD,1853.57,355,2026-01-01T01:24:01Z
batch_0004,order_00005042,order_00002497,ETH-USD,1853.71,337,2026-01-01T01:24:01Z
batch_0004,order_00005042,order_00004986,ETH-USD,1853.89,101,2026-01-01T01:24:01Z
batch_0004,order_00005042,order_00004349,ETH-USD,1853.98,81,2026-01-01T01:24:01Z
batch_0004,order_00004920,order_00004349,ETH-USD,1853.98,323,2026-01-01T01:21:59Z
batch_0004,order_00004920,order_00005392,ETH-USD,1854.09,10,2026-01-01T01:29:51Z
batch_0004,order_00003831,order_00005392,ETH-USD,1854.09,673,2026-01-01T01:29:51Z
batch_0004,order_00003831,order_00001608,ETH-USD,1854.3,117,2026-01-01T01:03:50Z
batch_0004,order_00005246,order_00001608,ETH-USD,1854.3,545,2026-01-01T01:27:25Z
batch_0004,order_00005246,order_00005878,ETH-USD,1854.6,398,2026-01-01T01:37:57Z
batch_0004,order_00005767,order_00005878,ETH-USD,1854.6,51,2026-01-01T01:37:57Z
batch_0004,order_00004922,order_00005878,ETH-USD,1854.6,306,2026-01-01T01:37:57Z
batch_0004,order_00004214,order_00005878,ETH-USD,1854.6,153,2026-01-01T01:37:57Z
batch_0004,order_00004214,order_00004803,ETH-USD,1854.88,332,2026-01-01T01:20:02Z
batch_0004,order_00004190,order_00004803,ETH-USD,1854.88,279,2026-01-01T01:20:02Z
batch_0004,order_00004190,order_00004243,ETH-USD,1855.01,662,2026-01-01T01:10:42Z
batch_0004,order_00005067,order_00004243,ETH-USD,1855.01,235,2026-01-01T01:24:26Z
batch_0004,order_00005067,order_00006181,ETH-USD,1855.11,310,2026-01-01T01:43:00Z
batch_0004,order_00002157,order_00006181,ETH-USD,1855.11,633,2026-01-01T01:43:00Z
batch_0004,order_00002157,order_00003275,ETH-USD,1855.26,9,2026-01-01T00:54:34Z
batch_0004,order_00005608,order_00003275,ETH-USD,1855.26,673,2026-01-01T01:33:27Z
batch_0004,order_00005608,order_00002822,ETH-USD,1855.29,14,2026-01-01T01:33:27Z
batch_0004,order_00004457,order_00002822,ETH-USD,1855.29,328,2026-01-01T01:14:16Z
batch_0004,order_00004457,order_00002423,ETH-USD,1855.65,347,2026-01-01T01:14:16Z
batch_0004,order_00006047,order_00002423,ETH-USD,1855.65,598,2026-01-01T01:40:46Z
batch_0004,order_00006047,order_00005943,ETH-USD,1855.98,355,2026-01-01T01:40:46Z
batch_0004,order_00006047,order_00003688,ETH-USD,1856.11,4,2026-01-01T01:40:46Z
batch_0004,order_00004543,order_00003688,ETH-USD,1856.11,20,2026-01-01T01:15:42Z
batch_0004,order_00004543,order_00006321,ETH-USD,1856.54,480,2026-01-01T01:45:20Z
batch_0004,order_00004543,order_00004696,ETH-USD,1856.57,132,2026-01-01T01:18:15Z
batch_0004,order_00002318,order_00004696,ETH-USD,1856.57,584,2026-01-01T01:18:15Z
batch_0004,order_00003424,order_00004696,ETH-USD,1856.57,111,2026-01-01T01:18:15Z
batch_0004,order_00003424,order_00001636,ETH-USD,1856.62,264,2026-01-01T00:57:03Z
batch_0004,order_00006298,order_00001636,ETH-USD,1856.62,14,2026-01-01T01:44:57Z
batch_0004,order_00006298,order_00005605,ETH-USD,1856.65,157,2026-01-01T01:44:57Z
batch_0004,order_00006298,order_00004825,ETH-USD,1856.71,384,2026-01-01T01:44:57Z
batch_0004,order_00006429,order_00004825,ETH-USD,1856.71,434,2026-01-01T01:47:08Z
batch_0004,order_00004702,order_00004825,ETH-USD,1856.71,132,2026-01-01T01:20:24Z
batch_0004,order_00004702,order_00004386,ETH-USD,1856.88,148,2026-01-01T01:18:21Z
batch_0004,order_00004702,order_00006107,ETH-USD,1857.01,137,2026-01-01T01:41:46Z
batch_0004,order_00001889,order_00006107,ETH-USD,1857.01,371,2026-01-01T01:41:46Z
batch_0004,order_00001889,order_00004739,ETH-USD,1857.04,363,2026-01-01T01:18:58Z
batch_0004,order_00004030,order_00004739,ETH-USD,1857.04,525,2026-01-01T01:18:58Z
batch_0004,order_00001979,order_00004739,ETH-USD,1857.04,37,2026-01-01T01:18:58Z
batch_0004,order_00001979,order_00006421,ETH-USD,1857.06,121,2026-01-01T01:47:00Z
batch_0004,order_00001979,order_00002834,ETH-USD,1857.23,165,2026-01-01T00:47:13Z
batch_0004,order_00006378,order_00002834,ETH-USD,1857.23,230,2026-01-01T01:46:17Z
batch_0004,order_00005216,order_00002834,ETH-USD,1857.23,270,2026-01-01T01:26:55Z
batch_0004,order_00003555,order_00002834,ETH-USD,1857.23,56,2026-01-01T00:59:14Z
batch_0004,order_00003555,order_00004798,ETH-USD,1857.46,621,2026-01-01T01:19:57Z
batch_0004,order_00006207,order_00004798,ETH-USD,1857.46,22,2026-01-01T01:43:26Z
batch_0004,order_00006207,order_00004050,ETH-USD,1857.56,203,2026-01-01T01:43:26Z
batch_0004,order_00005693,order_00004050,ETH-USD,1857.56,67,2026-01-01T01:34:52Z
batch_0004,order_00005693,order_00006206,ETH-USD,1857.73,854,2026-01-01T01:43:25Z
batch_0004,order_00004929,order_00006206,ETH-USD,1857.73,62,2026-01-01T01:43:25Z
batch_0004,order_00004929,order_00004203,ETH-USD,1857.74,508,2026-01-01T01:22:08Z
batch_0004,order_00004929,order_00005775,ETH-USD,1857.74,154,2026-01-01T01:36:14Z
batch_0004,order_00004929,order_00006083,ETH-USD,1857.78,231,2026-01-01T01:41:22Z
batch_0004,order_00006586,order_00006083,ETH-USD,1857.78,667,2026-01-01T01:49:45Z
batch_0004,order_00002699,order_00006083,ETH-USD,1857.78,48,2026-01-01T01:41:22Z
batch_0004,order_00002699,order_00002356,ETH-USD,1857.84,505,2026-01-01T00:44:58Z
batch_0004,order_00005516,order_00002356,ETH-USD,1857.84,190,2026-01-01T01:31:55Z
batch_0004,order_00005516,order_00002042,ETH-USD,1857.96,338,2026-01-01T01:31:55Z
batch_0004,order_00003563,order_00002042,ETH-USD,1857.96,622,2026-01-01T00:59:22Z
batch_0004,order_00003563,order_00006292,ETH-USD,1858.08,350,2026-01-01T01:44:51Z
batch_0004,order_00006527,order_00006292,ETH-USD,1858.08,425,2026-01-01T01:48:46Z
batch_0004,order_00002164,order_00006292,ETH-USD,1858.08,69,2026-01-01T01:44:51Z
batch_0004,order_00002164,order_00006226,ETH-USD,1858.23,357,2026-01-01T01:43:45Z
batch_0004,order_00004834,order_00006226,ETH-USD,1858.23,118,2026-01-01T01:43:45Z
batch_0004,order_00003236,order_00006226,ETH-USD,1858.23,271,2026-01-01T01:43:45Z
batch_0004,order_00006286,order_00006226,ETH-USD,1858.23,251,2026-01-01T01:44:45Z
batch_0004,order_00006286,order_00002734,ETH-USD,1858.48,110,2026-01-01T01:44:45Z
batch_0004,order_00005575,order_00002734,ETH-USD,1858.48,679,2026-01-01T01:32:54Z
batch_0004,order_00006138,order_00002734,ETH-USD,1858.48,163,2026-01-01T01:42:17Z
batch_0004,order_00006138,order_00003128,ETH-USD,1858.5,443,2026-01-01T01:42:17Z
batch_0004,order_00006138,order_00005415,ETH-USD,1858.6,29,2026-01-01T01:42:17Z
batch_0004,order_00002982,order_00005415,ETH-USD,1858.6,320,2026-01-01T01:30:14Z
batch_0004,order_00002982,order_00006490,ETH-USD,1858.65,384,2026-01-01T01:48:09Z
batch_0004,order_00001941,order_00006490,ETH-USD,1858.65,150,2026-01-01T01:48:09Z
batch_0004,order_00003439,order_00006490,ETH-USD,1858.65,141,2026-01-01T01:48:09Z
batch_0004,order_00003439,order_00004776,ETH-USD,1858.9,714,2026-01-01T01:19:35Z
batch_0004,order_00002684,order_00004776,ETH-USD,1858.9,89,2026-01-01T01:19:35Z
batch_0004,order_00002684,order_00005217,ETH-USD,1858.91,78,2026-01-01T01:26:56Z
batch_0004,order_00002684,order_00003447,ETH-USD,1859.01,154,2026-01-01T00:57:26Z
batch_0004,order_00005401,order_00003447,ETH-USD,1859.01,196,2026-01-01T01:30:00Z
batch_0004,order_00006221,order_00003447,ETH-USD,1859.01,164,2026-01-01T01:43:40Z
batch_0004,order_00006221,order_00001872,ETH-USD,1859.18,353,2026-01-01T01:43:40Z
batch_0004,order_00006221,order_00001668,ETH-USD,1859.69,360,2026-01-01T01:43:40Z
batch_0004,order_00001963,order_00001668,ETH-USD,1859.69,317,2026-01-01T00:32:42Z
batch_0004,order_00001963,order_00005124,ETH-USD,1860.17,293,2026-01-01T01:25:23Z
batch_0004,order_00005309,order_00005124,ETH-USD,1860.17,224,2026-01-01T01:28:28Z
batch_0004,order_00005309,order_00004650,ETH-USD,1860.23,79,2026-01-01T01:28:28Z
batch_0004,order_00005309,order_00003378,ETH-USD,1860.24,162,2026-01-01T01:28:28Z
batch_0004,order_00005446,order_00003378,ETH-USD,1860.24,693,2026-01-01T01:30:45Z
batch_0004,order_00005446,order_00003699,ETH-USD,1860.88,284,2026-01-01T01:30:45Z
batch_0004,order_00002374,order_00003699,ETH-USD,1860.88,181,2026-01-01T01:01:38Z
batch_0004,order_00005704,order_00003699,ETH-USD,1860.88,292,2026-01-01T01:35:03Z
batch_0004,order_00005704,order_00006229,ETH-USD,1860.94,402,2026-01-01T01:43:48Z
batch_0004,order_00002696,order_00006229,ETH-USD,1860.94,159,2026-01-01T01:43:48Z
batch_0004,order_00002696,order_00006218,ETH-USD,1861.06,217,2026-01-01T01:43:37Z
batch_0004,order_00003418,order_00006218,ETH-USD,1861.06,320,2026-01-01T01:43:37Z
batch_0004,order_00006034,order_00006218,ETH-USD,1861.06,138,2026-01-01T01:43:37Z
batch_0004,order_00004620,order_00006218,ETH-USD,1861.06,301,2026-01-01T01:43:37Z
batch_0004,order_00004620,order_00003035,ETH-USD,1861.6,325,2026-01-01T01:16:59Z
batch_0004,order_00001779,order_00003035,ETH-USD,1861.6,347,2026-01-01T00:50:34Z
batch_0004,order_00001779,order_00005755,ETH-USD,1861.63,452,2026-01-01T01:35:54Z
batch_0004,order_00001779,order_00005260,ETH-USD,1862.0,32,2026-01-01T01:27:39Z
batch_0004,order_00001776,order_00005260,ETH-USD,1862.0,175,2026-01-01T01:27:39Z
batch_0004,order_00002831,order_00005260,ETH-USD,1862.0,148,2026-01-01T01:27:39Z
batch_0004,order_00004488,order_00005260,ETH-USD,1862.0,441,2026-01-01T01:27:39Z
batch_0004,order_00004488,order_00002514,ETH-USD,1862.35,344,2026-01-01T01:14:47Z
batch_0004,order_00005329,order_00002514,ETH-USD,1862.35,435,2026-01-01T01:28:48Z
batch_0004,order_00005329,order_00003314,ETH-USD,1862.69,335,2026-01-01T01:28:48Z
batch_0004,order_00005329,order_00003572,ETH-USD,1862.79,84,2026-01-01T01:28:48Z
batch_0004,order_00002095,order_00003572,ETH-USD,1862.79,377,2026-01-01T00:59:31Z
batch_0004,order_00002095,order_00001786,ETH-USD,1863.1,620,2026-01-01T00:34:54Z
batch_0004,order_00003661,order_00001786,ETH-USD,1863.1,177,2026-01-01T01:01:00Z
batch_0004,order_00003661,order_00002837,ETH-USD,1863.27,700,2026-01-01T01:01:00Z
batch_0004,order_00002162,order_00002837,ETH-USD,1863.27,192,2026-01-01T00:47:16Z
batch_0004,order_00002162,order_00003695,ETH-USD,1863.29,545,2026-01-01T01:01:34Z
batch_0004,order_00002162,order_00004415,ETH-USD,1863.68,113,2026-01-01T01:13:34Z
batch_0004,order_00004560,order_00004415,ETH-USD,1863.68,232,2026-01-01T01:15:59Z
batch_0004,order_00004560,order_00003839,ETH-USD,1863.69,679,2026-01-01T01:15:59Z
batch_0004,order_00005897,order_00003839,ETH-USD,1863.69,94,2026-01-01T01:38:16Z
batch_0004,order_00005897,order_00003589,ETH-USD,1863.71,454,2026-01-01T01:38:16Z
batch_0004,order_00003949,order_00003589,ETH-USD,1863.71,39,2026-01-01T01:05:48Z
batch_0004,order_00004116,order_00003589,ETH-USD,1863.71,323,2026-01-01T01:08:35Z
batch_0004,order_00005964,order_00003589,ETH-USD,1863.71,115,2026-01-01T01:39:23Z
batch_0004,order_00005964,order_00005303,ETH-USD,1863.72,220,2026-01-01T01:39:23Z
batch_0004,order_00005074,order_00005303,ETH-USD,1863.72,195,2026-01-01T01:28:22Z
batch_0004,order_00005074,order_00005788,ETH-USD,1863.98,52,2026-01-01T01:36:27Z
batch_0004,order_00002019,order_00005788,ETH-USD,1863.98,163,2026-01-01T01:36:27Z
batch_0004,order_00002019,order_00006423,ETH-USD,1864.02,285,2026-01-01T01:47:02Z
batch_0004,order_00002019,order_00003975,ETH-USD,1864.13,433,2026-01-01T01:06:14Z
batch_0004,order_00005353,order_00003975,ETH-USD,1864.13,471,2026-01-01T01:29:12Z
batch_0004,order_00005353,order_00006480,ETH-USD,1864.13,138,2026-01-01T01:47:59Z
batch_0004,order_00005353,order_00002969,ETH-USD,1864.44,109,2026-01-01T01:29:12Z
batch_0004,order_00006222,order_00002969,ETH-USD,1864.44,479,2026-01-01T01:43:41Z
batch_0004,order_00003009,order_00002969,ETH-USD,1864.44,98,2026-01-01T00:50:08Z
batch_0004,order_00003396,order_00002969,ETH-USD,1864.44,142,2026-01-01T00:56:35Z
batch_0004,order_00003396,order_00005836,ETH-USD,1864.52,591,2026-01-01T01:37:15Z
batch_0004,order_00002234,order_00005836,ETH-USD,1864.52,175,2026-01-01T01:37:15Z
batch_0004,order_00002234,order_00002713,ETH-USD,1864.73,261,2026-01-01T00:45:12Z
batch_0004,order_00002925,order_00002713,ETH-USD,1864.73,189,2026-01-01T00:48:44Z
batch_0004,order_00002925,order_00005726,ETH-USD,1864.79,168,2026-01-01T01:35:25Z
batch_0004,order_00002925,order_00004053,ETH-USD,1864.97,4,2026-01-01T01:07:32Z
batch_0004,order_00004905,order_00004053,ETH-USD,1864.97,230,2026-01-01T01:21:44Z
batch_0004,order_00004905,order_00003087,ETH-USD,1865.04,105,2026-01-01T01:21:44Z
batch_0004,order_00005335,order_00003087,ETH-USD,1865.04,217,2026-01-01T01:28:54Z
batch_0004,order_00003273,order_00003087,ETH-USD,1865.04,359,2026-01-01T00:54:32Z
batch_0004,order_00003273,order_00002799,ETH-USD,1865.26,489,2026-01-01T00:54:32Z
batch_0004,order_00003089,order_00002799,ETH-USD,1865.26,290,2026-01-01T00:51:28Z
batch_0004,order_00004307,order_00002799,ETH-USD,1865.26,57,2026-01-01T01:11:46Z
batch_0004,order_00004307,order_00005774,ETH-USD,1865.42,187,2026-01-01T01:36:13Z
batch_0004,order_00004307,order_00001893,ETH-USD,1865.52,296,2026-01-01T01:11:46Z
batch_0004,order_00004307,order_00005894,ETH-USD,1865.61,33,2026-01-01T01:38:13Z
batch_0004,order_00004307,order_00002330,ETH-USD,1865.79,202,2026-01-01T01:11:46Z
batch_0004,order_00004307,order_00004637,ETH-USD,1865.85,215,2026-01-01T01:17:16Z
batch_0004,order_00006119,order_00004637,ETH-USD,1865.85,257,2026-01-01T01:41:58Z
batch_0004,order_00006119,order_00005921,ETH-USD,1865.93,384,2026-01-01T01:41:58Z
batch_0004,order_00006119,order_00001784,ETH-USD,1866.0,119,2026-01-01T01:41:58Z
batch_0004,order_00005004,order_00001784,ETH-USD,1866.0,448,2026-01-01T01:23:23Z
batch_0004,order_00005004,order_00006510,ETH-USD,1866.2,12,2026-01-01T01:48:29Z
batch_0004,order_00005004,order_00003780,ETH-USD,1866.7,167,2026-01-01T01:23:23Z
batch_0004,order_00005699,order_00003780,ETH-USD,1866.7,56,2026-01-01T01:34:58Z
batch_0004,order_00002050,order_00003780,ETH-USD,1866.7,321,2026-01-01T01:02:59Z
batch_0004,order_00002050,order_00003279,ETH-USD,1866.71,16,2026-01-01T00:54:38Z
batch_0004,order_00002050,order_00006005,ETH-USD,1866.77,622,2026-01-01T01:40:04Z
batch_0004,order_00003307,order_00006005,ETH-USD,1866.77,245,2026-01-01T01:40:04Z
batch_0004,order_00003307,order_00005510,ETH-USD,1866.91,386,2026-01-01T01:31:49Z
batch_0004,order_00003307,order_00004943,ETH-USD,1867.08,222,2026-01-01T01:22:22Z
batch_0004,order_00004604,order_00004943,ETH-USD,1867.08,177,2026-01-01T01:22:22Z
batch_0004,order_00001775,order_00004943,ETH-USD,1867.08,315,2026-01-01T01:22:22Z
batch_0004,order_00006062,order_00004943,ETH-USD,1867.08,7,2026-01-01T01:41:01Z
batch_0004,order_00006062,order_00006466,ETH-USD,1867.2,416,2026-01-01T01:47:45Z
batch_0004,order_00006062,order_00006147,ETH-USD,1867.27,10,2026-01-01T01:42:26Z
batch_0004,order_00006062,order_00006463,ETH-USD,1867.51,402,2026-01-01T01:47:42Z
batch_0004,order_00006062,order_00003600,ETH-USD,1867.58,18,2026-01-01T01:41:01Z
batch_0004,order_00002988,order_00003600,ETH-USD,1867.58,648,2026-01-01T00:59:59Z
batch_0004,order_00006042,order_00003600,ETH-USD,1867.58,74,2026-01-01T01:40:41Z
batch_0004,order_00006042,order_00003387,ETH-USD,1868.29,508,2026-01-01T01:40:41Z
batch_0004,order_00006042,order_00006129,ETH-USD,1868.29,94,2026-01-01T01:42:08Z
batch_0004,order_00006042,order_00005444,ETH-USD,1868.4,90,2026-01-01T01:40:41Z
batch_0004,order_00006042,order_00003574,ETH-USD,1868.91,128,2026-01-01T01:40:41Z
batch_0004,order_00001643,order_00003574,ETH-USD,1868.91,341,2026-01-01T00:59:33Z
batch_0004,order_00003763,order_00003574,ETH-USD,1868.91,203,2026-01-01T01:02:42Z
batch_0004,order_00003763,order_00006090,ETH-USD,1868.96,220,2026-01-01T01:41:29Z
batch_0004,order_00003763,order_00001660,ETH-USD,1869.23,242,2026-01-01T01:02:42Z
batch_0004,order_00003763,order_00002179,ETH-USD,1869.32,133,2026-01-01T01:02:42Z
batch_0004,order_00003763,order_00001782,ETH-USD,1869.38,93,2026-01-01T01:02:42Z
batch_0004,order_00005349,order_00001782,ETH-USD,1869.38,515,2026-01-01T01:29:08Z
batch_0004,order_00005349,order_00003435,ETH-USD,1869.51,455,2026-01-01T01:29:08Z
batch_0004,order_00006563,order_00003435,ETH-USD,1869.51,48,2026-01-01T01:49:22Z
batch_0004,order_00006563,order_00004228,ETH-USD,1869.57,503,2026-01-01T01:49:22Z
batch_0004,order_00006563,order_00003157,ETH-USD,1869.63,30,2026-01-01T01:49:22Z
batch_0004,order_00005377,order_00003157,ETH-USD,1869.63,457,2026-01-01T01:29:36Z
batch_0004,order_00002310,order_00003157,ETH-USD,1869.63,93,2026-01-01T00:52:36Z
batch_0004,order_00003899,order_00003157,ETH-USD,1869.63,153,2026-01-01T01:04:58Z
batch_0004,order_00003033,order_00003157,ETH-USD,1869.63,213,2026-01-01T00:52:36Z
batch_0004,order_00003033,order_00001708,ETH-USD,1869.85,1,2026-01-01T00:50:32Z
batch_0004,order_00004291,order_00001708,ETH-USD,1869.85,386,2026-01-01T01:11:30Z
batch_0004,order_00006105,order_00001708,ETH-USD,1869.85,232,2026-01-01T01:41:44Z
batch_0004,order_00006105,order_00001899,ETH-USD,1869.96,322,2026-01-01T01:41:44Z
batch_0004,order_00005492,order_00001899,ETH-USD,1869.96,103,2026-01-01T01:31:31Z
batch_0004,order_00005492,order_00005203,ETH-USD,1869.96,122,2026-01-01T01:31:31Z
batch_0004,order_00005492,order_00002487,ETH-USD,1870.13,341,2026-01-01T01:31:31Z
batch_0004,order_00005492,order_00001606,ETH-USD,1870.25,339,2026-01-01T01:31:31Z
batch_0004,order_00006317,order_00001606,ETH-USD,1870.25,514,2026-01-01T01:45:16Z
batch_0004,order_00006317,order_00005020,ETH-USD,1870.45,174,2026-01-01T01:45:16Z
batch_0004,order_00004292,order_00005020,ETH-USD,1870.45,115,2026-01-01T01:23:39Z
batch_0004,order_00004292,order_00006344,ETH-USD,1870.55,79,2026-01-01T01:45:43Z
batch_0004,order_00006227,order_00006344,ETH-USD,1870.55,161,2026-01-01T01:45:43Z
batch_0004,order_00006227,order_00002546,ETH-USD,1870.56,118,2026-01-01T01:43:46Z
batch_0004,order_00004251,order_00002546,ETH-USD,1870.56,57,2026-01-01T01:10:50Z
batch_0004,order_00004251,order_00002778,ETH-USD,1870.69,287,2026-01-01T01:10:50Z
batch_0004,order_00004251,order_00005374,ETH-USD,1870.75,558,2026-01-01T01:29:33Z
batch_0004,order_00005633,order_00005374,ETH-USD,1870.75,1,2026-01-01T01:33:52Z
batch_0004,order_00005362,order_00005374,ETH-USD,1870.75,319,2026-01-01T01:29:33Z
batch_0004,order_00002814,order_00005374,ETH-USD,1870.75,113,2026-01-01T01:29:33Z
batch_0004,order_00002814,order_00004477,ETH-USD,1870.89,159,2026-01-01T01:14:36Z
batch_0004,order_00003163,order_00004477,ETH-USD,1870.89,35,2026-01-01T01:14:36Z
batch_0004,order_00005351,order_00004477,ETH-USD,1870.89,73,2026-01-01T01:29:10Z
batch_0004,order_00003340,order_00004477,ETH-USD,1870.89,70,2026-01-01T01:14:36Z
batch_0004,order_00003340,order_00003842,ETH-USD,1871.16,331,2026-01-01T01:04:01Z
batch_0004,order_00002980,order_00003842,ETH-USD,1871.16,221,2026-01-01T01:04:01Z
batch_0004,order_00002980,order_00001743,ETH-USD,1871.17,272,2026-01-01T00:49:39Z
batch_0004,order_00002980,order_00005610,ETH-USD,1871.46,189,2026-01-01T01:33:29Z
batch_0004,order_00002980,order_00002608,ETH-USD,1871.61,82,2026-01-01T00:49:39Z
batch_0004,order_00001704,order_00002608,ETH-USD,1871.61,299,2026-01-01T00:43:27Z
batch_0004,order_00006433,order_00002608,ETH-USD,1871.61,414,2026-01-01T01:47:12Z
batch_0004,order_00006433,order_00005447,ETH-USD,1871.67,46,2026-01-01T01:47:12Z
batch_0004,order_00005131,order_00005447,ETH-USD,1871.67,858,2026-01-01T01:30:46Z
batch_0004,order_00005131,order_00006367,ETH-USD,1871.67,58,2026-01-01T01:46:06Z
batch_0004,order_00004235,order_00006367,ETH-USD,1871.67,456,2026-01-01T01:46:06Z
batch_0004,order_00002328,order_00006367,ETH-USD,1871.67,312,2026-01-01T01:46:06Z
batch_0004,order_00002328,order_00001958,ETH-USD,1871.72,274,2026-01-01T00:38:47Z
batch_0004,order_00004491,order_00001958,ETH-USD,1871.72,103,2026-01-01T01:14:50Z
batch_0004,order_00004491,order_00004605,ETH-USD,1871.76,295,2026-01-01T01:16:44Z
batch_0004,order_00003950,order_00004605,ETH-USD,1871.76,456,2026-01-01T01:16:44Z
batch_0004,order_00003950,order_00001792,ETH-USD,1872.0,255,2026-01-01T01:05:49Z
batch_0004,order_00003689,order_00001792,ETH-USD,1872.0,356,2026-01-01T01:01:28Z
batch_0004,order_00003689,order_00006386,ETH-USD,1872.07,50,2026-01-01T01:46:25Z
batch_0004,order_00005504,order_00006386,ETH-USD,1872.07,456,2026-01-01T01:46:25Z
batch_0004,order_00005504,order_00006468,ETH-USD,1872.11,69,2026-01-01T01:47:47Z
batch_0004,order_00004444,order_00006468,ETH-USD,1872.11,833,2026-01-01T01:47:47Z
batch_0004,order_00004444,order_00003990,ETH-USD,1872.13,41,2026-01-01T01:14:03Z
batch_0004,order_00005308,order_00003990,ETH-USD,1872.13,380,2026-01-01T01:28:27Z
batch_0004,order_00003733,order_00003990,ETH-USD,1872.13,22,2026-01-01T01:06:29Z
batch_0004,order_00003733,order_00006447,ETH-USD,1872.13,589,2026-01-01T01:47:26Z
batch_0004,order_00006131,order_00006447,ETH-USD,1872.13,16,2026-01-01T01:47:26Z
batch_0004,order_00006131,order_00004978,ETH-USD,1872.18,120,2026-01-01T01:42:10Z
batch_0004,order_00006131,order_00002673,ETH-USD,1872.27,399,2026-01-01T01:42:10Z
batch_0004,order_00006131,order_00001949,ETH-USD,1872.34,87,2026-01-01T01:42:10Z
batch_0004,order_00005886,order_00001949,ETH-USD,1872.34,23,2026-01-01T01:38:05Z
batch_0004,order_00005886,order_00005787,ETH-USD,1872.66,600,2026-01-01T01:38:05Z
batch_0004,order_00002135,order_00005787,ETH-USD,1872.66,326,2026-01-01T01:36:26Z
batch_0004,order_00002135,order_00005134,ETH-USD,1872.69,408,2026-01-01T01:25:33Z
batch_0004,order_00002135,order_00006278,ETH-USD,1872.82,8,2026-01-01T01:44:37Z
batch_0004,order_00002135,order_00005962,ETH-USD,1873.58,187,2026-01-01T01:39:21Z
batch_0004,order_00001966,order_00005962,ETH-USD,1873.58,259,2026-01-01T01:39:21Z
batch_0004,order_00001966,order_00001737,ETH-USD,1873.71,550,2026-01-01T00:32:45Z
batch_0004,order_00005695,order_00001737,ETH-USD,1873.71,163,2026-01-01T01:34:54Z
batch_0004,order_00005695,order_00001940,ETH-USD,1873.91,205,2026-01-01T01:34:54Z
batch_0004,order_00005695,order_00004145,ETH-USD,1873.93,116,2026-01-01T01:34:54Z
batch_0004,order_00003133,order_00004145,ETH-USD,1873.93,94,2026-01-01T01:09:04Z
batch_0004,order_00003133,order_00004762,ETH-USD,1873.98,111,2026-01-01T01:19:21Z
batch_0004,order_00003133,order_00005762,ETH-USD,1874.52,510,2026-01-01T01:36:01Z
batch_0004,order_00001622,order_00005762,ETH-USD,1874.52,26,2026-01-01T01:36:01Z
batch_0004,order_00005204,order_00005762,ETH-USD,1874.52,278,2026-01-01T01:36:01Z
batch_0004,order_00005204,order_00004888,ETH-USD,1874.64,336,2026-01-01T01:26:43Z
batch_0004,order_00005204,order_00002430,ETH-USD,1874.68,28,2026-01-01T01:26:43Z
batch_0004,order_00005204,order_00005314,ETH-USD,1874.71,139,2026-01-01T01:28:33Z
batch_0004,order_00001826,order_00005314,ETH-USD,1874.71,755,2026-01-01T01:28:33Z
batch_0004,order_00001826,order_00004052,ETH-USD,1874.82,75,2026-01-01T01:07:31Z
batch_0004,order_00005768,order_00004052,ETH-USD,1874.82,37,2026-01-01T01:36:07Z
batch_0004,order_00004657,order_00004052,ETH-USD,1874.82,81,2026-01-01T01:17:36Z
batch_0004,order_00004657,order_00001616,ETH-USD,1874.95,72,2026-01-01T01:17:36Z
batch_0004,order_00005053,order_00001616,ETH-USD,1874.95,122,2026-01-01T01:24:12Z
batch_0004,order_00002351,order_00001616,ETH-USD,1874.95,141,2026-01-01T00:39:10Z
batch_0004,order_00003587,order_00001616,ETH-USD,1874.95,64,2026-01-01T00:59:46Z
batch_0004,order_00003587,order_00002567,ETH-USD,1875.17,184,2026-01-01T00:59:46Z
batch_0004,order_00002966,order_00002567,ETH-USD,1875.17,493,2026-01-01T00:49:25Z
batch_0004,order_00002966,order_00004104,ETH-USD,1875.28,10,2026-01-01T01:08:23Z
batch_0004,order_00002941,order_00004104,ETH-USD,1875.28,652,2026-01-01T01:08:23Z
batch_0004,order_00002941,order_00006504,ETH-USD,1875.51,273,2026-01-01T01:48:23Z
batch_0004,order_00004486,order_00006504,ETH-USD,1875.51,306,2026-01-01T01:48:23Z
batch_0004,order_00004486,order_00006044,ETH-USD,1875.56,39,2026-01-01T01:40:43Z
batch_0004,order_00004486,order_00002383,ETH-USD,1875.64,444,2026-01-01T01:14:45Z
batch_0004,order_00002571,order_00002383,ETH-USD,1875.64,158,2026-01-01T00:42:50Z
batch_0004,order_00002571,order_00006103,ETH-USD,1875.8,92,2026-01-01T01:41:42Z
batch_0004,order_00002571,order_00003166,ETH-USD,1876.05,378,2026-01-01T00:52:45Z
batch_0004,order_00001936,order_00003166,ETH-USD,1876.05,34,2026-01-01T00:52:45Z
batch_0004,order_00005616,order_00003166,ETH-USD,1876.05,97,2026-01-01T01:33:35Z
batch_0004,order_00005616,order_00004782,ETH-USD,1876.11,604,2026-01-01T01:33:35Z
batch_0004,order_00003021,order_00004782,ETH-USD,1876.11,181,2026-01-01T01:19:41Z
batch_0004,order_00003021,order_00005703,ETH-USD,1876.13,402,2026-01-01T01:35:02Z
batch_0004,order_00003021,order_00003722,ETH-USD,1876.39,45,2026-01-01T01:02:01Z
batch_0004,order_00005725,order_00003722,ETH-USD,1876.39,381,2026-01-01T01:35:24Z
batch_0004,order_00005725,order_00001945,ETH-USD,1876.62,432,2026-01-01T01:35:24Z
batch_0004,order_00003354,order_00001945,ETH-USD,1876.62,301,2026-01-01T00:55:53Z
batch_0004,order_00003354,order_00002319,ETH-USD,1876.74,107,2026-01-01T00:55:53Z
batch_0004,order_00003942,order_00002319,ETH-USD,1876.74,174,2026-01-01T01:05:41Z
batch_0004,order_00003942,order_00006350,ETH-USD,1876.74,322,2026-01-01T01:45:49Z
batch_0004,order_00003942,order_00006456,ETH-USD,1876.84,428,2026-01-01T01:47:35Z
batch_0004,order_00002387,order_00006456,ETH-USD,1876.84,116,2026-01-01T01:47:35Z
batch_0004,order_00002387,order_00004261,ETH-USD,1877.04,29,2026-01-01T01:11:00Z
batch_0004,order_00002387,order_00004032,ETH-USD,1877.16,337,2026-01-01T01:07:11Z
batch_0004,order_00002766,order_00004032,ETH-USD,1877.16,229,2026-01-01T01:07:11Z
batch_0004,order_00002766,order_00003582,ETH-USD,1877.21,722,2026-01-01T00:59:41Z
batch_0004,order_00006230,order_00003582,ETH-USD,1877.21,163,2026-01-01T01:43:49Z
batch_0004,order_00006230,order_00003903,ETH-USD,1877.26,182,2026-01-01T01:43:49Z
batch_0004,order_00005192,order_00003903,ETH-USD,1877.26,328,2026-01-01T01:26:31Z
batch_0004,order_00005192,order_00003047,ETH-USD,1877.57,433,2026-01-01T01:26:31Z
batch_0004,order_00005192,order_00002457,ETH-USD,1877.76,79,2026-01-01T01:26:31Z
batch_0004,order_00005128,order_00002457,ETH-USD,1877.76,798,2026-01-01T01:25:27Z
batch_0004,order_00005128,order_00003983,ETH-USD,1877.84,129,2026-01-01T01:25:27Z
batch_0004,order_00004246,order_00003983,ETH-USD,1877.84,454,2026-01-01T01:10:45Z
batch_0004,order_00004246,order_00005955,ETH-USD,1878.09,228,2026-01-01T01:39:14Z
batch_0004,order_00004246,order_00003159,ETH-USD,1878.29,205,2026-01-01T01:10:45Z
batch_0004,order_00004246,order_00004142,ETH-USD,1878.31,108,2026-01-01T01:10:45Z
batch_0004,order_00005191,order_00004142,ETH-USD,1878.31,235,2026-01-01T01:26:30Z
batch_0004,order_00005191,order_00005729,ETH-USD,1879.59,100,2026-01-01T01:35:28Z
batch_0004,order_00004651,order_00005729,ETH-USD,1879.59,64,2026-01-01T01:35:28Z
batch_0004,order_00004651,order_00005664,ETH-USD,1879.67,482,2026-01-01T01:34:23Z
batch_0004,order_00004651,order_00004581,ETH-USD,1879.79,91,2026-01-01T01:17:30Z
batch_0004,order_00005160,order_00004581,ETH-USD,1879.79,29,2026-01-01T01:25:59Z
batch_0004,order_00006073,order_00004581,ETH-USD,1879.79,271,2026-01-01T01:41:12Z
batch_0004,order_00004698,order_00004581,ETH-USD,1879.79,210,2026-01-01T01:18:17Z
batch_0004,order_00004698,order_00002987,ETH-USD,1879.89,440,2026-01-01T01:18:17Z
batch_0004,order_00004698,order_00004947,ETH-USD,1880.07,130,2026-01-01T01:22:26Z
batch_0004,order_00004698,order_00003913,ETH-USD,1880.37,120,2026-01-01T01:18:17Z
batch_0004,order_00004963,order_00003913,ETH-USD,1880.37,454,2026-01-01T01:22:42Z
batch_0004,order_00004392,order_00003913,ETH-USD,1880.37,85,2026-01-01T01:13:11Z
batch_0004,order_00004392,order_00004565,ETH-USD,1880.37,410,2026-01-01T01:16:04Z
batch_0004,order_00005752,order_00004565,ETH-USD,1880.37,51,2026-01-01T01:35:51Z
batch_0004,order_00005752,order_00005854,ETH-USD,1880.45,161,2026-01-01T01:37:33Z
batch_0004,order_00005752,order_00006141,ETH-USD,1880.64,426,2026-01-01T01:42:20Z
batch_0004,order_00006114,order_00006141,ETH-USD,1880.64,572,2026-01-01T01:42:20Z
batch_0004,order_00006114,order_00004456,ETH-USD,1880.69,306,2026-01-01T01:41:53Z
batch_0004,order_00003657,order_00004456,ETH-USD,1880.69,208,2026-01-01T01:14:15Z
batch_0004,order_00003657,order_00001621,ETH-USD,1880.84,198,2026-01-01T01:00:56Z
batch_0004,order_00003055,order_00001621,ETH-USD,1880.84,176,2026-01-01T00:50:54Z
batch_0004,order_00006455,order_00001621,ETH-USD,1880.84,423,2026-01-01T01:47:34Z
batch_0004,order_00006455,order_00005779,ETH-USD,1880.94,93,2026-01-01T01:47:34Z
batch_0004,order_00002817,order_00005779,ETH-USD,1880.94,108,2026-01-01T01:36:18Z
batch_0004,order_00002817,order_00004809,ETH-USD,1881.07,204,2026-01-01T01:20:08Z
batch_0004,order_00002817,order_00006425,ETH-USD,1881.26,504,2026-01-01T01:47:04Z
batch_0004,order_00003092,order_00006425,ETH-USD,1881.26,76,2026-01-01T01:47:04Z
batch_0004,order_00003092,order_00004972,ETH-USD,1881.27,215,2026-01-01T01:22:51Z
batch_0004,order_00002230,order_00004972,ETH-USD,1881.27,339,2026-01-01T01:22:51Z
batch_0004,order_00002230,order_00005908,ETH-USD,1881.32,344,2026-01-01T01:38:27Z
batch_0004,order_00001934,order_00005908,ETH-USD,1881.32,317,2026-01-01T01:38:27Z
batch_0004,order_00001934,order_00005218,ETH-USD,1881.56,55,2026-01-01T01:26:57Z
batch_0004,order_00001934,order_00004608,ETH-USD,1881.67,410,2026-01-01T01:16:47Z
batch_0004,order_00005367,order_00004608,ETH-USD,1881.67,332,2026-01-01T01:29:26Z
batch_0004,order_00005367,order_00003123,ETH-USD,1881.72,254,2026-01-01T01:29:26Z
batch_0004,order_00005367,order_00001626,ETH-USD,1882.07,136,2026-01-01T01:29:26Z
batch_0004,order_00005367,order_00002367,ETH-USD,1882.13,181,2026-01-01T01:29:26Z
batch_0004,order_00002668,order_00002367,ETH-USD,1882.13,108,2026-01-01T00:44:27Z
batch_0004,order_00002730,order_00002367,ETH-USD,1882.13,96,2026-01-01T00:45:29Z
batch_0004,order_00002730,order_00002193,ETH-USD,1882.15,628,2026-01-01T00:45:29Z
batch_0004,order_00006379,order_00002193,ETH-USD,1882.15,264,2026-01-01T01:46:18Z
batch_0004,order_00006379,order_00006337,ETH-USD,1882.61,22,2026-01-01T01:46:18Z
batch_0004,order_00003234,order_00006337,ETH-USD,1882.61,257,2026-01-01T01:45:36Z
batch_0004,order_00002286,order_00006337,ETH-USD,1882.61,173,2026-01-01T01:45:36Z
batch_0004,order_00004892,order_00006337,ETH-USD,1882.61,272,2026-01-01T01:45:36Z
batch_0004,order_00004892,order_00001635,ETH-USD,1882.63,105,2026-01-01T01:21:31Z
batch_0004,order_00004892,order_00005182,ETH-USD,1882.86,246,2026-01-01T01:26:21Z
batch_0004,order_00003189,order_00005182,ETH-USD,1882.86,159,2026-01-01T01:26:21Z
batch_0004,order_00003189,order_00004127,ETH-USD,1882.9,152,2026-01-01T01:08:46Z
batch_0004,order_00006508,order_00004127,ETH-USD,1882.9,439,2026-01-01T01:48:27Z
batch_0004,order_00003207,order_00004127,ETH-USD,1882.9,243,2026-01-01T01:08:46Z
batch_0004,order_00003207,order_00003788,ETH-USD,1883.5,133,2026-01-01T01:03:07Z
batch_0004,order_00006362,order_00003788,ETH-USD,1883.5,59,2026-01-01T01:46:01Z
batch_0004,order_00006269,order_00003788,ETH-USD,1883.5,128,2026-01-01T01:44:28Z
batch_0004,order_00006269,order_00003411,ETH-USD,1883.72,13,2026-01-01T01:44:28Z
batch_0004,order_00005530,order_00003411,ETH-USD,1883.72,472,2026-01-01T01:32:09Z
batch_0004,order_00005530,order_00001801,ETH-USD,1883.84,7,2026-01-01T01:32:09Z
batch_0004,order_00005420,order_00001801,ETH-USD,1883.84,46,2026-01-01T01:30:19Z
batch_0004,order_00005922,order_00001801,ETH-USD,1883.84,239,2026-01-01T01:38:41Z
batch_0004,order_00005922,order_00005971,ETH-USD,1883.96,230,2026-01-01T01:39:30Z
batch_0004,order_00005922,order_00006356,ETH-USD,1884.02,338,2026-01-01T01:45:55Z
batch_0004,order_00004098,order_00006356,ETH-USD,1884.02,151,2026-01-01T01:45:55Z
batch_0004,order_00004098,order_00005271,ETH-USD,1884.04,248,2026-01-01T01:27:50Z
batch_0004,order_00006345,order_00005271,ETH-USD,1884.04,333,2026-01-01T01:45:44Z
batch_0004,order_00006345,order_00004551,ETH-USD,1884.08,47,2026-01-01T01:45:44Z
batch_0004,order_00004222,order_00004551,ETH-USD,1884.08,566,2026-01-01T01:15:50Z
batch_0004,order_00005484,order_00004551,ETH-USD,1884.08,55,2026-01-01T01:31:23Z
batch_0004,order_00005484,order_00005612,ETH-USD,1884.43,346,2026-01-01T01:33:31Z
batch_0004,order_00005484,order_00005033,ETH-USD,1884.81,134,2026-01-01T01:31:23Z
batch_0004,order_00005484,order_00005273,ETH-USD,1884.84,386,2026-01-01T01:31:23Z
batch_0004,order_00002541,order_00005273,ETH-USD,1884.84,561,2026-01-01T01:27:52Z
batch_0004,order_00002541,order_00004498,ETH-USD,1884.94,26,2026-01-01T01:14:57Z
batch_0004,order_00004639,order_00004498,ETH-USD,1884.94,28,2026-01-01T01:17:18Z
batch_0004,order_00003067,order_00004498,ETH-USD,1884.94,151,2026-01-01T01:14:57Z
batch_0004,order_00006573,order_00004498,ETH-USD,1884.94,208,2026-01-01T01:49:32Z
batch_0004,order_00006573,order_00003031,ETH-USD,1884.99,62,2026-01-01T01:49:32Z
batch_0004,order_00006573,order_00004314,ETH-USD,1885.36,98,2026-01-01T01:49:32Z
batch_0004,order_00006424,order_00004314,ETH-USD,1885.36,359,2026-01-01T01:47:03Z
batch_0004,order_00006424,order_00002900,ETH-USD,1885.37,251,2026-01-01T01:47:03Z
batch_0004,order_00003011,order_00002900,ETH-USD,1885.37,234,2026-01-01T00:50:10Z
batch_0004,order_00003011,order_00004714,ETH-USD,1885.48,336,2026-01-01T01:18:33Z
batch_0004,order_00002874,order_00004714,ETH-USD,1885.48,361,2026-01-01T01:18:33Z
batch_0004,order_00002874,order_00004677,ETH-USD,1885.55,369,2026-01-01T01:17:56Z
batch_0004,order_00005234,order_00004677,ETH-USD,1885.55,73,2026-01-01T01:27:13Z
batch_0004,order_00005234,order_00006133,ETH-USD,1885.56,130,2026-01-01T01:42:12Z
batch_0004,order_00005234,order_00002003,ETH-USD,1885.63,549,2026-01-01T01:27:13Z
batch_0004,order_00005234,order_00003324,ETH-USD,1885.68,171,2026-01-01T01:27:13Z
batch_0004,order_00002035,order_00003324,ETH-USD,1885.68,126,2026-01-01T00:55:23Z
batch_0004,order_00003278,order_00003324,ETH-USD,1885.68,471,2026-01-01T00:55:23Z
batch_0004,order_00003278,order_00001950,ETH-USD,1885.71,432,2026-01-01T00:54:37Z
batch_0004,order_00003409,order_00001950,ETH-USD,1885.71,3,2026-01-01T00:56:48Z
batch_0004,order_00003409,order_00004148,ETH-USD,1885.74,587,2026-01-01T01:09:07Z
batch_0004,order_00006439,order_00004148,ETH-USD,1885.74,104,2026-01-01T01:47:18Z
batch_0004,order_00006439,order_00005949,ETH-USD,1885.93,634,2026-01-01T01:47:18Z
batch_0004,order_00003798,order_00005949,ETH-USD,1885.93,20,2026-01-01T01:39:08Z
batch_0004,order_00003798,order_00005732,ETH-USD,1886.21,86,2026-01-01T01:35:31Z
batch_0004,order_00006400,order_00005732,ETH-USD,1886.21,25,2026-01-01T01:46:39Z
batch_0004,order_00006400,order_00002078,ETH-USD,1886.23,166,2026-01-01T01:46:39Z
batch_0004,order_00005587,order_00002078,ETH-USD,1886.23,449,2026-01-01T01:33:06Z
batch_0004,order_00005587,order_00004619,ETH-USD,1886.24,261,2026-01-01T01:33:06Z
batch_0004,order_00002158,order_00004619,ETH-USD,1886.24,309,2026-01-01T01:16:58Z
batch_0004,order_00006565,order_00004619,ETH-USD,1886.24,11,2026-01-01T01:49:24Z
batch_0004,order_00006565,order_00003824,ETH-USD,1886.42,27,2026-01-01T01:49:24Z
batch_0004,order_00006565,order_00005092,ETH-USD,1886.51,153,2026-01-01T01:49:24Z
batch_0004,order_00006565,order_00006326,ETH-USD,1886.61,63,2026-01-01T01:49:24Z
batch_0004,order_00006565,order_00003223,ETH-USD,1886.62,606,2026-01-01T01:49:24Z
batch_0004,order_00006565,order_00002451,ETH-USD,1886.9,45,2026-01-01T01:49:24Z
batch_0004,order_00004864,order_00002451,ETH-USD,1886.9,553,2026-01-01T01:21:03Z
batch_0004,order_00003966,order_00002451,ETH-USD,1886.9,326,2026-01-01T01:06:05Z
batch_0004,order_00003966,order_00001666,ETH-USD,1887.04,71,2026-01-01T01:06:05Z
batch_0004,order_00002141,order_00001666,ETH-USD,1887.04,22,2026-01-01T00:35:40Z
batch_0004,order_00002141,order_00003470,ETH-USD,1887.3,62,2026-01-01T00:57:49Z
batch_0004,order_00004010,order_00003470,ETH-USD,1887.3,175,2026-01-01T01:06:49Z
batch_0004,order_00003940,order_00003470,ETH-USD,1887.3,28,2026-01-01T01:05:39Z
batch_0004,order_00003940,order_00005706,ETH-USD,1887.36,625,2026-01-01T01:35:05Z
batch_0004,order_00003940,order_00005432,ETH-USD,1887.53,60,2026-01-01T01:30:31Z
batch_0004,order_00002728,order_00005432,ETH-USD,1887.53,94,2026-01-01T01:30:31Z
batch_0004,order_00002728,order_00006166,ETH-USD,1887.65,194,2026-01-01T01:42:45Z
batch_0004,order_00005285,order_00006166,ETH-USD,1887.65,507,2026-01-01T01:42:45Z
batch_0004,order_00005285,order_00005833,ETH-USD,1887.74,59,2026-01-01T01:37:12Z
batch_0004,order_00005285,order_00002393,ETH-USD,1887.81,204,2026-01-01T01:28:04Z
batch_0004,order_00005628,order_00002393,ETH-USD,1887.81,9,2026-01-01T01:33:47Z
batch_0004,order_00005628,order_00003206,ETH-USD,1888.11,571,2026-01-01T01:33:47Z
batch_0004,order_00005785,order_00003206,ETH-USD,1888.11,309,2026-01-01T01:36:24Z
batch_0004,order_00005785,order_00005898,ETH-USD,1888.58,318,2026-01-01T01:38:17Z
batch_0004,order_00001965,order_00005898,ETH-USD,1888.58,471,2026-01-01T01:38:17Z
batch_0004,order_00001965,order_00005043,ETH-USD,1888.73,8,2026-01-01T01:24:02Z
batch_0004,order_00001965,order_00002597,ETH-USD,1888.86,252,2026-01-01T00:43:16Z
batch_0004,order_00003241,order_00002597,ETH-USD,1888.86,265,2026-01-01T00:54:00Z
batch_0004,order_00005312,order_00002597,ETH-USD,1888.86,88,2026-01-01T01:28:31Z
batch_0004,order_00005312,order_00003973,ETH-USD,1889.54,369,2026-01-01T01:28:31Z
batch_0004,order_00005312,order_00006145,ETH-USD,1889.6,121,2026-01-01T01:42:24Z
batch_0004,order_00005312,order_00003172,ETH-USD,1889.61,24,2026-01-01T01:28:31Z
batch_0004,order_00005312,order_00003370,ETH-USD,1889.62,117,2026-01-01T01:28:31Z
batch_0004,order_00005206,order_00003370,ETH-USD,1889.62,138,2026-01-01T01:26:45Z
batch_0004,order_00006303,order_00003370,ETH-USD,1889.62,209,2026-01-01T01:45:02Z
batch_0004,order_00006303,order_00005685,ETH-USD,1889.81,150,2026-01-01T01:45:02Z
batch_0004,order_00006303,order_00002632,ETH-USD,1889.97,15,2026-01-01T01:45:02Z
batch_0004,order_00006479,order_00002632,ETH-USD,1889.97,380,2026-01-01T01:47:58Z
batch_0004,order_00003221,order_00002632,ETH-USD,1889.97,127,2026-01-01T00:53:40Z
batch_0004,order_00003221,order_00006403,ETH-USD,1890.07,428,2026-01-01T01:46:42Z
batch_0004,order_00003653,order_00006403,ETH-USD,1890.07,112,2026-01-01T01:46:42Z
batch_0004,order_00005658,order_00006403,ETH-USD,1890.07,59,2026-01-01T01:46:42Z
batch_0004,order_00005658,order_00002420,ETH-USD,1890.2,348,2026-01-01T01:34:17Z
batch_0004,order_00005658,order_00003460,ETH-USD,1890.38,275,2026-01-01T01:34:17Z
batch_0004,order_00003742,order_00003460,ETH-USD,1890.38,149,2026-01-01T01:02:21Z
batch_0004,order_00003742,order_00002710,ETH-USD,1890.44,238,2026-01-01T01:02:21Z
batch_0004,order_00004109,order_00002710,ETH-USD,1890.44,19,2026-01-01T01:08:28Z
batch_0004,order_00004109,order_00005267,ETH-USD,1890.55,641,2026-01-01T01:27:46Z
batch_0004,order_00002059,order_00005267,ETH-USD,1890.55,24,2026-01-01T01:27:46Z
batch_0004,order_00002059,order_00005965,ETH-USD,1890.57,5,2026-01-01T01:39:24Z
batch_0004,order_00005692,order_00005965,ETH-USD,1890.57,491,2026-01-01T01:39:24Z
batch_0004,order_00006150,order_00005965,ETH-USD,1890.57,214,2026-01-01T01:42:29Z
batch_0004,order_00002975,order_00005965,ETH-USD,1890.57,37,2026-01-01T01:39:24Z
batch_0004,order_00002975,order_00006270,ETH-USD,1890.68,488,2026-01-01T01:44:29Z
batch_0004,order_00002554,order_00006270,ETH-USD,1890.68,245,2026-01-01T01:44:29Z
batch_0004,order_00002554,order_00005845,ETH-USD,1890.86,444,2026-01-01T01:37:24Z
batch_0004,order_00005805,order_00005845,ETH-USD,1890.86,435,2026-01-01T01:37:24Z
batch_0004,order_00005805,order_00002847,ETH-USD,1890.93,117,2026-01-01T01:36:44Z
batch_0004,order_00006478,order_00002847,ETH-USD,1890.93,610,2026-01-01T01:47:57Z
batch_0004,order_00006478,order_00005976,ETH-USD,1891.15,146,2026-01-01T01:47:57Z
batch_0004,order_00003416,order_00005976,ETH-USD,1891.15,346,2026-01-01T01:39:35Z
batch_0004,order_00003416,order_00004769,ETH-USD,1891.24,167,2026-01-01T01:19:28Z
batch_0004,order_00004131,order_00004769,ETH-USD,1891.24,225,2026-01-01T01:19:28Z
batch_0004,order_00006077,order_00004769,ETH-USD,1891.24,275,2026-01-01T01:41:16Z
batch_0004,order_00004574,order_00004769,ETH-USD,1891.24,75,2026-01-01T01:19:28Z
batch_0004,order_00004574,order_00003066,ETH-USD,1891.32,176,2026-01-01T01:16:13Z
batch_0004,order_00001783,order_00003066,ETH-USD,1891.32,145,2026-01-01T00:51:05Z
batch_0004,order_00001935,order_00003066,ETH-USD,1891.32,496,2026-01-01T00:51:05Z
batch_0004,order_00003297,order_00003066,ETH-USD,1891.32,39,2026-01-01T00:54:56Z
batch_0004,order_00003297,order_00003932,ETH-USD,1891.35,288,2026-01-01T01:05:31Z
batch_0004,order_00002493,order_00003932,ETH-USD,1891.35,439,2026-01-01T01:05:31Z
batch_0004,order_00006052,order_00003932,ETH-USD,1891.35,120,2026-01-01T01:40:51Z
batch_0004,order_00006052,order_00002070,ETH-USD,1891.48,592,2026-01-01T01:40:51Z
batch_0004,order_00004897,order_00002070,ETH-USD,1891.48,50,2026-01-01T01:21:36Z
batch_0004,order_00004897,order_00003660,ETH-USD,1891.49,276,2026-01-01T01:21:36Z
batch_0004,order_00004897,order_00004092,ETH-USD,1891.57,3,2026-01-01T01:21:36Z
batch_0004,order_00001716,order_00004092,ETH-USD,1891.57,271,2026-01-01T01:08:11Z
batch_0004,order_00003353,order_00004092,ETH-USD,1891.57,21,2026-01-01T01:08:11Z
batch_0004,order_00003380,order_00004092,ETH-USD,1891.57,215,2026-01-01T01:08:11Z
batch_0004,order_00006324,order_00004092,ETH-USD,1891.57,270,2026-01-01T01:45:23Z
batch_0004,order_00005470,order_00004092,ETH-USD,1891.57,154,2026-01-01T01:31:09Z
batch_0004,order_00005470,order_00005055,ETH-USD,1891.94,568,2026-01-01T01:31:09Z
batch_0004,order_00005470,order_00001807,ETH-USD,1892.03,18,2026-01-01T01:31:09Z
batch_0004,order_00003832,order_00001807,ETH-USD,1892.03,316,2026-01-01T01:03:51Z
batch_0004,order_00003832,order_00006416,ETH-USD,1892.2,95,2026-01-01T01:46:55Z
batch_0004,order_00001836,order_00006416,ETH-USD,1892.2,437,2026-01-01T01:46:55Z
batch_0004,order_00001718,order_00006416,ETH-USD,1892.2,129,2026-01-01T01:46:55Z
batch_0004,order_00001718,order_00003212,ETH-USD,1892.21,534,2026-01-01T00:53:31Z
batch_0004,order_00001718,order_00004324,ETH-USD,1892.36,309,2026-01-01T01:12:03Z
batch_0004,order_00004526,order_00004324,ETH-USD,1892.36,414,2026-01-01T01:15:25Z
batch_0004,order_00003782,order_00004324,ETH-USD,1892.36,198,2026-01-01T01:12:03Z
batch_0004,order_00003782,order_00006305,ETH-USD,1892.44,251,2026-01-01T01:45:04Z
batch_0004,order_00003782,order_00003303,ETH-USD,1892.67,504,2026-01-01T01:03:01Z
batch_0004,order_00005993,order_00003303,ETH-USD,1892.67,337,2026-01-01T01:39:52Z
batch_0004,order_00005463,order_00003303,ETH-USD,1892.67,52,2026-01-01T01:31:02Z
batch_0004,order_00004815,order_00003303,ETH-USD,1892.67,54,2026-01-01T01:20:14Z
batch_0004,order_00004815,order_00003294,ETH-USD,1892.91,100,2026-01-01T01:20:14Z
batch_0004,order_00004815,order_00002478,ETH-USD,1892.96,71,2026-01-01T01:20:14Z
batch_0004,order_00004024,order_00002478,ETH-USD,1892.96,53,2026-01-01T01:07:03Z
batch_0004,order_00004024,order_00005152,ETH-USD,1893.06,111,2026-01-01T01:25:51Z
batch_0004,order_00004024,order_00005115,ETH-USD,1893.26,116,2026-01-01T01:25:14Z
batch_0004,order_00002107,order_00005115,ETH-USD,1893.26,173,2026-01-01T01:25:14Z
batch_0004,order_00002549,order_00005115,ETH-USD,1893.26,61,2026-01-01T01:25:14Z
batch_0004,order_00006245,order_00005115,ETH-USD,1893.26,600,2026-01-01T01:44:04Z
batch_0004,order_00006245,order_00005789,ETH-USD,1893.27,73,2026-01-01T01:44:04Z
batch_0004,order_00006393,order_00005789,ETH-USD,1893.27,352,2026-01-01T01:46:32Z
batch_0004,order_00006393,order_00005586,ETH-USD,1893.85,287,2026-01-01T01:46:32Z
batch_0004,order_00003750,order_00005586,ETH-USD,1893.85,505,2026-01-01T01:33:05Z
batch_0004,order_00003385,order_00005586,ETH-USD,1893.85,140,2026-01-01T01:33:05Z
batch_0004,order_00003385,order_00003859,ETH-USD,1893.88,393,2026-01-01T01:04:18Z
batch_0004,order_00003427,order_00003859,ETH-USD,1893.88,567,2026-01-01T01:04:18Z
batch_0004,order_00003427,order_00004176,ETH-USD,1893.93,193,2026-01-01T01:09:35Z
batch_0004,order_00003427,order_00003337,ETH-USD,1893.94,196,2026-01-01T00:57:06Z
batch_0004,order_00006066,order_00003337,ETH-USD,1893.94,508,2026-01-01T01:41:05Z
batch_0004,order_00006066,order_00004851,ETH-USD,1894.09,160,2026-01-01T01:41:05Z
batch_0004,order_00001831,order_00004851,ETH-USD,1894.09,115,2026-01-01T01:20:50Z
batch_0004,order_00001831,order_00005764,ETH-USD,1894.28,43,2026-01-01T01:36:03Z
batch_0004,order_00001831,order_00005080,ETH-USD,1894.38,427,2026-01-01T01:24:39Z
batch_0004,order_00004955,order_00005080,ETH-USD,1894.38,173,2026-01-01T01:24:39Z
batch_0004,order_00004955,order_00005901,ETH-USD,1894.78,94,2026-01-01T01:38:20Z
batch_0004,order_00002850,order_00005901,ETH-USD,1894.78,471,2026-01-01T01:38:20Z
batch_0004,order_00002850,order_00001869,ETH-USD,1895.16,166,2026-01-01T00:47:29Z
batch_0004,order_00002850,order_00003230,ETH-USD,1895.29,206,2026-01-01T00:53:49Z
batch_0004,order_00002317,order_00003230,ETH-USD,1895.29,132,2026-01-01T00:53:49Z
batch_0004,order_00003614,order_00003230,ETH-USD,1895.29,521,2026-01-01T01:00:13Z
batch_0004,order_00005988,order_00003230,ETH-USD,1895.29,88,2026-01-01T01:39:47Z
batch_0004,order_00005988,order_00002560,ETH-USD,1895.84,364,2026-01-01T01:39:47Z
batch_0004,order_00002741,order_00002560,ETH-USD,1895.84,473,2026-01-01T00:45:40Z
batch_0004,order_00002741,order_00003269,ETH-USD,1896.42,204,2026-01-01T00:54:28Z
batch_0004,order_00003129,order_00003269,ETH-USD,1896.42,506,2026-01-01T00:54:28Z
batch_0004,order_00003129,order_00004688,ETH-USD,1896.58,333,2026-01-01T01:18:07Z
batch_0004,order_00004165,order_00004688,ETH-USD,1896.58,45,2026-01-01T01:18:07Z
batch_0004,order_00004165,order_00001943,ETH-USD,1896.73,607,2026-01-01T01:09:24Z
batch_0004,order_00006152,order_00001943,ETH-USD,1896.73,21,2026-01-01T01:42:31Z
batch_0004,order_00006152,order_00004204,ETH-USD,1896.73,278,2026-01-01T01:42:31Z
batch_0004,order_00003752,order_00004204,ETH-USD,1896.73,36,2026-01-01T01:10:03Z
batch_0004,order_00003752,order_00004741,ETH-USD,1896.84,49,2026-01-01T01:19:00Z
batch_0004,order_00004146,order_00004741,ETH-USD,1896.84,70,2026-01-01T01:19:00Z
batch_0004,order_00004146,order_00003029,ETH-USD,1896.95,40,2026-01-01T01:09:05Z
batch_0004,order_00003553,order_00003029,ETH-USD,1896.95,854,2026-01-01T00:59:12Z
batch_0004,order_00003553,order_00002579,ETH-USD,1897.34,21,2026-01-01T00:59:12Z
batch_0004,order_00004641,order_00002579,ETH-USD,1897.34,226,2026-01-01T01:17:20Z
batch_0004,order_00004641,order_00005483,ETH-USD,1897.48,106,2026-01-01T01:31:22Z
batch_0004,order_00004641,order_00003202,ETH-USD,1897.7,444,2026-01-01T01:17:20Z
batch_0004,order_00006348,order_00003202,ETH-USD,1897.7,429,2026-01-01T01:45:47Z
batch_0004,order_00006157,order_00003202,ETH-USD,1897.7,39,2026-01-01T01:42:36Z
batch_0004,order_00006157,order_00002382,ETH-USD,1897.82,652,2026-01-01T01:42:36Z
batch_0004,order_00006157,order_00005818,ETH-USD,1897.82,81,2026-01-01T01:42:36Z
batch_0004,order_00001903,order_00005818,ETH-USD,1897.82,411,2026-01-01T01:36:57Z
batch_0004,order_00001903,order_00004950,ETH-USD,1897.9,162,2026-01-01T01:22:29Z
batch_0004,order_00002250,order_00004950,ETH-USD,1897.9,371,2026-01-01T01:22:29Z
batch_0004,order_00002250,order_00001637,ETH-USD,1897.93,468,2026-01-01T00:37:29Z
batch_0004,order_00003921,order_00001637,ETH-USD,1897.93,120,2026-01-01T01:05:20Z
batch_0004,order_00003921,order_00002625,ETH-USD,1898.0,202,2026-01-01T01:05:20Z
batch_0004,order_00003669,order_00002625,ETH-USD,1898.0,212,2026-01-01T01:01:08Z
batch_0004,order_00003669,order_00003586,ETH-USD,1898.02,362,2026-01-01T01:01:08Z
batch_0004,order_00005834,order_00003586,ETH-USD,1898.02,22,2026-01-01T01:37:13Z
batch_0004,order_00002725,order_00003586,ETH-USD,1898.02,87,2026-01-01T00:59:45Z
batch_0004,order_00002725,order_00001695,ETH-USD,1898.09,91,2026-01-01T00:45:24Z
batch_0004,order_00002725,order_00003680,ETH-USD,1898.09,434,2026-01-01T01:01:19Z
batch_0004,order_00002036,order_00003680,ETH-USD,1898.09,15,2026-01-01T01:01:19Z
batch_0004,order_00002036,order_00003851,ETH-USD,1898.14,225,2026-01-01T01:04:10Z
batch_0004,order_00002036,order_00006025,ETH-USD,1898.14,359,2026-01-01T01:40:24Z
batch_0004,order_00005095,order_00006025,ETH-USD,1898.14,216,2026-01-01T01:40:24Z
batch_0004,order_00006291,order_00006025,ETH-USD,1898.14,7,2026-01-01T01:44:50Z
batch_0004,order_00006291,order_00004288,ETH-USD,1898.25,50,2026-01-01T01:44:50Z
batch_0004,order_00004147,order_00004288,ETH-USD,1898.25,334,2026-01-01T01:11:27Z
batch_0004,order_00004147,order_00002298,ETH-USD,1898.37,250,2026-01-01T01:09:06Z
batch_0004,order_00003315,order_00002298,ETH-USD,1898.37,30,2026-01-01T00:55:14Z
batch_0004,order_00003315,order_00005050,ETH-USD,1898.44,616,2026-01-01T01:24:09Z
batch_0004,order_00006202,order_00005050,ETH-USD,1898.44,353,2026-01-01T01:43:21Z
batch_0004,order_00006202,order_00005178,ETH-USD,1898.56,157,2026-01-01T01:43:21Z
batch_0004,order_00003205,order_00005178,ETH-USD,1898.56,213,2026-01-01T01:26:17Z
batch_0004,order_00003205,order_00003861,ETH-USD,1898.76,510,2026-01-01T01:04:20Z
batch_0004,order_00003298,order_00003861,ETH-USD,1898.76,210,2026-01-01T01:04:20Z
batch_0004,order_00003298,order_00004286,ETH-USD,1898.81,654,2026-01-01T01:11:25Z
batch_0004,order_00003298,order_00006246,ETH-USD,1898.85,104,2026-01-01T01:44:05Z
batch_0004,order_00002032,order_00006246,ETH-USD,1898.85,87,2026-01-01T01:44:05Z
batch_0004,order_00002032,order_00005550,ETH-USD,1899.12,201,2026-01-01T01:32:29Z
batch_0004,order_00002032,order_00005130,ETH-USD,1899.24,297,2026-01-01T01:25:29Z
batch_0004,order_00001715,order_00005130,ETH-USD,1899.24,361,2026-01-01T01:25:29Z
batch_0004,order_00001715,order_00005015,ETH-USD,1899.47,231,2026-01-01T01:23:34Z
batch_0004,order_00005734,order_00005015,ETH-USD,1899.47,70,2026-01-01T01:35:33Z
batch_0004,order_00003352,order_00005015,ETH-USD,1899.47,567,2026-01-01T01:23:34Z
batch_0004,order_00003633,order_00005015,ETH-USD,1899.47,87,2026-01-01T01:23:34Z
batch_0004,order_00003633,order_00005738,ETH-USD,1899.65,108,2026-01-01T01:35:37Z
batch_0004,order_00004668,order_00005738,ETH-USD,1899.65,215,2026-01-01T01:35:37Z
batch_0004,order_00004668,order_00004007,ETH-USD,1899.76,426,2026-01-01T01:17:47Z
batch_0004,order_00002659,order_00004007,ETH-USD,1899.76,500,2026-01-01T01:06:46Z
batch_0004,order_00002659,order_00002471,ETH-USD,1899.88,145,2026-01-01T00:44:18Z
batch_0004,order_00003880,order_00002471,ETH-USD,1899.88,166,2026-01-01T01:04:39Z
batch_0004,order_00003678,order_00002471,ETH-USD,1899.88,641,2026-01-01T01:01:17Z
batch_0004,order_00003678,order_00005044,ETH-USD,1899.88,34,2026-01-01T01:24:03Z
batch_0004,order_00003678,order_00003971,ETH-USD,1900.02,119,2026-01-01T01:06:10Z
batch_0004,order_00002893,order_00003971,ETH-USD,1900.02,185,2026-01-01T01:06:10Z
batch_0004,order_00001880,order_00003971,ETH-USD,1900.02,116,2026-01-01T01:06:10Z
batch_0004,order_00001693,order_00003971,ETH-USD,1900.02,208,2026-01-01T01:06:10Z
batch_0004,order_00001693,order_00003204,ETH-USD,1900.08,79,2026-01-01T00:53:23Z
batch_0004,order_00001693,order_00002333,ETH-USD,1900.16,461,2026-01-01T00:38:52Z
batch_0004,order_00004460,order_00002333,ETH-USD,1900.16,400,2026-01-01T01:14:19Z
batch_0004,order_00004460,order_00004276,ETH-USD,1900.64,65,2026-01-01T01:14:19Z
batch_0004,order_00004460,order_00006431,ETH-USD,1900.75,409,2026-01-01T01:47:10Z
batch_0004,order_00004460,order_00004227,ETH-USD,1901.28,50,2026-01-01T01:14:19Z
batch_0004,order_00004460,order_00004208,ETH-USD,1901.37,49,2026-01-01T01:14:19Z
batch_0004,order_00004480,order_00004208,ETH-USD,1901.37,20,2026-01-01T01:14:39Z
batch_0004,order_00004480,order_00005607,ETH-USD,1901.5,300,2026-01-01T01:33:26Z
batch_0004,order_00004480,order_00006377,ETH-USD,1901.52,188,2026-01-01T01:46:16Z
batch_0004,order_00004480,order_00004468,ETH-USD,1901.66,260,2026-01-01T01:14:39Z
batch_0004,order_00002521,order_00004468,ETH-USD,1901.66,334,2026-01-01T01:14:27Z
batch_0004,order_00002521,order_00005773,ETH-USD,1901.81,179,2026-01-01T01:36:12Z
batch_0004,order_00003754,order_00005773,ETH-USD,1901.81,190,2026-01-01T01:36:12Z
batch_0004,order_00003165,order_00005773,ETH-USD,1901.81,398,2026-01-01T01:36:12Z
batch_0004,order_00003165,order_00006353,ETH-USD,1901.88,301,2026-01-01T01:45:52Z
batch_0004,order_00006408,order_00006353,ETH-USD,1901.88,52,2026-01-01T01:46:47Z
batch_0004,order_00006408,order_00005759,ETH-USD,1901.89,730,2026-01-01T01:46:47Z
batch_0004,order_00006408,order_00005449,ETH-USD,1902.33,80,2026-01-01T01:46:47Z
batch_0004,order_00006408,order_00005662,ETH-USD,1902.77,35,2026-01-01T01:46:47Z
batch_0004,order_00006408,order_00004481,ETH-USD,1902.84,9,2026-01-01T01:46:47Z
batch_0004,order_00002655,order_00004481,ETH-USD,1902.84,132,2026-01-01T01:14:40Z
batch_0004,order_00003621,order_00004481,ETH-USD,1902.84,547,2026-01-01T01:14:40Z
batch_0004,order_00003621,order_00003069,ETH-USD,1902.94,250,2026-01-01T01:00:20Z
batch_0004,order_00004159,order_00003069,ETH-USD,1902.94,309,2026-01-01T01:09:18Z
batch_0004,order_00004159,order_00003247,ETH-USD,1902.98,82,2026-01-01T01:09:18Z
batch_0004,order_00005537,order_00003247,ETH-USD,1902.98,917,2026-01-01T01:32:16Z
batch_0004,order_00005537,order_00002846,ETH-USD,1903.22,37,2026-01-01T01:32:16Z
batch_0004,order_00001748,order_00002846,ETH-USD,1903.22,586,2026-01-01T00:47:25Z
batch_0004,order_00003662,order_00002846,ETH-USD,1903.22,227,2026-01-01T01:01:01Z
batch_0004,order_00003662,order_00001747,ETH-USD,1903.6,115,2026-01-01T01:01:01Z
batch_0004,order_00004356,order_00001747,ETH-USD,1903.6,555,2026-01-01T01:12:35Z
batch_0004,order_00002172,order_00001747,ETH-USD,1903.6,63,2026-01-01T00:36:11Z
batch_0004,order_00002172,order_00003687,ETH-USD,1903.61,232,2026-01-01T01:01:26Z
batch_0004,order_00004987,order_00003687,ETH-USD,1903.61,489,2026-01-01T01:23:06Z
batch_0004,order_00004987,order_00006402,ETH-USD,1903.62,287,2026-01-01T01:46:41Z
batch_0004,order_00004987,order_00006331,ETH-USD,1903.82,34,2026-01-01T01:45:30Z
batch_0004,order_00004509,order_00006331,ETH-USD,1903.82,307,2026-01-01T01:45:30Z
batch_0004,order_00004509,order_00005398,ETH-USD,1903.85,258,2026-01-01T01:29:57Z
batch_0004,order_00002863,order_00005398,ETH-USD,1903.85,345,2026-01-01T01:29:57Z
batch_0004,order_00002863,order_00006242,ETH-USD,1903.87,56,2026-01-01T01:44:01Z
batch_0004,order_00002678,order_00006242,ETH-USD,1903.87,359,2026-01-01T01:44:01Z
batch_0004,order_00002678,order_00006382,ETH-USD,1904.04,333,2026-01-01T01:46:21Z
batch_0004,order_00002678,order_00003681,ETH-USD,1904.29,249,2026-01-01T01:01:20Z
batch_0004,order_00005363,order_00003681,ETH-USD,1904.29,428,2026-01-01T01:29:22Z
batch_0004,order_00005363,order_00003539,ETH-USD,1904.39,362,2026-01-01T01:29:22Z
batch_0004,order_00001731,order_00003539,ETH-USD,1904.39,223,2026-01-01T00:58:58Z
batch_0004,order_00001731,order_00002297,ETH-USD,1904.54,2,2026-01-01T00:38:16Z
batch_0004,order_00002350,order_00002297,ETH-USD,1904.54,493,2026-01-01T00:39:09Z
batch_0004,order_00001605,order_00002297,ETH-USD,1904.54,156,2026-01-01T00:38:16Z
batch_0004,order_00001605,order_00004898,ETH-USD,1904.68,250,2026-01-01T01:21:37Z
batch_0004,order_00004219,order_00004898,ETH-USD,1904.68,252,2026-01-01T01:21:37Z
batch_0004,order_00002031,order_00004898,ETH-USD,1904.68,343,2026-01-01T01:21:37Z
batch_0004,order_00002031,order_00002071,ETH-USD,1904.71,204,2026-01-01T00:34:30Z
batch_0004,order_00002031,order_00005973,ETH-USD,1904.8,313,2026-01-01T01:39:32Z
batch_0004,order_00002144,order_00005973,ETH-USD,1904.8,128,2026-01-01T01:39:32Z
batch_0004,order_00002144,order_00004740,ETH-USD,1905.51,474,2026-01-01T01:18:59Z
batch_0004,order_00004655,order_00004740,ETH-USD,1905.51,371,2026-01-01T01:18:59Z
batch_0004,order_00004640,order_00004740,ETH-USD,1905.51,7,2026-01-01T01:18:59Z
batch_0004,order_00004640,order_00004819,ETH-USD,1905.84,315,2026-01-01T01:20:18Z
batch_0004,order_00004640,order_00005137,ETH-USD,1905.93,508,2026-01-01T01:25:36Z
batch_0004,order_00006167,order_00005137,ETH-USD,1905.93,100,2026-01-01T01:42:46Z
batch_0004,order_00006394,order_00005137,ETH-USD,1905.93,130,2026-01-01T01:46:33Z
batch_0004,order_00006394,order_00004846,ETH-USD,1905.96,334,2026-01-01T01:46:33Z
batch_0004,order_00003293,order_00004846,ETH-USD,1905.96,370,2026-01-01T01:20:45Z
batch_0004,order_00003293,order_00004140,ETH-USD,1906.26,151,2026-01-01T01:08:59Z
batch_0004,order_00002916,order_00004140,ETH-USD,1906.26,138,2026-01-01T01:08:59Z
batch_0004,order_00002916,order_00003814,ETH-USD,1906.3,396,2026-01-01T01:03:33Z
batch_0004,order_00003359,order_00003814,ETH-USD,1906.3,286,2026-01-01T01:03:33Z
batch_0004,order_00003359,order_00005995,ETH-USD,1906.35,231,2026-01-01T01:39:54Z
batch_0004,order_00005013,order_00005995,ETH-USD,1906.35,578,2026-01-01T01:39:54Z
batch_0004,order_00005013,order_00005327,ETH-USD,1906.56,55,2026-01-01T01:28:46Z
batch_0004,order_00004682,order_00005327,ETH-USD,1906.56,235,2026-01-01T01:28:46Z
batch_0004,order_00006179,order_00005327,ETH-USD,1906.56,86,2026-01-01T01:42:58Z
batch_0004,order_00006179,order_00005864,ETH-USD,1906.56,574,2026-01-01T01:42:58Z
batch_0004,order_00002105,order_00005864,ETH-USD,1906.56,259,2026-01-01T01:37:43Z
batch_0004,order_00002105,order_00005515,ETH-USD,1906.62,329,2026-01-01T01:31:54Z
batch_0004,order_00002105,order_00005244,ETH-USD,1906.71,149,2026-01-01T01:27:23Z
batch_0004,order_00002105,order_00005421,ETH-USD,1906.82,130,2026-01-01T01:30:20Z
batch_0004,order_00003228,order_00005421,ETH-USD,1906.82,383,2026-01-01T01:30:20Z
batch_0004,order_00003228,order_00005561,ETH-USD,1906.82,204,2026-01-01T01:32:40Z
batch_0004,order_00003120,order_00005561,ETH-USD,1906.82,62,2026-01-01T01:32:40Z
batch_0004,order_00003120,order_00003525,ETH-USD,1906.89,257,2026-01-01T00:58:44Z
batch_0004,order_00003820,order_00003525,ETH-USD,1906.89,299,2026-01-01T01:03:39Z
batch_0004,order_00003820,order_00002187,ETH-USD,1907.0,105,2026-01-01T01:03:39Z
batch_0004,order_00006569,order_00002187,ETH-USD,1907.0,212,2026-01-01T01:49:28Z
batch_0004,order_00006409,order_00002187,ETH-USD,1907.0,254,2026-01-01T01:46:48Z
batch_0004,order_00006409,order_00005266,ETH-USD,1907.12,180,2026-01-01T01:46:48Z
batch_0004,order_00006409,order_00003469,ETH-USD,1907.58,382,2026-01-01T01:46:48Z
batch_0004,order_00005746,order_00003469,ETH-USD,1907.58,432,2026-01-01T01:35:45Z
batch_0004,order_00005746,order_00002282,ETH-USD,1907.66,20,2026-01-01T01:35:45Z
batch_0004,order_00005746,order_00003266,ETH-USD,1907.67,14,2026-01-01T01:35:45Z
batch_0004,order_00002205,order_00003266,ETH-USD,1907.67,11,2026-01-01T00:54:25Z
batch_0004,order_00003864,order_00003266,ETH-USD,1907.67,300,2026-01-01T01:04:23Z
batch_0004,order_00003864,order_00004884,ETH-USD,1907.7,57,2026-01-01T01:21:23Z
batch_0004,order_00004951,order_00004884,ETH-USD,1907.7,209,2026-01-01T01:22:30Z
batch_0004,order_00005547,order_00004884,ETH-USD,1907.7,602,2026-01-01T01:32:26Z
batch_0004,order_00005547,order_00006417,ETH-USD,1907.79,194,2026-01-01T01:46:56Z
batch_0004,order_00004045,order_00006417,ETH-USD,1907.79,52,2026-01-01T01:46:56Z
batch_0004,order_00002995,order_00006417,ETH-USD,1907.79,12,2026-01-01T01:46:56Z
batch_0004,order_00003667,order_00006417,ETH-USD,1907.79,550,2026-01-01T01:46:56Z
batch_0004,order_00003667,order_00005689,ETH-USD,1907.84,128,2026-01-01T01:34:48Z
batch_0004,order_00006453,order_00005689,ETH-USD,1907.84,479,2026-01-01T01:47:32Z
batch_0004,order_00003310,order_00005689,ETH-USD,1907.84,113,2026-01-01T01:34:48Z
batch_0004,order_00004179,order_00005689,ETH-USD,1907.84,237,2026-01-01T01:34:48Z
batch_0004,order_00004179,order_00001813,ETH-USD,1907.88,1,2026-01-01T01:09:38Z
batch_0004,order_00003944,order_00001813,ETH-USD,1907.88,698,2026-01-01T01:05:43Z
batch_0004,order_00002825,order_00001813,ETH-USD,1907.88,300,2026-01-01T00:47:04Z
batch_0004,order_00002825,order_00002511,ETH-USD,1908.74,207,2026-01-01T00:47:04Z
batch_0004,order_00002825,order_00006079,ETH-USD,1908.84,88,2026-01-01T01:41:18Z
batch_0004,order_00002719,order_00006079,ETH-USD,1908.84,634,2026-01-01T01:41:18Z
batch_0004,order_00002719,order_00005665,ETH-USD,1908.96,65,2026-01-01T01:34:24Z
batch_0004,order_00004801,order_00005665,ETH-USD,1908.96,60,2026-01-01T01:34:24Z
batch_0004,order_00006249,order_00005665,ETH-USD,1908.96,103,2026-01-01T01:44:08Z
batch_0004,order_00002084,order_00005665,ETH-USD,1908.96,218,2026-01-01T01:34:24Z
batch_0004,order_00001661,order_00005665,ETH-USD,1908.96,553,2026-01-01T01:34:24Z
batch_0004,order_00001661,order_00002666,ETH-USD,1909.3,401,2026-01-01T00:44:25Z
batch_0004,order_00001678,order_00002666,ETH-USD,1909.3,326,2026-01-01T00:44:25Z
batch_0004,order_00003028,order_00002666,ETH-USD,1909.3,70,2026-01-01T00:50:27Z
batch_0004,order_00003028,order_00002290,ETH-USD,1909.32,234,2026-01-01T00:50:27Z
batch_0004,order_00003280,order_00002290,ETH-USD,1909.32,260,2026-01-01T00:54:39Z
batch_0004,order_00003280,order_00002978,ETH-USD,1909.47,275,2026-01-01T00:54:39Z
batch_0004,order_00003280,order_00003078,ETH-USD,1909.57,33,2026-01-01T00:54:39Z
batch_0004,order_00002880,order_00003078,ETH-USD,1909.57,184,2026-01-01T00:51:17Z
batch_0004,order_00006235,order_00003078,ETH-USD,1909.57,687,2026-01-01T01:43:54Z
batch_0004,order_00004352,order_00003078,ETH-USD,1909.57,85,2026-01-01T01:12:31Z
batch_0004,order_00004352,order_00003666,ETH-USD,1909.68,95,2026-01-01T01:12:31Z
batch_0004,order_00002950,order_00003666,ETH-USD,1909.68,102,2026-01-01T01:01:05Z
batch_0004,order_00005694,order_00003666,ETH-USD,1909.68,589,2026-01-01T01:34:53Z
batch_0004,order_00005694,order_00004158,ETH-USD,1909.69,57,2026-01-01T01:34:53Z
batch_0004,order_00005183,order_00004158,ETH-USD,1909.69,913,2026-01-01T01:26:22Z
batch_0004,order_00005183,order_00005334,ETH-USD,1910.04,87,2026-01-01T01:28:53Z
batch_0004,order_00002458,order_00005334,ETH-USD,1910.04,118,2026-01-01T01:28:53Z
batch_0004,order_00003603,order_00005334,ETH-USD,1910.04,215,2026-01-01T01:28:53Z
batch_0004,order_00003603,order_00006599,ETH-USD,1910.24,647,2026-01-01T01:49:58Z
batch_0004,order_00003603,order_00003810,ETH-USD,1910.35,59,2026-01-01T01:03:29Z
batch_0004,order_00002194,order_00003810,ETH-USD,1910.35,300,2026-01-01T01:03:29Z
batch_0004,order_00004535,order_00003810,ETH-USD,1910.35,392,2026-01-01T01:15:34Z
batch_0004,order_00004535,order_00003543,ETH-USD,1910.74,191,2026-01-01T01:15:34Z
batch_0004,order_00004535,order_00003698,ETH-USD,1910.75,164,2026-01-01T01:15:34Z
batch_0004,order_00004983,order_00003698,ETH-USD,1910.75,503,2026-01-01T01:23:02Z
batch_0004,order_00002955,order_00003698,ETH-USD,1910.75,171,2026-01-01T01:01:37Z
batch_0004,order_00002955,order_00005480,ETH-USD,1910.8,52,2026-01-01T01:31:19Z
batch_0004,order_00002955,order_00001847,ETH-USD,1910.86,410,2026-01-01T00:49:14Z
batch_0004,order_00005326,order_00001847,ETH-USD,1910.86,24,2026-01-01T01:28:45Z
batch_0004,order_00005326,order_00004452,ETH-USD,1911.14,807,2026-01-01T01:28:45Z
batch_0004,order_00002603,order_00004452,ETH-USD,1911.14,174,2026-01-01T01:14:11Z
batch_0004,order_00002603,order_00003216,ETH-USD,1911.19,277,2026-01-01T00:53:35Z
batch_0004,order_00002603,order_00003143,ETH-USD,1911.34,144,2026-01-01T00:52:22Z
batch_0004,order_00002603,order_00002896,ETH-USD,1911.35,118,2026-01-01T00:48:15Z
batch_0004,order_00002603,order_00006143,ETH-USD,1911.44,156,2026-01-01T01:42:22Z
batch_0004,order_00004113,order_00006143,ETH-USD,1911.44,80,2026-01-01T01:42:22Z
batch_0004,order_00004113,order_00001968,ETH-USD,1911.56,123,2026-01-01T01:08:32Z
batch_0004,order_00003140,order_00001968,ETH-USD,1911.56,401,2026-01-01T00:52:19Z
batch_0004,order_00003140,order_00004878,ETH-USD,1911.84,172,2026-01-01T01:21:17Z
batch_0004,order_00003140,order_00002582,ETH-USD,1912.14,352,2026-01-01T00:52:19Z
batch_0004,order_00003496,order_00002582,ETH-USD,1912.14,433,2026-01-01T00:58:15Z
batch_0004,order_00003496,order_00002312,ETH-USD,1912.3,38,2026-01-01T00:58:15Z
batch_0004,order_00003496,order_00004174,ETH-USD,1912.63,4,2026-01-01T01:09:33Z
batch_0004,order_00005319,order_00004174,ETH-USD,1912.63,298,2026-01-01T01:28:38Z
batch_0004,order_00004080,order_00004174,ETH-USD,1912.63,332,2026-01-01T01:09:33Z
batch_0004,order_00001719,order_00004174,ETH-USD,1912.63,93,2026-01-01T01:09:33Z
batch_0004,order_00001719,order_00005440,ETH-USD,1912.64,7,2026-01-01T01:30:39Z
batch_0004,order_00001719,order_00002671,ETH-USD,1912.8,600,2026-01-01T00:44:30Z
batch_0004,order_00003210,order_00002671,ETH-USD,1912.8,287,2026-01-01T00:53:29Z
batch_0004,order_00003210,order_00006176,ETH-USD,1913.35,134,2026-01-01T01:42:55Z
batch_0004,order_00003317,order_00006176,ETH-USD,1913.35,123,2026-01-01T01:42:55Z
batch_0004,order_00003317,order_00004562,ETH-USD,1913.38,145,2026-01-01T01:16:01Z
batch_0004,order_00003317,order_00002997,ETH-USD,1913.45,395,2026-01-01T00:55:16Z
batch_0004,order_00003317,order_00002431,ETH-USD,1913.53,292,2026-01-01T00:55:16Z
batch_0004,order_00006039,order_00002431,ETH-USD,1913.53,104,2026-01-01T01:40:38Z
batch_0004,order_00006039,order_00005410,ETH-USD,1913.68,733,2026-01-01T01:40:38Z
batch_0004,order_00004902,order_00005410,ETH-USD,1913.68,46,2026-01-01T01:30:09Z
batch_0004,order_00004902,order_00002510,ETH-USD,1914.14,311,2026-01-01T01:21:41Z
batch_0004,order_00004902,order_00002681,ETH-USD,1914.73,497,2026-01-01T01:21:41Z
batch_0004,order_00004267,order_00002681,ETH-USD,1914.73,18,2026-01-01T01:11:06Z
batch_0004,order_00004267,order_00004649,ETH-USD,1914.87,69,2026-01-01T01:17:28Z
batch_0004,order_00005060,order_00004649,ETH-USD,1914.87,351,2026-01-01T01:24:19Z
batch_0004,order_00003432,order_00004649,ETH-USD,1914.87,69,2026-01-01T01:17:28Z
batch_0004,order_00003432,order_00001906,ETH-USD,1915.08,644,2026-01-01T00:57:11Z
batch_0004,order_00005068,order_00001906,ETH-USD,1915.08,271,2026-01-01T01:24:27Z
batch_0004,order_00005068,order_00001681,ETH-USD,1915.39,158,2026-01-01T01:24:27Z
batch_0004,order_00005068,order_00004277,ETH-USD,1915.58,8,2026-01-01T01:24:27Z
batch_0004,order_00004169,order_00004277,ETH-USD,1915.58,24,2026-01-01T01:11:16Z
batch_0004,order_00004837,order_00004277,ETH-USD,1915.58,805,2026-01-01T01:20:36Z
batch_0004,order_00006296,order_00004277,ETH-USD,1915.58,59,2026-01-01T01:44:55Z
batch_0004,order_00006296,order_00005096,ETH-USD,1915.64,158,2026-01-01T01:44:55Z
batch_0004,order_00002635,order_00005096,ETH-USD,1915.64,452,2026-01-01T01:24:55Z
batch_0004,order_00002635,order_00005673,ETH-USD,1915.99,209,2026-01-01T01:34:32Z
batch_0004,order_00005388,order_00005673,ETH-USD,1915.99,420,2026-01-01T01:34:32Z
batch_0004,order_00005388,order_00002867,ETH-USD,1916.05,39,2026-01-01T01:29:47Z
batch_0004,order_00005388,order_00002080,ETH-USD,1916.08,30,2026-01-01T01:29:47Z
batch_0004,order_00005388,order_00003608,ETH-USD,1916.49,215,2026-01-01T01:29:47Z
batch_0004,order_00004137,order_00003608,ETH-USD,1916.49,358,2026-01-01T01:08:56Z
batch_0004,order_00005934,order_00003608,ETH-USD,1916.49,158,2026-01-01T01:38:53Z
batch_0004,order_00005934,order_00001858,ETH-USD,1916.61,13,2026-01-01T01:38:53Z
batch_0004,order_00002736,order_00001858,ETH-USD,1916.61,9,2026-01-01T00:45:35Z
batch_0004,order_00002736,order_00003329,ETH-USD,1916.85,305,2026-01-01T00:55:28Z
batch_0004,order_00003289,order_00003329,ETH-USD,1916.85,489,2026-01-01T00:55:28Z
batch_0004,order_00003130,order_00003329,ETH-USD,1916.85,103,2026-01-01T00:55:28Z
batch_0004,order_00003130,order_00004647,ETH-USD,1916.86,657,2026-01-01T01:17:26Z
batch_0004,order_00003918,order_00004647,ETH-USD,1916.86,114,2026-01-01T01:17:26Z
batch_0004,order_00003918,order_00001850,ETH-USD,1916.91,587,2026-01-01T01:05:17Z
batch_0004,order_00003214,order_00001850,ETH-USD,1916.91,241,2026-01-01T00:53:33Z
batch_0004,order_00004130,order_00001850,ETH-USD,1916.91,94,2026-01-01T01:08:49Z
batch_0004,order_00004130,order_00005747,ETH-USD,1917.07,136,2026-01-01T01:35:46Z
batch_0004,order_00004130,order_00001674,ETH-USD,1917.67,634,2026-01-01T01:08:49Z
batch_0004,order_00003284,order_00001674,ETH-USD,1917.67,239,2026-01-01T00:54:43Z
batch_0004,order_00003284,order_00004882,ETH-USD,1917.67,173,2026-01-01T01:21:21Z
batch_0004,order_00002759,order_00004882,ETH-USD,1917.67,281,2026-01-01T01:21:21Z
batch_0004,order_00005220,order_00004882,ETH-USD,1917.67,173,2026-01-01T01:26:59Z
batch_0004,order_00005220,order_00004763,ETH-USD,1917.77,182,2026-01-01T01:26:59Z
batch_0004,order_00004601,order_00004763,ETH-USD,1917.77,47,2026-01-01T01:19:22Z
batch_0004,order_00004601,order_00005951,ETH-USD,1918.32,391,2026-01-01T01:39:10Z
batch_0004,order_00003076,order_00005951,ETH-USD,1918.32,359,2026-01-01T01:39:10Z
batch_0004,order_00003076,order_00004754,ETH-USD,1918.56,400,2026-01-01T01:19:13Z
batch_0004,order_00002650,order_00004754,ETH-USD,1918.56,273,2026-01-01T01:19:13Z
batch_0004,order_00002650,order_00005320,ETH-USD,1918.72,230,2026-01-01T01:28:39Z
batch_0004,order_00001701,order_00005320,ETH-USD,1918.72,37,2026-01-01T01:28:39Z
batch_0004,order_00006555,order_00005320,ETH-USD,1918.72,121,2026-01-01T01:49:14Z
batch_0004,order_00002381,order_00005320,ETH-USD,1918.72,112,2026-01-01T01:28:39Z
batch_0004,order_00002381,order_00005812,ETH-USD,1919.18,276,2026-01-01T01:36:51Z
batch_0004,order_00001932,order_00005812,ETH-USD,1919.18,136,2026-01-01T01:36:51Z
batch_0004,order_00001932,order_00003012,ETH-USD,1919.38,403,2026-01-01T00:50:11Z
batch_0004,order_00001932,order_00006088,ETH-USD,1919.42,339,2026-01-01T01:41:27Z
batch_0004,order_00001658,order_00006088,ETH-USD,1919.42,524,2026-01-01T01:41:27Z
batch_0004,order_00001658,order_00003679,ETH-USD,1919.54,310,2026-01-01T01:01:18Z
batch_0004,order_00004747,order_00003679,ETH-USD,1919.54,294,2026-01-01T01:19:06Z
batch_0004,order_00004747,order_00006401,ETH-USD,1919.72,414,2026-01-01T01:46:40Z
batch_0004,order_00006580,order_00006401,ETH-USD,1919.72,554,2026-01-01T01:49:39Z
batch_0004,order_00006580,order_00006440,ETH-USD,1919.81,108,2026-01-01T01:49:39Z
batch_0004,order_00006580,order_00004609,ETH-USD,1919.84,231,2026-01-01T01:49:39Z
batch_0004,order_00003860,order_00004609,ETH-USD,1919.84,549,2026-01-01T01:16:48Z
batch_0004,order_00003860,order_00002362,ETH-USD,1919.85,433,2026-01-01T01:04:19Z
batch_0004,order_00002320,order_00002362,ETH-USD,1919.85,198,2026-01-01T00:39:21Z
batch_0004,order_00002320,order_00002516,ETH-USD,1920.09,796,2026-01-01T00:41:55Z
batch_0004,order_00006499,order_00002516,ETH-USD,1920.09,148,2026-01-01T01:48:18Z
batch_0004,order_00006499,order_00002018,ETH-USD,1920.11,732,2026-01-01T01:48:18Z
batch_0004,order_00001835,order_00002018,ETH-USD,1920.11,52,2026-01-01T00:33:37Z
batch_0004,order_00001835,order_00005506,ETH-USD,1920.2,261,2026-01-01T01:31:45Z
batch_0004,order_00001835,order_00006395,ETH-USD,1920.54,446,2026-01-01T01:46:34Z
batch_0004,order_00001835,order_00003098,ETH-USD,1920.81,156,2026-01-01T00:51:37Z
batch_0004,order_00006078,order_00003098,ETH-USD,1920.81,725,2026-01-01T01:41:17Z
batch_0004,order_00006256,order_00003098,ETH-USD,1920.81,62,2026-01-01T01:44:15Z
batch_0004,order_00006256,order_00001655,ETH-USD,1920.85,707,2026-01-01T01:44:15Z
batch_0004,order_00001755,order_00001655,ETH-USD,1920.85,105,2026-01-01T00:29:14Z
batch_0004,order_00001755,order_00004233,ETH-USD,1920.91,45,2026-01-01T01:10:32Z
batch_0004,order_00001755,order_00004441,ETH-USD,1921.02,602,2026-01-01T01:14:00Z
batch_0004,order_00001755,order_00006554,ETH-USD,1921.07,226,2026-01-01T01:49:13Z
batch_0004,order_00002908,order_00006554,ETH-USD,1921.07,427,2026-01-01T01:49:13Z
batch_0004,order_00002908,order_00004003,ETH-USD,1921.3,122,2026-01-01T01:06:42Z
batch_0004,order_00001920,order_00004003,ETH-USD,1921.3,175,2026-01-01T01:06:42Z
batch_0004,order_00001920,order_00005406,ETH-USD,1921.62,540,2026-01-01T01:30:05Z
batch_0004,order_00004088,order_00005406,ETH-USD,1921.62,335,2026-01-01T01:30:05Z
batch_0004,order_00003326,order_00005406,ETH-USD,1921.62,119,2026-01-01T01:30:05Z
batch_0004,order_00003326,order_00002616,ETH-USD,1921.63,310,2026-01-01T00:55:25Z
batch_0004,order_00004200,order_00002616,ETH-USD,1921.63,417,2026-01-01T01:09:59Z
batch_0004,order_00004200,order_00001671,ETH-USD,1921.82,1,2026-01-01T01:09:59Z
batch_0004,order_00002066,order_00001671,ETH-USD,1921.82,178,2026-01-01T00:34:25Z
batch_0004,order_00004230,order_00001671,ETH-USD,1921.82,113,2026-01-01T01:10:29Z
batch_0004,order_00006191,order_00001671,ETH-USD,1921.82,119,2026-01-01T01:43:10Z
batch_0004,order_00003073,order_00001671,ETH-USD,1921.82,277,2026-01-01T00:51:12Z
batch_0004,order_00001664,order_00001671,ETH-USD,1921.82,8,2026-01-01T00:27:50Z
batch_0004,order_00001664,order_00003058,ETH-USD,1922.13,104,2026-01-01T00:50:57Z
batch_0004,order_00002805,order_00003058,ETH-USD,1922.13,653,2026-01-01T00:50:57Z
batch_0004,order_00002805,order_00005261,ETH-USD,1922.43,63,2026-01-01T01:27:40Z
batch_0004,order_00002805,order_00003235,ETH-USD,1922.76,128,2026-01-01T00:53:54Z
batch_0004,order_00002805,order_00006506,ETH-USD,1923.06,57,2026-01-01T01:48:25Z
batch_0004,order_00002136,order_00006506,ETH-USD,1923.06,131,2026-01-01T01:48:25Z
batch_0004,order_00004129,order_00006506,ETH-USD,1923.06,268,2026-01-01T01:48:25Z
batch_0004,order_00004129,order_00002539,ETH-USD,1923.19,393,2026-01-01T01:08:48Z
batch_0004,order_00001722,order_00002539,ETH-USD,1923.19,208,2026-01-01T00:42:18Z
batch_0004,order_00001722,order_00002043,ETH-USD,1923.27,335,2026-01-01T00:34:02Z
batch_0004,order_00005180,order_00002043,ETH-USD,1923.27,433,2026-01-01T01:26:19Z
batch_0004,order_00003467,order_00002043,ETH-USD,1923.27,74,2026-01-01T00:57:46Z
batch_0004,order_00003467,order_00001617,ETH-USD,1923.31,757,2026-01-01T00:57:46Z
batch_0004,order_00003059,order_00001617,ETH-USD,1923.31,13,2026-01-01T00:50:58Z
batch_0004,order_00003059,order_00003647,ETH-USD,1923.52,310,2026-01-01T01:00:46Z
batch_0004,order_00002211,order_00003647,ETH-USD,1923.52,206,2026-01-01T01:00:46Z
batch_0004,order_00002211,order_00004434,ETH-USD,1923.73,702,2026-01-01T01:13:53Z
batch_0004,order_00003992,order_00004434,ETH-USD,1923.73,166,2026-01-01T01:13:53Z
batch_0004,order_00003992,order_00006306,ETH-USD,1923.94,239,2026-01-01T01:45:05Z
batch_0004,order_00003992,order_00002126,ETH-USD,1924.04,359,2026-01-01T01:06:31Z
batch_0004,order_00002309,order_00002126,ETH-USD,1924.04,288,2026-01-01T00:38:28Z
batch_0004,order_00004555,order_00002126,ETH-USD,1924.04,297,2026-01-01T01:15:54Z
batch_0004,order_00004555,order_00002788,ETH-USD,1924.06,22,2026-01-01T01:15:54Z
batch_0004,order_00004555,order_00003372,ETH-USD,1924.24,213,2026-01-01T01:15:54Z
batch_0004,order_00002473,order_00003372,ETH-USD,1924.24,197,2026-01-01T00:56:11Z
batch_0004,order_00005883,order_00003372,ETH-USD,1924.24,249,2026-01-01T01:38:02Z
batch_0004,order_00005883,order_00005520,ETH-USD,1924.45,454,2026-01-01T01:38:02Z
batch_0004,order_00002621,order_00005520,ETH-USD,1924.45,288,2026-01-01T01:31:59Z
batch_0004,order_00002621,order_00003747,ETH-USD,1924.57,1,2026-01-01T01:02:26Z
batch_0004,order_00002621,order_00006187,ETH-USD,1924.63,149,2026-01-01T01:43:06Z
batch_0004,order_00003080,order_00006187,ETH-USD,1924.63,273,2026-01-01T01:43:06Z
batch_0004,order_00003080,order_00005445,ETH-USD,1924.67,434,2026-01-01T01:30:44Z
batch_0004,order_00003080,order_00003398,ETH-USD,1924.74,6,2026-01-01T00:56:37Z
batch_0004,order_00003080,order_00003176,ETH-USD,1924.9,220,2026-01-01T00:52:55Z
batch_0004,order_00003099,order_00003176,ETH-USD,1924.9,293,2026-01-01T00:52:55Z
batch_0004,order_00003099,order_00002338,ETH-USD,1925.31,154,2026-01-01T00:51:38Z
batch_0004,order_00004844,order_00002338,ETH-USD,1925.31,233,2026-01-01T01:20:43Z
batch_0004,order_00004844,order_00003034,ETH-USD,1925.34,170,2026-01-01T01:20:43Z
batch_0004,order_00002611,order_00003034,ETH-USD,1925.34,433,2026-01-01T00:50:33Z
batch_0004,order_00002132,order_00003034,ETH-USD,1925.34,277,2026-01-01T00:50:33Z
batch_0004,order_00002132,order_00003863,ETH-USD,1925.39,198,2026-01-01T01:04:22Z
batch_0004,order_00006048,order_00003863,ETH-USD,1925.39,266,2026-01-01T01:40:47Z
batch_0004,order_00004048,order_00003863,ETH-USD,1925.39,85,2026-01-01T01:07:27Z
batch_0004,order_00004048,order_00003276,ETH-USD,1925.54,350,2026-01-01T01:07:27Z
batch_0004,order_00004048,order_00005286,ETH-USD,1925.94,200,2026-01-01T01:28:05Z
batch_0004,order_00004048,order_00004506,ETH-USD,1926.07,115,2026-01-01T01:15:05Z
batch_0004,order_00003119,order_00004506,ETH-USD,1926.07,878,2026-01-01T01:15:05Z
batch_0004,order_00003119,order_00005924,ETH-USD,1926.17,39,2026-01-01T01:38:43Z
batch_0004,order_00005202,order_00005924,ETH-USD,1926.17,102,2026-01-01T01:38:43Z
batch_0004,order_00005202,order_00005287,ETH-USD,1926.56,603,2026-01-01T01:28:06Z
batch_0004,order_00005202,order_00005084,ETH-USD,1926.67,68,2026-01-01T01:26:41Z
batch_0004,order_00005202,order_00004071,ETH-USD,1926.69,182,2026-01-01T01:26:41Z
batch_0004,order_00004224,order_00004071,ETH-USD,1926.69,626,2026-01-01T01:10:23Z
batch_0004,order_00004224,order_00003010,ETH-USD,1926.88,258,2026-01-01T01:10:23Z
batch_0004,order_00003524,order_00003010,ETH-USD,1926.88,24,2026-01-01T00:58:43Z
batch_0004,order_00003524,order_00004933,ETH-USD,1926.95,322,2026-01-01T01:22:12Z
batch_0004,order_00006012,order_00004933,ETH-USD,1926.95,130,2026-01-01T01:40:11Z
batch_0004,order_00001729,order_00004933,ETH-USD,1926.95,11,2026-01-01T01:22:12Z
batch_0004,order_00003819,order_00004933,ETH-USD,1926.95,427,2026-01-01T01:22:12Z
batch_0004,order_00003819,order_00004816,ETH-USD,1927.1,168,2026-01-01T01:20:15Z
batch_0004,order_00005224,order_00004816,ETH-USD,1927.1,127,2026-01-01T01:27:03Z
batch_0004,order_00002464,order_00004816,ETH-USD,1927.1,80,2026-01-01T01:20:15Z
batch_0004,order_00001633,order_00004816,ETH-USD,1927.1,311,2026-01-01T01:20:15Z
batch_0004,order_00001633,order_00002986,ETH-USD,1927.5,141,2026-01-01T00:49:45Z
batch_0004,order_00004133,order_00002986,ETH-USD,1927.5,650,2026-01-01T01:08:52Z
batch_0004,order_00005250,order_00002986,ETH-USD,1927.5,45,2026-01-01T01:27:29Z
batch_0004,order_00005250,order_00004213,ETH-USD,1927.85,512,2026-01-01T01:27:29Z
batch_0004,order_00005250,order_00002595,ETH-USD,1927.86,382,2026-01-01T01:27:29Z
batch_0004,order_00004281,order_00002595,ETH-USD,1927.86,52,2026-01-01T01:11:20Z
batch_0004,order_00004281,order_00001913,ETH-USD,1927.87,150,2026-01-01T01:11:20Z
batch_0004,order_00004281,order_00006056,ETH-USD,1927.96,233,2026-01-01T01:40:55Z
batch_0004,order_00005942,order_00006056,ETH-USD,1927.96,599,2026-01-01T01:40:55Z
batch_0004,order_00005799,order_00006056,ETH-USD,1927.96,61,2026-01-01T01:40:55Z
batch_0004,order_00005799,order_00002816,ETH-USD,1928.1,151,2026-01-01T01:36:38Z
batch_0004,order_00005799,order_00004734,ETH-USD,1928.15,75,2026-01-01T01:36:38Z
batch_0004,order_00005799,order_00001846,ETH-USD,1928.19,188,2026-01-01T01:36:38Z
batch_0004,order_00004440,order_00001846,ETH-USD,1928.19,43,2026-01-01T01:13:59Z
batch_0004,order_00004440,order_00004284,ETH-USD,1928.46,567,2026-01-01T01:13:59Z
batch_0004,order_00004440,order_00006446,ETH-USD,1928.53,50,2026-01-01T01:47:25Z
batch_0004,order_00006215,order_00006446,ETH-USD,1928.53,470,2026-01-01T01:47:25Z
batch_0004,order_00005121,order_00006446,ETH-USD,1928.53,172,2026-01-01T01:47:25Z
batch_0004,order_00005121,order_00001781,ETH-USD,1928.64,141,2026-01-01T01:25:20Z
batch_0004,order_00005121,order_00002503,ETH-USD,1928.65,351,2026-01-01T01:25:20Z
batch_0004,order_00002911,order_00002503,ETH-USD,1928.65,183,2026-01-01T00:48:30Z
batch_0004,order_00002911,order_00006027,ETH-USD,1928.7,558,2026-01-01T01:40:26Z
batch_0004,order_00006430,order_00003668,ETH-USD,1928.74,25,2026-01-01T01:47:09Z
batch_0004,order_00006430,order_00003786,ETH-USD,1928.77,130,2026-01-01T01:47:09Z
batch_0004,order_00001938,order_00003786,ETH-USD,1928.77,309,2026-01-01T01:03:05Z
batch_0004,order_00004540,order_00003786,ETH-USD,1928.77,41,2026-01-01T01:15:39Z
batch_0004,order_00004540,order_00002568,ETH-USD,1928.87,587,2026-01-01T01:15:39Z
batch_0004,order_00005383,order_00002568,ETH-USD,1928.87,29,2026-01-01T01:29:42Z
batch_0004,order_00003150,order_00002568,ETH-USD,1928.87,99,2026-01-01T00:52:29Z
batch_0004,order_00005609,order_00002568,ETH-USD,1928.87,118,2026-01-01T01:33:28Z
batch_0004,order_00005609,order_00006553,ETH-USD,1929.06,653,2026-01-01T01:49:12Z
batch_0004,order_00005609,order_00003730,ETH-USD,1929.31,65,2026-01-01T01:33:28Z
batch_0004,order_00004875,order_00003730,ETH-USD,1929.31,31,2026-01-01T01:21:14Z
batch_0004,order_00002652,order_00003730,ETH-USD,1929.31,102,2026-01-01T01:02:09Z
batch_0004,order_00004770,order_00003730,ETH-USD,1929.31,687,2026-01-01T01:19:29Z
batch_0004,order_00005014,order_00003730,ETH-USD,1929.31,34,2026-01-01T01:23:33Z
batch_0004,order_00005014,order_00004446,ETH-USD,1929.43,318,2026-01-01T01:23:33Z
batch_0004,order_00005636,order_00004446,ETH-USD,1929.43,566,2026-01-01T01:33:55Z
batch_0004,order_00005636,order_00003151,ETH-USD,1929.46,181,2026-01-01T01:33:55Z
batch_0004,order_00004209,order_00003151,ETH-USD,1929.46,307,2026-01-01T01:10:08Z
batch_0004,order_00004209,order_00003848,ETH-USD,1929.53,60,2026-01-01T01:10:08Z
batch_0004,order_00005431,order_00003848,ETH-USD,1929.53,25,2026-01-01T01:30:30Z
batch_0004,order_00005431,order_00005225,ETH-USD,1929.72,167,2026-01-01T01:30:30Z
batch_0004,order_00003026,order_00005225,ETH-USD,1929.72,349,2026-01-01T01:27:04Z
batch_0004,order_00003026,order_00002774,ETH-USD,1929.82,141,2026-01-01T00:50:25Z
batch_0004,order_00002693,order_00002774,ETH-USD,1929.82,237,2026-01-01T00:46:13Z
batch_0004,order_00002693,order_00002776,ETH-USD,1929.85,302,2026-01-01T00:46:15Z
batch_0004,order_00002693,order_00001650,ETH-USD,1929.9,218,2026-01-01T00:44:52Z
batch_0004,order_00005621,order_00001650,ETH-USD,1929.9,411,2026-01-01T01:33:40Z
batch_0004,order_00006233,order_00001650,ETH-USD,1929.9,275,2026-01-01T01:43:52Z
batch_0004,order_00006233,order_00005243,ETH-USD,1930.0,135,2026-01-01T01:43:52Z
batch_0004,order_00002970,order_00005243,ETH-USD,1930.0,101,2026-01-01T01:27:22Z
batch_0004,order_00002970,order_00002636,ETH-USD,1930.09,82,2026-01-01T00:49:29Z
batch_0004,order_00002447,order_00002636,ETH-USD,1930.09,20,2026-01-01T00:43:55Z
batch_0004,order_00002447,order_00003658,ETH-USD,1930.27,161,2026-01-01T01:00:57Z
batch_0004,order_00002447,order_00003705,ETH-USD,1930.65,752,2026-01-01T01:01:44Z
batch_0004,order_00001630,order_00003705,ETH-USD,1930.65,35,2026-01-01T01:01:44Z
batch_0004,order_00001630,order_00004968,ETH-USD,1930.78,750,2026-01-01T01:22:47Z
batch_0004,order_00002566,order_00004968,ETH-USD,1930.78,69,2026-01-01T01:22:47Z
batch_0004,order_00002566,order_00001665,ETH-USD,1930.96,389,2026-01-01T00:42:45Z
batch_0004,order_00002566,order_00002232,ETH-USD,1931.14,108,2026-01-01T00:42:45Z
batch_0004,order_00002566,order_00003757,ETH-USD,1931.18,135,2026-01-01T01:02:36Z
batch_0004,order_00002566,order_00002116,ETH-USD,1931.77,2,2026-01-01T00:42:45Z
batch_0004,order_00006460,order_00002116,ETH-USD,1931.77,4,2026-01-01T01:47:39Z
batch_0004,order_00006460,order_00003626,ETH-USD,1931.81,125,2026-01-01T01:47:39Z
batch_0004,order_00003473,order_00003626,ETH-USD,1931.81,387,2026-01-01T01:00:25Z
batch_0004,order_00005572,order_00003626,ETH-USD,1931.81,463,2026-01-01T01:32:51Z
batch_0004,order_00005572,order_00003181,ETH-USD,1931.84,69,2026-01-01T01:32:51Z
batch_0004,order_00002460,order_00003181,ETH-USD,1931.84,562,2026-01-01T00:53:00Z
batch_0004,order_00006009,order_00003181,ETH-USD,1931.84,121,2026-01-01T01:40:08Z
batch_0004,order_00006009,order_00005782,ETH-USD,1932.24,728,2026-01-01T01:40:08Z
batch_0004,order_00004442,order_00005782,ETH-USD,1932.24,217,2026-01-01T01:36:21Z
batch_0004,order_00004442,order_00003931,ETH-USD,1932.3,268,2026-01-01T01:14:01Z
batch_0004,order_00004964,order_00003931,ETH-USD,1932.3,579,2026-01-01T01:22:43Z
batch_0004,order_00005239,order_00003931,ETH-USD,1932.3,5,2026-01-01T01:27:18Z
batch_0004,order_00005239,order_00002864,ETH-USD,1932.53,8,2026-01-01T01:27:18Z
batch_0004,order_00003506,order_00002864,ETH-USD,1932.53,92,2026-01-01T00:58:25Z
batch_0004,order_00003506,order_00005468,ETH-USD,1932.68,283,2026-01-01T01:31:07Z
batch_0004,order_00003506,order_00005541,ETH-USD,1932.82,19,2026-01-01T01:32:20Z
batch_0004,order_00005721,order_00005541,ETH-USD,1932.82,568,2026-01-01T01:35:20Z
batch_0004,order_00005721,order_00004976,ETH-USD,1933.05,257,2026-01-01T01:35:20Z
batch_0004,order_00003936,order_00004976,ETH-USD,1933.05,328,2026-01-01T01:22:55Z
batch_0004,order_00003936,order_00002086,ETH-USD,1933.15,54,2026-01-01T01:05:35Z
batch_0004,order_00003936,order_00005933,ETH-USD,1933.21,295,2026-01-01T01:38:52Z
batch_0004,order_00003936,order_00002519,ETH-USD,1933.29,74,2026-01-01T01:05:35Z
batch_0004,order_00003936,order_00003045,ETH-USD,1933.5,149,2026-01-01T01:05:35Z
batch_0004,order_00006335,order_00003045,ETH-USD,1933.5,372,2026-01-01T01:45:34Z
batch_0004,order_00006335,order_00004520,ETH-USD,1933.51,85,2026-01-01T01:45:34Z
batch_0004,order_00005643,order_00004520,ETH-USD,1933.51,449,2026-01-01T01:34:02Z
batch_0004,order_00003727,order_00004520,ETH-USD,1933.51,253,2026-01-01T01:15:19Z
batch_0004,order_00003727,order_00004152,ETH-USD,1933.57,616,2026-01-01T01:09:11Z
batch_0004,order_00004144,order_00004152,ETH-USD,1933.57,266,2026-01-01T01:09:11Z
batch_0004,order_00004144,order_00003061,ETH-USD,1933.62,439,2026-01-01T01:09:03Z
batch_0004,order_00004144,order_00005426,ETH-USD,1933.67,161,2026-01-01T01:30:25Z
batch_0004,order_00004144,order_00002855,ETH-USD,1934.19,125,2026-01-01T01:09:03Z
batch_0004,order_00005186,order_00002855,ETH-USD,1934.19,672,2026-01-01T01:26:25Z
batch_0004,order_00006281,order_00002855,ETH-USD,1934.19,70,2026-01-01T01:44:40Z
batch_0004,order_00006281,order_00005485,ETH-USD,1934.19,104,2026-01-01T01:44:40Z
batch_0004,order_00003136,order_00005485,ETH-USD,1934.19,324,2026-01-01T01:31:24Z
batch_0004,order_00003136,order_00002926,ETH-USD,1934.33,337,2026-01-01T00:52:15Z
batch_0004,order_00004269,order_00002926,ETH-USD,1934.33,447,2026-01-01T01:11:08Z
batch_0004,order_00004269,order_00003285,ETH-USD,1934.72,29,2026-01-01T01:11:08Z
batch_0004,order_00004533,order_00003285,ETH-USD,1934.72,93,2026-01-01T01:15:32Z
batch_0004,order_00004533,order_00005412,ETH-USD,1934.72,97,2026-01-01T01:30:11Z
batch_0004,order_00003000,order_00005412,ETH-USD,1934.72,573,2026-01-01T01:30:11Z
batch_0004,order_00003000,order_00006162,ETH-USD,1934.74,342,2026-01-01T01:42:41Z
batch_0004,order_00003792,order_00006162,ETH-USD,1934.74,164,2026-01-01T01:42:41Z
batch_0004,order_00003504,order_00006162,ETH-USD,1934.74,80,2026-01-01T01:42:41Z
batch_0004,order_00004188,order_00006162,ETH-USD,1934.74,165,2026-01-01T01:42:41Z
batch_0004,order_00004188,order_00003766,ETH-USD,1934.94,203,2026-01-01T01:09:47Z
batch_0004,order_00002842,order_00003766,ETH-USD,1934.94,744,2026-01-01T01:02:45Z
batch_0004,order_00002842,order_00004287,ETH-USD,1934.95,57,2026-01-01T01:11:26Z
batch_0004,order_00002938,order_00004287,ETH-USD,1934.95,794,2026-01-01T01:11:26Z
batch_0004,order_00002938,order_00003008,ETH-USD,1934.96,41,2026-01-01T00:50:07Z
batch_0004,order_00002938,order_00003904,ETH-USD,1934.96,6,2026-01-01T01:05:03Z
batch_0004,order_00001907,order_00003904,ETH-USD,1934.96,705,2026-01-01T01:05:03Z
batch_0004,order_00001766,order_00003904,ETH-USD,1934.96,232,2026-01-01T01:05:03Z
batch_0004,order_00001766,order_00003535,ETH-USD,1935.11,81,2026-01-01T00:58:54Z
batch_0004,order_00001766,order_00002206,ETH-USD,1935.32,87,2026-01-01T00:36:45Z
batch_0004,order_00001766,order_00002376,ETH-USD,1935.35,114,2026-01-01T00:39:35Z
batch_0004,order_00001766,order_00002797,ETH-USD,1935.36,40,2026-01-01T00:46:36Z
batch_0004,order_00006081,order_00002797,ETH-USD,1935.36,565,2026-01-01T01:41:20Z
batch_0004,order_00004593,order_00002797,ETH-USD,1935.36,233,2026-01-01T01:16:32Z
batch_0004,order_00004593,order_00004505,ETH-USD,1935.49,55,2026-01-01T01:16:32Z
batch_0004,order_00005000,order_00004505,ETH-USD,1935.49,153,2026-01-01T01:23:19Z
batch_0004,order_00002892,order_00004505,ETH-USD,1935.49,457,2026-01-01T01:15:04Z
batch_0004,order_00002892,order_00006099,ETH-USD,1935.59,11,2026-01-01T01:41:38Z
batch_0004,order_00002892,order_00004631,ETH-USD,1935.64,12,2026-01-01T01:17:10Z
batch_0004,order_00003457,order_00004631,ETH-USD,1935.64,74,2026-01-01T01:17:10Z
batch_0004,order_00003457,order_00003142,ETH-USD,1935.72,577,2026-01-01T00:57:36Z
batch_0004,order_00003457,order_00002269,ETH-USD,1935.98,24,2026-01-01T00:57:36Z
batch_0004,order_00003457,order_00004514,ETH-USD,1935.98,23,2026-01-01T01:15:13Z
batch_0004,order_00002852,order_00004514,ETH-USD,1935.98,265,2026-01-01T01:15:13Z
batch_0004,order_00002852,order_00004496,ETH-USD,1936.07,31,2026-01-01T01:14:55Z
batch_0004,order_00002852,order_00004594,ETH-USD,1936.33,96,2026-01-01T01:16:33Z
batch_0004,order_00002852,order_00004775,ETH-USD,1936.54,277,2026-01-01T01:19:34Z
batch_0004,order_00005739,order_00004775,ETH-USD,1936.54,168,2026-01-01T01:35:38Z
batch_0004,order_00005739,order_00002906,ETH-USD,1936.81,117,2026-01-01T01:35:38Z
batch_0004,order_00002322,order_00002906,ETH-USD,1936.81,322,2026-01-01T00:48:25Z
batch_0004,order_00002322,order_00004275,ETH-USD,1936.96,116,2026-01-01T01:11:14Z
batch_0004,order_00002490,order_00004275,ETH-USD,1936.96,524,2026-01-01T01:11:14Z
batch_0004,order_00002665,order_00004275,ETH-USD,1936.96,338,2026-01-01T01:11:14Z
batch_0004,order_00001790,order_00004275,ETH-USD,1936.96,21,2026-01-01T01:11:14Z
batch_0004,order_00001790,order_00002500,ETH-USD,1937.09,126,2026-01-01T00:41:39Z
batch_0004,order_00004183,order_00002500,ETH-USD,1937.09,214,2026-01-01T01:09:42Z
batch_0004,order_00004183,order_00002752,ETH-USD,1937.16,539,2026-01-01T01:09:42Z
batch_0004,order_00006223,order_00002752,ETH-USD,1937.16,62,2026-01-01T01:43:42Z
batch_0004,order_00004692,order_00002752,ETH-USD,1937.16,33,2026-01-01T01:18:11Z
batch_0004,order_00004692,order_00004454,ETH-USD,1937.19,671,2026-01-01T01:18:11Z
batch_0004,order_00001916,order_00004454,ETH-USD,1937.19,58,2026-01-01T01:14:13Z
batch_0004,order_00001916,order_00004210,ETH-USD,1937.27,308,2026-01-01T01:10:09Z
batch_0004,order_00001916,order_00005888,ETH-USD,1937.35,177,2026-01-01T01:38:07Z
batch_0004,order_00001723,order_00005888,ETH-USD,1937.35,469,2026-01-01T01:38:07Z
batch_0004,order_00001723,order_00005514,ETH-USD,1937.41,76,2026-01-01T01:31:53Z
batch_0004,order_00004993,order_00005514,ETH-USD,1937.41,243,2026-01-01T01:31:53Z
batch_0004,order_00004940,order_00005514,ETH-USD,1937.41,438,2026-01-01T01:31:53Z
batch_0004,order_00004940,order_00001672,ETH-USD,1937.71,483,2026-01-01T01:22:19Z
batch_0004,order_00005436,order_00001672,ETH-USD,1937.71,6,2026-01-01T01:30:35Z
batch_0004,order_00006071,order_00001672,ETH-USD,1937.71,449,2026-01-01T01:41:10Z
batch_0004,order_00006071,order_00004541,ETH-USD,1937.71,300,2026-01-01T01:41:10Z
batch_0004,order_00006071,order_00005487,ETH-USD,1937.77,59,2026-01-01T01:41:10Z
batch_0004,order_00006071,order_00005358,ETH-USD,1937.85,38,2026-01-01T01:41:10Z
batch_0004,order_00002948,order_00005358,ETH-USD,1937.85,385,2026-01-01T01:29:17Z
batch_0004,order_00002948,order_00004773,ETH-USD,1937.87,577,2026-01-01T01:19:32Z
batch_0004,order_00005849,order_00004773,ETH-USD,1937.87,342,2026-01-01T01:37:28Z
batch_0004,order_00005849,order_00002216,ETH-USD,1938.1,3,2026-01-01T01:37:28Z
batch_0004,order_00003781,order_00002216,ETH-USD,1938.1,170,2026-01-01T01:03:00Z
batch_0004,order_00005007,order_00002216,ETH-USD,1938.1,50,2026-01-01T01:23:26Z
batch_0004,order_00005583,order_00002216,ETH-USD,1938.1,492,2026-01-01T01:33:02Z
batch_0004,order_00005583,order_00001857,ETH-USD,1938.68,252,2026-01-01T01:33:02Z
batch_0004,order_00005313,order_00001857,ETH-USD,1938.68,234,2026-01-01T01:28:32Z
batch_0004,order_00005313,order_00006415,ETH-USD,1938.73,28,2026-01-01T01:46:54Z
batch_0004,order_00005313,order_00005903,ETH-USD,1939.05,567,2026-01-01T01:38:22Z
batch_0004,order_00005313,order_00003148,ETH-USD,1939.24,158,2026-01-01T01:28:32Z
batch_0004,order_00002163,order_00003148,ETH-USD,1939.24,106,2026-01-01T00:52:27Z
batch_0004,order_00003568,order_00003148,ETH-USD,1939.24,331,2026-01-01T00:59:27Z
batch_0004,order_00003568,order_00003710,ETH-USD,1939.41,41,2026-01-01T01:01:49Z
batch_0004,order_00005649,order_00003710,ETH-USD,1939.41,94,2026-01-01T01:34:08Z
batch_0004,order_00003474,order_00003710,ETH-USD,1939.41,108,2026-01-01T01:01:49Z
batch_0004,order_00003162,order_00003710,ETH-USD,1939.41,25,2026-01-01T01:01:49Z
batch_0004,order_00002954,order_00003710,ETH-USD,1939.41,12,2026-01-01T01:01:49Z
batch_0004,order_00001910,order_00003710,ETH-USD,1939.41,265,2026-01-01T01:01:49Z
batch_0004,order_00005879,order_00003710,ETH-USD,1939.41,9,2026-01-01T01:37:58Z
batch_0004,order_00005879,order_00003838,ETH-USD,1940.24,266,2026-01-01T01:37:58Z
batch_0004,order_00003319,order_00003838,ETH-USD,1940.24,232,2026-01-01T01:03:57Z
batch_0004,order_00003319,order_00004216,ETH-USD,1940.42,418,2026-01-01T01:10:15Z
batch_0004,order_00003958,order_00004216,ETH-USD,1940.42,189,2026-01-01T01:10:15Z
batch_0004,order_00001615,order_00004216,ETH-USD,1940.42,295,2026-01-01T01:10:15Z
batch_0004,order_00001615,order_00005179,ETH-USD,1940.5,46,2026-01-01T01:26:18Z
batch_0004,order_00001615,order_00001942,ETH-USD,1940.88,44,2026-01-01T00:32:21Z
batch_0004,order_00001797,order_00001942,ETH-USD,1940.88,313,2026-01-01T00:32:21Z
batch_0004,order_00001797,order_00002991,ETH-USD,1940.9,476,2026-01-01T00:49:50Z
batch_0004,order_00002340,order_00002991,ETH-USD,1940.9,68,2026-01-01T00:49:50Z
batch_0004,order_00002340,order_00005646,ETH-USD,1940.97,431,2026-01-01T01:34:05Z
batch_0004,order_00002340,order_00001700,ETH-USD,1941.17,127,2026-01-01T00:38:59Z
batch_0004,order_00002967,order_00001700,ETH-USD,1941.17,305,2026-01-01T00:49:26Z
batch_0004,order_00002967,order_00003248,ETH-USD,1941.33,678,2026-01-01T00:54:07Z
batch_0004,order_00005472,order_00003248,ETH-USD,1941.33,131,2026-01-01T01:31:11Z
batch_0004,order_00001990,order_00003248,ETH-USD,1941.33,61,2026-01-01T00:54:07Z
batch_0004,order_00001990,order_00006437,ETH-USD,1941.53,65,2026-01-01T01:47:16Z
batch_0004,order_00001990,order_00002909,ETH-USD,1941.88,448,2026-01-01T00:48:28Z
batch_0004,order_00001990,order_00006260,ETH-USD,1941.91,339,2026-01-01T01:44:19Z
batch_0004,order_00004635,order_00006260,ETH-USD,1941.91,152,2026-01-01T01:44:19Z
batch_0004,order_00002215,order_00006260,ETH-USD,1941.91,472,2026-01-01T01:44:19Z
batch_0004,order_00002215,order_00005770,ETH-USD,1941.98,86,2026-01-01T01:36:09Z
batch_0004,order_00002933,order_00005770,ETH-USD,1941.98,626,2026-01-01T01:36:09Z
batch_0004,order_00002933,order_00002186,ETH-USD,1942.1,144,2026-01-01T00:48:52Z
batch_0004,order_00002873,order_00002186,ETH-USD,1942.1,369,2026-01-01T00:47:52Z
batch_0004,order_00004899,order_00002186,ETH-USD,1942.1,291,2026-01-01T01:21:38Z
batch_0004,order_00004899,order_00002622,ETH-USD,1942.23,99,2026-01-01T01:21:38Z
batch_0004,order_00004899,order_00005700,ETH-USD,1942.31,254,2026-01-01T01:34:59Z
batch_0004,order_00001973,order_00005700,ETH-USD,1942.31,311,2026-01-01T01:34:59Z
batch_0004,order_00006091,order_00005700,ETH-USD,1942.31,331,2026-01-01T01:41:30Z
batch_0004,order_00006091,order_00003075,ETH-USD,1942.88,146,2026-01-01T01:41:30Z
batch_0004,order_00006091,order_00005150,ETH-USD,1943.1,255,2026-01-01T01:41:30Z
batch_0004,order_00006091,order_00003827,ETH-USD,1943.44,117,2026-01-01T01:41:30Z
batch_0004,order_00003224,order_00003827,ETH-USD,1943.44,143,2026-01-01T01:03:46Z
batch_0004,order_00003224,order_00005482,ETH-USD,1943.67,510,2026-01-01T01:31:21Z
batch_0004,order_00003224,order_00002714,ETH-USD,1943.69,6,2026-01-01T00:53:43Z
batch_0004,order_00003224,order_00005477,ETH-USD,1943.96,191,2026-01-01T01:31:16Z
batch_0004,order_00002398,order_00005477,ETH-USD,1943.96,525,2026-01-01T01:31:16Z
batch_0004,order_00004339,order_00005477,ETH-USD,1943.96,95,2026-01-01T01:31:16Z
batch_0004,order_00004101,order_00005477,ETH-USD,1943.96,169,2026-01-01T01:31:16Z
batch_0004,order_00004101,order_00005378,ETH-USD,1944.04,403,2026-01-01T01:29:37Z
batch_0004,order_00004101,order_00002827,ETH-USD,1944.68,241,2026-01-01T01:08:20Z
batch_0004,order_00004101,order_00003270,ETH-USD,1944.75,32,2026-01-01T01:08:20Z
batch_0004,order_00002884,order_00003270,ETH-USD,1944.75,388,2026-01-01T00:54:29Z
batch_0004,order_00002884,order_00004011,ETH-USD,1944.95,490,2026-01-01T01:06:50Z
batch_0004,order_00002089,order_00004011,ETH-USD,1944.95,348,2026-01-01T01:06:50Z
batch_0004,order_00002089,order_00002828,ETH-USD,1944.96,18,2026-01-01T00:47:07Z
batch_0004,order_00002089,order_00004519,ETH-USD,1945.01,103,2026-01-01T01:15:18Z
batch_0004,order_00002089,order_00003807,ETH-USD,1945.02,48,2026-01-01T01:03:26Z
batch_0004,order_00005253,order_00003807,ETH-USD,1945.02,618,2026-01-01T01:27:32Z
batch_0004,order_00001732,order_00003807,ETH-USD,1945.02,25,2026-01-01T01:03:26Z
batch_0004,order_00004211,order_00003807,ETH-USD,1945.02,195,2026-01-01T01:10:10Z
batch_0004,order_00004211,order_00002368,ETH-USD,1945.13,7,2026-01-01T01:10:10Z
batch_0004,order_00004211,order_00003984,ETH-USD,1945.37,237,2026-01-01T01:10:10Z
batch_0004,order_00001773,order_00003984,ETH-USD,1945.37,397,2026-01-01T01:06:23Z
batch_0004,order_00001773,order_00004333,ETH-USD,1945.83,391,2026-01-01T01:12:12Z
batch_0004,order_00001773,order_00003517,ETH-USD,1945.94,153,2026-01-01T00:58:36Z
batch_0004,order_00004005,order_00003517,ETH-USD,1945.94,843,2026-01-01T01:06:44Z
batch_0004,order_00004005,order_00004841,ETH-USD,1946.03,16,2026-01-01T01:20:40Z
batch_0004,order_00004005,order_00002756,ETH-USD,1946.4,74,2026-01-01T01:06:44Z
batch_0004,order_00003243,order_00002756,ETH-USD,1946.4,843,2026-01-01T00:54:02Z
batch_0004,order_00003243,order_00005457,ETH-USD,1946.42,50,2026-01-01T01:30:56Z
batch_0004,order_00002446,order_00005457,ETH-USD,1946.42,653,2026-01-01T01:30:56Z
batch_0004,order_00002446,order_00005403,ETH-USD,1946.46,269,2026-01-01T01:30:02Z
batch_0004,order_00001648,order_00005403,ETH-USD,1946.46,422,2026-01-01T01:30:02Z
batch_0004,order_00001648,order_00004942,ETH-USD,1946.52,133,2026-01-01T01:22:21Z
batch_0004,order_00001648,order_00005032,ETH-USD,1946.68,363,2026-01-01T01:23:51Z
batch_0004,order_00005158,order_00005032,ETH-USD,1946.68,128,2026-01-01T01:25:57Z
batch_0004,order_00004865,order_00005032,ETH-USD,1946.68,62,2026-01-01T01:23:51Z
batch_0004,order_00004865,order_00003132,ETH-USD,1946.94,505,2026-01-01T01:21:04Z
batch_0004,order_00004865,order_00003195,ETH-USD,1947.08,390,2026-01-01T01:21:04Z
batch_0004,order_00003753,order_00003195,ETH-USD,1947.08,536,2026-01-01T01:02:32Z
batch_0004,order_00003753,order_00005670,ETH-USD,1947.2,184,2026-01-01T01:34:29Z
batch_0004,order_00003753,order_00002130,ETH-USD,1947.29,189,2026-01-01T01:02:32Z
batch_0004,order_00005036,order_00002130,ETH-USD,1947.29,371,2026-01-01T01:23:55Z
batch_0004,order_00004662,order_00002130,ETH-USD,1947.29,271,2026-01-01T01:17:41Z
batch_0004,order_00004662,order_00004676,ETH-USD,1947.3,134,2026-01-01T01:17:55Z
batch_0004,order_00004662,order_00004748,ETH-USD,1947.3,472,2026-01-01T01:19:07Z
batch_0004,order_00005298,order_00004748,ETH-USD,1947.3,48,2026-01-01T01:28:17Z
batch_0004,order_00005298,order_00004874,ETH-USD,1947.47,244,2026-01-01T01:28:17Z
batch_0004,order_00005298,order_00004554,ETH-USD,1947.5,117,2026-01-01T01:28:17Z
batch_0004,order_00005176,order_00004554,ETH-USD,1947.5,128,2026-01-01T01:26:15Z
batch_0004,order_00004118,order_00004554,ETH-USD,1947.5,335,2026-01-01T01:15:53Z
batch_0004,order_00003928,order_00004554,ETH-USD,1947.5,310,2026-01-01T01:15:53Z
batch_0004,order_00003928,order_00002559,ETH-USD,1948.31,345,2026-01-01T01:05:27Z
batch_0004,order_00003928,order_00002090,ETH-USD,1948.36,1,2026-01-01T01:05:27Z
batch_0004,order_00003437,order_00002090,ETH-USD,1948.36,30,2026-01-01T00:57:16Z
batch_0004,order_00005923,order_00002090,ETH-USD,1948.36,353,2026-01-01T01:38:42Z
batch_0004,order_00003325,order_00002090,ETH-USD,1948.36,304,2026-01-01T00:55:24Z
batch_0004,order_00003325,order_00006360,ETH-USD,1948.4,268,2026-01-01T01:45:59Z
batch_0004,order_00005337,order_00006360,ETH-USD,1948.4,574,2026-01-01T01:45:59Z
batch_0004,order_00005737,order_00006360,ETH-USD,1948.4,9,2026-01-01T01:45:59Z
batch_0004,order_00005737,order_00002747,ETH-USD,1948.64,481,2026-01-01T01:35:36Z
batch_0004,order_00004311,order_00002747,ETH-USD,1948.64,139,2026-01-01T01:11:50Z
batch_0004,order_00004311,order_00006363,ETH-USD,1948.78,332,2026-01-01T01:46:02Z
batch_0004,order_00001811,order_00006363,ETH-USD,1948.78,225,2026-01-01T01:46:02Z
batch_0004,order_00001811,order_00005049,ETH-USD,1948.79,357,2026-01-01T01:24:08Z
batch_0004,order_00001811,order_00004992,ETH-USD,1948.88,369,2026-01-01T01:23:11Z
batch_0004,order_00005085,order_00004992,ETH-USD,1948.88,531,2026-01-01T01:24:44Z
batch_0004,order_00005085,order_00003213,ETH-USD,1948.96,95,2026-01-01T01:24:44Z
batch_0004,order_00001883,order_00003213,ETH-USD,1948.96,31,2026-01-01T00:53:32Z
batch_0004,order_00001883,order_00003369,ETH-USD,1949.1,26,2026-01-01T00:56:08Z
batch_0004,order_00005454,order_00003369,ETH-USD,1949.1,815,2026-01-01T01:30:53Z
batch_0004,order_00003253,order_00003369,ETH-USD,1949.1,134,2026-01-01T00:56:08Z
batch_0004,order_00003253,order_00004198,ETH-USD,1949.33,201,2026-01-01T01:09:57Z
batch_0004,order_00002875,order_00004198,ETH-USD,1949.33,616,2026-01-01T01:09:57Z
batch_0004,order_00002875,order_00004371,ETH-USD,1949.61,10,2026-01-01T01:12:50Z
batch_0004,order_00004721,order_00004371,ETH-USD,1949.61,221,2026-01-01T01:18:40Z
batch_0004,order_00004320,order_00004371,ETH-USD,1949.61,72,2026-01-01T01:12:50Z
batch_0004,order_00004320,order_00003897,ETH-USD,1949.67,381,2026-01-01T01:11:59Z
batch_0004,order_00004621,order_00003897,ETH-USD,1949.67,234,2026-01-01T01:17:00Z
batch_0004,order_00004621,order_00003541,ETH-USD,1949.69,33,2026-01-01T01:17:00Z
batch_0004,order_00004353,order_00003541,ETH-USD,1949.69,18,2026-01-01T01:12:32Z
batch_0004,order_00004353,order_00003493,ETH-USD,1949.7,638,2026-01-01T01:12:32Z
batch_0004,order_00004290,order_00003493,ETH-USD,1949.7,157,2026-01-01T01:11:29Z
batch_0004,order_00004290,order_00004949,ETH-USD,1950.86,61,2026-01-01T01:22:28Z
batch_0004,order_00004290,order_00002253,ETH-USD,1950.92,43,2026-01-01T01:11:29Z
batch_0004,order_00004270,order_00002253,ETH-USD,1950.92,549,2026-01-01T01:11:09Z
batch_0004,order_00002440,order_00002253,ETH-USD,1950.92,209,2026-01-01T00:40:39Z
batch_0004,order_00002440,order_00002920,ETH-USD,1951.02,200,2026-01-01T00:48:39Z
batch_0004,order_00005793,order_00002920,ETH-USD,1951.02,416,2026-01-01T01:36:32Z
batch_0004,order_00005793,order_00004656,ETH-USD,1951.09,413,2026-01-01T01:36:32Z
batch_0004,order_00005576,order_00004656,ETH-USD,1951.09,2,2026-01-01T01:32:55Z
batch_0004,order_00005576,order_00002677,ETH-USD,1951.52,26,2026-01-01T01:32:55Z
batch_0004,order_00003122,order_00002677,ETH-USD,1951.52,121,2026-01-01T00:52:01Z
batch_0004,order_00003122,order_00003191,ETH-USD,1951.76,36,2026-01-01T00:53:10Z
batch_0004,order_00006384,order_00003191,ETH-USD,1951.76,716,2026-01-01T01:46:23Z
batch_0004,order_00002663,order_00003191,ETH-USD,1951.76,129,2026-01-01T00:53:10Z
batch_0004,order_00002663,order_00002593,ETH-USD,1952.08,859,2026-01-01T00:44:22Z
batch_0004,order_00001967,order_00002593,ETH-USD,1952.08,118,2026-01-01T00:43:12Z
batch_0004,order_00001967,order_00004876,ETH-USD,1952.38,400,2026-01-01T01:21:15Z
batch_0004,order_00001967,order_00002936,ETH-USD,1952.43,165,2026-01-01T00:48:55Z
batch_0004,order_00005876,order_00002936,ETH-USD,1952.43,229,2026-01-01T01:37:55Z
batch_0004,order_00002533,order_00002936,ETH-USD,1952.43,171,2026-01-01T00:48:55Z
batch_0004,order_00002533,order_00003965,ETH-USD,1952.49,7,2026-01-01T01:06:04Z
batch_0004,order_00002533,order_00002121,ETH-USD,1952.56,76,2026-01-01T00:42:12Z
batch_0004,order_00005642,order_00002121,ETH-USD,1952.56,541,2026-01-01T01:34:01Z
batch_0004,order_00005642,order_00002588,ETH-USD,1952.66,277,2026-01-01T01:34:01Z
batch_0004,order_00002749,order_00002588,ETH-USD,1952.66,466,2026-01-01T00:45:48Z
batch_0004,order_00002749,order_00005462,ETH-USD,1952.69,97,2026-01-01T01:31:01Z
batch_0004,order_00002749,order_00005777,ETH-USD,1953.0,198,2026-01-01T01:36:16Z
batch_0004,order_00003960,order_00005777,ETH-USD,1953.0,252,2026-01-01T01:36:16Z
batch_0004,order_00003480,order_00005777,ETH-USD,1953.0,212,2026-01-01T01:36:16Z
batch_0004,order_00003480,order_00003837,ETH-USD,1953.08,171,2026-01-01T01:03:56Z
batch_0004,order_00004321,order_00003837,ETH-USD,1953.08,80,2026-01-01T01:12:00Z
batch_0004,order_00002129,order_00003837,ETH-USD,1953.08,524,2026-01-01T01:03:56Z
batch_0004,order_00002129,order_00002344,ETH-USD,1953.57,53,2026-01-01T00:39:03Z
batch_0004,order_00005123,order_00002344,ETH-USD,1953.57,170,2026-01-01T01:25:22Z
batch_0004,order_00004697,order_00002344,ETH-USD,1953.57,242,2026-01-01T01:18:16Z
batch_0004,order_00004697,order_00002523,ETH-USD,1953.61,383,2026-01-01T01:18:16Z
batch_0004,order_00004697,order_00004758,ETH-USD,1953.64,104,2026-01-01T01:19:17Z
batch_0004,order_00002343,order_00004758,ETH-USD,1953.64,490,2026-01-01T01:19:17Z
batch_0004,order_00002343,order_00001761,ETH-USD,1953.67,396,2026-01-01T00:39:02Z
batch_0004,order_00003523,order_00001761,ETH-USD,1953.67,595,2026-01-01T00:58:42Z
batch_0004,order_00003523,order_00002535,ETH-USD,1953.74,316,2026-01-01T00:58:42Z
batch_0004,order_00005947,order_00002535,ETH-USD,1953.74,316,2026-01-01T01:39:06Z
batch_0004,order_00005757,order_00002535,ETH-USD,1953.74,307,2026-01-01T01:35:56Z
batch_0004,order_00005757,order_00004868,ETH-USD,1953.79,18,2026-01-01T01:35:56Z
batch_0004,order_00003933,order_00004868,ETH-USD,1953.79,146,2026-01-01T01:21:07Z
batch_0004,order_00004856,order_00004868,ETH-USD,1953.79,341,2026-01-01T01:21:07Z
batch_0004,order_00004856,order_00002525,ETH-USD,1953.93,128,2026-01-01T01:20:55Z
batch_0004,order_00004856,order_00003759,ETH-USD,1954.01,268,2026-01-01T01:20:55Z
batch_0004,order_00002496,order_00003759,ETH-USD,1954.01,551,2026-01-01T01:02:38Z
batch_0004,order_00002496,order_00005758,ETH-USD,1954.11,192,2026-01-01T01:35:57Z
batch_0004,order_00001895,order_00005758,ETH-USD,1954.11,160,2026-01-01T01:35:57Z
batch_0004,order_00001895,order_00006030,ETH-USD,1954.33,442,2026-01-01T01:40:29Z
batch_0004,order_00002278,order_00006030,ETH-USD,1954.33,440,2026-01-01T01:40:29Z
batch_0004,order_00002278,order_00003969,ETH-USD,1954.42,331,2026-01-01T01:06:08Z
batch_0004,order_00006165,order_00003969,ETH-USD,1954.42,330,2026-01-01T01:42:44Z
batch_0004,order_00006165,order_00002306,ETH-USD,1954.7,367,2026-01-01T01:42:44Z
batch_0004,order_00006165,order_00002257,ETH-USD,1954.89,247,2026-01-01T01:42:44Z
batch_0004,order_00001641,order_00002257,ETH-USD,1954.89,173,2026-01-01T00:37:36Z
batch_0004,order_00001641,order_00004502,ETH-USD,1954.91,469,2026-01-01T01:15:01Z
batch_0004,order_00001641,order_00006259,ETH-USD,1955.18,80,2026-01-01T01:44:18Z
batch_0004,order_00005543,order_00006259,ETH-USD,1955.18,409,2026-01-01T01:44:18Z
batch_0004,order_00005830,order_00006259,ETH-USD,1955.18,287,2026-01-01T01:44:18Z
batch_0004,order_00005830,order_00003226,ETH-USD,1955.24,338,2026-01-01T01:37:09Z
batch_0004,order_00006434,order_00003226,ETH-USD,1955.24,229,2026-01-01T01:47:13Z
batch_0004,order_00006434,order_00002486,ETH-USD,1955.43,356,2026-01-01T01:47:13Z
batch_0004,order_00005059,order_00002486,ETH-USD,1955.43,152,2026-01-01T01:24:18Z
batch_0004,order_00002332,order_00002486,ETH-USD,1955.43,25,2026-01-01T00:41:25Z
batch_0004,order_00005323,order_00002486,ETH-USD,1955.43,181,2026-01-01T01:28:42Z
batch_0004,order_00005323,order_00003551,ETH-USD,1955.62,549,2026-01-01T01:28:42Z
batch_0004,order_00002591,order_00003551,ETH-USD,1955.62,6,2026-01-01T00:59:10Z
batch_0004,order_00002591,order_00005906,ETH-USD,1956.15,738,2026-01-01T01:38:25Z
batch_0004,order_00002591,order_00003173,ETH-USD,1956.17,15,2026-01-01T00:52:52Z
batch_0004,order_00006539,order_00003173,ETH-USD,1956.17,243,2026-01-01T01:48:58Z
batch_0004,order_00006539,order_00004566,ETH-USD,1956.24,193,2026-01-01T01:48:58Z
batch_0004,order_00006481,order_00004566,ETH-USD,1956.24,794,2026-01-01T01:48:00Z
batch_0004,order_00006481,order_00004458,ETH-USD,1956.28,179,2026-01-01T01:48:00Z
batch_0004,order_00005797,order_00004458,ETH-USD,1956.28,156,2026-01-01T01:36:36Z
batch_0004,order_00003004,order_00004458,ETH-USD,1956.28,209,2026-01-01T01:14:17Z
batch_0004,order_00003004,order_00006284,ETH-USD,1956.28,125,2026-01-01T01:44:43Z
batch_0004,order_00003004,order_00004425,ETH-USD,1956.35,1,2026-01-01T01:13:44Z
batch_0004,order_00003454,order_00004425,ETH-USD,1956.35,326,2026-01-01T01:13:44Z
batch_0004,order_00001986,order_00004425,ETH-USD,1956.35,507,2026-01-01T01:13:44Z
batch_0004,order_00004461,order_00004425,ETH-USD,1956.35,85,2026-01-01T01:14:20Z
batch_0004,order_00004461,order_00004666,ETH-USD,1956.67,652,2026-01-01T01:17:45Z
batch_0004,order_00001988,order_00004666,ETH-USD,1956.67,29,2026-01-01T01:17:45Z
batch_0004,order_00005089,order_00004666,ETH-USD,1956.67,206,2026-01-01T01:24:48Z
batch_0004,order_00005089,order_00003053,ETH-USD,1956.76,269,2026-01-01T01:24:48Z
batch_0004,order_00003902,order_00003053,ETH-USD,1956.76,146,2026-01-01T01:05:01Z
batch_0004,order_00003902,order_00005270,ETH-USD,1956.76,31,2026-01-01T01:27:49Z
batch_0004,order_00003902,order_00004199,ETH-USD,1957.12,8,2026-01-01T01:09:58Z
batch_0004,order_00002594,order_00004199,ETH-USD,1957.12,64,2026-01-01T01:09:58Z
batch_0004,order_00003290,order_00004199,ETH-USD,1957.12,768,2026-01-01T01:09:58Z
batch_0004,order_00003290,order_00003986,ETH-USD,1957.13,17,2026-01-01T01:06:25Z
batch_0004,order_00002039,order_00003986,ETH-USD,1957.13,202,2026-01-01T01:06:25Z
batch_0004,order_00002039,order_00002638,ETH-USD,1957.52,21,2026-01-01T00:43:57Z
batch_0004,order_00002039,order_00003144,ETH-USD,1957.57,661,2026-01-01T00:52:23Z
batch_0004,order_00001948,order_00003144,ETH-USD,1957.57,285,2026-01-01T00:52:23Z
batch_0004,order_00001948,order_00005169,ETH-USD,1957.81,430,2026-01-01T01:26:08Z
batch_0004,order_00004463,order_00005169,ETH-USD,1957.81,418,2026-01-01T01:26:08Z
batch_0004,order_00005211,order_00005169,ETH-USD,1957.81,94,2026-01-01T01:26:50Z
batch_0004,order_00005211,order_00006390,ETH-USD,1958.05,392,2026-01-01T01:46:29Z
batch_0004,order_00001727,order_00006390,ETH-USD,1958.05,72,2026-01-01T01:46:29Z
batch_0004,order_00001727,order_00003489,ETH-USD,1958.4,470,2026-01-01T00:58:08Z
batch_0004,order_00001727,order_00005895,ETH-USD,1958.68,41,2026-01-01T01:38:14Z
batch_0004,order_00001727,order_00002412,ETH-USD,1959.0,106,2026-01-01T00:40:11Z
batch_0004,order_00004529,order_00002412,ETH-USD,1959.0,781,2026-01-01T01:15:28Z
batch_0004,order_00004529,order_00005578,ETH-USD,1959.2,187,2026-01-01T01:32:57Z
batch_0004,order_00004436,order_00005578,ETH-USD,1959.2,61,2026-01-01T01:32:57Z
batch_0004,order_00003408,order_00005578,ETH-USD,1959.2,534,2026-01-01T01:32:57Z
batch_0004,order_00003408,order_00002862,ETH-USD,1959.25,1,2026-01-01T00:56:47Z
batch_0004,order_00003795,order_00002862,ETH-USD,1959.25,758,2026-01-01T01:03:14Z
batch_0004,order_00002370,order_00002862,ETH-USD,1959.25,223,2026-01-01T00:47:41Z
batch_0004,order_00002370,order_00005112,ETH-USD,1959.6,424,2026-01-01T01:25:11Z
batch_0004,order_00003635,order_00005112,ETH-USD,1959.6,250,2026-01-01T01:25:11Z
batch_0004,order_00002161,order_00005112,ETH-USD,1959.6,277,2026-01-01T01:25:11Z
batch_0004,order_00002161,order_00003097,ETH-USD,1959.65,184,2026-01-01T00:51:36Z
batch_0004,order_00003465,order_00003097,ETH-USD,1959.65,249,2026-01-01T00:57:44Z
batch_0004,order_00003465,order_00005622,ETH-USD,1959.72,606,2026-01-01T01:33:41Z
batch_0004,order_00005489,order_00005622,ETH-USD,1959.72,74,2026-01-01T01:33:41Z
batch_0004,order_00005489,order_00003479,ETH-USD,1959.73,749,2026-01-01T01:31:28Z
batch_0004,order_00005489,order_00004671,ETH-USD,1959.88,66,2026-01-01T01:31:28Z
batch_0004,order_00005489,order_00006021,ETH-USD,1960.18,36,2026-01-01T01:40:20Z
batch_0004,order_00004234,order_00006021,ETH-USD,1960.18,176,2026-01-01T01:40:20Z
batch_0004,order_00004234,order_00005155,ETH-USD,1960.24,97,2026-01-01T01:25:54Z
batch_0004,order_00004234,order_00003536,ETH-USD,1960.3,427,2026-01-01T01:10:33Z
batch_0004,order_00004600,order_00003536,ETH-USD,1960.3,6,2026-01-01T01:16:39Z
batch_0004,order_00004600,order_00002894,ETH-USD,1960.61,205,2026-01-01T01:16:39Z
batch_0004,order_00004600,order_00004838,ETH-USD,1961.11,305,2026-01-01T01:20:37Z
batch_0004,order_00004521,order_00004838,ETH-USD,1961.11,134,2026-01-01T01:20:37Z
batch_0004,order_00004521,order_00004802,ETH-USD,1961.29,84,2026-01-01T01:20:01Z
batch_0004,order_00002783,order_00004802,ETH-USD,1961.29,209,2026-01-01T01:20:01Z
batch_0004,order_00005505,order_00004802,ETH-USD,1961.29,311,2026-01-01T01:31:44Z
batch_0004,order_00006410,order_00004802,ETH-USD,1961.29,140,2026-01-01T01:46:49Z
batch_0004,order_00006410,order_00004572,ETH-USD,1961.49,275,2026-01-01T01:46:49Z
batch_0004,order_00006418,order_00004572,ETH-USD,1961.49,490,2026-01-01T01:46:57Z
batch_0004,order_00006418,order_00002214,ETH-USD,1961.58,411,2026-01-01T01:46:57Z
batch_0004,order_00004168,order_00002214,ETH-USD,1961.58,307,2026-01-01T01:09:27Z
batch_0004,order_00004168,order_00004764,ETH-USD,1961.68,441,2026-01-01T01:19:23Z
batch_0004,order_00004168,order_00003125,ETH-USD,1961.82,160,2026-01-01T01:09:27Z
batch_0004,order_00003239,order_00003125,ETH-USD,1961.82,60,2026-01-01T00:53:58Z
batch_0004,order_00003082,order_00003125,ETH-USD,1961.82,43,2026-01-01T00:52:04Z
batch_0004,order_00006049,order_00003125,ETH-USD,1961.82,45,2026-01-01T01:40:48Z
batch_0004,order_00006049,order_00006568,ETH-USD,1962.09,176,2026-01-01T01:49:27Z
batch_0004,order_00006049,order_00003379,ETH-USD,1962.61,553,2026-01-01T01:40:48Z
batch_0004,order_00001703,order_00003379,ETH-USD,1962.61,61,2026-01-01T00:56:18Z
batch_0004,order_00001703,order_00004661,ETH-USD,1962.69,55,2026-01-01T01:17:40Z
batch_0004,order_00001703,order_00004779,ETH-USD,1962.77,353,2026-01-01T01:19:38Z
batch_0004,order_00001703,order_00006109,ETH-USD,1963.01,16,2026-01-01T01:41:48Z
batch_0004,order_00001944,order_00006109,ETH-USD,1963.01,746,2026-01-01T01:41:48Z
batch_0004,order_00001944,order_00004765,ETH-USD,1963.13,57,2026-01-01T01:19:24Z
batch_0004,order_00001944,order_00004835,ETH-USD,1963.37,37,2026-01-01T01:20:34Z
batch_0004,order_00006000,order_00004835,ETH-USD,1963.37,84,2026-01-01T01:39:59Z
batch_0004,order_00001669,order_00004835,ETH-USD,1963.37,206,2026-01-01T01:20:34Z
batch_0004,order_00001669,order_00003578,ETH-USD,1963.51,425,2026-01-01T00:59:37Z
batch_0004,order_00006560,order_00003578,ETH-USD,1963.51,167,2026-01-01T01:49:19Z
batch_0004,order_00002418,order_00003578,ETH-USD,1963.51,143,2026-01-01T00:59:37Z
batch_0004,order_00002879,order_00003578,ETH-USD,1963.51,15,2026-01-01T00:59:37Z
batch_0004,order_00002879,order_00005683,ETH-USD,1963.97,272,2026-01-01T01:34:42Z
batch_0004,order_00005972,order_00005683,ETH-USD,1963.97,620,2026-01-01T01:39:31Z
batch_0004,order_00004890,order_00005683,ETH-USD,1963.97,7,2026-01-01T01:34:42Z
batch_0004,order_00004890,order_00006522,ETH-USD,1964.23,651,2026-01-01T01:48:41Z
batch_0004,order_00004890,order_00005091,ETH-USD,1964.35,105,2026-01-01T01:24:50Z
batch_0004,order_00004890,order_00003855,ETH-USD,1964.93,197,2026-01-01T01:21:29Z
batch_0004,order_00004890,order_00002020,ETH-USD,1964.98,32,2026-01-01T01:21:29Z
batch_0004,order_00003051,order_00002020,ETH-USD,1964.98,37,2026-01-01T00:50:50Z
batch_0004,order_00003700,order_00002020,ETH-USD,1964.98,664,2026-01-01T01:01:39Z
batch_0004,order_00005974,order_00002020,ETH-USD,1964.98,134,2026-01-01T01:39:33Z
batch_0004,order_00005974,order_00004406,ETH-USD,1965.06,372,2026-01-01T01:39:33Z
batch_0004,order_00005974,order_00006368,ETH-USD,1965.28,96,2026-01-01T01:46:07Z
batch_0004,order_00002644,order_00006368,ETH-USD,1965.28,132,2026-01-01T01:46:07Z
batch_0004,order_00003993,order_00006368,ETH-USD,1965.28,412,2026-01-01T01:46:07Z
batch_0004,order_00006232,order_00006368,ETH-USD,1965.28,125,2026-01-01T01:46:07Z
batch_0004,order_00006232,order_00004552,ETH-USD,1965.34,15,2026-01-01T01:43:51Z
batch_0004,order_00006232,order_00001618,ETH-USD,1965.55,123,2026-01-01T01:43:51Z
batch_0004,order_00003512,order_00001618,ETH-USD,1965.55,132,2026-01-01T00:58:31Z
batch_0004,order_00005881,order_00001618,ETH-USD,1965.55,24,2026-01-01T01:38:00Z
batch_0004,order_00005881,order_00005914,ETH-USD,1965.78,166,2026-01-01T01:38:33Z
batch_0004,order_00005881,order_00005765,ETH-USD,1966.37,259,2026-01-01T01:38:00Z
batch_0004,order_00005354,order_00005765,ETH-USD,1966.37,308,2026-01-01T01:36:04Z
batch_0004,order_00005354,order_00003185,ETH-USD,1966.5,209,2026-01-01T01:29:13Z
batch_0004,order_00004192,order_00003185,ETH-USD,1966.5,764,2026-01-01T01:09:51Z
batch_0004,order_00004192,order_00002839,ETH-USD,1966.6,54,2026-01-01T01:09:51Z
batch_0004,order_00004753,order_00002839,ETH-USD,1966.6,640,2026-01-01T01:19:12Z
batch_0004,order_00006549,order_00002839,ETH-USD,1966.6,140,2026-01-01T01:49:08Z
batch_0004,order_00006549,order_00006334,ETH-USD,1966.65,71,2026-01-01T01:49:08Z
batch_0004,order_00006154,order_00006334,ETH-USD,1966.65,389,2026-01-01T01:45:33Z
batch_0004,order_00006154,order_00002176,ETH-USD,1966.74,145,2026-01-01T01:42:33Z
batch_0004,order_00002395,order_00002176,ETH-USD,1966.74,387,2026-01-01T00:39:54Z
batch_0004,order_00005521,order_00002176,ETH-USD,1966.74,451,2026-01-01T01:32:00Z
batch_0004,order_00005521,order_00002545,ETH-USD,1966.74,165,2026-01-01T01:32:00Z
batch_0004,order_00004304,order_00002545,ETH-USD,1966.74,373,2026-01-01T01:11:43Z
batch_0004,order_00004304,order_00006472,ETH-USD,1967.0,246,2026-01-01T01:47:51Z
batch_0004,order_00002890,order_00006472,ETH-USD,1967.0,163,2026-01-01T01:47:51Z
batch_0004,order_00003875,order_00006472,ETH-USD,1967.0,239,2026-01-01T01:47:51Z
batch_0004,order_00002427,order_00006472,ETH-USD,1967.0,23,2026-01-01T01:47:51Z
batch_0004,order_00002427,order_00004973,ETH-USD,1967.15,274,2026-01-01T01:22:52Z
batch_0004,order_00002427,order_00005841,ETH-USD,1967.17,40,2026-01-01T01:37:20Z
batch_0004,order_00004877,order_00005841,ETH-USD,1967.17,468,2026-01-01T01:37:20Z
batch_0004,order_00001983,order_00005841,ETH-USD,1967.17,113,2026-01-01T01:37:20Z
batch_0004,order_00002701,order_00005841,ETH-USD,1967.17,327,2026-01-01T01:37:20Z
batch_0004,order_00002701,order_00004433,ETH-USD,1967.19,320,2026-01-01T01:13:52Z
batch_0004,order_00001814,order_00004433,ETH-USD,1967.19,91,2026-01-01T01:13:52Z
batch_0004,order_00001814,order_00006485,ETH-USD,1967.19,618,2026-01-01T01:48:04Z
batch_0004,order_00003164,order_00006485,ETH-USD,1967.19,149,2026-01-01T01:48:04Z
batch_0004,order_00003164,order_00006512,ETH-USD,1967.21,141,2026-01-01T01:48:31Z
batch_0004,order_00003164,order_00002079,ETH-USD,1967.33,128,2026-01-01T00:52:43Z
batch_0004,order_00001691,order_00002079,ETH-USD,1967.33,39,2026-01-01T00:34:38Z
batch_0004,order_00006031,order_00002079,ETH-USD,1967.33,27,2026-01-01T01:40:30Z
batch_0004,order_00006031,order_00002823,ETH-USD,1967.46,393,2026-01-01T01:40:30Z
batch_0004,order_00006031,order_00001806,ETH-USD,1967.63,80,2026-01-01T01:40:30Z
batch_0004,order_00005791,order_00001806,ETH-USD,1967.63,254,2026-01-01T01:36:30Z
batch_0004,order_00005791,order_00004907,ETH-USD,1967.79,114,2026-01-01T01:36:30Z
batch_0004,order_00003102,order_00004907,ETH-USD,1967.79,305,2026-01-01T01:21:46Z
batch_0004,order_00005697,order_00004907,ETH-USD,1967.79,285,2026-01-01T01:34:56Z
batch_0004,order_00005639,order_00004907,ETH-USD,1967.79,134,2026-01-01T01:33:58Z
batch_0004,order_00005639,order_00003811,ETH-USD,1967.86,337,2026-01-01T01:33:58Z
batch_0004,order_00005639,order_00004578,ETH-USD,1967.89,74,2026-01-01T01:33:58Z
batch_0004,order_00002760,order_00004578,ETH-USD,1967.89,494,2026-01-01T01:16:17Z
batch_0004,order_00002760,order_00003744,ETH-USD,1967.95,95,2026-01-01T01:02:23Z
batch_0004,order_00002760,order_00002919,ETH-USD,1968.07,193,2026-01-01T00:48:38Z
batch_0004,order_00002760,order_00002935,ETH-USD,1968.26,197,2026-01-01T00:48:54Z
batch_0004,order_00003115,order_00002935,ETH-USD,1968.26,298,2026-01-01T00:51:54Z
batch_0004,order_00005667,order_00002935,ETH-USD,1968.26,378,2026-01-01T01:34:26Z
batch_0004,order_00005667,order_00002832,ETH-USD,1968.43,273,2026-01-01T01:34:26Z
batch_0004,order_00004759,order_00002832,ETH-USD,1968.43,339,2026-01-01T01:19:18Z
batch_0004,order_00004226,order_00002832,ETH-USD,1968.43,323,2026-01-01T01:10:25Z
batch_0004,order_00004226,order_00002718,ETH-USD,1968.44,122,2026-01-01T01:10:25Z
batch_0004,order_00004226,order_00002024,ETH-USD,1968.81,269,2026-01-01T01:10:25Z
batch_0004,order_00002859,order_00002024,ETH-USD,1968.81,178,2026-01-01T00:47:38Z
batch_0004,order_00002859,order_00005727,ETH-USD,1968.85,288,2026-01-01T01:35:26Z
batch_0004,order_00002859,order_00005170,ETH-USD,1968.87,118,2026-01-01T01:26:09Z
batch_0004,order_00005842,order_00005170,ETH-USD,1968.87,442,2026-01-01T01:37:21Z
batch_0004,order_00005842,order_00002037,ETH-USD,1969.15,356,2026-01-01T01:37:21Z
batch_0004,order_00005966,order_00002037,ETH-USD,1969.15,525,2026-01-01T01:39:25Z
batch_0004,order_00003183,order_00002037,ETH-USD,1969.15,77,2026-01-01T00:53:02Z
batch_0004,order_00003183,order_00002647,ETH-USD,1969.22,176,2026-01-01T00:53:02Z
batch_0004,order_00003183,order_00005880,ETH-USD,1969.22,422,2026-01-01T01:37:59Z
batch_0004,order_00003183,order_00006248,ETH-USD,1969.55,296,2026-01-01T01:44:07Z
batch_0004,order_00002293,order_00006248,ETH-USD,1969.55,245,2026-01-01T01:44:07Z
batch_0004,order_00002293,order_00003425,ETH-USD,1969.63,302,2026-01-01T00:57:04Z
batch_0004,order_00001871,order_00003425,ETH-USD,1969.63,211,2026-01-01T00:57:04Z
batch_0004,order_00003118,order_00003425,ETH-USD,1969.63,148,2026-01-01T00:57:04Z
batch_0004,order_00006556,order_00003425,ETH-USD,1969.63,85,2026-01-01T01:49:15Z
batch_0004,order_00006556,order_00002811,ETH-USD,1970.1,696,2026-01-01T01:49:15Z
batch_0004,order_00006556,order_00003415,ETH-USD,1970.16,97,2026-01-01T01:49:15Z
batch_0004,order_00002104,order_00003415,ETH-USD,1970.16,354,2026-01-01T00:56:54Z
batch_0004,order_00002104,order_00005039,ETH-USD,1970.48,373,2026-01-01T01:23:58Z
batch_0004,order_00005522,order_00005039,ETH-USD,1970.48,69,2026-01-01T01:32:01Z
batch_0004,order_00005522,order_00004055,ETH-USD,1970.61,137,2026-01-01T01:32:01Z
batch_0004,order_00002341,order_00004055,ETH-USD,1970.61,58,2026-01-01T01:07:34Z
batch_0004,order_00003401,order_00004055,ETH-USD,1970.61,29,2026-01-01T01:07:34Z
batch_0004,order_00003401,order_00006271,ETH-USD,1970.7,109,2026-01-01T01:44:30Z
batch_0004,order_00003401,order_00006414,ETH-USD,1970.7,514,2026-01-01T01:46:53Z
batch_0004,order_00003868,order_00006414,ETH-USD,1970.7,93,2026-01-01T01:46:53Z
batch_0004,order_00003868,order_00002007,ETH-USD,1970.84,367,2026-01-01T01:04:27Z
batch_0004,order_00003107,order_00002007,ETH-USD,1970.84,120,2026-01-01T00:51:46Z
batch_0004,order_00003107,order_00005958,ETH-USD,1970.85,187,2026-01-01T01:39:17Z
batch_0004,order_00003107,order_00002137,ETH-USD,1971.09,536,2026-01-01T00:51:46Z
batch_0004,order_00003107,order_00004633,ETH-USD,1971.09,46,2026-01-01T01:17:12Z
batch_0004,order_00003107,order_00006501,ETH-USD,1971.43,46,2026-01-01T01:48:20Z
batch_0004,order_00005618,order_00006501,ETH-USD,1971.43,856,2026-01-01T01:48:20Z
batch_0004,order_00005618,order_00002810,ETH-USD,1971.45,22,2026-01-01T01:33:37Z
batch_0004,order_00005920,order_00002810,ETH-USD,1971.45,161,2026-01-01T01:38:39Z
batch_0004,order_00005920,order_00006349,ETH-USD,1971.63,272,2026-01-01T01:45:48Z
batch_0004,order_00005021,order_00006349,ETH-USD,1971.63,189,2026-01-01T01:45:48Z
batch_0004,order_00005021,order_00003640,ETH-USD,1971.9,596,2026-01-01T01:23:40Z
batch_0004,order_00005021,order_00004303,ETH-USD,1971.92,24,2026-01-01T01:23:40Z
batch_0004,order_00006212,order_00004303,ETH-USD,1971.92,268,2026-01-01T01:43:31Z
batch_0004,order_00006212,order_00004059,ETH-USD,1972.04,91,2026-01-01T01:43:31Z
batch_0004,order_00004984,order_00004059,ETH-USD,1972.04,747,2026-01-01T01:23:03Z
batch_0004,order_00004984,order_00002184,ETH-USD,1972.25,228,2026-01-01T01:23:03Z
batch_0004,order_00005599,order_00002184,ETH-USD,1972.25,118,2026-01-01T01:33:18Z
batch_0004,order_00005599,order_00003858,ETH-USD,1972.53,270,2026-01-01T01:33:18Z
batch_0004,order_00005599,order_00001677,ETH-USD,1972.69,241,2026-01-01T01:33:18Z
batch_0004,order_00005599,order_00002148,ETH-USD,1973.52,109,2026-01-01T01:33:18Z
batch_0004,order_00005599,order_00002624,ETH-USD,1973.53,248,2026-01-01T01:33:18Z
batch_0004,order_00003318,order_00002624,ETH-USD,1973.53,360,2026-01-01T00:55:17Z
batch_0004,order_00003318,order_00002207,ETH-USD,1973.63,169,2026-01-01T00:55:17Z
batch_0004,order_00003318,order_00004117,ETH-USD,1973.7,333,2026-01-01T01:08:36Z
batch_0004,order_00005909,order_00004117,ETH-USD,1973.7,100,2026-01-01T01:38:28Z
batch_0004,order_00001794,order_00004117,ETH-USD,1973.7,5,2026-01-01T01:08:36Z
batch_0004,order_00004240,order_00004117,ETH-USD,1973.7,206,2026-01-01T01:10:39Z
batch_0004,order_00004240,order_00005999,ETH-USD,1973.77,241,2026-01-01T01:39:58Z
batch_0004,order_00005500,order_00005999,ETH-USD,1973.77,416,2026-01-01T01:39:58Z
batch_0004,order_00001953,order_00005999,ETH-USD,1973.77,114,2026-01-01T01:39:58Z
batch_0004,order_00001953,order_00003521,ETH-USD,1973.96,182,2026-01-01T00:58:40Z
batch_0004,order_00002181,order_00003521,ETH-USD,1973.96,215,2026-01-01T00:58:40Z
batch_0004,order_00001680,order_00003521,ETH-USD,1973.96,69,2026-01-01T00:58:40Z
batch_0004,order_00001680,order_00005190,ETH-USD,1973.96,124,2026-01-01T01:26:29Z
batch_0004,order_00005357,order_00005190,ETH-USD,1973.96,505,2026-01-01T01:29:16Z
batch_0004,order_00005357,order_00005811,ETH-USD,1974.18,103,2026-01-01T01:36:50Z
batch_0004,order_00004111,order_00005811,ETH-USD,1974.18,392,2026-01-01T01:36:50Z
batch_0004,order_00005237,order_00005811,ETH-USD,1974.18,396,2026-01-01T01:36:50Z
batch_0004,order_00005237,order_00004364,ETH-USD,1974.22,221,2026-01-01T01:27:16Z
batch_0004,order_00005237,order_00002757,ETH-USD,1974.45,236,2026-01-01T01:27:16Z
batch_0004,order_00002373,order_00002757,ETH-USD,1974.45,697,2026-01-01T00:45:56Z
batch_0004,order_00002373,order_00004737,ETH-USD,1974.5,171,2026-01-01T01:18:56Z
batch_0004,order_00003101,order_00004737,ETH-USD,1974.5,17,2026-01-01T01:18:56Z
batch_0004,order_00003101,order_00003421,ETH-USD,1974.9,410,2026-01-01T00:57:00Z
batch_0004,order_00003773,order_00003421,ETH-USD,1974.9,447,2026-01-01T01:02:52Z
batch_0004,order_00005315,order_00003421,ETH-USD,1974.9,4,2026-01-01T01:28:34Z
batch_0004,order_00005315,order_00004329,ETH-USD,1974.94,77,2026-01-01T01:28:34Z
batch_0004,order_00004254,order_00004329,ETH-USD,1974.94,15,2026-01-01T01:12:08Z
batch_0004,order_00004254,order_00005072,ETH-USD,1974.99,383,2026-01-01T01:24:31Z
batch_0004,order_00002452,order_00005072,ETH-USD,1974.99,476,2026-01-01T01:24:31Z
batch_0004,order_00002452,order_00005736,ETH-USD,1975.02,11,2026-01-01T01:35:35Z
batch_0004,order_00002452,order_00005116,ETH-USD,1975.07,294,2026-01-01T01:25:15Z
batch_0004,order_00004660,order_00005116,ETH-USD,1975.07,43,2026-01-01T01:25:15Z
batch_0004,order_00005707,order_00005116,ETH-USD,1975.07,46,2026-01-01T01:35:06Z
batch_0004,order_00005707,order_00005722,ETH-USD,1975.26,324,2026-01-01T01:35:21Z
batch_0004,order_00004475,order_00005722,ETH-USD,1975.26,175,2026-01-01T01:35:21Z
batch_0004,order_00004475,order_00005910,ETH-USD,1975.31,503,2026-01-01T01:38:29Z
batch_0004,order_00003304,order_00005910,ETH-USD,1975.31,212,2026-01-01T01:38:29Z
batch_0004,order_00003240,order_00005910,ETH-USD,1975.31,131,2026-01-01T01:38:29Z
batch_0004,order_00003240,order_00004381,ETH-USD,1975.36,494,2026-01-01T01:13:00Z
batch_0004,order_00005471,order_00004381,ETH-USD,1975.36,182,2026-01-01T01:31:10Z
batch_0004,order_00006252,order_00004381,ETH-USD,1975.36,229,2026-01-01T01:44:11Z
batch_0004,order_00006252,order_00002336,ETH-USD,1975.41,229,2026-01-01T01:44:11Z
batch_0004,order_00006151,order_00002336,ETH-USD,1975.41,19,2026-01-01T01:42:30Z
batch_0004,order_00005301,order_00002336,ETH-USD,1975.41,387,2026-01-01T01:28:20Z
batch_0004,order_00005301,order_00002680,ETH-USD,1975.58,43,2026-01-01T01:28:20Z
batch_0004,order_00002011,order_00002680,ETH-USD,1975.58,145,2026-01-01T00:44:39Z
batch_0004,order_00002011,order_00004643,ETH-USD,1975.59,101,2026-01-01T01:17:22Z
batch_0004,order_00002011,order_00003127,ETH-USD,1975.65,536,2026-01-01T00:52:06Z
batch_0004,order_00004636,order_00003127,ETH-USD,1975.65,162,2026-01-01T01:17:15Z
batch_0004,order_00004636,order_00003746,ETH-USD,1976.17,488,2026-01-01T01:17:15Z
batch_0004,order_00001876,order_00003746,ETH-USD,1976.17,62,2026-01-01T01:02:25Z
batch_0004,order_00001876,order_00002465,ETH-USD,1976.26,158,2026-01-01T00:41:04Z
batch_0004,order_00001876,order_00004590,ETH-USD,1976.51,537,2026-01-01T01:16:29Z
batch_0004,order_00004181,order_00004590,ETH-USD,1976.51,25,2026-01-01T01:16:29Z
batch_0004,order_00004181,order_00004800,ETH-USD,1977.08,452,2026-01-01T01:19:59Z
batch_0004,order_00004181,order_00005048,ETH-USD,1977.12,7,2026-01-01T01:24:07Z
batch_0004,order_00005342,order_00005048,ETH-USD,1977.12,373,2026-01-01T01:29:01Z
batch_0004,order_00005342,order_00005038,ETH-USD,1977.25,63,2026-01-01T01:29:01Z
batch_0004,order_00005342,order_00002060,ETH-USD,1977.36,521,2026-01-01T01:29:01Z
batch_0004,order_00004205,order_00002060,ETH-USD,1977.36,125,2026-01-01T01:10:04Z
batch_0004,order_00004205,order_00006268,ETH-USD,1977.46,90,2026-01-01T01:44:27Z
batch_0004,order_00005754,order_00006268,ETH-USD,1977.46,656,2026-01-01T01:44:27Z
batch_0004,order_00005101,order_00006268,ETH-USD,1977.46,112,2026-01-01T01:44:27Z
batch_0004,order_00005101,order_00005214,ETH-USD,1977.64,367,2026-01-01T01:26:53Z
batch_0004,order_00005101,order_00002267,ETH-USD,1977.69,447,2026-01-01T01:25:00Z
batch_0004,order_00004191,order_00002267,ETH-USD,1977.69,147,2026-01-01T01:09:50Z
batch_0004,order_00004191,order_00002128,ETH-USD,1978.18,203,2026-01-01T01:09:50Z
batch_0004,order_00005376,order_00002128,ETH-USD,1978.18,142,2026-01-01T01:29:35Z
batch_0004,order_00002222,order_00002128,ETH-USD,1978.18,157,2026-01-01T00:37:01Z
batch_0004,order_00002222,order_00004060,ETH-USD,1978.37,659,2026-01-01T01:07:39Z
batch_0004,order_00004628,order_00004060,ETH-USD,1978.37,75,2026-01-01T01:17:07Z
batch_0004,order_00004628,order_00005097,ETH-USD,1978.43,110,2026-01-01T01:24:56Z
batch_0004,order_00006581,order_00005097,ETH-USD,1978.43,516,2026-01-01T01:49:40Z
batch_0004,order_00006581,order_00005215,ETH-USD,1978.45,227,2026-01-01T01:49:40Z
batch_0004,order_00003652,order_00005215,ETH-USD,1978.45,53,2026-01-01T01:26:54Z
batch_0004,order_00003652,order_00004002,ETH-USD,1978.65,651,2026-01-01T01:06:41Z
batch_0004,order_00003834,order_00004002,ETH-USD,1978.65,198,2026-01-01T01:06:41Z
batch_0004,order_00003834,order_00001709,ETH-USD,1978.66,434,2026-01-01T01:03:53Z
batch_0004,order_00002303,order_00001709,ETH-USD,1978.66,241,2026-01-01T00:38:22Z
batch_0004,order_00002303,order_00004012,ETH-USD,1978.93,162,2026-01-01T01:06:51Z
batch_0004,order_00005181,order_00004012,ETH-USD,1978.93,25,2026-01-01T01:26:20Z
batch_0004,order_00005181,order_00002872,ETH-USD,1978.99,350,2026-01-01T01:26:20Z
batch_0004,order_00005181,order_00002171,ETH-USD,1979.33,236,2026-01-01T01:26:20Z
batch_0004,order_00003399,order_00002171,ETH-USD,1979.33,97,2026-01-01T00:56:38Z
batch_0004,order_00001946,order_00002171,ETH-USD,1979.33,23,2026-01-01T00:36:10Z
batch_0004,order_00001946,order_00006144,ETH-USD,1979.62,277,2026-01-01T01:42:23Z
batch_0004,order_00001946,order_00006313,ETH-USD,1979.62,473,2026-01-01T01:45:12Z
batch_0004,order_00004511,order_00006313,ETH-USD,1979.62,320,2026-01-01T01:45:12Z
batch_0004,order_00003636,order_00006313,ETH-USD,1979.62,101,2026-01-01T01:45:12Z
batch_0004,order_00004139,order_00006313,ETH-USD,1979.62,34,2026-01-01T01:45:12Z
batch_0004,order_00004139,order_00004466,ETH-USD,1979.71,122,2026-01-01T01:14:25Z
batch_0004,order_00004623,order_00004466,ETH-USD,1979.71,107,2026-01-01T01:17:02Z
batch_0004,order_00004623,order_00003288,ETH-USD,1979.9,646,2026-01-01T01:17:02Z
batch_0004,order_00004623,order_00004262,ETH-USD,1979.93,39,2026-01-01T01:17:02Z
batch_0004,order_00001756,order_00004262,ETH-USD,1979.93,362,2026-01-01T01:11:01Z
batch_0004,order_00001756,order_00002255,ETH-USD,1979.97,219,2026-01-01T00:37:34Z
batch_0004,order_00001698,order_00002255,ETH-USD,1979.97,352,2026-01-01T00:37:34Z
batch_0004,order_00003627,order_00002255,ETH-USD,1979.97,209,2026-01-01T01:00:26Z
batch_0004,order_00003627,order_00006351,ETH-USD,1980.09,422,2026-01-01T01:45:50Z
batch_0004,order_00003627,order_00005443,ETH-USD,1980.46,354,2026-01-01T01:30:42Z
batch_0004,order_00006213,order_00005443,ETH-USD,1980.46,203,2026-01-01T01:43:32Z
batch_0004,order_00006213,order_00002065,ETH-USD,1980.6,217,2026-01-01T01:43:32Z
batch_0004,order_00005806,order_00002065,ETH-USD,1980.6,111,2026-01-01T01:36:45Z
batch_0004,order_00005806,order_00003889,ETH-USD,1980.69,348,2026-01-01T01:36:45Z
batch_0004,order_00005806,order_00001619,ETH-USD,1980.76,129,2026-01-01T01:36:45Z
batch_0004,order_00003709,order_00001619,ETH-USD,1980.76,27,2026-01-01T01:01:48Z
batch_0004,order_00003845,order_00001619,ETH-USD,1980.76,225,2026-01-01T01:04:04Z
batch_0004,order_00003845,order_00002117,ETH-USD,1981.24,124,2026-01-01T01:04:04Z
batch_0004,order_00005144,order_00002117,ETH-USD,1981.24,410,2026-01-01T01:25:43Z
batch_0004,order_00003573,order_00002117,ETH-USD,1981.24,4,2026-01-01T00:59:32Z
batch_0004,order_00003220,order_00002117,ETH-USD,1981.24,436,2026-01-01T00:53:39Z
batch_0004,order_00003220,order_00004336,ETH-USD,1981.24,6,2026-01-01T01:12:15Z
batch_0004,order_00003570,order_00004336,ETH-USD,1981.24,256,2026-01-01T01:12:15Z
batch_0004,order_00003570,order_00002227,ETH-USD,1981.26,6,2026-01-01T00:59:29Z
batch_0004,order_00003570,order_00006059,ETH-USD,1981.41,127,2026-01-01T01:40:58Z
batch_0004,order_00003570,order_00004959,ETH-USD,1981.43,160,2026-01-01T01:22:38Z
batch_0004,order_00005221,order_00004959,ETH-USD,1981.43,600,2026-01-01T01:27:00Z
batch_0004,order_00005221,order_00003800,ETH-USD,1981.75,171,2026-01-01T01:27:00Z
batch_0004,order_00004872,order_00003800,ETH-USD,1981.75,454,2026-01-01T01:21:11Z
batch_0004,order_00004872,order_00004564,ETH-USD,1981.77,205,2026-01-01T01:21:11Z
batch_0004,order_00005826,order_00004564,ETH-USD,1981.77,260,2026-01-01T01:37:05Z
batch_0004,order_00002265,order_00004564,ETH-USD,1981.77,136,2026-01-01T01:16:03Z
batch_0004,order_00002265,order_00004220,ETH-USD,1981.87,97,2026-01-01T01:10:19Z
batch_0004,order_00002265,order_00006357,ETH-USD,1982.18,134,2026-01-01T01:45:56Z
batch_0004,order_00002265,order_00003268,ETH-USD,1982.33,237,2026-01-01T00:54:27Z
batch_0004,order_00002265,order_00001685,ETH-USD,1982.41,355,2026-01-01T00:37:44Z
batch_0004,order_00002093,order_00001685,ETH-USD,1982.41,526,2026-01-01T00:34:52Z
batch_0004,order_00002093,order_00002657,ETH-USD,1982.43,202,2026-01-01T00:44:16Z
batch_0004,order_00006327,order_00002657,ETH-USD,1982.43,208,2026-01-01T01:45:26Z
batch_0004,order_00006327,order_00004462,ETH-USD,1982.57,26,2026-01-01T01:45:26Z
batch_0004,order_00005839,order_00004462,ETH-USD,1982.57,748,2026-01-01T01:37:18Z
batch_0004,order_00005839,order_00005289,ETH-USD,1982.82,18,2026-01-01T01:37:18Z
batch_0004,order_00005839,order_00005448,ETH-USD,1983.03,142,2026-01-01T01:37:18Z
batch_0004,order_00006340,order_00005448,ETH-USD,1983.03,3,2026-01-01T01:45:39Z
batch_0004,order_00006340,order_00002082,ETH-USD,1983.27,663,2026-01-01T01:45:39Z
batch_0004,order_00006340,order_00003532,ETH-USD,1983.37,249,2026-01-01T01:45:39Z
batch_0004,order_00003161,order_00003532,ETH-USD,1983.37,334,2026-01-01T00:58:51Z
batch_0004,order_00003161,order_00005009,ETH-USD,1984.14,500,2026-01-01T01:23:28Z
batch_0004,order_00002168,order_00005009,ETH-USD,1984.14,63,2026-01-01T01:23:28Z
batch_0004,order_00005304,order_00005009,ETH-USD,1984.14,16,2026-01-01T01:28:23Z
batch_0004,order_00002270,order_00005009,ETH-USD,1984.14,405,2026-01-01T01:23:28Z
batch_0004,order_00002270,order_00001927,ETH-USD,1984.2,428,2026-01-01T00:37:49Z
batch_0004,order_00002270,order_00005866,ETH-USD,1984.26,48,2026-01-01T01:37:45Z
batch_0004,order_00006355,order_00005866,ETH-USD,1984.26,72,2026-01-01T01:45:54Z
batch_0004,order_00006355,order_00003040,ETH-USD,1984.38,151,2026-01-01T01:45:54Z
batch_0004,order_00006355,order_00005317,ETH-USD,1984.39,578,2026-01-01T01:45:54Z
batch_0004,order_00005831,order_00005317,ETH-USD,1984.39,225,2026-01-01T01:37:10Z
batch_0004,order_00005831,order_00005276,ETH-USD,1984.52,396,2026-01-01T01:37:10Z
batch_0004,order_00005831,order_00006483,ETH-USD,1984.56,87,2026-01-01T01:48:02Z
batch_0004,order_00003428,order_00006483,ETH-USD,1984.56,61,2026-01-01T01:48:02Z
batch_0004,order_00003428,order_00004705,ETH-USD,1984.69,98,2026-01-01T01:18:24Z
batch_0004,order_00003428,order_00003006,ETH-USD,1984.71,211,2026-01-01T00:57:07Z
batch_0004,order_00002074,order_00003006,ETH-USD,1984.71,723,2026-01-01T00:50:05Z
batch_0004,order_00002074,order_00002456,ETH-USD,1984.76,13,2026-01-01T00:40:55Z
batch_0004,order_00006092,order_00002456,ETH-USD,1984.76,392,2026-01-01T01:41:31Z
batch_0004,order_00006487,order_00002456,ETH-USD,1984.76,363,2026-01-01T01:48:06Z
batch_0004,order_00006487,order_00006385,ETH-USD,1984.81,131,2026-01-01T01:48:06Z
batch_0004,order_00006487,order_00001820,ETH-USD,1985.11,232,2026-01-01T01:48:06Z
batch_0004,order_00001730,order_00001820,ETH-USD,1985.11,101,2026-01-01T00:30:19Z
batch_0004,order_00004238,order_00001820,ETH-USD,1985.11,525,2026-01-01T01:10:37Z
batch_0004,order_00004238,order_00003394,ETH-USD,1985.15,201,2026-01-01T01:10:37Z
batch_0004,order_00002904,order_00003394,ETH-USD,1985.15,283,2026-01-01T00:56:33Z
batch_0004,order_00002904,order_00004149,ETH-USD,1985.51,147,2026-01-01T01:09:08Z
batch_0004,order_00005368,order_00004149,ETH-USD,1985.51,223,2026-01-01T01:29:27Z
batch_0004,order_00005368,order_00005346,ETH-USD,1985.53,40,2026-01-01T01:29:27Z
batch_0004,order_00004359,order_00005346,ETH-USD,1985.53,258,2026-01-01T01:29:05Z
batch_0004,order_00003392,order_00005346,ETH-USD,1985.53,298,2026-01-01T01:29:05Z
batch_0004,order_00004847,order_00005346,ETH-USD,1985.53,75,2026-01-01T01:29:05Z
batch_0004,order_00004122,order_00005346,ETH-USD,1985.53,105,2026-01-01T01:29:05Z
batch_0004,order_00001819,order_00005346,ETH-USD,1985.53,89,2026-01-01T01:29:05Z
batch_0004,order_00001819,order_00005666,ETH-USD,1985.76,789,2026-01-01T01:34:25Z
batch_0004,order_00003785,order_00005666,ETH-USD,1985.76,197,2026-01-01T01:34:25Z
batch_0004,order_00003785,order_00006263,ETH-USD,1986.66,652,2026-01-01T01:44:22Z
batch_0004,order_00003785,order_00001629,ETH-USD,1986.75,74,2026-01-01T01:03:04Z
batch_0004,order_00002848,order_00001629,ETH-USD,1986.75,95,2026-01-01T00:47:27Z
batch_0004,order_00004265,order_00001629,ETH-USD,1986.75,173,2026-01-01T01:11:04Z
batch_0004,order_00004265,order_00005366,ETH-USD,1987.31,71,2026-01-01T01:29:25Z
batch_0004,order_00004265,order_00004530,ETH-USD,1987.69,44,2026-01-01T01:15:29Z
batch_0004,order_00004265,order_00004274,ETH-USD,1987.73,141,2026-01-01T01:11:13Z
batch_0004,order_00004265,order_00002354,ETH-USD,1987.81,151,2026-01-01T01:11:04Z
batch_0004,order_00004265,order_00004006,ETH-USD,1987.83,34,2026-01-01T01:11:04Z
batch_0004,order_00005305,order_00004006,ETH-USD,1987.83,569,2026-01-01T01:28:24Z
batch_0004,order_00002237,order_00004006,ETH-USD,1987.83,41,2026-01-01T01:06:45Z
batch_0004,order_00002237,order_00003672,ETH-USD,1987.95,532,2026-01-01T01:01:11Z
batch_0004,order_00004081,order_00003672,ETH-USD,1987.95,76,2026-01-01T01:08:00Z
batch_0004,order_00004081,order_00002897,ETH-USD,1987.99,165,2026-01-01T01:08:00Z
batch_0004,order_00005781,order_00002897,ETH-USD,1987.99,807,2026-01-01T01:36:20Z
batch_0004,order_00005781,order_00003321,ETH-USD,1988.05,54,2026-01-01T01:36:20Z
batch_0004,order_00002324,order_00003321,ETH-USD,1988.05,218,2026-01-01T00:55:20Z
batch_0004,order_00002324,order_00002841,ETH-USD,1988.07,307,2026-01-01T00:47:20Z
batch_0004,order_00002324,order_00001647,ETH-USD,1988.22,172,2026-01-01T00:38:43Z
batch_0004,order_00004840,order_00001647,ETH-USD,1988.22,305,2026-01-01T01:20:39Z
batch_0004,order_00004840,order_00002461,ETH-USD,1988.32,110,2026-01-01T01:20:39Z
batch_0004,order_00005581,order_00002461,ETH-USD,1988.32,34,2026-01-01T01:33:00Z
batch_0004,order_00005581,order_00003434,ETH-USD,1988.32,124,2026-01-01T01:33:00Z
batch_0004,order_00003295,order_00003434,ETH-USD,1988.32,578,2026-01-01T00:57:13Z
batch_0004,order_00003509,order_00003434,ETH-USD,1988.32,248,2026-01-01T00:58:28Z
batch_0004,order_00003509,order_00003365,ETH-USD,1988.56,451,2026-01-01T00:58:28Z
batch_0004,order_00003471,order_00003365,ETH-USD,1988.56,119,2026-01-01T00:57:50Z
batch_0004,order_00002689,order_00003365,ETH-USD,1988.56,21,2026-01-01T00:56:04Z
batch_0004,order_00002689,order_00004711,ETH-USD,1988.91,342,2026-01-01T01:18:30Z
batch_0004,order_00002689,order_00005937,ETH-USD,1988.92,147,2026-01-01T01:38:56Z
batch_0004,order_00005892,order_00005937,ETH-USD,1988.92,651,2026-01-01T01:38:56Z
batch_0004,order_00005892,order_00003265,ETH-USD,1988.93,5,2026-01-01T01:38:11Z
batch_0004,order_00003751,order_00003265,ETH-USD,1988.93,225,2026-01-01T01:02:30Z
batch_0004,order_00005981,order_00003265,ETH-USD,1988.93,392,2026-01-01T01:39:40Z
batch_0004,order_00005981,order_00004431,ETH-USD,1989.06,569,2026-01-01T01:39:40Z
batch_0004,order_00002708,order_00004431,ETH-USD,1989.06,143,2026-01-01T01:13:50Z
batch_0004,order_00002708,order_00002243,ETH-USD,1989.34,399,2026-01-01T00:45:07Z
batch_0004,order_00002676,order_00002243,ETH-USD,1989.34,68,2026-01-01T00:44:35Z
batch_0004,order_00002676,order_00003516,ETH-USD,1989.42,636,2026-01-01T00:58:35Z
batch_0004,order_00002402,order_00003516,ETH-USD,1989.42,164,2026-01-01T00:58:35Z
batch_0004,order_00002402,order_00004805,ETH-USD,1989.66,350,2026-01-01T01:20:04Z
batch_0004,order_00002411,order_00004805,ETH-USD,1989.66,496,2026-01-01T01:20:04Z
batch_0004,order_00002411,order_00005118,ETH-USD,1989.72,174,2026-01-01T01:25:17Z
batch_0004,order_00002885,order_00005118,ETH-USD,1989.72,255,2026-01-01T01:25:17Z
batch_0004,order_00002885,order_00002413,ETH-USD,1989.78,121,2026-01-01T00:48:04Z
batch_0004,order_00002220,order_00002413,ETH-USD,1989.78,94,2026-01-01T00:40:12Z
batch_0004,order_00002220,order_00006561,ETH-USD,1989.83,2,2026-01-01T01:49:20Z
batch_0004,order_00003597,order_00006561,ETH-USD,1989.83,14,2026-01-01T01:49:20Z
batch_0004,order_00003597,order_00006085,ETH-USD,1989.87,572,2026-01-01T01:41:24Z
batch_0004,order_00003597,order_00004218,ETH-USD,1989.95,89,2026-01-01T01:10:17Z
batch_0004,order_00003597,order_00006589,ETH-USD,1990.38,118,2026-01-01T01:49:48Z
batch_0004,order_00003597,order_00002675,ETH-USD,1990.74,157,2026-01-01T00:59:56Z
batch_0004,order_00004958,order_00002675,ETH-USD,1990.74,93,2026-01-01T01:22:37Z
batch_0004,order_00002292,order_00002675,ETH-USD,1990.74,163,2026-01-01T00:44:34Z
batch_0004,order_00002292,order_00005858,ETH-USD,1990.75,542,2026-01-01T01:37:37Z
batch_0004,order_00002292,order_00006520,ETH-USD,1990.78,156,2026-01-01T01:48:39Z
batch_0004,order_00004923,order_00006520,ETH-USD,1990.78,70,2026-01-01T01:48:39Z
batch_0004,order_00004923,order_00003723,ETH-USD,1991.19,276,2026-01-01T01:22:02Z
batch_0004,order_00006216,order_00003723,ETH-USD,1991.19,4,2026-01-01T01:43:35Z
batch_0004,order_00006597,order_00003723,ETH-USD,1991.19,89,2026-01-01T01:49:56Z
batch_0004,order_00006597,order_00006336,ETH-USD,1991.29,148,2026-01-01T01:49:56Z
batch_0004,order_00006597,order_00001844,ETH-USD,1991.4,292,2026-01-01T01:49:56Z
batch_0004,order_00002173,order_00001844,ETH-USD,1991.4,238,2026-01-01T00:36:12Z
batch_0004,order_00004652,order_00001844,ETH-USD,1991.4,42,2026-01-01T01:17:31Z
batch_0004,order_00004242,order_00001844,ETH-USD,1991.4,93,2026-01-01T01:10:41Z
batch_0004,order_00004242,order_00004263,ETH-USD,1991.75,131,2026-01-01T01:11:02Z
batch_0004,order_00004242,order_00002633,ETH-USD,1991.8,187,2026-01-01T01:10:41Z
batch_0004,order_00005173,order_00002633,ETH-USD,1991.8,400,2026-01-01T01:26:12Z
batch_0004,order_00005173,order_00005146,ETH-USD,1991.81,405,2026-01-01T01:26:12Z
batch_0004,order_00005173,order_00005467,ETH-USD,1991.84,148,2026-01-01T01:31:06Z
batch_0004,order_00002646,order_00005467,ETH-USD,1991.84,128,2026-01-01T01:31:06Z
batch_0004,order_00006523,order_00005467,ETH-USD,1991.84,320,2026-01-01T01:48:42Z
batch_0004,order_00006523,order_00004479,ETH-USD,1991.95,147,2026-01-01T01:48:42Z
batch_0004,order_00002279,order_00004479,ETH-USD,1991.95,771,2026-01-01T01:14:38Z
batch_0004,order_00002453,order_00004479,ETH-USD,1991.95,52,2026-01-01T01:14:38Z
batch_0004,order_00002453,order_00005093,ETH-USD,1991.96,56,2026-01-01T01:24:52Z
batch_0004,order_00003209,order_00005093,ETH-USD,1991.96,441,2026-01-01T01:24:52Z
batch_0004,order_00003209,order_00004252,ETH-USD,1992.16,114,2026-01-01T01:10:51Z
batch_0004,order_00002934,order_00004252,ETH-USD,1992.16,455,2026-01-01T01:10:51Z
batch_0004,order_00003577,order_00004252,ETH-USD,1992.16,313,2026-01-01T01:10:51Z
batch_0004,order_00003577,order_00003909,ETH-USD,1992.17,322,2026-01-01T01:05:08Z
batch_0004,order_00003057,order_00003909,ETH-USD,1992.17,190,2026-01-01T01:05:08Z
batch_0004,order_00002264,order_00003909,ETH-USD,1992.17,432,2026-01-01T01:05:08Z
batch_0004,order_00002264,order_00006275,ETH-USD,1992.45,56,2026-01-01T01:44:34Z
batch_0004,order_00005912,order_00006275,ETH-USD,1992.45,54,2026-01-01T01:44:34Z
batch_0004,order_00006547,order_00006275,ETH-USD,1992.45,148,2026-01-01T01:49:06Z
batch_0004,order_00006547,order_00004439,ETH-USD,1992.64,76,2026-01-01T01:49:06Z
batch_0004,order_00002923,order_00004439,ETH-USD,1992.64,315,2026-01-01T01:13:58Z
batch_0004,order_00002285,order_00004439,ETH-USD,1992.64,345,2026-01-01T01:13:58Z
batch_0004,order_00002285,order_00003192,ETH-USD,1992.87,307,2026-01-01T00:53:11Z
batch_0004,order_00002723,order_00003192,ETH-USD,1992.87,259,2026-01-01T00:53:11Z
batch_0004,order_00002723,order_00001657,ETH-USD,1992.95,94,2026-01-01T00:45:22Z
batch_0004,order_00004360,order_00001657,ETH-USD,1992.95,879,2026-01-01T01:12:39Z
batch_0004,order_00003887,order_00001657,ETH-USD,1992.95,25,2026-01-01T01:04:46Z
batch_0004,order_00003887,order_00005900,ETH-USD,1992.99,234,2026-01-01T01:38:19Z
batch_0004,order_00002483,order_00005900,ETH-USD,1992.99,104,2026-01-01T01:38:19Z
batch_0004,order_00002483,order_00004956,ETH-USD,1993.53,273,2026-01-01T01:22:35Z
batch_0004,order_00002483,order_00005919,ETH-USD,1993.58,237,2026-01-01T01:38:38Z
batch_0004,order_00004319,order_00005919,ETH-USD,1993.58,22,2026-01-01T01:38:38Z
batch_0004,order_00003085,order_00005919,ETH-USD,1993.58,9,2026-01-01T01:38:38Z
batch_0004,order_00003895,order_00005919,ETH-USD,1993.58,135,2026-01-01T01:38:38Z
batch_0004,order_00003895,order_00004901,ETH-USD,1993.7,501,2026-01-01T01:21:40Z
batch_0004,order_00006315,order_00004901,ETH-USD,1993.7,113,2026-01-01T01:45:14Z
batch_0004,order_00006315,order_00005185,ETH-USD,1994.2,389,2026-01-01T01:45:14Z
batch_0004,order_00006315,order_00004568,ETH-USD,1994.36,75,2026-01-01T01:45:14Z
batch_0004,order_00001749,order_00004568,ETH-USD,1994.36,586,2026-01-01T01:16:07Z
batch_0004,order_00001749,order_00001861,ETH-USD,1994.46,333,2026-01-01T00:31:00Z
batch_0004,order_00005968,order_00001861,ETH-USD,1994.46,2,2026-01-01T01:39:27Z
batch_0004,order_00005968,order_00003513,ETH-USD,1994.46,12,2026-01-01T01:39:27Z
batch_0004,order_00005968,order_00002547,ETH-USD,1994.59,203,2026-01-01T01:39:27Z
batch_0004,order_00005968,order_00005499,ETH-USD,1994.74,174,2026-01-01T01:39:27Z
batch_0004,order_00006507,order_00005499,ETH-USD,1994.74,256,2026-01-01T01:48:26Z
batch_0004,order_00006507,order_00002704,ETH-USD,1995.31,532,2026-01-01T01:48:26Z
batch_0004,order_00002391,order_00002704,ETH-USD,1995.31,337,2026-01-01T00:45:03Z
batch_0004,order_00002391,order_00001999,ETH-USD,1995.34,642,2026-01-01T00:39:50Z
batch_0004,order_00003002,order_00001999,ETH-USD,1995.34,186,2026-01-01T00:50:01Z
batch_0004,order_00003002,order_00002639,ETH-USD,1995.43,543,2026-01-01T00:50:01Z
batch_0004,order_00003002,order_00002386,ETH-USD,1995.6,93,2026-01-01T00:50:01Z
batch_0004,order_00005382,order_00002386,ETH-USD,1995.6,44,2026-01-01T01:29:41Z
batch_0004,order_00003311,order_00002386,ETH-USD,1995.6,443,2026-01-01T00:55:10Z
batch_0004,order_00001908,order_00002386,ETH-USD,1995.6,284,2026-01-01T00:39:45Z
batch_0004,order_00005400,order_00002386,ETH-USD,1995.6,44,2026-01-01T01:29:59Z
batch_0004,order_00005400,order_00004197,ETH-USD,1995.67,343,2026-01-01T01:29:59Z
batch_0004,order_00005400,order_00005236,ETH-USD,1995.71,171,2026-01-01T01:29:59Z
batch_0004,order_00005400,order_00006045,ETH-USD,1996.17,139,2026-01-01T01:40:44Z
batch_0004,order_00005400,order_00004082,ETH-USD,1996.2,158,2026-01-01T01:29:59Z
batch_0004,order_00006148,order_00004082,ETH-USD,1996.2,269,2026-01-01T01:42:27Z
batch_0004,order_00006148,order_00004938,ETH-USD,1996.25,476,2026-01-01T01:42:27Z
batch_0004,order_00004318,order_00004938,ETH-USD,1996.25,258,2026-01-01T01:22:17Z
