order_id,batch_id,trader_id,symbol,side,price,quantity,remaining_quantity,filled_quantity,timestamp
order_00004318,batch_0004,trader_0017,ETH-USD,BUY,1996.61,690,432,258,2026-01-01T01:11:57Z
order_00004096,batch_0004,trader_0020,ETH-USD,BUY,1996.38,542,542,0,2026-01-01T01:08:15Z
order_00002125,batch_0004,trader_0014,ETH-USD,BUY,1996.34,306,306,0,2026-01-01T00:35:24Z
order_00003872,batch_0004,trader_0023,ETH-USD,BUY,1996.32,613,613,0,2026-01-01T01:04:31Z
order_00006309,batch_0004,trader_0019,ETH-USD,BUY,1996.23,160,160,0,2026-01-01T01:45:08Z
order_00004355,batch_0004,trader_0025,ETH-USD,BUY,1995.98,819,819,0,2026-01-01T01:12:34Z
order_00004895,batch_0004,trader_0009,ETH-USD,BUY,1995.85,662,662,0,2026-01-01T01:21:34Z
order_00004989,batch_0004,trader_0022,ETH-USD,BUY,1995.58,568,568,0,2026-01-01T01:23:08Z
order_00001772,batch_0004,trader_0001,ETH-USD,BUY,1995.56,145,145,0,2026-01-01T00:29:31Z
order_00002709,batch_0004,trader_0005,ETH-USD,BUY,1994.96,936,936,0,2026-01-01T00:45:08Z
order_00005474,batch_0004,trader_0009,ETH-USD,BUY,1994.91,286,286,0,2026-01-01T01:31:13Z
order_00001683,batch_0004,trader_0014,ETH-USD,BUY,1994.68,907,907,0,2026-01-01T00:28:02Z
order_00003995,batch_0004,trader_0020,ETH-USD,BUY,1994.67,954,954,0,2026-01-01T01:06:34Z
order_00006046,batch_0004,trader_0007,ETH-USD,BUY,1994.64,147,147,0,2026-01-01T01:40:45Z
order_00004077,batch_0004,trader_0024,ETH-USD,BUY,1994.61,195,195,0,2026-01-01T01:07:56Z
order_00004412,batch_0004,trader_0016,ETH-USD,BUY,1994.61,242,242,0,2026-01-01T01:13:31Z
order_00002895,batch_0004,trader_0023,ETH-USD,BUY,1994.52,619,619,0,2026-01-01T00:48:14Z
order_00001848,batch_0004,trader_0017,ETH-USD,BUY,1994.49,464,464,0,2026-01-01T00:30:47Z
order_00002166,batch_0004,trader_0019,ETH-USD,BUY,1994.44,410,410,0,2026-01-01T00:36:05Z
order_00002726,batch_0004,trader_0025,ETH-USD,BUY,1994.37,289,289,0,2026-01-01T00:45:25Z
order_00005078,batch_0004,trader_0015,ETH-USD,BUY,1994.26,603,603,0,2026-01-01T01:24:37Z
order_00004738,batch_0004,trader_0025,ETH-USD,BUY,1994.11,868,868,0,2026-01-01T01:18:57Z
order_00006276,batch_0004,trader_0008,ETH-USD,BUY,1994.07,203,203,0,2026-01-01T01:44:35Z
order_00003336,batch_0004,trader_0016,ETH-USD,BUY,1993.5,904,904,0,2026-01-01T00:55:35Z
order_00004889,batch_0004,trader_0011,ETH-USD,BUY,1993.32,955,955,0,2026-01-01T01:21:28Z
order_00006448,batch_0004,trader_0002,ETH-USD,BUY,1993.24,556,556,0,2026-01-01T01:47:27Z
order_00006540,batch_0004,trader_0015,ETH-USD,BUY,1993.22,406,406,0,2026-01-01T01:48:59Z
order_00003382,batch_0004,trader_0018,ETH-USD,BUY,1993.2,726,726,0,2026-01-01T00:56:21Z
order_00003027,batch_0004,trader_0003,ETH-USD,BUY,1993.08,749,749,0,2026-01-01T00:50:26Z
order_00005860,batch_0004,trader_0013,ETH-USD,BUY,1992.91,918,918,0,2026-01-01T01:37:39Z
order_00001692,batch_0004,trader_0023,ETH-USD,BUY,1992.61,595,595,0,2026-01-01T00:28:11Z
order_00004489,batch_0004,trader_0020,ETH-USD,BUY,1992.5,126,126,0,2026-01-01T01:14:48Z
order_00006422,batch_0004,trader_0010,ETH-USD,BUY,1992.45,78,78,0,2026-01-01T01:47:01Z
order_00003790,batch_0004,trader_0006,ETH-USD,BUY,1992.37,148,148,0,2026-01-01T01:03:09Z
order_00003762,batch_0004,trader_0012,ETH-USD,BUY,1992.31,586,586,0,2026-01-01T01:02:41Z
order_00004934,batch_0004,trader_0017,ETH-USD,BUY,1992.21,349,349,0,2026-01-01T01:22:13Z
order_00004064,batch_0004,trader_0016,ETH-USD,BUY,1992.18,831,831,0,2026-01-01T01:07:43Z
order_00002798,batch_0004,trader_0019,ETH-USD,BUY,1992.17,143,143,0,2026-01-01T00:46:37Z
order_00002737,batch_0004,trader_0017,ETH-USD,BUY,1991.68,437,437,0,2026-01-01T00:45:36Z
order_00005464,batch_0004,trader_0025,ETH-USD,BUY,1991.5,243,243,0,2026-01-01T01:31:03Z
order_00003203,batch_0004,trader_0004,ETH-USD,BUY,1991.48,408,408,0,2026-01-01T00:53:22Z
order_00005967,batch_0004,trader_0010,ETH-USD,BUY,1991.35,703,703,0,2026-01-01T01:39:26Z
order_00004253,batch_0004,trader_0007,ETH-USD,BUY,1991.31,487,487,0,2026-01-01T01:10:52Z
order_00006458,batch_0004,trader_0013,ETH-USD,BUY,1991.13,813,813,0,2026-01-01T01:47:37Z
order_00003042,batch_0004,trader_0017,ETH-USD,BUY,1990.5,30,30,0,2026-01-01T00:50:41Z
order_00003638,batch_0004,trader_0004,ETH-USD,BUY,1990.41,86,86,0,2026-01-01T01:00:37Z
order_00003413,batch_0004,trader_0001,ETH-USD,BUY,1990.19,169,169,0,2026-01-01T00:56:52Z
order_00006544,batch_0004,trader_0019,ETH-USD,BUY,1990.15,879,879,0,2026-01-01T01:49:03Z
order_00005790,batch_0004,trader_0006,ETH-USD,BUY,1989.67,510,510,0,2026-01-01T01:36:29Z
order_00004669,batch_0004,trader_0008,ETH-USD,BUY,1989.46,972,972,0,2026-01-01T01:17:48Z
order_00002558,batch_0004,trader_0011,ETH-USD,BUY,1989.29,498,498,0,2026-01-01T00:42:37Z
order_00004563,batch_0004,trader_0025,ETH-USD,BUY,1989.29,15,15,0,2026-01-01T01:16:02Z
order_00004766,batch_0004,trader_0013,ETH-USD,BUY,1989.19,572,572,0,2026-01-01T01:19:25Z
order_00006106,batch_0004,trader_0003,ETH-USD,BUY,1989.05,522,522,0,2026-01-01T01:41:45Z
order_00005359,batch_0004,trader_0004,ETH-USD,BUY,1988.89,980,980,0,2026-01-01T01:29:18Z
order_00004583,batch_0004,trader_0007,ETH-USD,BUY,1988.74,390,390,0,2026-01-01T01:16:22Z
order_00003145,batch_0004,trader_0022,ETH-USD,BUY,1988.7,986,986,0,2026-01-01T00:52:24Z
order_00003494,batch_0004,trader_0022,ETH-USD,BUY,1988.32,103,103,0,2026-01-01T00:58:13Z
order_00001639,batch_0004,trader_0022,ETH-USD,BUY,1988.29,30,30,0,2026-01-01T00:27:18Z
order_00004341,batch_0004,trader_0014,ETH-USD,BUY,1988.1,562,562,0,2026-01-01T01:12:20Z
order_00005161,batch_0004,trader_0024,ETH-USD,BUY,1988.02,65,65,0,2026-01-01T01:26:00Z
order_00001997,batch_0004,trader_0001,ETH-USD,BUY,1987.88,713,713,0,2026-01-01T00:33:16Z
order_00005299,batch_0004,trader_0017,ETH-USD,BUY,1987.77,634,634,0,2026-01-01T01:28:18Z
order_00003948,batch_0004,trader_0004,ETH-USD,BUY,1987.58,37,37,0,2026-01-01T01:05:47Z
order_00003400,batch_0004,trader_0006,ETH-USD,BUY,1987.48,640,640,0,2026-01-01T00:56:39Z
order_00003994,batch_0004,trader_0024,ETH-USD,BUY,1987.43,325,325,0,2026-01-01T01:06:33Z
order_00006513,batch_0004,trader_0007,ETH-USD,BUY,1987.04,705,705,0,2026-01-01T01:48:32Z
order_00005100,batch_0004,trader_0017,ETH-USD,BUY,1986.91,220,220,0,2026-01-01T01:24:59Z
order_00003472,batch_0004,trader_0011,ETH-USD,BUY,1986.9,144,144,0,2026-01-01T00:57:51Z
order_00005865,batch_0004,trader_0015,ETH-USD,BUY,1986.84,131,131,0,2026-01-01T01:37:44Z
order_00006257,batch_0004,trader_0021,ETH-USD,BUY,1986.65,843,843,0,2026-01-01T01:44:16Z
order_00004368,batch_0004,trader_0015,ETH-USD,BUY,1986.54,409,409,0,2026-01-01T01:12:47Z
order_00006084,batch_0004,trader_0019,ETH-USD,BUY,1986.25,975,975,0,2026-01-01T01:41:23Z
order_00006123,batch_0004,trader_0010,ETH-USD,BUY,1986.25,668,668,0,2026-01-01T01:42:02Z
order_00001815,batch_0004,trader_0014,ETH-USD,BUY,1986.21,873,873,0,2026-01-01T00:30:14Z
order_00006280,batch_0004,trader_0017,ETH-USD,BUY,1986.21,361,361,0,2026-01-01T01:44:39Z
order_00002280,batch_0004,trader_0014,ETH-USD,BUY,1985.93,326,326,0,2026-01-01T00:37:59Z
order_00003334,batch_0004,trader_0011,ETH-USD,BUY,1985.89,181,181,0,2026-01-01T00:55:33Z
order_00002288,batch_0004,trader_0020,ETH-USD,BUY,1985.86,833,833,0,2026-01-01T00:38:07Z
order_00003745,batch_0004,trader_0014,ETH-USD,BUY,1985.77,488,488,0,2026-01-01T01:02:24Z
order_00004069,batch_0004,trader_0005,ETH-USD,BUY,1985.76,921,921,0,2026-01-01T01:07:48Z
order_00005657,batch_0004,trader_0010,ETH-USD,BUY,1985.71,575,575,0,2026-01-01T01:34:16Z
order_00002459,batch_0004,trader_0015,ETH-USD,BUY,1985.7,767,767,0,2026-01-01T00:40:58Z
order_00006323,batch_0004,trader_0012,ETH-USD,BUY,1985.54,513,513,0,2026-01-01T01:45:22Z
order_00004445,batch_0004,trader_0013,ETH-USD,BUY,1985.4,510,510,0,2026-01-01T01:14:04Z
order_00004369,batch_0004,trader_0014,ETH-USD,BUY,1985.32,210,210,0,2026-01-01T01:12:48Z
order_00001662,batch_0004,trader_0018,ETH-USD,BUY,1985.16,611,611,0,2026-01-01T00:27:41Z
order_00002142,batch_0004,trader_0006,ETH-USD,BUY,1985.15,678,678,0,2026-01-01T00:35:41Z
order_00005566,batch_0004,trader_0005,ETH-USD,BUY,1985.12,456,456,0,2026-01-01T01:32:45Z
order_00005671,batch_0004,trader_0022,ETH-USD,BUY,1985.07,165,165,0,2026-01-01T01:34:30Z
order_00002891,batch_0004,trader_0003,ETH-USD,BUY,1984.91,896,896,0,2026-01-01T00:48:10Z
order_00003755,batch_0004,trader_0019,ETH-USD,BUY,1984.86,998,998,0,2026-01-01T01:02:34Z
order_00005062,batch_0004,trader_0008,ETH-USD,BUY,1984.78,56,56,0,2026-01-01T01:24:21Z
order_00004606,batch_0004,trader_0022,ETH-USD,BUY,1984.34,303,303,0,2026-01-01T01:16:45Z
order_00002598,batch_0004,trader_0005,ETH-USD,BUY,1984.24,873,873,0,2026-01-01T00:43:17Z
order_00004379,batch_0004,trader_0020,ETH-USD,BUY,1984.12,628,628,0,2026-01-01T01:12:58Z
order_00005133,batch_0004,trader_0022,ETH-USD,BUY,1984.1,954,954,0,2026-01-01T01:25:32Z
order_00002114,batch_0004,trader_0023,ETH-USD,BUY,1984.09,84,84,0,2026-01-01T00:35:13Z
order_00004394,batch_0004,trader_0011,ETH-USD,BUY,1983.84,686,686,0,2026-01-01T01:13:13Z
order_00005425,batch_0004,trader_0025,ETH-USD,BUY,1983.39,503,503,0,2026-01-01T01:30:24Z
order_00001852,batch_0004,trader_0003,ETH-USD,BUY,1983.15,906,906,0,2026-01-01T00:30:51Z
order_00001812,batch_0004,trader_0007,ETH-USD,BUY,1983.1,140,140,0,2026-01-01T00:30:11Z
order_00003771,batch_0004,trader_0004,ETH-USD,BUY,1982.97,999,999,0,2026-01-01T01:02:50Z
order_00005844,batch_0004,trader_0014,ETH-USD,BUY,1982.96,843,843,0,2026-01-01T01:37:23Z
order_00006524,batch_0004,trader_0013,ETH-USD,BUY,1982.81,218,218,0,2026-01-01T01:48:43Z
order_00006035,batch_0004,trader_0006,ETH-USD,BUY,1982.77,187,187,0,2026-01-01T01:40:34Z
order_00003478,batch_0004,trader_0019,ETH-USD,BUY,1982.58,632,632,0,2026-01-01T00:57:57Z
order_00005018,batch_0004,trader_0022,ETH-USD,BUY,1982.14,184,184,0,2026-01-01T01:23:37Z
order_00003060,batch_0004,trader_0001,ETH-USD,BUY,1982.09,922,922,0,2026-01-01T00:50:59Z
order_00005851,batch_0004,trader_0008,ETH-USD,BUY,1981.95,408,408,0,2026-01-01T01:37:30Z
order_00004201,batch_0004,trader_0023,ETH-USD,BUY,1981.46,660,660,0,2026-01-01T01:10:00Z
order_00003292,batch_0004,trader_0011,ETH-USD,BUY,1981.41,665,665,0,2026-01-01T00:54:51Z
order_00003764,batch_0004,trader_0009,ETH-USD,BUY,1981.28,220,220,0,2026-01-01T01:02:43Z
order_00005138,batch_0004,trader_0010,ETH-USD,BUY,1981.22,273,273,0,2026-01-01T01:25:37Z
order_00003987,batch_0004,trader_0025,ETH-USD,BUY,1980.93,668,668,0,2026-01-01T01:06:26Z
order_00004860,batch_0004,trader_0018,ETH-USD,BUY,1980.75,356,356,0,2026-01-01T01:20:59Z
order_00005761,batch_0004,trader_0025,ETH-USD,BUY,1980.55,193,193,0,2026-01-01T01:36:00Z
order_00004722,batch_0004,trader_0011,ETH-USD,BUY,1980.52,246,246,0,2026-01-01T01:18:41Z
order_00003605,batch_0004,trader_0009,ETH-USD,BUY,1980.15,807,807,0,2026-01-01T01:00:04Z
order_00002417,batch_0004,trader_0018,ETH-USD,BUY,1979.99,450,450,0,2026-01-01T00:40:16Z
order_00004033,batch_0004,trader_0022,ETH-USD,BUY,1979.95,936,936,0,2026-01-01T01:07:12Z
order_00004836,batch_0004,trader_0024,ETH-USD,BUY,1979.86,769,769,0,2026-01-01T01:20:35Z
order_00005263,batch_0004,trader_0005,ETH-USD,BUY,1979.77,860,860,0,2026-01-01T01:27:42Z
order_00003272,batch_0004,trader_0014,ETH-USD,BUY,1979.59,236,236,0,2026-01-01T00:54:31Z
order_00001721,batch_0004,trader_0022,ETH-USD,BUY,1979.53,817,817,0,2026-01-01T00:28:40Z
order_00006094,batch_0004,trader_0021,ETH-USD,BUY,1979.46,409,409,0,2026-01-01T01:41:33Z
order_00005786,batch_0004,trader_0009,ETH-USD,BUY,1979.28,699,699,0,2026-01-01T01:36:25Z
order_00005659,batch_0004,trader_0015,ETH-USD,BUY,1979.13,587,587,0,2026-01-01T01:34:18Z
order_00004818,batch_0004,trader_0022,ETH-USD,BUY,1979.0,224,224,0,2026-01-01T01:20:17Z
order_00002643,batch_0004,trader_0011,ETH-USD,BUY,1978.89,569,569,0,2026-01-01T00:44:02Z
order_00003371,batch_0004,trader_0016,ETH-USD,BUY,1978.83,238,238,0,2026-01-01T00:56:10Z
order_00003526,batch_0004,trader_0010,ETH-USD,BUY,1978.71,18,18,0,2026-01-01T00:58:45Z
order_00005558,batch_0004,trader_0018,ETH-USD,BUY,1978.65,563,563,0,2026-01-01T01:32:37Z
order_00005829,batch_0004,trader_0025,ETH-USD,BUY,1978.61,630,630,0,2026-01-01T01:37:08Z
order_00002985,batch_0004,trader_0020,ETH-USD,BUY,1978.46,905,905,0,2026-01-01T00:49:44Z
order_00002630,batch_0004,trader_0001,ETH-USD,BUY,1978.05,669,669,0,2026-01-01T00:43:49Z
order_00001892,batch_0004,trader_0014,ETH-USD,BUY,1977.69,910,910,0,2026-01-01T00:31:31Z
order_00003980,batch_0004,trader_0013,ETH-USD,BUY,1977.56,464,464,0,2026-01-01T01:06:19Z
order_00003124,batch_0004,trader_0002,ETH-USD,BUY,1977.53,518,518,0,2026-01-01T00:52:03Z
order_00005167,batch_0004,trader_0014,ETH-USD,BUY,1977.14,82,82,0,2026-01-01T01:26:06Z
order_00003104,batch_0004,trader_0011,ETH-USD,BUY,1976.76,540,540,0,2026-01-01T00:51:43Z
order_00002617,batch_0004,trader_0016,ETH-USD,BUY,1976.75,141,141,0,2026-01-01T00:43:36Z
order_00003821,batch_0004,trader_0015,ETH-USD,BUY,1976.1,808,808,0,2026-01-01T01:03:40Z
order_00001714,batch_0004,trader_0021,ETH-USD,BUY,1976.07,677,677,0,2026-01-01T00:28:33Z
order_00005488,batch_0004,trader_0015,ETH-USD,BUY,1975.99,849,849,0,2026-01-01T01:31:27Z
order_00004385,batch_0004,trader_0024,ETH-USD,BUY,1975.94,732,732,0,2026-01-01T01:13:04Z
order_00003301,batch_0004,trader_0006,ETH-USD,BUY,1975.57,499,499,0,2026-01-01T00:55:00Z
order_00003799,batch_0004,trader_0004,ETH-USD,BUY,1975.31,677,677,0,2026-01-01T01:03:18Z
order_00003676,batch_0004,trader_0010,ETH-USD,BUY,1975.25,379,379,0,2026-01-01T01:01:15Z
order_00003951,batch_0004,trader_0005,ETH-USD,BUY,1975.24,380,380,0,2026-01-01T01:05:50Z
order_00003691,batch_0004,trader_0002,ETH-USD,BUY,1974.88,580,580,0,2026-01-01T01:01:30Z
order_00003542,batch_0004,trader_0024,ETH-USD,BUY,1974.78,958,958,0,2026-01-01T00:59:01Z
order_00002526,batch_0004,trader_0009,ETH-USD,BUY,1974.52,782,782,0,2026-01-01T00:42:05Z
order_00004328,batch_0004,trader_0015,ETH-USD,BUY,1974.52,503,503,0,2026-01-01T01:12:07Z
order_00003867,batch_0004,trader_0006,ETH-USD,BUY,1974.47,606,606,0,2026-01-01T01:04:26Z
order_00002352,batch_0004,trader_0021,ETH-USD,BUY,1974.34,599,599,0,2026-01-01T00:39:11Z
order_00006319,batch_0004,trader_0024,ETH-USD,BUY,1974.05,300,300,0,2026-01-01T01:45:18Z
order_00004614,batch_0004,trader_0023,ETH-USD,BUY,1973.85,112,112,0,2026-01-01T01:16:53Z
order_00004400,batch_0004,trader_0009,ETH-USD,BUY,1973.55,23,23,0,2026-01-01T01:13:19Z
order_00004559,batch_0004,trader_0006,ETH-USD,BUY,1973.32,4,4,0,2026-01-01T01:15:58Z
order_00004410,batch_0004,trader_0014,ETH-USD,BUY,1972.87,835,835,0,2026-01-01T01:13:29Z
order_00006177,batch_0004,trader_0005,ETH-USD,BUY,1972.78,415,415,0,2026-01-01T01:42:56Z
order_00004260,batch_0004,trader_0011,ETH-USD,BUY,1972.75,771,771,0,2026-01-01T01:10:59Z
order_00006146,batch_0004,trader_0005,ETH-USD,BUY,1972.68,281,281,0,2026-01-01T01:42:25Z
order_00005453,batch_0004,trader_0006,ETH-USD,BUY,1972.58,194,194,0,2026-01-01T01:30:52Z
order_00004470,batch_0004,trader_0003,ETH-USD,BUY,1972.0,3,3,0,2026-01-01T01:14:29Z
order_00004478,batch_0004,trader_0011,ETH-USD,BUY,1971.8,702,702,0,2026-01-01T01:14:37Z
order_00005371,batch_0004,trader_0007,ETH-USD,BUY,1971.71,764,764,0,2026-01-01T01:29:30Z
order_00002072,batch_0004,trader_0009,ETH-USD,BUY,1971.56,633,633,0,2026-01-01T00:34:31Z
order_00006537,batch_0004,trader_0011,ETH-USD,BUY,1971.36,904,904,0,2026-01-01T01:48:56Z
order_00002711,batch_0004,trader_0006,ETH-USD,BUY,1971.34,374,374,0,2026-01-01T00:45:10Z
order_00006132,batch_0004,trader_0017,ETH-USD,BUY,1971.18,570,570,0,2026-01-01T01:42:11Z
order_00002515,batch_0004,trader_0003,ETH-USD,BUY,1970.96,391,391,0,2026-01-01T00:41:54Z
order_00005129,batch_0004,trader_0016,ETH-USD,BUY,1970.86,364,364,0,2026-01-01T01:25:28Z
order_00003252,batch_0004,trader_0010,ETH-USD,BUY,1970.59,658,658,0,2026-01-01T00:54:11Z
order_00005641,batch_0004,trader_0016,ETH-USD,BUY,1970.54,169,169,0,2026-01-01T01:34:00Z
order_00004935,batch_0004,trader_0024,ETH-USD,BUY,1970.27,649,649,0,2026-01-01T01:22:14Z
order_00003663,batch_0004,trader_0013,ETH-USD,BUY,1970.12,316,316,0,2026-01-01T01:01:02Z
order_00006007,batch_0004,trader_0014,ETH-USD,BUY,1970.09,883,883,0,2026-01-01T01:40:06Z
order_00004580,batch_0004,trader_0023,ETH-USD,BUY,1969.94,783,783,0,2026-01-01T01:16:19Z
order_00006060,batch_0004,trader_0018,ETH-USD,BUY,1969.93,992,992,0,2026-01-01T01:40:59Z
order_00001688,batch_0004,trader_0001,ETH-USD,BUY,1969.91,191,191,0,2026-01-01T00:28:07Z
order_00001964,batch_0004,trader_0016,ETH-USD,BUY,1969.88,859,859,0,2026-01-01T00:32:43Z
order_00002835,batch_0004,trader_0002,ETH-USD,BUY,1969.88,989,989,0,2026-01-01T00:47:14Z
order_00005031,batch_0004,trader_0012,ETH-USD,BUY,1969.54,196,196,0,2026-01-01T01:23:50Z
order_00002329,batch_0004,trader_0003,ETH-USD,BUY,1969.53,707,707,0,2026-01-01T00:38:48Z
order_00006489,batch_0004,trader_0015,ETH-USD,BUY,1969.46,278,278,0,2026-01-01T01:48:08Z
order_00002845,batch_0004,trader_0015,ETH-USD,BUY,1969.45,853,853,0,2026-01-01T00:47:24Z
order_00004107,batch_0004,trader_0001,ETH-USD,BUY,1969.2,386,386,0,2026-01-01T01:08:26Z
order_00006600,batch_0004,trader_0019,ETH-USD,BUY,1969.19,3,3,0,2026-01-01T01:49:59Z
order_00002697,batch_0004,trader_0013,ETH-USD,BUY,1969.09,53,53,0,2026-01-01T00:44:56Z
order_00002513,batch_0004,trader_0020,ETH-USD,BUY,1969.08,452,452,0,2026-01-01T00:41:52Z
order_00005861,batch_0004,trader_0021,ETH-USD,BUY,1969.0,45,45,0,2026-01-01T01:37:40Z
order_00002472,batch_0004,trader_0001,ETH-USD,BUY,1968.67,17,17,0,2026-01-01T00:41:11Z
order_00003179,batch_0004,trader_0007,ETH-USD,BUY,1968.56,347,347,0,2026-01-01T00:52:58Z
order_00003979,batch_0004,trader_0014,ETH-USD,BUY,1968.46,416,416,0,2026-01-01T01:06:18Z
order_00003106,batch_0004,trader_0014,ETH-USD,BUY,1968.2,478,478,0,2026-01-01T00:51:45Z
order_00006498,batch_0004,trader_0025,ETH-USD,BUY,1968.09,974,974,0,2026-01-01T01:48:17Z
order_00004527,batch_0004,trader_0022,ETH-USD,BUY,1968.07,900,900,0,2026-01-01T01:15:26Z
order_00006241,batch_0004,trader_0001,ETH-USD,BUY,1967.91,821,821,0,2026-01-01T01:44:00Z
order_00006228,batch_0004,trader_0024,ETH-USD,BUY,1967.71,744,744,0,2026-01-01T01:43:47Z
order_00006277,batch_0004,trader_0004,ETH-USD,BUY,1967.69,900,900,0,2026-01-01T01:44:36Z
order_00003575,batch_0004,trader_0014,ETH-USD,BUY,1967.24,669,669,0,2026-01-01T00:59:34Z
order_00004464,batch_0004,trader_0015,ETH-USD,BUY,1966.9,900,900,0,2026-01-01T01:14:23Z
order_00003937,batch_0004,trader_0014,ETH-USD,BUY,1966.35,11,11,0,2026-01-01T01:05:36Z
order_00002522,batch_0004,trader_0013,ETH-USD,BUY,1966.33,948,948,0,2026-01-01T00:42:01Z
order_00002200,batch_0004,trader_0021,ETH-USD,BUY,1966.0,773,773,0,2026-01-01T00:36:39Z
order_00003854,batch_0004,trader_0018,ETH-USD,BUY,1965.81,450,450,0,2026-01-01T01:04:13Z
order_00006097,batch_0004,trader_0005,ETH-USD,BUY,1965.64,822,822,0,2026-01-01T01:41:36Z
order_00001610,batch_0004,trader_0024,ETH-USD,BUY,1965.58,834,834,0,2026-01-01T00:26:49Z
order_00002139,batch_0004,trader_0015,ETH-USD,BUY,1965.21,436,436,0,2026-01-01T00:35:38Z
order_00004172,batch_0004,trader_0001,ETH-USD,BUY,1964.97,477,477,0,2026-01-01T01:09:31Z
order_00004362,batch_0004,trader_0013,ETH-USD,BUY,1964.97,926,926,0,2026-01-01T01:12:41Z
order_00006467,batch_0004,trader_0019,ETH-USD,BUY,1964.48,566,566,0,2026-01-01T01:47:46Z
order_00005513,batch_0004,trader_0005,ETH-USD,BUY,1964.37,805,805,0,2026-01-01T01:31:52Z
order_00003449,batch_0004,trader_0021,ETH-USD,BUY,1963.7,518,518,0,2026-01-01T00:57:28Z
order_00002399,batch_0004,trader_0016,ETH-USD,BUY,1963.58,443,443,0,2026-01-01T00:39:58Z
order_00002281,batch_0004,trader_0008,ETH-USD,BUY,1963.0,30,30,0,2026-01-01T00:38:00Z
order_00005848,batch_0004,trader_0024,ETH-USD,BUY,1963.0,496,496,0,2026-01-01T01:37:27Z
order_00003545,batch_0004,trader_0001,ETH-USD,BUY,1962.87,6,6,0,2026-01-01T00:59:04Z
order_00001828,batch_0004,trader_0007,ETH-USD,BUY,1962.65,750,750,0,2026-01-01T00:30:27Z
order_00004545,batch_0004,trader_0007,ETH-USD,BUY,1962.22,118,118,0,2026-01-01T01:15:44Z
order_00002150,batch_0004,trader_0022,ETH-USD,BUY,1962.04,709,709,0,2026-01-01T00:35:49Z
order_00004323,batch_0004,trader_0008,ETH-USD,BUY,1962.04,362,362,0,2026-01-01T01:12:02Z
order_00003511,batch_0004,trader_0001,ETH-USD,BUY,1961.79,884,884,0,2026-01-01T00:58:30Z
order_00006364,batch_0004,trader_0018,ETH-USD,BUY,1961.66,566,566,0,2026-01-01T01:46:03Z
order_00001753,batch_0004,trader_0024,ETH-USD,BUY,1961.57,447,447,0,2026-01-01T00:29:12Z
order_00003738,batch_0004,trader_0012,ETH-USD,BUY,1961.46,314,314,0,2026-01-01T01:02:17Z
order_00003375,batch_0004,trader_0016,ETH-USD,BUY,1961.28,145,145,0,2026-01-01T00:56:14Z
order_00006332,batch_0004,trader_0005,ETH-USD,BUY,1961.13,541,541,0,2026-01-01T01:45:31Z
order_00006023,batch_0004,trader_0015,ETH-USD,BUY,1960.82,776,776,0,2026-01-01T01:40:22Z
order_00002004,batch_0004,trader_0008,ETH-USD,BUY,1960.81,588,588,0,2026-01-01T00:33:23Z
order_00004863,batch_0004,trader_0013,ETH-USD,BUY,1960.66,558,558,0,2026-01-01T01:21:02Z
order_00005532,batch_0004,trader_0023,ETH-USD,BUY,1960.55,465,465,0,2026-01-01T01:32:11Z
order_00002733,batch_0004,trader_0009,ETH-USD,BUY,1960.51,136,136,0,2026-01-01T00:45:32Z
order_00001757,batch_0004,trader_0021,ETH-USD,BUY,1960.25,311,311,0,2026-01-01T00:29:16Z
order_00005065,batch_0004,trader_0004,ETH-USD,BUY,1960.25,821,821,0,2026-01-01T01:24:24Z
order_00005792,batch_0004,trader_0018,ETH-USD,BUY,1959.75,908,908,0,2026-01-01T01:36:31Z
order_00005333,batch_0004,trader_0023,ETH-USD,BUY,1959.72,648,648,0,2026-01-01T01:28:52Z
order_00003717,batch_0004,trader_0007,ETH-USD,BUY,1959.67,450,450,0,2026-01-01T01:01:56Z
order_00001717,batch_0004,trader_0010,ETH-USD,BUY,1959.5,476,476,0,2026-01-01T00:28:36Z
order_00005843,batch_0004,trader_0023,ETH-USD,BUY,1959.24,462,462,0,2026-01-01T01:37:22Z
order_00002761,batch_0004,trader_0022,ETH-USD,BUY,1959.0,835,835,0,2026-01-01T00:46:00Z
order_00005708,batch_0004,trader_0008,ETH-USD,BUY,1958.62,336,336,0,2026-01-01T01:35:07Z
order_00001959,batch_0004,trader_0017,ETH-USD,BUY,1958.55,108,108,0,2026-01-01T00:32:38Z
order_00003528,batch_0004,trader_0006,ETH-USD,BUY,1958.49,757,757,0,2026-01-01T00:58:47Z
order_00002394,batch_0004,trader_0010,ETH-USD,BUY,1958.36,241,241,0,2026-01-01T00:39:53Z
order_00004821,batch_0004,trader_0017,ETH-USD,BUY,1958.24,885,885,0,2026-01-01T01:20:20Z
order_00004727,batch_0004,trader_0014,ETH-USD,BUY,1958.2,959,959,0,2026-01-01T01:18:46Z
order_00005503,batch_0004,trader_0005,ETH-USD,BUY,1957.6,718,718,0,2026-01-01T01:31:42Z
order_00004975,batch_0004,trader_0008,ETH-USD,BUY,1957.23,828,828,0,2026-01-01T01:22:54Z
order_00003111,batch_0004,trader_0013,ETH-USD,BUY,1957.06,866,866,0,2026-01-01T00:51:50Z
order_00003330,batch_0004,trader_0012,ETH-USD,BUY,1956.88,646,646,0,2026-01-01T00:55:29Z
order_00002327,batch_0004,trader_0011,ETH-USD,BUY,1956.74,6,6,0,2026-01-01T00:38:46Z
order_00005507,batch_0004,trader_0007,ETH-USD,BUY,1956.61,442,442,0,2026-01-01T01:31:46Z
order_00002946,batch_0004,trader_0020,ETH-USD,BUY,1956.54,997,997,0,2026-01-01T00:49:05Z
order_00004074,batch_0004,trader_0005,ETH-USD,BUY,1956.52,17,17,0,2026-01-01T01:07:53Z
order_00004894,batch_0004,trader_0012,ETH-USD,BUY,1956.49,728,728,0,2026-01-01T01:21:33Z
order_00005429,batch_0004,trader_0010,ETH-USD,BUY,1956.47,921,921,0,2026-01-01T01:30:28Z
order_00002218,batch_0004,trader_0024,ETH-USD,BUY,1956.0,343,343,0,2026-01-01T00:36:57Z
order_00003135,batch_0004,trader_0019,ETH-USD,BUY,1955.77,578,578,0,2026-01-01T00:52:14Z
order_00002435,batch_0004,trader_0007,ETH-USD,BUY,1955.6,71,71,0,2026-01-01T00:40:34Z
order_00006164,batch_0004,trader_0002,ETH-USD,BUY,1955.4,265,265,0,2026-01-01T01:42:43Z
order_00005816,batch_0004,trader_0019,ETH-USD,BUY,1955.31,814,814,0,2026-01-01T01:36:55Z
order_00002388,batch_0004,trader_0021,ETH-USD,BUY,1955.25,521,521,0,2026-01-01T00:39:47Z
order_00005419,batch_0004,trader_0015,ETH-USD,BUY,1954.74,560,560,0,2026-01-01T01:30:18Z
order_00003507,batch_0004,trader_0016,ETH-USD,BUY,1954.73,319,319,0,2026-01-01T00:58:26Z
order_00003991,batch_0004,trader_0022,ETH-USD,BUY,1954.39,212,212,0,2026-01-01T01:06:30Z
order_00004070,batch_0004,trader_0001,ETH-USD,BUY,1954.23,769,769,0,2026-01-01T01:07:49Z
order_00005511,batch_0004,trader_0014,ETH-USD,BUY,1954.14,173,173,0,2026-01-01T01:31:50Z
order_00003032,batch_0004,trader_0016,ETH-USD,BUY,1954.02,839,839,0,2026-01-01T00:50:31Z
order_00002046,batch_0004,trader_0021,ETH-USD,BUY,1953.88,566,566,0,2026-01-01T00:34:05Z
order_00004316,batch_0004,trader_0020,ETH-USD,BUY,1953.79,910,910,0,2026-01-01T01:11:55Z
order_00002763,batch_0004,trader_0025,ETH-USD,BUY,1953.66,522,522,0,2026-01-01T00:46:02Z
order_00002748,batch_0004,trader_0004,ETH-USD,BUY,1953.62,599,599,0,2026-01-01T00:45:47Z
order_00006318,batch_0004,trader_0005,ETH-USD,BUY,1953.34,752,752,0,2026-01-01T01:45:17Z
order_00006330,batch_0004,trader_0006,ETH-USD,BUY,1953.33,186,186,0,2026-01-01T01:45:29Z
order_00001972,batch_0004,trader_0022,ETH-USD,BUY,1953.05,184,184,0,2026-01-01T00:32:51Z
order_00005090,batch_0004,trader_0018,ETH-USD,BUY,1952.89,425,425,0,2026-01-01T01:24:49Z
order_00006449,batch_0004,trader_0019,ETH-USD,BUY,1952.88,650,650,0,2026-01-01T01:47:28Z
order_00002866,batch_0004,trader_0019,ETH-USD,BUY,1952.84,816,816,0,2026-01-01T00:47:45Z
order_00002077,batch_0004,trader_0014,ETH-USD,BUY,1952.83,507,507,0,2026-01-01T00:34:36Z
order_00002928,batch_0004,trader_0022,ETH-USD,BUY,1952.63,447,447,0,2026-01-01T00:48:47Z
order_00005668,batch_0004,trader_0011,ETH-USD,BUY,1952.06,713,713,0,2026-01-01T01:34:27Z
order_00004028,batch_0004,trader_0002,ETH-USD,BUY,1952.01,482,482,0,2026-01-01T01:07:07Z
order_00004217,batch_0004,trader_0016,ETH-USD,BUY,1951.99,28,28,0,2026-01-01T01:10:16Z
order_00005969,batch_0004,trader_0006,ETH-USD,BUY,1951.56,761,761,0,2026-01-01T01:39:28Z
order_00005493,batch_0004,trader_0020,ETH-USD,BUY,1951.25,306,306,0,2026-01-01T01:31:32Z
order_00005580,batch_0004,trader_0012,ETH-USD,BUY,1951.23,203,203,0,2026-01-01T01:32:59Z
order_00004654,batch_0004,trader_0021,ETH-USD,BUY,1951.16,252,252,0,2026-01-01T01:17:33Z
order_00003357,batch_0004,trader_0013,ETH-USD,BUY,1951.14,803,803,0,2026-01-01T00:55:56Z
order_00002068,batch_0004,trader_0019,ETH-USD,BUY,1950.93,898,898,0,2026-01-01T00:34:27Z
order_00002667,batch_0004,trader_0008,ETH-USD,BUY,1950.86,101,101,0,2026-01-01T00:44:26Z
order_00003915,batch_0004,trader_0016,ETH-USD,BUY,1950.83,446,446,0,2026-01-01T01:05:14Z
order_00002587,batch_0004,trader_0023,ETH-USD,BUY,1950.8,352,352,0,2026-01-01T00:43:06Z
order_00005871,batch_0004,trader_0023,ETH-USD,BUY,1950.75,401,401,0,2026-01-01T01:37:50Z
order_00003169,batch_0004,trader_0003,ETH-USD,BUY,1950.45,641,641,0,2026-01-01T00:52:48Z
order_00003103,batch_0004,trader_0014,ETH-USD,BUY,1950.39,188,188,0,2026-01-01T00:51:42Z
order_00003384,batch_0004,trader_0025,ETH-USD,BUY,1950.27,80,80,0,2026-01-01T00:56:23Z
order_00004793,batch_0004,trader_0002,ETH-USD,BUY,1950.08,68,68,0,2026-01-01T01:19:52Z
order_00003715,batch_0004,trader_0015,ETH-USD,BUY,1950.05,971,971,0,2026-01-01T01:01:54Z
order_00002939,batch_0004,trader_0008,ETH-USD,BUY,1949.86,963,963,0,2026-01-01T00:48:58Z
order_00002494,batch_0004,trader_0010,ETH-USD,BUY,1949.81,141,141,0,2026-01-01T00:41:33Z
order_00003156,batch_0004,trader_0021,ETH-USD,BUY,1949.73,782,782,0,2026-01-01T00:52:35Z
order_00006406,batch_0004,trader_0021,ETH-USD,BUY,1949.7,830,830,0,2026-01-01T01:46:45Z
order_00002390,batch_0004,trader_0023,ETH-USD,BUY,1949.55,730,730,0,2026-01-01T00:39:49Z
order_00004245,batch_0004,trader_0009,ETH-USD,BUY,1949.33,560,560,0,2026-01-01T01:10:44Z
order_00001922,batch_0004,trader_0016,ETH-USD,BUY,1949.21,289,289,0,2026-01-01T00:32:01Z
order_00004184,batch_0004,trader_0012,ETH-USD,BUY,1948.84,412,412,0,2026-01-01T01:09:43Z
order_00005345,batch_0004,trader_0001,ETH-USD,BUY,1948.72,589,589,0,2026-01-01T01:29:04Z
order_00003391,batch_0004,trader_0021,ETH-USD,BUY,1948.65,911,911,0,2026-01-01T00:56:30Z
order_00002853,batch_0004,trader_0014,ETH-USD,BUY,1948.59,823,823,0,2026-01-01T00:47:32Z
order_00003251,batch_0004,trader_0022,ETH-USD,BUY,1948.54,585,585,0,2026-01-01T00:54:10Z
order_00006080,batch_0004,trader_0025,ETH-USD,BUY,1948.49,278,278,0,2026-01-01T01:41:19Z
order_00005669,batch_0004,trader_0015,ETH-USD,BUY,1948.38,712,712,0,2026-01-01T01:34:28Z
order_00004570,batch_0004,trader_0009,ETH-USD,BUY,1948.33,739,739,0,2026-01-01T01:16:09Z
order_00004087,batch_0004,trader_0008,ETH-USD,BUY,1948.0,458,458,0,2026-01-01T01:08:06Z
order_00002377,batch_0004,trader_0012,ETH-USD,BUY,1947.86,246,246,0,2026-01-01T00:39:36Z
order_00004658,batch_0004,trader_0002,ETH-USD,BUY,1947.83,330,330,0,2026-01-01T01:17:37Z
order_00002244,batch_0004,trader_0004,ETH-USD,BUY,1947.73,573,573,0,2026-01-01T00:37:23Z
order_00002236,batch_0004,trader_0017,ETH-USD,BUY,1947.72,80,80,0,2026-01-01T00:37:15Z
order_00003557,batch_0004,trader_0010,ETH-USD,BUY,1947.68,543,543,0,2026-01-01T00:59:16Z
order_00003502,batch_0004,trader_0011,ETH-USD,BUY,1947.65,241,241,0,2026-01-01T00:58:21Z
order_00002073,batch_0004,trader_0019,ETH-USD,BUY,1947.17,982,982,0,2026-01-01T00:34:32Z
order_00006576,batch_0004,trader_0020,ETH-USD,BUY,1947.15,3,3,0,2026-01-01T01:49:35Z
order_00005025,batch_0004,trader_0012,ETH-USD,BUY,1946.69,868,868,0,2026-01-01T01:23:44Z
order_00001841,batch_0004,trader_0006,ETH-USD,BUY,1946.23,42,42,0,2026-01-01T00:30:40Z
order_00004020,batch_0004,trader_0009,ETH-USD,BUY,1946.09,174,174,0,2026-01-01T01:06:59Z
order_00005379,batch_0004,trader_0013,ETH-USD,BUY,1945.69,82,82,0,2026-01-01T01:29:38Z
order_00005193,batch_0004,trader_0025,ETH-USD,BUY,1945.68,886,886,0,2026-01-01T01:26:32Z
order_00004099,batch_0004,trader_0025,ETH-USD,BUY,1945.51,147,147,0,2026-01-01T01:08:18Z
order_00003779,batch_0004,trader_0008,ETH-USD,BUY,1945.06,546,546,0,2026-01-01T01:02:58Z
order_00001929,batch_0004,trader_0015,ETH-USD,BUY,1945.03,708,708,0,2026-01-01T00:32:08Z
order_00003686,batch_0004,trader_0007,ETH-USD,BUY,1944.88,472,472,0,2026-01-01T01:01:25Z
order_00002746,batch_0004,trader_0025,ETH-USD,BUY,1944.55,830,830,0,2026-01-01T00:45:45Z
order_00002233,batch_0004,trader_0004,ETH-USD,BUY,1944.51,798,798,0,2026-01-01T00:37:12Z
order_00004123,batch_0004,trader_0012,ETH-USD,BUY,1944.13,773,773,0,2026-01-01T01:08:42Z
order_00002512,batch_0004,trader_0013,ETH-USD,BUY,1943.83,996,996,0,2026-01-01T00:41:51Z
order_00006149,batch_0004,trader_0011,ETH-USD,BUY,1943.71,15,15,0,2026-01-01T01:42:28Z
order_00003878,batch_0004,trader_0004,ETH-USD,BUY,1943.34,773,773,0,2026-01-01T01:04:37Z
order_00003139,batch_0004,trader_0017,ETH-USD,BUY,1943.1,163,163,0,2026-01-01T00:52:18Z
order_00002182,batch_0004,trader_0006,ETH-USD,BUY,1942.82,268,268,0,2026-01-01T00:36:21Z
order_00004490,batch_0004,trader_0003,ETH-USD,BUY,1942.5,86,86,0,2026-01-01T01:14:49Z
order_00006076,batch_0004,trader_0015,ETH-USD,BUY,1942.44,669,669,0,2026-01-01T01:41:15Z
order_00004736,batch_0004,trader_0014,ETH-USD,BUY,1942.32,349,349,0,2026-01-01T01:18:55Z
order_00004504,batch_0004,trader_0022,ETH-USD,BUY,1942.17,585,585,0,2026-01-01T01:15:03Z
order_00003886,batch_0004,trader_0023,ETH-USD,BUY,1942.06,319,319,0,2026-01-01T01:04:45Z
order_00004373,batch_0004,trader_0017,ETH-USD,BUY,1941.91,302,302,0,2026-01-01T01:12:52Z
order_00005127,batch_0004,trader_0023,ETH-USD,BUY,1941.86,603,603,0,2026-01-01T01:25:26Z
order_00003096,batch_0004,trader_0022,ETH-USD,BUY,1941.85,956,956,0,2026-01-01T00:51:35Z
order_00002225,batch_0004,trader_0002,ETH-USD,BUY,1941.79,520,520,0,2026-01-01T00:37:04Z
order_00005598,batch_0004,trader_0018,ETH-USD,BUY,1941.69,103,103,0,2026-01-01T01:33:17Z
order_00003777,batch_0004,trader_0020,ETH-USD,BUY,1941.57,763,763,0,2026-01-01T01:02:56Z
order_00005873,batch_0004,trader_0004,ETH-USD,BUY,1941.56,891,891,0,2026-01-01T01:37:52Z
order_00003665,batch_0004,trader_0005,ETH-USD,BUY,1941.44,419,419,0,2026-01-01T01:01:04Z
order_00002804,batch_0004,trader_0010,ETH-USD,BUY,1941.32,151,151,0,2026-01-01T00:46:43Z
order_00002305,batch_0004,trader_0013,ETH-USD,BUY,1941.2,127,127,0,2026-01-01T00:38:24Z
order_00006465,batch_0004,trader_0022,ETH-USD,BUY,1941.07,188,188,0,2026-01-01T01:47:44Z
order_00002820,batch_0004,trader_0016,ETH-USD,BUY,1941.04,395,395,0,2026-01-01T00:46:59Z
order_00005653,batch_0004,trader_0001,ETH-USD,BUY,1940.79,71,71,0,2026-01-01T01:34:12Z
order_00002397,batch_0004,trader_0019,ETH-USD,BUY,1940.63,532,532,0,2026-01-01T00:39:56Z
order_00002739,batch_0004,trader_0014,ETH-USD,BUY,1940.41,966,966,0,2026-01-01T00:45:38Z
order_00006126,batch_0004,trader_0013,ETH-USD,BUY,1940.3,554,554,0,2026-01-01T01:42:05Z
order_00006464,batch_0004,trader_0025,ETH-USD,BUY,1940.15,891,891,0,2026-01-01T01:47:43Z
order_00005592,batch_0004,trader_0002,ETH-USD,BUY,1940.0,520,520,0,2026-01-01T01:33:11Z
order_00003249,batch_0004,trader_0003,ETH-USD,BUY,1939.89,241,241,0,2026-01-01T00:54:08Z
order_00001601,batch_0004,trader_0021,ETH-USD,BUY,1939.86,342,342,0,2026-01-01T00:26:40Z
order_00004843,batch_0004,trader_0022,ETH-USD,BUY,1939.72,645,645,0,2026-01-01T01:20:42Z
order_00002907,batch_0004,trader_0014,ETH-USD,BUY,1939.71,204,204,0,2026-01-01T00:48:26Z
order_00003463,batch_0004,trader_0021,ETH-USD,BUY,1939.54,373,373,0,2026-01-01T00:57:42Z
order_00005675,batch_0004,trader_0010,ETH-USD,BUY,1939.47,403,403,0,2026-01-01T01:34:34Z
order_00006024,batch_0004,trader_0024,ETH-USD,BUY,1939.47,707,707,0,2026-01-01T01:40:23Z
order_00005427,batch_0004,trader_0001,ETH-USD,BUY,1939.18,649,649,0,2026-01-01T01:30:26Z
order_00005201,batch_0004,trader_0002,ETH-USD,BUY,1938.81,623,623,0,2026-01-01T01:26:40Z
order_00003500,batch_0004,trader_0022,ETH-USD,BUY,1938.75,74,74,0,2026-01-01T00:58:19Z
order_00006184,batch_0004,trader_0003,ETH-USD,BUY,1938.66,544,544,0,2026-01-01T01:43:03Z
order_00005328,batch_0004,trader_0010,ETH-USD,BUY,1938.64,567,567,0,2026-01-01T01:28:47Z
order_00003510,batch_0004,trader_0024,ETH-USD,BUY,1938.51,85,85,0,2026-01-01T00:58:29Z
order_00004443,batch_0004,trader_0002,ETH-USD,BUY,1938.03,197,197,0,2026-01-01T01:14:02Z
order_00006125,batch_0004,trader_0023,ETH-USD,BUY,1937.98,971,971,0,2026-01-01T01:42:04Z
order_00005509,batch_0004,trader_0010,ETH-USD,BUY,1937.52,427,427,0,2026-01-01T01:31:48Z
order_00006584,batch_0004,trader_0021,ETH-USD,BUY,1937.5,117,117,0,2026-01-01T01:49:43Z
order_00004124,batch_0004,trader_0003,ETH-USD,BUY,1937.43,423,423,0,2026-01-01T01:08:43Z
order_00006037,batch_0004,trader_0008,ETH-USD,BUY,1937.25,5,5,0,2026-01-01T01:40:36Z
order_00004879,batch_0004,trader_0012,ETH-USD,BUY,1937.05,765,765,0,2026-01-01T01:21:18Z
order_00003604,batch_0004,trader_0023,ETH-USD,BUY,1936.98,267,267,0,2026-01-01T01:00:03Z
order_00002334,batch_0004,trader_0002,ETH-USD,BUY,1936.32,982,982,0,2026-01-01T00:38:53Z
order_00006502,batch_0004,trader_0017,ETH-USD,BUY,1936.07,879,879,0,2026-01-01T01:48:21Z
order_00005756,batch_0004,trader_0003,ETH-USD,BUY,1935.79,152,152,0,2026-01-01T01:35:55Z
order_00001638,batch_0004,trader_0015,ETH-USD,BUY,1935.5,914,914,0,2026-01-01T00:27:17Z
order_00001768,batch_0004,trader_0024,ETH-USD,BUY,1935.09,58,58,0,2026-01-01T00:29:27Z
order_00004858,batch_0004,trader_0024,ETH-USD,BUY,1935.09,621,621,0,2026-01-01T01:20:57Z
order_00005017,batch_0004,trader_0018,ETH-USD,BUY,1934.93,390,390,0,2026-01-01T01:23:36Z
order_00005396,batch_0004,trader_0024,ETH-USD,BUY,1934.9,114,114,0,2026-01-01T01:29:55Z
order_00006516,batch_0004,trader_0011,ETH-USD,BUY,1934.89,896,896,0,2026-01-01T01:48:35Z
order_00003519,batch_0004,trader_0023,ETH-USD,BUY,1934.85,8,8,0,2026-01-01T00:58:38Z
order_00006311,batch_0004,trader_0024,ETH-USD,BUY,1934.78,566,566,0,2026-01-01T01:45:10Z
order_00005728,batch_0004,trader_0025,ETH-USD,BUY,1934.71,770,770,0,2026-01-01T01:35:27Z
order_00006002,batch_0004,trader_0001,ETH-USD,BUY,1934.62,939,939,0,2026-01-01T01:40:01Z
order_00003068,batch_0004,trader_0016,ETH-USD,BUY,1934.27,754,754,0,2026-01-01T00:51:07Z
order_00005802,batch_0004,trader_0009,ETH-USD,BUY,1934.09,78,78,0,2026-01-01T01:36:41Z
order_00006096,batch_0004,trader_0008,ETH-USD,BUY,1934.09,609,609,0,2026-01-01T01:41:35Z
order_00004845,batch_0004,trader_0015,ETH-USD,BUY,1934.02,796,796,0,2026-01-01T01:20:44Z
order_00004792,batch_0004,trader_0001,ETH-USD,BUY,1933.94,627,627,0,2026-01-01T01:19:51Z
order_00003475,batch_0004,trader_0021,ETH-USD,BUY,1933.88,487,487,0,2026-01-01T00:57:54Z
order_00004411,batch_0004,trader_0012,ETH-USD,BUY,1933.51,32,32,0,2026-01-01T01:13:30Z
order_00003693,batch_0004,trader_0003,ETH-USD,BUY,1933.5,589,589,0,2026-01-01T01:01:32Z
order_00002808,batch_0004,trader_0012,ETH-USD,BUY,1933.49,631,631,0,2026-01-01T00:46:47Z
order_00002055,batch_0004,trader_0014,ETH-USD,BUY,1933.09,862,862,0,2026-01-01T00:34:14Z
order_00004438,batch_0004,trader_0011,ETH-USD,BUY,1933.09,789,789,0,2026-01-01T01:13:57Z
order_00005459,batch_0004,trader_0018,ETH-USD,BUY,1932.93,381,381,0,2026-01-01T01:30:58Z
order_00004632,batch_0004,trader_0005,ETH-USD,BUY,1932.83,268,268,0,2026-01-01T01:17:11Z
order_00005926,batch_0004,trader_0007,ETH-USD,BUY,1932.71,9,9,0,2026-01-01T01:38:45Z
order_00005292,batch_0004,trader_0023,ETH-USD,BUY,1932.56,77,77,0,2026-01-01T01:28:11Z
order_00002716,batch_0004,trader_0002,ETH-USD,BUY,1932.49,762,762,0,2026-01-01T00:45:15Z
order_00003602,batch_0004,trader_0023,ETH-USD,BUY,1932.01,100,100,0,2026-01-01T01:00:01Z
order_00001751,batch_0004,trader_0013,ETH-USD,BUY,1931.93,717,717,0,2026-01-01T00:29:10Z
order_00002405,batch_0004,trader_0010,ETH-USD,BUY,1931.7,692,692,0,2026-01-01T00:40:04Z
order_00003825,batch_0004,trader_0010,ETH-USD,BUY,1931.58,969,969,0,2026-01-01T01:03:44Z
order_00003267,batch_0004,trader_0025,ETH-USD,BUY,1931.47,250,250,0,2026-01-01T00:54:26Z
order_00002705,batch_0004,trader_0012,ETH-USD,BUY,1931.42,472,472,0,2026-01-01T00:45:04Z
order_00004517,batch_0004,trader_0023,ETH-USD,BUY,1931.1,292,292,0,2026-01-01T01:15:16Z
order_00002384,batch_0004,trader_0002,ETH-USD,BUY,1931.07,153,153,0,2026-01-01T00:39:43Z
order_00004115,batch_0004,trader_0016,ETH-USD,BUY,1930.62,889,889,0,2026-01-01T01:08:34Z
order_00004397,batch_0004,trader_0005,ETH-USD,BUY,1930.61,681,681,0,2026-01-01T01:13:16Z
order_00003981,batch_0004,trader_0013,ETH-USD,BUY,1930.4,346,346,0,2026-01-01T01:06:20Z
order_00006488,batch_0004,trader_0015,ETH-USD,BUY,1930.23,587,587,0,2026-01-01T01:48:07Z
order_00003671,batch_0004,trader_0016,ETH-USD,BUY,1930.19,165,165,0,2026-01-01T01:01:10Z
order_00003333,batch_0004,trader_0022,ETH-USD,BUY,1930.16,458,458,0,2026-01-01T00:55:32Z
order_00002256,batch_0004,trader_0020,ETH-USD,BUY,1930.09,746,746,0,2026-01-01T00:37:35Z
order_00006185,batch_0004,trader_0005,ETH-USD,BUY,1929.9,706,706,0,2026-01-01T01:43:04Z
order_00003829,batch_0004,trader_0023,ETH-USD,BUY,1929.8,49,49,0,2026-01-01T01:03:48Z
order_00005603,batch_0004,trader_0025,ETH-USD,BUY,1929.72,206,206,0,2026-01-01T01:33:22Z
order_00004119,batch_0004,trader_0025,ETH-USD,BUY,1929.61,290,290,0,2026-01-01T01:08:38Z
order_00006041,batch_0004,trader_0007,ETH-USD,BUY,1929.33,972,972,0,2026-01-01T01:40:40Z
order_00002083,batch_0004,trader_0023,ETH-USD,BUY,1929.3,893,893,0,2026-01-01T00:34:42Z
order_00003339,batch_0004,trader_0022,ETH-USD,BUY,1929.28,791,791,0,2026-01-01T00:55:38Z
order_00002819,batch_0004,trader_0005,ETH-USD,BUY,1929.22,93,93,0,2026-01-01T00:46:58Z
order_00004701,batch_0004,trader_0008,ETH-USD,BUY,1929.21,660,660,0,2026-01-01T01:18:20Z
order_00002323,batch_0004,trader_0014,ETH-USD,BUY,1929.2,962,962,0,2026-01-01T00:38:42Z
order_00002476,batch_0004,trader_0021,ETH-USD,BUY,1929.07,335,335,0,2026-01-01T00:41:15Z
order_00002992,batch_0004,trader_0006,ETH-USD,BUY,1929.07,829,829,0,2026-01-01T00:49:51Z
order_00006175,batch_0004,trader_0019,ETH-USD,BUY,1928.66,458,458,0,2026-01-01T01:42:54Z
order_00002996,batch_0004,trader_0008,ETH-USD,BUY,1928.62,815,815,0,2026-01-01T00:49:55Z
order_00003916,batch_0004,trader_0016,ETH-USD,BUY,1928.61,107,107,0,2026-01-01T01:05:15Z
order_00005941,batch_0004,trader_0011,ETH-USD,BUY,1928.49,692,692,0,2026-01-01T01:39:00Z
order_00004017,batch_0004,trader_0023,ETH-USD,BUY,1928.28,650,650,0,2026-01-01T01:06:56Z
order_00003911,batch_0004,trader_0017,ETH-USD,BUY,1928.22,671,671,0,2026-01-01T01:05:10Z
order_00005776,batch_0004,trader_0009,ETH-USD,BUY,1928.2,696,696,0,2026-01-01T01:36:15Z
order_00003654,batch_0004,trader_0017,ETH-USD,BUY,1928.01,313,313,0,2026-01-01T01:00:53Z
order_00003552,batch_0004,trader_0015,ETH-USD,BUY,1927.86,349,349,0,2026-01-01T00:59:11Z
order_00003023,batch_0004,trader_0005,ETH-USD,BUY,1927.73,130,130,0,2026-01-01T00:50:22Z
order_00005724,batch_0004,trader_0005,ETH-USD,BUY,1927.41,862,862,0,2026-01-01T01:35:23Z
order_00002949,batch_0004,trader_0006,ETH-USD,BUY,1927.25,926,926,0,2026-01-01T00:49:08Z
order_00001887,batch_0004,trader_0020,ETH-USD,BUY,1927.1,503,503,0,2026-01-01T00:31:26Z
order_00004306,batch_0004,trader_0008,ETH-USD,BUY,1926.69,599,599,0,2026-01-01T01:11:45Z
order_00001670,batch_0004,trader_0019,ETH-USD,BUY,1926.64,899,899,0,2026-01-01T00:27:49Z
order_00002662,batch_0004,trader_0014,ETH-USD,BUY,1926.54,158,158,0,2026-01-01T00:44:21Z
order_00005891,batch_0004,trader_0020,ETH-USD,BUY,1926.41,297,297,0,2026-01-01T01:38:10Z
order_00006016,batch_0004,trader_0004,ETH-USD,BUY,1926.06,887,887,0,2026-01-01T01:40:15Z
order_00005083,batch_0004,trader_0022,ETH-USD,BUY,1926.02,4,4,0,2026-01-01T01:24:42Z
order_00004363,batch_0004,trader_0007,ETH-USD,BUY,1925.82,25,25,0,2026-01-01T01:12:42Z
order_00002994,batch_0004,trader_0001,ETH-USD,BUY,1925.78,799,799,0,2026-01-01T00:49:53Z
order_00002878,batch_0004,trader_0010,ETH-USD,BUY,1925.49,466,466,0,2026-01-01T00:47:57Z
order_00004065,batch_0004,trader_0024,ETH-USD,BUY,1925.39,501,501,0,2026-01-01T01:07:44Z
order_00003999,batch_0004,trader_0012,ETH-USD,BUY,1925.32,93,93,0,2026-01-01T01:06:38Z
order_00003836,batch_0004,trader_0016,ETH-USD,BUY,1925.17,416,416,0,2026-01-01T01:03:55Z
order_00001982,batch_0004,trader_0013,ETH-USD,BUY,1924.98,138,138,0,2026-01-01T00:33:01Z
order_00001631,batch_0004,trader_0007,ETH-USD,BUY,1924.86,777,777,0,2026-01-01T00:27:10Z
order_00001955,batch_0004,trader_0015,ETH-USD,BUY,1924.8,754,754,0,2026-01-01T00:32:34Z
order_00004522,batch_0004,trader_0025,ETH-USD,BUY,1924.6,284,284,0,2026-01-01T01:15:21Z
order_00002023,batch_0004,trader_0016,ETH-USD,BUY,1924.22,848,848,0,2026-01-01T00:33:42Z
order_00001646,batch_0004,trader_0021,ETH-USD,BUY,1924.16,467,467,0,2026-01-01T00:27:25Z
order_00003726,batch_0004,trader_0003,ETH-USD,BUY,1923.99,969,969,0,2026-01-01T01:02:05Z
order_00004151,batch_0004,trader_0007,ETH-USD,BUY,1923.96,25,25,0,2026-01-01T01:09:10Z
order_00002436,batch_0004,trader_0023,ETH-USD,BUY,1923.9,211,211,0,2026-01-01T00:40:35Z
order_00002252,batch_0004,trader_0015,ETH-USD,BUY,1923.88,587,587,0,2026-01-01T00:37:31Z
order_00002877,batch_0004,trader_0003,ETH-USD,BUY,1923.82,892,892,0,2026-01-01T00:47:56Z
order_00002602,batch_0004,trader_0023,ETH-USD,BUY,1923.56,328,328,0,2026-01-01T00:43:21Z
order_00005195,batch_0004,trader_0011,ETH-USD,BUY,1923.41,976,976,0,2026-01-01T01:26:34Z
order_00006534,batch_0004,trader_0002,ETH-USD,BUY,1923.23,530,530,0,2026-01-01T01:48:53Z
order_00001603,batch_0004,trader_0017,ETH-USD,BUY,1923.11,70,70,0,2026-01-01T00:26:42Z
order_00004685,batch_0004,trader_0009,ETH-USD,BUY,1923.09,387,387,0,2026-01-01T01:18:04Z
order_00003039,batch_0004,trader_0019,ETH-USD,BUY,1922.86,703,703,0,2026-01-01T00:50:38Z
order_00004930,batch_0004,trader_0021,ETH-USD,BUY,1922.74,821,821,0,2026-01-01T01:22:09Z
order_00004432,batch_0004,trader_0021,ETH-USD,BUY,1922.56,522,522,0,2026-01-01T01:13:51Z
order_00003893,batch_0004,trader_0019,ETH-USD,BUY,1922.51,394,394,0,2026-01-01T01:04:52Z
order_00001830,batch_0004,trader_0023,ETH-USD,BUY,1921.93,686,686,0,2026-01-01T00:30:29Z
order_00003609,batch_0004,trader_0023,ETH-USD,BUY,1921.9,650,650,0,2026-01-01T01:00:08Z
order_00002738,batch_0004,trader_0009,ETH-USD,BUY,1921.72,53,53,0,2026-01-01T00:45:37Z
order_00003020,batch_0004,trader_0009,ETH-USD,BUY,1921.72,970,970,0,2026-01-01T00:50:19Z
order_00002223,batch_0004,trader_0014,ETH-USD,BUY,1921.58,793,793,0,2026-01-01T00:37:02Z
order_00002247,batch_0004,trader_0016,ETH-USD,BUY,1921.3,384,384,0,2026-01-01T00:37:26Z
order_00003922,batch_0004,trader_0007,ETH-USD,BUY,1921.18,990,990,0,2026-01-01T01:05:21Z
order_00002626,batch_0004,trader_0020,ETH-USD,BUY,1921.08,501,501,0,2026-01-01T00:43:45Z
order_00004163,batch_0004,trader_0009,ETH-USD,BUY,1920.82,123,123,0,2026-01-01T01:09:22Z
order_00001902,batch_0004,trader_0019,ETH-USD,BUY,1920.8,847,847,0,2026-01-01T00:31:41Z
order_00004401,batch_0004,trader_0024,ETH-USD,BUY,1920.23,522,522,0,2026-01-01T01:13:20Z
order_00005952,batch_0004,trader_0019,ETH-USD,BUY,1920.11,595,595,0,2026-01-01T01:39:11Z
order_00004015,batch_0004,trader_0013,ETH-USD,BUY,1920.04,640,640,0,2026-01-01T01:06:54Z
order_00003655,batch_0004,trader_0020,ETH-USD,BUY,1920.02,702,702,0,2026-01-01T01:00:54Z
order_00003976,batch_0004,trader_0002,ETH-USD,BUY,1919.94,825,825,0,2026-01-01T01:06:15Z
order_00004516,batch_0004,trader_0001,ETH-USD,BUY,1919.93,757,757,0,2026-01-01T01:15:15Z
order_00005120,batch_0004,trader_0013,ETH-USD,BUY,1919.82,88,88,0,2026-01-01T01:25:19Z
order_00001611,batch_0004,trader_0024,ETH-USD,BUY,1919.74,534,534,0,2026-01-01T00:26:50Z
order_00004407,batch_0004,trader_0008,ETH-USD,BUY,1919.63,340,340,0,2026-01-01T01:13:26Z
order_00002275,batch_0004,trader_0004,ETH-USD,BUY,1919.21,60,60,0,2026-01-01T00:37:54Z
order_00006328,batch_0004,trader_0003,ETH-USD,BUY,1918.6,453,453,0,2026-01-01T01:45:27Z
order_00003772,batch_0004,trader_0012,ETH-USD,BUY,1918.29,730,730,0,2026-01-01T01:02:51Z
order_00001877,batch_0004,trader_0010,ETH-USD,BUY,1918.22,723,723,0,2026-01-01T00:31:16Z
order_00004757,batch_0004,trader_0018,ETH-USD,BUY,1918.22,535,535,0,2026-01-01T01:19:16Z
order_00003088,batch_0004,trader_0015,ETH-USD,BUY,1917.89,819,819,0,2026-01-01T00:51:27Z
order_00003255,batch_0004,trader_0001,ETH-USD,BUY,1917.63,997,997,0,2026-01-01T00:54:14Z
order_00002700,batch_0004,trader_0007,ETH-USD,BUY,1917.42,495,495,0,2026-01-01T00:44:59Z
order_00005235,batch_0004,trader_0021,ETH-USD,BUY,1917.39,681,681,0,2026-01-01T01:27:14Z
order_00005188,batch_0004,trader_0013,ETH-USD,BUY,1917.33,49,49,0,2026-01-01T01:26:27Z
order_00003611,batch_0004,trader_0013,ETH-USD,BUY,1916.93,623,623,0,2026-01-01T01:00:10Z
order_00004857,batch_0004,trader_0005,ETH-USD,BUY,1916.75,993,993,0,2026-01-01T01:20:56Z
order_00004426,batch_0004,trader_0017,ETH-USD,BUY,1916.57,608,608,0,2026-01-01T01:13:45Z
order_00002590,batch_0004,trader_0004,ETH-USD,BUY,1916.39,119,119,0,2026-01-01T00:43:09Z
order_00003256,batch_0004,trader_0005,ETH-USD,BUY,1916.35,46,46,0,2026-01-01T00:54:15Z
order_00001956,batch_0004,trader_0014,ETH-USD,BUY,1916.24,418,418,0,2026-01-01T00:32:35Z
order_00001901,batch_0004,trader_0016,ETH-USD,BUY,1915.79,391,391,0,2026-01-01T00:31:40Z
order_00003131,batch_0004,trader_0004,ETH-USD,BUY,1915.78,297,297,0,2026-01-01T00:52:10Z
order_00005282,batch_0004,trader_0011,ETH-USD,BUY,1915.75,567,567,0,2026-01-01T01:28:01Z
order_00005953,batch_0004,trader_0020,ETH-USD,BUY,1915.75,267,267,0,2026-01-01T01:39:12Z
order_00005423,batch_0004,trader_0019,ETH-USD,BUY,1915.59,869,869,0,2026-01-01T01:30:22Z
order_00004483,batch_0004,trader_0018,ETH-USD,BUY,1915.51,955,955,0,2026-01-01T01:14:42Z
order_00001853,batch_0004,trader_0003,ETH-USD,BUY,1915.35,184,184,0,2026-01-01T00:30:52Z
order_00005405,batch_0004,trader_0022,ETH-USD,BUY,1915.14,403,403,0,2026-01-01T01:30:04Z
order_00003549,batch_0004,trader_0023,ETH-USD,BUY,1915.13,627,627,0,2026-01-01T00:59:08Z
order_00006193,batch_0004,trader_0013,ETH-USD,BUY,1914.75,19,19,0,2026-01-01T01:43:12Z
order_00005248,batch_0004,trader_0003,ETH-USD,BUY,1914.64,518,518,0,2026-01-01T01:27:27Z
order_00001632,batch_0004,trader_0018,ETH-USD,BUY,1914.63,198,198,0,2026-01-01T00:27:11Z
order_00004414,batch_0004,trader_0020,ETH-USD,BUY,1914.59,241,241,0,2026-01-01T01:13:33Z
order_00003945,batch_0004,trader_0019,ETH-USD,BUY,1914.58,550,550,0,2026-01-01T01:05:44Z
order_00004143,batch_0004,trader_0001,ETH-USD,BUY,1914.15,667,667,0,2026-01-01T01:09:02Z
order_00004155,batch_0004,trader_0022,ETH-USD,BUY,1914.14,612,612,0,2026-01-01T01:09:14Z
order_00005228,batch_0004,trader_0015,ETH-USD,BUY,1914.08,377,377,0,2026-01-01T01:27:07Z
order_00005682,batch_0004,trader_0019,ETH-USD,BUY,1914.04,462,462,0,2026-01-01T01:34:41Z
order_00002715,batch_0004,trader_0005,ETH-USD,BUY,1913.96,195,195,0,2026-01-01T00:45:14Z
order_00003300,batch_0004,trader_0004,ETH-USD,BUY,1913.92,356,356,0,2026-01-01T00:54:59Z
order_00001890,batch_0004,trader_0012,ETH-USD,BUY,1913.86,13,13,0,2026-01-01T00:31:29Z
order_00004427,batch_0004,trader_0003,ETH-USD,BUY,1913.78,628,628,0,2026-01-01T01:13:46Z
order_00004936,batch_0004,trader_0010,ETH-USD,BUY,1913.56,103,103,0,2026-01-01T01:22:15Z
order_00004712,batch_0004,trader_0020,ETH-USD,BUY,1913.46,747,747,0,2026-01-01T01:18:31Z
order_00002518,batch_0004,trader_0018,ETH-USD,BUY,1913.29,465,465,0,2026-01-01T00:41:57Z
order_00002096,batch_0004,trader_0009,ETH-USD,BUY,1913.17,441,441,0,2026-01-01T00:34:55Z
order_00001652,batch_0004,trader_0012,ETH-USD,BUY,1912.9,175,175,0,2026-01-01T00:27:31Z
order_00006484,batch_0004,trader_0004,ETH-USD,BUY,1912.39,410,410,0,2026-01-01T01:48:03Z
order_00001614,batch_0004,trader_0001,ETH-USD,BUY,1912.18,153,153,0,2026-01-01T00:26:53Z
order_00004799,batch_0004,trader_0001,ETH-USD,BUY,1911.92,653,653,0,2026-01-01T01:19:58Z
order_00004337,batch_0004,trader_0006,ETH-USD,BUY,1911.41,447,447,0,2026-01-01T01:12:16Z
order_00002481,batch_0004,trader_0020,ETH-USD,BUY,1911.38,835,835,0,2026-01-01T00:41:20Z
order_00003299,batch_0004,trader_0020,ETH-USD,BUY,1911.3,532,532,0,2026-01-01T00:54:58Z
order_00005037,batch_0004,trader_0006,ETH-USD,BUY,1911.17,507,507,0,2026-01-01T01:23:56Z
order_00001706,batch_0004,trader_0005,ETH-USD,BUY,1911.14,803,803,0,2026-01-01T00:28:25Z
order_00002314,batch_0004,trader_0017,ETH-USD,BUY,1910.94,891,891,0,2026-01-01T00:38:33Z
order_00001741,batch_0004,trader_0002,ETH-USD,BUY,1910.91,76,76,0,2026-01-01T00:29:00Z
order_00004597,batch_0004,trader_0006,ETH-USD,BUY,1910.83,706,706,0,2026-01-01T01:16:36Z
order_00005624,batch_0004,trader_0016,ETH-USD,BUY,1910.74,749,749,0,2026-01-01T01:33:43Z
order_00004550,batch_0004,trader_0004,ETH-USD,BUY,1910.62,224,224,0,2026-01-01T01:15:49Z
order_00003794,batch_0004,trader_0013,ETH-USD,BUY,1910.49,972,972,0,2026-01-01T01:03:13Z
order_00003048,batch_0004,trader_0020,ETH-USD,BUY,1910.37,609,609,0,2026-01-01T00:50:47Z
order_00004387,batch_0004,trader_0008,ETH-USD,BUY,1910.3,394,394,0,2026-01-01T01:13:06Z
order_00003052,batch_0004,trader_0020,ETH-USD,BUY,1910.18,104,104,0,2026-01-01T00:50:51Z
order_00003431,batch_0004,trader_0016,ETH-USD,BUY,1909.98,663,663,0,2026-01-01T00:57:10Z
order_00006454,batch_0004,trader_0017,ETH-USD,BUY,1909.97,444,444,0,2026-01-01T01:47:33Z
order_00002053,batch_0004,trader_0003,ETH-USD,BUY,1909.61,35,35,0,2026-01-01T00:34:12Z
order_00002006,batch_0004,trader_0019,ETH-USD,BUY,1909.35,345,345,0,2026-01-01T00:33:25Z
order_00005370,batch_0004,trader_0018,ETH-USD,BUY,1909.2,883,883,0,2026-01-01T01:29:29Z
order_00004786,batch_0004,trader_0002,ETH-USD,BUY,1908.76,522,522,0,2026-01-01T01:19:45Z
order_00005629,batch_0004,trader_0019,ETH-USD,BUY,1908.65,439,439,0,2026-01-01T01:33:48Z
order_00002764,batch_0004,trader_0006,ETH-USD,BUY,1908.6,622,622,0,2026-01-01T00:46:03Z
order_00005939,batch_0004,trader_0021,ETH-USD,BUY,1908.28,791,791,0,2026-01-01T01:38:58Z
order_00003483,batch_0004,trader_0019,ETH-USD,BUY,1907.74,793,793,0,2026-01-01T00:58:02Z
order_00005948,batch_0004,trader_0008,ETH-USD,BUY,1907.7,315,315,0,2026-01-01T01:39:07Z
order_00006370,batch_0004,trader_0003,ETH-USD,BUY,1907.46,408,408,0,2026-01-01T01:46:09Z
order_00006517,batch_0004,trader_0003,ETH-USD,BUY,1907.17,967,967,0,2026-01-01T01:48:36Z
order_00002795,batch_0004,trader_0021,ETH-USD,BUY,1907.06,86,86,0,2026-01-01T00:46:34Z
order_00004250,batch_0004,trader_0017,ETH-USD,BUY,1906.36,682,682,0,2026-01-01T01:10:49Z
order_00003632,batch_0004,trader_0009,ETH-USD,BUY,1906.31,624,624,0,2026-01-01T01:00:31Z
order_00006089,batch_0004,trader_0023,ETH-USD,BUY,1906.01,15,15,0,2026-01-01T01:41:28Z
order_00003462,batch_0004,trader_0016,ETH-USD,BUY,1905.82,451,451,0,2026-01-01T00:57:41Z
order_00006195,batch_0004,trader_0014,ETH-USD,BUY,1905.8,57,57,0,2026-01-01T01:43:14Z
order_00004531,batch_0004,trader_0019,ETH-USD,BUY,1905.71,110,110,0,2026-01-01T01:15:30Z
order_00004807,batch_0004,trader_0013,ETH-USD,BUY,1905.42,797,797,0,2026-01-01T01:20:06Z
order_00004023,batch_0004,trader_0014,ETH-USD,BUY,1905.25,314,314,0,2026-01-01T01:07:02Z
order_00003407,batch_0004,trader_0004,ETH-USD,BUY,1905.18,183,183,0,2026-01-01T00:56:46Z
order_00004241,batch_0004,trader_0022,ETH-USD,BUY,1905.11,90,90,0,2026-01-01T01:10:40Z
order_00005994,batch_0004,trader_0011,ETH-USD,BUY,1905.08,989,989,0,2026-01-01T01:39:53Z
order_00005340,batch_0004,trader_0015,ETH-USD,BUY,1904.73,706,706,0,2026-01-01T01:28:59Z
order_00001976,batch_0004,trader_0011,ETH-USD,BUY,1904.67,517,517,0,2026-01-01T00:32:55Z
order_00004887,batch_0004,trader_0022,ETH-USD,BUY,1904.29,169,169,0,2026-01-01T01:21:26Z
order_00002656,batch_0004,trader_0021,ETH-USD,BUY,1904.27,262,262,0,2026-01-01T00:44:15Z
order_00002091,batch_0004,trader_0017,ETH-USD,BUY,1904.12,184,184,0,2026-01-01T00:34:50Z
order_00004428,batch_0004,trader_0021,ETH-USD,BUY,1903.99,873,873,0,2026-01-01T01:13:47Z
order_00005184,batch_0004,trader_0012,ETH-USD,BUY,1903.96,594,594,0,2026-01-01T01:26:23Z
order_00003302,batch_0004,trader_0020,ETH-USD,BUY,1903.77,940,940,0,2026-01-01T00:55:01Z
order_00003704,batch_0004,trader_0008,ETH-USD,BUY,1903.54,155,155,0,2026-01-01T01:01:43Z
order_00006135,batch_0004,trader_0017,ETH-USD,BUY,1903.53,468,468,0,2026-01-01T01:42:14Z
order_00002645,batch_0004,trader_0025,ETH-USD,BUY,1902.7,576,576,0,2026-01-01T00:44:04Z
order_00002085,batch_0004,trader_0004,ETH-USD,BUY,1902.49,612,612,0,2026-01-01T00:34:44Z
order_00004390,batch_0004,trader_0007,ETH-USD,BUY,1902.06,582,582,0,2026-01-01T01:13:09Z
order_00005430,batch_0004,trader_0019,ETH-USD,BUY,1901.91,551,551,0,2026-01-01T01:30:29Z
order_00004195,batch_0004,trader_0018,ETH-USD,BUY,1901.89,5,5,0,2026-01-01T01:09:54Z
order_00006108,batch_0004,trader_0023,ETH-USD,BUY,1901.55,844,844,0,2026-01-01T01:41:47Z
order_00003377,batch_0004,trader_0010,ETH-USD,BUY,1900.81,506,506,0,2026-01-01T00:56:16Z
order_00005625,batch_0004,trader_0003,ETH-USD,BUY,1900.57,327,327,0,2026-01-01T01:33:44Z
order_00002010,batch_0004,trader_0017,ETH-USD,BUY,1900.51,412,412,0,2026-01-01T00:33:29Z
order_00003955,batch_0004,trader_0006,ETH-USD,BUY,1900.32,974,974,0,2026-01-01T01:05:54Z
order_00001969,batch_0004,trader_0016,ETH-USD,BUY,1900.28,126,126,0,2026-01-01T00:32:48Z
order_00003422,batch_0004,trader_0004,ETH-USD,BUY,1900.22,808,808,0,2026-01-01T00:57:01Z
order_00005935,batch_0004,trader_0005,ETH-USD,BUY,1899.65,759,759,0,2026-01-01T01:38:54Z
order_00004231,batch_0004,trader_0013,ETH-USD,BUY,1899.62,498,498,0,2026-01-01T01:10:30Z
order_00003646,batch_0004,trader_0009,ETH-USD,BUY,1899.61,545,545,0,2026-01-01T01:00:45Z
order_00005676,batch_0004,trader_0011,ETH-USD,BUY,1899.21,446,446,0,2026-01-01T01:34:35Z
order_00003629,batch_0004,trader_0009,ETH-USD,BUY,1899.19,536,536,0,2026-01-01T01:00:28Z
order_00006404,batch_0004,trader_0006,ETH-USD,BUY,1898.91,198,198,0,2026-01-01T01:46:43Z
order_00004981,batch_0004,trader_0020,ETH-USD,BUY,1898.6,340,340,0,2026-01-01T01:23:00Z
order_00003849,batch_0004,trader_0005,ETH-USD,BUY,1898.36,42,42,0,2026-01-01T01:04:08Z
order_00002266,batch_0004,trader_0023,ETH-USD,BUY,1898.11,211,211,0,2026-01-01T00:37:45Z
order_00002790,batch_0004,trader_0021,ETH-USD,BUY,1898.1,437,437,0,2026-01-01T00:46:29Z
order_00002959,batch_0004,trader_0025,ETH-USD,BUY,1898.1,861,861,0,2026-01-01T00:49:18Z
order_00002838,batch_0004,trader_0001,ETH-USD,BUY,1898.02,81,81,0,2026-01-01T00:47:17Z
order_00002509,batch_0004,trader_0006,ETH-USD,BUY,1897.97,203,203,0,2026-01-01T00:41:48Z
order_00006112,batch_0004,trader_0002,ETH-USD,BUY,1897.95,314,314,0,2026-01-01T01:41:51Z
order_00003492,batch_0004,trader_0022,ETH-USD,BUY,1897.89,742,742,0,2026-01-01T00:58:11Z
order_00006405,batch_0004,trader_0003,ETH-USD,BUY,1897.87,172,172,0,2026-01-01T01:46:44Z
order_00004971,batch_0004,trader_0019,ETH-USD,BUY,1897.81,988,988,0,2026-01-01T01:22:50Z
order_00005663,batch_0004,trader_0011,ETH-USD,BUY,1897.71,417,417,0,2026-01-01T01:34:22Z
order_00001992,batch_0004,trader_0008,ETH-USD,BUY,1897.69,678,678,0,2026-01-01T00:33:11Z
order_00005414,batch_0004,trader_0012,ETH-USD,BUY,1897.45,769,769,0,2026-01-01T01:30:13Z
order_00005197,batch_0004,trader_0012,ETH-USD,BUY,1897.01,134,134,0,2026-01-01T01:26:36Z
order_00005887,batch_0004,trader_0015,ETH-USD,BUY,1897.01,474,474,0,2026-01-01T01:38:06Z
order_00005613,batch_0004,trader_0021,ETH-USD,BUY,1896.9,399,399,0,2026-01-01T01:33:32Z
order_00003175,batch_0004,trader_0017,ETH-USD,BUY,1896.56,590,590,0,2026-01-01T00:52:54Z
order_00004585,batch_0004,trader_0011,ETH-USD,BUY,1896.47,778,778,0,2026-01-01T01:16:24Z
order_00004785,batch_0004,trader_0025,ETH-USD,BUY,1896.24,153,153,0,2026-01-01T01:19:44Z
order_00002685,batch_0004,trader_0003,ETH-USD,BUY,1896.01,748,748,0,2026-01-01T00:44:44Z
order_00003907,batch_0004,trader_0016,ETH-USD,BUY,1895.78,145,145,0,2026-01-01T01:05:06Z
order_00006174,batch_0004,trader_0014,ETH-USD,BUY,1895.67,781,781,0,2026-01-01T01:42:53Z
order_00001829,batch_0004,trader_0003,ETH-USD,BUY,1895.62,303,303,0,2026-01-01T00:30:28Z
order_00001656,batch_0004,trader_0008,ETH-USD,BUY,1895.43,424,424,0,2026-01-01T00:27:35Z
order_00001765,batch_0004,trader_0013,ETH-USD,BUY,1895.39,608,608,0,2026-01-01T00:29:24Z
order_00005268,batch_0004,trader_0004,ETH-USD,BUY,1895.31,242,242,0,2026-01-01T01:27:47Z
order_00003761,batch_0004,trader_0013,ETH-USD,BUY,1895.13,814,814,0,2026-01-01T01:02:40Z
order_00004743,batch_0004,trader_0022,ETH-USD,BUY,1894.97,306,306,0,2026-01-01T01:19:02Z
order_00001808,batch_0004,trader_0014,ETH-USD,BUY,1894.85,101,101,0,2026-01-01T00:30:07Z
order_00006057,batch_0004,trader_0025,ETH-USD,BUY,1894.85,724,724,0,2026-01-01T01:40:56Z
order_00004037,batch_0004,trader_0003,ETH-USD,BUY,1894.78,821,821,0,2026-01-01T01:07:16Z
order_00004823,batch_0004,trader_0007,ETH-USD,BUY,1894.6,55,55,0,2026-01-01T01:20:22Z
order_00002048,batch_0004,trader_0015,ETH-USD,BUY,1894.55,888,888,0,2026-01-01T00:34:07Z
order_00004969,batch_0004,trader_0018,ETH-USD,BUY,1894.51,311,311,0,2026-01-01T01:22:48Z
order_00004996,batch_0004,trader_0013,ETH-USD,BUY,1894.51,310,310,0,2026-01-01T01:23:15Z
order_00001710,batch_0004,trader_0006,ETH-USD,BUY,1894.48,718,718,0,2026-01-01T00:28:29Z
order_00001805,batch_0004,trader_0015,ETH-USD,BUY,1894.12,917,917,0,2026-01-01T00:30:04Z
order_00004916,batch_0004,trader_0017,ETH-USD,BUY,1894.0,133,133,0,2026-01-01T01:21:55Z
order_00005672,batch_0004,trader_0003,ETH-USD,BUY,1893.91,307,307,0,2026-01-01T01:34:31Z
order_00003327,batch_0004,trader_0012,ETH-USD,BUY,1893.89,598,598,0,2026-01-01T00:55:26Z
order_00006518,batch_0004,trader_0025,ETH-USD,BUY,1893.78,286,286,0,2026-01-01T01:48:37Z
order_00004745,batch_0004,trader_0012,ETH-USD,BUY,1893.5,218,218,0,2026-01-01T01:19:04Z
order_00002570,batch_0004,trader_0016,ETH-USD,BUY,1893.42,455,455,0,2026-01-01T00:42:49Z
order_00001771,batch_0004,trader_0003,ETH-USD,BUY,1893.19,594,594,0,2026-01-01T00:29:30Z
order_00001859,batch_0004,trader_0017,ETH-USD,BUY,1892.93,822,822,0,2026-01-01T00:30:58Z
order_00006428,batch_0004,trader_0013,ETH-USD,BUY,1892.85,382,382,0,2026-01-01T01:47:07Z
order_00002784,batch_0004,trader_0024,ETH-USD,BUY,1892.69,457,457,0,2026-01-01T00:46:23Z
order_00005954,batch_0004,trader_0017,ETH-USD,BUY,1892.55,342,342,0,2026-01-01T01:39:13Z
order_00003171,batch_0004,trader_0020,ETH-USD,BUY,1892.23,511,511,0,2026-01-01T00:52:50Z
order_00003197,batch_0004,trader_0024,ETH-USD,BUY,1890.85,11,11,0,2026-01-01T00:53:16Z
order_00001864,batch_0004,trader_0012,ETH-USD,BUY,1890.71,267,267,0,2026-01-01T00:31:03Z
order_00003888,batch_0004,trader_0021,ETH-USD,BUY,1890.66,206,206,0,2026-01-01T01:04:47Z
order_00004718,batch_0004,trader_0013,ETH-USD,BUY,1890.34,300,300,0,2026-01-01T01:18:37Z
order_00003160,batch_0004,trader_0024,ETH-USD,BUY,1890.2,293,293,0,2026-01-01T00:52:39Z
order_00006238,batch_0004,trader_0022,ETH-USD,BUY,1890.14,315,315,0,2026-01-01T01:43:57Z
order_00003188,batch_0004,trader_0012,ETH-USD,BUY,1890.1,520,520,0,2026-01-01T00:53:07Z
order_00002807,batch_0004,trader_0010,ETH-USD,BUY,1889.81,113,113,0,2026-01-01T00:46:46Z
order_00003219,batch_0004,trader_0013,ETH-USD,BUY,1889.78,46,46,0,2026-01-01T00:53:38Z
order_00002803,batch_0004,trader_0008,ETH-USD,BUY,1889.73,935,935,0,2026-01-01T00:46:42Z
order_00002185,batch_0004,trader_0009,ETH-USD,BUY,1889.64,576,576,0,2026-01-01T00:36:24Z
order_00004100,batch_0004,trader_0001,ETH-USD,BUY,1889.33,253,253,0,2026-01-01T01:08:19Z
order_00001822,batch_0004,trader_0019,ETH-USD,BUY,1888.96,594,594,0,2026-01-01T00:30:21Z
order_00003776,batch_0004,trader_0001,ETH-USD,BUY,1888.74,697,697,0,2026-01-01T01:02:55Z
order_00003343,batch_0004,trader_0006,ETH-USD,BUY,1888.52,420,420,0,2026-01-01T00:55:42Z
order_00002311,batch_0004,trader_0016,ETH-USD,BUY,1888.46,736,736,0,2026-01-01T00:38:30Z
order_00001924,batch_0004,trader_0007,ETH-USD,BUY,1888.45,516,516,0,2026-01-01T00:32:03Z
order_00004634,batch_0004,trader_0021,ETH-USD,BUY,1888.2,809,809,0,2026-01-01T01:17:13Z
order_00001882,batch_0004,trader_0012,ETH-USD,BUY,1888.15,862,862,0,2026-01-01T00:31:21Z
order_00005553,batch_0004,trader_0025,ETH-USD,BUY,1888.0,423,423,0,2026-01-01T01:32:32Z
order_00005439,batch_0004,trader_0005,ETH-USD,BUY,1887.98,455,455,0,2026-01-01T01:30:38Z
order_00001816,batch_0004,trader_0010,ETH-USD,BUY,1887.94,352,352,0,2026-01-01T00:30:15Z
order_00004331,batch_0004,trader_0019,ETH-USD,BUY,1887.65,173,173,0,2026-01-01T01:12:10Z
order_00003036,batch_0004,trader_0012,ETH-USD,BUY,1887.51,134,134,0,2026-01-01T00:50:35Z
order_00005687,batch_0004,trader_0019,ETH-USD,BUY,1887.41,958,958,0,2026-01-01T01:34:46Z
order_00004591,batch_0004,trader_0004,ETH-USD,BUY,1887.39,220,220,0,2026-01-01T01:16:30Z
order_00002765,batch_0004,trader_0023,ETH-USD,BUY,1887.12,586,586,0,2026-01-01T00:46:04Z
order_00005822,batch_0004,trader_0022,ETH-USD,BUY,1887.08,133,133,0,2026-01-01T01:37:01Z
order_00003713,batch_0004,trader_0012,ETH-USD,BUY,1886.89,942,942,0,2026-01-01T01:01:52Z
order_00005742,batch_0004,trader_0023,ETH-USD,BUY,1886.71,30,30,0,2026-01-01T01:35:41Z
order_00004693,batch_0004,trader_0025,ETH-USD,BUY,1886.45,939,939,0,2026-01-01T01:18:12Z
order_00003852,batch_0004,trader_0001,ETH-USD,BUY,1886.39,832,832,0,2026-01-01T01:04:11Z
order_00004160,batch_0004,trader_0007,ETH-USD,BUY,1886.12,377,377,0,2026-01-01T01:09:19Z
order_00002993,batch_0004,trader_0012,ETH-USD,BUY,1886.07,75,75,0,2026-01-01T00:49:52Z
order_00003685,batch_0004,trader_0011,ETH-USD,BUY,1885.93,906,906,0,2026-01-01T01:01:24Z
order_00006067,batch_0004,trader_0010,ETH-USD,BUY,1885.78,240,240,0,2026-01-01T01:41:06Z
order_00005552,batch_0004,trader_0002,ETH-USD,BUY,1885.4,317,317,0,2026-01-01T01:32:31Z
order_00002480,batch_0004,trader_0008,ETH-USD,BUY,1885.11,399,399,0,2026-01-01T00:41:19Z
order_00003044,batch_0004,trader_0013,ETH-USD,BUY,1884.83,442,442,0,2026-01-01T00:50:43Z
order_00001769,batch_0004,trader_0021,ETH-USD,BUY,1884.67,122,122,0,2026-01-01T00:29:28Z
order_00001679,batch_0004,trader_0006,ETH-USD,BUY,1884.49,559,559,0,2026-01-01T00:27:58Z
order_00003505,batch_0004,trader_0014,ETH-USD,BUY,1884.49,46,46,0,2026-01-01T00:58:24Z
order_00002606,batch_0004,trader_0024,ETH-USD,BUY,1884.25,734,734,0,2026-01-01T00:43:25Z
order_00004991,batch_0004,trader_0024,ETH-USD,BUY,1884.23,701,701,0,2026-01-01T01:23:10Z
order_00001933,batch_0004,trader_0003,ETH-USD,BUY,1883.94,129,129,0,2026-01-01T00:32:12Z
order_00005604,batch_0004,trader_0007,ETH-USD,BUY,1883.93,149,149,0,2026-01-01T01:33:23Z
order_00002618,batch_0004,trader_0024,ETH-USD,BUY,1883.91,149,149,0,2026-01-01T00:43:37Z
order_00005559,batch_0004,trader_0022,ETH-USD,BUY,1883.65,161,161,0,2026-01-01T01:32:38Z
order_00004136,batch_0004,trader_0019,ETH-USD,BUY,1883.53,37,37,0,2026-01-01T01:08:55Z
order_00006376,batch_0004,trader_0014,ETH-USD,BUY,1883.47,204,204,0,2026-01-01T01:46:15Z
order_00002123,batch_0004,trader_0013,ETH-USD,BUY,1883.29,873,873,0,2026-01-01T00:35:22Z
order_00002641,batch_0004,trader_0022,ETH-USD,BUY,1882.99,772,772,0,2026-01-01T00:44:00Z
order_00003620,batch_0004,trader_0005,ETH-USD,BUY,1882.57,317,317,0,2026-01-01T01:00:19Z
order_00003982,batch_0004,trader_0007,ETH-USD,BUY,1882.37,543,543,0,2026-01-01T01:06:21Z
order_00005804,batch_0004,trader_0004,ETH-USD,BUY,1881.91,200,200,0,2026-01-01T01:36:43Z
order_00005710,batch_0004,trader_0006,ETH-USD,BUY,1881.88,907,907,0,2026-01-01T01:35:09Z
order_00005069,batch_0004,trader_0018,ETH-USD,BUY,1881.82,31,31,0,2026-01-01T01:24:28Z
order_00002495,batch_0004,trader_0002,ETH-USD,BUY,1881.75,385,385,0,2026-01-01T00:41:34Z
order_00001855,batch_0004,trader_0021,ETH-USD,BUY,1881.7,896,896,0,2026-01-01T00:30:54Z
order_00005874,batch_0004,trader_0020,ETH-USD,BUY,1881.66,459,459,0,2026-01-01T01:37:53Z
order_00004561,batch_0004,trader_0004,ETH-USD,BUY,1881.54,297,297,0,2026-01-01T01:16:00Z
order_00002953,batch_0004,trader_0003,ETH-USD,BUY,1881.51,331,331,0,2026-01-01T00:49:12Z
order_00002106,batch_0004,trader_0010,ETH-USD,BUY,1881.49,96,96,0,2026-01-01T00:35:05Z
order_00006591,batch_0004,trader_0017,ETH-USD,BUY,1881.43,50,50,0,2026-01-01T01:49:50Z
order_00003211,batch_0004,trader_0005,ETH-USD,BUY,1881.42,81,81,0,2026-01-01T00:53:30Z
order_00002076,batch_0004,trader_0009,ETH-USD,BUY,1881.26,731,731,0,2026-01-01T00:34:35Z
order_00003364,batch_0004,trader_0009,ETH-USD,BUY,1881.07,470,470,0,2026-01-01T00:56:03Z
order_00005526,batch_0004,trader_0002,ETH-USD,BUY,1880.92,973,973,0,2026-01-01T01:32:05Z
order_00002753,batch_0004,trader_0024,ETH-USD,BUY,1880.8,780,780,0,2026-01-01T00:45:52Z
order_00001975,batch_0004,trader_0022,ETH-USD,BUY,1880.77,478,478,0,2026-01-01T00:32:54Z
order_00005637,batch_0004,trader_0008,ETH-USD,BUY,1880.71,964,964,0,2026-01-01T01:33:56Z
order_00001602,batch_0004,trader_0010,ETH-USD,BUY,1880.47,656,656,0,2026-01-01T00:26:41Z
order_00001744,batch_0004,trader_0013,ETH-USD,BUY,1880.27,951,951,0,2026-01-01T00:29:03Z
order_00003490,batch_0004,trader_0006,ETH-USD,BUY,1880.16,152,152,0,2026-01-01T00:58:09Z
order_00002061,batch_0004,trader_0010,ETH-USD,BUY,1880.03,411,411,0,2026-01-01T00:34:20Z
order_00006494,batch_0004,trader_0004,ETH-USD,BUY,1880.02,962,962,0,2026-01-01T01:48:13Z
order_00005832,batch_0004,trader_0024,ETH-USD,BUY,1879.66,716,716,0,2026-01-01T01:37:11Z
order_00004699,batch_0004,trader_0019,ETH-USD,BUY,1879.45,1000,1000,0,2026-01-01T01:18:18Z
order_00003349,batch_0004,trader_0006,ETH-USD,BUY,1879.38,549,549,0,2026-01-01T00:55:48Z
order_00003914,batch_0004,trader_0021,ETH-USD,BUY,1879.22,782,782,0,2026-01-01T01:05:13Z
order_00004700,batch_0004,trader_0007,ETH-USD,BUY,1879.2,696,696,0,2026-01-01T01:18:19Z
order_00005733,batch_0004,trader_0014,ETH-USD,BUY,1878.91,225,225,0,2026-01-01T01:35:32Z
order_00005486,batch_0004,trader_0022,ETH-USD,BUY,1878.82,406,406,0,2026-01-01T01:31:25Z
order_00006496,batch_0004,trader_0006,ETH-USD,BUY,1878.65,767,767,0,2026-01-01T01:48:15Z
order_00006098,batch_0004,trader_0018,ETH-USD,BUY,1878.64,370,370,0,2026-01-01T01:41:37Z
order_00005961,batch_0004,trader_0010,ETH-USD,BUY,1878.52,487,487,0,2026-01-01T01:39:20Z
order_00004871,batch_0004,trader_0024,ETH-USD,BUY,1878.46,591,591,0,2026-01-01T01:21:10Z
order_00004881,batch_0004,trader_0012,ETH-USD,BUY,1878.44,404,404,0,2026-01-01T01:21:20Z
order_00004720,batch_0004,trader_0024,ETH-USD,BUY,1877.88,418,418,0,2026-01-01T01:18:39Z
order_00002315,batch_0004,trader_0024,ETH-USD,BUY,1877.51,566,566,0,2026-01-01T00:38:34Z
order_00004389,batch_0004,trader_0005,ETH-USD,BUY,1877.47,583,583,0,2026-01-01T01:13:08Z
order_00005230,batch_0004,trader_0023,ETH-USD,BUY,1877.42,968,968,0,2026-01-01T01:27:09Z
order_00004375,batch_0004,trader_0017,ETH-USD,BUY,1877.39,340,340,0,2026-01-01T01:12:54Z
order_00004046,batch_0004,trader_0007,ETH-USD,BUY,1877.06,543,543,0,2026-01-01T01:07:25Z
order_00004784,batch_0004,trader_0009,ETH-USD,BUY,1876.82,864,864,0,2026-01-01T01:19:43Z
order_00002754,batch_0004,trader_0018,ETH-USD,BUY,1876.68,131,131,0,2026-01-01T00:45:53Z
order_00003017,batch_0004,trader_0012,ETH-USD,BUY,1876.46,91,91,0,2026-01-01T00:50:16Z
order_00005588,batch_0004,trader_0017,ETH-USD,BUY,1876.04,631,631,0,2026-01-01T01:33:07Z
order_00005853,batch_0004,trader_0022,ETH-USD,BUY,1875.95,77,77,0,2026-01-01T01:37:32Z
order_00003840,batch_0004,trader_0010,ETH-USD,BUY,1875.92,115,115,0,2026-01-01T01:03:59Z
order_00005280,batch_0004,trader_0013,ETH-USD,BUY,1875.74,303,303,0,2026-01-01T01:27:59Z
order_00006172,batch_0004,trader_0009,ETH-USD,BUY,1875.65,19,19,0,2026-01-01T01:42:51Z
order_00005837,batch_0004,trader_0004,ETH-USD,BUY,1875.42,406,406,0,2026-01-01T01:37:16Z
order_00005723,batch_0004,trader_0002,ETH-USD,BUY,1875.33,270,270,0,2026-01-01T01:35:22Z
order_00003038,batch_0004,trader_0009,ETH-USD,BUY,1875.18,410,410,0,2026-01-01T00:50:37Z
order_00005991,batch_0004,trader_0020,ETH-USD,BUY,1875.01,554,554,0,2026-01-01T01:39:50Z
order_00004579,batch_0004,trader_0024,ETH-USD,BUY,1874.95,199,199,0,2026-01-01T01:16:18Z
order_00004683,batch_0004,trader_0007,ETH-USD,BUY,1874.78,700,700,0,2026-01-01T01:18:02Z
order_00004244,batch_0004,trader_0007,ETH-USD,BUY,1874.72,585,585,0,2026-01-01T01:10:43Z
order_00003477,batch_0004,trader_0001,ETH-USD,BUY,1874.46,560,560,0,2026-01-01T00:57:56Z
order_00004207,batch_0004,trader_0025,ETH-USD,BUY,1874.29,213,213,0,2026-01-01T01:10:06Z
order_00003926,batch_0004,trader_0008,ETH-USD,BUY,1874.28,973,973,0,2026-01-01T01:05:25Z
order_00002786,batch_0004,trader_0006,ETH-USD,BUY,1874.01,471,471,0,2026-01-01T00:46:25Z
order_00003491,batch_0004,trader_0007,ETH-USD,BUY,1873.84,83,83,0,2026-01-01T00:58:10Z
order_00005713,batch_0004,trader_0014,ETH-USD,BUY,1873.24,300,300,0,2026-01-01T01:35:12Z
order_00005611,batch_0004,trader_0020,ETH-USD,BUY,1873.22,387,387,0,2026-01-01T01:33:30Z
order_00005380,batch_0004,trader_0001,ETH-USD,BUY,1873.11,579,579,0,2026-01-01T01:29:39Z
order_00002272,batch_0004,trader_0025,ETH-USD,BUY,1873.07,148,148,0,2026-01-01T00:37:51Z
order_00005545,batch_0004,trader_0008,ETH-USD,BUY,1872.69,458,458,0,2026-01-01T01:32:24Z
order_00006116,batch_0004,trader_0019,ETH-USD,BUY,1872.43,351,351,0,2026-01-01T01:41:55Z
order_00002964,batch_0004,trader_0003,ETH-USD,BUY,1872.25,917,917,0,2026-01-01T00:49:23Z
order_00001787,batch_0004,trader_0003,ETH-USD,BUY,1871.77,8,8,0,2026-01-01T00:29:46Z
order_00004344,batch_0004,trader_0004,ETH-USD,BUY,1871.49,802,802,0,2026-01-01T01:12:23Z
order_00003459,batch_0004,trader_0005,ETH-USD,BUY,1871.2,294,294,0,2026-01-01T00:57:38Z
order_00006087,batch_0004,trader_0003,ETH-USD,BUY,1870.98,188,188,0,2026-01-01T01:41:26Z
order_00004912,batch_0004,trader_0013,ETH-USD,BUY,1870.93,363,363,0,2026-01-01T01:21:51Z
order_00004796,batch_0004,trader_0021,ETH-USD,BUY,1870.88,793,793,0,2026-01-01T01:19:55Z
order_00003461,batch_0004,trader_0010,ETH-USD,BUY,1870.84,205,205,0,2026-01-01T00:57:40Z
order_00004036,batch_0004,trader_0003,ETH-USD,BUY,1870.84,77,77,0,2026-01-01T01:07:15Z
order_00002927,batch_0004,trader_0020,ETH-USD,BUY,1870.76,383,383,0,2026-01-01T00:48:46Z
order_00003438,batch_0004,trader_0005,ETH-USD,BUY,1870.76,754,754,0,2026-01-01T00:57:17Z
order_00001980,batch_0004,trader_0022,ETH-USD,BUY,1870.75,34,34,0,2026-01-01T00:32:59Z
order_00003644,batch_0004,trader_0017,ETH-USD,BUY,1870.61,647,647,0,2026-01-01T01:00:43Z
order_00005560,batch_0004,trader_0017,ETH-USD,BUY,1870.49,918,918,0,2026-01-01T01:32:39Z
order_00001663,batch_0004,trader_0013,ETH-USD,BUY,1870.47,456,456,0,2026-01-01T00:27:42Z
order_00002902,batch_0004,trader_0005,ETH-USD,BUY,1870.44,651,651,0,2026-01-01T00:48:21Z
order_00006358,batch_0004,trader_0021,ETH-USD,BUY,1870.43,724,724,0,2026-01-01T01:45:57Z
order_00006365,batch_0004,trader_0004,ETH-USD,BUY,1870.29,384,384,0,2026-01-01T01:46:04Z
order_00002517,batch_0004,trader_0013,ETH-USD,BUY,1870.28,745,745,0,2026-01-01T00:41:56Z
order_00004735,batch_0004,trader_0007,ETH-USD,BUY,1870.2,976,976,0,2026-01-01T01:18:54Z
order_00005772,batch_0004,trader_0016,ETH-USD,BUY,1870.2,177,177,0,2026-01-01T01:36:11Z
order_00001620,batch_0004,trader_0012,ETH-USD,BUY,1870.01,310,310,0,2026-01-01T00:26:59Z
order_00004980,batch_0004,trader_0003,ETH-USD,BUY,1869.73,585,585,0,2026-01-01T01:22:59Z
order_00005094,batch_0004,trader_0011,ETH-USD,BUY,1869.68,851,851,0,2026-01-01T01:24:53Z
order_00003153,batch_0004,trader_0013,ETH-USD,BUY,1869.6,902,902,0,2026-01-01T00:52:32Z
order_00002844,batch_0004,trader_0006,ETH-USD,BUY,1869.43,770,770,0,2026-01-01T00:47:23Z
order_00004906,batch_0004,trader_0020,ETH-USD,BUY,1869.4,747,747,0,2026-01-01T01:21:45Z
order_00005213,batch_0004,trader_0020,ETH-USD,BUY,1869.16,82,82,0,2026-01-01T01:26:52Z
order_00004945,batch_0004,trader_0018,ETH-USD,BUY,1869.15,834,834,0,2026-01-01T01:22:24Z
order_00002433,batch_0004,trader_0014,ETH-USD,BUY,1868.73,12,12,0,2026-01-01T00:40:32Z
order_00006104,batch_0004,trader_0003,ETH-USD,BUY,1868.67,463,463,0,2026-01-01T01:41:43Z
order_00004611,batch_0004,trader_0002,ETH-USD,BUY,1868.55,8,8,0,2026-01-01T01:16:50Z
order_00002199,batch_0004,trader_0009,ETH-USD,BUY,1868.5,518,518,0,2026-01-01T00:36:38Z
order_00004811,batch_0004,trader_0012,ETH-USD,BUY,1868.5,953,953,0,2026-01-01T01:20:10Z
order_00004066,batch_0004,trader_0023,ETH-USD,BUY,1868.22,602,602,0,2026-01-01T01:07:45Z
order_00004659,batch_0004,trader_0019,ETH-USD,BUY,1868.09,842,842,0,2026-01-01T01:17:38Z
order_00006469,batch_0004,trader_0006,ETH-USD,BUY,1867.81,969,969,0,2026-01-01T01:47:48Z
order_00006550,batch_0004,trader_0017,ETH-USD,BUY,1867.66,833,833,0,2026-01-01T01:49:09Z
order_00002289,batch_0004,trader_0002,ETH-USD,BUY,1866.95,996,996,0,2026-01-01T00:38:08Z
order_00003943,batch_0004,trader_0024,ETH-USD,BUY,1866.95,336,336,0,2026-01-01T01:05:42Z
order_00001918,batch_0004,trader_0011,ETH-USD,BUY,1866.85,771,771,0,2026-01-01T00:31:57Z
order_00006533,batch_0004,trader_0004,ETH-USD,BUY,1866.77,713,713,0,2026-01-01T01:48:52Z
order_00004022,batch_0004,trader_0021,ETH-USD,BUY,1866.75,928,928,0,2026-01-01T01:07:01Z
order_00003559,batch_0004,trader_0012,ETH-USD,BUY,1866.69,599,599,0,2026-01-01T00:59:18Z
order_00004338,batch_0004,trader_0003,ETH-USD,BUY,1866.65,320,320,0,2026-01-01T01:12:17Z
order_00004970,batch_0004,trader_0021,ETH-USD,BUY,1866.63,919,919,0,2026-01-01T01:22:49Z
order_00006267,batch_0004,trader_0017,ETH-USD,BUY,1866.59,945,945,0,2026-01-01T01:44:26Z
order_00003579,batch_0004,trader_0021,ETH-USD,BUY,1866.58,256,256,0,2026-01-01T00:59:38Z
order_00005783,batch_0004,trader_0012,ETH-USD,BUY,1866.48,824,824,0,2026-01-01T01:36:22Z
order_00006266,batch_0004,trader_0004,ETH-USD,BUY,1866.26,543,543,0,2026-01-01T01:44:25Z
order_00004952,batch_0004,trader_0016,ETH-USD,BUY,1866.02,546,546,0,2026-01-01T01:22:31Z
order_00002098,batch_0004,trader_0024,ETH-USD,BUY,1865.99,915,915,0,2026-01-01T00:34:57Z
order_00002454,batch_0004,trader_0007,ETH-USD,BUY,1865.94,462,462,0,2026-01-01T00:40:53Z
order_00003484,batch_0004,trader_0006,ETH-USD,BUY,1865.61,30,30,0,2026-01-01T00:58:03Z
order_00002102,batch_0004,trader_0015,ETH-USD,BUY,1865.42,267,267,0,2026-01-01T00:35:01Z
order_00004391,batch_0004,trader_0002,ETH-USD,BUY,1865.36,68,68,0,2026-01-01T01:13:10Z
order_00003712,batch_0004,trader_0009,ETH-USD,BUY,1865.32,311,311,0,2026-01-01T01:01:51Z
order_00005324,batch_0004,trader_0020,ETH-USD,BUY,1865.09,182,182,0,2026-01-01T01:28:43Z
order_00004057,batch_0004,trader_0002,ETH-USD,BUY,1864.51,773,773,0,2026-01-01T01:07:36Z
order_00005113,batch_0004,trader_0004,ETH-USD,BUY,1864.29,142,142,0,2026-01-01T01:25:12Z
order_00004494,batch_0004,trader_0023,ETH-USD,BUY,1864.14,351,351,0,2026-01-01T01:14:53Z
order_00003565,batch_0004,trader_0025,ETH-USD,BUY,1863.65,886,886,0,2026-01-01T00:59:24Z
order_00005494,batch_0004,trader_0024,ETH-USD,BUY,1863.65,968,968,0,2026-01-01T01:31:33Z
order_00002449,batch_0004,trader_0021,ETH-USD,BUY,1863.17,892,892,0,2026-01-01T00:40:48Z
order_00003174,batch_0004,trader_0010,ETH-USD,BUY,1863.15,893,893,0,2026-01-01T00:52:53Z
order_00005711,batch_0004,trader_0022,ETH-USD,BUY,1863.03,418,418,0,2026-01-01T01:35:10Z
order_00004613,batch_0004,trader_0003,ETH-USD,BUY,1863.01,783,783,0,2026-01-01T01:16:52Z
order_00005008,batch_0004,trader_0022,ETH-USD,BUY,1862.96,213,213,0,2026-01-01T01:23:27Z
order_00003989,batch_0004,trader_0013,ETH-USD,BUY,1862.69,912,912,0,2026-01-01T01:06:28Z
order_00005071,batch_0004,trader_0015,ETH-USD,BUY,1862.63,413,413,0,2026-01-01T01:24:30Z
order_00001985,batch_0004,trader_0002,ETH-USD,BUY,1862.52,875,875,0,2026-01-01T00:33:04Z
order_00005473,batch_0004,trader_0009,ETH-USD,BUY,1862.19,969,969,0,2026-01-01T01:31:12Z
order_00006316,batch_0004,trader_0021,ETH-USD,BUY,1861.91,266,266,0,2026-01-01T01:45:15Z
order_00003656,batch_0004,trader_0006,ETH-USD,BUY,1861.84,689,689,0,2026-01-01T01:00:55Z
order_00003610,batch_0004,trader_0023,ETH-USD,BUY,1861.78,302,302,0,2026-01-01T01:00:09Z
order_00001904,batch_0004,trader_0010,ETH-USD,BUY,1861.61,3,3,0,2026-01-01T00:31:43Z
order_00004870,batch_0004,trader_0005,ETH-USD,BUY,1861.57,866,866,0,2026-01-01T01:21:09Z
order_00006564,batch_0004,trader_0023,ETH-USD,BUY,1861.57,576,576,0,2026-01-01T01:49:23Z
order_00002943,batch_0004,trader_0012,ETH-USD,BUY,1861.35,27,27,0,2026-01-01T00:49:02Z
order_00004170,batch_0004,trader_0003,ETH-USD,BUY,1861.32,709,709,0,2026-01-01T01:09:29Z
order_00002727,batch_0004,trader_0017,ETH-USD,BUY,1861.0,633,633,0,2026-01-01T00:45:26Z
order_00003406,batch_0004,trader_0024,ETH-USD,BUY,1860.97,607,607,0,2026-01-01T00:56:45Z
order_00004004,batch_0004,trader_0014,ETH-USD,BUY,1860.81,902,902,0,2026-01-01T01:06:43Z
order_00005573,batch_0004,trader_0022,ETH-USD,BUY,1860.79,943,943,0,2026-01-01T01:32:52Z
order_00005808,batch_0004,trader_0006,ETH-USD,BUY,1860.74,871,871,0,2026-01-01T01:36:47Z
order_00005369,batch_0004,trader_0017,ETH-USD,BUY,1860.55,941,941,0,2026-01-01T01:29:28Z
order_00003397,batch_0004,trader_0003,ETH-USD,BUY,1860.14,184,184,0,2026-01-01T00:56:36Z
order_00003086,batch_0004,trader_0010,ETH-USD,BUY,1860.09,698,698,0,2026-01-01T00:51:25Z
order_00006593,batch_0004,trader_0006,ETH-USD,BUY,1860.09,412,412,0,2026-01-01T01:49:52Z
order_00002022,batch_0004,trader_0001,ETH-USD,BUY,1859.98,117,117,0,2026-01-01T00:33:41Z
order_00004910,batch_0004,trader_0021,ETH-USD,BUY,1859.87,867,867,0,2026-01-01T01:21:49Z
order_00004435,batch_0004,trader_0005,ETH-USD,BUY,1859.49,473,473,0,2026-01-01T01:13:54Z
order_00005698,batch_0004,trader_0020,ETH-USD,BUY,1859.35,66,66,0,2026-01-01T01:34:57Z
order_00003708,batch_0004,trader_0010,ETH-USD,BUY,1859.31,792,792,0,2026-01-01T01:01:47Z
order_00003134,batch_0004,trader_0010,ETH-USD,BUY,1859.27,436,436,0,2026-01-01T00:52:13Z
order_00002770,batch_0004,trader_0009,ETH-USD,BUY,1859.26,655,655,0,2026-01-01T00:46:09Z
order_00004648,batch_0004,trader_0022,ETH-USD,BUY,1859.18,833,833,0,2026-01-01T01:17:27Z
order_00002017,batch_0004,trader_0005,ETH-USD,BUY,1859.1,474,474,0,2026-01-01T00:33:36Z
order_00004553,batch_0004,trader_0021,ETH-USD,BUY,1858.8,148,148,0,2026-01-01T01:15:52Z
order_00003533,batch_0004,trader_0024,ETH-USD,BUY,1858.7,40,40,0,2026-01-01T00:58:52Z
order_00004376,batch_0004,trader_0023,ETH-USD,BUY,1858.38,104,104,0,2026-01-01T01:12:55Z
order_00004256,batch_0004,trader_0025,ETH-USD,BUY,1858.16,523,523,0,2026-01-01T01:10:55Z
order_00002156,batch_0004,trader_0008,ETH-USD,BUY,1858.06,665,665,0,2026-01-01T00:35:55Z
order_00005652,batch_0004,trader_0006,ETH-USD,BUY,1857.89,128,128,0,2026-01-01T01:34:11Z
order_00003741,batch_0004,trader_0014,ETH-USD,BUY,1857.74,893,893,0,2026-01-01T01:02:20Z
order_00004108,batch_0004,trader_0001,ETH-USD,BUY,1857.62,210,210,0,2026-01-01T01:08:27Z
order_00003796,batch_0004,trader_0009,ETH-USD,BUY,1856.96,455,455,0,2026-01-01T01:03:15Z
order_00005140,batch_0004,trader_0012,ETH-USD,BUY,1856.94,396,396,0,2026-01-01T01:25:39Z
order_00002248,batch_0004,trader_0019,ETH-USD,BUY,1856.86,147,147,0,2026-01-01T00:37:27Z
order_00006117,batch_0004,trader_0024,ETH-USD,BUY,1856.77,85,85,0,2026-01-01T01:41:56Z
order_00002653,batch_0004,trader_0007,ETH-USD,BUY,1856.67,193,193,0,2026-01-01T00:44:12Z
order_00004672,batch_0004,trader_0013,ETH-USD,BUY,1856.6,68,68,0,2026-01-01T01:17:51Z
order_00005823,batch_0004,trader_0014,ETH-USD,BUY,1856.36,626,626,0,2026-01-01T01:37:02Z
order_00003108,batch_0004,trader_0010,ETH-USD,BUY,1856.23,774,774,0,2026-01-01T00:51:47Z
order_00004451,batch_0004,trader_0017,ETH-USD,BUY,1856.14,906,906,0,2026-01-01T01:14:10Z
order_00002840,batch_0004,trader_0017,ETH-USD,BUY,1856.04,762,762,0,2026-01-01T00:47:19Z
order_00001764,batch_0004,trader_0007,ETH-USD,BUY,1855.98,195,195,0,2026-01-01T00:29:23Z
order_00004297,batch_0004,trader_0004,ETH-USD,BUY,1855.89,123,123,0,2026-01-01T01:11:36Z
order_00003885,batch_0004,trader_0011,ETH-USD,BUY,1855.4,486,486,0,2026-01-01T01:04:44Z
order_00006339,batch_0004,trader_0020,ETH-USD,BUY,1855.35,709,709,0,2026-01-01T01:45:38Z
order_00002202,batch_0004,trader_0014,ETH-USD,BUY,1855.2,234,234,0,2026-01-01T00:36:41Z
order_00002375,batch_0004,trader_0021,ETH-USD,BUY,1854.9,694,694,0,2026-01-01T00:39:34Z
order_00002025,batch_0004,trader_0009,ETH-USD,BUY,1854.57,280,280,0,2026-01-01T00:33:44Z
order_00005350,batch_0004,trader_0002,ETH-USD,BUY,1854.47,584,584,0,2026-01-01T01:29:09Z
order_00001952,batch_0004,trader_0025,ETH-USD,BUY,1854.36,533,533,0,2026-01-01T00:32:31Z
order_00004354,batch_0004,trader_0010,ETH-USD,BUY,1854.36,387,387,0,2026-01-01T01:12:33Z
order_00006020,batch_0004,trader_0007,ETH-USD,BUY,1854.25,901,901,0,2026-01-01T01:40:19Z
order_00001970,batch_0004,trader_0004,ETH-USD,BUY,1853.84,966,966,0,2026-01-01T00:32:49Z
order_00004607,batch_0004,trader_0004,ETH-USD,BUY,1853.81,634,634,0,2026-01-01T01:16:46Z
order_00005731,batch_0004,trader_0013,ETH-USD,BUY,1853.78,17,17,0,2026-01-01T01:35:30Z
order_00002396,batch_0004,trader_0003,ETH-USD,BUY,1853.73,87,87,0,2026-01-01T00:39:55Z
order_00004690,batch_0004,trader_0020,ETH-USD,BUY,1853.7,996,996,0,2026-01-01T01:18:09Z
order_00006314,batch_0004,trader_0019,ETH-USD,BUY,1853.59,101,101,0,2026-01-01T01:45:13Z
order_00002300,batch_0004,trader_0001,ETH-USD,BUY,1853.49,709,709,0,2026-01-01T00:38:19Z
order_00004248,batch_0004,trader_0023,ETH-USD,BUY,1853.29,308,308,0,2026-01-01T01:10:47Z
order_00004883,batch_0004,trader_0018,ETH-USD,BUY,1853.24,975,975,0,2026-01-01T01:21:22Z
order_00005262,batch_0004,trader_0016,ETH-USD,BUY,1853.14,720,720,0,2026-01-01T01:27:41Z
order_00004031,batch_0004,trader_0012,ETH-USD,BUY,1852.94,351,351,0,2026-01-01T01:07:10Z
order_00004350,batch_0004,trader_0020,ETH-USD,BUY,1852.92,867,867,0,2026-01-01T01:12:29Z
order_00004236,batch_0004,trader_0020,ETH-USD,BUY,1852.8,143,143,0,2026-01-01T01:10:35Z
order_00002380,batch_0004,trader_0007,ETH-USD,BUY,1852.32,947,947,0,2026-01-01T00:39:39Z
order_00005040,batch_0004,trader_0010,ETH-USD,BUY,1852.0,234,234,0,2026-01-01T01:23:59Z
order_00001735,batch_0004,trader_0022,ETH-USD,BUY,1851.96,620,620,0,2026-01-01T00:28:54Z
order_00005012,batch_0004,trader_0006,ETH-USD,BUY,1851.8,108,108,0,2026-01-01T01:23:31Z
order_00002434,batch_0004,trader_0014,ETH-USD,BUY,1851.66,114,114,0,2026-01-01T00:40:33Z
order_00004729,batch_0004,trader_0025,ETH-USD,BUY,1851.51,765,765,0,2026-01-01T01:18:48Z
order_00004114,batch_0004,trader_0001,ETH-USD,BUY,1851.41,601,601,0,2026-01-01T01:08:33Z
order_00005686,batch_0004,trader_0024,ETH-USD,BUY,1851.32,431,431,0,2026-01-01T01:34:45Z
order_00006196,batch_0004,trader_0008,ETH-USD,BUY,1851.11,88,88,0,2026-01-01T01:43:15Z
order_00003242,batch_0004,trader_0021,ETH-USD,BUY,1850.89,507,507,0,2026-01-01T00:54:01Z
order_00006443,batch_0004,trader_0023,ETH-USD,BUY,1850.74,998,998,0,2026-01-01T01:47:22Z
order_00005539,batch_0004,trader_0006,ETH-USD,BUY,1850.59,288,288,0,2026-01-01T01:32:18Z
order_00005330,batch_0004,trader_0019,ETH-USD,BUY,1850.57,518,518,0,2026-01-01T01:28:49Z
order_00005986,batch_0004,trader_0017,ETH-USD,BUY,1850.57,533,533,0,2026-01-01T01:39:45Z
order_00004437,batch_0004,trader_0024,ETH-USD,BUY,1850.44,460,460,0,2026-01-01T01:13:56Z
order_00003529,batch_0004,trader_0005,ETH-USD,BUY,1850.42,97,97,0,2026-01-01T00:58:48Z
order_00005408,batch_0004,trader_0002,ETH-USD,BUY,1850.42,357,357,0,2026-01-01T01:30:07Z
order_00005142,batch_0004,trader_0017,ETH-USD,BUY,1850.02,560,560,0,2026-01-01T01:25:41Z
order_00002463,batch_0004,trader_0024,ETH-USD,BUY,1849.66,302,302,0,2026-01-01T00:41:02Z
order_00003598,batch_0004,trader_0005,ETH-USD,BUY,1849.62,807,807,0,2026-01-01T00:59:57Z
order_00002801,batch_0004,trader_0002,ETH-USD,BUY,1849.23,557,557,0,2026-01-01T00:46:40Z
order_00002294,batch_0004,trader_0005,ETH-USD,BUY,1849.19,716,716,0,2026-01-01T00:38:13Z
order_00003083,batch_0004,trader_0015,ETH-USD,BUY,1849.18,628,628,0,2026-01-01T00:51:22Z
order_00002963,batch_0004,trader_0005,ETH-USD,BUY,1849.07,611,611,0,2026-01-01T00:49:22Z
order_00005548,batch_0004,trader_0010,ETH-USD,BUY,1849.02,395,395,0,2026-01-01T01:32:27Z
order_00005963,batch_0004,trader_0023,ETH-USD,BUY,1848.89,186,186,0,2026-01-01T01:39:22Z
order_00002631,batch_0004,trader_0021,ETH-USD,BUY,1848.82,85,85,0,2026-01-01T00:43:50Z
order_00002112,batch_0004,trader_0012,ETH-USD,BUY,1848.8,697,697,0,2026-01-01T00:35:11Z
order_00005279,batch_0004,trader_0018,ETH-USD,BUY,1848.68,396,396,0,2026-01-01T01:27:58Z
order_00003116,batch_0004,trader_0019,ETH-USD,BUY,1848.58,63,63,0,2026-01-01T00:51:55Z
order_00003264,batch_0004,trader_0017,ETH-USD,BUY,1848.5,751,751,0,2026-01-01T00:54:23Z
order_00003946,batch_0004,trader_0007,ETH-USD,BUY,1847.76,780,780,0,2026-01-01T01:05:45Z
order_00005763,batch_0004,trader_0015,ETH-USD,BUY,1847.69,49,49,0,2026-01-01T01:36:02Z
order_00003043,batch_0004,trader_0018,ETH-USD,BUY,1847.33,272,272,0,2026-01-01T00:50:42Z
order_00006387,batch_0004,trader_0013,ETH-USD,BUY,1847.15,587,587,0,2026-01-01T01:46:26Z
order_00003451,batch_0004,trader_0015,ETH-USD,BUY,1847.09,360,360,0,2026-01-01T00:57:30Z
order_00003389,batch_0004,trader_0010,ETH-USD,BUY,1847.03,304,304,0,2026-01-01T00:56:28Z
order_00002623,batch_0004,trader_0017,ETH-USD,BUY,1846.94,54,54,0,2026-01-01T00:43:42Z
order_00005795,batch_0004,trader_0011,ETH-USD,BUY,1846.81,293,293,0,2026-01-01T01:36:34Z
order_00005274,batch_0004,trader_0006,ETH-USD,BUY,1846.79,836,836,0,2026-01-01T01:27:53Z
order_00002170,batch_0004,trader_0020,ETH-USD,BUY,1846.78,485,485,0,2026-01-01T00:36:09Z
order_00001881,batch_0004,trader_0001,ETH-USD,BUY,1846.75,565,565,0,2026-01-01T00:31:20Z
order_00004790,batch_0004,trader_0025,ETH-USD,BUY,1846.71,57,57,0,2026-01-01T01:19:49Z
order_00002159,batch_0004,trader_0005,ETH-USD,BUY,1846.58,23,23,0,2026-01-01T00:35:58Z
order_00003515,batch_0004,trader_0015,ETH-USD,BUY,1846.38,650,650,0,2026-01-01T00:58:34Z
order_00001954,batch_0004,trader_0010,ETH-USD,BUY,1846.29,506,506,0,2026-01-01T00:32:33Z
order_00006032,batch_0004,trader_0013,ETH-USD,BUY,1846.28,899,899,0,2026-01-01T01:40:31Z
order_00003194,batch_0004,trader_0004,ETH-USD,BUY,1846.23,142,142,0,2026-01-01T00:53:13Z
order_00002369,batch_0004,trader_0010,ETH-USD,BUY,1846.08,569,569,0,2026-01-01T00:39:28Z
order_00004646,batch_0004,trader_0017,ETH-USD,BUY,1846.06,689,689,0,2026-01-01T01:17:25Z
order_00005615,batch_0004,trader_0002,ETH-USD,BUY,1845.9,664,664,0,2026-01-01T01:33:34Z
order_00001994,batch_0004,trader_0006,ETH-USD,BUY,1845.79,313,313,0,2026-01-01T00:33:13Z
order_00001634,batch_0004,trader_0020,ETH-USD,BUY,1845.78,281,281,0,2026-01-01T00:27:13Z
order_00002698,batch_0004,trader_0022,ETH-USD,BUY,1845.29,994,994,0,2026-01-01T00:44:57Z
order_00005149,batch_0004,trader_0025,ETH-USD,BUY,1845.18,850,850,0,2026-01-01T01:25:48Z
order_00001651,batch_0004,trader_0016,ETH-USD,BUY,1845.15,487,487,0,2026-01-01T00:27:30Z
order_00001798,batch_0004,trader_0005,ETH-USD,BUY,1845.07,199,199,0,2026-01-01T00:29:57Z
order_00005458,batch_0004,trader_0014,ETH-USD,BUY,1844.83,792,792,0,2026-01-01T01:30:57Z
order_00001854,batch_0004,trader_0005,ETH-USD,BUY,1844.81,283,283,0,2026-01-01T00:30:53Z
order_00004709,batch_0004,trader_0005,ETH-USD,BUY,1844.81,425,425,0,2026-01-01T01:18:28Z
order_00006153,batch_0004,trader_0001,ETH-USD,BUY,1844.49,608,608,0,2026-01-01T01:42:32Z
order_00001840,batch_0004,trader_0012,ETH-USD,BUY,1844.39,53,53,0,2026-01-01T00:30:39Z
order_00002062,batch_0004,trader_0008,ETH-USD,BUY,1844.33,85,85,0,2026-01-01T00:34:21Z
order_00005052,batch_0004,trader_0018,ETH-USD,BUY,1844.22,3,3,0,2026-01-01T01:24:11Z
order_00002793,batch_0004,trader_0001,ETH-USD,BUY,1844.01,22,22,0,2026-01-01T00:46:32Z
order_00002664,batch_0004,trader_0018,ETH-USD,BUY,1844.0,545,545,0,2026-01-01T00:44:23Z
order_00005813,batch_0004,trader_0011,ETH-USD,BUY,1843.89,597,597,0,2026-01-01T01:36:52Z
order_00003049,batch_0004,trader_0002,ETH-USD,BUY,1843.67,444,444,0,2026-01-01T00:50:48Z
order_00001745,batch_0004,trader_0018,ETH-USD,BUY,1843.37,504,504,0,2026-01-01T00:29:04Z
order_00002347,batch_0004,trader_0001,ETH-USD,BUY,1843.2,198,198,0,2026-01-01T00:39:06Z
order_00002722,batch_0004,trader_0001,ETH-USD,BUY,1843.15,981,981,0,2026-01-01T00:45:21Z
order_00003817,batch_0004,trader_0021,ETH-USD,BUY,1843.12,617,617,0,2026-01-01T01:03:36Z
order_00004112,batch_0004,trader_0009,ETH-USD,BUY,1843.1,322,322,0,2026-01-01T01:08:31Z
order_00004512,batch_0004,trader_0010,ETH-USD,BUY,1842.63,880,880,0,2026-01-01T01:15:11Z
order_00002856,batch_0004,trader_0007,ETH-USD,BUY,1842.59,555,555,0,2026-01-01T00:47:35Z
order_00006359,batch_0004,trader_0003,ETH-USD,BUY,1842.57,106,106,0,2026-01-01T01:45:58Z
order_00004239,batch_0004,trader_0016,ETH-USD,BUY,1842.53,557,557,0,2026-01-01T01:10:38Z
order_00006127,batch_0004,trader_0022,ETH-USD,BUY,1842.52,109,109,0,2026-01-01T01:42:06Z
order_00006040,batch_0004,trader_0023,ETH-USD,BUY,1841.94,915,915,0,2026-01-01T01:40:39Z
order_00004455,batch_0004,trader_0025,ETH-USD,BUY,1841.84,3,3,0,2026-01-01T01:14:14Z
order_00002854,batch_0004,trader_0012,ETH-USD,BUY,1841.76,112,112,0,2026-01-01T00:47:33Z
order_00005207,batch_0004,trader_0006,ETH-USD,BUY,1841.46,29,29,0,2026-01-01T01:26:46Z
order_00003846,batch_0004,trader_0024,ETH-USD,BUY,1841.45,395,395,0,2026-01-01T01:04:05Z
order_00002983,batch_0004,trader_0025,ETH-USD,BUY,1841.16,403,403,0,2026-01-01T00:49:42Z
order_00002802,batch_0004,trader_0014,ETH-USD,BUY,1841.03,304,304,0,2026-01-01T00:46:41Z
order_00002707,batch_0004,trader_0016,ETH-USD,BUY,1840.54,10,10,0,2026-01-01T00:45:06Z
order_00003835,batch_0004,trader_0024,ETH-USD,BUY,1840.52,314,314,0,2026-01-01T01:03:54Z
order_00005076,batch_0004,trader_0011,ETH-USD,BUY,1840.07,436,436,0,2026-01-01T01:24:35Z
order_00005384,batch_0004,trader_0003,ETH-USD,BUY,1839.89,240,240,0,2026-01-01T01:29:43Z
order_00006243,batch_0004,trader_0004,ETH-USD,BUY,1839.34,868,868,0,2026-01-01T01:44:02Z
order_00001725,batch_0004,trader_0021,ETH-USD,BUY,1839.31,822,822,0,2026-01-01T00:28:44Z
order_00006426,batch_0004,trader_0005,ETH-USD,BUY,1839.12,816,816,0,2026-01-01T01:47:05Z
order_00003896,batch_0004,trader_0022,ETH-USD,BUY,1838.79,354,354,0,2026-01-01T01:04:55Z
order_00002744,batch_0004,trader_0001,ETH-USD,BUY,1838.75,115,115,0,2026-01-01T00:45:43Z
order_00002331,batch_0004,trader_0016,ETH-USD,BUY,1838.69,641,641,0,2026-01-01T00:38:50Z
order_00002474,batch_0004,trader_0022,ETH-USD,BUY,1838.64,904,904,0,2026-01-01T00:41:13Z
order_00005321,batch_0004,trader_0022,ETH-USD,BUY,1838.63,77,77,0,2026-01-01T01:28:40Z
order_00005931,batch_0004,trader_0008,ETH-USD,BUY,1838.56,175,175,0,2026-01-01T01:38:50Z
order_00004507,batch_0004,trader_0017,ETH-USD,BUY,1838.39,864,864,0,2026-01-01T01:15:06Z
order_00004300,batch_0004,trader_0024,ETH-USD,BUY,1838.36,803,803,0,2026-01-01T01:11:39Z
order_00005433,batch_0004,trader_0001,ETH-USD,BUY,1838.1,877,877,0,2026-01-01T01:30:32Z
order_00004223,batch_0004,trader_0022,ETH-USD,BUY,1837.98,421,421,0,2026-01-01T01:10:22Z
order_00002485,batch_0004,trader_0011,ETH-USD,BUY,1837.9,983,983,0,2026-01-01T00:41:24Z
order_00006189,batch_0004,trader_0025,ETH-USD,BUY,1837.88,635,635,0,2026-01-01T01:43:08Z
order_00004822,batch_0004,trader_0009,ETH-USD,BUY,1837.81,838,838,0,2026-01-01T01:20:21Z
order_00006493,batch_0004,trader_0014,ETH-USD,BUY,1837.26,730,730,0,2026-01-01T01:48:12Z
order_00002131,batch_0004,trader_0017,ETH-USD,BUY,1837.18,437,437,0,2026-01-01T00:35:30Z
order_00006115,batch_0004,trader_0013,ETH-USD,BUY,1837.14,148,148,0,2026-01-01T01:41:54Z
order_00005002,batch_0004,trader_0007,ETH-USD,BUY,1836.99,25,25,0,2026-01-01T01:23:21Z
order_00004418,batch_0004,trader_0023,ETH-USD,BUY,1836.93,919,919,0,2026-01-01T01:13:37Z
order_00005208,batch_0004,trader_0017,ETH-USD,BUY,1836.92,103,103,0,2026-01-01T01:26:47Z
order_00004723,batch_0004,trader_0002,ETH-USD,BUY,1836.89,79,79,0,2026-01-01T01:18:42Z
order_00005294,batch_0004,trader_0001,ETH-USD,BUY,1836.81,276,276,0,2026-01-01T01:28:13Z
order_00003453,batch_0004,trader_0024,ETH-USD,BUY,1836.22,941,941,0,2026-01-01T00:57:32Z
order_00006200,batch_0004,trader_0001,ETH-USD,BUY,1835.83,360,360,0,2026-01-01T01:43:19Z
order_00003077,batch_0004,trader_0013,ETH-USD,BUY,1835.71,763,763,0,2026-01-01T00:51:16Z
order_00003323,batch_0004,trader_0017,ETH-USD,BUY,1835.48,897,897,0,2026-01-01T00:55:22Z
order_00004180,batch_0004,trader_0012,ETH-USD,BUY,1835.37,373,373,0,2026-01-01T01:09:39Z
order_00004904,batch_0004,trader_0010,ETH-USD,BUY,1835.28,315,315,0,2026-01-01T01:21:43Z
order_00005360,batch_0004,trader_0020,ETH-USD,BUY,1835.24,751,751,0,2026-01-01T01:29:19Z
order_00006470,batch_0004,trader_0019,ETH-USD,BUY,1834.88,281,281,0,2026-01-01T01:47:49Z
order_00004953,batch_0004,trader_0015,ETH-USD,BUY,1834.84,724,724,0,2026-01-01T01:22:32Z
order_00002683,batch_0004,trader_0010,ETH-USD,BUY,1834.78,879,879,0,2026-01-01T00:44:42Z
order_00004167,batch_0004,trader_0008,ETH-USD,BUY,1834.44,116,116,0,2026-01-01T01:09:26Z
order_00002552,batch_0004,trader_0004,ETH-USD,BUY,1834.28,301,301,0,2026-01-01T00:42:31Z
order_00003113,batch_0004,trader_0009,ETH-USD,BUY,1833.86,56,56,0,2026-01-01T00:51:52Z
order_00002686,batch_0004,trader_0010,ETH-USD,BUY,1833.83,59,59,0,2026-01-01T00:44:45Z
order_00003217,batch_0004,trader_0009,ETH-USD,BUY,1833.8,989,989,0,2026-01-01T00:53:36Z
order_00004842,batch_0004,trader_0006,ETH-USD,BUY,1833.74,148,148,0,2026-01-01T01:20:41Z
order_00005945,batch_0004,trader_0003,ETH-USD,BUY,1833.61,630,630,0,2026-01-01T01:39:04Z
order_00001885,batch_0004,trader_0015,ETH-USD,BUY,1833.44,24,24,0,2026-01-01T00:31:24Z
order_00002977,batch_0004,trader_0023,ETH-USD,BUY,1833.38,226,226,0,2026-01-01T00:49:36Z
order_00001827,batch_0004,trader_0025,ETH-USD,BUY,1833.24,247,247,0,2026-01-01T00:30:26Z
order_00001705,batch_0004,trader_0017,ETH-USD,BUY,1833.0,497,497,0,2026-01-01T00:28:24Z
order_00006038,batch_0004,trader_0009,ETH-USD,BUY,1832.88,534,534,0,2026-01-01T01:40:37Z
order_00002903,batch_0004,trader_0023,ETH-USD,BUY,1832.68,415,415,0,2026-01-01T00:48:22Z
order_00005498,batch_0004,trader_0007,ETH-USD,BUY,1832.46,582,582,0,2026-01-01T01:31:37Z
order_00003095,batch_0004,trader_0008,ETH-USD,BUY,1832.29,941,941,0,2026-01-01T00:51:34Z
order_00005073,batch_0004,trader_0019,ETH-USD,BUY,1831.57,153,153,0,2026-01-01T01:24:32Z
order_00002110,batch_0004,trader_0025,ETH-USD,BUY,1830.73,943,943,0,2026-01-01T00:35:09Z
order_00003200,batch_0004,trader_0005,ETH-USD,BUY,1830.64,59,59,0,2026-01-01T00:53:19Z
order_00006427,batch_0004,trader_0008,ETH-USD,BUY,1830.41,458,458,0,2026-01-01T01:47:06Z
order_00002401,batch_0004,trader_0003,ETH-USD,BUY,1830.36,661,661,0,2026-01-01T00:40:00Z
order_00001738,batch_0004,trader_0015,ETH-USD,BUY,1830.29,959,959,0,2026-01-01T00:28:57Z
order_00005885,batch_0004,trader_0017,ETH-USD,BUY,1830.11,283,283,0,2026-01-01T01:38:04Z
order_00004791,batch_0004,trader_0022,ETH-USD,BUY,1830.02,207,207,0,2026-01-01T01:19:50Z
order_00003637,batch_0004,trader_0016,ETH-USD,BUY,1829.22,650,650,0,2026-01-01T01:00:36Z
order_00004589,batch_0004,trader_0022,ETH-USD,BUY,1829.04,757,757,0,2026-01-01T01:16:28Z
order_00001682,batch_0004,trader_0001,ETH-USD,BUY,1828.7,12,12,0,2026-01-01T00:28:01Z
order_00005620,batch_0004,trader_0025,ETH-USD,BUY,1828.69,676,676,0,2026-01-01T01:33:39Z
order_00004716,batch_0004,trader_0004,ETH-USD,BUY,1828.37,619,619,0,2026-01-01T01:18:35Z
order_00002432,batch_0004,trader_0002,ETH-USD,BUY,1827.99,537,537,0,2026-01-01T00:40:31Z
order_00002251,batch_0004,trader_0002,ETH-USD,BUY,1827.03,358,358,0,2026-01-01T00:37:30Z
order_00006476,batch_0004,trader_0010,ETH-USD,BUY,1826.7,190,190,0,2026-01-01T01:47:55Z
order_00004998,batch_0004,trader_0006,ETH-USD,BUY,1826.56,472,472,0,2026-01-01T01:23:17Z
order_00005343,batch_0004,trader_0012,ETH-USD,BUY,1826.36,494,494,0,2026-01-01T01:29:02Z
order_00005574,batch_0004,trader_0006,ETH-USD,BUY,1826.29,132,132,0,2026-01-01T01:32:53Z
order_00003650,batch_0004,trader_0014,ETH-USD,BUY,1826.22,184,184,0,2026-01-01T01:00:49Z
order_00003870,batch_0004,trader_0024,ETH-USD,BUY,1826.17,363,363,0,2026-01-01T01:04:29Z
order_00003962,batch_0004,trader_0017,ETH-USD,BUY,1826.05,702,702,0,2026-01-01T01:06:01Z
order_00004326,batch_0004,trader_0023,ETH-USD,BUY,1825.88,715,715,0,2026-01-01T01:12:05Z
order_00005825,batch_0004,trader_0010,ETH-USD,BUY,1825.59,707,707,0,2026-01-01T01:37:04Z
order_00005148,batch_0004,trader_0010,ETH-USD,BUY,1825.36,854,854,0,2026-01-01T01:25:47Z
order_00004610,batch_0004,trader_0006,ETH-USD,BUY,1825.31,705,705,0,2026-01-01T01:16:49Z
order_00005835,batch_0004,trader_0012,ETH-USD,BUY,1824.96,3,3,0,2026-01-01T01:37:14Z
order_00003440,batch_0004,trader_0004,ETH-USD,BUY,1824.93,728,728,0,2026-01-01T00:57:19Z
order_00004125,batch_0004,trader_0014,ETH-USD,BUY,1824.86,559,559,0,2026-01-01T01:08:44Z
order_00002339,batch_0004,trader_0015,ETH-USD,BUY,1824.8,131,131,0,2026-01-01T00:38:58Z
order_00006559,batch_0004,trader_0003,ETH-USD,BUY,1824.48,860,860,0,2026-01-01T01:49:18Z
order_00004839,batch_0004,trader_0016,ETH-USD,BUY,1824.44,717,717,0,2026-01-01T01:20:38Z
order_00006194,batch_0004,trader_0020,ETH-USD,BUY,1824.33,33,33,0,2026-01-01T01:43:13Z
order_00004665,batch_0004,trader_0002,ETH-USD,BUY,1824.28,67,67,0,2026-01-01T01:17:44Z
order_00006026,batch_0004,trader_0001,ETH-USD,BUY,1824.14,634,634,0,2026-01-01T01:40:25Z
order_00002843,batch_0004,trader_0021,ETH-USD,BUY,1824.0,160,160,0,2026-01-01T00:47:22Z
order_00004249,batch_0004,trader_0001,ETH-USD,BUY,1824.0,381,381,0,2026-01-01T01:10:48Z
order_00003595,batch_0004,trader_0013,ETH-USD,BUY,1823.91,744,744,0,2026-01-01T00:59:54Z
order_00004079,batch_0004,trader_0004,ETH-USD,BUY,1823.9,682,682,0,2026-01-01T01:07:58Z
order_00005394,batch_0004,trader_0006,ETH-USD,BUY,1823.81,986,986,0,2026-01-01T01:29:53Z
order_00003180,batch_0004,trader_0007,ETH-USD,BUY,1823.76,784,784,0,2026-01-01T00:52:59Z
order_00005416,batch_0004,trader_0016,ETH-USD,BUY,1823.73,35,35,0,2026-01-01T01:30:15Z
order_00005814,batch_0004,trader_0010,ETH-USD,BUY,1823.4,551,551,0,2026-01-01T01:36:53Z
order_00003196,batch_0004,trader_0008,ETH-USD,BUY,1823.17,941,941,0,2026-01-01T00:53:15Z
order_00002888,batch_0004,trader_0008,ETH-USD,BUY,1822.82,660,660,0,2026-01-01T00:48:07Z
order_00003675,batch_0004,trader_0011,ETH-USD,BUY,1822.45,104,104,0,2026-01-01T01:01:14Z
order_00002800,batch_0004,trader_0023,ETH-USD,BUY,1822.35,250,250,0,2026-01-01T00:46:39Z
order_00002120,batch_0004,trader_0003,ETH-USD,BUY,1822.21,818,818,0,2026-01-01T00:35:19Z
order_00005102,batch_0004,trader_0006,ETH-USD,BUY,1821.97,421,421,0,2026-01-01T01:25:01Z
order_00003341,batch_0004,trader_0016,ETH-USD,BUY,1821.85,935,935,0,2026-01-01T00:55:40Z
order_00002101,batch_0004,trader_0006,ETH-USD,BUY,1821.83,153,153,0,2026-01-01T00:35:00Z
order_00003514,batch_0004,trader_0014,ETH-USD,BUY,1821.8,790,790,0,2026-01-01T00:58:33Z
order_00001810,batch_0004,trader_0014,ETH-USD,BUY,1821.74,497,497,0,2026-01-01T00:30:09Z
order_00001640,batch_0004,trader_0014,ETH-USD,BUY,1821.52,393,393,0,2026-01-01T00:27:19Z
order_00005251,batch_0004,trader_0018,ETH-USD,BUY,1821.39,438,438,0,2026-01-01T01:27:30Z
order_00003866,batch_0004,trader_0020,ETH-USD,BUY,1821.28,857,857,0,2026-01-01T01:04:25Z
order_00001914,batch_0004,trader_0012,ETH-USD,BUY,1821.16,168,168,0,2026-01-01T00:31:53Z
order_00001803,batch_0004,trader_0018,ETH-USD,BUY,1820.98,759,759,0,2026-01-01T00:30:02Z
order_00003923,batch_0004,trader_0022,ETH-USD,BUY,1820.97,551,551,0,2026-01-01T01:05:22Z
order_00005946,batch_0004,trader_0021,ETH-USD,BUY,1820.89,939,939,0,2026-01-01T01:39:05Z
order_00004528,batch_0004,trader_0003,ETH-USD,BUY,1820.82,759,759,0,2026-01-01T01:15:27Z
order_00006247,batch_0004,trader_0020,ETH-USD,BUY,1820.38,412,412,0,2026-01-01T01:44:06Z
order_00004380,batch_0004,trader_0017,ETH-USD,BUY,1820.37,377,377,0,2026-01-01T01:12:59Z
order_00005656,batch_0004,trader_0005,ETH-USD,BUY,1819.98,729,729,0,2026-01-01T01:34:15Z
order_00006521,batch_0004,trader_0016,ETH-USD,BUY,1819.96,438,438,0,2026-01-01T01:48:40Z
order_00003046,batch_0004,trader_0013,ETH-USD,BUY,1819.65,101,101,0,2026-01-01T00:50:45Z
order_00004653,batch_0004,trader_0022,ETH-USD,BUY,1819.54,614,614,0,2026-01-01T01:17:32Z
order_00002119,batch_0004,trader_0021,ETH-USD,BUY,1819.47,884,884,0,2026-01-01T00:35:18Z
order_00002470,batch_0004,trader_0013,ETH-USD,BUY,1819.47,5,5,0,2026-01-01T00:41:09Z
order_00005063,batch_0004,trader_0010,ETH-USD,BUY,1819.12,993,993,0,2026-01-01T01:24:22Z
order_00002467,batch_0004,trader_0021,ETH-USD,BUY,1819.1,714,714,0,2026-01-01T00:41:06Z
order_00006388,batch_0004,trader_0025,ETH-USD,BUY,1819.1,668,668,0,2026-01-01T01:46:27Z
order_00002740,batch_0004,trader_0002,ETH-USD,BUY,1819.02,917,917,0,2026-01-01T00:45:39Z
order_00006006,batch_0004,trader_0011,ETH-USD,BUY,1818.8,591,591,0,2026-01-01T01:40:05Z
order_00005838,batch_0004,trader_0006,ETH-USD,BUY,1818.57,647,647,0,2026-01-01T01:37:17Z
order_00002648,batch_0004,trader_0017,ETH-USD,BUY,1818.47,308,308,0,2026-01-01T00:44:07Z
order_00006205,batch_0004,trader_0010,ETH-USD,BUY,1818.4,743,743,0,2026-01-01T01:43:24Z
order_00004909,batch_0004,trader_0020,ETH-USD,BUY,1818.32,325,325,0,2026-01-01T01:21:48Z
order_00002769,batch_0004,trader_0008,ETH-USD,BUY,1818.24,230,230,0,2026-01-01T00:46:08Z
order_00005364,batch_0004,trader_0012,ETH-USD,BUY,1818.16,341,341,0,2026-01-01T01:29:23Z
order_00006051,batch_0004,trader_0016,ETH-USD,BUY,1817.96,817,817,0,2026-01-01T01:40:50Z
order_00003448,batch_0004,trader_0020,ETH-USD,BUY,1817.8,455,455,0,2026-01-01T00:57:27Z
order_00002094,batch_0004,trader_0005,ETH-USD,BUY,1817.66,321,321,0,2026-01-01T00:34:53Z
order_00001628,batch_0004,trader_0020,ETH-USD,BUY,1817.61,955,955,0,2026-01-01T00:27:07Z
order_00002475,batch_0004,trader_0017,ETH-USD,BUY,1817.61,172,172,0,2026-01-01T00:41:14Z
order_00004588,batch_0004,trader_0015,ETH-USD,BUY,1817.55,888,888,0,2026-01-01T01:16:27Z
order_00003201,batch_0004,trader_0012,ETH-USD,BUY,1817.49,290,290,0,2026-01-01T00:53:20Z
order_00006139,batch_0004,trader_0013,ETH-USD,BUY,1817.44,308,308,0,2026-01-01T01:42:18Z
order_00002325,batch_0004,trader_0024,ETH-USD,BUY,1817.39,778,778,0,2026-01-01T00:38:44Z
order_00006043,batch_0004,trader_0012,ETH-USD,BUY,1817.14,272,272,0,2026-01-01T01:40:42Z
order_00005057,batch_0004,trader_0001,ETH-USD,BUY,1817.05,529,529,0,2026-01-01T01:24:16Z
order_00005061,batch_0004,trader_0015,ETH-USD,BUY,1816.98,521,521,0,2026-01-01T01:24:20Z
order_00006017,batch_0004,trader_0002,ETH-USD,BUY,1816.91,437,437,0,2026-01-01T01:40:16Z
order_00004503,batch_0004,trader_0015,ETH-USD,BUY,1816.79,922,922,0,2026-01-01T01:15:02Z
order_00003908,batch_0004,trader_0002,ETH-USD,BUY,1816.64,414,414,0,2026-01-01T01:05:07Z
order_00003952,batch_0004,trader_0017,ETH-USD,BUY,1816.42,788,788,0,2026-01-01T01:05:51Z
order_00004469,batch_0004,trader_0015,ETH-USD,BUY,1816.22,235,235,0,2026-01-01T01:14:28Z
order_00004548,batch_0004,trader_0008,ETH-USD,BUY,1816.08,729,729,0,2026-01-01T01:15:47Z
order_00001824,batch_0004,trader_0016,ETH-USD,BUY,1816.02,46,46,0,2026-01-01T00:30:23Z
order_00004268,batch_0004,trader_0009,ETH-USD,BUY,1815.98,657,657,0,2026-01-01T01:11:07Z
order_00004229,batch_0004,trader_0020,ETH-USD,BUY,1815.93,167,167,0,2026-01-01T01:10:28Z
order_00002442,batch_0004,trader_0003,ETH-USD,BUY,1815.63,590,590,0,2026-01-01T00:40:41Z
order_00003244,batch_0004,trader_0022,ETH-USD,BUY,1815.4,671,671,0,2026-01-01T00:54:03Z
order_00002404,batch_0004,trader_0007,ETH-USD,BUY,1815.31,369,369,0,2026-01-01T00:40:03Z
order_00004903,batch_0004,trader_0012,ETH-USD,BUY,1815.08,813,813,0,2026-01-01T01:21:42Z
order_00001995,batch_0004,trader_0022,ETH-USD,BUY,1814.95,334,334,0,2026-01-01T00:33:14Z
order_00005079,batch_0004,trader_0024,ETH-USD,BUY,1814.94,259,259,0,2026-01-01T01:24:38Z
order_00005264,batch_0004,trader_0003,ETH-USD,BUY,1814.57,239,239,0,2026-01-01T01:27:43Z
order_00004382,batch_0004,trader_0025,ETH-USD,BUY,1814.46,527,527,0,2026-01-01T01:13:01Z
order_00002530,batch_0004,trader_0012,ETH-USD,BUY,1813.8,490,490,0,2026-01-01T00:42:09Z
order_00003260,batch_0004,trader_0024,ETH-USD,BUY,1813.04,597,597,0,2026-01-01T00:54:19Z
order_00006381,batch_0004,trader_0013,ETH-USD,BUY,1813.0,577,577,0,2026-01-01T01:46:20Z
order_00004510,batch_0004,trader_0021,ETH-USD,BUY,1812.99,831,831,0,2026-01-01T01:15:09Z
order_00006254,batch_0004,trader_0001,ETH-USD,BUY,1812.97,283,283,0,2026-01-01T01:44:13Z
order_00004430,batch_0004,trader_0011,ETH-USD,BUY,1812.81,291,291,0,2026-01-01T01:13:49Z
order_00002898,batch_0004,trader_0020,ETH-USD,BUY,1812.53,582,582,0,2026-01-01T00:48:17Z
order_00005650,batch_0004,trader_0017,ETH-USD,BUY,1812.35,193,193,0,2026-01-01T01:34:09Z
order_00006596,batch_0004,trader_0001,ETH-USD,BUY,1812.08,970,970,0,2026-01-01T01:49:55Z
order_00004171,batch_0004,trader_0016,ETH-USD,BUY,1811.96,387,387,0,2026-01-01T01:09:30Z
order_00005277,batch_0004,trader_0021,ETH-USD,BUY,1811.92,932,932,0,2026-01-01T01:27:56Z
order_00002371,batch_0004,trader_0007,ETH-USD,BUY,1811.87,999,999,0,2026-01-01T00:39:30Z
order_00002553,batch_0004,trader_0008,ETH-USD,BUY,1811.87,351,351,0,2026-01-01T00:42:32Z
order_00002581,batch_0004,trader_0011,ETH-USD,BUY,1811.69,733,733,0,2026-01-01T00:43:00Z
order_00001804,batch_0004,trader_0017,ETH-USD,BUY,1811.63,805,805,0,2026-01-01T00:30:03Z
order_00003576,batch_0004,trader_0008,ETH-USD,BUY,1811.62,652,652,0,2026-01-01T00:59:35Z
order_00001931,batch_0004,trader_0004,ETH-USD,BUY,1811.5,312,312,0,2026-01-01T00:32:10Z
order_00004985,batch_0004,trader_0022,ETH-USD,BUY,1811.23,153,153,0,2026-01-01T01:23:04Z
order_00003612,batch_0004,trader_0007,ETH-USD,BUY,1811.2,234,234,0,2026-01-01T01:00:11Z
order_00006322,batch_0004,trader_0007,ETH-USD,BUY,1810.93,105,105,0,2026-01-01T01:45:21Z
order_00005582,batch_0004,trader_0021,ETH-USD,BUY,1810.72,739,739,0,2026-01-01T01:33:01Z
order_00005054,batch_0004,trader_0024,ETH-USD,BUY,1810.66,213,213,0,2026-01-01T01:24:13Z
order_00003190,batch_0004,trader_0007,ETH-USD,BUY,1810.54,57,57,0,2026-01-01T00:53:09Z
order_00003607,batch_0004,trader_0012,ETH-USD,BUY,1810.38,296,296,0,2026-01-01T01:00:06Z
order_00006346,batch_0004,trader_0017,ETH-USD,BUY,1810.16,808,808,0,2026-01-01T01:45:45Z
order_00006371,batch_0004,trader_0003,ETH-USD,BUY,1810.11,560,560,0,2026-01-01T01:46:10Z
order_00006208,batch_0004,trader_0020,ETH-USD,BUY,1810.06,990,990,0,2026-01-01T01:43:27Z
order_00002400,batch_0004,trader_0015,ETH-USD,BUY,1809.89,392,392,0,2026-01-01T00:39:59Z
order_00004175,batch_0004,trader_0009,ETH-USD,BUY,1809.77,274,274,0,2026-01-01T01:09:34Z
order_00003355,batch_0004,trader_0021,ETH-USD,BUY,1809.7,309,309,0,2026-01-01T00:55:54Z
order_00006552,batch_0004,trader_0011,ETH-USD,BUY,1809.63,410,410,0,2026-01-01T01:49:11Z
order_00005310,batch_0004,trader_0020,ETH-USD,BUY,1809.35,387,387,0,2026-01-01T01:28:29Z
order_00006156,batch_0004,trader_0003,ETH-USD,BUY,1809.26,3,3,0,2026-01-01T01:42:35Z
order_00002069,batch_0004,trader_0018,ETH-USD,BUY,1809.19,971,971,0,2026-01-01T00:34:28Z
order_00004162,batch_0004,trader_0025,ETH-USD,BUY,1808.96,670,670,0,2026-01-01T01:09:21Z
order_00005540,batch_0004,trader_0023,ETH-USD,BUY,1808.85,379,379,0,2026-01-01T01:32:19Z
order_00006397,batch_0004,trader_0002,ETH-USD,BUY,1808.68,892,892,0,2026-01-01T01:46:36Z
order_00004075,batch_0004,trader_0013,ETH-USD,BUY,1808.67,203,203,0,2026-01-01T01:07:54Z
order_00003853,batch_0004,trader_0020,ETH-USD,BUY,1808.31,988,988,0,2026-01-01T01:04:12Z
order_00004348,batch_0004,trader_0017,ETH-USD,BUY,1808.29,833,833,0,2026-01-01T01:12:27Z
order_00004675,batch_0004,trader_0014,ETH-USD,BUY,1808.28,163,163,0,2026-01-01T01:17:54Z
order_00006287,batch_0004,trader_0015,ETH-USD,BUY,1807.97,484,484,0,2026-01-01T01:44:46Z
order_00004577,batch_0004,trader_0025,ETH-USD,BUY,1807.83,982,982,0,2026-01-01T01:16:16Z
order_00004027,batch_0004,trader_0013,ETH-USD,BUY,1807.68,588,588,0,2026-01-01T01:07:06Z
order_00005386,batch_0004,trader_0011,ETH-USD,BUY,1807.64,704,704,0,2026-01-01T01:29:45Z
order_00005714,batch_0004,trader_0008,ETH-USD,BUY,1807.49,111,111,0,2026-01-01T01:35:13Z
order_00003548,batch_0004,trader_0011,ETH-USD,BUY,1807.23,231,231,0,2026-01-01T00:59:07Z
order_00002489,batch_0004,trader_0019,ETH-USD,BUY,1807.06,344,344,0,2026-01-01T00:41:28Z
order_00003065,batch_0004,trader_0022,ETH-USD,BUY,1806.96,839,839,0,2026-01-01T00:51:04Z
order_00006188,batch_0004,trader_0010,ETH-USD,BUY,1806.96,466,466,0,2026-01-01T01:43:07Z
order_00006307,batch_0004,trader_0004,ETH-USD,BUY,1806.83,334,334,0,2026-01-01T01:45:06Z
order_00003724,batch_0004,trader_0013,ETH-USD,BUY,1806.46,468,468,0,2026-01-01T01:02:03Z
order_00002479,batch_0004,trader_0021,ETH-USD,BUY,1806.0,178,178,0,2026-01-01T00:41:18Z
order_00003199,batch_0004,trader_0024,ETH-USD,BUY,1805.96,822,822,0,2026-01-01T00:53:18Z
order_00003619,batch_0004,trader_0003,ETH-USD,BUY,1805.69,389,389,0,2026-01-01T01:00:18Z
order_00003954,batch_0004,trader_0005,ETH-USD,BUY,1805.68,583,583,0,2026-01-01T01:05:53Z
order_00005597,batch_0004,trader_0004,ETH-USD,BUY,1805.66,102,102,0,2026-01-01T01:33:16Z
order_00004072,batch_0004,trader_0022,ETH-USD,BUY,1805.58,375,375,0,2026-01-01T01:07:51Z
order_00002154,batch_0004,trader_0004,ETH-USD,BUY,1805.55,139,139,0,2026-01-01T00:35:53Z
order_00003070,batch_0004,trader_0012,ETH-USD,BUY,1805.42,470,470,0,2026-01-01T00:51:09Z
order_00002149,batch_0004,trader_0021,ETH-USD,BUY,1805.32,120,120,0,2026-01-01T00:35:48Z
order_00004388,batch_0004,trader_0005,ETH-USD,BUY,1804.85,311,311,0,2026-01-01T01:13:07Z
order_00006011,batch_0004,trader_0022,ETH-USD,BUY,1804.76,767,767,0,2026-01-01T01:40:10Z
order_00005139,batch_0004,trader_0018,ETH-USD,BUY,1804.65,455,455,0,2026-01-01T01:25:38Z
order_00003939,batch_0004,trader_0023,ETH-USD,BUY,1804.17,615,615,0,2026-01-01T01:05:38Z
order_00003015,batch_0004,trader_0004,ETH-USD,BUY,1804.16,846,846,0,2026-01-01T00:50:14Z
order_00006299,batch_0004,trader_0004,ETH-USD,BUY,1804.09,25,25,0,2026-01-01T01:44:58Z
order_00002419,batch_0004,trader_0022,ETH-USD,BUY,1803.87,756,756,0,2026-01-01T00:40:18Z
order_00006293,batch_0004,trader_0007,ETH-USD,BUY,1803.86,951,951,0,2026-01-01T01:44:52Z
order_00002619,batch_0004,trader_0024,ETH-USD,BUY,1803.65,667,667,0,2026-01-01T00:43:38Z
order_00005877,batch_0004,trader_0015,ETH-USD,BUY,1803.61,652,652,0,2026-01-01T01:37:56Z
order_00003237,batch_0004,trader_0002,ETH-USD,BUY,1803.55,451,451,0,2026-01-01T00:53:56Z
order_00004417,batch_0004,trader_0018,ETH-USD,BUY,1803.4,756,756,0,2026-01-01T01:13:36Z
order_00002861,batch_0004,trader_0012,ETH-USD,BUY,1803.39,317,317,0,2026-01-01T00:47:40Z
order_00006069,batch_0004,trader_0001,ETH-USD,BUY,1803.37,735,735,0,2026-01-01T01:41:08Z
order_00005690,batch_0004,trader_0025,ETH-USD,BUY,1803.19,991,991,0,2026-01-01T01:34:49Z
order_00003291,batch_0004,trader_0019,ETH-USD,BUY,1803.11,918,918,0,2026-01-01T00:54:50Z
order_00006209,batch_0004,trader_0016,ETH-USD,BUY,1802.74,243,243,0,2026-01-01T01:43:28Z
order_00002543,batch_0004,trader_0006,ETH-USD,BUY,1802.57,316,316,0,2026-01-01T00:42:22Z
order_00004049,batch_0004,trader_0006,ETH-USD,BUY,1802.53,520,520,0,2026-01-01T01:07:28Z
order_00005617,batch_0004,trader_0022,ETH-USD,BUY,1802.53,242,242,0,2026-01-01T01:33:36Z
order_00004537,batch_0004,trader_0017,ETH-USD,BUY,1802.11,418,418,0,2026-01-01T01:15:36Z
order_00003090,batch_0004,trader_0012,ETH-USD,BUY,1802.04,314,314,0,2026-01-01T00:51:29Z
order_00005352,batch_0004,trader_0016,ETH-USD,BUY,1801.84,16,16,0,2026-01-01T01:29:11Z
order_00005882,batch_0004,trader_0020,ETH-USD,BUY,1801.54,576,576,0,2026-01-01T01:38:01Z
order_00002364,batch_0004,trader_0008,ETH-USD,BUY,1801.48,943,943,0,2026-01-01T00:39:23Z
order_00005290,batch_0004,trader_0009,ETH-USD,BUY,1801.4,187,187,0,2026-01-01T01:28:09Z
order_00005568,batch_0004,trader_0009,ETH-USD,BUY,1801.36,480,480,0,2026-01-01T01:32:47Z
order_00006237,batch_0004,trader_0022,ETH-USD,BUY,1801.01,256,256,0,2026-01-01T01:43:56Z
order_00005275,batch_0004,trader_0003,ETH-USD,BUY,1800.85,911,911,0,2026-01-01T01:27:54Z
order_00001834,batch_0004,trader_0021,ETH-USD,BUY,1800.55,649,649,0,2026-01-01T00:30:33Z
order_00004828,batch_0004,trader_0019,ETH-USD,SELL,1996.63,900,900,0,2026-01-01T01:20:27Z
order_00002054,batch_0004,trader_0024,ETH-USD,SELL,1996.68,964,964,0,2026-01-01T00:34:13Z
order_00006211,batch_0004,trader_0005,ETH-USD,SELL,1996.73,317,317,0,2026-01-01T01:43:30Z
order_00004134,batch_0004,trader_0022,ETH-USD,SELL,1996.89,297,297,0,2026-01-01T01:08:53Z
order_00006065,batch_0004,trader_0018,ETH-USD,SELL,1997.37,520,520,0,2026-01-01T01:41:04Z
order_00002604,batch_0004,trader_0023,ETH-USD,SELL,1998.01,221,221,0,2026-01-01T00:43:23Z
order_00005751,batch_0004,trader_0009,ETH-USD,SELL,1998.08,708,708,0,2026-01-01T01:35:50Z
order_00003218,batch_0004,trader_0013,ETH-USD,SELL,1998.14,394,394,0,2026-01-01T00:53:37Z
order_00004237,batch_0004,trader_0023,ETH-USD,SELL,1998.46,449,449,0,2026-01-01T01:10:36Z
order_00002034,batch_0004,trader_0003,ETH-USD,SELL,1998.58,258,258,0,2026-01-01T00:33:53Z
order_00005029,batch_0004,trader_0001,ETH-USD,SELL,1998.62,598,598,0,2026-01-01T01:23:48Z
order_00004474,batch_0004,trader_0019,ETH-USD,SELL,1998.65,53,53,0,2026-01-01T01:14:33Z
order_00004121,batch_0004,trader_0003,ETH-USD,SELL,1998.67,136,136,0,2026-01-01T01:08:40Z
order_00002000,batch_0004,trader_0025,ETH-USD,SELL,1998.69,345,345,0,2026-01-01T00:33:19Z
order_00003322,batch_0004,trader_0005,ETH-USD,SELL,1998.69,752,752,0,2026-01-01T00:55:21Z
order_00002002,batch_0004,trader_0003,ETH-USD,SELL,1998.78,207,207,0,2026-01-01T00:33:21Z
order_00004576,batch_0004,trader_0017,ETH-USD,SELL,1998.81,643,643,0,2026-01-01T01:16:15Z
order_00003917,batch_0004,trader_0025,ETH-USD,SELL,1999.05,314,314,0,2026-01-01T01:05:16Z
order_00002576,batch_0004,trader_0003,ETH-USD,SELL,1999.17,131,131,0,2026-01-01T00:42:55Z
order_00005562,batch_0004,trader_0004,ETH-USD,SELL,1999.22,696,696,0,2026-01-01T01:32:41Z
order_00002389,batch_0004,trader_0015,ETH-USD,SELL,1999.44,384,384,0,2026-01-01T00:39:48Z
order_00003622,batch_0004,trader_0019,ETH-USD,SELL,1999.52,366,366,0,2026-01-01T01:00:21Z
order_00002238,batch_0004,trader_0014,ETH-USD,SELL,1999.53,599,599,0,2026-01-01T00:37:17Z
order_00005928,batch_0004,trader_0016,ETH-USD,SELL,1999.56,265,265,0,2026-01-01T01:38:47Z
order_00003833,batch_0004,trader_0003,ETH-USD,SELL,1999.93,865,865,0,2026-01-01T01:03:52Z
order_00006239,batch_0004,trader_0017,ETH-USD,SELL,2000.18,295,295,0,2026-01-01T01:43:58Z
order_00004132,batch_0004,trader_0011,ETH-USD,SELL,2000.23,141,141,0,2026-01-01T01:08:51Z
order_00006225,batch_0004,trader_0016,ETH-USD,SELL,2000.24,311,311,0,2026-01-01T01:43:44Z
order_00003167,batch_0004,trader_0012,ETH-USD,SELL,2000.34,486,486,0,2026-01-01T00:52:46Z
order_00004472,batch_0004,trader_0024,ETH-USD,SELL,2000.7,17,17,0,2026-01-01T01:14:31Z
order_00004990,batch_0004,trader_0019,ETH-USD,SELL,2001.38,532,532,0,2026-01-01T01:23:09Z
order_00006064,batch_0004,trader_0017,ETH-USD,SELL,2001.55,605,605,0,2026-01-01T01:41:03Z
order_00003774,batch_0004,trader_0013,ETH-USD,SELL,2001.89,996,996,0,2026-01-01T01:02:53Z
order_00006054,batch_0004,trader_0025,ETH-USD,SELL,2002.26,178,178,0,2026-01-01T01:40:53Z
order_00002192,batch_0004,trader_0006,ETH-USD,SELL,2002.92,43,43,0,2026-01-01T00:36:31Z
order_00001653,batch_0004,trader_0013,ETH-USD,SELL,2003.18,131,131,0,2026-01-01T00:27:32Z
order_00005542,batch_0004,trader_0011,ETH-USD,SELL,2003.22,314,314,0,2026-01-01T01:32:21Z
order_00006546,batch_0004,trader_0017,ETH-USD,SELL,2003.23,463,463,0,2026-01-01T01:49:05Z
order_00003924,batch_0004,trader_0006,ETH-USD,SELL,2003.35,757,757,0,2026-01-01T01:05:23Z
order_00004569,batch_0004,trader_0005,ETH-USD,SELL,2003.88,565,565,0,2026-01-01T01:16:08Z
order_00005437,batch_0004,trader_0008,ETH-USD,SELL,2004.17,424,424,0,2026-01-01T01:30:36Z
order_00003250,batch_0004,trader_0008,ETH-USD,SELL,2004.41,116,116,0,2026-01-01T00:54:09Z
order_00004294,batch_0004,trader_0014,ETH-USD,SELL,2004.45,284,284,0,2026-01-01T01:11:33Z
order_00002661,batch_0004,trader_0006,ETH-USD,SELL,2004.57,841,841,0,2026-01-01T00:44:20Z
order_00004271,batch_0004,trader_0013,ETH-USD,SELL,2004.58,482,482,0,2026-01-01T01:11:10Z
order_00005594,batch_0004,trader_0013,ETH-USD,SELL,2004.58,47,47,0,2026-01-01T01:33:13Z
order_00004120,batch_0004,trader_0024,ETH-USD,SELL,2004.68,905,905,0,2026-01-01T01:08:39Z
order_00003109,batch_0004,trader_0005,ETH-USD,SELL,2004.88,595,595,0,2026-01-01T00:51:48Z
order_00005325,batch_0004,trader_0003,ETH-USD,SELL,2004.89,343,343,0,2026-01-01T01:28:44Z
order_00003363,batch_0004,trader_0001,ETH-USD,SELL,2004.94,436,436,0,2026-01-01T00:56:02Z
order_00001839,batch_0004,trader_0022,ETH-USD,SELL,2005.89,57,57,0,2026-01-01T00:30:38Z
order_00001996,batch_0004,trader_0014,ETH-USD,SELL,2005.9,582,582,0,2026-01-01T00:33:15Z
order_00003520,batch_0004,trader_0020,ETH-USD,SELL,2005.96,203,203,0,2026-01-01T00:58:39Z
order_00002188,batch_0004,trader_0022,ETH-USD,SELL,2006.15,895,895,0,2026-01-01T00:36:27Z
order_00001694,batch_0004,trader_0017,ETH-USD,SELL,2006.78,477,477,0,2026-01-01T00:28:13Z
order_00006531,batch_0004,trader_0020,ETH-USD,SELL,2007.01,837,837,0,2026-01-01T01:48:50Z
order_00006592,batch_0004,trader_0003,ETH-USD,SELL,2007.03,33,33,0,2026-01-01T01:49:51Z
order_00002210,batch_0004,trader_0010,ETH-USD,SELL,2007.91,897,897,0,2026-01-01T00:36:49Z
order_00004731,batch_0004,trader_0007,ETH-USD,SELL,2008.1,57,57,0,2026-01-01T01:18:50Z
order_00002219,batch_0004,trader_0018,ETH-USD,SELL,2008.19,130,130,0,2026-01-01T00:36:58Z
order_00005019,batch_0004,trader_0005,ETH-USD,SELL,2008.4,796,796,0,2026-01-01T01:23:38Z
order_00002973,batch_0004,trader_0009,ETH-USD,SELL,2008.7,163,163,0,2026-01-01T00:49:32Z
order_00003634,batch_0004,trader_0002,ETH-USD,SELL,2009.02,136,136,0,2026-01-01T01:00:33Z
order_00002246,batch_0004,trader_0004,ETH-USD,SELL,2009.11,42,42,0,2026-01-01T00:37:25Z
order_00001930,batch_0004,trader_0011,ETH-USD,SELL,2009.25,612,612,0,2026-01-01T00:32:09Z
order_00006343,batch_0004,trader_0013,ETH-USD,SELL,2009.33,959,959,0,2026-01-01T01:45:42Z
order_00002767,batch_0004,trader_0010,ETH-USD,SELL,2010.03,738,738,0,2026-01-01T00:46:06Z
order_00003618,batch_0004,trader_0006,ETH-USD,SELL,2010.09,892,892,0,2026-01-01T01:00:17Z
order_00002109,batch_0004,trader_0019,ETH-USD,SELL,2010.41,5,5,0,2026-01-01T00:35:08Z
order_00003208,batch_0004,trader_0009,ETH-USD,SELL,2010.74,251,251,0,2026-01-01T00:53:27Z
order_00002378,batch_0004,trader_0020,ETH-USD,SELL,2010.77,964,964,0,2026-01-01T00:39:37Z
order_00005306,batch_0004,trader_0022,ETH-USD,SELL,2011.66,484,484,0,2026-01-01T01:28:25Z
order_00005187,batch_0004,trader_0019,ETH-USD,SELL,2012.14,306,306,0,2026-01-01T01:26:26Z
order_00003996,batch_0004,trader_0021,ETH-USD,SELL,2012.24,628,628,0,2026-01-01T01:06:35Z
order_00004616,batch_0004,trader_0019,ETH-USD,SELL,2012.35,694,694,0,2026-01-01T01:16:55Z
order_00004332,batch_0004,trader_0007,ETH-USD,SELL,2012.37,614,614,0,2026-01-01T01:12:11Z
order_00004515,batch_0004,trader_0003,ETH-USD,SELL,2012.38,999,999,0,2026-01-01T01:15:14Z
order_00005525,batch_0004,trader_0008,ETH-USD,SELL,2012.65,374,374,0,2026-01-01T01:32:04Z
order_00002674,batch_0004,trader_0020,ETH-USD,SELL,2012.67,808,808,0,2026-01-01T00:44:33Z
order_00003912,batch_0004,trader_0013,ETH-USD,SELL,2012.77,720,720,0,2026-01-01T01:05:11Z
order_00002824,batch_0004,trader_0008,ETH-USD,SELL,2012.99,505,505,0,2026-01-01T00:47:03Z
order_00005209,batch_0004,trader_0017,ETH-USD,SELL,2013.36,258,258,0,2026-01-01T01:26:48Z
order_00001644,batch_0004,trader_0025,ETH-USD,SELL,2013.39,829,829,0,2026-01-01T00:27:23Z
order_00004808,batch_0004,trader_0003,ETH-USD,SELL,2013.41,691,691,0,2026-01-01T01:20:07Z
order_00001873,batch_0004,trader_0004,ETH-USD,SELL,2013.46,167,167,0,2026-01-01T00:31:12Z
order_00005517,batch_0004,trader_0016,ETH-USD,SELL,2013.52,41,41,0,2026-01-01T01:31:56Z
order_00005872,batch_0004,trader_0025,ETH-USD,SELL,2013.55,409,409,0,2026-01-01T01:37:51Z
order_00006567,batch_0004,trader_0010,ETH-USD,SELL,2013.56,7,7,0,2026-01-01T01:49:26Z
order_00005555,batch_0004,trader_0022,ETH-USD,SELL,2013.66,31,31,0,2026-01-01T01:32:34Z
order_00005302,batch_0004,trader_0019,ETH-USD,SELL,2013.72,387,387,0,2026-01-01T01:28:21Z
order_00002692,batch_0004,trader_0012,ETH-USD,SELL,2013.73,720,720,0,2026-01-01T00:44:51Z
order_00002426,batch_0004,trader_0007,ETH-USD,SELL,2013.8,66,66,0,2026-01-01T00:40:25Z
order_00005645,batch_0004,trader_0016,ETH-USD,SELL,2013.91,544,544,0,2026-01-01T01:34:04Z
order_00005959,batch_0004,trader_0006,ETH-USD,SELL,2013.98,519,519,0,2026-01-01T01:39:18Z
order_00004471,batch_0004,trader_0018,ETH-USD,SELL,2014.1,281,281,0,2026-01-01T01:14:30Z
order_00001867,batch_0004,trader_0006,ETH-USD,SELL,2014.13,729,729,0,2026-01-01T00:31:06Z
order_00001612,batch_0004,trader_0007,ETH-USD,SELL,2014.35,569,569,0,2026-01-01T00:26:51Z
order_00002637,batch_0004,trader_0013,ETH-USD,SELL,2015.0,815,815,0,2026-01-01T00:43:56Z
order_00003306,batch_0004,trader_0007,ETH-USD,SELL,2015.17,553,553,0,2026-01-01T00:55:05Z
order_00005863,batch_0004,trader_0004,ETH-USD,SELL,2015.29,957,957,0,2026-01-01T01:37:42Z
order_00003874,batch_0004,trader_0022,ETH-USD,SELL,2015.36,318,318,0,2026-01-01T01:04:33Z
order_00005258,batch_0004,trader_0013,ETH-USD,SELL,2015.55,896,896,0,2026-01-01T01:27:37Z
order_00001984,batch_0004,trader_0016,ETH-USD,SELL,2015.76,702,702,0,2026-01-01T00:33:03Z
order_00005265,batch_0004,trader_0013,ETH-USD,SELL,2016.18,613,613,0,2026-01-01T01:27:44Z
order_00003405,batch_0004,trader_0022,ETH-USD,SELL,2016.41,575,575,0,2026-01-01T00:56:44Z
order_00005929,batch_0004,trader_0022,ETH-USD,SELL,2016.47,311,311,0,2026-01-01T01:38:48Z
order_00004317,batch_0004,trader_0009,ETH-USD,SELL,2016.51,24,24,0,2026-01-01T01:11:56Z
order_00004924,batch_0004,trader_0011,ETH-USD,SELL,2016.54,287,287,0,2026-01-01T01:22:03Z
order_00005373,batch_0004,trader_0007,ETH-USD,SELL,2016.78,954,954,0,2026-01-01T01:29:32Z
order_00006525,batch_0004,trader_0015,ETH-USD,SELL,2016.89,85,85,0,2026-01-01T01:48:44Z
order_00004186,batch_0004,trader_0012,ETH-USD,SELL,2016.91,692,692,0,2026-01-01T01:09:45Z
order_00003232,batch_0004,trader_0011,ETH-USD,SELL,2017.12,790,790,0,2026-01-01T00:53:51Z
order_00004194,batch_0004,trader_0017,ETH-USD,SELL,2017.6,514,514,0,2026-01-01T01:09:53Z
order_00006072,batch_0004,trader_0013,ETH-USD,SELL,2017.98,191,191,0,2026-01-01T01:41:11Z
order_00006557,batch_0004,trader_0013,ETH-USD,SELL,2018.03,80,80,0,2026-01-01T01:49:16Z
order_00003436,batch_0004,trader_0004,ETH-USD,SELL,2018.23,769,769,0,2026-01-01T00:57:15Z
order_00001977,batch_0004,trader_0025,ETH-USD,SELL,2018.65,554,554,0,2026-01-01T00:32:56Z
order_00005164,batch_0004,trader_0002,ETH-USD,SELL,2018.65,772,772,0,2026-01-01T01:26:03Z
order_00003961,batch_0004,trader_0011,ETH-USD,SELL,2018.85,147,147,0,2026-01-01T01:06:00Z
order_00004539,batch_0004,trader_0002,ETH-USD,SELL,2019.03,505,505,0,2026-01-01T01:15:38Z
order_00002058,batch_0004,trader_0011,ETH-USD,SELL,2019.09,833,833,0,2026-01-01T00:34:17Z
order_00001862,batch_0004,trader_0015,ETH-USD,SELL,2019.39,863,863,0,2026-01-01T00:31:01Z
order_00004135,batch_0004,trader_0002,ETH-USD,SELL,2020.01,425,425,0,2026-01-01T01:08:54Z
order_00003566,batch_0004,trader_0012,ETH-USD,SELL,2020.03,411,411,0,2026-01-01T00:59:25Z
order_00006594,batch_0004,trader_0021,ETH-USD,SELL,2020.11,425,425,0,2026-01-01T01:49:53Z
order_00006236,batch_0004,trader_0017,ETH-USD,SELL,2020.17,560,560,0,2026-01-01T01:43:55Z
order_00001926,batch_0004,trader_0025,ETH-USD,SELL,2020.45,730,730,0,2026-01-01T00:32:05Z
order_00005322,batch_0004,trader_0009,ETH-USD,SELL,2020.57,661,661,0,2026-01-01T01:28:41Z
order_00006190,batch_0004,trader_0011,ETH-USD,SELL,2020.66,143,143,0,2026-01-01T01:43:09Z
order_00002654,batch_0004,trader_0019,ETH-USD,SELL,2020.83,617,617,0,2026-01-01T00:44:13Z
order_00004525,batch_0004,trader_0010,ETH-USD,SELL,2020.95,929,929,0,2026-01-01T01:15:24Z
order_00004706,batch_0004,trader_0017,ETH-USD,SELL,2021.02,798,798,0,2026-01-01T01:18:25Z
order_00002165,batch_0004,trader_0010,ETH-USD,SELL,2021.72,749,749,0,2026-01-01T00:36:04Z
order_00003906,batch_0004,trader_0011,ETH-USD,SELL,2021.78,685,685,0,2026-01-01T01:05:05Z
order_00006333,batch_0004,trader_0010,ETH-USD,SELL,2022.0,191,191,0,2026-01-01T01:45:32Z
order_00006380,batch_0004,trader_0018,ETH-USD,SELL,2022.08,938,938,0,2026-01-01T01:46:19Z
order_00005899,batch_0004,trader_0022,ETH-USD,SELL,2022.22,587,587,0,2026-01-01T01:38:18Z
order_00003561,batch_0004,trader_0016,ETH-USD,SELL,2022.58,291,291,0,2026-01-01T00:59:20Z
order_00004850,batch_0004,trader_0018,ETH-USD,SELL,2023.01,41,41,0,2026-01-01T01:20:49Z
order_00005278,batch_0004,trader_0022,ETH-USD,SELL,2023.24,889,889,0,2026-01-01T01:27:57Z
order_00004178,batch_0004,trader_0023,ETH-USD,SELL,2023.58,446,446,0,2026-01-01T01:09:37Z
order_00002357,batch_0004,trader_0002,ETH-USD,SELL,2023.78,856,856,0,2026-01-01T00:39:16Z
order_00004247,batch_0004,trader_0008,ETH-USD,SELL,2023.87,119,119,0,2026-01-01T01:10:46Z
order_00004626,batch_0004,trader_0013,ETH-USD,SELL,2024.03,116,116,0,2026-01-01T01:17:05Z
order_00002321,batch_0004,trader_0015,ETH-USD,SELL,2024.05,698,698,0,2026-01-01T00:38:40Z
order_00003815,batch_0004,trader_0019,ETH-USD,SELL,2024.27,500,500,0,2026-01-01T01:03:34Z
order_00003093,batch_0004,trader_0003,ETH-USD,SELL,2024.3,788,788,0,2026-01-01T00:51:32Z
order_00002998,batch_0004,trader_0023,ETH-USD,SELL,2024.38,106,106,0,2026-01-01T00:49:57Z
order_00004914,batch_0004,trader_0020,ETH-USD,SELL,2024.59,485,485,0,2026-01-01T01:21:53Z
order_00005619,batch_0004,trader_0005,ETH-USD,SELL,2024.67,669,669,0,2026-01-01T01:33:38Z
order_00003731,batch_0004,trader_0005,ETH-USD,SELL,2025.83,182,182,0,2026-01-01T01:02:10Z
order_00006598,batch_0004,trader_0021,ETH-USD,SELL,2025.98,975,975,0,2026-01-01T01:49:57Z
order_00004587,batch_0004,trader_0005,ETH-USD,SELL,2026.06,106,106,0,2026-01-01T01:16:26Z
order_00001879,batch_0004,trader_0015,ETH-USD,SELL,2026.09,819,819,0,2026-01-01T00:31:18Z
order_00004086,batch_0004,trader_0016,ETH-USD,SELL,2026.13,379,379,0,2026-01-01T01:08:05Z
order_00004806,batch_0004,trader_0020,ETH-USD,SELL,2026.17,165,165,0,2026-01-01T01:20:05Z
order_00003110,batch_0004,trader_0010,ETH-USD,SELL,2026.23,922,922,0,2026-01-01T00:51:49Z
order_00002228,batch_0004,trader_0021,ETH-USD,SELL,2026.24,596,596,0,2026-01-01T00:37:07Z
order_00001736,batch_0004,trader_0006,ETH-USD,SELL,2026.43,664,664,0,2026-01-01T00:28:55Z
order_00004383,batch_0004,trader_0003,ETH-USD,SELL,2026.54,767,767,0,2026-01-01T01:13:02Z
order_00003376,batch_0004,trader_0008,ETH-USD,SELL,2026.66,860,860,0,2026-01-01T00:56:15Z
order_00002548,batch_0004,trader_0007,ETH-USD,SELL,2026.84,462,462,0,2026-01-01T00:42:27Z
order_00001659,batch_0004,trader_0011,ETH-USD,SELL,2026.88,446,446,0,2026-01-01T00:27:38Z
order_00006199,batch_0004,trader_0021,ETH-USD,SELL,2027.12,131,131,0,2026-01-01T01:43:18Z
order_00004289,batch_0004,trader_0018,ETH-USD,SELL,2027.28,955,955,0,2026-01-01T01:11:28Z
order_00002284,batch_0004,trader_0015,ETH-USD,SELL,2027.3,312,312,0,2026-01-01T00:38:03Z
order_00002441,batch_0004,trader_0016,ETH-USD,SELL,2027.69,933,933,0,2026-01-01T00:40:40Z
order_00006110,batch_0004,trader_0018,ETH-USD,SELL,2027.79,114,114,0,2026-01-01T01:41:49Z
order_00001998,batch_0004,trader_0011,ETH-USD,SELL,2028.14,387,387,0,2026-01-01T00:33:17Z
order_00005434,batch_0004,trader_0021,ETH-USD,SELL,2028.53,33,33,0,2026-01-01T01:30:33Z
order_00004327,batch_0004,trader_0012,ETH-USD,SELL,2028.66,399,399,0,2026-01-01T01:12:06Z
order_00005316,batch_0004,trader_0005,ETH-USD,SELL,2028.66,919,919,0,2026-01-01T01:28:35Z
order_00004603,batch_0004,trader_0022,ETH-USD,SELL,2028.68,643,643,0,2026-01-01T01:16:42Z
order_00004465,batch_0004,trader_0011,ETH-USD,SELL,2028.76,624,624,0,2026-01-01T01:14:24Z
order_00003433,batch_0004,trader_0001,ETH-USD,SELL,2028.87,995,995,0,2026-01-01T00:57:12Z
order_00006509,batch_0004,trader_0015,ETH-USD,SELL,2029.04,399,399,0,2026-01-01T01:48:28Z
order_00004997,batch_0004,trader_0019,ETH-USD,SELL,2029.07,835,835,0,2026-01-01T01:23:16Z
order_00004752,batch_0004,trader_0021,ETH-USD,SELL,2029.11,724,724,0,2026-01-01T01:19:11Z
order_00002592,batch_0004,trader_0005,ETH-USD,SELL,2029.14,119,119,0,2026-01-01T00:43:11Z
order_00005456,batch_0004,trader_0016,ETH-USD,SELL,2029.14,535,535,0,2026-01-01T01:30:55Z
order_00006171,batch_0004,trader_0010,ETH-USD,SELL,2029.33,778,778,0,2026-01-01T01:42:50Z
order_00001823,batch_0004,trader_0001,ETH-USD,SELL,2029.48,936,936,0,2026-01-01T00:30:22Z
order_00003696,batch_0004,trader_0015,ETH-USD,SELL,2029.57,90,90,0,2026-01-01T01:01:35Z
order_00005332,batch_0004,trader_0024,ETH-USD,SELL,2029.81,728,728,0,2026-01-01T01:28:51Z
order_00003702,batch_0004,trader_0001,ETH-USD,SELL,2029.9,412,412,0,2026-01-01T01:01:41Z
order_00001837,batch_0004,trader_0007,ETH-USD,SELL,2030.09,556,556,0,2026-01-01T00:30:36Z
order_00003856,batch_0004,trader_0013,ETH-USD,SELL,2030.18,643,643,0,2026-01-01T01:04:15Z
order_00004686,batch_0004,trader_0017,ETH-USD,SELL,2030.28,526,526,0,2026-01-01T01:18:05Z
order_00005544,batch_0004,trader_0013,ETH-USD,SELL,2030.29,381,381,0,2026-01-01T01:32:23Z
order_00005147,batch_0004,trader_0014,ETH-USD,SELL,2030.3,617,617,0,2026-01-01T01:25:46Z
order_00002586,batch_0004,trader_0020,ETH-USD,SELL,2030.39,955,955,0,2026-01-01T00:43:05Z
order_00005630,batch_0004,trader_0013,ETH-USD,SELL,2030.49,94,94,0,2026-01-01T01:33:49Z
order_00002951,batch_0004,trader_0013,ETH-USD,SELL,2030.77,647,647,0,2026-01-01T00:49:10Z
order_00004900,batch_0004,trader_0004,ETH-USD,SELL,2030.79,845,845,0,2026-01-01T01:21:39Z
order_00006160,batch_0004,trader_0015,ETH-USD,SELL,2030.87,792,792,0,2026-01-01T01:42:39Z
order_00002818,batch_0004,trader_0024,ETH-USD,SELL,2031.14,116,116,0,2026-01-01T00:46:57Z
order_00006289,batch_0004,trader_0012,ETH-USD,SELL,2031.23,252,252,0,2026-01-01T01:44:48Z
order_00005651,batch_0004,trader_0011,ETH-USD,SELL,2031.29,805,805,0,2026-01-01T01:34:10Z
order_00006366,batch_0004,trader_0007,ETH-USD,SELL,2031.43,979,979,0,2026-01-01T01:46:05Z
order_00001860,batch_0004,trader_0021,ETH-USD,SELL,2031.48,422,422,0,2026-01-01T00:30:59Z
order_00005259,batch_0004,trader_0019,ETH-USD,SELL,2031.71,582,582,0,2026-01-01T01:27:38Z
order_00005715,batch_0004,trader_0017,ETH-USD,SELL,2031.78,732,732,0,2026-01-01T01:35:14Z
order_00001697,batch_0004,trader_0020,ETH-USD,SELL,2031.85,818,818,0,2026-01-01T00:28:16Z
order_00004313,batch_0004,trader_0020,ETH-USD,SELL,2031.86,446,446,0,2026-01-01T01:11:52Z
order_00003245,batch_0004,trader_0002,ETH-USD,SELL,2031.96,451,451,0,2026-01-01T00:54:04Z
order_00002410,batch_0004,trader_0021,ETH-USD,SELL,2031.98,842,842,0,2026-01-01T00:40:09Z
order_00002033,batch_0004,trader_0025,ETH-USD,SELL,2032.17,849,849,0,2026-01-01T00:33:52Z
order_00001909,batch_0004,trader_0019,ETH-USD,SELL,2032.43,371,371,0,2026-01-01T00:31:48Z
order_00005798,batch_0004,trader_0008,ETH-USD,SELL,2032.63,718,718,0,2026-01-01T01:36:37Z
order_00002836,batch_0004,trader_0016,ETH-USD,SELL,2032.64,679,679,0,2026-01-01T00:47:15Z
order_00006262,batch_0004,trader_0010,ETH-USD,SELL,2032.73,101,101,0,2026-01-01T01:44:21Z
order_00005862,batch_0004,trader_0001,ETH-USD,SELL,2032.8,846,846,0,2026-01-01T01:37:41Z
order_00004797,batch_0004,trader_0015,ETH-USD,SELL,2032.98,893,893,0,2026-01-01T01:19:56Z
order_00005983,batch_0004,trader_0015,ETH-USD,SELL,2033.14,469,469,0,2026-01-01T01:39:42Z
order_00002353,batch_0004,trader_0018,ETH-USD,SELL,2033.47,319,319,0,2026-01-01T00:39:12Z
order_00003613,batch_0004,trader_0009,ETH-USD,SELL,2033.69,152,152,0,2026-01-01T01:00:12Z
order_00004617,batch_0004,trader_0011,ETH-USD,SELL,2034.25,940,940,0,2026-01-01T01:16:56Z
order_00002108,batch_0004,trader_0019,ETH-USD,SELL,2034.27,680,680,0,2026-01-01T00:35:07Z
order_00003813,batch_0004,trader_0008,ETH-USD,SELL,2034.31,249,249,0,2026-01-01T01:03:32Z
order_00002422,batch_0004,trader_0019,ETH-USD,SELL,2034.78,334,334,0,2026-01-01T00:40:21Z
order_00003550,batch_0004,trader_0021,ETH-USD,SELL,2035.17,472,472,0,2026-01-01T00:59:09Z
order_00004061,batch_0004,trader_0012,ETH-USD,SELL,2035.26,327,327,0,2026-01-01T01:07:40Z
order_00004413,batch_0004,trader_0013,ETH-USD,SELL,2035.37,406,406,0,2026-01-01T01:13:32Z
order_00005970,batch_0004,trader_0003,ETH-USD,SELL,2035.54,408,408,0,2026-01-01T01:39:29Z
order_00002268,batch_0004,trader_0016,ETH-USD,SELL,2035.56,412,412,0,2026-01-01T00:37:47Z
order_00005680,batch_0004,trader_0025,ETH-USD,SELL,2035.64,618,618,0,2026-01-01T01:34:39Z
order_00005631,batch_0004,trader_0015,ETH-USD,SELL,2036.37,217,217,0,2026-01-01T01:33:50Z
order_00003910,batch_0004,trader_0017,ETH-USD,SELL,2036.45,860,860,0,2026-01-01T01:05:09Z
order_00005987,batch_0004,trader_0006,ETH-USD,SELL,2036.93,863,863,0,2026-01-01T01:39:46Z
order_00002348,batch_0004,trader_0007,ETH-USD,SELL,2037.15,70,70,0,2026-01-01T00:39:07Z
order_00002634,batch_0004,trader_0013,ETH-USD,SELL,2037.15,814,814,0,2026-01-01T00:43:53Z
order_00004508,batch_0004,trader_0016,ETH-USD,SELL,2037.15,120,120,0,2026-01-01T01:15:07Z
order_00004073,batch_0004,trader_0006,ETH-USD,SELL,2037.17,155,155,0,2026-01-01T01:07:52Z
order_00004399,batch_0004,trader_0008,ETH-USD,SELL,2037.54,826,826,0,2026-01-01T01:13:18Z
order_00003063,batch_0004,trader_0016,ETH-USD,SELL,2037.6,10,10,0,2026-01-01T00:51:02Z
order_00002064,batch_0004,trader_0014,ETH-USD,SELL,2037.61,868,868,0,2026-01-01T00:34:23Z
order_00003659,batch_0004,trader_0014,ETH-USD,SELL,2038.09,670,670,0,2026-01-01T01:00:58Z
order_00002229,batch_0004,trader_0012,ETH-USD,SELL,2038.22,865,865,0,2026-01-01T00:37:08Z
order_00005450,batch_0004,trader_0001,ETH-USD,SELL,2038.34,712,712,0,2026-01-01T01:30:49Z
order_00005028,batch_0004,trader_0005,ETH-USD,SELL,2038.48,583,583,0,2026-01-01T01:23:47Z
order_00003056,batch_0004,trader_0024,ETH-USD,SELL,2038.53,723,723,0,2026-01-01T00:50:55Z
order_00003485,batch_0004,trader_0023,ETH-USD,SELL,2038.74,908,908,0,2026-01-01T00:58:04Z
order_00005930,batch_0004,trader_0020,ETH-USD,SELL,2038.92,382,382,0,2026-01-01T01:38:49Z
order_00003639,batch_0004,trader_0010,ETH-USD,SELL,2039.32,221,221,0,2026-01-01T01:00:38Z
order_00003305,batch_0004,trader_0002,ETH-USD,SELL,2039.36,29,29,0,2026-01-01T00:55:04Z
order_00006419,batch_0004,trader_0011,ETH-USD,SELL,2039.38,770,770,0,2026-01-01T01:46:58Z
order_00004266,batch_0004,trader_0014,ETH-USD,SELL,2039.93,444,444,0,2026-01-01T01:11:05Z
order_00004755,batch_0004,trader_0024,ETH-USD,SELL,2040.12,778,778,0,2026-01-01T01:19:14Z
order_00006420,batch_0004,trader_0005,ETH-USD,SELL,2040.46,627,627,0,2026-01-01T01:46:59Z
order_00002600,batch_0004,trader_0005,ETH-USD,SELL,2040.59,151,151,0,2026-01-01T00:43:19Z
order_00006572,batch_0004,trader_0001,ETH-USD,SELL,2040.6,656,656,0,2026-01-01T01:49:31Z
order_00004054,batch_0004,trader_0017,ETH-USD,SELL,2040.62,304,304,0,2026-01-01T01:07:33Z
order_00004582,batch_0004,trader_0019,ETH-USD,SELL,2040.63,984,984,0,2026-01-01T01:16:21Z
order_00004187,batch_0004,trader_0005,ETH-USD,SELL,2040.86,89,89,0,2026-01-01T01:09:46Z
order_00006285,batch_0004,trader_0025,ETH-USD,SELL,2040.99,394,394,0,2026-01-01T01:44:44Z
order_00004814,batch_0004,trader_0001,ETH-USD,SELL,2041.17,81,81,0,2026-01-01T01:20:13Z
order_00002316,batch_0004,trader_0006,ETH-USD,SELL,2041.19,699,699,0,2026-01-01T00:38:35Z
order_00002557,batch_0004,trader_0025,ETH-USD,SELL,2041.19,385,385,0,2026-01-01T00:42:36Z
order_00002424,batch_0004,trader_0020,ETH-USD,SELL,2041.2,819,819,0,2026-01-01T00:40:23Z
order_00002437,batch_0004,trader_0010,ETH-USD,SELL,2041.48,163,163,0,2026-01-01T00:40:36Z
order_00002990,batch_0004,trader_0021,ETH-USD,SELL,2041.55,301,301,0,2026-01-01T00:49:49Z
order_00003721,batch_0004,trader_0024,ETH-USD,SELL,2041.94,759,759,0,2026-01-01T01:02:00Z
order_00003345,batch_0004,trader_0001,ETH-USD,SELL,2041.98,133,133,0,2026-01-01T00:55:44Z
order_00004273,batch_0004,trader_0022,ETH-USD,SELL,2042.08,699,699,0,2026-01-01T01:11:12Z
order_00003419,batch_0004,trader_0007,ETH-USD,SELL,2042.15,905,905,0,2026-01-01T00:56:58Z
order_00002532,batch_0004,trader_0022,ETH-USD,SELL,2042.17,268,268,0,2026-01-01T00:42:11Z
order_00004047,batch_0004,trader_0006,ETH-USD,SELL,2042.18,508,508,0,2026-01-01T01:07:26Z
order_00002974,batch_0004,trader_0018,ETH-USD,SELL,2042.44,198,198,0,2026-01-01T00:49:33Z
order_00002651,batch_0004,trader_0017,ETH-USD,SELL,2042.47,361,361,0,2026-01-01T00:44:10Z
order_00004832,batch_0004,trader_0008,ETH-USD,SELL,2042.6,704,704,0,2026-01-01T01:20:31Z
order_00005240,batch_0004,trader_0013,ETH-USD,SELL,2042.7,69,69,0,2026-01-01T01:27:19Z
order_00002574,batch_0004,trader_0023,ETH-USD,SELL,2042.87,301,301,0,2026-01-01T00:42:53Z
order_00002694,batch_0004,trader_0006,ETH-USD,SELL,2042.95,44,44,0,2026-01-01T00:44:53Z
order_00006341,batch_0004,trader_0014,ETH-USD,SELL,2042.95,487,487,0,2026-01-01T01:45:40Z
order_00002789,batch_0004,trader_0003,ETH-USD,SELL,2043.13,704,704,0,2026-01-01T00:46:28Z
order_00005466,batch_0004,trader_0005,ETH-USD,SELL,2043.46,385,385,0,2026-01-01T01:31:05Z
order_00005006,batch_0004,trader_0004,ETH-USD,SELL,2043.48,96,96,0,2026-01-01T01:23:25Z
order_00002871,batch_0004,trader_0017,ETH-USD,SELL,2043.5,747,747,0,2026-01-01T00:47:50Z
order_00003783,batch_0004,trader_0007,ETH-USD,SELL,2043.87,979,979,0,2026-01-01T01:03:02Z
order_00005136,batch_0004,trader_0013,ETH-USD,SELL,2043.93,856,856,0,2026-01-01T01:25:35Z
order_00002191,batch_0004,trader_0004,ETH-USD,SELL,2044.23,801,801,0,2026-01-01T00:36:30Z
order_00003503,batch_0004,trader_0025,ETH-USD,SELL,2044.23,2,2,0,2026-01-01T00:58:22Z
order_00005365,batch_0004,trader_0008,ETH-USD,SELL,2044.31,680,680,0,2026-01-01T01:29:24Z
order_00002561,batch_0004,trader_0012,ETH-USD,SELL,2044.32,388,388,0,2026-01-01T00:42:40Z
order_00002731,batch_0004,trader_0007,ETH-USD,SELL,2044.44,515,515,0,2026-01-01T00:45:30Z
order_00005679,batch_0004,trader_0013,ETH-USD,SELL,2044.79,313,313,0,2026-01-01T01:34:38Z
order_00001925,batch_0004,trader_0017,ETH-USD,SELL,2045.37,573,573,0,2026-01-01T00:32:04Z
order_00005411,batch_0004,trader_0004,ETH-USD,SELL,2045.37,642,642,0,2026-01-01T01:30:10Z
order_00003749,batch_0004,trader_0023,ETH-USD,SELL,2045.44,980,980,0,2026-01-01T01:02:28Z
order_00004575,batch_0004,trader_0017,ETH-USD,SELL,2045.44,877,877,0,2026-01-01T01:16:14Z
order_00004926,batch_0004,trader_0006,ETH-USD,SELL,2045.46,862,862,0,2026-01-01T01:22:05Z
order_00006055,batch_0004,trader_0015,ETH-USD,SELL,2045.47,962,962,0,2026-01-01T01:40:54Z
order_00003879,batch_0004,trader_0017,ETH-USD,SELL,2045.54,73,73,0,2026-01-01T01:04:38Z
order_00001746,batch_0004,trader_0004,ETH-USD,SELL,2045.59,224,224,0,2026-01-01T00:29:05Z
order_00003642,batch_0004,trader_0015,ETH-USD,SELL,2045.77,651,651,0,2026-01-01T01:00:41Z
order_00002001,batch_0004,trader_0012,ETH-USD,SELL,2045.93,171,171,0,2026-01-01T00:33:20Z
order_00005106,batch_0004,trader_0017,ETH-USD,SELL,2046.08,769,769,0,2026-01-01T01:25:05Z
order_00003233,batch_0004,trader_0012,ETH-USD,SELL,2046.22,40,40,0,2026-01-01T00:53:52Z
order_00006082,batch_0004,trader_0004,ETH-USD,SELL,2046.45,732,732,0,2026-01-01T01:41:21Z
order_00002152,batch_0004,trader_0023,ETH-USD,SELL,2046.7,998,998,0,2026-01-01T00:35:51Z
order_00004937,batch_0004,trader_0013,ETH-USD,SELL,2046.76,538,538,0,2026-01-01T01:22:16Z
order_00006575,batch_0004,trader_0018,ETH-USD,SELL,2046.77,66,66,0,2026-01-01T01:49:34Z
order_00006120,batch_0004,trader_0007,ETH-USD,SELL,2046.81,385,385,0,2026-01-01T01:41:59Z
order_00003531,batch_0004,trader_0024,ETH-USD,SELL,2046.9,706,706,0,2026-01-01T00:58:50Z
order_00005940,batch_0004,trader_0018,ETH-USD,SELL,2046.99,253,253,0,2026-01-01T01:38:59Z
order_00003734,batch_0004,trader_0006,ETH-USD,SELL,2047.02,381,381,0,2026-01-01T01:02:13Z
order_00005884,batch_0004,trader_0019,ETH-USD,SELL,2047.12,703,703,0,2026-01-01T01:38:03Z
order_00003014,batch_0004,trader_0001,ETH-USD,SELL,2047.19,961,961,0,2026-01-01T00:50:13Z
order_00002849,batch_0004,trader_0008,ETH-USD,SELL,2047.62,411,411,0,2026-01-01T00:47:28Z
order_00005497,batch_0004,trader_0013,ETH-USD,SELL,2048.04,69,69,0,2026-01-01T01:31:36Z
order_00001838,batch_0004,trader_0011,ETH-USD,SELL,2048.18,83,83,0,2026-01-01T00:30:37Z
order_00003739,batch_0004,trader_0001,ETH-USD,SELL,2048.77,272,272,0,2026-01-01T01:02:18Z
order_00004001,batch_0004,trader_0011,ETH-USD,SELL,2049.29,372,372,0,2026-01-01T01:06:40Z
order_00001686,batch_0004,trader_0015,ETH-USD,SELL,2049.3,436,436,0,2026-01-01T00:28:05Z
order_00005730,batch_0004,trader_0008,ETH-USD,SELL,2049.44,157,157,0,2026-01-01T01:35:29Z
order_00006500,batch_0004,trader_0002,ETH-USD,SELL,2049.47,185,185,0,2026-01-01T01:48:19Z
order_00002365,batch_0004,trader_0008,ETH-USD,SELL,2049.57,478,478,0,2026-01-01T00:39:24Z
order_00003404,batch_0004,trader_0013,ETH-USD,SELL,2049.8,377,377,0,2026-01-01T00:56:43Z
order_00003344,batch_0004,trader_0020,ETH-USD,SELL,2050.11,799,799,0,2026-01-01T00:55:43Z
order_00006210,batch_0004,trader_0007,ETH-USD,SELL,2050.37,818,818,0,2026-01-01T01:43:29Z
order_00005626,batch_0004,trader_0003,ETH-USD,SELL,2050.48,960,960,0,2026-01-01T01:33:45Z
order_00002016,batch_0004,trader_0017,ETH-USD,SELL,2050.7,745,745,0,2026-01-01T00:33:35Z
order_00004258,batch_0004,trader_0014,ETH-USD,SELL,2050.78,253,253,0,2026-01-01T01:10:57Z
order_00001793,batch_0004,trader_0010,ETH-USD,SELL,2050.88,91,91,0,2026-01-01T00:29:52Z
order_00001917,batch_0004,trader_0025,ETH-USD,SELL,2051.21,785,785,0,2026-01-01T00:31:56Z
order_00003967,batch_0004,trader_0019,ETH-USD,SELL,2051.31,781,781,0,2026-01-01T01:06:06Z
order_00002115,batch_0004,trader_0009,ETH-USD,SELL,2051.34,465,465,0,2026-01-01T00:35:14Z
order_00002732,batch_0004,trader_0005,ETH-USD,SELL,2051.56,606,606,0,2026-01-01T00:45:31Z
order_00004859,batch_0004,trader_0021,ETH-USD,SELL,2051.81,567,567,0,2026-01-01T01:20:58Z
order_00002260,batch_0004,trader_0025,ETH-USD,SELL,2052.04,586,586,0,2026-01-01T00:37:39Z
order_00005601,batch_0004,trader_0023,ETH-USD,SELL,2052.11,863,863,0,2026-01-01T01:33:20Z
order_00003263,batch_0004,trader_0024,ETH-USD,SELL,2052.13,589,589,0,2026-01-01T00:54:22Z
order_00004083,batch_0004,trader_0022,ETH-USD,SELL,2052.18,347,347,0,2026-01-01T01:08:02Z
order_00006590,batch_0004,trader_0002,ETH-USD,SELL,2052.32,423,423,0,2026-01-01T01:49:49Z
order_00004534,batch_0004,trader_0001,ETH-USD,SELL,2052.34,107,107,0,2026-01-01T01:15:33Z
order_00005647,batch_0004,trader_0019,ETH-USD,SELL,2052.39,964,964,0,2026-01-01T01:34:06Z
order_00003464,batch_0004,trader_0006,ETH-USD,SELL,2052.41,850,850,0,2026-01-01T00:57:43Z
order_00002957,batch_0004,trader_0012,ETH-USD,SELL,2052.6,650,650,0,2026-01-01T00:49:16Z
order_00006192,batch_0004,trader_0011,ETH-USD,SELL,2052.62,806,806,0,2026-01-01T01:43:11Z
order_00003569,batch_0004,trader_0021,ETH-USD,SELL,2053.25,984,984,0,2026-01-01T00:59:28Z
order_00003420,batch_0004,trader_0009,ETH-USD,SELL,2053.51,969,969,0,2026-01-01T00:56:59Z
order_00002929,batch_0004,trader_0023,ETH-USD,SELL,2053.64,448,448,0,2026-01-01T00:48:48Z
order_00002505,batch_0004,trader_0005,ETH-USD,SELL,2053.75,54,54,0,2026-01-01T00:41:44Z
order_00004556,batch_0004,trader_0007,ETH-USD,SELL,2054.02,879,879,0,2026-01-01T01:15:55Z
order_00005985,batch_0004,trader_0019,ETH-USD,SELL,2054.04,337,337,0,2026-01-01T01:39:44Z
order_00002221,batch_0004,trader_0001,ETH-USD,SELL,2054.27,776,776,0,2026-01-01T00:37:00Z
order_00003342,batch_0004,trader_0002,ETH-USD,SELL,2054.51,348,348,0,2026-01-01T00:55:41Z
order_00001905,batch_0004,trader_0004,ETH-USD,SELL,2054.62,855,855,0,2026-01-01T00:31:44Z
order_00002100,batch_0004,trader_0015,ETH-USD,SELL,2054.66,674,674,0,2026-01-01T00:34:59Z
order_00003797,batch_0004,trader_0017,ETH-USD,SELL,2054.7,12,12,0,2026-01-01T01:03:16Z
order_00002349,batch_0004,trader_0009,ETH-USD,SELL,2054.95,130,130,0,2026-01-01T00:39:08Z
order_00006442,batch_0004,trader_0009,ETH-USD,SELL,2055.08,473,473,0,2026-01-01T01:47:21Z
order_00003238,batch_0004,trader_0018,ETH-USD,SELL,2055.1,492,492,0,2026-01-01T00:53:57Z
order_00005088,batch_0004,trader_0021,ETH-USD,SELL,2055.55,505,505,0,2026-01-01T01:24:47Z
order_00005655,batch_0004,trader_0010,ETH-USD,SELL,2056.03,577,577,0,2026-01-01T01:34:14Z
order_00006583,batch_0004,trader_0022,ETH-USD,SELL,2056.36,977,977,0,2026-01-01T01:49:42Z
order_00006121,batch_0004,trader_0012,ETH-USD,SELL,2056.62,431,431,0,2026-01-01T01:42:00Z
order_00003841,batch_0004,trader_0010,ETH-USD,SELL,2056.92,718,718,0,2026-01-01T01:04:00Z
order_00005688,batch_0004,trader_0017,ETH-USD,SELL,2057.02,546,546,0,2026-01-01T01:34:47Z
order_00004932,batch_0004,trader_0004,ETH-USD,SELL,2057.06,135,135,0,2026-01-01T01:22:11Z
order_00004941,batch_0004,trader_0005,ETH-USD,SELL,2057.26,300,300,0,2026-01-01T01:22:20Z
order_00005868,batch_0004,trader_0018,ETH-USD,SELL,2057.3,547,547,0,2026-01-01T01:37:47Z
order_00004873,batch_0004,trader_0022,ETH-USD,SELL,2057.42,409,409,0,2026-01-01T01:21:12Z
order_00005256,batch_0004,trader_0004,ETH-USD,SELL,2057.46,247,247,0,2026-01-01T01:27:35Z
order_00002261,batch_0004,trader_0021,ETH-USD,SELL,2058.06,575,575,0,2026-01-01T00:37:40Z
order_00005803,batch_0004,trader_0018,ETH-USD,SELL,2058.52,28,28,0,2026-01-01T01:36:42Z
order_00005086,batch_0004,trader_0020,ETH-USD,SELL,2058.63,305,305,0,2026-01-01T01:24:45Z
order_00002124,batch_0004,trader_0021,ETH-USD,SELL,2058.87,292,292,0,2026-01-01T00:35:23Z
order_00001760,batch_0004,trader_0006,ETH-USD,SELL,2059.12,297,297,0,2026-01-01T00:29:19Z
order_00004544,batch_0004,trader_0016,ETH-USD,SELL,2059.34,262,262,0,2026-01-01T01:15:43Z
order_00002773,batch_0004,trader_0021,ETH-USD,SELL,2059.46,2,2,0,2026-01-01T00:46:12Z
order_00003968,batch_0004,trader_0016,ETH-USD,SELL,2059.55,21,21,0,2026-01-01T01:06:07Z
order_00003882,batch_0004,trader_0016,ETH-USD,SELL,2059.76,31,31,0,2026-01-01T01:04:41Z
order_00003728,batch_0004,trader_0013,ETH-USD,SELL,2060.17,87,87,0,2026-01-01T01:02:07Z
order_00005980,batch_0004,trader_0013,ETH-USD,SELL,2060.22,175,175,0,2026-01-01T01:39:39Z
order_00003423,batch_0004,trader_0006,ETH-USD,SELL,2060.84,446,446,0,2026-01-01T00:57:02Z
order_00004232,batch_0004,trader_0006,ETH-USD,SELL,2061.55,827,827,0,2026-01-01T01:10:31Z
order_00003348,batch_0004,trader_0017,ETH-USD,SELL,2061.97,65,65,0,2026-01-01T00:55:47Z
order_00006074,batch_0004,trader_0006,ETH-USD,SELL,2062.08,70,70,0,2026-01-01T01:41:13Z
order_00003141,batch_0004,trader_0012,ETH-USD,SELL,2062.37,179,179,0,2026-01-01T00:52:20Z
order_00004173,batch_0004,trader_0025,ETH-USD,SELL,2062.64,46,46,0,2026-01-01T01:09:32Z
order_00005623,batch_0004,trader_0013,ETH-USD,SELL,2062.74,485,485,0,2026-01-01T01:33:42Z
order_00002030,batch_0004,trader_0003,ETH-USD,SELL,2062.97,688,688,0,2026-01-01T00:33:49Z
order_00006587,batch_0004,trader_0021,ETH-USD,SELL,2063.27,741,741,0,2026-01-01T01:49:46Z
order_00002026,batch_0004,trader_0006,ETH-USD,SELL,2063.47,285,285,0,2026-01-01T00:33:45Z
order_00002649,batch_0004,trader_0015,ETH-USD,SELL,2063.66,301,301,0,2026-01-01T00:44:08Z
order_00005927,batch_0004,trader_0015,ETH-USD,SELL,2063.96,664,664,0,2026-01-01T01:38:46Z
order_00005989,batch_0004,trader_0022,ETH-USD,SELL,2064.13,624,624,0,2026-01-01T01:39:48Z
order_00005749,batch_0004,trader_0018,ETH-USD,SELL,2064.22,266,266,0,2026-01-01T01:35:48Z
order_00005869,batch_0004,trader_0006,ETH-USD,SELL,2064.3,359,359,0,2026-01-01T01:37:48Z
order_00004855,batch_0004,trader_0018,ETH-USD,SELL,2064.93,236,236,0,2026-01-01T01:20:54Z
order_00002468,batch_0004,trader_0022,ETH-USD,SELL,2065.02,657,657,0,2026-01-01T00:41:07Z
order_00003844,batch_0004,trader_0009,ETH-USD,SELL,2065.28,898,898,0,2026-01-01T01:04:03Z
order_00003487,batch_0004,trader_0002,ETH-USD,SELL,2065.36,134,134,0,2026-01-01T00:58:06Z
order_00002009,batch_0004,trader_0011,ETH-USD,SELL,2065.38,444,444,0,2026-01-01T00:33:28Z
order_00005979,batch_0004,trader_0010,ETH-USD,SELL,2065.43,420,420,0,2026-01-01T01:39:38Z
order_00003625,batch_0004,trader_0013,ETH-USD,SELL,2065.7,373,373,0,2026-01-01T01:00:24Z
order_00003445,batch_0004,trader_0014,ETH-USD,SELL,2065.8,964,964,0,2026-01-01T00:57:24Z
order_00005126,batch_0004,trader_0002,ETH-USD,SELL,2065.83,489,489,0,2026-01-01T01:25:25Z
order_00006570,batch_0004,trader_0003,ETH-USD,SELL,2065.95,977,977,0,2026-01-01T01:49:29Z
order_00002127,batch_0004,trader_0012,ETH-USD,SELL,2066.21,368,368,0,2026-01-01T00:35:26Z
order_00006029,batch_0004,trader_0003,ETH-USD,SELL,2066.26,462,462,0,2026-01-01T01:40:28Z
order_00002729,batch_0004,trader_0014,ETH-USD,SELL,2066.53,254,254,0,2026-01-01T00:45:28Z
order_00004674,batch_0004,trader_0010,ETH-USD,SELL,2066.79,686,686,0,2026-01-01T01:17:53Z
order_00004826,batch_0004,trader_0006,ETH-USD,SELL,2066.91,512,512,0,2026-01-01T01:20:25Z
order_00005528,batch_0004,trader_0016,ETH-USD,SELL,2067.38,869,869,0,2026-01-01T01:32:07Z
order_00003736,batch_0004,trader_0012,ETH-USD,SELL,2067.47,830,830,0,2026-01-01T01:02:15Z
order_00001696,batch_0004,trader_0022,ETH-USD,SELL,2067.49,984,984,0,2026-01-01T00:28:15Z
order_00002628,batch_0004,trader_0003,ETH-USD,SELL,2068.29,815,815,0,2026-01-01T00:43:47Z
order_00004013,batch_0004,trader_0012,ETH-USD,SELL,2068.7,970,970,0,2026-01-01T01:06:52Z
order_00004781,batch_0004,trader_0022,ETH-USD,SELL,2068.8,101,101,0,2026-01-01T01:19:40Z
order_00001607,batch_0004,trader_0016,ETH-USD,SELL,2068.99,945,945,0,2026-01-01T00:26:46Z
order_00003554,batch_0004,trader_0009,ETH-USD,SELL,2069.19,175,175,0,2026-01-01T00:59:13Z
order_00005847,batch_0004,trader_0007,ETH-USD,SELL,2069.27,395,395,0,2026-01-01T01:37:26Z
order_00004691,batch_0004,trader_0011,ETH-USD,SELL,2069.47,64,64,0,2026-01-01T01:18:10Z
order_00005122,batch_0004,trader_0019,ETH-USD,SELL,2069.74,512,512,0,2026-01-01T01:25:21Z
order_00003558,batch_0004,trader_0001,ETH-USD,SELL,2069.8,463,463,0,2026-01-01T00:59:17Z
order_00002153,batch_0004,trader_0010,ETH-USD,SELL,2070.04,707,707,0,2026-01-01T00:35:52Z
order_00005531,batch_0004,trader_0016,ETH-USD,SELL,2070.06,578,578,0,2026-01-01T01:32:10Z
order_00004280,batch_0004,trader_0009,ETH-USD,SELL,2070.44,531,531,0,2026-01-01T01:11:19Z
order_00004777,batch_0004,trader_0014,ETH-USD,SELL,2070.62,558,558,0,2026-01-01T01:19:36Z
order_00003390,batch_0004,trader_0017,ETH-USD,SELL,2070.67,902,902,0,2026-01-01T00:56:29Z
order_00002688,batch_0004,trader_0024,ETH-USD,SELL,2070.81,435,435,0,2026-01-01T00:44:47Z
order_00004062,batch_0004,trader_0003,ETH-USD,SELL,2071.28,621,621,0,2026-01-01T01:07:41Z
order_00002679,batch_0004,trader_0014,ETH-USD,SELL,2071.29,256,256,0,2026-01-01T00:44:38Z
order_00002724,batch_0004,trader_0011,ETH-USD,SELL,2071.32,54,54,0,2026-01-01T00:45:23Z
order_00002620,batch_0004,trader_0005,ETH-USD,SELL,2071.33,105,105,0,2026-01-01T00:43:39Z
order_00002167,batch_0004,trader_0016,ETH-USD,SELL,2071.47,958,958,0,2026-01-01T00:36:06Z
order_00004189,batch_0004,trader_0002,ETH-USD,SELL,2072.14,883,883,0,2026-01-01T01:09:48Z
order_00005567,batch_0004,trader_0014,ETH-USD,SELL,2072.79,410,410,0,2026-01-01T01:32:46Z
order_00005391,batch_0004,trader_0001,ETH-USD,SELL,2073.04,86,86,0,2026-01-01T01:29:50Z
order_00003891,batch_0004,trader_0004,ETH-USD,SELL,2073.08,61,61,0,2026-01-01T01:04:50Z
order_00002041,batch_0004,trader_0009,ETH-USD,SELL,2073.1,487,487,0,2026-01-01T00:34:00Z
order_00003100,batch_0004,trader_0007,ETH-USD,SELL,2073.33,143,143,0,2026-01-01T00:51:39Z
order_00002406,batch_0004,trader_0009,ETH-USD,SELL,2073.42,787,787,0,2026-01-01T00:40:05Z
order_00003884,batch_0004,trader_0014,ETH-USD,SELL,2074.14,972,972,0,2026-01-01T01:04:43Z
order_00006158,batch_0004,trader_0007,ETH-USD,SELL,2074.2,143,143,0,2026-01-01T01:42:37Z
order_00002021,batch_0004,trader_0008,ETH-USD,SELL,2074.74,263,263,0,2026-01-01T00:33:40Z
order_00004283,batch_0004,trader_0012,ETH-USD,SELL,2074.84,195,195,0,2026-01-01T01:11:22Z
order_00003016,batch_0004,trader_0014,ETH-USD,SELL,2075.04,883,883,0,2026-01-01T00:50:15Z
order_00003121,batch_0004,trader_0004,ETH-USD,SELL,2075.11,639,639,0,2026-01-01T00:52:00Z
order_00003673,batch_0004,trader_0023,ETH-USD,SELL,2075.12,400,400,0,2026-01-01T01:01:12Z
order_00003316,batch_0004,trader_0002,ETH-USD,SELL,2075.18,724,724,0,2026-01-01T00:55:15Z
order_00004642,batch_0004,trader_0016,ETH-USD,SELL,2075.18,85,85,0,2026-01-01T01:17:21Z
order_00004272,batch_0004,trader_0023,ETH-USD,SELL,2075.38,860,860,0,2026-01-01T01:11:11Z
order_00002528,batch_0004,trader_0023,ETH-USD,SELL,2075.4,651,651,0,2026-01-01T00:42:07Z
order_00003631,batch_0004,trader_0015,ETH-USD,SELL,2075.85,234,234,0,2026-01-01T01:00:30Z
order_00003630,batch_0004,trader_0021,ETH-USD,SELL,2075.88,188,188,0,2026-01-01T01:00:29Z
order_00001728,batch_0004,trader_0006,ETH-USD,SELL,2076.11,694,694,0,2026-01-01T00:28:47Z
order_00002469,batch_0004,trader_0015,ETH-USD,SELL,2076.14,400,400,0,2026-01-01T00:41:08Z
order_00002178,batch_0004,trader_0003,ETH-USD,SELL,2076.28,290,290,0,2026-01-01T00:36:17Z
order_00002360,batch_0004,trader_0015,ETH-USD,SELL,2076.74,712,712,0,2026-01-01T00:39:19Z
order_00005648,batch_0004,trader_0007,ETH-USD,SELL,2077.19,716,716,0,2026-01-01T01:34:07Z
order_00004928,batch_0004,trader_0011,ETH-USD,SELL,2077.27,832,832,0,2026-01-01T01:22:07Z
order_00005590,batch_0004,trader_0008,ETH-USD,SELL,2077.4,708,708,0,2026-01-01T01:33:09Z
order_00005205,batch_0004,trader_0016,ETH-USD,SELL,2077.58,490,490,0,2026-01-01T01:26:44Z
order_00006170,batch_0004,trader_0011,ETH-USD,SELL,2077.72,379,379,0,2026-01-01T01:42:49Z
order_00002658,batch_0004,trader_0018,ETH-USD,SELL,2077.81,963,963,0,2026-01-01T00:44:17Z
order_00004126,batch_0004,trader_0018,ETH-USD,SELL,2077.83,406,406,0,2026-01-01T01:08:45Z
order_00003030,batch_0004,trader_0003,ETH-USD,SELL,2077.99,211,211,0,2026-01-01T00:50:29Z
order_00003732,batch_0004,trader_0025,ETH-USD,SELL,2078.03,144,144,0,2026-01-01T01:02:11Z
order_00006411,batch_0004,trader_0007,ETH-USD,SELL,2078.06,292,292,0,2026-01-01T01:46:50Z
order_00004513,batch_0004,trader_0013,ETH-USD,SELL,2078.36,141,141,0,2026-01-01T01:15:12Z
order_00004602,batch_0004,trader_0001,ETH-USD,SELL,2078.38,570,570,0,2026-01-01T01:16:41Z
order_00005172,batch_0004,trader_0018,ETH-USD,SELL,2078.59,406,406,0,2026-01-01T01:26:11Z
order_00004029,batch_0004,trader_0011,ETH-USD,SELL,2078.74,277,277,0,2026-01-01T01:07:08Z
order_00003335,batch_0004,trader_0023,ETH-USD,SELL,2078.79,356,356,0,2026-01-01T00:55:34Z
order_00005344,batch_0004,trader_0002,ETH-USD,SELL,2079.21,657,657,0,2026-01-01T01:29:03Z
order_00006304,batch_0004,trader_0013,ETH-USD,SELL,2079.31,398,398,0,2026-01-01T01:45:03Z
order_00002448,batch_0004,trader_0002,ETH-USD,SELL,2079.46,403,403,0,2026-01-01T00:40:47Z
order_00005355,batch_0004,trader_0008,ETH-USD,SELL,2079.65,336,336,0,2026-01-01T01:29:14Z
order_00003925,batch_0004,trader_0007,ETH-USD,SELL,2079.67,698,698,0,2026-01-01T01:05:24Z
order_00001642,batch_0004,trader_0020,ETH-USD,SELL,2079.75,707,707,0,2026-01-01T00:27:21Z
order_00002573,batch_0004,trader_0004,ETH-USD,SELL,2079.8,878,878,0,2026-01-01T00:42:52Z
order_00002580,batch_0004,trader_0004,ETH-USD,SELL,2079.96,676,676,0,2026-01-01T00:42:59Z
order_00004051,batch_0004,trader_0023,ETH-USD,SELL,2079.99,194,194,0,2026-01-01T01:07:30Z
order_00005163,batch_0004,trader_0020,ETH-USD,SELL,2080.08,130,130,0,2026-01-01T01:26:02Z
order_00002607,batch_0004,trader_0002,ETH-USD,SELL,2080.16,231,231,0,2026-01-01T00:43:26Z
order_00006432,batch_0004,trader_0020,ETH-USD,SELL,2080.49,146,146,0,2026-01-01T01:47:11Z
order_00001845,batch_0004,trader_0025,ETH-USD,SELL,2081.14,983,983,0,2026-01-01T00:30:44Z
order_00004042,batch_0004,trader_0007,ETH-USD,SELL,2081.66,58,58,0,2026-01-01T01:07:21Z
order_00006354,batch_0004,trader_0001,ETH-USD,SELL,2081.79,601,601,0,2026-01-01T01:45:53Z
order_00005681,batch_0004,trader_0009,ETH-USD,SELL,2082.27,854,854,0,2026-01-01T01:34:40Z
order_00006538,batch_0004,trader_0015,ETH-USD,SELL,2082.36,234,234,0,2026-01-01T01:48:57Z
order_00005600,batch_0004,trader_0016,ETH-USD,SELL,2082.43,188,188,0,2026-01-01T01:33:19Z
order_00006514,batch_0004,trader_0003,ETH-USD,SELL,2082.44,752,752,0,2026-01-01T01:48:33Z
order_00005082,batch_0004,trader_0023,ETH-USD,SELL,2083.0,879,879,0,2026-01-01T01:24:41Z
order_00001752,batch_0004,trader_0025,ETH-USD,SELL,2083.04,528,528,0,2026-01-01T00:29:11Z
order_00002979,batch_0004,trader_0021,ETH-USD,SELL,2083.23,357,357,0,2026-01-01T00:49:38Z
order_00001868,batch_0004,trader_0022,ETH-USD,SELL,2083.24,860,860,0,2026-01-01T00:31:07Z
order_00006445,batch_0004,trader_0009,ETH-USD,SELL,2083.28,242,242,0,2026-01-01T01:47:24Z
order_00002768,batch_0004,trader_0018,ETH-USD,SELL,2083.3,304,304,0,2026-01-01T00:46:07Z
order_00004695,batch_0004,trader_0013,ETH-USD,SELL,2083.55,905,905,0,2026-01-01T01:18:14Z
order_00005678,batch_0004,trader_0003,ETH-USD,SELL,2083.61,315,315,0,2026-01-01T01:34:37Z
order_00002088,batch_0004,trader_0002,ETH-USD,SELL,2083.83,613,613,0,2026-01-01T00:34:47Z
order_00001849,batch_0004,trader_0022,ETH-USD,SELL,2083.93,482,482,0,2026-01-01T00:30:48Z
order_00002379,batch_0004,trader_0004,ETH-USD,SELL,2084.38,900,900,0,2026-01-01T00:39:38Z
order_00002241,batch_0004,trader_0005,ETH-USD,SELL,2084.46,497,497,0,2026-01-01T00:37:20Z
order_00004315,batch_0004,trader_0015,ETH-USD,SELL,2084.97,419,419,0,2026-01-01T01:11:54Z
order_00004627,batch_0004,trader_0005,ETH-USD,SELL,2084.98,595,595,0,2026-01-01T01:17:06Z
order_00003105,batch_0004,trader_0015,ETH-USD,SELL,2085.04,702,702,0,2026-01-01T00:51:44Z
order_00003259,batch_0004,trader_0007,ETH-USD,SELL,2085.14,596,596,0,2026-01-01T00:54:18Z
order_00004615,batch_0004,trader_0023,ETH-USD,SELL,2085.48,273,273,0,2026-01-01T01:16:54Z
order_00005452,batch_0004,trader_0018,ETH-USD,SELL,2085.48,232,232,0,2026-01-01T01:30:51Z
order_00002640,batch_0004,trader_0021,ETH-USD,SELL,2085.5,552,552,0,2026-01-01T00:43:59Z
order_00003927,batch_0004,trader_0016,ETH-USD,SELL,2085.61,75,75,0,2026-01-01T01:05:26Z
order_00002231,batch_0004,trader_0017,ETH-USD,SELL,2085.74,144,144,0,2026-01-01T00:37:10Z
order_00002660,batch_0004,trader_0019,ETH-USD,SELL,2085.78,198,198,0,2026-01-01T00:44:19Z
order_00003393,batch_0004,trader_0017,ETH-USD,SELL,2085.79,975,975,0,2026-01-01T00:56:32Z
order_00003594,batch_0004,trader_0015,ETH-USD,SELL,2085.91,547,547,0,2026-01-01T00:59:53Z
order_00006398,batch_0004,trader_0004,ETH-USD,SELL,2085.95,682,682,0,2026-01-01T01:46:37Z
order_00003258,batch_0004,trader_0024,ETH-USD,SELL,2086.31,524,524,0,2026-01-01T00:54:17Z
order_00004202,batch_0004,trader_0017,ETH-USD,SELL,2086.48,193,193,0,2026-01-01T01:10:01Z
order_00004398,batch_0004,trader_0017,ETH-USD,SELL,2086.63,856,856,0,2026-01-01T01:13:17Z
order_00002438,batch_0004,trader_0015,ETH-USD,SELL,2086.71,515,515,0,2026-01-01T00:40:37Z
order_00003117,batch_0004,trader_0023,ETH-USD,SELL,2086.78,758,758,0,2026-01-01T00:51:56Z
order_00005389,batch_0004,trader_0012,ETH-USD,SELL,2086.83,416,416,0,2026-01-01T01:29:48Z
order_00006477,batch_0004,trader_0020,ETH-USD,SELL,2086.87,20,20,0,2026-01-01T01:47:56Z
order_00004670,batch_0004,trader_0007,ETH-USD,SELL,2087.27,388,388,0,2026-01-01T01:17:49Z
order_00004961,batch_0004,trader_0004,ETH-USD,SELL,2087.32,187,187,0,2026-01-01T01:22:40Z
order_00004358,batch_0004,trader_0024,ETH-USD,SELL,2087.34,592,592,0,2026-01-01T01:12:37Z
order_00002870,batch_0004,trader_0017,ETH-USD,SELL,2087.42,788,788,0,2026-01-01T00:47:49Z
order_00004645,batch_0004,trader_0012,ETH-USD,SELL,2087.69,27,27,0,2026-01-01T01:17:24Z
order_00002502,batch_0004,trader_0020,ETH-USD,SELL,2087.8,713,713,0,2026-01-01T00:41:41Z
order_00004153,batch_0004,trader_0015,ETH-USD,SELL,2087.99,398,398,0,2026-01-01T01:09:12Z
order_00003963,batch_0004,trader_0024,ETH-USD,SELL,2088.19,634,634,0,2026-01-01T01:06:02Z
order_00003537,batch_0004,trader_0024,ETH-USD,SELL,2088.64,264,264,0,2026-01-01T00:58:56Z
order_00002775,batch_0004,trader_0014,ETH-USD,SELL,2088.83,271,271,0,2026-01-01T00:46:14Z
order_00003444,batch_0004,trader_0012,ETH-USD,SELL,2088.85,601,601,0,2026-01-01T00:57:23Z
order_00002527,batch_0004,trader_0017,ETH-USD,SELL,2088.9,770,770,0,2026-01-01T00:42:06Z
order_00006279,batch_0004,trader_0018,ETH-USD,SELL,2089.12,690,690,0,2026-01-01T01:44:38Z
order_00005132,batch_0004,trader_0012,ETH-USD,SELL,2089.15,342,342,0,2026-01-01T01:25:31Z
order_00004038,batch_0004,trader_0024,ETH-USD,SELL,2089.24,10,10,0,2026-01-01T01:07:17Z
order_00003187,batch_0004,trader_0004,ETH-USD,SELL,2089.33,278,278,0,2026-01-01T00:53:06Z
order_00002791,batch_0004,trader_0005,ETH-USD,SELL,2089.72,103,103,0,2026-01-01T00:46:30Z
order_00004085,batch_0004,trader_0023,ETH-USD,SELL,2089.9,350,350,0,2026-01-01T01:08:04Z
order_00002508,batch_0004,trader_0010,ETH-USD,SELL,2090.0,437,437,0,2026-01-01T00:41:47Z
order_00005794,batch_0004,trader_0006,ETH-USD,SELL,2090.05,587,587,0,2026-01-01T01:36:33Z
order_00002563,batch_0004,trader_0005,ETH-USD,SELL,2090.09,412,412,0,2026-01-01T00:42:42Z
order_00002151,batch_0004,trader_0010,ETH-USD,SELL,2090.36,617,617,0,2026-01-01T00:35:50Z
order_00004673,batch_0004,trader_0017,ETH-USD,SELL,2090.4,303,303,0,2026-01-01T01:17:52Z
order_00004182,batch_0004,trader_0018,ETH-USD,SELL,2090.48,381,381,0,2026-01-01T01:09:41Z
order_00005058,batch_0004,trader_0012,ETH-USD,SELL,2090.71,832,832,0,2026-01-01T01:24:17Z
order_00002540,batch_0004,trader_0003,ETH-USD,SELL,2091.06,947,947,0,2026-01-01T00:42:19Z
order_00004999,batch_0004,trader_0003,ETH-USD,SELL,2091.18,893,893,0,2026-01-01T01:23:18Z
order_00006383,batch_0004,trader_0018,ETH-USD,SELL,2091.41,631,631,0,2026-01-01T01:46:22Z
order_00001894,batch_0004,trader_0014,ETH-USD,SELL,2091.44,435,435,0,2026-01-01T00:31:33Z
order_00004598,batch_0004,trader_0016,ETH-USD,SELL,2091.47,713,713,0,2026-01-01T01:16:37Z
order_00004482,batch_0004,trader_0012,ETH-USD,SELL,2091.66,209,209,0,2026-01-01T01:14:41Z
order_00004684,batch_0004,trader_0022,ETH-USD,SELL,2091.7,934,934,0,2026-01-01T01:18:03Z
order_00006118,batch_0004,trader_0019,ETH-USD,SELL,2092.17,681,681,0,2026-01-01T01:41:57Z
order_00004724,batch_0004,trader_0005,ETH-USD,SELL,2092.29,878,878,0,2026-01-01T01:18:43Z
order_00001689,batch_0004,trader_0023,ETH-USD,SELL,2092.37,868,868,0,2026-01-01T00:28:08Z
order_00003312,batch_0004,trader_0004,ETH-USD,SELL,2092.65,286,286,0,2026-01-01T00:55:11Z
order_00002224,batch_0004,trader_0012,ETH-USD,SELL,2092.79,114,114,0,2026-01-01T00:37:03Z
order_00002913,batch_0004,trader_0001,ETH-USD,SELL,2093.25,755,755,0,2026-01-01T00:48:32Z
order_00004105,batch_0004,trader_0024,ETH-USD,SELL,2093.37,303,303,0,2026-01-01T01:08:24Z
order_00005701,batch_0004,trader_0015,ETH-USD,SELL,2093.54,209,209,0,2026-01-01T01:35:00Z
order_00004831,batch_0004,trader_0016,ETH-USD,SELL,2093.82,349,349,0,2026-01-01T01:20:30Z
order_00006543,batch_0004,trader_0014,ETH-USD,SELL,2093.96,188,188,0,2026-01-01T01:49:02Z
order_00003225,batch_0004,trader_0002,ETH-USD,SELL,2094.17,951,951,0,2026-01-01T00:53:44Z
order_00005778,batch_0004,trader_0023,ETH-USD,SELL,2094.38,758,758,0,2026-01-01T01:36:17Z
order_00003758,batch_0004,trader_0002,ETH-USD,SELL,2094.56,594,594,0,2026-01-01T01:02:37Z
order_00005819,batch_0004,trader_0013,ETH-USD,SELL,2094.7,795,795,0,2026-01-01T01:36:58Z
order_00004625,batch_0004,trader_0018,ETH-USD,SELL,2094.8,236,236,0,2026-01-01T01:17:04Z
order_00004946,batch_0004,trader_0007,ETH-USD,SELL,2094.82,109,109,0,2026-01-01T01:22:25Z
order_00004974,batch_0004,trader_0016,ETH-USD,SELL,2094.85,475,475,0,2026-01-01T01:22:53Z
order_00006462,batch_0004,trader_0003,ETH-USD,SELL,2094.85,327,327,0,2026-01-01T01:47:41Z
order_00005857,batch_0004,trader_0024,ETH-USD,SELL,2094.87,473,473,0,2026-01-01T01:37:36Z
order_00004795,batch_0004,trader_0002,ETH-USD,SELL,2095.09,879,879,0,2026-01-01T01:19:54Z
order_00006003,batch_0004,trader_0020,ETH-USD,SELL,2095.16,24,24,0,2026-01-01T01:40:02Z
order_00006231,batch_0004,trader_0012,ETH-USD,SELL,2095.3,620,620,0,2026-01-01T01:43:50Z
order_00003701,batch_0004,trader_0014,ETH-USD,SELL,2095.78,710,710,0,2026-01-01T01:01:40Z
order_00006459,batch_0004,trader_0009,ETH-USD,SELL,2095.86,19,19,0,2026-01-01T01:47:38Z
order_00004196,batch_0004,trader_0022,ETH-USD,SELL,2095.88,169,169,0,2026-01-01T01:09:55Z
order_00003716,batch_0004,trader_0013,ETH-USD,SELL,2095.97,875,875,0,2026-01-01T01:01:55Z
order_00005291,batch_0004,trader_0013,ETH-USD,SELL,2096.88,976,976,0,2026-01-01T01:28:10Z
order_00002956,batch_0004,trader_0005,ETH-USD,SELL,2096.94,26,26,0,2026-01-01T00:49:15Z
order_00006578,batch_0004,trader_0009,ETH-USD,SELL,2097.0,525,525,0,2026-01-01T01:49:37Z
order_00002212,batch_0004,trader_0012,ETH-USD,SELL,2097.08,739,739,0,2026-01-01T00:36:51Z
order_00003823,batch_0004,trader_0014,ETH-USD,SELL,2097.75,644,644,0,2026-01-01T01:03:42Z
order_00003765,batch_0004,trader_0021,ETH-USD,SELL,2097.98,121,121,0,2026-01-01T01:02:44Z
order_00002627,batch_0004,trader_0025,ETH-USD,SELL,2098.08,669,669,0,2026-01-01T00:43:46Z
order_00005821,batch_0004,trader_0020,ETH-USD,SELL,2098.14,794,794,0,2026-01-01T01:37:00Z
order_00006511,batch_0004,trader_0013,ETH-USD,SELL,2098.14,379,379,0,2026-01-01T01:48:30Z
order_00002780,batch_0004,trader_0013,ETH-USD,SELL,2098.31,740,740,0,2026-01-01T00:46:19Z
order_00004804,batch_0004,trader_0016,ETH-USD,SELL,2098.35,95,95,0,2026-01-01T01:20:03Z
order_00002833,batch_0004,trader_0004,ETH-USD,SELL,2098.8,58,58,0,2026-01-01T00:47:12Z
order_00002542,batch_0004,trader_0024,ETH-USD,SELL,2099.49,276,276,0,2026-01-01T00:42:21Z
order_00005809,batch_0004,trader_0017,ETH-USD,SELL,2099.67,382,382,0,2026-01-01T01:36:48Z
order_00004768,batch_0004,trader_0010,ETH-USD,SELL,2099.71,179,179,0,2026-01-01T01:19:27Z
order_00004095,batch_0004,trader_0020,ETH-USD,SELL,2100.08,394,394,0,2026-01-01T01:08:14Z
order_00005157,batch_0004,trader_0016,ETH-USD,SELL,2100.19,286,286,0,2026-01-01T01:25:56Z
order_00002499,batch_0004,trader_0008,ETH-USD,SELL,2100.22,296,296,0,2026-01-01T00:41:38Z
order_00005404,batch_0004,trader_0003,ETH-USD,SELL,2100.4,683,683,0,2026-01-01T01:30:03Z
order_00001974,batch_0004,trader_0025,ETH-USD,SELL,2100.64,677,677,0,2026-01-01T00:32:53Z
order_00003697,batch_0004,trader_0025,ETH-USD,SELL,2100.76,196,196,0,2026-01-01T01:01:36Z
order_00006325,batch_0004,trader_0016,ETH-USD,SELL,2101.06,657,657,0,2026-01-01T01:45:24Z
order_00002201,batch_0004,trader_0017,ETH-USD,SELL,2101.28,156,156,0,2026-01-01T00:36:40Z
order_00005720,batch_0004,trader_0002,ETH-USD,SELL,2101.31,391,391,0,2026-01-01T01:35:19Z
order_00004154,batch_0004,trader_0016,ETH-USD,SELL,2101.54,617,617,0,2026-01-01T01:09:13Z
order_00004921,batch_0004,trader_0018,ETH-USD,SELL,2101.72,812,812,0,2026-01-01T01:22:00Z
order_00003643,batch_0004,trader_0020,ETH-USD,SELL,2101.82,258,258,0,2026-01-01T01:00:42Z
order_00003332,batch_0004,trader_0010,ETH-USD,SELL,2101.98,919,919,0,2026-01-01T00:55:31Z
order_00001667,batch_0004,trader_0001,ETH-USD,SELL,2102.0,925,925,0,2026-01-01T00:27:46Z
order_00006528,batch_0004,trader_0013,ETH-USD,SELL,2102.01,398,398,0,2026-01-01T01:48:47Z
order_00005077,batch_0004,trader_0004,ETH-USD,SELL,2102.04,26,26,0,2026-01-01T01:24:36Z
order_00006585,batch_0004,trader_0002,ETH-USD,SELL,2102.24,885,885,0,2026-01-01T01:49:44Z
order_00003720,batch_0004,trader_0004,ETH-USD,SELL,2102.64,167,167,0,2026-01-01T01:01:59Z
order_00003571,batch_0004,trader_0010,ETH-USD,SELL,2102.73,507,507,0,2026-01-01T00:59:30Z
order_00004772,batch_0004,trader_0010,ETH-USD,SELL,2102.8,575,575,0,2026-01-01T01:19:31Z
order_00002414,batch_0004,trader_0024,ETH-USD,SELL,2103.05,566,566,0,2026-01-01T00:40:13Z
order_00004915,batch_0004,trader_0001,ETH-USD,SELL,2103.11,135,135,0,2026-01-01T01:21:54Z
order_00006274,batch_0004,trader_0021,ETH-USD,SELL,2103.27,901,901,0,2026-01-01T01:44:33Z
order_00004704,batch_0004,trader_0011,ETH-USD,SELL,2103.36,509,509,0,2026-01-01T01:18:23Z
order_00003805,batch_0004,trader_0008,ETH-USD,SELL,2103.38,499,499,0,2026-01-01T01:03:24Z
order_00002901,batch_0004,trader_0014,ETH-USD,SELL,2103.45,976,976,0,2026-01-01T00:48:20Z
order_00003881,batch_0004,trader_0006,ETH-USD,SELL,2103.53,793,793,0,2026-01-01T01:04:40Z
order_00003518,batch_0004,trader_0022,ETH-USD,SELL,2103.84,545,545,0,2026-01-01T00:58:37Z
order_00004345,batch_0004,trader_0024,ETH-USD,SELL,2104.34,567,567,0,2026-01-01T01:12:24Z
order_00002254,batch_0004,trader_0017,ETH-USD,SELL,2104.78,136,136,0,2026-01-01T00:37:33Z
order_00003664,batch_0004,trader_0013,ETH-USD,SELL,2104.89,6,6,0,2026-01-01T01:01:03Z
order_00002421,batch_0004,trader_0023,ETH-USD,SELL,2105.14,414,414,0,2026-01-01T00:40:20Z
order_00002283,batch_0004,trader_0021,ETH-USD,SELL,2105.19,253,253,0,2026-01-01T00:38:02Z
order_00002695,batch_0004,trader_0008,ETH-USD,SELL,2105.48,904,904,0,2026-01-01T00:44:54Z
order_00004767,batch_0004,trader_0001,ETH-USD,SELL,2105.52,469,469,0,2026-01-01T01:19:26Z
order_00006140,batch_0004,trader_0025,ETH-USD,SELL,2105.64,744,744,0,2026-01-01T01:42:19Z
order_00004487,batch_0004,trader_0011,ETH-USD,SELL,2105.96,117,117,0,2026-01-01T01:14:46Z
order_00005784,batch_0004,trader_0022,ETH-USD,SELL,2106.38,387,387,0,2026-01-01T01:36:23Z
order_00003876,batch_0004,trader_0022,ETH-USD,SELL,2106.52,148,148,0,2026-01-01T01:04:35Z
order_00001987,batch_0004,trader_0010,ETH-USD,SELL,2106.59,362,362,0,2026-01-01T00:33:06Z
order_00004493,batch_0004,trader_0003,ETH-USD,SELL,2106.59,813,813,0,2026-01-01T01:14:52Z
order_00004917,batch_0004,trader_0013,ETH-USD,SELL,2106.79,878,878,0,2026-01-01T01:21:56Z
order_00002063,batch_0004,trader_0021,ETH-USD,SELL,2107.04,993,993,0,2026-01-01T00:34:22Z
order_00005490,batch_0004,trader_0022,ETH-USD,SELL,2107.16,136,136,0,2026-01-01T01:31:29Z
order_00003953,batch_0004,trader_0024,ETH-USD,SELL,2107.42,194,194,0,2026-01-01T01:05:52Z
order_00004995,batch_0004,trader_0007,ETH-USD,SELL,2107.43,834,834,0,2026-01-01T01:23:14Z
order_00003830,batch_0004,trader_0006,ETH-USD,SELL,2107.44,270,270,0,2026-01-01T01:03:49Z
order_00003596,batch_0004,trader_0012,ETH-USD,SELL,2107.5,743,743,0,2026-01-01T00:59:55Z
order_00002015,batch_0004,trader_0014,ETH-USD,SELL,2107.65,874,874,0,2026-01-01T00:33:34Z
order_00001739,batch_0004,trader_0023,ETH-USD,SELL,2107.74,284,284,0,2026-01-01T00:28:58Z
order_00005741,batch_0004,trader_0016,ETH-USD,SELL,2107.83,570,570,0,2026-01-01T01:35:40Z
order_00005231,batch_0004,trader_0020,ETH-USD,SELL,2107.9,293,293,0,2026-01-01T01:27:10Z
order_00003706,batch_0004,trader_0019,ETH-USD,SELL,2107.97,206,206,0,2026-01-01T01:01:45Z
order_00001740,batch_0004,trader_0009,ETH-USD,SELL,2108.05,789,789,0,2026-01-01T00:28:59Z
order_00002416,batch_0004,trader_0023,ETH-USD,SELL,2108.05,440,440,0,2026-01-01T00:40:15Z
order_00005508,batch_0004,trader_0023,ETH-USD,SELL,2108.08,620,620,0,2026-01-01T01:31:47Z
order_00002960,batch_0004,trader_0022,ETH-USD,SELL,2108.16,388,388,0,2026-01-01T00:49:19Z
order_00005199,batch_0004,trader_0011,ETH-USD,SELL,2108.17,189,189,0,2026-01-01T01:26:38Z
order_00006320,batch_0004,trader_0014,ETH-USD,SELL,2108.68,379,379,0,2026-01-01T01:45:19Z
order_00001832,batch_0004,trader_0023,ETH-USD,SELL,2108.73,475,475,0,2026-01-01T00:30:31Z
order_00004717,batch_0004,trader_0010,ETH-USD,SELL,2108.75,655,655,0,2026-01-01T01:18:36Z
order_00006347,batch_0004,trader_0016,ETH-USD,SELL,2108.8,619,619,0,2026-01-01T01:45:46Z
order_00001789,batch_0004,trader_0023,ETH-USD,SELL,2109.03,812,812,0,2026-01-01T00:29:48Z
order_00005300,batch_0004,trader_0025,ETH-USD,SELL,2109.2,377,377,0,2026-01-01T01:28:19Z
order_00001726,batch_0004,trader_0024,ETH-USD,SELL,2109.26,473,473,0,2026-01-01T00:28:45Z
order_00003498,batch_0004,trader_0010,ETH-USD,SELL,2109.3,410,410,0,2026-01-01T00:58:17Z
order_00004499,batch_0004,trader_0024,ETH-USD,SELL,2109.39,496,496,0,2026-01-01T01:14:58Z
order_00003417,batch_0004,trader_0023,ETH-USD,SELL,2109.57,387,387,0,2026-01-01T00:56:56Z
order_00006457,batch_0004,trader_0023,ETH-USD,SELL,2109.94,997,997,0,2026-01-01T01:47:36Z
order_00004977,batch_0004,trader_0020,ETH-USD,SELL,2109.97,976,976,0,2026-01-01T01:22:56Z
order_00001624,batch_0004,trader_0005,ETH-USD,SELL,2110.21,318,318,0,2026-01-01T00:27:03Z
order_00006412,batch_0004,trader_0007,ETH-USD,SELL,2110.31,774,774,0,2026-01-01T01:46:51Z
order_00004919,batch_0004,trader_0014,ETH-USD,SELL,2110.34,829,829,0,2026-01-01T01:21:58Z
order_00005890,batch_0004,trader_0018,ETH-USD,SELL,2110.56,300,300,0,2026-01-01T01:38:09Z
order_00003274,batch_0004,trader_0014,ETH-USD,SELL,2110.58,251,251,0,2026-01-01T00:54:33Z
order_00003641,batch_0004,trader_0007,ETH-USD,SELL,2110.96,454,454,0,2026-01-01T01:00:40Z
order_00002779,batch_0004,trader_0025,ETH-USD,SELL,2111.27,889,889,0,2026-01-01T00:46:18Z
order_00005385,batch_0004,trader_0013,ETH-USD,SELL,2111.56,474,474,0,2026-01-01T01:29:44Z
order_00006272,batch_0004,trader_0016,ETH-USD,SELL,2111.68,114,114,0,2026-01-01T01:44:31Z
order_00006258,batch_0004,trader_0004,ETH-USD,SELL,2112.27,47,47,0,2026-01-01T01:44:17Z
order_00005196,batch_0004,trader_0020,ETH-USD,SELL,2112.5,197,197,0,2026-01-01T01:26:35Z
order_00001884,batch_0004,trader_0025,ETH-USD,SELL,2112.51,228,228,0,2026-01-01T00:31:23Z
order_00005307,batch_0004,trader_0003,ETH-USD,SELL,2112.64,497,497,0,2026-01-01T01:28:26Z
order_00003170,batch_0004,trader_0010,ETH-USD,SELL,2112.95,131,131,0,2026-01-01T00:52:49Z
order_00003592,batch_0004,trader_0009,ETH-USD,SELL,2113.22,73,73,0,2026-01-01T00:59:51Z
order_00004351,batch_0004,trader_0015,ETH-USD,SELL,2113.26,588,588,0,2026-01-01T01:12:30Z
order_00005735,batch_0004,trader_0012,ETH-USD,SELL,2113.33,439,439,0,2026-01-01T01:35:34Z
order_00004852,batch_0004,trader_0001,ETH-USD,SELL,2113.34,296,296,0,2026-01-01T01:20:51Z
order_00004404,batch_0004,trader_0008,ETH-USD,SELL,2113.39,865,865,0,2026-01-01T01:13:23Z
order_00004778,batch_0004,trader_0013,ETH-USD,SELL,2113.44,96,96,0,2026-01-01T01:19:37Z
order_00001702,batch_0004,trader_0009,ETH-USD,SELL,2114.01,745,745,0,2026-01-01T00:28:21Z
order_00003683,batch_0004,trader_0023,ETH-USD,SELL,2114.36,892,892,0,2026-01-01T01:01:22Z
order_00004041,batch_0004,trader_0004,ETH-USD,SELL,2114.45,339,339,0,2026-01-01T01:07:20Z
order_00005284,batch_0004,trader_0009,ETH-USD,SELL,2114.47,49,49,0,2026-01-01T01:28:03Z
order_00003737,batch_0004,trader_0001,ETH-USD,SELL,2114.62,113,113,0,2026-01-01T01:02:16Z
order_00004282,batch_0004,trader_0025,ETH-USD,SELL,2114.76,912,912,0,2026-01-01T01:11:21Z
order_00006022,batch_0004,trader_0016,ETH-USD,SELL,2114.81,815,815,0,2026-01-01T01:40:21Z
order_00005168,batch_0004,trader_0011,ETH-USD,SELL,2114.91,108,108,0,2026-01-01T01:26:07Z
order_00004644,batch_0004,trader_0024,ETH-USD,SELL,2114.99,59,59,0,2026-01-01T01:17:23Z
order_00003624,batch_0004,trader_0008,ETH-USD,SELL,2115.07,802,802,0,2026-01-01T01:00:23Z
order_00004473,batch_0004,trader_0025,ETH-USD,SELL,2115.2,656,656,0,2026-01-01T01:14:32Z
order_00004322,batch_0004,trader_0007,ETH-USD,SELL,2115.23,173,173,0,2026-01-01T01:12:01Z
order_00006061,batch_0004,trader_0025,ETH-USD,SELL,2115.53,123,123,0,2026-01-01T01:41:00Z
order_00005143,batch_0004,trader_0008,ETH-USD,SELL,2115.74,984,984,0,2026-01-01T01:25:42Z
order_00003581,batch_0004,trader_0013,ETH-USD,SELL,2115.95,905,905,0,2026-01-01T00:59:40Z
order_00005026,batch_0004,trader_0024,ETH-USD,SELL,2116.39,860,860,0,2026-01-01T01:23:45Z
order_00005577,batch_0004,trader_0025,ETH-USD,SELL,2116.7,709,709,0,2026-01-01T01:32:56Z
order_00002415,batch_0004,trader_0011,ETH-USD,SELL,2116.77,349,349,0,2026-01-01T00:40:14Z
order_00002915,batch_0004,trader_0022,ETH-USD,SELL,2116.81,117,117,0,2026-01-01T00:48:34Z
order_00003985,batch_0004,trader_0012,ETH-USD,SELL,2116.83,783,783,0,2026-01-01T01:06:24Z
order_00002444,batch_0004,trader_0013,ETH-USD,SELL,2116.94,729,729,0,2026-01-01T00:40:43Z
order_00003084,batch_0004,trader_0010,ETH-USD,SELL,2116.94,812,812,0,2026-01-01T00:51:23Z
order_00003488,batch_0004,trader_0005,ETH-USD,SELL,2117.15,317,317,0,2026-01-01T00:58:07Z
order_00003198,batch_0004,trader_0019,ETH-USD,SELL,2117.27,828,828,0,2026-01-01T00:53:17Z
order_00002180,batch_0004,trader_0016,ETH-USD,SELL,2117.39,104,104,0,2026-01-01T00:36:19Z
order_00004366,batch_0004,trader_0013,ETH-USD,SELL,2117.5,665,665,0,2026-01-01T01:12:45Z
order_00004090,batch_0004,trader_0023,ETH-USD,SELL,2117.53,592,592,0,2026-01-01T01:08:09Z
order_00005393,batch_0004,trader_0019,ETH-USD,SELL,2117.55,804,804,0,2026-01-01T01:29:52Z
order_00002335,batch_0004,trader_0003,ETH-USD,SELL,2117.64,533,533,0,2026-01-01T00:38:54Z
order_00002984,batch_0004,trader_0024,ETH-USD,SELL,2117.64,170,170,0,2026-01-01T00:49:43Z
order_00004532,batch_0004,trader_0003,ETH-USD,SELL,2117.64,917,917,0,2026-01-01T01:15:31Z
order_00001817,batch_0004,trader_0020,ETH-USD,SELL,2117.83,809,809,0,2026-01-01T00:30:16Z
order_00004538,batch_0004,trader_0025,ETH-USD,SELL,2117.86,591,591,0,2026-01-01T01:15:37Z
order_00002585,batch_0004,trader_0011,ETH-USD,SELL,2118.22,93,93,0,2026-01-01T00:43:04Z
order_00004599,batch_0004,trader_0011,ETH-USD,SELL,2118.29,222,222,0,2026-01-01T01:16:38Z
order_00002177,batch_0004,trader_0006,ETH-USD,SELL,2118.39,369,369,0,2026-01-01T00:36:16Z
order_00002596,batch_0004,trader_0017,ETH-USD,SELL,2118.63,957,957,0,2026-01-01T00:43:15Z
order_00004624,batch_0004,trader_0005,ETH-USD,SELL,2118.64,119,119,0,2026-01-01T01:17:03Z
order_00003857,batch_0004,trader_0012,ETH-USD,SELL,2118.72,724,724,0,2026-01-01T01:04:16Z
order_00005356,batch_0004,trader_0017,ETH-USD,SELL,2118.98,145,145,0,2026-01-01T01:29:15Z
order_00003692,batch_0004,trader_0018,ETH-USD,SELL,2119.31,895,895,0,2026-01-01T01:01:31Z
order_00006282,batch_0004,trader_0005,ETH-USD,SELL,2119.36,199,199,0,2026-01-01T01:44:41Z
order_00003847,batch_0004,trader_0020,ETH-USD,SELL,2119.39,909,909,0,2026-01-01T01:04:06Z
order_00006102,batch_0004,trader_0007,ETH-USD,SELL,2119.41,27,27,0,2026-01-01T01:41:41Z
order_00004106,batch_0004,trader_0010,ETH-USD,SELL,2119.54,537,537,0,2026-01-01T01:08:25Z
order_00001613,batch_0004,trader_0012,ETH-USD,SELL,2119.81,340,340,0,2026-01-01T00:26:52Z
order_00005716,batch_0004,trader_0013,ETH-USD,SELL,2120.4,691,691,0,2026-01-01T01:35:15Z
order_00002601,batch_0004,trader_0023,ETH-USD,SELL,2120.52,870,870,0,2026-01-01T00:43:20Z
order_00002296,batch_0004,trader_0022,ETH-USD,SELL,2120.82,981,981,0,2026-01-01T00:38:15Z
order_00003346,batch_0004,trader_0003,ETH-USD,SELL,2120.97,22,22,0,2026-01-01T00:55:45Z
order_00004749,batch_0004,trader_0010,ETH-USD,SELL,2121.31,67,67,0,2026-01-01T01:19:08Z
order_00003588,batch_0004,trader_0011,ETH-USD,SELL,2121.47,114,114,0,2026-01-01T00:59:47Z
order_00005632,batch_0004,trader_0002,ETH-USD,SELL,2121.94,367,367,0,2026-01-01T01:33:51Z
order_00005027,batch_0004,trader_0007,ETH-USD,SELL,2122.14,2,2,0,2026-01-01T01:23:46Z
order_00004595,batch_0004,trader_0020,ETH-USD,SELL,2122.17,96,96,0,2026-01-01T01:16:34Z
order_00005538,batch_0004,trader_0014,ETH-USD,SELL,2122.76,986,986,0,2026-01-01T01:32:17Z
order_00003410,batch_0004,trader_0020,ETH-USD,SELL,2122.92,990,990,0,2026-01-01T00:56:49Z
order_00004751,batch_0004,trader_0013,ETH-USD,SELL,2122.93,597,597,0,2026-01-01T01:19:10Z
order_00002999,batch_0004,trader_0022,ETH-USD,SELL,2122.97,905,905,0,2026-01-01T00:49:58Z
order_00003112,batch_0004,trader_0017,ETH-USD,SELL,2122.99,474,474,0,2026-01-01T00:51:51Z
order_00003184,batch_0004,trader_0012,ETH-USD,SELL,2122.99,784,784,0,2026-01-01T00:53:03Z
order_00002865,batch_0004,trader_0005,ETH-USD,SELL,2123.0,515,515,0,2026-01-01T00:47:44Z
order_00005654,batch_0004,trader_0009,ETH-USD,SELL,2123.02,498,498,0,2026-01-01T01:34:13Z
order_00005297,batch_0004,trader_0018,ETH-USD,SELL,2123.11,2,2,0,2026-01-01T01:28:16Z
order_00002145,batch_0004,trader_0011,ETH-USD,SELL,2123.13,639,639,0,2026-01-01T00:35:44Z
order_00002687,batch_0004,trader_0001,ETH-USD,SELL,2123.34,505,505,0,2026-01-01T00:44:46Z
order_00005889,batch_0004,trader_0004,ETH-USD,SELL,2123.37,550,550,0,2026-01-01T01:38:08Z
order_00006300,batch_0004,trader_0003,ETH-USD,SELL,2123.75,616,616,0,2026-01-01T01:44:59Z
order_00001989,batch_0004,trader_0019,ETH-USD,SELL,2123.82,358,358,0,2026-01-01T00:33:08Z
order_00002146,batch_0004,trader_0007,ETH-USD,SELL,2124.0,893,893,0,2026-01-01T00:35:45Z
order_00004861,batch_0004,trader_0002,ETH-USD,SELL,2124.1,986,986,0,2026-01-01T01:21:00Z
order_00004035,batch_0004,trader_0025,ETH-USD,SELL,2124.3,24,24,0,2026-01-01T01:07:14Z
order_00002826,batch_0004,trader_0008,ETH-USD,SELL,2124.52,711,711,0,2026-01-01T00:47:05Z
order_00005850,batch_0004,trader_0025,ETH-USD,SELL,2124.53,935,935,0,2026-01-01T01:37:29Z
order_00006579,batch_0004,trader_0023,ETH-USD,SELL,2124.69,252,252,0,2026-01-01T01:49:38Z
order_00001767,batch_0004,trader_0001,ETH-USD,SELL,2124.71,855,855,0,2026-01-01T00:29:26Z
order_00005117,batch_0004,trader_0009,ETH-USD,SELL,2124.75,64,64,0,2026-01-01T01:25:16Z
order_00002052,batch_0004,trader_0021,ETH-USD,SELL,2124.9,901,901,0,2026-01-01T00:34:11Z
order_00005395,batch_0004,trader_0002,ETH-USD,SELL,2124.98,778,778,0,2026-01-01T01:29:54Z
order_00002140,batch_0004,trader_0012,ETH-USD,SELL,2125.13,583,583,0,2026-01-01T00:35:39Z
order_00003001,batch_0004,trader_0007,ETH-USD,SELL,2125.36,326,326,0,2026-01-01T00:50:00Z
order_00002922,batch_0004,trader_0001,ETH-USD,SELL,2125.51,380,380,0,2026-01-01T00:48:41Z
order_00004185,batch_0004,trader_0025,ETH-USD,SELL,2125.69,152,152,0,2026-01-01T01:09:44Z
order_00003718,batch_0004,trader_0003,ETH-USD,SELL,2125.8,605,605,0,2026-01-01T01:01:57Z
order_00005151,batch_0004,trader_0007,ETH-USD,SELL,2125.95,656,656,0,2026-01-01T01:25:50Z
order_00002565,batch_0004,trader_0012,ETH-USD,SELL,2126.02,770,770,0,2026-01-01T00:42:44Z
order_00005570,batch_0004,trader_0015,ETH-USD,SELL,2126.12,366,366,0,2026-01-01T01:32:49Z
order_00005233,batch_0004,trader_0003,ETH-USD,SELL,2126.24,752,752,0,2026-01-01T01:27:12Z
order_00002851,batch_0004,trader_0015,ETH-USD,SELL,2126.62,80,80,0,2026-01-01T00:47:30Z
order_00002782,batch_0004,trader_0008,ETH-USD,SELL,2126.74,212,212,0,2026-01-01T00:46:21Z
order_00006541,batch_0004,trader_0016,ETH-USD,SELL,2126.97,23,23,0,2026-01-01T01:49:00Z
order_00002812,batch_0004,trader_0012,ETH-USD,SELL,2127.03,640,640,0,2026-01-01T00:46:51Z
order_00005390,batch_0004,trader_0009,ETH-USD,SELL,2127.03,323,323,0,2026-01-01T01:29:49Z
order_00002629,batch_0004,trader_0013,ETH-USD,SELL,2127.28,886,886,0,2026-01-01T00:43:48Z
order_00006234,batch_0004,trader_0025,ETH-USD,SELL,2127.34,659,659,0,2026-01-01T01:43:53Z
order_00005222,batch_0004,trader_0006,ETH-USD,SELL,2127.6,998,998,0,2026-01-01T01:27:01Z
order_00002196,batch_0004,trader_0004,ETH-USD,SELL,2127.66,343,343,0,2026-01-01T00:36:35Z
order_00004093,batch_0004,trader_0016,ETH-USD,SELL,2127.86,833,833,0,2026-01-01T01:08:12Z
order_00002944,batch_0004,trader_0020,ETH-USD,SELL,2128.01,532,532,0,2026-01-01T00:49:03Z
order_00001687,batch_0004,trader_0013,ETH-USD,SELL,2128.03,566,566,0,2026-01-01T00:28:06Z
order_00005111,batch_0004,trader_0003,ETH-USD,SELL,2128.14,835,835,0,2026-01-01T01:25:10Z
order_00005081,batch_0004,trader_0019,ETH-USD,SELL,2128.22,70,70,0,2026-01-01T01:24:40Z
order_00006136,batch_0004,trader_0018,ETH-USD,SELL,2128.35,449,449,0,2026-01-01T01:42:15Z
order_00001625,batch_0004,trader_0017,ETH-USD,SELL,2128.86,101,101,0,2026-01-01T00:27:04Z
order_00002409,batch_0004,trader_0013,ETH-USD,SELL,2128.92,289,289,0,2026-01-01T00:40:08Z
order_00006008,batch_0004,trader_0012,ETH-USD,SELL,2129.25,227,227,0,2026-01-01T01:40:07Z
order_00001921,batch_0004,trader_0001,ETH-USD,SELL,2129.33,361,361,0,2026-01-01T00:32:00Z
order_00002008,batch_0004,trader_0017,ETH-USD,SELL,2129.5,668,668,0,2026-01-01T00:33:27Z
order_00002240,batch_0004,trader_0005,ETH-USD,SELL,2129.52,427,427,0,2026-01-01T00:37:19Z
order_00002777,batch_0004,trader_0008,ETH-USD,SELL,2129.57,11,11,0,2026-01-01T00:46:16Z
order_00006113,batch_0004,trader_0025,ETH-USD,SELL,2130.02,149,149,0,2026-01-01T01:41:52Z
order_00003599,batch_0004,trader_0025,ETH-USD,SELL,2130.09,777,777,0,2026-01-01T00:59:58Z
order_00005957,batch_0004,trader_0017,ETH-USD,SELL,2130.2,246,246,0,2026-01-01T01:39:16Z
order_00005141,batch_0004,trader_0014,ETH-USD,SELL,2130.21,249,249,0,2026-01-01T01:25:40Z
order_00004833,batch_0004,trader_0018,ETH-USD,SELL,2130.53,888,888,0,2026-01-01T01:20:32Z
order_00006018,batch_0004,trader_0004,ETH-USD,SELL,2130.54,336,336,0,2026-01-01T01:40:17Z
order_00006548,batch_0004,trader_0013,ETH-USD,SELL,2130.58,828,828,0,2026-01-01T01:49:07Z
order_00005800,batch_0004,trader_0024,ETH-USD,SELL,2130.67,177,177,0,2026-01-01T01:36:39Z
order_00004421,batch_0004,trader_0012,ETH-USD,SELL,2130.7,941,941,0,2026-01-01T01:13:40Z
order_00002075,batch_0004,trader_0016,ETH-USD,SELL,2130.9,465,465,0,2026-01-01T00:34:34Z
order_00005585,batch_0004,trader_0022,ETH-USD,SELL,2130.9,361,361,0,2026-01-01T01:33:04Z
order_00005569,batch_0004,trader_0025,ETH-USD,SELL,2130.97,662,662,0,2026-01-01T01:32:48Z
order_00004694,batch_0004,trader_0009,ETH-USD,SELL,2131.41,199,199,0,2026-01-01T01:18:13Z
order_00004618,batch_0004,trader_0020,ETH-USD,SELL,2131.51,162,162,0,2026-01-01T01:16:57Z
order_00002537,batch_0004,trader_0009,ETH-USD,SELL,2131.9,170,170,0,2026-01-01T00:42:16Z
order_00005596,batch_0004,trader_0007,ETH-USD,SELL,2131.91,163,163,0,2026-01-01T01:33:15Z
order_00004689,batch_0004,trader_0009,ETH-USD,SELL,2132.17,183,183,0,2026-01-01T01:18:08Z
order_00002905,batch_0004,trader_0003,ETH-USD,SELL,2132.22,189,189,0,2026-01-01T00:48:24Z
order_00005717,batch_0004,trader_0002,ETH-USD,SELL,2132.48,554,554,0,2026-01-01T01:35:16Z
order_00002691,batch_0004,trader_0001,ETH-USD,SELL,2132.56,933,933,0,2026-01-01T00:44:50Z
order_00003362,batch_0004,trader_0010,ETH-USD,SELL,2132.59,199,199,0,2026-01-01T00:56:01Z
order_00006159,batch_0004,trader_0022,ETH-USD,SELL,2132.67,760,760,0,2026-01-01T01:42:38Z
order_00003905,batch_0004,trader_0015,ETH-USD,SELL,2132.71,562,562,0,2026-01-01T01:05:04Z
order_00005977,batch_0004,trader_0022,ETH-USD,SELL,2133.06,240,240,0,2026-01-01T01:39:36Z
order_00006595,batch_0004,trader_0017,ETH-USD,SELL,2133.17,304,304,0,2026-01-01T01:49:54Z
order_00005166,batch_0004,trader_0005,ETH-USD,SELL,2133.33,473,473,0,2026-01-01T01:26:05Z
order_00005902,batch_0004,trader_0024,ETH-USD,SELL,2133.36,269,269,0,2026-01-01T01:38:21Z
order_00006001,batch_0004,trader_0003,ETH-USD,SELL,2133.72,504,504,0,2026-01-01T01:40:00Z
order_00003793,batch_0004,trader_0003,ETH-USD,SELL,2133.73,255,255,0,2026-01-01T01:03:12Z
order_00002198,batch_0004,trader_0016,ETH-USD,SELL,2133.93,252,252,0,2026-01-01T00:36:37Z
order_00004141,batch_0004,trader_0025,ETH-USD,SELL,2133.93,164,164,0,2026-01-01T01:09:00Z
order_00006519,batch_0004,trader_0002,ETH-USD,SELL,2134.09,17,17,0,2026-01-01T01:48:38Z
order_00005051,batch_0004,trader_0009,ETH-USD,SELL,2134.71,141,141,0,2026-01-01T01:24:10Z
order_00005684,batch_0004,trader_0023,ETH-USD,SELL,2134.71,693,693,0,2026-01-01T01:34:43Z
order_00006562,batch_0004,trader_0020,ETH-USD,SELL,2134.79,786,786,0,2026-01-01T01:49:21Z
order_00002599,batch_0004,trader_0016,ETH-USD,SELL,2134.89,304,304,0,2026-01-01T00:43:18Z
order_00002931,batch_0004,trader_0003,ETH-USD,SELL,2134.89,826,826,0,2026-01-01T00:48:50Z
order_00004994,batch_0004,trader_0025,ETH-USD,SELL,2135.14,818,818,0,2026-01-01T01:23:13Z
order_00004719,batch_0004,trader_0019,ETH-USD,SELL,2135.23,352,352,0,2026-01-01T01:18:38Z
order_00002462,batch_0004,trader_0020,ETH-USD,SELL,2135.4,175,175,0,2026-01-01T00:41:01Z
order_00005435,batch_0004,trader_0002,ETH-USD,SELL,2135.57,432,432,0,2026-01-01T01:30:34Z
order_00004063,batch_0004,trader_0015,ETH-USD,SELL,2135.89,745,745,0,2026-01-01T01:07:42Z
order_00003978,batch_0004,trader_0012,ETH-USD,SELL,2136.05,129,129,0,2026-01-01T01:06:17Z
order_00005674,batch_0004,trader_0025,ETH-USD,SELL,2136.2,574,574,0,2026-01-01T01:34:33Z
order_00004305,batch_0004,trader_0005,ETH-USD,SELL,2136.31,363,363,0,2026-01-01T01:11:44Z
order_00006535,batch_0004,trader_0018,ETH-USD,SELL,2136.5,666,666,0,2026-01-01T01:48:54Z
order_00005501,batch_0004,trader_0013,ETH-USD,SELL,2136.57,428,428,0,2026-01-01T01:31:40Z
order_00002190,batch_0004,trader_0004,ETH-USD,SELL,2136.64,986,986,0,2026-01-01T00:36:29Z
order_00005119,batch_0004,trader_0007,ETH-USD,SELL,2137.04,849,849,0,2026-01-01T01:25:18Z
order_00004612,batch_0004,trader_0014,ETH-USD,SELL,2137.16,701,701,0,2026-01-01T01:16:51Z
order_00002721,batch_0004,trader_0013,ETH-USD,SELL,2137.23,760,760,0,2026-01-01T00:45:20Z
order_00006399,batch_0004,trader_0020,ETH-USD,SELL,2137.78,863,863,0,2026-01-01T01:46:38Z
order_00001919,batch_0004,trader_0010,ETH-USD,SELL,2138.0,847,847,0,2026-01-01T00:31:58Z
order_00001912,batch_0004,trader_0006,ETH-USD,SELL,2138.11,18,18,0,2026-01-01T00:31:51Z
order_00001865,batch_0004,trader_0005,ETH-USD,SELL,2138.21,789,789,0,2026-01-01T00:31:04Z
order_00003898,batch_0004,trader_0025,ETH-USD,SELL,2138.39,724,724,0,2026-01-01T01:04:57Z
order_00003947,batch_0004,trader_0007,ETH-USD,SELL,2138.58,569,569,0,2026-01-01T01:05:46Z
order_00006329,batch_0004,trader_0023,ETH-USD,SELL,2138.67,516,516,0,2026-01-01T01:45:28Z
order_00003126,batch_0004,trader_0009,ETH-USD,SELL,2139.09,862,862,0,2026-01-01T00:52:05Z
order_00006551,batch_0004,trader_0025,ETH-USD,SELL,2139.13,890,890,0,2026-01-01T01:49:10Z
order_00005104,batch_0004,trader_0018,ETH-USD,SELL,2139.85,98,98,0,2026-01-01T01:25:03Z
order_00006413,batch_0004,trader_0013,ETH-USD,SELL,2139.92,302,302,0,2026-01-01T01:46:52Z
order_00002445,batch_0004,trader_0014,ETH-USD,SELL,2139.94,830,830,0,2026-01-01T00:40:44Z
order_00004896,batch_0004,trader_0011,ETH-USD,SELL,2140.05,973,973,0,2026-01-01T01:21:35Z
order_00003024,batch_0004,trader_0014,ETH-USD,SELL,2140.06,910,910,0,2026-01-01T00:50:23Z
order_00004395,batch_0004,trader_0009,ETH-USD,SELL,2140.24,382,382,0,2026-01-01T01:13:14Z
order_00006441,batch_0004,trader_0016,ETH-USD,SELL,2140.54,530,530,0,2026-01-01T01:47:20Z
order_00002361,batch_0004,trader_0019,ETH-USD,SELL,2140.8,340,340,0,2026-01-01T00:39:20Z
order_00005481,batch_0004,trader_0005,ETH-USD,SELL,2140.95,225,225,0,2026-01-01T01:31:20Z
order_00003616,batch_0004,trader_0011,ETH-USD,SELL,2141.04,602,602,0,2026-01-01T01:00:15Z
order_00003168,batch_0004,trader_0003,ETH-USD,SELL,2141.37,573,573,0,2026-01-01T00:52:47Z
order_00003684,batch_0004,trader_0025,ETH-USD,SELL,2141.37,981,981,0,2026-01-01T01:01:23Z
order_00006407,batch_0004,trader_0002,ETH-USD,SELL,2141.4,353,353,0,2026-01-01T01:46:46Z
order_00003540,batch_0004,trader_0008,ETH-USD,SELL,2141.7,553,553,0,2026-01-01T00:58:59Z
order_00004347,batch_0004,trader_0025,ETH-USD,SELL,2142.16,334,334,0,2026-01-01T01:12:26Z
order_00002589,batch_0004,trader_0008,ETH-USD,SELL,2142.46,990,990,0,2026-01-01T00:43:08Z
order_00006526,batch_0004,trader_0014,ETH-USD,SELL,2142.46,987,987,0,2026-01-01T01:48:45Z
order_00003670,batch_0004,trader_0004,ETH-USD,SELL,2142.56,451,451,0,2026-01-01T01:01:09Z
order_00004761,batch_0004,trader_0006,ETH-USD,SELL,2142.73,999,999,0,2026-01-01T01:19:20Z
order_00001707,batch_0004,trader_0001,ETH-USD,SELL,2143.14,282,282,0,2026-01-01T00:28:26Z
order_00005712,batch_0004,trader_0007,ETH-USD,SELL,2143.19,35,35,0,2026-01-01T01:35:11Z
order_00005465,batch_0004,trader_0003,ETH-USD,SELL,2143.23,619,619,0,2026-01-01T01:31:04Z
order_00006301,batch_0004,trader_0002,ETH-USD,SELL,2143.26,324,324,0,2026-01-01T01:45:00Z
order_00001724,batch_0004,trader_0011,ETH-USD,SELL,2143.34,668,668,0,2026-01-01T00:28:43Z
order_00003227,batch_0004,trader_0018,ETH-USD,SELL,2143.41,295,295,0,2026-01-01T00:53:46Z
order_00005602,batch_0004,trader_0025,ETH-USD,SELL,2143.81,547,547,0,2026-01-01T01:33:21Z
order_00002028,batch_0004,trader_0003,ETH-USD,SELL,2143.83,57,57,0,2026-01-01T00:33:47Z
order_00003350,batch_0004,trader_0008,ETH-USD,SELL,2143.89,406,406,0,2026-01-01T00:55:49Z
order_00003778,batch_0004,trader_0017,ETH-USD,SELL,2143.97,577,577,0,2026-01-01T01:02:57Z
order_00004979,batch_0004,trader_0015,ETH-USD,SELL,2144.25,869,869,0,2026-01-01T01:22:58Z
order_00005424,batch_0004,trader_0001,ETH-USD,SELL,2144.76,384,384,0,2026-01-01T01:30:23Z
order_00002745,batch_0004,trader_0011,ETH-USD,SELL,2144.79,789,789,0,2026-01-01T00:45:44Z
order_00002642,batch_0004,trader_0023,ETH-USD,SELL,2144.8,186,186,0,2026-01-01T00:44:01Z
order_00004571,batch_0004,trader_0017,ETH-USD,SELL,2144.8,279,279,0,2026-01-01T01:16:10Z
order_00002012,batch_0004,trader_0019,ETH-USD,SELL,2145.08,529,529,0,2026-01-01T00:33:31Z
order_00006391,batch_0004,trader_0018,ETH-USD,SELL,2145.21,465,465,0,2026-01-01T01:46:30Z
order_00002242,batch_0004,trader_0004,ETH-USD,SELL,2145.31,526,526,0,2026-01-01T00:37:21Z
order_00004536,batch_0004,trader_0017,ETH-USD,SELL,2145.53,842,842,0,2026-01-01T01:15:35Z
order_00002735,batch_0004,trader_0013,ETH-USD,SELL,2145.74,94,94,0,2026-01-01T00:45:34Z
order_00005614,batch_0004,trader_0008,ETH-USD,SELL,2145.8,491,491,0,2026-01-01T01:33:33Z
order_00004820,batch_0004,trader_0011,ETH-USD,SELL,2145.82,173,173,0,2026-01-01T01:20:19Z
order_00005189,batch_0004,trader_0024,ETH-USD,SELL,2146.07,699,699,0,2026-01-01T01:26:28Z
order_00004365,batch_0004,trader_0025,ETH-USD,SELL,2146.08,461,461,0,2026-01-01T01:12:44Z
order_00001609,batch_0004,trader_0011,ETH-USD,SELL,2146.09,914,914,0,2026-01-01T00:26:48Z
order_00003617,batch_0004,trader_0016,ETH-USD,SELL,2146.16,388,388,0,2026-01-01T01:00:16Z
order_00002615,batch_0004,trader_0002,ETH-USD,SELL,2146.34,595,595,0,2026-01-01T00:43:34Z
order_00005828,batch_0004,trader_0003,ETH-USD,SELL,2146.34,717,717,0,2026-01-01T01:37:07Z
order_00004885,batch_0004,trader_0007,ETH-USD,SELL,2146.52,228,228,0,2026-01-01T01:21:24Z
order_00003591,batch_0004,trader_0016,ETH-USD,SELL,2146.83,417,417,0,2026-01-01T00:59:50Z
order_00003869,batch_0004,trader_0005,ETH-USD,SELL,2147.03,489,489,0,2026-01-01T01:04:28Z
order_00004891,batch_0004,trader_0008,ETH-USD,SELL,2147.33,227,227,0,2026-01-01T01:21:30Z
order_00003281,batch_0004,trader_0014,ETH-USD,SELL,2147.78,130,130,0,2026-01-01T00:54:40Z
order_00002504,batch_0004,trader_0003,ETH-USD,SELL,2147.95,67,67,0,2026-01-01T00:41:43Z
order_00002781,batch_0004,trader_0021,ETH-USD,SELL,2148.01,264,264,0,2026-01-01T00:46:20Z
order_00002195,batch_0004,trader_0005,ETH-USD,SELL,2148.2,751,751,0,2026-01-01T00:36:34Z
order_00004340,batch_0004,trader_0024,ETH-USD,SELL,2148.73,804,804,0,2026-01-01T01:12:19Z
order_00004264,batch_0004,trader_0021,ETH-USD,SELL,2148.75,662,662,0,2026-01-01T01:11:03Z
order_00001821,batch_0004,trader_0008,ETH-USD,SELL,2149.04,754,754,0,2026-01-01T00:30:20Z
order_00003499,batch_0004,trader_0020,ETH-USD,SELL,2149.07,748,748,0,2026-01-01T00:58:18Z
order_00002385,batch_0004,trader_0017,ETH-USD,SELL,2149.14,287,287,0,2026-01-01T00:39:44Z
order_00003064,batch_0004,trader_0016,ETH-USD,SELL,2149.29,501,501,0,2026-01-01T00:51:03Z
order_00002771,batch_0004,trader_0002,ETH-USD,SELL,2149.35,277,277,0,2026-01-01T00:46:10Z
order_00004681,batch_0004,trader_0006,ETH-USD,SELL,2149.39,888,888,0,2026-01-01T01:18:00Z
order_00004161,batch_0004,trader_0003,ETH-USD,SELL,2150.58,760,760,0,2026-01-01T01:09:20Z
order_00002755,batch_0004,trader_0018,ETH-USD,SELL,2150.83,913,913,0,2026-01-01T00:45:54Z
order_00002887,batch_0004,trader_0022,ETH-USD,SELL,2150.96,270,270,0,2026-01-01T00:48:06Z
order_00006290,batch_0004,trader_0005,ETH-USD,SELL,2150.99,963,963,0,2026-01-01T01:44:49Z
order_00002295,batch_0004,trader_0007,ETH-USD,SELL,2151.31,287,287,0,2026-01-01T00:38:14Z
order_00005397,batch_0004,trader_0021,ETH-USD,SELL,2151.4,929,929,0,2026-01-01T01:29:56Z
order_00003890,batch_0004,trader_0002,ETH-USD,SELL,2151.72,21,21,0,2026-01-01T01:04:49Z
order_00002940,batch_0004,trader_0009,ETH-USD,SELL,2151.84,275,275,0,2026-01-01T00:48:59Z
order_00004009,batch_0004,trader_0016,ETH-USD,SELL,2152.09,139,139,0,2026-01-01T01:06:48Z
order_00003707,batch_0004,trader_0019,ETH-USD,SELL,2152.12,915,915,0,2026-01-01T01:01:46Z
order_00002682,batch_0004,trader_0008,ETH-USD,SELL,2152.56,736,736,0,2026-01-01T00:44:41Z
order_00002720,batch_0004,trader_0017,ETH-USD,SELL,2152.71,800,800,0,2026-01-01T00:45:19Z
order_00005846,batch_0004,trader_0017,ETH-USD,SELL,2152.81,212,212,0,2026-01-01T01:37:25Z
order_00006505,batch_0004,trader_0010,ETH-USD,SELL,2152.88,43,43,0,2026-01-01T01:48:24Z
order_00003138,batch_0004,trader_0015,ETH-USD,SELL,2152.97,480,480,0,2026-01-01T00:52:17Z
order_00002175,batch_0004,trader_0024,ETH-USD,SELL,2153.27,135,135,0,2026-01-01T00:36:14Z
order_00004103,batch_0004,trader_0007,ETH-USD,SELL,2153.29,620,620,0,2026-01-01T01:08:22Z
order_00003019,batch_0004,trader_0002,ETH-USD,SELL,2153.33,266,266,0,2026-01-01T00:50:18Z
order_00002750,batch_0004,trader_0007,ETH-USD,SELL,2153.62,935,935,0,2026-01-01T00:45:49Z
order_00002869,batch_0004,trader_0022,ETH-USD,SELL,2153.76,238,238,0,2026-01-01T00:47:48Z
order_00004630,batch_0004,trader_0008,ETH-USD,SELL,2153.77,557,557,0,2026-01-01T01:17:09Z
order_00001981,batch_0004,trader_0006,ETH-USD,SELL,2153.88,311,311,0,2026-01-01T00:33:00Z
order_00002868,batch_0004,trader_0003,ETH-USD,SELL,2154.08,81,81,0,2026-01-01T00:47:47Z
order_00004014,batch_0004,trader_0003,ETH-USD,SELL,2154.6,88,88,0,2026-01-01T01:06:53Z
order_00001788,batch_0004,trader_0014,ETH-USD,SELL,2154.77,608,608,0,2026-01-01T00:29:47Z
order_00006374,batch_0004,trader_0002,ETH-USD,SELL,2154.84,457,457,0,2026-01-01T01:46:13Z
order_00003186,batch_0004,trader_0016,ETH-USD,SELL,2155.01,83,83,0,2026-01-01T00:53:05Z
order_00004396,batch_0004,trader_0024,ETH-USD,SELL,2155.67,562,562,0,2026-01-01T01:13:15Z
order_00002968,batch_0004,trader_0021,ETH-USD,SELL,2155.89,385,385,0,2026-01-01T00:49:27Z
order_00004150,batch_0004,trader_0009,ETH-USD,SELL,2156.08,581,581,0,2026-01-01T01:09:09Z
order_00005661,batch_0004,trader_0014,ETH-USD,SELL,2156.21,395,395,0,2026-01-01T01:34:20Z
order_00005875,batch_0004,trader_0006,ETH-USD,SELL,2156.44,580,580,0,2026-01-01T01:37:54Z
order_00001809,batch_0004,trader_0003,ETH-USD,SELL,2156.55,385,385,0,2026-01-01T00:30:08Z
order_00004853,batch_0004,trader_0002,ETH-USD,SELL,2156.87,130,130,0,2026-01-01T01:20:52Z
order_00003530,batch_0004,trader_0012,ETH-USD,SELL,2157.09,442,442,0,2026-01-01T00:58:49Z
order_00006295,batch_0004,trader_0006,ETH-USD,SELL,2157.12,265,265,0,2026-01-01T01:44:54Z
order_00003222,batch_0004,trader_0009,ETH-USD,SELL,2157.27,773,773,0,2026-01-01T00:53:41Z
order_00004744,batch_0004,trader_0005,ETH-USD,SELL,2157.49,755,755,0,2026-01-01T01:19:03Z
order_00001733,batch_0004,trader_0007,ETH-USD,SELL,2157.59,673,673,0,2026-01-01T00:28:52Z
order_00006075,batch_0004,trader_0020,ETH-USD,SELL,2157.78,239,239,0,2026-01-01T01:41:14Z
order_00003443,batch_0004,trader_0006,ETH-USD,SELL,2159.09,325,325,0,2026-01-01T00:57:22Z
order_00002976,batch_0004,trader_0001,ETH-USD,SELL,2159.43,118,118,0,2026-01-01T00:49:35Z
order_00004138,batch_0004,trader_0006,ETH-USD,SELL,2159.43,522,522,0,2026-01-01T01:08:57Z
order_00005992,batch_0004,trader_0015,ETH-USD,SELL,2159.49,463,463,0,2026-01-01T01:39:51Z
order_00002942,batch_0004,trader_0014,ETH-USD,SELL,2160.07,5,5,0,2026-01-01T00:49:01Z
order_00003920,batch_0004,trader_0018,ETH-USD,SELL,2160.11,766,766,0,2026-01-01T01:05:19Z
order_00003929,batch_0004,trader_0004,ETH-USD,SELL,2160.13,211,211,0,2026-01-01T01:05:28Z
order_00003567,batch_0004,trader_0009,ETH-USD,SELL,2160.18,429,429,0,2026-01-01T00:59:26Z
order_00005041,batch_0004,trader_0011,ETH-USD,SELL,2160.45,968,968,0,2026-01-01T01:24:00Z
order_00005677,batch_0004,trader_0010,ETH-USD,SELL,2160.45,896,896,0,2026-01-01T01:34:36Z
order_00006529,batch_0004,trader_0003,ETH-USD,SELL,2160.53,829,829,0,2026-01-01T01:48:48Z
order_00002301,batch_0004,trader_0022,ETH-USD,SELL,2160.58,5,5,0,2026-01-01T00:38:20Z
order_00002806,batch_0004,trader_0016,ETH-USD,SELL,2160.65,843,843,0,2026-01-01T00:46:45Z
order_00003935,batch_0004,trader_0010,ETH-USD,SELL,2160.84,885,885,0,2026-01-01T01:05:34Z
order_00003072,batch_0004,trader_0020,ETH-USD,SELL,2160.87,886,886,0,2026-01-01T00:51:11Z
order_00006435,batch_0004,trader_0011,ETH-USD,SELL,2160.95,546,546,0,2026-01-01T01:47:14Z
order_00002047,batch_0004,trader_0022,ETH-USD,SELL,2161.26,372,372,0,2026-01-01T00:34:06Z
order_00003930,batch_0004,trader_0022,ETH-USD,SELL,2161.76,5,5,0,2026-01-01T01:05:29Z
order_00006542,batch_0004,trader_0018,ETH-USD,SELL,2161.91,909,909,0,2026-01-01T01:49:01Z
order_00002930,batch_0004,trader_0004,ETH-USD,SELL,2162.35,948,948,0,2026-01-01T00:48:49Z
order_00005638,batch_0004,trader_0020,ETH-USD,SELL,2162.37,441,441,0,2026-01-01T01:33:57Z
order_00006198,batch_0004,trader_0007,ETH-USD,SELL,2162.95,764,764,0,2026-01-01T01:43:17Z
order_00005165,batch_0004,trader_0001,ETH-USD,SELL,2163.02,980,980,0,2026-01-01T01:26:04Z
order_00004629,batch_0004,trader_0017,ETH-USD,SELL,2163.2,247,247,0,2026-01-01T01:17:08Z
order_00003137,batch_0004,trader_0012,ETH-USD,SELL,2163.24,44,44,0,2026-01-01T00:52:16Z
order_00001888,batch_0004,trader_0012,ETH-USD,SELL,2163.38,58,58,0,2026-01-01T00:31:27Z
order_00004039,batch_0004,trader_0003,ETH-USD,SELL,2163.56,892,892,0,2026-01-01T01:07:18Z
order_00004008,batch_0004,trader_0004,ETH-USD,SELL,2163.67,151,151,0,2026-01-01T01:06:47Z
order_00002857,batch_0004,trader_0007,ETH-USD,SELL,2163.87,775,775,0,2026-01-01T00:47:36Z
order_00005156,batch_0004,trader_0012,ETH-USD,SELL,2164.0,23,23,0,2026-01-01T01:25:55Z
order_00003970,batch_0004,trader_0008,ETH-USD,SELL,2164.1,461,461,0,2026-01-01T01:06:09Z
order_00006180,batch_0004,trader_0023,ETH-USD,SELL,2164.1,553,553,0,2026-01-01T01:42:59Z
order_00005255,batch_0004,trader_0024,ETH-USD,SELL,2164.14,774,774,0,2026-01-01T01:27:34Z
order_00003801,batch_0004,trader_0011,ETH-USD,SELL,2164.2,773,773,0,2026-01-01T01:03:20Z
order_00004542,batch_0004,trader_0010,ETH-USD,SELL,2164.3,422,422,0,2026-01-01T01:15:41Z
order_00001799,batch_0004,trader_0016,ETH-USD,SELL,2164.59,992,992,0,2026-01-01T00:29:58Z
order_00002287,batch_0004,trader_0015,ETH-USD,SELL,2164.6,985,985,0,2026-01-01T00:38:06Z
order_00004707,batch_0004,trader_0007,ETH-USD,SELL,2164.6,11,11,0,2026-01-01T01:18:26Z
order_00006308,batch_0004,trader_0014,ETH-USD,SELL,2164.83,283,283,0,2026-01-01T01:45:07Z
order_00003347,batch_0004,trader_0025,ETH-USD,SELL,2164.89,342,342,0,2026-01-01T00:55:46Z
order_00003538,batch_0004,trader_0004,ETH-USD,SELL,2164.94,857,857,0,2026-01-01T00:58:57Z
order_00002408,batch_0004,trader_0001,ETH-USD,SELL,2164.95,557,557,0,2026-01-01T00:40:07Z
order_00003079,batch_0004,trader_0017,ETH-USD,SELL,2164.96,921,921,0,2026-01-01T00:51:18Z
order_00005087,batch_0004,trader_0020,ETH-USD,SELL,2165.03,952,952,0,2026-01-01T01:24:46Z
order_00004501,batch_0004,trader_0016,ETH-USD,SELL,2165.15,957,957,0,2026-01-01T01:15:00Z
order_00003601,batch_0004,trader_0016,ETH-USD,SELL,2165.19,146,146,0,2026-01-01T01:00:00Z
order_00003690,batch_0004,trader_0017,ETH-USD,SELL,2165.19,62,62,0,2026-01-01T01:01:29Z
order_00004523,batch_0004,trader_0003,ETH-USD,SELL,2165.19,555,555,0,2026-01-01T01:15:22Z
order_00003476,batch_0004,trader_0010,ETH-USD,SELL,2165.26,192,192,0,2026-01-01T00:57:55Z
order_00003719,batch_0004,trader_0024,ETH-USD,SELL,2165.31,519,519,0,2026-01-01T01:01:58Z
order_00005046,batch_0004,trader_0021,ETH-USD,SELL,2165.68,578,578,0,2026-01-01T01:24:05Z
order_00003271,batch_0004,trader_0021,ETH-USD,SELL,2165.85,79,79,0,2026-01-01T00:54:30Z
order_00001900,batch_0004,trader_0007,ETH-USD,SELL,2165.95,774,774,0,2026-01-01T00:31:39Z
order_00005171,batch_0004,trader_0023,ETH-USD,SELL,2166.06,825,825,0,2026-01-01T01:26:10Z
order_00004869,batch_0004,trader_0017,ETH-USD,SELL,2166.13,589,589,0,2026-01-01T01:21:08Z
order_00004448,batch_0004,trader_0019,ETH-USD,SELL,2166.2,982,982,0,2026-01-01T01:14:07Z
order_00005295,batch_0004,trader_0010,ETH-USD,SELL,2166.46,403,403,0,2026-01-01T01:28:14Z
order_00005534,batch_0004,trader_0011,ETH-USD,SELL,2166.47,924,924,0,2026-01-01T01:32:13Z
order_00002813,batch_0004,trader_0022,ETH-USD,SELL,2166.49,278,278,0,2026-01-01T00:46:52Z
order_00002450,batch_0004,trader_0023,ETH-USD,SELL,2166.52,683,683,0,2026-01-01T00:40:49Z
order_00005766,batch_0004,trader_0003,ETH-USD,SELL,2166.53,686,686,0,2026-01-01T01:36:05Z
order_00002952,batch_0004,trader_0018,ETH-USD,SELL,2166.67,643,643,0,2026-01-01T00:49:11Z
order_00003152,batch_0004,trader_0008,ETH-USD,SELL,2166.91,828,828,0,2026-01-01T00:52:31Z
order_00002501,batch_0004,trader_0008,ETH-USD,SELL,2167.07,929,929,0,2026-01-01T00:41:40Z
order_00005154,batch_0004,trader_0011,ETH-USD,SELL,2167.34,45,45,0,2026-01-01T01:25:53Z
order_00003283,batch_0004,trader_0014,ETH-USD,SELL,2167.45,543,543,0,2026-01-01T00:54:42Z
order_00002392,batch_0004,trader_0019,ETH-USD,SELL,2168.47,654,654,0,2026-01-01T00:39:51Z
order_00003562,batch_0004,trader_0005,ETH-USD,SELL,2168.47,385,385,0,2026-01-01T00:59:21Z
order_00003430,batch_0004,trader_0020,ETH-USD,SELL,2168.63,515,515,0,2026-01-01T00:57:09Z
order_00002174,batch_0004,trader_0023,ETH-USD,SELL,2168.69,348,348,0,2026-01-01T00:36:13Z
order_00005022,batch_0004,trader_0001,ETH-USD,SELL,2168.77,144,144,0,2026-01-01T01:23:41Z
order_00003934,batch_0004,trader_0022,ETH-USD,SELL,2168.87,904,904,0,2026-01-01T01:05:33Z
order_00002981,batch_0004,trader_0009,ETH-USD,SELL,2168.94,410,410,0,2026-01-01T00:49:40Z
order_00003154,batch_0004,trader_0002,ETH-USD,SELL,2168.95,431,431,0,2026-01-01T00:52:33Z
order_00006182,batch_0004,trader_0010,ETH-USD,SELL,2168.98,611,611,0,2026-01-01T01:43:01Z
order_00002208,batch_0004,trader_0005,ETH-USD,SELL,2169.01,677,677,0,2026-01-01T00:36:47Z
order_00004886,batch_0004,trader_0004,ETH-USD,SELL,2169.51,924,924,0,2026-01-01T01:21:25Z
order_00002882,batch_0004,trader_0004,ETH-USD,SELL,2169.66,666,666,0,2026-01-01T00:48:01Z
order_00005272,batch_0004,trader_0023,ETH-USD,SELL,2169.66,528,528,0,2026-01-01T01:27:51Z
order_00004710,batch_0004,trader_0008,ETH-USD,SELL,2169.73,537,537,0,2026-01-01T01:18:29Z
order_00003651,batch_0004,trader_0015,ETH-USD,SELL,2170.12,97,97,0,2026-01-01T01:00:50Z
order_00005753,batch_0004,trader_0002,ETH-USD,SELL,2170.26,188,188,0,2026-01-01T01:35:52Z
order_00005361,batch_0004,trader_0016,ETH-USD,SELL,2170.28,528,528,0,2026-01-01T01:29:20Z
order_00001690,batch_0004,trader_0019,ETH-USD,SELL,2170.63,421,421,0,2026-01-01T00:28:09Z
order_00004459,batch_0004,trader_0007,ETH-USD,SELL,2170.63,628,628,0,2026-01-01T01:14:18Z
order_00002097,batch_0004,trader_0017,ETH-USD,SELL,2170.69,780,780,0,2026-01-01T00:34:56Z
order_00003482,batch_0004,trader_0004,ETH-USD,SELL,2170.75,923,923,0,2026-01-01T00:58:01Z
order_00003296,batch_0004,trader_0010,ETH-USD,SELL,2171.22,865,865,0,2026-01-01T00:54:55Z
order_00005796,batch_0004,trader_0014,ETH-USD,SELL,2171.57,978,978,0,2026-01-01T01:36:35Z
order_00002858,batch_0004,trader_0008,ETH-USD,SELL,2171.68,654,654,0,2026-01-01T00:47:37Z
order_00006168,batch_0004,trader_0017,ETH-USD,SELL,2171.83,85,85,0,2026-01-01T01:42:47Z
order_00002133,batch_0004,trader_0017,ETH-USD,SELL,2172.27,159,159,0,2026-01-01T00:35:32Z
order_00005402,batch_0004,trader_0023,ETH-USD,SELL,2172.3,51,51,0,2026-01-01T01:30:01Z
order_00002239,batch_0004,trader_0016,ETH-USD,SELL,2172.41,706,706,0,2026-01-01T00:37:18Z
order_00004166,batch_0004,trader_0016,ETH-USD,SELL,2172.42,902,902,0,2026-01-01T01:09:25Z
order_00001874,batch_0004,trader_0025,ETH-USD,SELL,2172.43,415,415,0,2026-01-01T00:31:13Z
order_00002507,batch_0004,trader_0008,ETH-USD,SELL,2172.73,815,815,0,2026-01-01T00:41:46Z
order_00005557,batch_0004,trader_0003,ETH-USD,SELL,2172.77,146,146,0,2026-01-01T01:32:36Z
order_00005817,batch_0004,trader_0015,ETH-USD,SELL,2172.98,938,938,0,2026-01-01T01:36:56Z
order_00002932,batch_0004,trader_0004,ETH-USD,SELL,2173.0,632,632,0,2026-01-01T00:48:51Z
order_00004384,batch_0004,trader_0013,ETH-USD,SELL,2173.18,158,158,0,2026-01-01T01:13:03Z
order_00002702,batch_0004,trader_0021,ETH-USD,SELL,2173.24,952,952,0,2026-01-01T00:45:01Z
order_00001897,batch_0004,trader_0019,ETH-USD,SELL,2173.26,68,68,0,2026-01-01T00:31:36Z
order_00001712,batch_0004,trader_0005,ETH-USD,SELL,2173.58,610,610,0,2026-01-01T00:28:31Z
order_00004374,batch_0004,trader_0016,ETH-USD,SELL,2173.59,42,42,0,2026-01-01T01:12:53Z
order_00002794,batch_0004,trader_0005,ETH-USD,SELL,2173.87,660,660,0,2026-01-01T00:46:33Z
order_00004293,batch_0004,trader_0018,ETH-USD,SELL,2173.9,466,466,0,2026-01-01T01:11:32Z
order_00006217,batch_0004,trader_0023,ETH-USD,SELL,2173.98,397,397,0,2026-01-01T01:43:36Z
order_00003901,batch_0004,trader_0004,ETH-USD,SELL,2174.01,320,320,0,2026-01-01T01:05:00Z
order_00004524,batch_0004,trader_0023,ETH-USD,SELL,2174.08,563,563,0,2026-01-01T01:15:23Z
order_00005840,batch_0004,trader_0018,ETH-USD,SELL,2174.13,2,2,0,2026-01-01T01:37:19Z
order_00003262,batch_0004,trader_0008,ETH-USD,SELL,2174.21,982,982,0,2026-01-01T00:54:21Z
order_00002899,batch_0004,trader_0012,ETH-USD,SELL,2174.58,64,64,0,2026-01-01T00:48:18Z
order_00005381,batch_0004,trader_0025,ETH-USD,SELL,2174.77,554,554,0,2026-01-01T01:29:40Z
order_00004485,batch_0004,trader_0008,ETH-USD,SELL,2174.84,874,874,0,2026-01-01T01:14:44Z
order_00002014,batch_0004,trader_0018,ETH-USD,SELL,2174.87,275,275,0,2026-01-01T00:33:33Z
order_00004259,batch_0004,trader_0009,ETH-USD,SELL,2175.04,371,371,0,2026-01-01T01:10:58Z
order_00004596,batch_0004,trader_0008,ETH-USD,SELL,2175.31,645,645,0,2026-01-01T01:16:35Z
order_00005925,batch_0004,trader_0006,ETH-USD,SELL,2175.58,189,189,0,2026-01-01T01:38:44Z
order_00003426,batch_0004,trader_0013,ETH-USD,SELL,2175.76,943,943,0,2026-01-01T00:57:05Z
order_00001770,batch_0004,trader_0018,ETH-USD,SELL,2176.04,470,470,0,2026-01-01T00:29:29Z
order_00005556,batch_0004,trader_0012,ETH-USD,SELL,2176.06,508,508,0,2026-01-01T01:32:35Z
order_00004725,batch_0004,trader_0002,ETH-USD,SELL,2176.27,418,418,0,2026-01-01T01:18:44Z
order_00005859,batch_0004,trader_0001,ETH-USD,SELL,2176.39,754,754,0,2026-01-01T01:37:38Z
order_00005660,batch_0004,trader_0014,ETH-USD,SELL,2176.4,907,907,0,2026-01-01T01:34:19Z
order_00003450,batch_0004,trader_0010,ETH-USD,SELL,2176.44,858,858,0,2026-01-01T00:57:29Z
order_00005001,batch_0004,trader_0024,ETH-USD,SELL,2176.73,748,748,0,2026-01-01T01:23:20Z
order_00006070,batch_0004,trader_0012,ETH-USD,SELL,2176.83,116,116,0,2026-01-01T01:41:09Z
order_00005387,batch_0004,trader_0022,ETH-USD,SELL,2176.97,722,722,0,2026-01-01T01:29:46Z
order_00005125,batch_0004,trader_0022,ETH-USD,SELL,2177.31,593,593,0,2026-01-01T01:25:24Z
order_00005283,batch_0004,trader_0019,ETH-USD,SELL,2177.36,657,657,0,2026-01-01T01:28:02Z
order_00002204,batch_0004,trader_0015,ETH-USD,SELL,2177.5,371,371,0,2026-01-01T00:36:43Z
order_00004068,batch_0004,trader_0013,ETH-USD,SELL,2178.09,867,867,0,2026-01-01T01:07:47Z
order_00004679,batch_0004,trader_0021,ETH-USD,SELL,2178.18,299,299,0,2026-01-01T01:17:58Z
order_00005820,batch_0004,trader_0013,ETH-USD,SELL,2178.29,289,289,0,2026-01-01T01:36:59Z
order_00006201,batch_0004,trader_0023,ETH-USD,SELL,2178.6,271,271,0,2026-01-01T01:43:20Z
order_00003919,batch_0004,trader_0010,ETH-USD,SELL,2178.71,193,193,0,2026-01-01T01:05:18Z
order_00005760,batch_0004,trader_0016,ETH-USD,SELL,2178.86,151,151,0,2026-01-01T01:35:59Z
order_00004370,batch_0004,trader_0021,ETH-USD,SELL,2179.09,252,252,0,2026-01-01T01:12:49Z
order_00002040,batch_0004,trader_0011,ETH-USD,SELL,2179.48,717,717,0,2026-01-01T00:33:59Z
order_00002099,batch_0004,trader_0018,ETH-USD,SELL,2180.02,783,783,0,2026-01-01T00:34:58Z
order_00004771,batch_0004,trader_0005,ETH-USD,SELL,2180.03,921,921,0,2026-01-01T01:19:30Z
order_00004911,batch_0004,trader_0003,ETH-USD,SELL,2180.15,291,291,0,2026-01-01T01:21:50Z
order_00005518,batch_0004,trader_0020,ETH-USD,SELL,2180.15,609,609,0,2026-01-01T01:31:57Z
order_00003729,batch_0004,trader_0009,ETH-USD,SELL,2180.52,17,17,0,2026-01-01T01:02:08Z
order_00003486,batch_0004,trader_0019,ETH-USD,SELL,2180.6,204,204,0,2026-01-01T00:58:05Z
order_00004402,batch_0004,trader_0010,ETH-USD,SELL,2180.84,53,53,0,2026-01-01T01:13:21Z
order_00004664,batch_0004,trader_0017,ETH-USD,SELL,2181.24,652,652,0,2026-01-01T01:17:43Z
order_00004308,batch_0004,trader_0003,ETH-USD,SELL,2181.79,18,18,0,2026-01-01T01:11:47Z
order_00002262,batch_0004,trader_0018,ETH-USD,SELL,2182.07,198,198,0,2026-01-01T00:37:41Z
order_00006203,batch_0004,trader_0025,ETH-USD,SELL,2182.29,230,230,0,2026-01-01T01:43:22Z
order_00002263,batch_0004,trader_0017,ETH-USD,SELL,2182.92,55,55,0,2026-01-01T00:37:42Z
order_00005318,batch_0004,trader_0015,ETH-USD,SELL,2182.93,995,995,0,2026-01-01T01:28:37Z
order_00002118,batch_0004,trader_0019,ETH-USD,SELL,2182.96,929,929,0,2026-01-01T00:35:17Z
order_00006571,batch_0004,trader_0010,ETH-USD,SELL,2183.06,244,244,0,2026-01-01T01:49:30Z
order_00006253,batch_0004,trader_0003,ETH-USD,SELL,2183.19,935,935,0,2026-01-01T01:44:12Z
order_00004927,batch_0004,trader_0004,ETH-USD,SELL,2183.2,312,312,0,2026-01-01T01:22:06Z
order_00005524,batch_0004,trader_0012,ETH-USD,SELL,2183.2,998,998,0,2026-01-01T01:32:03Z
order_00004097,batch_0004,trader_0009,ETH-USD,SELL,2183.31,970,970,0,2026-01-01T01:08:16Z
order_00005644,batch_0004,trader_0023,ETH-USD,SELL,2183.66,472,472,0,2026-01-01T01:34:03Z
order_00006310,batch_0004,trader_0011,ETH-USD,SELL,2183.66,877,877,0,2026-01-01T01:45:09Z
order_00004787,batch_0004,trader_0016,ETH-USD,SELL,2183.69,853,853,0,2026-01-01T01:19:46Z
order_00003381,batch_0004,trader_0008,ETH-USD,SELL,2183.79,321,321,0,2026-01-01T00:56:20Z
order_00005595,batch_0004,trader_0025,ETH-USD,SELL,2183.84,807,807,0,2026-01-01T01:33:14Z
order_00005413,batch_0004,trader_0012,ETH-USD,SELL,2183.94,179,179,0,2026-01-01T01:30:12Z
order_00003229,batch_0004,trader_0015,ETH-USD,SELL,2184.12,167,167,0,2026-01-01T00:53:48Z
order_00006183,batch_0004,trader_0013,ETH-USD,SELL,2184.39,153,153,0,2026-01-01T01:43:02Z
order_00003725,batch_0004,trader_0004,ETH-USD,SELL,2184.63,410,410,0,2026-01-01T01:02:04Z
order_00006475,batch_0004,trader_0012,ETH-USD,SELL,2185.15,54,54,0,2026-01-01T01:47:54Z
order_00003974,batch_0004,trader_0013,ETH-USD,SELL,2185.22,179,179,0,2026-01-01T01:06:13Z
order_00002027,batch_0004,trader_0016,ETH-USD,SELL,2185.51,44,44,0,2026-01-01T00:33:46Z
order_00002160,batch_0004,trader_0016,ETH-USD,SELL,2185.55,456,456,0,2026-01-01T00:35:59Z
order_00004925,batch_0004,trader_0011,ETH-USD,SELL,2185.81,433,433,0,2026-01-01T01:22:04Z
order_00005110,batch_0004,trader_0022,ETH-USD,SELL,2185.83,602,602,0,2026-01-01T01:25:09Z
order_00005893,batch_0004,trader_0004,ETH-USD,SELL,2185.94,335,335,0,2026-01-01T01:38:12Z
order_00006053,batch_0004,trader_0001,ETH-USD,SELL,2186.08,642,642,0,2026-01-01T01:40:52Z
order_00005523,batch_0004,trader_0010,ETH-USD,SELL,2186.28,738,738,0,2026-01-01T01:32:02Z
order_00006004,batch_0004,trader_0024,ETH-USD,SELL,2186.43,888,888,0,2026-01-01T01:40:03Z
order_00002796,batch_0004,trader_0004,ETH-USD,SELL,2186.54,812,812,0,2026-01-01T00:46:35Z
order_00004447,batch_0004,trader_0014,ETH-USD,SELL,2186.68,764,764,0,2026-01-01T01:14:06Z
order_00005535,batch_0004,trader_0014,ETH-USD,SELL,2186.82,370,370,0,2026-01-01T01:32:14Z
order_00002538,batch_0004,trader_0022,ETH-USD,SELL,2187.07,513,513,0,2026-01-01T00:42:17Z
order_00005030,batch_0004,trader_0004,ETH-USD,SELL,2187.55,235,235,0,2026-01-01T01:23:49Z
order_00002197,batch_0004,trader_0025,ETH-USD,SELL,2187.85,450,450,0,2026-01-01T00:36:36Z
order_00005938,batch_0004,trader_0016,ETH-USD,SELL,2187.96,649,649,0,2026-01-01T01:38:57Z
order_00005867,batch_0004,trader_0014,ETH-USD,SELL,2187.97,361,361,0,2026-01-01T01:37:46Z
order_00001818,batch_0004,trader_0008,ETH-USD,SELL,2188.05,592,592,0,2026-01-01T00:30:17Z
order_00003628,batch_0004,trader_0002,ETH-USD,SELL,2188.17,82,82,0,2026-01-01T01:00:27Z
order_00006124,batch_0004,trader_0022,ETH-USD,SELL,2188.2,25,25,0,2026-01-01T01:42:03Z
order_00002155,batch_0004,trader_0001,ETH-USD,SELL,2188.21,713,713,0,2026-01-01T00:35:54Z
order_00005856,batch_0004,trader_0012,ETH-USD,SELL,2188.33,749,749,0,2026-01-01T01:37:35Z
order_00005705,batch_0004,trader_0003,ETH-USD,SELL,2188.34,441,441,0,2026-01-01T01:35:04Z
order_00002762,batch_0004,trader_0006,ETH-USD,SELL,2188.62,526,526,0,2026-01-01T00:46:01Z
order_00004279,batch_0004,trader_0007,ETH-USD,SELL,2188.94,357,357,0,2026-01-01T01:11:18Z
order_00004089,batch_0004,trader_0009,ETH-USD,SELL,2189.01,924,924,0,2026-01-01T01:08:08Z
order_00005461,batch_0004,trader_0006,ETH-USD,SELL,2189.12,707,707,0,2026-01-01T01:31:00Z
order_00004867,batch_0004,trader_0016,ETH-USD,SELL,2189.34,680,680,0,2026-01-01T01:21:06Z
order_00006204,batch_0004,trader_0009,ETH-USD,SELL,2189.42,936,936,0,2026-01-01T01:43:23Z
order_00003791,batch_0004,trader_0008,ETH-USD,SELL,2190.58,827,827,0,2026-01-01T01:03:10Z
order_00005232,batch_0004,trader_0022,ETH-USD,SELL,2190.86,749,749,0,2026-01-01T01:27:11Z
order_00006392,batch_0004,trader_0019,ETH-USD,SELL,2190.89,365,365,0,2026-01-01T01:46:31Z
order_00002209,batch_0004,trader_0023,ETH-USD,SELL,2191.09,60,60,0,2026-01-01T00:36:48Z
order_00002488,batch_0004,trader_0022,ETH-USD,SELL,2191.21,326,326,0,2026-01-01T00:41:27Z
order_00003074,batch_0004,trader_0008,ETH-USD,SELL,2191.45,152,152,0,2026-01-01T00:51:13Z
order_00004309,batch_0004,trader_0009,ETH-USD,SELL,2191.47,629,629,0,2026-01-01T01:11:48Z
order_00002425,batch_0004,trader_0007,ETH-USD,SELL,2192.07,401,401,0,2026-01-01T00:40:24Z
order_00001878,batch_0004,trader_0019,ETH-USD,SELL,2192.28,773,773,0,2026-01-01T00:31:17Z
order_00003862,batch_0004,trader_0017,ETH-USD,SELL,2192.4,99,99,0,2026-01-01T01:04:21Z
order_00002605,batch_0004,trader_0011,ETH-USD,SELL,2192.46,61,61,0,2026-01-01T00:43:24Z
order_00004756,batch_0004,trader_0015,ETH-USD,SELL,2192.49,780,780,0,2026-01-01T01:19:15Z
order_00001843,batch_0004,trader_0008,ETH-USD,SELL,2192.5,142,142,0,2026-01-01T00:30:42Z
order_00004774,batch_0004,trader_0023,ETH-USD,SELL,2192.64,121,121,0,2026-01-01T01:19:33Z
order_00004848,batch_0004,trader_0005,ETH-USD,SELL,2192.68,75,75,0,2026-01-01T01:20:47Z
order_00005023,batch_0004,trader_0005,ETH-USD,SELL,2192.79,335,335,0,2026-01-01T01:23:42Z
order_00006491,batch_0004,trader_0007,ETH-USD,SELL,2193.22,211,211,0,2026-01-01T01:48:10Z
order_00003441,batch_0004,trader_0007,ETH-USD,SELL,2193.36,285,285,0,2026-01-01T00:57:20Z
order_00002609,batch_0004,trader_0022,ETH-USD,SELL,2193.76,307,307,0,2026-01-01T00:43:28Z
order_00003556,batch_0004,trader_0003,ETH-USD,SELL,2193.98,575,575,0,2026-01-01T00:59:15Z
order_00003865,batch_0004,trader_0015,ETH-USD,SELL,2194.03,841,841,0,2026-01-01T01:04:24Z
order_00003873,batch_0004,trader_0007,ETH-USD,SELL,2194.48,137,137,0,2026-01-01T01:04:32Z
order_00001673,batch_0004,trader_0013,ETH-USD,SELL,2194.57,627,627,0,2026-01-01T00:27:52Z
order_00003756,batch_0004,trader_0009,ETH-USD,SELL,2195.06,592,592,0,2026-01-01T01:02:35Z
order_00003802,batch_0004,trader_0013,ETH-USD,SELL,2195.18,973,973,0,2026-01-01T01:03:21Z
order_00005099,batch_0004,trader_0022,ETH-USD,SELL,2195.22,869,869,0,2026-01-01T01:24:58Z
order_00002491,batch_0004,trader_0008,ETH-USD,SELL,2195.35,722,722,0,2026-01-01T00:41:30Z
order_00005718,batch_0004,trader_0021,ETH-USD,SELL,2195.43,924,924,0,2026-01-01T01:35:17Z
order_00005249,batch_0004,trader_0009,ETH-USD,SELL,2195.56,354,354,0,2026-01-01T01:27:28Z
order_00002772,batch_0004,trader_0007,ETH-USD,SELL,2195.81,255,255,0,2026-01-01T00:46:11Z
order_00003018,batch_0004,trader_0023,ETH-USD,SELL,2195.83,551,551,0,2026-01-01T00:50:17Z
order_00005372,batch_0004,trader_0009,ETH-USD,SELL,2195.89,225,225,0,2026-01-01T01:29:31Z
order_00005533,batch_0004,trader_0024,ETH-USD,SELL,2196.15,817,817,0,2026-01-01T01:32:12Z
order_00004939,batch_0004,trader_0008,ETH-USD,SELL,2196.19,707,707,0,2026-01-01T01:22:18Z
order_00002484,batch_0004,trader_0019,ETH-USD,SELL,2196.21,811,811,0,2026-01-01T00:41:23Z
order_00005911,batch_0004,trader_0014,ETH-USD,SELL,2196.21,919,919,0,2026-01-01T01:38:30Z
order_00006261,batch_0004,trader_0024,ETH-USD,SELL,2196.25,770,770,0,2026-01-01T01:44:20Z
order_00005870,batch_0004,trader_0024,ETH-USD,SELL,2196.27,18,18,0,2026-01-01T01:37:49Z
order_00002610,batch_0004,trader_0018,ETH-USD,SELL,2196.43,164,164,0,2026-01-01T00:43:29Z
order_00004495,batch_0004,trader_0025,ETH-USD,SELL,2196.45,491,491,0,2026-01-01T01:14:54Z
order_00005336,batch_0004,trader_0017,ETH-USD,SELL,2196.75,482,482,0,2026-01-01T01:28:55Z
order_00004016,batch_0004,trader_0022,ETH-USD,SELL,2197.16,114,114,0,2026-01-01T01:06:55Z
order_00004500,batch_0004,trader_0008,ETH-USD,SELL,2197.21,1000,1000,0,2026-01-01T01:14:59Z
order_00005107,batch_0004,trader_0019,ETH-USD,SELL,2197.22,907,907,0,2026-01-01T01:25:06Z
order_00006130,batch_0004,trader_0023,ETH-USD,SELL,2197.35,415,415,0,2026-01-01T01:42:09Z
order_00005579,batch_0004,trader_0002,ETH-USD,SELL,2197.38,507,507,0,2026-01-01T01:32:58Z
order_00001713,batch_0004,trader_0025,ETH-USD,SELL,2197.43,771,771,0,2026-01-01T00:28:32Z
order_00003466,batch_0004,trader_0014,ETH-USD,SELL,2197.5,216,216,0,2026-01-01T00:57:45Z
order_00002972,batch_0004,trader_0020,ETH-USD,SELL,2197.97,496,496,0,2026-01-01T00:49:31Z
order_00003560,batch_0004,trader_0001,ETH-USD,SELL,2198.33,426,426,0,2026-01-01T00:59:19Z
order_00003094,batch_0004,trader_0007,ETH-USD,SELL,2198.37,147,147,0,2026-01-01T00:51:33Z
order_00003395,batch_0004,trader_0005,ETH-USD,SELL,2198.47,738,738,0,2026-01-01T00:56:34Z
order_00006036,batch_0004,trader_0021,ETH-USD,SELL,2198.71,432,432,0,2026-01-01T01:40:35Z
order_00003806,batch_0004,trader_0020,ETH-USD,SELL,2199.04,91,91,0,2026-01-01T01:03:25Z
order_00004913,batch_0004,trader_0023,ETH-USD,SELL,2199.04,971,971,0,2026-01-01T01:21:52Z
order_00006220,batch_0004,trader_0018,ETH-USD,SELL,2199.12,906,906,0,2026-01-01T01:43:39Z
order_00006373,batch_0004,trader_0013,ETH-USD,SELL,2199.12,826,826,0,2026-01-01T01:46:12Z
order_00006503,batch_0004,trader_0016,ETH-USD,SELL,2199.2,21,21,0,2026-01-01T01:48:22Z
order_00003775,batch_0004,trader_0007,ETH-USD,SELL,2199.42,907,907,0,2026-01-01T01:02:54Z
order_00004663,batch_0004,trader_0025,ETH-USD,SELL,2199.5,806,806,0,2026-01-01T01:17:42Z
order_00002924,batch_0004,trader_0014,ETH-USD,SELL,2199.62,665,665,0,2026-01-01T00:48:43Z
order_00002291,batch_0004,trader_0021,ETH-USD,SELL,2199.7,390,390,0,2026-01-01T00:38:10Z
order_00006577,batch_0004,trader_0008,ETH-USD,SELL,2199.74,982,982,0,2026-01-01T01:49:36Z
order_00005745,batch_0004,trader_0025,ETH-USD,SELL,2199.76,817,817,0,2026-01-01T01:35:44Z
