batch_id,buy_order_id,sell_order_id,symbol,execution_price,executed_quantity,execution_timestamp
batch_0005,order_00007952,order_00011674,ETH-USD,1800.21,354,2026-01-01T03:14:33Z
batch_0005,order_00007952,order_00007558,ETH-USD,1800.27,522,2026-01-01T02:12:31Z
batch_0005,order_00013145,order_00007558,ETH-USD,1800.27,102,2026-01-01T03:39:04Z
batch_0005,order_00013145,order_00010466,ETH-USD,1800.34,692,2026-01-01T03:39:04Z
batch_0005,order_00014492,order_00010466,ETH-USD,1800.34,183,2026-01-01T04:01:31Z
batch_0005,order_00014492,order_00007690,ETH-USD,1800.39,173,2026-01-01T04:01:31Z
batch_0005,order_00007903,order_00007690,ETH-USD,1800.39,327,2026-01-01T02:11:42Z
batch_0005,order_00007903,order_00008602,ETH-USD,1800.55,396,2026-01-01T02:23:21Z
batch_0005,order_00011899,order_00008602,ETH-USD,1800.55,29,2026-01-01T03:18:18Z
batch_0005,order_00011899,order_00014725,ETH-USD,1800.6,549,2026-01-01T04:05:24Z
batch_0005,order_00012975,order_00014725,ETH-USD,1800.6,266,2026-01-01T04:05:24Z
batch_0005,order_00012975,order_00011571,ETH-USD,1800.63,9,2026-01-01T03:36:14Z
batch_0005,order_00012975,order_00009666,ETH-USD,1801.01,90,2026-01-01T03:36:14Z
batch_0005,order_00012975,order_00008158,ETH-USD,1801.07,523,2026-01-01T03:36:14Z
batch_0005,order_00016056,order_00008158,ETH-USD,1801.07,221,2026-01-01T04:27:35Z
batch_0005,order_00016056,order_00012432,ETH-USD,1801.07,211,2026-01-01T04:27:35Z
batch_0005,order_00015627,order_00012432,ETH-USD,1801.07,246,2026-01-01T04:20:26Z
batch_0005,order_00010231,order_00012432,ETH-USD,1801.07,346,2026-01-01T03:27:11Z
batch_0005,order_00010231,order_00014657,ETH-USD,1801.09,654,2026-01-01T04:04:16Z
batch_0005,order_00009655,order_00014657,ETH-USD,1801.09,238,2026-01-01T04:04:16Z
batch_0005,order_00009655,order_00012095,ETH-USD,1801.25,26,2026-01-01T03:21:34Z
batch_0005,order_00015151,order_00012095,ETH-USD,1801.25,454,2026-01-01T04:12:30Z
batch_0005,order_00016431,order_00012095,ETH-USD,1801.25,74,2026-01-01T04:33:50Z
batch_0005,order_00016431,order_00011030,ETH-USD,1801.32,399,2026-01-01T04:33:50Z
batch_0005,order_00014520,order_00011030,ETH-USD,1801.32,155,2026-01-01T04:01:59Z
batch_0005,order_00014520,order_00013114,ETH-USD,1801.35,254,2026-01-01T04:01:59Z
batch_0005,order_00012044,order_00013114,ETH-USD,1801.35,487,2026-01-01T03:38:33Z
batch_0005,order_00012044,order_00006879,ETH-USD,1801.48,59,2026-01-01T03:20:43Z
batch_0005,order_00013852,order_00006879,ETH-USD,1801.48,710,2026-01-01T03:50:51Z
batch_0005,order_00016237,order_00006879,ETH-USD,1801.48,226,2026-01-01T04:30:36Z
batch_0005,order_00016237,order_00010606,ETH-USD,1801.54,47,2026-01-01T04:30:36Z
batch_0005,order_00016237,order_00011057,ETH-USD,1801.59,324,2026-01-01T04:30:36Z
batch_0005,order_00014355,order_00011057,ETH-USD,1801.59,323,2026-01-01T03:59:14Z
batch_0005,order_00014012,order_00011057,ETH-USD,1801.59,285,2026-01-01T03:53:31Z
batch_0005,order_00014012,order_00007152,ETH-USD,1801.63,39,2026-01-01T03:53:31Z
batch_0005,order_00015972,order_00007152,ETH-USD,1801.63,279,2026-01-01T04:26:11Z
batch_0005,order_00007192,order_00007152,ETH-USD,1801.63,160,2026-01-01T01:59:51Z
batch_0005,order_00010410,order_00007152,ETH-USD,1801.63,314,2026-01-01T02:53:29Z
batch_0005,order_00010410,order_00010780,ETH-USD,1801.68,297,2026-01-01T02:59:39Z
batch_0005,order_00007015,order_00010780,ETH-USD,1801.68,168,2026-01-01T02:59:39Z
batch_0005,order_00016568,order_00010780,ETH-USD,1801.68,104,2026-01-01T04:36:07Z
batch_0005,order_00016568,order_00015217,ETH-USD,1801.7,220,2026-01-01T04:36:07Z
batch_0005,order_00016568,order_00011140,ETH-USD,1801.77,378,2026-01-01T04:36:07Z
batch_0005,order_00011762,order_00011140,ETH-USD,1801.77,381,2026-01-01T03:16:01Z
batch_0005,order_00012481,order_00011140,ETH-USD,1801.77,140,2026-01-01T03:28:00Z
batch_0005,order_00012481,order_00009686,ETH-USD,1801.84,424,2026-01-01T03:28:00Z
batch_0005,order_00012481,order_00007622,ETH-USD,1801.91,431,2026-01-01T03:28:00Z
batch_0005,order_00010233,order_00007622,ETH-USD,1801.91,272,2026-01-01T02:50:32Z
batch_0005,order_00010233,order_00011358,ETH-USD,1801.91,3,2026-01-01T03:09:17Z
batch_0005,order_00010233,order_00010661,ETH-USD,1801.95,607,2026-01-01T02:57:40Z
batch_0005,order_00016369,order_00010661,ETH-USD,1801.95,233,2026-01-01T04:32:48Z
batch_0005,order_00016369,order_00012316,ETH-USD,1802.28,766,2026-01-01T04:32:48Z
batch_0005,order_00014805,order_00012316,ETH-USD,1802.28,130,2026-01-01T04:06:44Z
batch_0005,order_00014805,order_00007694,ETH-USD,1802.35,182,2026-01-01T04:06:44Z
batch_0005,order_00014805,order_00009075,ETH-USD,1802.52,53,2026-01-01T04:06:44Z
batch_0005,order_00016166,order_00009075,ETH-USD,1802.52,101,2026-01-01T04:29:25Z
batch_0005,order_00016166,order_00009621,ETH-USD,1802.55,262,2026-01-01T04:29:25Z
batch_0005,order_00016166,order_00012312,ETH-USD,1802.72,108,2026-01-01T04:29:25Z
batch_0005,order_00016121,order_00012312,ETH-USD,1802.72,131,2026-01-01T04:28:40Z
batch_0005,order_00016121,order_00009359,ETH-USD,1802.76,55,2026-01-01T04:28:40Z
batch_0005,order_00016121,order_00013479,ETH-USD,1802.77,14,2026-01-01T04:28:40Z
batch_0005,order_00016121,order_00008801,ETH-USD,1802.8,520,2026-01-01T04:28:40Z
batch_0005,order_00016121,order_00006972,ETH-USD,1802.82,56,2026-01-01T04:28:40Z
batch_0005,order_00012736,order_00006972,ETH-USD,1802.82,445,2026-01-01T03:32:15Z
batch_0005,order_00012736,order_00009583,ETH-USD,1802.85,163,2026-01-01T03:32:15Z
batch_0005,order_00012736,order_00009952,ETH-USD,1803.09,116,2026-01-01T03:32:15Z
batch_0005,order_00012736,order_00008819,ETH-USD,1803.1,63,2026-01-01T03:32:15Z
batch_0005,order_00012736,order_00014194,ETH-USD,1803.29,45,2026-01-01T03:56:33Z
batch_0005,order_00012247,order_00014194,ETH-USD,1803.29,431,2026-01-01T03:56:33Z
batch_0005,order_00008278,order_00014194,ETH-USD,1803.29,521,2026-01-01T03:56:33Z
batch_0005,order_00008278,order_00007869,ETH-USD,1803.3,271,2026-01-01T02:17:57Z
batch_0005,order_00011485,order_00007869,ETH-USD,1803.3,152,2026-01-01T03:11:24Z
batch_0005,order_00012519,order_00007869,ETH-USD,1803.3,295,2026-01-01T03:28:38Z
batch_0005,order_00016244,order_00007869,ETH-USD,1803.3,169,2026-01-01T04:30:43Z
batch_0005,order_00016244,order_00011452,ETH-USD,1803.31,256,2026-01-01T04:30:43Z
batch_0005,order_00016244,order_00009006,ETH-USD,1803.33,521,2026-01-01T04:30:43Z
batch_0005,order_00014631,order_00009006,ETH-USD,1803.33,24,2026-01-01T04:03:50Z
batch_0005,order_00014631,order_00010510,ETH-USD,1803.37,129,2026-01-01T04:03:50Z
batch_0005,order_00014631,order_00013833,ETH-USD,1803.43,190,2026-01-01T04:03:50Z
batch_0005,order_00009244,order_00013833,ETH-USD,1803.43,237,2026-01-01T03:50:32Z
batch_0005,order_00007576,order_00013833,ETH-USD,1803.43,12,2026-01-01T03:50:32Z
batch_0005,order_00007576,order_00009009,ETH-USD,1803.46,138,2026-01-01T02:30:08Z
batch_0005,order_00007576,order_00012694,ETH-USD,1803.82,325,2026-01-01T03:31:33Z
batch_0005,order_00016323,order_00012694,ETH-USD,1803.82,383,2026-01-01T04:32:02Z
batch_0005,order_00009576,order_00012694,ETH-USD,1803.82,108,2026-01-01T03:31:33Z
batch_0005,order_00009576,order_00012147,ETH-USD,1803.85,288,2026-01-01T03:22:26Z
batch_0005,order_00009576,order_00013870,ETH-USD,1803.85,380,2026-01-01T03:51:09Z
batch_0005,order_00013490,order_00013870,ETH-USD,1803.85,35,2026-01-01T03:51:09Z
batch_0005,order_00013490,order_00008598,ETH-USD,1803.88,320,2026-01-01T03:44:49Z
batch_0005,order_00013490,order_00009763,ETH-USD,1803.96,238,2026-01-01T03:44:49Z
batch_0005,order_00011362,order_00009763,ETH-USD,1803.96,392,2026-01-01T03:09:21Z
batch_0005,order_00011362,order_00013647,ETH-USD,1804.02,296,2026-01-01T03:47:26Z
batch_0005,order_00011362,order_00015339,ETH-USD,1804.21,100,2026-01-01T04:15:38Z
batch_0005,order_00013628,order_00015339,ETH-USD,1804.21,270,2026-01-01T04:15:38Z
batch_0005,order_00013628,order_00013130,ETH-USD,1804.3,470,2026-01-01T03:47:07Z
batch_0005,order_00006816,order_00013130,ETH-USD,1804.3,526,2026-01-01T03:38:49Z
batch_0005,order_00006816,order_00014907,ETH-USD,1804.35,180,2026-01-01T04:08:26Z
batch_0005,order_00014613,order_00014907,ETH-USD,1804.35,133,2026-01-01T04:08:26Z
batch_0005,order_00011591,order_00014907,ETH-USD,1804.35,255,2026-01-01T04:08:26Z
batch_0005,order_00011591,order_00006755,ETH-USD,1804.38,124,2026-01-01T03:13:10Z
batch_0005,order_00011591,order_00011725,ETH-USD,1804.45,298,2026-01-01T03:15:24Z
batch_0005,order_00007102,order_00011725,ETH-USD,1804.45,33,2026-01-01T03:15:24Z
batch_0005,order_00009031,order_00011725,ETH-USD,1804.45,669,2026-01-01T03:15:24Z
batch_0005,order_00009031,order_00013975,ETH-USD,1804.47,11,2026-01-01T03:52:54Z
batch_0005,order_00006682,order_00013975,ETH-USD,1804.47,509,2026-01-01T03:52:54Z
batch_0005,order_00015202,order_00013975,ETH-USD,1804.47,470,2026-01-01T04:13:21Z
batch_0005,order_00015202,order_00007554,ETH-USD,1804.48,48,2026-01-01T04:13:21Z
batch_0005,order_00007747,order_00007554,ETH-USD,1804.48,407,2026-01-01T02:09:06Z
batch_0005,order_00014078,order_00007554,ETH-USD,1804.48,73,2026-01-01T03:54:37Z
batch_0005,order_00014078,order_00012982,ETH-USD,1804.48,145,2026-01-01T03:54:37Z
batch_0005,order_00014078,order_00016303,ETH-USD,1804.49,366,2026-01-01T04:31:42Z
batch_0005,order_00015744,order_00016303,ETH-USD,1804.49,2,2026-01-01T04:31:42Z
batch_0005,order_00013030,order_00016303,ETH-USD,1804.49,227,2026-01-01T04:31:42Z
batch_0005,order_00013030,order_00008737,ETH-USD,1804.74,467,2026-01-01T03:37:09Z
batch_0005,order_00013030,order_00014663,ETH-USD,1804.98,266,2026-01-01T04:04:22Z
batch_0005,order_00013259,order_00014663,ETH-USD,1804.98,187,2026-01-01T04:04:22Z
batch_0005,order_00013259,order_00015537,ETH-USD,1804.98,383,2026-01-01T04:18:56Z
batch_0005,order_00013259,order_00006707,ETH-USD,1805.04,141,2026-01-01T03:40:58Z
batch_0005,order_00007004,order_00006707,ETH-USD,1805.04,680,2026-01-01T01:56:43Z
batch_0005,order_00007004,order_00007716,ETH-USD,1805.05,100,2026-01-01T02:08:35Z
batch_0005,order_00008810,order_00007716,ETH-USD,1805.05,460,2026-01-01T02:26:49Z
batch_0005,order_00012117,order_00007716,ETH-USD,1805.05,55,2026-01-01T03:21:56Z
batch_0005,order_00012117,order_00011029,ETH-USD,1805.15,52,2026-01-01T03:21:56Z
batch_0005,order_00009921,order_00011029,ETH-USD,1805.15,103,2026-01-01T03:03:48Z
batch_0005,order_00009921,order_00015364,ETH-USD,1805.23,167,2026-01-01T04:16:03Z
batch_0005,order_00009240,order_00015364,ETH-USD,1805.23,92,2026-01-01T04:16:03Z
batch_0005,order_00012301,order_00015364,ETH-USD,1805.23,58,2026-01-01T04:16:03Z
batch_0005,order_00013009,order_00015364,ETH-USD,1805.23,498,2026-01-01T04:16:03Z
batch_0005,order_00013009,order_00007244,ETH-USD,1805.27,185,2026-01-01T03:36:48Z
batch_0005,order_00014060,order_00007244,ETH-USD,1805.27,106,2026-01-01T03:54:19Z
batch_0005,order_00014060,order_00009510,ETH-USD,1805.33,467,2026-01-01T03:54:19Z
batch_0005,order_00012821,order_00009510,ETH-USD,1805.33,321,2026-01-01T03:33:40Z
batch_0005,order_00012821,order_00008862,ETH-USD,1805.46,130,2026-01-01T03:33:40Z
batch_0005,order_00014917,order_00008862,ETH-USD,1805.46,160,2026-01-01T04:08:36Z
batch_0005,order_00014917,order_00008931,ETH-USD,1805.64,104,2026-01-01T04:08:36Z
batch_0005,order_00007446,order_00008931,ETH-USD,1805.64,164,2026-01-01T02:28:50Z
batch_0005,order_00007446,order_00016420,ETH-USD,1805.64,82,2026-01-01T04:33:39Z
batch_0005,order_00011676,order_00016420,ETH-USD,1805.64,105,2026-01-01T04:33:39Z
batch_0005,order_00011676,order_00013474,ETH-USD,1805.7,191,2026-01-01T03:44:33Z
batch_0005,order_00011089,order_00013474,ETH-USD,1805.7,230,2026-01-01T03:44:33Z
batch_0005,order_00012400,order_00013474,ETH-USD,1805.7,117,2026-01-01T03:44:33Z
batch_0005,order_00012400,order_00013848,ETH-USD,1805.74,625,2026-01-01T03:50:47Z
batch_0005,order_00012400,order_00016586,ETH-USD,1805.82,135,2026-01-01T04:36:25Z
batch_0005,order_00011069,order_00016586,ETH-USD,1805.82,407,2026-01-01T04:36:25Z
batch_0005,order_00011069,order_00009808,ETH-USD,1805.96,347,2026-01-01T03:04:28Z
batch_0005,order_00011069,order_00009595,ETH-USD,1806.09,75,2026-01-01T03:04:28Z
batch_0005,order_00009097,order_00009595,ETH-USD,1806.09,50,2026-01-01T02:39:54Z
batch_0005,order_00009097,order_00012101,ETH-USD,1806.21,16,2026-01-01T03:21:40Z
batch_0005,order_00009097,order_00008669,ETH-USD,1806.23,459,2026-01-01T02:31:36Z
batch_0005,order_00009097,order_00010790,ETH-USD,1806.36,281,2026-01-01T02:59:49Z
batch_0005,order_00016205,order_00010790,ETH-USD,1806.36,362,2026-01-01T04:30:04Z
batch_0005,order_00016205,order_00015808,ETH-USD,1806.36,464,2026-01-01T04:30:04Z
batch_0005,order_00007876,order_00015808,ETH-USD,1806.36,282,2026-01-01T04:23:27Z
batch_0005,order_00008471,order_00015808,ETH-USD,1806.36,107,2026-01-01T04:23:27Z
batch_0005,order_00008471,order_00008048,ETH-USD,1806.37,79,2026-01-01T02:21:10Z
batch_0005,order_00012490,order_00008048,ETH-USD,1806.37,331,2026-01-01T03:28:09Z
batch_0005,order_00012490,order_00006780,ETH-USD,1806.41,416,2026-01-01T03:28:09Z
batch_0005,order_00012490,order_00009523,ETH-USD,1806.43,210,2026-01-01T03:28:09Z
batch_0005,order_00011032,order_00009523,ETH-USD,1806.43,464,2026-01-01T03:03:51Z
batch_0005,order_00011032,order_00011456,ETH-USD,1806.43,219,2026-01-01T03:10:55Z
batch_0005,order_00015952,order_00011456,ETH-USD,1806.43,56,2026-01-01T04:25:51Z
batch_0005,order_00015952,order_00012474,ETH-USD,1806.46,508,2026-01-01T04:25:51Z
batch_0005,order_00015952,order_00013764,ETH-USD,1806.51,174,2026-01-01T04:25:51Z
batch_0005,order_00014764,order_00013764,ETH-USD,1806.51,39,2026-01-01T04:06:03Z
batch_0005,order_00014764,order_00009371,ETH-USD,1806.63,554,2026-01-01T04:06:03Z
batch_0005,order_00014764,order_00009069,ETH-USD,1806.71,22,2026-01-01T04:06:03Z
batch_0005,order_00010175,order_00009069,ETH-USD,1806.71,481,2026-01-01T02:49:34Z
batch_0005,order_00012439,order_00009069,ETH-USD,1806.71,214,2026-01-01T03:27:18Z
batch_0005,order_00015257,order_00009069,ETH-USD,1806.71,70,2026-01-01T04:14:16Z
batch_0005,order_00008798,order_00009069,ETH-USD,1806.71,85,2026-01-01T02:31:08Z
batch_0005,order_00008896,order_00009069,ETH-USD,1806.71,68,2026-01-01T02:31:08Z
batch_0005,order_00008896,order_00006964,ETH-USD,1806.76,609,2026-01-01T02:28:15Z
batch_0005,order_00008100,order_00006964,ETH-USD,1806.76,374,2026-01-01T02:14:59Z
batch_0005,order_00008100,order_00013633,ETH-USD,1806.8,535,2026-01-01T03:47:12Z
batch_0005,order_00008060,order_00013633,ETH-USD,1806.8,93,2026-01-01T03:47:12Z
batch_0005,order_00008060,order_00014676,ETH-USD,1806.82,606,2026-01-01T04:04:35Z
batch_0005,order_00008060,order_00011929,ETH-USD,1806.83,15,2026-01-01T03:18:48Z
batch_0005,order_00006937,order_00011929,ETH-USD,1806.83,649,2026-01-01T03:18:48Z
batch_0005,order_00006937,order_00010879,ETH-USD,1806.84,221,2026-01-01T03:01:18Z
batch_0005,order_00014080,order_00010879,ETH-USD,1806.84,182,2026-01-01T03:54:39Z
batch_0005,order_00014080,order_00016222,ETH-USD,1806.92,585,2026-01-01T04:30:21Z
batch_0005,order_00014080,order_00016092,ETH-USD,1806.96,149,2026-01-01T04:28:11Z
batch_0005,order_00008004,order_00016092,ETH-USD,1806.96,575,2026-01-01T04:28:11Z
batch_0005,order_00008004,order_00011907,ETH-USD,1807.16,47,2026-01-01T03:18:26Z
batch_0005,order_00006940,order_00011907,ETH-USD,1807.16,95,2026-01-01T03:18:26Z
batch_0005,order_00016254,order_00011907,ETH-USD,1807.16,319,2026-01-01T04:30:53Z
batch_0005,order_00013998,order_00011907,ETH-USD,1807.16,132,2026-01-01T03:53:17Z
batch_0005,order_00013998,order_00016123,ETH-USD,1807.19,6,2026-01-01T04:28:42Z
batch_0005,order_00013998,order_00015558,ETH-USD,1807.28,81,2026-01-01T04:19:17Z
batch_0005,order_00013998,order_00012297,ETH-USD,1807.3,145,2026-01-01T03:53:17Z
batch_0005,order_00013998,order_00012219,ETH-USD,1807.31,292,2026-01-01T03:53:17Z
batch_0005,order_00013533,order_00012219,ETH-USD,1807.31,476,2026-01-01T03:45:32Z
batch_0005,order_00013533,order_00008758,ETH-USD,1807.33,20,2026-01-01T03:45:32Z
batch_0005,order_00013533,order_00008090,ETH-USD,1807.39,166,2026-01-01T03:45:32Z
batch_0005,order_00012150,order_00008090,ETH-USD,1807.39,349,2026-01-01T03:22:29Z
batch_0005,order_00012150,order_00008153,ETH-USD,1807.5,493,2026-01-01T03:22:29Z
batch_0005,order_00012150,order_00013225,ETH-USD,1807.51,105,2026-01-01T03:40:24Z
batch_0005,order_00008921,order_00013225,ETH-USD,1807.51,82,2026-01-01T03:40:24Z
batch_0005,order_00010800,order_00013225,ETH-USD,1807.51,656,2026-01-01T03:40:24Z
batch_0005,order_00010800,order_00006916,ETH-USD,1807.54,341,2026-01-01T02:59:59Z
batch_0005,order_00010659,order_00006916,ETH-USD,1807.54,353,2026-01-01T02:57:38Z
batch_0005,order_00010659,order_00007909,ETH-USD,1807.58,89,2026-01-01T02:57:38Z
batch_0005,order_00007237,order_00007909,ETH-USD,1807.58,138,2026-01-01T02:11:48Z
batch_0005,order_00007237,order_00009933,ETH-USD,1807.58,485,2026-01-01T02:45:32Z
batch_0005,order_00007237,order_00015589,ETH-USD,1807.66,31,2026-01-01T04:19:48Z
batch_0005,order_00015982,order_00015589,ETH-USD,1807.66,151,2026-01-01T04:26:21Z
batch_0005,order_00015982,order_00008926,ETH-USD,1807.78,825,2026-01-01T04:26:21Z
batch_0005,order_00014527,order_00008926,ETH-USD,1807.78,17,2026-01-01T04:02:06Z
batch_0005,order_00014527,order_00008952,ETH-USD,1807.89,570,2026-01-01T04:02:06Z
batch_0005,order_00014527,order_00011380,ETH-USD,1808.01,20,2026-01-01T04:02:06Z
batch_0005,order_00016470,order_00011380,ETH-USD,1808.01,353,2026-01-01T04:34:29Z
batch_0005,order_00011593,order_00011380,ETH-USD,1808.01,345,2026-01-01T03:13:12Z
batch_0005,order_00011593,order_00011331,ETH-USD,1808.07,380,2026-01-01T03:13:12Z
batch_0005,order_00007156,order_00011331,ETH-USD,1808.07,135,2026-01-01T03:08:50Z
batch_0005,order_00006652,order_00011331,ETH-USD,1808.07,249,2026-01-01T03:08:50Z
batch_0005,order_00006652,order_00013374,ETH-USD,1808.28,420,2026-01-01T03:42:53Z
batch_0005,order_00012721,order_00013374,ETH-USD,1808.28,95,2026-01-01T03:42:53Z
batch_0005,order_00012721,order_00015986,ETH-USD,1808.29,479,2026-01-01T04:26:25Z
batch_0005,order_00012721,order_00007511,ETH-USD,1808.32,16,2026-01-01T03:32:00Z
batch_0005,order_00016240,order_00007511,ETH-USD,1808.32,129,2026-01-01T04:30:39Z
batch_0005,order_00016240,order_00007864,ETH-USD,1808.33,172,2026-01-01T04:30:39Z
batch_0005,order_00011753,order_00007864,ETH-USD,1808.33,180,2026-01-01T03:15:52Z
batch_0005,order_00011753,order_00012703,ETH-USD,1808.4,116,2026-01-01T03:31:42Z
batch_0005,order_00015220,order_00012703,ETH-USD,1808.4,355,2026-01-01T04:13:39Z
batch_0005,order_00013736,order_00012703,ETH-USD,1808.4,159,2026-01-01T03:48:55Z
batch_0005,order_00013736,order_00006715,ETH-USD,1808.42,45,2026-01-01T03:48:55Z
batch_0005,order_00006674,order_00006715,ETH-USD,1808.42,342,2026-01-01T01:51:54Z
batch_0005,order_00010674,order_00006715,ETH-USD,1808.42,375,2026-01-01T02:57:53Z
batch_0005,order_00010674,order_00007488,ETH-USD,1808.5,470,2026-01-01T02:57:53Z
batch_0005,order_00010674,order_00011886,ETH-USD,1808.6,54,2026-01-01T03:18:05Z
batch_0005,order_00015404,order_00011886,ETH-USD,1808.6,33,2026-01-01T04:16:43Z
batch_0005,order_00015404,order_00007751,ETH-USD,1808.74,435,2026-01-01T04:16:43Z
batch_0005,order_00016332,order_00007751,ETH-USD,1808.74,320,2026-01-01T04:32:11Z
batch_0005,order_00009674,order_00007751,ETH-USD,1808.74,186,2026-01-01T02:41:13Z
batch_0005,order_00013825,order_00007751,ETH-USD,1808.74,9,2026-01-01T03:50:24Z
batch_0005,order_00013825,order_00009147,ETH-USD,1808.82,105,2026-01-01T03:50:24Z
batch_0005,order_00007093,order_00009147,ETH-USD,1808.82,344,2026-01-01T02:32:26Z
batch_0005,order_00011682,order_00009147,ETH-USD,1808.82,242,2026-01-01T03:14:41Z
batch_0005,order_00016417,order_00009147,ETH-USD,1808.82,114,2026-01-01T04:33:36Z
batch_0005,order_00016417,order_00016094,ETH-USD,1808.94,244,2026-01-01T04:33:36Z
batch_0005,order_00016417,order_00008752,ETH-USD,1809.0,239,2026-01-01T04:33:36Z
batch_0005,order_00012324,order_00008752,ETH-USD,1809.0,88,2026-01-01T03:25:23Z
batch_0005,order_00013563,order_00008752,ETH-USD,1809.0,539,2026-01-01T03:46:02Z
batch_0005,order_00013563,order_00014953,ETH-USD,1809.07,103,2026-01-01T04:09:12Z
batch_0005,order_00008209,order_00014953,ETH-USD,1809.07,271,2026-01-01T04:09:12Z
batch_0005,order_00008209,order_00011478,ETH-USD,1809.08,47,2026-01-01T03:11:17Z
batch_0005,order_00007611,order_00011478,ETH-USD,1809.08,170,2026-01-01T03:11:17Z
batch_0005,order_00007611,order_00007406,ETH-USD,1809.18,391,2026-01-01T02:06:50Z
batch_0005,order_00007611,order_00014482,ETH-USD,1809.25,290,2026-01-01T04:01:21Z
batch_0005,order_00007611,order_00011390,ETH-USD,1809.41,42,2026-01-01T03:09:49Z
batch_0005,order_00007182,order_00011390,ETH-USD,1809.41,11,2026-01-01T03:09:49Z
batch_0005,order_00013166,order_00011390,ETH-USD,1809.41,540,2026-01-01T03:39:25Z
batch_0005,order_00012086,order_00011390,ETH-USD,1809.41,346,2026-01-01T03:21:25Z
batch_0005,order_00012086,order_00012131,ETH-USD,1809.63,194,2026-01-01T03:22:10Z
batch_0005,order_00007822,order_00012131,ETH-USD,1809.63,301,2026-01-01T03:22:10Z
batch_0005,order_00008876,order_00012131,ETH-USD,1809.63,126,2026-01-01T03:22:10Z
batch_0005,order_00008876,order_00007391,ETH-USD,1809.69,303,2026-01-01T02:27:55Z
batch_0005,order_00013054,order_00007391,ETH-USD,1809.69,167,2026-01-01T03:37:33Z
batch_0005,order_00013054,order_00010576,ETH-USD,1809.78,477,2026-01-01T03:37:33Z
batch_0005,order_00013054,order_00012816,ETH-USD,1809.78,64,2026-01-01T03:37:33Z
batch_0005,order_00009175,order_00012816,ETH-USD,1809.78,308,2026-01-01T03:33:35Z
batch_0005,order_00006914,order_00012816,ETH-USD,1809.78,394,2026-01-01T03:33:35Z
batch_0005,order_00006914,order_00013982,ETH-USD,1809.86,128,2026-01-01T03:53:01Z
batch_0005,order_00015691,order_00013982,ETH-USD,1809.86,103,2026-01-01T04:21:30Z
batch_0005,order_00015691,order_00012951,ETH-USD,1809.92,590,2026-01-01T04:21:30Z
batch_0005,order_00011507,order_00012951,ETH-USD,1809.92,35,2026-01-01T03:35:50Z
batch_0005,order_00011507,order_00015770,ETH-USD,1810.24,157,2026-01-01T04:22:49Z
batch_0005,order_00011507,order_00013226,ETH-USD,1810.35,330,2026-01-01T03:40:25Z
batch_0005,order_00011507,order_00010190,ETH-USD,1810.36,102,2026-01-01T03:11:46Z
batch_0005,order_00011507,order_00015757,ETH-USD,1810.53,71,2026-01-01T04:22:36Z
batch_0005,order_00011013,order_00015757,ETH-USD,1810.53,149,2026-01-01T04:22:36Z
batch_0005,order_00011013,order_00009201,ETH-USD,1810.57,60,2026-01-01T03:03:32Z
batch_0005,order_00007830,order_00009201,ETH-USD,1810.57,741,2026-01-01T02:33:20Z
batch_0005,order_00007830,order_00008291,ETH-USD,1810.73,39,2026-01-01T02:18:10Z
batch_0005,order_00009771,order_00008291,ETH-USD,1810.73,191,2026-01-01T02:42:50Z
batch_0005,order_00016181,order_00008291,ETH-USD,1810.73,487,2026-01-01T04:29:40Z
batch_0005,order_00016181,order_00010461,ETH-USD,1810.75,5,2026-01-01T04:29:40Z
batch_0005,order_00016181,order_00009151,ETH-USD,1810.76,68,2026-01-01T04:29:40Z
batch_0005,order_00015083,order_00009151,ETH-USD,1810.76,657,2026-01-01T04:11:22Z
batch_0005,order_00015083,order_00016378,ETH-USD,1810.83,74,2026-01-01T04:32:57Z
batch_0005,order_00010799,order_00016378,ETH-USD,1810.83,507,2026-01-01T04:32:57Z
batch_0005,order_00010799,order_00011723,ETH-USD,1810.89,301,2026-01-01T03:15:22Z
batch_0005,order_00008716,order_00011723,ETH-USD,1810.89,121,2026-01-01T03:15:22Z
batch_0005,order_00008716,order_00014269,ETH-USD,1810.99,418,2026-01-01T03:57:48Z
batch_0005,order_00008716,order_00010688,ETH-USD,1811.06,263,2026-01-01T02:58:07Z
batch_0005,order_00014861,order_00010688,ETH-USD,1811.06,222,2026-01-01T04:07:40Z
batch_0005,order_00008358,order_00010688,ETH-USD,1811.06,73,2026-01-01T02:58:07Z
batch_0005,order_00008358,order_00006967,ETH-USD,1811.14,618,2026-01-01T02:19:17Z
batch_0005,order_00008358,order_00008242,ETH-USD,1811.16,170,2026-01-01T02:19:17Z
batch_0005,order_00008358,order_00007442,ETH-USD,1811.23,20,2026-01-01T02:19:17Z
batch_0005,order_00013467,order_00007442,ETH-USD,1811.23,822,2026-01-01T03:44:26Z
batch_0005,order_00007989,order_00007442,ETH-USD,1811.23,44,2026-01-01T02:13:08Z
batch_0005,order_00007989,order_00008894,ETH-USD,1811.69,37,2026-01-01T02:28:13Z
batch_0005,order_00007989,order_00013950,ETH-USD,1811.79,401,2026-01-01T03:52:29Z
batch_0005,order_00007989,order_00013753,ETH-USD,1811.96,486,2026-01-01T03:49:12Z
batch_0005,order_00008731,order_00013753,ETH-USD,1811.96,269,2026-01-01T03:49:12Z
batch_0005,order_00008731,order_00008769,ETH-USD,1812.05,198,2026-01-01T02:26:08Z
batch_0005,order_00015214,order_00008769,ETH-USD,1812.05,376,2026-01-01T04:13:33Z
batch_0005,order_00015214,order_00013217,ETH-USD,1812.13,6,2026-01-01T04:13:33Z
batch_0005,order_00009579,order_00013217,ETH-USD,1812.13,458,2026-01-01T03:40:16Z
batch_0005,order_00009579,order_00016023,ETH-USD,1812.13,20,2026-01-01T04:27:02Z
batch_0005,order_00015955,order_00016023,ETH-USD,1812.13,522,2026-01-01T04:27:02Z
batch_0005,order_00015955,order_00011254,ETH-USD,1812.17,460,2026-01-01T04:25:54Z
batch_0005,order_00007891,order_00011254,ETH-USD,1812.17,213,2026-01-01T03:07:33Z
batch_0005,order_00010395,order_00011254,ETH-USD,1812.17,95,2026-01-01T03:07:33Z
batch_0005,order_00010395,order_00010248,ETH-USD,1812.25,20,2026-01-01T02:53:14Z
batch_0005,order_00008402,order_00010248,ETH-USD,1812.25,153,2026-01-01T02:50:47Z
batch_0005,order_00007581,order_00010248,ETH-USD,1812.25,530,2026-01-01T02:50:47Z
batch_0005,order_00007581,order_00009506,ETH-USD,1812.34,243,2026-01-01T02:38:25Z
batch_0005,order_00012928,order_00009506,ETH-USD,1812.34,125,2026-01-01T03:35:27Z
batch_0005,order_00012928,order_00015762,ETH-USD,1812.38,343,2026-01-01T04:22:41Z
batch_0005,order_00016457,order_00015762,ETH-USD,1812.38,270,2026-01-01T04:34:16Z
batch_0005,order_00007062,order_00015762,ETH-USD,1812.38,385,2026-01-01T04:22:41Z
batch_0005,order_00007062,order_00010351,ETH-USD,1812.43,480,2026-01-01T02:52:30Z
batch_0005,order_00007062,order_00007645,ETH-USD,1812.5,14,2026-01-01T02:07:24Z
batch_0005,order_00008870,order_00007645,ETH-USD,1812.5,144,2026-01-01T02:27:49Z
batch_0005,order_00013597,order_00007645,ETH-USD,1812.5,558,2026-01-01T03:46:36Z
batch_0005,order_00013597,order_00014909,ETH-USD,1812.52,223,2026-01-01T04:08:28Z
batch_0005,order_00013746,order_00014909,ETH-USD,1812.52,13,2026-01-01T04:08:28Z
batch_0005,order_00013746,order_00010928,ETH-USD,1812.57,69,2026-01-01T03:49:05Z
batch_0005,order_00013746,order_00007710,ETH-USD,1812.61,178,2026-01-01T03:49:05Z
batch_0005,order_00013746,order_00007294,ETH-USD,1812.76,485,2026-01-01T03:49:05Z
batch_0005,order_00013038,order_00007294,ETH-USD,1812.76,301,2026-01-01T03:37:17Z
batch_0005,order_00013038,order_00009965,ETH-USD,1812.83,233,2026-01-01T03:37:17Z
batch_0005,order_00013038,order_00012605,ETH-USD,1812.88,9,2026-01-01T03:37:17Z
batch_0005,order_00010430,order_00012605,ETH-USD,1812.88,14,2026-01-01T03:30:04Z
batch_0005,order_00010430,order_00007975,ETH-USD,1812.89,386,2026-01-01T02:53:49Z
batch_0005,order_00010430,order_00016200,ETH-USD,1812.94,408,2026-01-01T04:29:59Z
batch_0005,order_00010430,order_00009710,ETH-USD,1813.02,5,2026-01-01T02:53:49Z
batch_0005,order_00016035,order_00009710,ETH-USD,1813.02,843,2026-01-01T04:27:14Z
batch_0005,order_00008205,order_00009710,ETH-USD,1813.02,88,2026-01-01T02:41:49Z
batch_0005,order_00010447,order_00009710,ETH-USD,1813.02,29,2026-01-01T02:54:06Z
batch_0005,order_00010447,order_00011402,ETH-USD,1813.13,46,2026-01-01T03:10:01Z
batch_0005,order_00014062,order_00011402,ETH-USD,1813.13,314,2026-01-01T03:54:21Z
batch_0005,order_00014062,order_00012869,ETH-USD,1813.18,431,2026-01-01T03:54:21Z
batch_0005,order_00010132,order_00012869,ETH-USD,1813.18,553,2026-01-01T03:34:28Z
batch_0005,order_00010132,order_00014470,ETH-USD,1813.27,378,2026-01-01T04:01:09Z
batch_0005,order_00007720,order_00014470,ETH-USD,1813.27,52,2026-01-01T04:01:09Z
batch_0005,order_00013077,order_00014470,ETH-USD,1813.27,466,2026-01-01T04:01:09Z
batch_0005,order_00013077,order_00008263,ETH-USD,1813.28,504,2026-01-01T03:37:56Z
batch_0005,order_00013397,order_00008263,ETH-USD,1813.28,79,2026-01-01T03:43:16Z
batch_0005,order_00013397,order_00011147,ETH-USD,1813.35,583,2026-01-01T03:43:16Z
batch_0005,order_00015926,order_00011147,ETH-USD,1813.35,199,2026-01-01T04:25:25Z
batch_0005,order_00015926,order_00012081,ETH-USD,1813.35,265,2026-01-01T04:25:25Z
batch_0005,order_00014180,order_00012081,ETH-USD,1813.35,490,2026-01-01T03:56:19Z
batch_0005,order_00014297,order_00012081,ETH-USD,1813.35,153,2026-01-01T03:58:16Z
batch_0005,order_00010370,order_00012081,ETH-USD,1813.35,21,2026-01-01T03:21:20Z
batch_0005,order_00010370,order_00007944,ETH-USD,1813.4,594,2026-01-01T02:52:49Z
batch_0005,order_00012976,order_00007944,ETH-USD,1813.4,163,2026-01-01T03:36:15Z
batch_0005,order_00012976,order_00012575,ETH-USD,1813.41,367,2026-01-01T03:36:15Z
batch_0005,order_00012976,order_00008118,ETH-USD,1813.43,319,2026-01-01T03:36:15Z
batch_0005,order_00011267,order_00008118,ETH-USD,1813.43,343,2026-01-01T03:07:46Z
batch_0005,order_00012872,order_00008118,ETH-USD,1813.43,164,2026-01-01T03:34:31Z
batch_0005,order_00012589,order_00008118,ETH-USD,1813.43,169,2026-01-01T03:29:48Z
batch_0005,order_00012589,order_00016157,ETH-USD,1813.6,326,2026-01-01T04:29:16Z
batch_0005,order_00012589,order_00016504,ETH-USD,1813.63,314,2026-01-01T04:35:03Z
batch_0005,order_00015367,order_00016504,ETH-USD,1813.63,102,2026-01-01T04:35:03Z
batch_0005,order_00015367,order_00009165,ETH-USD,1813.75,312,2026-01-01T04:16:06Z
batch_0005,order_00012331,order_00009165,ETH-USD,1813.75,262,2026-01-01T03:25:30Z
batch_0005,order_00012331,order_00016003,ETH-USD,1813.79,359,2026-01-01T04:26:42Z
batch_0005,order_00012331,order_00010065,ETH-USD,1813.86,230,2026-01-01T03:25:30Z
batch_0005,order_00007208,order_00010065,ETH-USD,1813.86,298,2026-01-01T02:47:44Z
batch_0005,order_00007208,order_00015180,ETH-USD,1814.03,101,2026-01-01T04:12:59Z
batch_0005,order_00007208,order_00008517,ETH-USD,1814.07,409,2026-01-01T02:21:56Z
batch_0005,order_00013839,order_00008517,ETH-USD,1814.07,234,2026-01-01T03:50:38Z
batch_0005,order_00013839,order_00007846,ETH-USD,1814.09,180,2026-01-01T03:50:38Z
batch_0005,order_00013839,order_00012986,ETH-USD,1814.13,542,2026-01-01T03:50:38Z
batch_0005,order_00013839,order_00009357,ETH-USD,1814.14,44,2026-01-01T03:50:38Z
batch_0005,order_00014398,order_00009357,ETH-USD,1814.14,61,2026-01-01T03:59:57Z
batch_0005,order_00014398,order_00011756,ETH-USD,1814.14,390,2026-01-01T03:59:57Z
batch_0005,order_00008055,order_00011756,ETH-USD,1814.14,190,2026-01-01T03:15:55Z
batch_0005,order_00008055,order_00014333,ETH-USD,1814.26,212,2026-01-01T03:58:52Z
batch_0005,order_00015424,order_00014333,ETH-USD,1814.26,69,2026-01-01T04:17:03Z
batch_0005,order_00010223,order_00014333,ETH-USD,1814.26,132,2026-01-01T03:58:52Z
batch_0005,order_00016499,order_00014333,ETH-USD,1814.26,161,2026-01-01T04:34:58Z
batch_0005,order_00016499,order_00010264,ETH-USD,1814.4,200,2026-01-01T04:34:58Z
batch_0005,order_00008352,order_00010264,ETH-USD,1814.4,120,2026-01-01T02:51:03Z
batch_0005,order_00010090,order_00010264,ETH-USD,1814.4,183,2026-01-01T02:51:03Z
batch_0005,order_00010280,order_00010264,ETH-USD,1814.4,367,2026-01-01T02:51:19Z
batch_0005,order_00010280,order_00009856,ETH-USD,1814.42,431,2026-01-01T02:51:19Z
batch_0005,order_00010280,order_00009703,ETH-USD,1814.43,172,2026-01-01T02:51:19Z
batch_0005,order_00011213,order_00009703,ETH-USD,1814.43,300,2026-01-01T03:06:52Z
batch_0005,order_00014856,order_00009703,ETH-USD,1814.43,73,2026-01-01T04:07:35Z
batch_0005,order_00016473,order_00009703,ETH-USD,1814.43,119,2026-01-01T04:34:32Z
batch_0005,order_00016473,order_00009170,ETH-USD,1814.44,605,2026-01-01T04:34:32Z
batch_0005,order_00016473,order_00011422,ETH-USD,1814.45,268,2026-01-01T04:34:32Z
batch_0005,order_00012967,order_00011422,ETH-USD,1814.45,115,2026-01-01T03:36:06Z
batch_0005,order_00012967,order_00009390,ETH-USD,1814.73,786,2026-01-01T03:36:06Z
batch_0005,order_00012967,order_00010022,ETH-USD,1814.77,39,2026-01-01T03:36:06Z
batch_0005,order_00006825,order_00010022,ETH-USD,1814.77,114,2026-01-01T02:47:01Z
batch_0005,order_00006825,order_00013534,ETH-USD,1814.87,451,2026-01-01T03:45:33Z
batch_0005,order_00013338,order_00013534,ETH-USD,1814.87,244,2026-01-01T03:45:33Z
batch_0005,order_00013338,order_00014120,ETH-USD,1814.88,3,2026-01-01T03:55:19Z
batch_0005,order_00013338,order_00009725,ETH-USD,1814.94,219,2026-01-01T03:42:17Z
batch_0005,order_00016078,order_00009725,ETH-USD,1814.94,545,2026-01-01T04:27:57Z
batch_0005,order_00016078,order_00006998,ETH-USD,1814.99,285,2026-01-01T04:27:57Z
batch_0005,order_00007375,order_00006998,ETH-USD,1814.99,6,2026-01-01T02:02:54Z
batch_0005,order_00009016,order_00006998,ETH-USD,1814.99,467,2026-01-01T02:30:15Z
batch_0005,order_00012637,order_00006998,ETH-USD,1814.99,4,2026-01-01T03:30:36Z
batch_0005,order_00012144,order_00008110,ETH-USD,1815.06,858,2026-01-01T03:22:23Z
batch_0005,order_00012144,order_00013620,ETH-USD,1815.09,91,2026-01-01T03:46:59Z
batch_0005,order_00009128,order_00013620,ETH-USD,1815.09,417,2026-01-01T03:46:59Z
batch_0005,order_00009128,order_00008454,ETH-USD,1815.17,495,2026-01-01T02:32:07Z
batch_0005,order_00013541,order_00008454,ETH-USD,1815.17,94,2026-01-01T03:45:40Z
batch_0005,order_00013541,order_00009381,ETH-USD,1815.21,586,2026-01-01T03:45:40Z
batch_0005,order_00013541,order_00009115,ETH-USD,1815.28,78,2026-01-01T03:45:40Z
batch_0005,order_00013541,order_00011613,ETH-USD,1815.3,162,2026-01-01T03:45:40Z
batch_0005,order_00010376,order_00011613,ETH-USD,1815.3,82,2026-01-01T03:13:32Z
batch_0005,order_00014220,order_00011613,ETH-USD,1815.3,439,2026-01-01T03:56:59Z
batch_0005,order_00007298,order_00011613,ETH-USD,1815.3,98,2026-01-01T03:13:32Z
batch_0005,order_00007298,order_00008903,ETH-USD,1815.47,177,2026-01-01T02:28:22Z
batch_0005,order_00007298,order_00010270,ETH-USD,1815.48,592,2026-01-01T02:51:09Z
batch_0005,order_00011072,order_00010270,ETH-USD,1815.48,167,2026-01-01T03:04:31Z
batch_0005,order_00011072,order_00012561,ETH-USD,1815.5,255,2026-01-01T03:29:20Z
batch_0005,order_00011072,order_00015509,ETH-USD,1815.56,79,2026-01-01T04:18:28Z
batch_0005,order_00011072,order_00008855,ETH-USD,1815.58,254,2026-01-01T03:04:31Z
batch_0005,order_00014601,order_00008855,ETH-USD,1815.58,332,2026-01-01T04:03:20Z
batch_0005,order_00015441,order_00008855,ETH-USD,1815.58,38,2026-01-01T04:17:20Z
batch_0005,order_00011348,order_00008855,ETH-USD,1815.58,70,2026-01-01T03:09:07Z
batch_0005,order_00011348,order_00013791,ETH-USD,1815.59,418,2026-01-01T03:49:50Z
batch_0005,order_00011348,order_00015787,ETH-USD,1815.59,104,2026-01-01T04:23:06Z
batch_0005,order_00010538,order_00015787,ETH-USD,1815.59,40,2026-01-01T04:23:06Z
batch_0005,order_00010538,order_00014951,ETH-USD,1815.62,346,2026-01-01T04:09:10Z
batch_0005,order_00010538,order_00016224,ETH-USD,1815.71,21,2026-01-01T04:30:23Z
batch_0005,order_00015971,order_00016224,ETH-USD,1815.71,263,2026-01-01T04:30:23Z
batch_0005,order_00015971,order_00010198,ETH-USD,1815.82,216,2026-01-01T04:26:10Z
batch_0005,order_00006782,order_00010198,ETH-USD,1815.82,384,2026-01-01T02:49:57Z
batch_0005,order_00006799,order_00010198,ETH-USD,1815.82,381,2026-01-01T02:49:57Z
batch_0005,order_00006799,order_00015048,ETH-USD,1815.9,180,2026-01-01T04:10:47Z
batch_0005,order_00009214,order_00015048,ETH-USD,1815.9,22,2026-01-01T04:10:47Z
batch_0005,order_00009214,order_00006957,ETH-USD,1815.92,568,2026-01-01T02:33:33Z
batch_0005,order_00010573,order_00006957,ETH-USD,1815.92,134,2026-01-01T02:56:12Z
batch_0005,order_00010573,order_00011323,ETH-USD,1815.94,631,2026-01-01T03:08:42Z
batch_0005,order_00010573,order_00007235,ETH-USD,1816.21,14,2026-01-01T02:56:12Z
batch_0005,order_00010419,order_00007235,ETH-USD,1816.21,174,2026-01-01T02:53:38Z
batch_0005,order_00012899,order_00007235,ETH-USD,1816.21,79,2026-01-01T03:34:58Z
batch_0005,order_00012899,order_00011789,ETH-USD,1816.29,36,2026-01-01T03:34:58Z
batch_0005,order_00012286,order_00011789,ETH-USD,1816.29,405,2026-01-01T03:24:45Z
batch_0005,order_00011908,order_00011789,ETH-USD,1816.29,528,2026-01-01T03:18:27Z
batch_0005,order_00011908,order_00009755,ETH-USD,1816.33,274,2026-01-01T03:18:27Z
batch_0005,order_00011908,order_00011108,ETH-USD,1816.35,14,2026-01-01T03:18:27Z
batch_0005,order_00011908,order_00013162,ETH-USD,1816.37,100,2026-01-01T03:39:21Z
batch_0005,order_00010534,order_00013162,ETH-USD,1816.37,725,2026-01-01T03:39:21Z
batch_0005,order_00014853,order_00013162,ETH-USD,1816.37,117,2026-01-01T04:07:32Z
batch_0005,order_00014853,order_00009804,ETH-USD,1816.41,427,2026-01-01T04:07:32Z
batch_0005,order_00015832,order_00009804,ETH-USD,1816.41,179,2026-01-01T04:23:51Z
batch_0005,order_00015832,order_00015316,ETH-USD,1816.41,299,2026-01-01T04:23:51Z
batch_0005,order_00015832,order_00010559,ETH-USD,1816.59,283,2026-01-01T04:23:51Z
batch_0005,order_00013808,order_00010559,ETH-USD,1816.59,72,2026-01-01T03:50:07Z
batch_0005,order_00010130,order_00010559,ETH-USD,1816.59,231,2026-01-01T02:55:58Z
batch_0005,order_00010130,order_00015656,ETH-USD,1816.65,391,2026-01-01T04:20:55Z
batch_0005,order_00015047,order_00015656,ETH-USD,1816.65,366,2026-01-01T04:20:55Z
batch_0005,order_00015047,order_00006899,ETH-USD,1816.76,439,2026-01-01T04:10:46Z
batch_0005,order_00016450,order_00006899,ETH-USD,1816.76,373,2026-01-01T04:34:09Z
batch_0005,order_00016482,order_00006899,ETH-USD,1816.76,77,2026-01-01T04:34:41Z
batch_0005,order_00016482,order_00006620,ETH-USD,1816.81,316,2026-01-01T04:34:41Z
batch_0005,order_00016482,order_00009568,ETH-USD,1817.05,257,2026-01-01T04:34:41Z
batch_0005,order_00012839,order_00009568,ETH-USD,1817.05,38,2026-01-01T03:33:58Z
batch_0005,order_00016520,order_00009568,ETH-USD,1817.05,689,2026-01-01T04:35:19Z
batch_0005,order_00016520,order_00013889,ETH-USD,1817.06,258,2026-01-01T04:35:19Z
batch_0005,order_00016416,order_00013889,ETH-USD,1817.06,288,2026-01-01T04:33:35Z
batch_0005,order_00016416,order_00012988,ETH-USD,1817.08,507,2026-01-01T04:33:35Z
batch_0005,order_00012378,order_00012988,ETH-USD,1817.08,11,2026-01-01T03:36:27Z
batch_0005,order_00016280,order_00012988,ETH-USD,1817.08,385,2026-01-01T04:31:19Z
batch_0005,order_00016280,order_00014104,ETH-USD,1817.14,206,2026-01-01T04:31:19Z
batch_0005,order_00014364,order_00014104,ETH-USD,1817.14,528,2026-01-01T03:59:23Z
batch_0005,order_00014364,order_00010979,ETH-USD,1817.16,226,2026-01-01T03:59:23Z
batch_0005,order_00009575,order_00010979,ETH-USD,1817.16,208,2026-01-01T03:02:58Z
batch_0005,order_00009575,order_00008742,ETH-USD,1817.18,328,2026-01-01T02:39:34Z
batch_0005,order_00015771,order_00008742,ETH-USD,1817.18,8,2026-01-01T04:22:50Z
batch_0005,order_00007043,order_00008742,ETH-USD,1817.18,221,2026-01-01T02:25:41Z
batch_0005,order_00007043,order_00008309,ETH-USD,1817.28,610,2026-01-01T02:18:28Z
batch_0005,order_00015651,order_00008309,ETH-USD,1817.28,270,2026-01-01T04:20:50Z
batch_0005,order_00015651,order_00014807,ETH-USD,1817.29,387,2026-01-01T04:20:50Z
batch_0005,order_00009883,order_00014807,ETH-USD,1817.29,322,2026-01-01T04:06:46Z
batch_0005,order_00009883,order_00010475,ETH-USD,1817.4,633,2026-01-01T02:54:34Z
batch_0005,order_00012224,order_00010475,ETH-USD,1817.4,188,2026-01-01T03:23:43Z
batch_0005,order_00012224,order_00013625,ETH-USD,1817.42,77,2026-01-01T03:47:04Z
batch_0005,order_00008160,order_00013625,ETH-USD,1817.42,298,2026-01-01T03:47:04Z
batch_0005,order_00008160,order_00009861,ETH-USD,1817.48,178,2026-01-01T02:44:20Z
batch_0005,order_00008160,order_00011833,ETH-USD,1817.81,494,2026-01-01T03:17:12Z
batch_0005,order_00014275,order_00011833,ETH-USD,1817.81,78,2026-01-01T03:57:54Z
batch_0005,order_00014275,order_00007704,ETH-USD,1817.86,99,2026-01-01T03:57:54Z
batch_0005,order_00014275,order_00010026,ETH-USD,1817.95,361,2026-01-01T03:57:54Z
batch_0005,order_00014275,order_00009528,ETH-USD,1817.96,200,2026-01-01T03:57:54Z
batch_0005,order_00014275,order_00009675,ETH-USD,1818.02,122,2026-01-01T03:57:54Z
batch_0005,order_00014275,order_00010971,ETH-USD,1818.02,94,2026-01-01T03:57:54Z
batch_0005,order_00008520,order_00010971,ETH-USD,1818.02,491,2026-01-01T03:02:50Z
batch_0005,order_00015116,order_00010971,ETH-USD,1818.02,161,2026-01-01T04:11:55Z
batch_0005,order_00015903,order_00010971,ETH-USD,1818.02,37,2026-01-01T04:25:02Z
batch_0005,order_00015903,order_00007316,ETH-USD,1818.06,513,2026-01-01T04:25:02Z
batch_0005,order_00015903,order_00008203,ETH-USD,1818.19,33,2026-01-01T04:25:02Z
batch_0005,order_00009693,order_00008203,ETH-USD,1818.19,218,2026-01-01T02:41:32Z
batch_0005,order_00010704,order_00008203,ETH-USD,1818.19,167,2026-01-01T02:58:23Z
batch_0005,order_00010704,order_00010218,ETH-USD,1818.22,459,2026-01-01T02:58:23Z
batch_0005,order_00010704,order_00012571,ETH-USD,1818.34,109,2026-01-01T03:29:30Z
batch_0005,order_00010704,order_00007305,ETH-USD,1818.44,134,2026-01-01T02:58:23Z
batch_0005,order_00015638,order_00007305,ETH-USD,1818.44,98,2026-01-01T04:20:37Z
batch_0005,order_00015638,order_00007812,ETH-USD,1818.46,292,2026-01-01T04:20:37Z
batch_0005,order_00014473,order_00007812,ETH-USD,1818.46,24,2026-01-01T04:01:12Z
batch_0005,order_00011448,order_00007812,ETH-USD,1818.46,321,2026-01-01T03:10:47Z
batch_0005,order_00011448,order_00006979,ETH-USD,1818.49,489,2026-01-01T03:10:47Z
batch_0005,order_00011162,order_00006979,ETH-USD,1818.49,455,2026-01-01T03:06:01Z
batch_0005,order_00011162,order_00016454,ETH-USD,1818.54,409,2026-01-01T04:34:13Z
batch_0005,order_00008740,order_00016454,ETH-USD,1818.54,117,2026-01-01T04:34:13Z
batch_0005,order_00008740,order_00016452,ETH-USD,1818.86,257,2026-01-01T04:34:11Z
batch_0005,order_00013041,order_00016452,ETH-USD,1818.86,292,2026-01-01T04:34:11Z
batch_0005,order_00008620,order_00016452,ETH-USD,1818.86,187,2026-01-01T04:34:11Z
batch_0005,order_00008620,order_00012366,ETH-USD,1818.95,700,2026-01-01T03:26:05Z
batch_0005,order_00008620,order_00010927,ETH-USD,1819.31,61,2026-01-01T03:02:06Z
batch_0005,order_00016458,order_00010927,ETH-USD,1819.31,138,2026-01-01T04:34:17Z
batch_0005,order_00012357,order_00010927,ETH-USD,1819.31,355,2026-01-01T03:25:56Z
batch_0005,order_00012357,order_00008828,ETH-USD,1819.46,278,2026-01-01T03:25:56Z
batch_0005,order_00014912,order_00008828,ETH-USD,1819.46,161,2026-01-01T04:08:31Z
batch_0005,order_00016528,order_00008828,ETH-USD,1819.46,519,2026-01-01T04:35:27Z
batch_0005,order_00016528,order_00010763,ETH-USD,1819.61,472,2026-01-01T04:35:27Z
batch_0005,order_00016528,order_00006995,ETH-USD,1819.69,1,2026-01-01T04:35:27Z
batch_0005,order_00011307,order_00006995,ETH-USD,1819.69,297,2026-01-01T03:08:26Z
batch_0005,order_00015588,order_00006995,ETH-USD,1819.69,574,2026-01-01T04:19:47Z
batch_0005,order_00015588,order_00010572,ETH-USD,1819.71,259,2026-01-01T04:19:47Z
batch_0005,order_00012632,order_00010572,ETH-USD,1819.71,96,2026-01-01T03:30:31Z
batch_0005,order_00012632,order_00015443,ETH-USD,1819.85,284,2026-01-01T04:17:22Z
batch_0005,order_00012257,order_00015443,ETH-USD,1819.85,214,2026-01-01T04:17:22Z
batch_0005,order_00016068,order_00015443,ETH-USD,1819.85,32,2026-01-01T04:27:47Z
batch_0005,order_00016068,order_00016301,ETH-USD,1819.86,69,2026-01-01T04:31:40Z
batch_0005,order_00008220,order_00016301,ETH-USD,1819.86,148,2026-01-01T04:31:40Z
batch_0005,order_00008220,order_00008526,ETH-USD,1819.89,228,2026-01-01T02:22:05Z
batch_0005,order_00008220,order_00010014,ETH-USD,1819.9,230,2026-01-01T02:46:53Z
batch_0005,order_00012076,order_00010014,ETH-USD,1819.9,382,2026-01-01T03:21:15Z
batch_0005,order_00010669,order_00010014,ETH-USD,1819.9,192,2026-01-01T02:57:48Z
batch_0005,order_00010669,order_00008429,ETH-USD,1819.94,456,2026-01-01T02:57:48Z
batch_0005,order_00007917,order_00008429,ETH-USD,1819.94,53,2026-01-01T02:20:28Z
batch_0005,order_00010888,order_00008429,ETH-USD,1819.94,230,2026-01-01T03:01:27Z
batch_0005,order_00010888,order_00009166,ETH-USD,1820.3,518,2026-01-01T03:01:27Z
batch_0005,order_00012130,order_00009166,ETH-USD,1820.3,99,2026-01-01T03:22:09Z
batch_0005,order_00012130,order_00012124,ETH-USD,1820.34,336,2026-01-01T03:22:09Z
batch_0005,order_00012733,order_00012124,ETH-USD,1820.34,565,2026-01-01T03:32:12Z
batch_0005,order_00012733,order_00010099,ETH-USD,1820.59,79,2026-01-01T03:32:12Z
batch_0005,order_00012733,order_00010124,ETH-USD,1820.66,155,2026-01-01T03:32:12Z
batch_0005,order_00007334,order_00010124,ETH-USD,1820.66,1,2026-01-01T02:48:43Z
batch_0005,order_00007334,order_00010398,ETH-USD,1820.7,302,2026-01-01T02:53:17Z
batch_0005,order_00007380,order_00010398,ETH-USD,1820.7,69,2026-01-01T02:53:17Z
batch_0005,order_00007380,order_00007473,ETH-USD,1820.73,543,2026-01-01T02:04:32Z
batch_0005,order_00015268,order_00007473,ETH-USD,1820.73,244,2026-01-01T04:14:27Z
batch_0005,order_00016137,order_00007473,ETH-USD,1820.73,201,2026-01-01T04:28:56Z
batch_0005,order_00016137,order_00008340,ETH-USD,1820.75,206,2026-01-01T04:28:56Z
batch_0005,order_00010031,order_00008340,ETH-USD,1820.75,42,2026-01-01T02:47:10Z
batch_0005,order_00010031,order_00008007,ETH-USD,1820.81,419,2026-01-01T02:47:10Z
batch_0005,order_00013923,order_00008007,ETH-USD,1820.81,436,2026-01-01T03:52:02Z
batch_0005,order_00011824,order_00008007,ETH-USD,1820.81,13,2026-01-01T03:17:03Z
batch_0005,order_00011824,order_00012554,ETH-USD,1820.91,33,2026-01-01T03:29:13Z
batch_0005,order_00011824,order_00007521,ETH-USD,1820.97,604,2026-01-01T03:17:03Z
batch_0005,order_00011824,order_00012328,ETH-USD,1821.04,311,2026-01-01T03:25:27Z
batch_0005,order_00007252,order_00012328,ETH-USD,1821.04,37,2026-01-01T03:25:27Z
batch_0005,order_00007252,order_00015702,ETH-USD,1821.12,348,2026-01-01T04:21:41Z
batch_0005,order_00007252,order_00007784,ETH-USD,1821.42,414,2026-01-01T02:09:43Z
batch_0005,order_00009431,order_00007784,ETH-USD,1821.42,186,2026-01-01T02:37:10Z
batch_0005,order_00009431,order_00007684,ETH-USD,1821.43,328,2026-01-01T02:37:10Z
batch_0005,order_00008584,order_00007684,ETH-USD,1821.43,232,2026-01-01T02:23:03Z
batch_0005,order_00016404,order_00007684,ETH-USD,1821.43,202,2026-01-01T04:33:23Z
batch_0005,order_00016404,order_00009774,ETH-USD,1821.63,473,2026-01-01T04:33:23Z
batch_0005,order_00008613,order_00009774,ETH-USD,1821.63,327,2026-01-01T02:42:53Z
batch_0005,order_00008613,order_00016105,ETH-USD,1821.79,247,2026-01-01T04:28:24Z
batch_0005,order_00008613,order_00011942,ETH-USD,1821.82,45,2026-01-01T03:19:01Z
batch_0005,order_00007999,order_00011942,ETH-USD,1821.82,211,2026-01-01T03:19:01Z
batch_0005,order_00008139,order_00011942,ETH-USD,1821.82,137,2026-01-01T03:19:01Z
batch_0005,order_00008139,order_00010442,ETH-USD,1821.84,86,2026-01-01T02:54:01Z
batch_0005,order_00007296,order_00010442,ETH-USD,1821.84,3,2026-01-01T02:54:01Z
batch_0005,order_00007296,order_00009467,ETH-USD,1821.92,250,2026-01-01T02:37:46Z
batch_0005,order_00009483,order_00009467,ETH-USD,1821.92,323,2026-01-01T02:38:02Z
batch_0005,order_00009483,order_00009191,ETH-USD,1821.95,570,2026-01-01T02:38:02Z
batch_0005,order_00013354,order_00009191,ETH-USD,1821.95,218,2026-01-01T03:42:33Z
batch_0005,order_00013354,order_00014867,ETH-USD,1822.02,474,2026-01-01T04:07:46Z
batch_0005,order_00013354,order_00014706,ETH-USD,1822.03,153,2026-01-01T04:05:05Z
batch_0005,order_00008941,order_00014706,ETH-USD,1822.03,529,2026-01-01T04:05:05Z
batch_0005,order_00013165,order_00014706,ETH-USD,1822.03,100,2026-01-01T04:05:05Z
batch_0005,order_00013165,order_00010261,ETH-USD,1822.07,115,2026-01-01T03:39:24Z
batch_0005,order_00015430,order_00010261,ETH-USD,1822.07,76,2026-01-01T04:17:09Z
batch_0005,order_00015430,order_00008679,ETH-USD,1822.15,370,2026-01-01T04:17:09Z
batch_0005,order_00009566,order_00008679,ETH-USD,1822.15,398,2026-01-01T02:39:25Z
batch_0005,order_00009566,order_00011604,ETH-USD,1822.15,240,2026-01-01T03:13:23Z
batch_0005,order_00012039,order_00011604,ETH-USD,1822.15,437,2026-01-01T03:20:38Z
batch_0005,order_00011290,order_00011604,ETH-USD,1822.15,88,2026-01-01T03:13:23Z
batch_0005,order_00011290,order_00008386,ETH-USD,1822.16,408,2026-01-01T03:08:09Z
batch_0005,order_00011290,order_00008381,ETH-USD,1822.22,1,2026-01-01T03:08:09Z
batch_0005,order_00012227,order_00008381,ETH-USD,1822.22,69,2026-01-01T03:23:46Z
batch_0005,order_00012227,order_00011109,ETH-USD,1822.24,688,2026-01-01T03:23:46Z
batch_0005,order_00012227,order_00014148,ETH-USD,1822.31,97,2026-01-01T03:55:47Z
batch_0005,order_00006677,order_00014148,ETH-USD,1822.31,562,2026-01-01T03:55:47Z
batch_0005,order_00006677,order_00012618,ETH-USD,1822.35,253,2026-01-01T03:30:17Z
batch_0005,order_00008083,order_00012618,ETH-USD,1822.35,29,2026-01-01T03:30:17Z
batch_0005,order_00008083,order_00013677,ETH-USD,1822.4,293,2026-01-01T03:47:56Z
batch_0005,order_00008083,order_00007572,ETH-USD,1822.43,41,2026-01-01T02:14:42Z
batch_0005,order_00008083,order_00007395,ETH-USD,1822.44,317,2026-01-01T02:14:42Z
batch_0005,order_00013572,order_00007395,ETH-USD,1822.44,394,2026-01-01T03:46:11Z
batch_0005,order_00013572,order_00012663,ETH-USD,1822.56,144,2026-01-01T03:46:11Z
batch_0005,order_00010764,order_00012663,ETH-USD,1822.56,332,2026-01-01T03:31:02Z
batch_0005,order_00010764,order_00012243,ETH-USD,1822.65,29,2026-01-01T03:24:02Z
batch_0005,order_00007859,order_00012243,ETH-USD,1822.65,19,2026-01-01T03:24:02Z
batch_0005,order_00007859,order_00006738,ETH-USD,1822.68,86,2026-01-01T02:10:58Z
batch_0005,order_00010972,order_00006738,ETH-USD,1822.68,463,2026-01-01T03:02:51Z
batch_0005,order_00011845,order_00006738,ETH-USD,1822.68,260,2026-01-01T03:17:24Z
batch_0005,order_00011845,order_00014835,ETH-USD,1822.69,2,2026-01-01T04:07:14Z
batch_0005,order_00016286,order_00014835,ETH-USD,1822.69,237,2026-01-01T04:31:25Z
batch_0005,order_00016286,order_00013544,ETH-USD,1822.71,203,2026-01-01T04:31:25Z
batch_0005,order_00009889,order_00013544,ETH-USD,1822.71,488,2026-01-01T03:45:43Z
batch_0005,order_00009889,order_00011992,ETH-USD,1822.9,81,2026-01-01T03:19:51Z
batch_0005,order_00010476,order_00011992,ETH-USD,1822.9,279,2026-01-01T03:19:51Z
batch_0005,order_00013213,order_00011992,ETH-USD,1822.9,11,2026-01-01T03:40:12Z
batch_0005,order_00007081,order_00011992,ETH-USD,1822.9,95,2026-01-01T03:19:51Z
batch_0005,order_00014669,order_00011992,ETH-USD,1822.9,275,2026-01-01T04:04:28Z
batch_0005,order_00014669,order_00011479,ETH-USD,1822.94,245,2026-01-01T04:04:28Z
batch_0005,order_00007834,order_00011479,ETH-USD,1822.94,625,2026-01-01T03:11:18Z
batch_0005,order_00007834,order_00014281,ETH-USD,1822.94,291,2026-01-01T03:58:00Z
batch_0005,order_00013244,order_00014281,ETH-USD,1822.94,238,2026-01-01T03:58:00Z
batch_0005,order_00013244,order_00009951,ETH-USD,1822.98,429,2026-01-01T03:40:43Z
batch_0005,order_00013805,order_00009951,ETH-USD,1822.98,337,2026-01-01T03:50:04Z
batch_0005,order_00013805,order_00016438,ETH-USD,1822.98,209,2026-01-01T04:33:57Z
batch_0005,order_00007680,order_00016438,ETH-USD,1822.98,690,2026-01-01T04:33:57Z
batch_0005,order_00010416,order_00016438,ETH-USD,1822.98,30,2026-01-01T04:33:57Z
batch_0005,order_00010416,order_00012308,ETH-USD,1823.01,489,2026-01-01T03:25:07Z
batch_0005,order_00010416,order_00013823,ETH-USD,1823.18,320,2026-01-01T03:50:22Z
batch_0005,order_00016113,order_00013823,ETH-USD,1823.18,91,2026-01-01T04:28:32Z
batch_0005,order_00016113,order_00009109,ETH-USD,1823.66,77,2026-01-01T04:28:32Z
batch_0005,order_00015887,order_00009109,ETH-USD,1823.66,135,2026-01-01T04:24:46Z
batch_0005,order_00015887,order_00012083,ETH-USD,1823.69,486,2026-01-01T04:24:46Z
batch_0005,order_00015887,order_00011211,ETH-USD,1823.87,28,2026-01-01T04:24:46Z
batch_0005,order_00006672,order_00011211,ETH-USD,1823.87,348,2026-01-01T03:06:50Z
batch_0005,order_00006672,order_00014052,ETH-USD,1823.9,174,2026-01-01T03:54:11Z
batch_0005,order_00006672,order_00010289,ETH-USD,1823.94,122,2026-01-01T02:51:28Z
batch_0005,order_00011975,order_00010289,ETH-USD,1823.94,574,2026-01-01T03:19:34Z
batch_0005,order_00011975,order_00011374,ETH-USD,1823.94,115,2026-01-01T03:19:34Z
batch_0005,order_00015551,order_00011374,ETH-USD,1823.94,818,2026-01-01T04:19:10Z
batch_0005,order_00015551,order_00013375,ETH-USD,1824.03,91,2026-01-01T04:19:10Z
batch_0005,order_00014577,order_00013375,ETH-USD,1824.03,147,2026-01-01T04:02:56Z
batch_0005,order_00014577,order_00011238,ETH-USD,1824.05,281,2026-01-01T04:02:56Z
batch_0005,order_00010295,order_00011238,ETH-USD,1824.05,529,2026-01-01T03:07:17Z
batch_0005,order_00010295,order_00016524,ETH-USD,1824.11,223,2026-01-01T04:35:23Z
batch_0005,order_00010295,order_00015148,ETH-USD,1824.19,200,2026-01-01T04:12:27Z
batch_0005,order_00007727,order_00015148,ETH-USD,1824.19,139,2026-01-01T04:12:27Z
batch_0005,order_00007727,order_00013192,ETH-USD,1824.36,66,2026-01-01T03:39:51Z
batch_0005,order_00007727,order_00010922,ETH-USD,1824.46,61,2026-01-01T03:02:01Z
batch_0005,order_00012906,order_00010922,ETH-USD,1824.46,176,2026-01-01T03:35:05Z
batch_0005,order_00012906,order_00008461,ETH-USD,1824.47,710,2026-01-01T03:35:05Z
batch_0005,order_00013864,order_00008461,ETH-USD,1824.47,58,2026-01-01T03:51:03Z
batch_0005,order_00013864,order_00012098,ETH-USD,1824.48,457,2026-01-01T03:51:03Z
batch_0005,order_00013864,order_00013671,ETH-USD,1824.55,98,2026-01-01T03:51:03Z
batch_0005,order_00010812,order_00013671,ETH-USD,1824.55,243,2026-01-01T03:47:50Z
batch_0005,order_00010812,order_00008893,ETH-USD,1824.69,55,2026-01-01T03:00:11Z
batch_0005,order_00011544,order_00008893,ETH-USD,1824.69,561,2026-01-01T03:12:23Z
batch_0005,order_00011544,order_00014443,ETH-USD,1824.72,436,2026-01-01T04:00:42Z
batch_0005,order_00013732,order_00014443,ETH-USD,1824.72,335,2026-01-01T04:00:42Z
batch_0005,order_00013732,order_00009349,ETH-USD,1824.74,26,2026-01-01T03:48:51Z
batch_0005,order_00013732,order_00012394,ETH-USD,1824.91,302,2026-01-01T03:48:51Z
batch_0005,order_00009297,order_00012394,ETH-USD,1824.91,167,2026-01-01T03:26:33Z
batch_0005,order_00009297,order_00015001,ETH-USD,1825.0,120,2026-01-01T04:10:00Z
batch_0005,order_00009297,order_00013485,ETH-USD,1825.01,21,2026-01-01T03:44:44Z
batch_0005,order_00016072,order_00013485,ETH-USD,1825.01,535,2026-01-01T04:27:51Z
batch_0005,order_00016072,order_00013807,ETH-USD,1825.02,14,2026-01-01T04:27:51Z
batch_0005,order_00015491,order_00013807,ETH-USD,1825.02,548,2026-01-01T04:18:10Z
batch_0005,order_00015491,order_00014130,ETH-USD,1825.07,63,2026-01-01T04:18:10Z
batch_0005,order_00015491,order_00013011,ETH-USD,1825.16,168,2026-01-01T04:18:10Z
batch_0005,order_00012633,order_00013011,ETH-USD,1825.16,104,2026-01-01T03:36:50Z
batch_0005,order_00012633,order_00010201,ETH-USD,1825.25,308,2026-01-01T03:30:32Z
batch_0005,order_00013899,order_00010201,ETH-USD,1825.25,144,2026-01-01T03:51:38Z
batch_0005,order_00013899,order_00014973,ETH-USD,1825.3,149,2026-01-01T04:09:32Z
batch_0005,order_00006793,order_00014973,ETH-USD,1825.3,615,2026-01-01T04:09:32Z
batch_0005,order_00006793,order_00012494,ETH-USD,1825.32,44,2026-01-01T03:28:13Z
batch_0005,order_00008539,order_00012494,ETH-USD,1825.32,493,2026-01-01T03:28:13Z
batch_0005,order_00008539,order_00008595,ETH-USD,1825.36,110,2026-01-01T02:23:14Z
batch_0005,order_00012364,order_00008595,ETH-USD,1825.36,187,2026-01-01T03:26:03Z
batch_0005,order_00012364,order_00006992,ETH-USD,1825.56,319,2026-01-01T03:26:03Z
batch_0005,order_00012364,order_00013691,ETH-USD,1825.61,160,2026-01-01T03:48:10Z
batch_0005,order_00012364,order_00014489,ETH-USD,1825.61,22,2026-01-01T04:01:28Z
batch_0005,order_00011275,order_00014489,ETH-USD,1825.61,24,2026-01-01T04:01:28Z
batch_0005,order_00011275,order_00011034,ETH-USD,1825.63,896,2026-01-01T03:07:54Z
batch_0005,order_00011275,order_00012326,ETH-USD,1825.66,15,2026-01-01T03:25:25Z
batch_0005,order_00011672,order_00012326,ETH-USD,1825.66,71,2026-01-01T03:25:25Z
batch_0005,order_00011672,order_00006868,ETH-USD,1825.69,504,2026-01-01T03:14:31Z
batch_0005,order_00011672,order_00010628,ETH-USD,1826.02,312,2026-01-01T03:14:31Z
batch_0005,order_00014409,order_00010628,ETH-USD,1826.02,478,2026-01-01T04:00:08Z
batch_0005,order_00014409,order_00012994,ETH-USD,1826.07,47,2026-01-01T04:00:08Z
batch_0005,order_00010739,order_00012994,ETH-USD,1826.07,827,2026-01-01T03:36:33Z
batch_0005,order_00013573,order_00012994,ETH-USD,1826.07,18,2026-01-01T03:46:12Z
batch_0005,order_00013573,order_00015313,ETH-USD,1826.07,726,2026-01-01T04:15:12Z
batch_0005,order_00013573,order_00012309,ETH-USD,1826.24,162,2026-01-01T03:46:12Z
batch_0005,order_00008516,order_00012309,ETH-USD,1826.24,431,2026-01-01T03:25:08Z
batch_0005,order_00007303,order_00012309,ETH-USD,1826.24,141,2026-01-01T03:25:08Z
batch_0005,order_00007303,order_00012738,ETH-USD,1826.25,45,2026-01-01T03:32:17Z
batch_0005,order_00014043,order_00012738,ETH-USD,1826.25,45,2026-01-01T03:54:02Z
batch_0005,order_00014043,order_00013568,ETH-USD,1826.27,369,2026-01-01T03:54:02Z
batch_0005,order_00009269,order_00013568,ETH-USD,1826.27,505,2026-01-01T03:46:07Z
batch_0005,order_00009269,order_00008442,ETH-USD,1826.31,486,2026-01-01T02:34:28Z
batch_0005,order_00009832,order_00008442,ETH-USD,1826.31,31,2026-01-01T02:43:51Z
batch_0005,order_00012722,order_00008442,ETH-USD,1826.31,133,2026-01-01T03:32:01Z
batch_0005,order_00012722,order_00016120,ETH-USD,1826.42,448,2026-01-01T04:28:39Z
batch_0005,order_00012722,order_00008756,ETH-USD,1826.49,1,2026-01-01T03:32:01Z
batch_0005,order_00015949,order_00008756,ETH-USD,1826.49,334,2026-01-01T04:25:48Z
batch_0005,order_00015949,order_00010699,ETH-USD,1826.63,75,2026-01-01T04:25:48Z
batch_0005,order_00009760,order_00010699,ETH-USD,1826.63,444,2026-01-01T02:58:18Z
batch_0005,order_00009071,order_00010699,ETH-USD,1826.63,177,2026-01-01T02:58:18Z
batch_0005,order_00009071,order_00007339,ETH-USD,1826.76,277,2026-01-01T02:31:10Z
batch_0005,order_00011327,order_00007339,ETH-USD,1826.76,152,2026-01-01T03:08:46Z
batch_0005,order_00011327,order_00006654,ETH-USD,1826.94,647,2026-01-01T03:08:46Z
batch_0005,order_00008275,order_00006654,ETH-USD,1826.94,320,2026-01-01T02:17:54Z
batch_0005,order_00008275,order_00009046,ETH-USD,1826.96,433,2026-01-01T02:30:45Z
batch_0005,order_00015249,order_00009046,ETH-USD,1826.96,71,2026-01-01T04:14:08Z
batch_0005,order_00015249,order_00008327,ETH-USD,1827.07,143,2026-01-01T04:14:08Z
batch_0005,order_00014320,order_00008327,ETH-USD,1827.07,275,2026-01-01T03:58:39Z
batch_0005,order_00014320,order_00012445,ETH-USD,1827.1,383,2026-01-01T03:58:39Z
batch_0005,order_00014320,order_00007968,ETH-USD,1827.12,278,2026-01-01T03:58:39Z
batch_0005,order_00008341,order_00007968,ETH-USD,1827.12,356,2026-01-01T02:19:00Z
batch_0005,order_00008341,order_00012491,ETH-USD,1827.21,248,2026-01-01T03:28:10Z
batch_0005,order_00010434,order_00012491,ETH-USD,1827.21,199,2026-01-01T03:28:10Z
batch_0005,order_00012466,order_00012491,ETH-USD,1827.21,219,2026-01-01T03:28:10Z
batch_0005,order_00012466,order_00006894,ETH-USD,1827.48,267,2026-01-01T03:27:45Z
batch_0005,order_00012466,order_00015435,ETH-USD,1827.52,183,2026-01-01T04:17:14Z
batch_0005,order_00008290,order_00015435,ETH-USD,1827.52,336,2026-01-01T04:17:14Z
batch_0005,order_00008290,order_00009969,ETH-USD,1827.53,169,2026-01-01T02:46:08Z
batch_0005,order_00010635,order_00009969,ETH-USD,1827.53,143,2026-01-01T02:57:14Z
batch_0005,order_00010635,order_00012299,ETH-USD,1827.62,581,2026-01-01T03:24:58Z
batch_0005,order_00010635,order_00009026,ETH-USD,1827.71,81,2026-01-01T02:57:14Z
batch_0005,order_00015639,order_00009026,ETH-USD,1827.71,841,2026-01-01T04:20:38Z
batch_0005,order_00010577,order_00009026,ETH-USD,1827.71,68,2026-01-01T02:56:16Z
batch_0005,order_00010577,order_00015992,ETH-USD,1827.76,242,2026-01-01T04:26:31Z
batch_0005,order_00015620,order_00015992,ETH-USD,1827.76,207,2026-01-01T04:26:31Z
batch_0005,order_00015620,order_00011996,ETH-USD,1827.89,558,2026-01-01T04:20:19Z
batch_0005,order_00013480,order_00011996,ETH-USD,1827.89,305,2026-01-01T03:44:39Z
batch_0005,order_00013480,order_00010597,ETH-USD,1827.95,36,2026-01-01T03:44:39Z
batch_0005,order_00012272,order_00010597,ETH-USD,1827.95,543,2026-01-01T03:24:31Z
batch_0005,order_00012272,order_00015662,ETH-USD,1827.97,392,2026-01-01T04:21:01Z
batch_0005,order_00012272,order_00015609,ETH-USD,1827.98,36,2026-01-01T04:20:08Z
batch_0005,order_00007432,order_00015609,ETH-USD,1827.98,206,2026-01-01T04:20:08Z
batch_0005,order_00007432,order_00012329,ETH-USD,1828.02,780,2026-01-01T03:25:28Z
batch_0005,order_00012360,order_00012329,ETH-USD,1828.02,165,2026-01-01T03:25:59Z
batch_0005,order_00012360,order_00014914,ETH-USD,1828.03,613,2026-01-01T04:08:33Z
batch_0005,order_00012360,order_00009167,ETH-USD,1828.09,151,2026-01-01T03:25:59Z
batch_0005,order_00009341,order_00009167,ETH-USD,1828.09,578,2026-01-01T02:35:40Z
batch_0005,order_00009341,order_00010989,ETH-USD,1828.09,398,2026-01-01T03:03:08Z
batch_0005,order_00010330,order_00010989,ETH-USD,1828.09,29,2026-01-01T03:03:08Z
batch_0005,order_00012551,order_00010989,ETH-USD,1828.09,94,2026-01-01T03:29:10Z
batch_0005,order_00012551,order_00008999,ETH-USD,1828.33,574,2026-01-01T03:29:10Z
batch_0005,order_00006842,order_00008999,ETH-USD,1828.33,309,2026-01-01T02:29:58Z
batch_0005,order_00006842,order_00010836,ETH-USD,1828.4,274,2026-01-01T03:00:35Z
batch_0005,order_00009120,order_00010836,ETH-USD,1828.4,327,2026-01-01T03:00:35Z
batch_0005,order_00013002,order_00010836,ETH-USD,1828.4,50,2026-01-01T03:36:41Z
batch_0005,order_00013002,order_00011131,ETH-USD,1828.41,659,2026-01-01T03:36:41Z
batch_0005,order_00006768,order_00011131,ETH-USD,1828.41,199,2026-01-01T03:05:30Z
batch_0005,order_00006768,order_00012620,ETH-USD,1828.45,94,2026-01-01T03:30:19Z
batch_0005,order_00014752,order_00012620,ETH-USD,1828.45,128,2026-01-01T04:05:51Z
batch_0005,order_00014752,order_00012171,ETH-USD,1828.46,263,2026-01-01T04:05:51Z
batch_0005,order_00014752,order_00006694,ETH-USD,1828.52,458,2026-01-01T04:05:51Z
batch_0005,order_00012238,order_00006694,ETH-USD,1828.52,165,2026-01-01T03:23:57Z
batch_0005,order_00012238,order_00007905,ETH-USD,1828.54,255,2026-01-01T03:23:57Z
batch_0005,order_00013429,order_00007905,ETH-USD,1828.54,554,2026-01-01T03:43:48Z
batch_0005,order_00013429,order_00013113,ETH-USD,1828.65,329,2026-01-01T03:43:48Z
batch_0005,order_00013407,order_00013113,ETH-USD,1828.65,129,2026-01-01T03:43:26Z
batch_0005,order_00007643,order_00013113,ETH-USD,1828.65,477,2026-01-01T03:38:32Z
batch_0005,order_00007643,order_00015578,ETH-USD,1828.87,261,2026-01-01T04:19:37Z
batch_0005,order_00007643,order_00011445,ETH-USD,1828.92,186,2026-01-01T03:10:44Z
batch_0005,order_00014244,order_00011445,ETH-USD,1828.92,160,2026-01-01T03:57:23Z
batch_0005,order_00007748,order_00011445,ETH-USD,1828.92,108,2026-01-01T03:10:44Z
batch_0005,order_00007748,order_00011243,ETH-USD,1829.04,285,2026-01-01T03:07:22Z
batch_0005,order_00007748,order_00011864,ETH-USD,1829.17,516,2026-01-01T03:17:43Z
batch_0005,order_00014406,order_00011864,ETH-USD,1829.17,291,2026-01-01T04:00:05Z
batch_0005,order_00014406,order_00011806,ETH-USD,1829.41,117,2026-01-01T04:00:05Z
batch_0005,order_00008434,order_00011806,ETH-USD,1829.41,99,2026-01-01T03:16:45Z
batch_0005,order_00008434,order_00008293,ETH-USD,1829.49,59,2026-01-01T02:20:33Z
batch_0005,order_00008271,order_00008293,ETH-USD,1829.49,252,2026-01-01T02:18:12Z
batch_0005,order_00008271,order_00007657,ETH-USD,1829.5,89,2026-01-01T02:17:50Z
batch_0005,order_00007621,order_00007657,ETH-USD,1829.5,808,2026-01-01T02:07:36Z
batch_0005,order_00009828,order_00007657,ETH-USD,1829.5,76,2026-01-01T02:43:47Z
batch_0005,order_00009828,order_00008061,ETH-USD,1829.63,196,2026-01-01T02:43:47Z
batch_0005,order_00007014,order_00008061,ETH-USD,1829.63,48,2026-01-01T02:14:20Z
batch_0005,order_00007014,order_00010742,ETH-USD,1829.7,330,2026-01-01T02:59:01Z
batch_0005,order_00007304,order_00010742,ETH-USD,1829.7,469,2026-01-01T02:59:01Z
batch_0005,order_00007304,order_00013862,ETH-USD,1830.0,82,2026-01-01T03:51:01Z
batch_0005,order_00008790,order_00013862,ETH-USD,1830.0,359,2026-01-01T03:51:01Z
batch_0005,order_00009036,order_00013862,ETH-USD,1830.0,122,2026-01-01T03:51:01Z
batch_0005,order_00015602,order_00013862,ETH-USD,1830.0,403,2026-01-01T04:20:01Z
batch_0005,order_00015602,order_00007218,ETH-USD,1830.02,88,2026-01-01T04:20:01Z
batch_0005,order_00015128,order_00007218,ETH-USD,1830.02,748,2026-01-01T04:12:07Z
batch_0005,order_00015807,order_00007218,ETH-USD,1830.02,79,2026-01-01T04:23:26Z
batch_0005,order_00015807,order_00013767,ETH-USD,1830.02,212,2026-01-01T04:23:26Z
batch_0005,order_00015807,order_00014376,ETH-USD,1830.09,463,2026-01-01T04:23:26Z
batch_0005,order_00016032,order_00014376,ETH-USD,1830.09,132,2026-01-01T04:27:11Z
batch_0005,order_00016032,order_00009512,ETH-USD,1830.15,719,2026-01-01T04:27:11Z
batch_0005,order_00016032,order_00007106,ETH-USD,1830.21,120,2026-01-01T04:27:11Z
batch_0005,order_00008847,order_00007106,ETH-USD,1830.21,668,2026-01-01T02:27:26Z
batch_0005,order_00009336,order_00007106,ETH-USD,1830.21,83,2026-01-01T02:35:35Z
batch_0005,order_00009336,order_00014848,ETH-USD,1830.52,386,2026-01-01T04:07:27Z
batch_0005,order_00009336,order_00015714,ETH-USD,1830.58,302,2026-01-01T04:21:53Z
batch_0005,order_00009336,order_00010062,ETH-USD,1830.6,109,2026-01-01T02:47:41Z
batch_0005,order_00014500,order_00010062,ETH-USD,1830.6,585,2026-01-01T04:01:39Z
batch_0005,order_00014574,order_00010062,ETH-USD,1830.6,19,2026-01-01T04:02:53Z
batch_0005,order_00014574,order_00013919,ETH-USD,1830.69,355,2026-01-01T04:02:53Z
batch_0005,order_00007497,order_00013919,ETH-USD,1830.69,532,2026-01-01T03:51:58Z
batch_0005,order_00007497,order_00010694,ETH-USD,1830.71,29,2026-01-01T02:58:13Z
batch_0005,order_00007497,order_00014769,ETH-USD,1830.84,9,2026-01-01T04:06:08Z
batch_0005,order_00007565,order_00014769,ETH-USD,1830.84,75,2026-01-01T04:06:08Z
batch_0005,order_00006618,order_00014769,ETH-USD,1830.84,136,2026-01-01T04:06:08Z
batch_0005,order_00014027,order_00014769,ETH-USD,1830.84,615,2026-01-01T04:06:08Z
batch_0005,order_00014027,order_00007146,ETH-USD,1830.87,97,2026-01-01T03:53:46Z
batch_0005,order_00010372,order_00007146,ETH-USD,1830.87,419,2026-01-01T02:52:51Z
batch_0005,order_00011269,order_00007146,ETH-USD,1830.87,158,2026-01-01T03:07:48Z
batch_0005,order_00011269,order_00012321,ETH-USD,1830.94,426,2026-01-01T03:25:20Z
batch_0005,order_00011269,order_00011896,ETH-USD,1830.95,34,2026-01-01T03:18:15Z
batch_0005,order_00011269,order_00009522,ETH-USD,1831.27,150,2026-01-01T03:07:48Z
batch_0005,order_00016397,order_00009522,ETH-USD,1831.27,131,2026-01-01T04:33:16Z
batch_0005,order_00016397,order_00016551,ETH-USD,1831.56,210,2026-01-01T04:35:50Z
batch_0005,order_00016397,order_00009587,ETH-USD,1831.61,3,2026-01-01T04:33:16Z
batch_0005,order_00007272,order_00009587,ETH-USD,1831.61,455,2026-01-01T02:39:46Z
batch_0005,order_00007272,order_00010170,ETH-USD,1831.63,237,2026-01-01T02:49:29Z
batch_0005,order_00007272,order_00012582,ETH-USD,1831.81,262,2026-01-01T03:29:41Z
batch_0005,order_00011111,order_00012582,ETH-USD,1831.81,8,2026-01-01T03:29:41Z
batch_0005,order_00011111,order_00015819,ETH-USD,1831.81,425,2026-01-01T04:23:38Z
batch_0005,order_00011111,order_00014616,ETH-USD,1831.82,19,2026-01-01T04:03:35Z
batch_0005,order_00011341,order_00014616,ETH-USD,1831.82,107,2026-01-01T04:03:35Z
batch_0005,order_00011341,order_00012743,ETH-USD,1831.89,461,2026-01-01T03:32:22Z
batch_0005,order_00011341,order_00007165,ETH-USD,1831.97,2,2026-01-01T03:09:00Z
batch_0005,order_00013235,order_00007165,ETH-USD,1831.97,679,2026-01-01T03:40:34Z
batch_0005,order_00013235,order_00010852,ETH-USD,1831.98,155,2026-01-01T03:40:34Z
batch_0005,order_00011600,order_00010852,ETH-USD,1831.98,755,2026-01-01T03:13:19Z
batch_0005,order_00011600,order_00008303,ETH-USD,1832.01,113,2026-01-01T03:13:19Z
batch_0005,order_00013224,order_00008303,ETH-USD,1832.01,10,2026-01-01T03:40:23Z
batch_0005,order_00008362,order_00008303,ETH-USD,1832.01,77,2026-01-01T02:19:21Z
batch_0005,order_00014732,order_00008303,ETH-USD,1832.01,611,2026-01-01T04:05:31Z
batch_0005,order_00009029,order_00008303,ETH-USD,1832.01,52,2026-01-01T02:30:28Z
batch_0005,order_00009029,order_00008241,ETH-USD,1832.11,860,2026-01-01T02:30:28Z
batch_0005,order_00009400,order_00008241,ETH-USD,1832.11,102,2026-01-01T02:36:39Z
batch_0005,order_00009400,order_00015187,ETH-USD,1832.12,243,2026-01-01T04:13:06Z
batch_0005,order_00009751,order_00015187,ETH-USD,1832.12,343,2026-01-01T04:13:06Z
batch_0005,order_00013910,order_00015187,ETH-USD,1832.12,251,2026-01-01T04:13:06Z
batch_0005,order_00013910,order_00009567,ETH-USD,1832.32,403,2026-01-01T03:51:49Z
batch_0005,order_00013512,order_00009567,ETH-USD,1832.32,127,2026-01-01T03:45:11Z
batch_0005,order_00013512,order_00012454,ETH-USD,1832.38,450,2026-01-01T03:45:11Z
batch_0005,order_00013512,order_00015727,ETH-USD,1832.49,223,2026-01-01T04:22:06Z
batch_0005,order_00015165,order_00015727,ETH-USD,1832.49,316,2026-01-01T04:22:06Z
batch_0005,order_00015165,order_00013589,ETH-USD,1832.52,194,2026-01-01T04:12:44Z
batch_0005,order_00015165,order_00006710,ETH-USD,1832.57,172,2026-01-01T04:12:44Z
batch_0005,order_00008538,order_00006710,ETH-USD,1832.57,11,2026-01-01T02:22:17Z
batch_0005,order_00008538,order_00014687,ETH-USD,1832.68,39,2026-01-01T04:04:46Z
batch_0005,order_00012891,order_00014687,ETH-USD,1832.68,10,2026-01-01T04:04:46Z
batch_0005,order_00012891,order_00008968,ETH-USD,1832.76,34,2026-01-01T03:34:50Z
batch_0005,order_00012891,order_00010896,ETH-USD,1832.92,53,2026-01-01T03:34:50Z
batch_0005,order_00012891,order_00012779,ETH-USD,1833.1,39,2026-01-01T03:34:50Z
batch_0005,order_00012891,order_00008117,ETH-USD,1833.13,751,2026-01-01T03:34:50Z
batch_0005,order_00014933,order_00008117,ETH-USD,1833.13,227,2026-01-01T04:08:52Z
batch_0005,order_00014933,order_00008577,ETH-USD,1833.16,427,2026-01-01T04:08:52Z
batch_0005,order_00014933,order_00016082,ETH-USD,1833.17,267,2026-01-01T04:28:01Z
batch_0005,order_00015865,order_00016082,ETH-USD,1833.17,232,2026-01-01T04:28:01Z
batch_0005,order_00015865,order_00012558,ETH-USD,1833.44,545,2026-01-01T04:24:24Z
batch_0005,order_00012923,order_00012558,ETH-USD,1833.44,333,2026-01-01T03:35:22Z
batch_0005,order_00012923,order_00009991,ETH-USD,1833.58,329,2026-01-01T03:35:22Z
batch_0005,order_00007619,order_00009991,ETH-USD,1833.58,233,2026-01-01T02:46:30Z
batch_0005,order_00008215,order_00009991,ETH-USD,1833.58,42,2026-01-01T02:46:30Z
batch_0005,order_00008215,order_00015555,ETH-USD,1833.69,11,2026-01-01T04:19:14Z
batch_0005,order_00013686,order_00015555,ETH-USD,1833.69,762,2026-01-01T04:19:14Z
batch_0005,order_00013686,order_00011754,ETH-USD,1833.79,193,2026-01-01T03:48:05Z
batch_0005,order_00014729,order_00011754,ETH-USD,1833.79,125,2026-01-01T04:05:28Z
batch_0005,order_00014729,order_00014517,ETH-USD,1833.98,180,2026-01-01T04:05:28Z
batch_0005,order_00015010,order_00014517,ETH-USD,1833.98,58,2026-01-01T04:10:09Z
batch_0005,order_00015596,order_00014517,ETH-USD,1833.98,454,2026-01-01T04:19:55Z
batch_0005,order_00015596,order_00016090,ETH-USD,1833.98,103,2026-01-01T04:28:09Z
batch_0005,order_00015596,order_00007438,ETH-USD,1834.07,116,2026-01-01T04:19:55Z
batch_0005,order_00015596,order_00013381,ETH-USD,1834.1,132,2026-01-01T04:19:55Z
batch_0005,order_00015596,order_00016062,ETH-USD,1834.1,83,2026-01-01T04:27:41Z
batch_0005,order_00009045,order_00016062,ETH-USD,1834.1,509,2026-01-01T04:27:41Z
batch_0005,order_00009045,order_00014412,ETH-USD,1834.11,398,2026-01-01T04:00:11Z
batch_0005,order_00010840,order_00014412,ETH-USD,1834.11,457,2026-01-01T04:00:11Z
batch_0005,order_00010095,order_00014412,ETH-USD,1834.11,141,2026-01-01T04:00:11Z
batch_0005,order_00010095,order_00015308,ETH-USD,1834.16,252,2026-01-01T04:15:07Z
batch_0005,order_00013964,order_00015308,ETH-USD,1834.16,229,2026-01-01T04:15:07Z
batch_0005,order_00012574,order_00015308,ETH-USD,1834.16,191,2026-01-01T04:15:07Z
batch_0005,order_00012574,order_00013996,ETH-USD,1834.32,495,2026-01-01T03:53:15Z
batch_0005,order_00013634,order_00013996,ETH-USD,1834.32,371,2026-01-01T03:53:15Z
batch_0005,order_00013634,order_00013951,ETH-USD,1834.39,173,2026-01-01T03:52:30Z
batch_0005,order_00011770,order_00013951,ETH-USD,1834.39,554,2026-01-01T03:52:30Z
batch_0005,order_00009479,order_00013951,ETH-USD,1834.39,58,2026-01-01T03:52:30Z
batch_0005,order_00009479,order_00014318,ETH-USD,1834.66,400,2026-01-01T03:58:37Z
batch_0005,order_00009479,order_00009543,ETH-USD,1834.69,212,2026-01-01T02:39:02Z
batch_0005,order_00009479,order_00011079,ETH-USD,1834.78,271,2026-01-01T03:04:38Z
batch_0005,order_00009060,order_00011079,ETH-USD,1834.78,21,2026-01-01T03:04:38Z
batch_0005,order_00009060,order_00008865,ETH-USD,1834.8,22,2026-01-01T02:30:59Z
batch_0005,order_00013519,order_00008865,ETH-USD,1834.8,208,2026-01-01T03:45:18Z
batch_0005,order_00013519,order_00010926,ETH-USD,1834.86,204,2026-01-01T03:45:18Z
batch_0005,order_00013519,order_00014659,ETH-USD,1834.96,154,2026-01-01T04:04:18Z
batch_0005,order_00011286,order_00014659,ETH-USD,1834.96,129,2026-01-01T04:04:18Z
batch_0005,order_00009739,order_00014659,ETH-USD,1834.96,415,2026-01-01T04:04:18Z
batch_0005,order_00009739,order_00007550,ETH-USD,1835.11,26,2026-01-01T02:42:18Z
batch_0005,order_00009739,order_00010982,ETH-USD,1835.12,387,2026-01-01T03:03:01Z
batch_0005,order_00012672,order_00010982,ETH-USD,1835.12,377,2026-01-01T03:31:11Z
batch_0005,order_00012672,order_00011506,ETH-USD,1835.17,19,2026-01-01T03:31:11Z
batch_0005,order_00012672,order_00007202,ETH-USD,1835.31,9,2026-01-01T03:31:11Z
batch_0005,order_00007019,order_00007202,ETH-USD,1835.31,478,2026-01-01T02:00:01Z
batch_0005,order_00011710,order_00007202,ETH-USD,1835.31,184,2026-01-01T03:15:09Z
batch_0005,order_00011710,order_00008809,ETH-USD,1835.31,721,2026-01-01T03:15:09Z
batch_0005,order_00010469,order_00008809,ETH-USD,1835.31,153,2026-01-01T02:54:28Z
batch_0005,order_00010469,order_00015630,ETH-USD,1835.33,296,2026-01-01T04:20:29Z
batch_0005,order_00010469,order_00009152,ETH-USD,1835.42,259,2026-01-01T02:54:28Z
batch_0005,order_00010469,order_00008515,ETH-USD,1835.44,216,2026-01-01T02:54:28Z
batch_0005,order_00016197,order_00008515,ETH-USD,1835.44,81,2026-01-01T04:29:56Z
batch_0005,order_00010148,order_00008515,ETH-USD,1835.44,64,2026-01-01T02:49:07Z
batch_0005,order_00010148,order_00014428,ETH-USD,1835.63,280,2026-01-01T04:00:27Z
batch_0005,order_00010148,order_00014946,ETH-USD,1835.66,380,2026-01-01T04:09:05Z
batch_0005,order_00008774,order_00014946,ETH-USD,1835.66,286,2026-01-01T04:09:05Z
batch_0005,order_00007496,order_00014946,ETH-USD,1835.66,232,2026-01-01T04:09:05Z
batch_0005,order_00007496,order_00014502,ETH-USD,1835.68,248,2026-01-01T04:01:41Z
batch_0005,order_00007493,order_00014502,ETH-USD,1835.68,54,2026-01-01T04:01:41Z
batch_0005,order_00007493,order_00015739,ETH-USD,1835.85,795,2026-01-01T04:22:18Z
batch_0005,order_00008835,order_00015739,ETH-USD,1835.85,187,2026-01-01T04:22:18Z
batch_0005,order_00008835,order_00006920,ETH-USD,1836.01,542,2026-01-01T02:27:14Z
batch_0005,order_00008746,order_00006920,ETH-USD,1836.01,451,2026-01-01T02:25:45Z
batch_0005,order_00008746,order_00009434,ETH-USD,1836.23,454,2026-01-01T02:37:13Z
batch_0005,order_00008746,order_00009468,ETH-USD,1836.25,80,2026-01-01T02:37:47Z
batch_0005,order_00007181,order_00009468,ETH-USD,1836.25,258,2026-01-01T02:37:47Z
batch_0005,order_00007204,order_00009468,ETH-USD,1836.25,140,2026-01-01T02:37:47Z
batch_0005,order_00015340,order_00009468,ETH-USD,1836.25,350,2026-01-01T04:15:39Z
batch_0005,order_00015340,order_00012787,ETH-USD,1836.56,187,2026-01-01T04:15:39Z
batch_0005,order_00015340,order_00006728,ETH-USD,1836.75,81,2026-01-01T04:15:39Z
batch_0005,order_00015340,order_00012878,ETH-USD,1836.76,293,2026-01-01T04:15:39Z
batch_0005,order_00013937,order_00012878,ETH-USD,1836.76,272,2026-01-01T03:52:16Z
batch_0005,order_00013937,order_00009164,ETH-USD,1836.91,41,2026-01-01T03:52:16Z
batch_0005,order_00013937,order_00015910,ETH-USD,1837.06,339,2026-01-01T04:25:09Z
batch_0005,order_00013937,order_00008311,ETH-USD,1837.09,163,2026-01-01T03:52:16Z
batch_0005,order_00016549,order_00008311,ETH-USD,1837.09,76,2026-01-01T04:35:48Z
batch_0005,order_00008285,order_00008311,ETH-USD,1837.09,49,2026-01-01T02:18:30Z
batch_0005,order_00010252,order_00008311,ETH-USD,1837.09,198,2026-01-01T02:50:51Z
batch_0005,order_00015619,order_00008311,ETH-USD,1837.09,69,2026-01-01T04:20:18Z
batch_0005,order_00015619,order_00009190,ETH-USD,1837.13,79,2026-01-01T04:20:18Z
batch_0005,order_00015619,order_00016514,ETH-USD,1837.22,601,2026-01-01T04:35:13Z
batch_0005,order_00015619,order_00012484,ETH-USD,1837.35,31,2026-01-01T04:20:18Z
batch_0005,order_00015619,order_00009785,ETH-USD,1837.37,123,2026-01-01T04:20:18Z
batch_0005,order_00009255,order_00009785,ETH-USD,1837.37,98,2026-01-01T02:43:04Z
batch_0005,order_00009255,order_00014870,ETH-USD,1837.5,387,2026-01-01T04:07:49Z
batch_0005,order_00009255,order_00015728,ETH-USD,1837.5,55,2026-01-01T04:22:07Z
batch_0005,order_00009255,order_00012025,ETH-USD,1837.51,36,2026-01-01T03:20:24Z
batch_0005,order_00009255,order_00009661,ETH-USD,1837.59,34,2026-01-01T02:41:00Z
batch_0005,order_00009255,order_00012266,ETH-USD,1837.77,331,2026-01-01T03:24:25Z
batch_0005,order_00014366,order_00012266,ETH-USD,1837.77,313,2026-01-01T03:59:25Z
batch_0005,order_00013595,order_00012266,ETH-USD,1837.77,144,2026-01-01T03:46:34Z
batch_0005,order_00015354,order_00012266,ETH-USD,1837.77,140,2026-01-01T04:15:53Z
batch_0005,order_00015354,order_00009635,ETH-USD,1837.8,238,2026-01-01T04:15:53Z
batch_0005,order_00015354,order_00015650,ETH-USD,1837.85,55,2026-01-01T04:20:49Z
batch_0005,order_00010996,order_00015650,ETH-USD,1837.85,777,2026-01-01T04:20:49Z
batch_0005,order_00010996,order_00016248,ETH-USD,1837.95,88,2026-01-01T04:30:47Z
batch_0005,order_00010996,order_00013344,ETH-USD,1838.01,20,2026-01-01T03:42:23Z
batch_0005,order_00010998,order_00013344,ETH-USD,1838.01,268,2026-01-01T03:42:23Z
batch_0005,order_00010237,order_00013344,ETH-USD,1838.01,384,2026-01-01T03:42:23Z
batch_0005,order_00010237,order_00007099,ETH-USD,1838.18,20,2026-01-01T02:50:36Z
batch_0005,order_00010237,order_00011511,ETH-USD,1838.19,164,2026-01-01T03:11:50Z
batch_0005,order_00008261,order_00011511,ETH-USD,1838.19,121,2026-01-01T03:11:50Z
batch_0005,order_00008261,order_00012666,ETH-USD,1838.22,198,2026-01-01T03:31:05Z
batch_0005,order_00008261,order_00008396,ETH-USD,1838.26,8,2026-01-01T02:19:55Z
batch_0005,order_00008261,order_00009291,ETH-USD,1838.34,409,2026-01-01T02:34:50Z
batch_0005,order_00012350,order_00009291,ETH-USD,1838.34,75,2026-01-01T03:25:49Z
batch_0005,order_00012350,order_00013513,ETH-USD,1838.35,232,2026-01-01T03:45:12Z
batch_0005,order_00016493,order_00013513,ETH-USD,1838.35,475,2026-01-01T04:34:52Z
batch_0005,order_00016493,order_00013672,ETH-USD,1838.35,113,2026-01-01T04:34:52Z
batch_0005,order_00011501,order_00013672,ETH-USD,1838.35,237,2026-01-01T03:47:51Z
batch_0005,order_00015027,order_00013672,ETH-USD,1838.35,231,2026-01-01T04:10:26Z
batch_0005,order_00015027,order_00012763,ETH-USD,1838.41,399,2026-01-01T04:10:26Z
batch_0005,order_00015027,order_00011631,ETH-USD,1838.44,155,2026-01-01T04:10:26Z
batch_0005,order_00013680,order_00011631,ETH-USD,1838.44,71,2026-01-01T03:47:59Z
batch_0005,order_00006987,order_00011631,ETH-USD,1838.44,693,2026-01-01T03:13:50Z
batch_0005,order_00013221,order_00011631,ETH-USD,1838.44,34,2026-01-01T03:40:20Z
batch_0005,order_00013221,order_00015348,ETH-USD,1838.49,16,2026-01-01T04:15:47Z
batch_0005,order_00015481,order_00015348,ETH-USD,1838.49,582,2026-01-01T04:18:00Z
batch_0005,order_00015481,order_00013074,ETH-USD,1838.56,316,2026-01-01T04:18:00Z
batch_0005,order_00013527,order_00013074,ETH-USD,1838.56,214,2026-01-01T03:45:26Z
batch_0005,order_00013527,order_00015396,ETH-USD,1838.68,402,2026-01-01T04:16:35Z
batch_0005,order_00013527,order_00012677,ETH-USD,1838.81,223,2026-01-01T03:45:26Z
batch_0005,order_00008009,order_00012677,ETH-USD,1838.81,484,2026-01-01T03:31:16Z
batch_0005,order_00010948,order_00012677,ETH-USD,1838.81,44,2026-01-01T03:31:16Z
batch_0005,order_00010948,order_00011463,ETH-USD,1838.89,71,2026-01-01T03:11:02Z
batch_0005,order_00010948,order_00009667,ETH-USD,1838.9,404,2026-01-01T03:02:27Z
batch_0005,order_00010948,order_00015674,ETH-USD,1838.95,440,2026-01-01T04:21:13Z
batch_0005,order_00011662,order_00015674,ETH-USD,1838.95,401,2026-01-01T04:21:13Z
batch_0005,order_00011662,order_00013504,ETH-USD,1838.98,175,2026-01-01T03:45:03Z
batch_0005,order_00010833,order_00013504,ETH-USD,1838.98,308,2026-01-01T03:45:03Z
batch_0005,order_00016045,order_00013504,ETH-USD,1838.98,141,2026-01-01T04:27:24Z
batch_0005,order_00016045,order_00013399,ETH-USD,1839.04,787,2026-01-01T04:27:24Z
batch_0005,order_00016045,order_00016381,ETH-USD,1839.18,29,2026-01-01T04:33:00Z
batch_0005,order_00012065,order_00016381,ETH-USD,1839.18,350,2026-01-01T04:33:00Z
batch_0005,order_00012065,order_00014664,ETH-USD,1839.31,541,2026-01-01T04:04:23Z
batch_0005,order_00016052,order_00014664,ETH-USD,1839.31,240,2026-01-01T04:27:31Z
batch_0005,order_00016052,order_00011970,ETH-USD,1839.45,256,2026-01-01T04:27:31Z
batch_0005,order_00016052,order_00008784,ETH-USD,1839.49,294,2026-01-01T04:27:31Z
batch_0005,order_00014151,order_00008784,ETH-USD,1839.49,132,2026-01-01T03:55:50Z
batch_0005,order_00014151,order_00015824,ETH-USD,1839.71,638,2026-01-01T04:23:43Z
batch_0005,order_00014151,order_00015030,ETH-USD,1839.75,12,2026-01-01T04:10:29Z
batch_0005,order_00012429,order_00015030,ETH-USD,1839.75,117,2026-01-01T04:10:29Z
batch_0005,order_00012429,order_00008775,ETH-USD,1839.84,98,2026-01-01T03:27:08Z
batch_0005,order_00013612,order_00008775,ETH-USD,1839.84,301,2026-01-01T03:46:51Z
batch_0005,order_00013612,order_00014097,ETH-USD,1839.9,297,2026-01-01T03:54:56Z
batch_0005,order_00013612,order_00014415,ETH-USD,1839.93,52,2026-01-01T04:00:14Z
batch_0005,order_00011849,order_00014415,ETH-USD,1839.93,295,2026-01-01T04:00:14Z
batch_0005,order_00011849,order_00014740,ETH-USD,1840.04,117,2026-01-01T04:05:39Z
batch_0005,order_00010774,order_00014740,ETH-USD,1840.04,427,2026-01-01T04:05:39Z
batch_0005,order_00014940,order_00014740,ETH-USD,1840.04,357,2026-01-01T04:08:59Z
batch_0005,order_00014940,order_00006985,ETH-USD,1840.06,224,2026-01-01T04:08:59Z
batch_0005,order_00014940,order_00008437,ETH-USD,1840.1,39,2026-01-01T04:08:59Z
batch_0005,order_00012461,order_00008437,ETH-USD,1840.1,314,2026-01-01T03:27:40Z
batch_0005,order_00008338,order_00008437,ETH-USD,1840.1,582,2026-01-01T02:20:36Z
batch_0005,order_00008338,order_00006673,ETH-USD,1840.2,409,2026-01-01T02:18:57Z
batch_0005,order_00014881,order_00006673,ETH-USD,1840.2,10,2026-01-01T04:08:00Z
batch_0005,order_00014881,order_00016576,ETH-USD,1840.33,167,2026-01-01T04:36:15Z
batch_0005,order_00014881,order_00014710,ETH-USD,1840.36,334,2026-01-01T04:08:00Z
batch_0005,order_00014881,order_00015590,ETH-USD,1840.84,20,2026-01-01T04:19:49Z
batch_0005,order_00008056,order_00015590,ETH-USD,1840.84,97,2026-01-01T04:19:49Z
batch_0005,order_00008985,order_00015590,ETH-USD,1840.84,446,2026-01-01T04:19:49Z
batch_0005,order_00008985,order_00015393,ETH-USD,1840.91,247,2026-01-01T04:16:32Z
batch_0005,order_00009154,order_00015393,ETH-USD,1840.91,328,2026-01-01T04:16:32Z
batch_0005,order_00009154,order_00010919,ETH-USD,1840.96,239,2026-01-01T03:01:58Z
batch_0005,order_00015103,order_00010919,ETH-USD,1840.96,41,2026-01-01T04:11:42Z
batch_0005,order_00008771,order_00010919,ETH-USD,1840.96,14,2026-01-01T03:01:58Z
batch_0005,order_00008771,order_00016423,ETH-USD,1840.99,68,2026-01-01T04:33:42Z
batch_0005,order_00008771,order_00007885,ETH-USD,1841.05,459,2026-01-01T02:26:10Z
batch_0005,order_00008771,order_00014551,ETH-USD,1841.07,175,2026-01-01T04:02:30Z
batch_0005,order_00008771,order_00016427,ETH-USD,1841.17,145,2026-01-01T04:33:46Z
batch_0005,order_00011574,order_00016427,ETH-USD,1841.17,690,2026-01-01T04:33:46Z
batch_0005,order_00010778,order_00016427,ETH-USD,1841.17,61,2026-01-01T04:33:46Z
batch_0005,order_00010778,order_00008024,ETH-USD,1841.19,823,2026-01-01T02:59:37Z
batch_0005,order_00010778,order_00007426,ETH-USD,1841.21,71,2026-01-01T02:59:37Z
batch_0005,order_00006927,order_00007426,ETH-USD,1841.21,526,2026-01-01T02:03:45Z
batch_0005,order_00014036,order_00007426,ETH-USD,1841.21,69,2026-01-01T03:53:55Z
batch_0005,order_00012973,order_00007426,ETH-USD,1841.21,5,2026-01-01T03:36:12Z
batch_0005,order_00012973,order_00009509,ETH-USD,1841.29,334,2026-01-01T03:36:12Z
batch_0005,order_00006625,order_00009509,ETH-USD,1841.29,461,2026-01-01T02:38:28Z
batch_0005,order_00006625,order_00007780,ETH-USD,1841.34,425,2026-01-01T02:09:39Z
batch_0005,order_00006625,order_00010872,ETH-USD,1841.35,13,2026-01-01T03:01:11Z
batch_0005,order_00012493,order_00010872,ETH-USD,1841.35,536,2026-01-01T03:28:12Z
batch_0005,order_00012493,order_00011984,ETH-USD,1841.41,117,2026-01-01T03:28:12Z
batch_0005,order_00012493,order_00012079,ETH-USD,1841.44,253,2026-01-01T03:28:12Z
batch_0005,order_00015547,order_00012079,ETH-USD,1841.44,223,2026-01-01T04:19:06Z
batch_0005,order_00012230,order_00012079,ETH-USD,1841.44,422,2026-01-01T03:23:49Z
batch_0005,order_00012230,order_00008597,ETH-USD,1841.46,157,2026-01-01T03:23:49Z
batch_0005,order_00015697,order_00008597,ETH-USD,1841.46,297,2026-01-01T04:21:36Z
batch_0005,order_00012435,order_00008597,ETH-USD,1841.46,75,2026-01-01T03:27:14Z
batch_0005,order_00012435,order_00013530,ETH-USD,1841.58,2,2026-01-01T03:45:29Z
batch_0005,order_00012435,order_00010353,ETH-USD,1841.66,302,2026-01-01T03:27:14Z
batch_0005,order_00014952,order_00010353,ETH-USD,1841.66,207,2026-01-01T04:09:11Z
batch_0005,order_00015418,order_00010353,ETH-USD,1841.66,305,2026-01-01T04:16:57Z
batch_0005,order_00015418,order_00008900,ETH-USD,1841.67,214,2026-01-01T04:16:57Z
batch_0005,order_00015601,order_00008900,ETH-USD,1841.67,197,2026-01-01T04:20:00Z
batch_0005,order_00015601,order_00009093,ETH-USD,1841.7,119,2026-01-01T04:20:00Z
batch_0005,order_00012599,order_00009093,ETH-USD,1841.7,182,2026-01-01T03:29:58Z
batch_0005,order_00012599,order_00016187,ETH-USD,1841.75,257,2026-01-01T04:29:46Z
batch_0005,order_00012599,order_00009649,ETH-USD,1841.76,439,2026-01-01T03:29:58Z
batch_0005,order_00007547,order_00009649,ETH-USD,1841.76,505,2026-01-01T02:40:48Z
batch_0005,order_00007547,order_00012085,ETH-USD,1841.93,386,2026-01-01T03:21:24Z
batch_0005,order_00011595,order_00012085,ETH-USD,1841.93,468,2026-01-01T03:21:24Z
batch_0005,order_00011595,order_00007170,ETH-USD,1841.95,34,2026-01-01T03:13:14Z
batch_0005,order_00011595,order_00013378,ETH-USD,1842.28,363,2026-01-01T03:42:57Z
batch_0005,order_00015421,order_00013378,ETH-USD,1842.28,166,2026-01-01T04:17:00Z
batch_0005,order_00015421,order_00014692,ETH-USD,1842.31,434,2026-01-01T04:17:00Z
batch_0005,order_00008913,order_00014692,ETH-USD,1842.31,57,2026-01-01T04:04:51Z
batch_0005,order_00010209,order_00014692,ETH-USD,1842.31,108,2026-01-01T04:04:51Z
batch_0005,order_00010829,order_00014692,ETH-USD,1842.31,369,2026-01-01T04:04:51Z
batch_0005,order_00010829,order_00015069,ETH-USD,1842.31,335,2026-01-01T04:11:08Z
batch_0005,order_00010865,order_00015069,ETH-USD,1842.31,542,2026-01-01T04:11:08Z
batch_0005,order_00010865,order_00016313,ETH-USD,1842.32,230,2026-01-01T04:31:52Z
batch_0005,order_00010300,order_00016313,ETH-USD,1842.32,83,2026-01-01T04:31:52Z
batch_0005,order_00016128,order_00016313,ETH-USD,1842.32,190,2026-01-01T04:31:52Z
batch_0005,order_00016128,order_00010433,ETH-USD,1842.42,150,2026-01-01T04:28:47Z
batch_0005,order_00016128,order_00008206,ETH-USD,1842.59,501,2026-01-01T04:28:47Z
batch_0005,order_00007124,order_00008206,ETH-USD,1842.59,339,2026-01-01T02:16:45Z
batch_0005,order_00007124,order_00015326,ETH-USD,1842.73,444,2026-01-01T04:15:25Z
batch_0005,order_00012795,order_00015326,ETH-USD,1842.73,318,2026-01-01T04:15:25Z
batch_0005,order_00012795,order_00012075,ETH-USD,1842.76,10,2026-01-01T03:33:14Z
batch_0005,order_00011329,order_00012075,ETH-USD,1842.76,42,2026-01-01T03:21:14Z
batch_0005,order_00011329,order_00011289,ETH-USD,1842.89,582,2026-01-01T03:08:48Z
batch_0005,order_00011329,order_00008316,ETH-USD,1843.0,108,2026-01-01T03:08:48Z
batch_0005,order_00011329,order_00016358,ETH-USD,1843.01,199,2026-01-01T04:32:37Z
batch_0005,order_00007148,order_00016358,ETH-USD,1843.01,404,2026-01-01T04:32:37Z
batch_0005,order_00010527,order_00016358,ETH-USD,1843.01,21,2026-01-01T04:32:37Z
batch_0005,order_00006651,order_00016358,ETH-USD,1843.01,5,2026-01-01T04:32:37Z
batch_0005,order_00013731,order_00016358,ETH-USD,1843.01,217,2026-01-01T04:32:37Z
batch_0005,order_00013731,order_00014424,ETH-USD,1843.21,179,2026-01-01T04:00:23Z
batch_0005,order_00013731,order_00010123,ETH-USD,1843.23,32,2026-01-01T03:48:50Z
batch_0005,order_00013731,order_00008544,ETH-USD,1843.31,3,2026-01-01T03:48:50Z
batch_0005,order_00007598,order_00008544,ETH-USD,1843.31,440,2026-01-01T02:22:23Z
batch_0005,order_00015121,order_00008544,ETH-USD,1843.31,50,2026-01-01T04:12:00Z
batch_0005,order_00015121,order_00010100,ETH-USD,1843.34,367,2026-01-01T04:12:00Z
batch_0005,order_00015121,order_00014968,ETH-USD,1843.51,283,2026-01-01T04:12:00Z
batch_0005,order_00015121,order_00010490,ETH-USD,1843.53,54,2026-01-01T04:12:00Z
batch_0005,order_00008512,order_00010490,ETH-USD,1843.53,203,2026-01-01T02:54:49Z
batch_0005,order_00008512,order_00016129,ETH-USD,1843.58,166,2026-01-01T04:28:48Z
batch_0005,order_00008512,order_00008845,ETH-USD,1843.65,582,2026-01-01T02:27:24Z
batch_0005,order_00008512,order_00008507,ETH-USD,1843.72,39,2026-01-01T02:21:51Z
batch_0005,order_00008512,order_00016322,ETH-USD,1843.84,8,2026-01-01T04:32:01Z
batch_0005,order_00012298,order_00016322,ETH-USD,1843.84,722,2026-01-01T04:32:01Z
batch_0005,order_00010751,order_00016322,ETH-USD,1843.84,211,2026-01-01T04:32:01Z
batch_0005,order_00010751,order_00007624,ETH-USD,1843.98,360,2026-01-01T02:59:10Z
batch_0005,order_00010751,order_00011451,ETH-USD,1843.99,165,2026-01-01T03:10:50Z
batch_0005,order_00015569,order_00011451,ETH-USD,1843.99,363,2026-01-01T04:19:28Z
batch_0005,order_00015569,order_00011882,ETH-USD,1844.14,74,2026-01-01T04:19:28Z
batch_0005,order_00015569,order_00009033,ETH-USD,1844.35,28,2026-01-01T04:19:28Z
batch_0005,order_00015569,order_00007637,ETH-USD,1844.4,175,2026-01-01T04:19:28Z
batch_0005,order_00016064,order_00007637,ETH-USD,1844.4,178,2026-01-01T04:27:43Z
batch_0005,order_00016064,order_00012714,ETH-USD,1844.57,387,2026-01-01T04:27:43Z
batch_0005,order_00016064,order_00012248,ETH-USD,1844.68,376,2026-01-01T04:27:43Z
batch_0005,order_00015036,order_00012248,ETH-USD,1844.68,225,2026-01-01T04:10:35Z
batch_0005,order_00015036,order_00015123,ETH-USD,1844.79,487,2026-01-01T04:12:02Z
batch_0005,order_00013632,order_00015123,ETH-USD,1844.79,294,2026-01-01T04:12:02Z
batch_0005,order_00013632,order_00009180,ETH-USD,1844.81,31,2026-01-01T03:47:11Z
batch_0005,order_00013632,order_00014971,ETH-USD,1844.81,91,2026-01-01T04:09:30Z
batch_0005,order_00007277,order_00014971,ETH-USD,1844.81,590,2026-01-01T04:09:30Z
batch_0005,order_00012183,order_00014971,ETH-USD,1844.81,229,2026-01-01T04:09:30Z
batch_0005,order_00012183,order_00010021,ETH-USD,1844.83,292,2026-01-01T03:23:02Z
batch_0005,order_00008660,order_00010021,ETH-USD,1844.83,128,2026-01-01T02:47:00Z
batch_0005,order_00007499,order_00010021,ETH-USD,1844.83,283,2026-01-01T02:47:00Z
batch_0005,order_00007499,order_00015786,ETH-USD,1844.85,221,2026-01-01T04:23:05Z
batch_0005,order_00008493,order_00015786,ETH-USD,1844.85,125,2026-01-01T04:23:05Z
batch_0005,order_00014448,order_00015786,ETH-USD,1844.85,222,2026-01-01T04:23:05Z
batch_0005,order_00010570,order_00015786,ETH-USD,1844.85,281,2026-01-01T04:23:05Z
batch_0005,order_00011893,order_00015786,ETH-USD,1844.85,119,2026-01-01T04:23:05Z
batch_0005,order_00011893,order_00011458,ETH-USD,1844.92,759,2026-01-01T03:18:12Z
batch_0005,order_00011893,order_00011163,ETH-USD,1845.0,104,2026-01-01T03:18:12Z
batch_0005,order_00008143,order_00011163,ETH-USD,1845.0,621,2026-01-01T03:06:02Z
batch_0005,order_00008143,order_00016365,ETH-USD,1845.12,180,2026-01-01T04:32:44Z
batch_0005,order_00007283,order_00016365,ETH-USD,1845.12,433,2026-01-01T04:32:44Z
batch_0005,order_00007283,order_00012964,ETH-USD,1845.44,22,2026-01-01T03:36:03Z
batch_0005,order_00007424,order_00012964,ETH-USD,1845.44,395,2026-01-01T03:36:03Z
batch_0005,order_00014258,order_00012964,ETH-USD,1845.44,150,2026-01-01T03:57:37Z
batch_0005,order_00014258,order_00010133,ETH-USD,1845.47,257,2026-01-01T03:57:37Z
batch_0005,order_00011840,order_00010133,ETH-USD,1845.47,480,2026-01-01T03:17:19Z
batch_0005,order_00011840,order_00007413,ETH-USD,1845.49,54,2026-01-01T03:17:19Z
batch_0005,order_00011840,order_00010712,ETH-USD,1845.49,248,2026-01-01T03:17:19Z
batch_0005,order_00008534,order_00010712,ETH-USD,1845.49,245,2026-01-01T02:58:31Z
batch_0005,order_00008534,order_00006996,ETH-USD,1845.53,259,2026-01-01T02:22:13Z
batch_0005,order_00013012,order_00006996,ETH-USD,1845.53,22,2026-01-01T03:36:51Z
batch_0005,order_00009159,order_00006996,ETH-USD,1845.53,174,2026-01-01T02:32:38Z
batch_0005,order_00009159,order_00009155,ETH-USD,1845.54,7,2026-01-01T02:32:38Z
batch_0005,order_00015181,order_00009155,ETH-USD,1845.54,508,2026-01-01T04:13:00Z
batch_0005,order_00015118,order_00009155,ETH-USD,1845.54,242,2026-01-01T04:11:57Z
batch_0005,order_00012043,order_00009155,ETH-USD,1845.54,44,2026-01-01T03:20:42Z
batch_0005,order_00012043,order_00015246,ETH-USD,1845.6,137,2026-01-01T04:14:05Z
batch_0005,order_00012043,order_00010838,ETH-USD,1845.69,399,2026-01-01T03:20:42Z
batch_0005,order_00012043,order_00006966,ETH-USD,1845.81,82,2026-01-01T03:20:42Z
batch_0005,order_00011785,order_00006966,ETH-USD,1845.81,103,2026-01-01T03:16:24Z
batch_0005,order_00011785,order_00016351,ETH-USD,1845.87,793,2026-01-01T04:32:30Z
batch_0005,order_00009231,order_00016351,ETH-USD,1845.87,123,2026-01-01T04:32:30Z
batch_0005,order_00009231,order_00009127,ETH-USD,1845.89,266,2026-01-01T02:33:50Z
batch_0005,order_00010992,order_00009127,ETH-USD,1845.89,188,2026-01-01T03:03:11Z
batch_0005,order_00010992,order_00011684,ETH-USD,1845.94,409,2026-01-01T03:14:43Z
batch_0005,order_00011977,order_00011684,ETH-USD,1845.94,186,2026-01-01T03:19:36Z
batch_0005,order_00011977,order_00011368,ETH-USD,1845.96,384,2026-01-01T03:19:36Z
batch_0005,order_00011977,order_00011578,ETH-USD,1845.99,18,2026-01-01T03:19:36Z
batch_0005,order_00010587,order_00011578,ETH-USD,1845.99,336,2026-01-01T03:12:57Z
batch_0005,order_00010587,order_00012942,ETH-USD,1846.0,12,2026-01-01T03:35:41Z
batch_0005,order_00014146,order_00012942,ETH-USD,1846.0,403,2026-01-01T03:55:45Z
batch_0005,order_00009081,order_00012942,ETH-USD,1846.0,66,2026-01-01T03:35:41Z
batch_0005,order_00009081,order_00011969,ETH-USD,1846.14,285,2026-01-01T03:19:28Z
batch_0005,order_00009063,order_00011969,ETH-USD,1846.14,447,2026-01-01T03:19:28Z
batch_0005,order_00009063,order_00015572,ETH-USD,1846.17,67,2026-01-01T04:19:31Z
batch_0005,order_00012647,order_00015572,ETH-USD,1846.17,532,2026-01-01T04:19:31Z
batch_0005,order_00012647,order_00013134,ETH-USD,1846.32,204,2026-01-01T03:38:53Z
batch_0005,order_00014025,order_00013134,ETH-USD,1846.32,87,2026-01-01T03:53:44Z
batch_0005,order_00014025,order_00015372,ETH-USD,1846.34,323,2026-01-01T04:16:11Z
batch_0005,order_00011292,order_00015372,ETH-USD,1846.34,235,2026-01-01T04:16:11Z
batch_0005,order_00011292,order_00011028,ETH-USD,1846.37,83,2026-01-01T03:08:11Z
batch_0005,order_00011292,order_00013535,ETH-USD,1846.44,354,2026-01-01T03:45:34Z
batch_0005,order_00011292,order_00010115,ETH-USD,1846.46,24,2026-01-01T03:08:11Z
batch_0005,order_00016135,order_00010115,ETH-USD,1846.46,588,2026-01-01T04:28:54Z
batch_0005,order_00011602,order_00010115,ETH-USD,1846.46,272,2026-01-01T03:13:21Z
batch_0005,order_00011602,order_00014696,ETH-USD,1846.51,131,2026-01-01T04:04:55Z
batch_0005,order_00011602,order_00013136,ETH-USD,1846.57,351,2026-01-01T03:38:55Z
batch_0005,order_00015390,order_00013136,ETH-USD,1846.57,497,2026-01-01T04:16:29Z
batch_0005,order_00015390,order_00008824,ETH-USD,1846.73,139,2026-01-01T04:16:29Z
batch_0005,order_00013132,order_00008824,ETH-USD,1846.73,620,2026-01-01T03:38:51Z
batch_0005,order_00013132,order_00012533,ETH-USD,1846.74,143,2026-01-01T03:38:51Z
batch_0005,order_00013132,order_00010550,ETH-USD,1846.77,130,2026-01-01T03:38:51Z
batch_0005,order_00009557,order_00010550,ETH-USD,1846.77,265,2026-01-01T02:55:49Z
batch_0005,order_00007508,order_00010550,ETH-USD,1846.77,462,2026-01-01T02:55:49Z
batch_0005,order_00007508,order_00012868,ETH-USD,1846.9,181,2026-01-01T03:34:27Z
batch_0005,order_00007508,order_00012706,ETH-USD,1846.91,191,2026-01-01T03:31:45Z
batch_0005,order_00007508,order_00015598,ETH-USD,1846.92,45,2026-01-01T04:19:57Z
batch_0005,order_00015406,order_00015598,ETH-USD,1846.92,197,2026-01-01T04:19:57Z
batch_0005,order_00015406,order_00013999,ETH-USD,1846.95,439,2026-01-01T04:16:45Z
batch_0005,order_00013056,order_00013999,ETH-USD,1846.95,135,2026-01-01T03:53:18Z
batch_0005,order_00016143,order_00013999,ETH-USD,1846.95,290,2026-01-01T04:29:02Z
batch_0005,order_00016143,order_00014206,ETH-USD,1846.97,245,2026-01-01T04:29:02Z
batch_0005,order_00010083,order_00014206,ETH-USD,1846.97,262,2026-01-01T03:56:45Z
batch_0005,order_00010083,order_00016126,ETH-USD,1846.97,253,2026-01-01T04:28:45Z
batch_0005,order_00008378,order_00016126,ETH-USD,1846.97,486,2026-01-01T04:28:45Z
batch_0005,order_00008378,order_00013777,ETH-USD,1846.99,126,2026-01-01T03:49:36Z
batch_0005,order_00008378,order_00014581,ETH-USD,1847.04,129,2026-01-01T04:03:00Z
batch_0005,order_00009854,order_00014581,ETH-USD,1847.04,201,2026-01-01T04:03:00Z
batch_0005,order_00009854,order_00009188,ETH-USD,1847.07,192,2026-01-01T02:44:13Z
batch_0005,order_00011625,order_00009188,ETH-USD,1847.07,22,2026-01-01T03:13:44Z
batch_0005,order_00011625,order_00014566,ETH-USD,1847.23,179,2026-01-01T04:02:45Z
batch_0005,order_00011625,order_00015860,ETH-USD,1847.24,382,2026-01-01T04:24:19Z
batch_0005,order_00011625,order_00016567,ETH-USD,1847.27,54,2026-01-01T04:36:06Z
batch_0005,order_00011625,order_00010825,ETH-USD,1847.3,7,2026-01-01T03:13:44Z
batch_0005,order_00016595,order_00010825,ETH-USD,1847.3,675,2026-01-01T04:36:34Z
batch_0005,order_00013348,order_00010825,ETH-USD,1847.3,22,2026-01-01T03:42:27Z
batch_0005,order_00008726,order_00010825,ETH-USD,1847.3,128,2026-01-01T03:00:24Z
batch_0005,order_00008726,order_00006756,ETH-USD,1847.31,55,2026-01-01T02:25:25Z
batch_0005,order_00008257,order_00006756,ETH-USD,1847.31,232,2026-01-01T02:17:36Z
batch_0005,order_00015006,order_00006756,ETH-USD,1847.31,320,2026-01-01T04:10:05Z
batch_0005,order_00015006,order_00012718,ETH-USD,1847.37,188,2026-01-01T04:10:05Z
batch_0005,order_00015298,order_00012718,ETH-USD,1847.37,88,2026-01-01T04:14:57Z
batch_0005,order_00015298,order_00014468,ETH-USD,1847.49,722,2026-01-01T04:14:57Z
batch_0005,order_00015298,order_00007187,ETH-USD,1847.63,170,2026-01-01T04:14:57Z
batch_0005,order_00008969,order_00007187,ETH-USD,1847.63,779,2026-01-01T02:29:28Z
batch_0005,order_00008969,order_00009754,ETH-USD,1847.64,144,2026-01-01T02:42:33Z
batch_0005,order_00010933,order_00009754,ETH-USD,1847.64,229,2026-01-01T03:02:12Z
batch_0005,order_00010933,order_00011450,ETH-USD,1847.75,404,2026-01-01T03:10:49Z
batch_0005,order_00011527,order_00011450,ETH-USD,1847.75,369,2026-01-01T03:12:06Z
batch_0005,order_00011865,order_00011450,ETH-USD,1847.75,130,2026-01-01T03:17:44Z
batch_0005,order_00011865,order_00010388,ETH-USD,1847.88,353,2026-01-01T03:17:44Z
batch_0005,order_00011865,order_00011821,ETH-USD,1847.89,170,2026-01-01T03:17:44Z
batch_0005,order_00014133,order_00011821,ETH-USD,1847.89,99,2026-01-01T03:55:32Z
batch_0005,order_00014857,order_00011821,ETH-USD,1847.89,194,2026-01-01T04:07:36Z
batch_0005,order_00014857,order_00016428,ETH-USD,1847.9,1,2026-01-01T04:33:47Z
batch_0005,order_00014560,order_00016428,ETH-USD,1847.9,366,2026-01-01T04:33:47Z
batch_0005,order_00015871,order_00016428,ETH-USD,1847.9,104,2026-01-01T04:33:47Z
batch_0005,order_00015871,order_00015164,ETH-USD,1848.2,718,2026-01-01T04:24:30Z
batch_0005,order_00012420,order_00015164,ETH-USD,1848.2,154,2026-01-01T04:12:43Z
batch_0005,order_00012420,order_00013569,ETH-USD,1848.25,325,2026-01-01T03:46:08Z
batch_0005,order_00013913,order_00013569,ETH-USD,1848.25,339,2026-01-01T03:51:52Z
batch_0005,order_00013913,order_00012788,ETH-USD,1848.29,121,2026-01-01T03:51:52Z
batch_0005,order_00013913,order_00015726,ETH-USD,1848.31,80,2026-01-01T04:22:05Z
batch_0005,order_00008420,order_00015726,ETH-USD,1848.31,622,2026-01-01T04:22:05Z
batch_0005,order_00008420,order_00007466,ETH-USD,1848.35,23,2026-01-01T02:20:19Z
batch_0005,order_00012700,order_00007466,ETH-USD,1848.35,96,2026-01-01T03:31:39Z
batch_0005,order_00012700,order_00008587,ETH-USD,1848.61,373,2026-01-01T03:31:39Z
batch_0005,order_00007725,order_00008587,ETH-USD,1848.61,113,2026-01-01T02:23:06Z
batch_0005,order_00009053,order_00008587,ETH-USD,1848.61,321,2026-01-01T02:30:52Z
batch_0005,order_00009053,order_00007712,ETH-USD,1848.62,393,2026-01-01T02:30:52Z
batch_0005,order_00009871,order_00007712,ETH-USD,1848.62,143,2026-01-01T02:44:30Z
batch_0005,order_00009871,order_00010647,ETH-USD,1848.74,147,2026-01-01T02:57:26Z
batch_0005,order_00009871,order_00007210,ETH-USD,1848.85,389,2026-01-01T02:44:30Z
batch_0005,order_00009871,order_00014984,ETH-USD,1848.85,87,2026-01-01T04:09:43Z
batch_0005,order_00012011,order_00014984,ETH-USD,1848.85,69,2026-01-01T04:09:43Z
batch_0005,order_00012011,order_00012985,ETH-USD,1848.87,639,2026-01-01T03:36:24Z
batch_0005,order_00011385,order_00012985,ETH-USD,1848.87,160,2026-01-01T03:36:24Z
batch_0005,order_00013912,order_00012985,ETH-USD,1848.87,189,2026-01-01T03:51:51Z
batch_0005,order_00013912,order_00013186,ETH-USD,1848.88,50,2026-01-01T03:51:51Z
batch_0005,order_00011155,order_00013186,ETH-USD,1848.88,255,2026-01-01T03:39:45Z
batch_0005,order_00011155,order_00014743,ETH-USD,1848.99,514,2026-01-01T04:05:42Z
batch_0005,order_00008947,order_00014743,ETH-USD,1848.99,27,2026-01-01T04:05:42Z
batch_0005,order_00008947,order_00014141,ETH-USD,1849.02,24,2026-01-01T03:55:40Z
batch_0005,order_00008947,order_00009458,ETH-USD,1849.05,76,2026-01-01T02:37:37Z
batch_0005,order_00011022,order_00009458,ETH-USD,1849.05,234,2026-01-01T03:03:41Z
batch_0005,order_00011022,order_00010544,ETH-USD,1849.07,72,2026-01-01T03:03:41Z
batch_0005,order_00012935,order_00010544,ETH-USD,1849.07,551,2026-01-01T03:35:34Z
batch_0005,order_00011312,order_00010544,ETH-USD,1849.07,87,2026-01-01T03:08:31Z
batch_0005,order_00011312,order_00015195,ETH-USD,1849.19,475,2026-01-01T04:13:14Z
batch_0005,order_00011312,order_00009843,ETH-USD,1849.21,288,2026-01-01T03:08:31Z
batch_0005,order_00010436,order_00009843,ETH-USD,1849.21,694,2026-01-01T02:53:55Z
batch_0005,order_00010436,order_00008163,ETH-USD,1849.23,109,2026-01-01T02:53:55Z
batch_0005,order_00010087,order_00008163,ETH-USD,1849.23,4,2026-01-01T02:48:06Z
batch_0005,order_00010087,order_00012455,ETH-USD,1849.24,868,2026-01-01T03:27:34Z
batch_0005,order_00010087,order_00012097,ETH-USD,1849.32,84,2026-01-01T03:21:36Z
batch_0005,order_00007129,order_00012097,ETH-USD,1849.32,296,2026-01-01T03:21:36Z
batch_0005,order_00015087,order_00012097,ETH-USD,1849.32,177,2026-01-01T04:11:26Z
batch_0005,order_00015087,order_00014137,ETH-USD,1849.38,135,2026-01-01T04:11:26Z
batch_0005,order_00015087,order_00013024,ETH-USD,1849.73,220,2026-01-01T04:11:26Z
batch_0005,order_00010136,order_00013024,ETH-USD,1849.73,204,2026-01-01T03:37:03Z
batch_0005,order_00010136,order_00008407,ETH-USD,1849.96,645,2026-01-01T02:48:55Z
batch_0005,order_00007135,order_00008407,ETH-USD,1849.96,186,2026-01-01T02:20:06Z
batch_0005,order_00007135,order_00008162,ETH-USD,1850.0,22,2026-01-01T02:16:01Z
batch_0005,order_00008761,order_00008162,ETH-USD,1850.0,440,2026-01-01T02:26:00Z
batch_0005,order_00011370,order_00008162,ETH-USD,1850.0,16,2026-01-01T03:09:29Z
batch_0005,order_00011370,order_00015075,ETH-USD,1850.05,768,2026-01-01T04:11:14Z
batch_0005,order_00011370,order_00013878,ETH-USD,1850.06,60,2026-01-01T03:51:17Z
batch_0005,order_00014435,order_00013878,ETH-USD,1850.06,85,2026-01-01T04:00:34Z
batch_0005,order_00014435,order_00013257,ETH-USD,1850.15,168,2026-01-01T04:00:34Z
batch_0005,order_00007212,order_00013257,ETH-USD,1850.15,273,2026-01-01T03:40:56Z
batch_0005,order_00007212,order_00009278,ETH-USD,1850.18,18,2026-01-01T02:34:37Z
batch_0005,order_00013555,order_00009278,ETH-USD,1850.18,88,2026-01-01T03:45:54Z
batch_0005,order_00013555,order_00009248,ETH-USD,1850.28,306,2026-01-01T03:45:54Z
batch_0005,order_00012339,order_00009248,ETH-USD,1850.28,398,2026-01-01T03:25:38Z
batch_0005,order_00012339,order_00008888,ETH-USD,1850.43,53,2026-01-01T03:25:38Z
batch_0005,order_00012339,order_00007403,ETH-USD,1850.6,154,2026-01-01T03:25:38Z
batch_0005,order_00010693,order_00007403,ETH-USD,1850.6,121,2026-01-01T02:58:12Z
batch_0005,order_00010693,order_00013449,ETH-USD,1850.72,372,2026-01-01T03:44:08Z
batch_0005,order_00010693,order_00011701,ETH-USD,1850.73,197,2026-01-01T03:15:00Z
batch_0005,order_00016124,order_00011701,ETH-USD,1850.73,16,2026-01-01T04:28:43Z
batch_0005,order_00008646,order_00011701,ETH-USD,1850.73,2,2026-01-01T03:15:00Z
batch_0005,order_00015528,order_00011701,ETH-USD,1850.73,12,2026-01-01T04:18:47Z
batch_0005,order_00015528,order_00012185,ETH-USD,1850.8,24,2026-01-01T04:18:47Z
batch_0005,order_00008284,order_00012185,ETH-USD,1850.8,27,2026-01-01T03:23:04Z
batch_0005,order_00013980,order_00012185,ETH-USD,1850.8,597,2026-01-01T03:52:59Z
batch_0005,order_00013980,order_00006629,ETH-USD,1850.87,275,2026-01-01T03:52:59Z
batch_0005,order_00007379,order_00006629,ETH-USD,1850.87,459,2026-01-01T02:02:58Z
batch_0005,order_00012710,order_00006629,ETH-USD,1850.87,250,2026-01-01T03:31:49Z
batch_0005,order_00012710,order_00007486,ETH-USD,1850.87,187,2026-01-01T03:31:49Z
batch_0005,order_00012710,order_00010556,ETH-USD,1850.88,358,2026-01-01T03:31:49Z
batch_0005,order_00012240,order_00010556,ETH-USD,1850.88,527,2026-01-01T03:23:59Z
batch_0005,order_00012240,order_00014751,ETH-USD,1851.05,171,2026-01-01T04:05:50Z
batch_0005,order_00011008,order_00014751,ETH-USD,1851.05,285,2026-01-01T04:05:50Z
batch_0005,order_00011008,order_00013531,ETH-USD,1851.09,114,2026-01-01T03:45:30Z
batch_0005,order_00011008,order_00010975,ETH-USD,1851.27,186,2026-01-01T03:03:27Z
batch_0005,order_00008137,order_00010975,ETH-USD,1851.27,349,2026-01-01T03:02:54Z
batch_0005,order_00012518,order_00010975,ETH-USD,1851.27,226,2026-01-01T03:28:37Z
batch_0005,order_00012518,order_00010566,ETH-USD,1851.29,393,2026-01-01T03:28:37Z
batch_0005,order_00012518,order_00006829,ETH-USD,1851.31,279,2026-01-01T03:28:37Z
batch_0005,order_00008382,order_00006829,ETH-USD,1851.31,135,2026-01-01T02:19:41Z
batch_0005,order_00006626,order_00006829,ETH-USD,1851.31,361,2026-01-01T01:53:48Z
batch_0005,order_00009281,order_00006829,ETH-USD,1851.31,161,2026-01-01T02:34:40Z
batch_0005,order_00009281,order_00007762,ETH-USD,1851.31,117,2026-01-01T02:34:40Z
batch_0005,order_00008671,order_00007762,ETH-USD,1851.31,58,2026-01-01T02:24:30Z
batch_0005,order_00008671,order_00009585,ETH-USD,1851.4,546,2026-01-01T02:39:44Z
batch_0005,order_00008671,order_00013757,ETH-USD,1851.54,264,2026-01-01T03:49:16Z
batch_0005,order_00014389,order_00013757,ETH-USD,1851.54,702,2026-01-01T03:59:48Z
batch_0005,order_00014389,order_00010779,ETH-USD,1851.57,42,2026-01-01T03:59:48Z
batch_0005,order_00014389,order_00006786,ETH-USD,1851.58,7,2026-01-01T03:59:48Z
batch_0005,order_00015137,order_00006786,ETH-USD,1851.58,300,2026-01-01T04:12:16Z
batch_0005,order_00006624,order_00006786,ETH-USD,1851.58,76,2026-01-01T01:53:05Z
batch_0005,order_00006624,order_00008763,ETH-USD,1851.6,138,2026-01-01T02:26:02Z
batch_0005,order_00006624,order_00014131,ETH-USD,1851.68,35,2026-01-01T03:55:30Z
batch_0005,order_00011245,order_00014131,ETH-USD,1851.68,482,2026-01-01T03:55:30Z
batch_0005,order_00015703,order_00014131,ETH-USD,1851.68,161,2026-01-01T04:21:42Z
batch_0005,order_00015703,order_00009762,ETH-USD,1851.72,636,2026-01-01T04:21:42Z
batch_0005,order_00015703,order_00010371,ETH-USD,1851.74,71,2026-01-01T04:21:42Z
batch_0005,order_00013782,order_00010371,ETH-USD,1851.74,715,2026-01-01T03:49:41Z
batch_0005,order_00015672,order_00010371,ETH-USD,1851.74,151,2026-01-01T04:21:11Z
batch_0005,order_00015672,order_00012133,ETH-USD,1851.75,89,2026-01-01T04:21:11Z
batch_0005,order_00014439,order_00012133,ETH-USD,1851.75,34,2026-01-01T04:00:38Z
batch_0005,order_00014439,order_00013214,ETH-USD,1851.93,420,2026-01-01T04:00:38Z
batch_0005,order_00014439,order_00012636,ETH-USD,1852.0,164,2026-01-01T04:00:38Z
batch_0005,order_00006951,order_00012636,ETH-USD,1852.0,44,2026-01-01T03:30:35Z
batch_0005,order_00006951,order_00007901,ETH-USD,1852.02,236,2026-01-01T02:11:40Z
batch_0005,order_00007600,order_00007901,ETH-USD,1852.02,629,2026-01-01T02:11:40Z
batch_0005,order_00007600,order_00008361,ETH-USD,1852.02,137,2026-01-01T02:19:20Z
batch_0005,order_00014587,order_00008361,ETH-USD,1852.02,318,2026-01-01T04:03:06Z
batch_0005,order_00007125,order_00008361,ETH-USD,1852.02,253,2026-01-01T02:19:20Z
batch_0005,order_00008715,order_00008361,ETH-USD,1852.02,116,2026-01-01T02:25:14Z
batch_0005,order_00011796,order_00008361,ETH-USD,1852.02,150,2026-01-01T03:16:35Z
batch_0005,order_00011796,order_00009049,ETH-USD,1852.02,108,2026-01-01T03:16:35Z
batch_0005,order_00011796,order_00014070,ETH-USD,1852.02,394,2026-01-01T03:54:29Z
batch_0005,order_00015792,order_00014070,ETH-USD,1852.02,245,2026-01-01T04:23:11Z
batch_0005,order_00015792,order_00011784,ETH-USD,1852.05,142,2026-01-01T04:23:11Z
batch_0005,order_00015792,order_00014903,ETH-USD,1852.1,352,2026-01-01T04:23:11Z
batch_0005,order_00006922,order_00014903,ETH-USD,1852.1,301,2026-01-01T04:08:22Z
batch_0005,order_00006922,order_00007103,ETH-USD,1852.2,561,2026-01-01T01:58:22Z
batch_0005,order_00012369,order_00007103,ETH-USD,1852.2,41,2026-01-01T03:26:08Z
batch_0005,order_00012369,order_00012690,ETH-USD,1852.23,464,2026-01-01T03:31:29Z
batch_0005,order_00012369,order_00012232,ETH-USD,1852.3,347,2026-01-01T03:26:08Z
batch_0005,order_00010086,order_00012232,ETH-USD,1852.3,95,2026-01-01T03:23:51Z
batch_0005,order_00016172,order_00012232,ETH-USD,1852.3,40,2026-01-01T04:29:31Z
batch_0005,order_00016172,order_00007383,ETH-USD,1852.4,75,2026-01-01T04:29:31Z
batch_0005,order_00016172,order_00010553,ETH-USD,1852.45,5,2026-01-01T04:29:31Z
batch_0005,order_00016172,order_00011891,ETH-USD,1852.73,620,2026-01-01T04:29:31Z
batch_0005,order_00016172,order_00007705,ETH-USD,1852.86,30,2026-01-01T04:29:31Z
batch_0005,order_00011700,order_00007705,ETH-USD,1852.86,607,2026-01-01T03:14:59Z
batch_0005,order_00016079,order_00007705,ETH-USD,1852.86,44,2026-01-01T04:27:58Z
batch_0005,order_00016079,order_00006659,ETH-USD,1852.96,482,2026-01-01T04:27:58Z
batch_0005,order_00016079,order_00011306,ETH-USD,1852.96,336,2026-01-01T04:27:58Z
batch_0005,order_00011619,order_00011306,ETH-USD,1852.96,47,2026-01-01T03:13:38Z
batch_0005,order_00011619,order_00008028,ETH-USD,1852.97,427,2026-01-01T03:13:38Z
batch_0005,order_00010677,order_00008028,ETH-USD,1852.97,225,2026-01-01T02:57:56Z
batch_0005,order_00010677,order_00007823,ETH-USD,1853.04,163,2026-01-01T02:57:56Z
batch_0005,order_00011994,order_00007823,ETH-USD,1853.04,150,2026-01-01T03:19:53Z
batch_0005,order_00011994,order_00010044,ETH-USD,1853.04,282,2026-01-01T03:19:53Z
batch_0005,order_00016455,order_00010044,ETH-USD,1853.04,160,2026-01-01T04:34:14Z
batch_0005,order_00012562,order_00010044,ETH-USD,1853.04,102,2026-01-01T03:29:21Z
batch_0005,order_00012562,order_00006891,ETH-USD,1853.12,430,2026-01-01T03:29:21Z
batch_0005,order_00012563,order_00006891,ETH-USD,1853.12,447,2026-01-01T03:29:22Z
batch_0005,order_00012563,order_00007411,ETH-USD,1853.23,306,2026-01-01T03:29:22Z
batch_0005,order_00012826,order_00007411,ETH-USD,1853.23,308,2026-01-01T03:33:45Z
batch_0005,order_00012826,order_00010652,ETH-USD,1853.23,367,2026-01-01T03:33:45Z
batch_0005,order_00016591,order_00010652,ETH-USD,1853.23,261,2026-01-01T04:36:30Z
batch_0005,order_00013549,order_00010652,ETH-USD,1853.23,292,2026-01-01T03:45:48Z
batch_0005,order_00013549,order_00015818,ETH-USD,1853.23,390,2026-01-01T04:23:37Z
batch_0005,order_00013549,order_00007966,ETH-USD,1853.27,118,2026-01-01T03:45:48Z
batch_0005,order_00015384,order_00007966,ETH-USD,1853.27,4,2026-01-01T04:16:23Z
batch_0005,order_00015139,order_00007966,ETH-USD,1853.27,608,2026-01-01T04:12:18Z
batch_0005,order_00015139,order_00011525,ETH-USD,1853.3,55,2026-01-01T04:12:18Z
batch_0005,order_00008973,order_00011525,ETH-USD,1853.3,91,2026-01-01T03:12:04Z
batch_0005,order_00008973,order_00010875,ETH-USD,1853.35,519,2026-01-01T03:01:14Z
batch_0005,order_00006647,order_00010875,ETH-USD,1853.35,377,2026-01-01T03:01:14Z
batch_0005,order_00006647,order_00008167,ETH-USD,1853.4,496,2026-01-01T02:16:06Z
batch_0005,order_00006647,order_00016293,ETH-USD,1853.4,98,2026-01-01T04:31:32Z
batch_0005,order_00010524,order_00016293,ETH-USD,1853.4,465,2026-01-01T04:31:32Z
batch_0005,order_00010524,order_00008948,ETH-USD,1853.41,269,2026-01-01T02:55:23Z
batch_0005,order_00010524,order_00013662,ETH-USD,1853.43,86,2026-01-01T03:47:41Z
batch_0005,order_00012611,order_00013662,ETH-USD,1853.43,26,2026-01-01T03:47:41Z
batch_0005,order_00012611,order_00007392,ETH-USD,1853.58,543,2026-01-01T03:30:10Z
batch_0005,order_00012611,order_00009126,ETH-USD,1853.6,373,2026-01-01T03:30:10Z
batch_0005,order_00015303,order_00009126,ETH-USD,1853.6,24,2026-01-01T04:15:02Z
batch_0005,order_00015303,order_00010015,ETH-USD,1853.65,124,2026-01-01T04:15:02Z
batch_0005,order_00007881,order_00010015,ETH-USD,1853.65,352,2026-01-01T02:46:54Z
batch_0005,order_00007881,order_00012218,ETH-USD,1853.91,57,2026-01-01T03:23:37Z
batch_0005,order_00007881,order_00010381,ETH-USD,1853.93,476,2026-01-01T02:53:00Z
batch_0005,order_00009784,order_00010381,ETH-USD,1853.93,150,2026-01-01T02:53:00Z
batch_0005,order_00012645,order_00010381,ETH-USD,1853.93,111,2026-01-01T03:30:44Z
batch_0005,order_00015051,order_00010381,ETH-USD,1853.93,234,2026-01-01T04:10:50Z
batch_0005,order_00015051,order_00014746,ETH-USD,1853.96,293,2026-01-01T04:10:50Z
batch_0005,order_00015051,order_00012544,ETH-USD,1853.98,402,2026-01-01T04:10:50Z
batch_0005,order_00011848,order_00012544,ETH-USD,1853.98,145,2026-01-01T03:29:03Z
batch_0005,order_00015637,order_00012544,ETH-USD,1853.98,84,2026-01-01T04:20:36Z
batch_0005,order_00015637,order_00010690,ETH-USD,1854.09,21,2026-01-01T04:20:36Z
batch_0005,order_00012881,order_00010690,ETH-USD,1854.09,134,2026-01-01T03:34:40Z
batch_0005,order_00009915,order_00010690,ETH-USD,1854.09,103,2026-01-01T02:58:09Z
batch_0005,order_00010344,order_00010690,ETH-USD,1854.09,566,2026-01-01T02:58:09Z
batch_0005,order_00010344,order_00016146,ETH-USD,1854.25,73,2026-01-01T04:29:05Z
batch_0005,order_00010344,order_00007101,ETH-USD,1854.27,29,2026-01-01T02:52:23Z
batch_0005,order_00009329,order_00007101,ETH-USD,1854.27,103,2026-01-01T02:35:28Z
batch_0005,order_00009329,order_00013809,ETH-USD,1854.27,348,2026-01-01T03:50:08Z
batch_0005,order_00012338,order_00013809,ETH-USD,1854.27,400,2026-01-01T03:50:08Z
batch_0005,order_00012338,order_00010734,ETH-USD,1854.28,11,2026-01-01T03:25:37Z
batch_0005,order_00011580,order_00010734,ETH-USD,1854.28,223,2026-01-01T03:12:59Z
batch_0005,order_00008392,order_00010734,ETH-USD,1854.28,91,2026-01-01T02:58:53Z
batch_0005,order_00015325,order_00010734,ETH-USD,1854.28,393,2026-01-01T04:15:24Z
batch_0005,order_00007049,order_00010734,ETH-USD,1854.28,37,2026-01-01T02:58:53Z
batch_0005,order_00007049,order_00010340,ETH-USD,1854.29,449,2026-01-01T02:52:19Z
batch_0005,order_00012151,order_00010340,ETH-USD,1854.29,264,2026-01-01T03:22:30Z
batch_0005,order_00013086,order_00010340,ETH-USD,1854.29,234,2026-01-01T03:38:05Z
batch_0005,order_00013086,order_00013798,ETH-USD,1854.29,602,2026-01-01T03:49:57Z
batch_0005,order_00013086,order_00010950,ETH-USD,1854.32,73,2026-01-01T03:38:05Z
batch_0005,order_00012707,order_00010950,ETH-USD,1854.32,24,2026-01-01T03:31:46Z
batch_0005,order_00011179,order_00010950,ETH-USD,1854.32,325,2026-01-01T03:06:18Z
batch_0005,order_00013801,order_00010950,ETH-USD,1854.32,255,2026-01-01T03:50:00Z
batch_0005,order_00013801,order_00008127,ETH-USD,1854.41,351,2026-01-01T03:50:00Z
batch_0005,order_00007138,order_00008127,ETH-USD,1854.41,157,2026-01-01T02:15:26Z
batch_0005,order_00007138,order_00015513,ETH-USD,1854.56,230,2026-01-01T04:18:32Z
batch_0005,order_00007138,order_00009726,ETH-USD,1854.6,82,2026-01-01T02:42:05Z
batch_0005,order_00009735,order_00009726,ETH-USD,1854.6,242,2026-01-01T02:42:14Z
batch_0005,order_00012724,order_00009726,ETH-USD,1854.6,71,2026-01-01T03:32:03Z
batch_0005,order_00009746,order_00009726,ETH-USD,1854.6,98,2026-01-01T02:42:25Z
batch_0005,order_00008329,order_00009726,ETH-USD,1854.6,482,2026-01-01T02:42:05Z
batch_0005,order_00008329,order_00007329,ETH-USD,1854.69,223,2026-01-01T02:18:48Z
batch_0005,order_00008329,order_00007689,ETH-USD,1854.76,81,2026-01-01T02:18:48Z
batch_0005,order_00012418,order_00007689,ETH-USD,1854.76,287,2026-01-01T03:26:57Z
batch_0005,order_00012418,order_00010135,ETH-USD,1854.96,292,2026-01-01T03:26:57Z
batch_0005,order_00012040,order_00010135,ETH-USD,1854.96,355,2026-01-01T03:20:39Z
batch_0005,order_00013697,order_00010135,ETH-USD,1854.96,257,2026-01-01T03:48:16Z
batch_0005,order_00013697,order_00010549,ETH-USD,1854.96,291,2026-01-01T03:48:16Z
batch_0005,order_00013697,order_00009799,ETH-USD,1855.23,47,2026-01-01T03:48:16Z
batch_0005,order_00013008,order_00009799,ETH-USD,1855.23,693,2026-01-01T03:36:47Z
batch_0005,order_00007790,order_00009799,ETH-USD,1855.23,152,2026-01-01T02:43:18Z
batch_0005,order_00007790,order_00009265,ETH-USD,1855.28,301,2026-01-01T02:34:24Z
batch_0005,order_00007790,order_00006818,ETH-USD,1855.32,176,2026-01-01T02:09:49Z
batch_0005,order_00008136,order_00006818,ETH-USD,1855.32,125,2026-01-01T02:15:35Z
batch_0005,order_00008136,order_00008433,ETH-USD,1855.37,127,2026-01-01T02:20:32Z
batch_0005,order_00013576,order_00008433,ETH-USD,1855.37,6,2026-01-01T03:46:15Z
batch_0005,order_00010203,order_00008433,ETH-USD,1855.37,721,2026-01-01T02:50:02Z
batch_0005,order_00010203,order_00012487,ETH-USD,1855.44,247,2026-01-01T03:28:06Z
batch_0005,order_00010546,order_00012487,ETH-USD,1855.44,159,2026-01-01T03:28:06Z
batch_0005,order_00010546,order_00007162,ETH-USD,1855.48,112,2026-01-01T02:55:45Z
batch_0005,order_00014371,order_00007162,ETH-USD,1855.48,360,2026-01-01T03:59:30Z
batch_0005,order_00014371,order_00007309,ETH-USD,1855.53,14,2026-01-01T03:59:30Z
batch_0005,order_00008826,order_00007309,ETH-USD,1855.53,601,2026-01-01T02:27:05Z
batch_0005,order_00008826,order_00010590,ETH-USD,1855.53,305,2026-01-01T02:56:29Z
batch_0005,order_00015142,order_00010590,ETH-USD,1855.53,548,2026-01-01T04:12:21Z
batch_0005,order_00015142,order_00014045,ETH-USD,1855.85,4,2026-01-01T04:12:21Z
batch_0005,order_00015512,order_00014045,ETH-USD,1855.85,99,2026-01-01T04:18:31Z
batch_0005,order_00010850,order_00014045,ETH-USD,1855.85,476,2026-01-01T03:54:04Z
batch_0005,order_00010850,order_00008695,ETH-USD,1855.88,510,2026-01-01T03:00:49Z
batch_0005,order_00007111,order_00008695,ETH-USD,1855.88,390,2026-01-01T02:24:54Z
batch_0005,order_00007111,order_00009355,ETH-USD,1855.93,463,2026-01-01T02:35:54Z
batch_0005,order_00009233,order_00009355,ETH-USD,1855.93,14,2026-01-01T02:35:54Z
batch_0005,order_00009233,order_00006921,ETH-USD,1855.96,18,2026-01-01T02:33:52Z
batch_0005,order_00009798,order_00006921,ETH-USD,1855.96,149,2026-01-01T02:43:17Z
batch_0005,order_00009524,order_00006921,ETH-USD,1855.96,615,2026-01-01T02:38:43Z
batch_0005,order_00009524,order_00009787,ETH-USD,1856.01,338,2026-01-01T02:43:06Z
batch_0005,order_00016544,order_00009787,ETH-USD,1856.01,207,2026-01-01T04:35:43Z
batch_0005,order_00016544,order_00012579,ETH-USD,1856.06,347,2026-01-01T04:35:43Z
batch_0005,order_00016544,order_00010254,ETH-USD,1856.08,313,2026-01-01T04:35:43Z
batch_0005,order_00008159,order_00010254,ETH-USD,1856.08,425,2026-01-01T02:50:53Z
batch_0005,order_00008159,order_00013822,ETH-USD,1856.17,203,2026-01-01T03:50:21Z
batch_0005,order_00012981,order_00013822,ETH-USD,1856.17,493,2026-01-01T03:50:21Z
batch_0005,order_00012981,order_00015733,ETH-USD,1856.23,200,2026-01-01T04:22:12Z
batch_0005,order_00016348,order_00015733,ETH-USD,1856.23,150,2026-01-01T04:32:27Z
batch_0005,order_00014386,order_00015733,ETH-USD,1856.23,102,2026-01-01T04:22:12Z
batch_0005,order_00008892,order_00015733,ETH-USD,1856.23,418,2026-01-01T04:22:12Z
batch_0005,order_00008892,order_00014405,ETH-USD,1856.3,2,2026-01-01T04:00:04Z
batch_0005,order_00012880,order_00014405,ETH-USD,1856.3,25,2026-01-01T04:00:04Z
batch_0005,order_00010207,order_00014405,ETH-USD,1856.3,776,2026-01-01T04:00:04Z
batch_0005,order_00008692,order_00014405,ETH-USD,1856.3,185,2026-01-01T04:00:04Z
batch_0005,order_00008692,order_00010459,ETH-USD,1856.39,121,2026-01-01T02:54:18Z
batch_0005,order_00008692,order_00014675,ETH-USD,1856.49,117,2026-01-01T04:04:34Z
batch_0005,order_00015291,order_00014675,ETH-USD,1856.49,62,2026-01-01T04:14:50Z
batch_0005,order_00012631,order_00014675,ETH-USD,1856.49,379,2026-01-01T04:04:34Z
batch_0005,order_00014728,order_00014675,ETH-USD,1856.49,438,2026-01-01T04:05:27Z
batch_0005,order_00014728,order_00006869,ETH-USD,1856.54,448,2026-01-01T04:05:27Z
batch_0005,order_00007971,order_00006869,ETH-USD,1856.54,91,2026-01-01T02:12:50Z
batch_0005,order_00007971,order_00008021,ETH-USD,1856.54,101,2026-01-01T02:13:40Z
batch_0005,order_00007971,order_00008221,ETH-USD,1856.6,70,2026-01-01T02:17:00Z
batch_0005,order_00007971,order_00015003,ETH-USD,1856.83,31,2026-01-01T04:10:02Z
batch_0005,order_00014026,order_00015003,ETH-USD,1856.83,9,2026-01-01T04:10:02Z
batch_0005,order_00010066,order_00015003,ETH-USD,1856.83,382,2026-01-01T04:10:02Z
batch_0005,order_00010066,order_00008934,ETH-USD,1856.91,89,2026-01-01T02:47:45Z
batch_0005,order_00010066,order_00015864,ETH-USD,1857.0,35,2026-01-01T04:24:23Z
batch_0005,order_00010066,order_00007088,ETH-USD,1857.12,3,2026-01-01T02:47:45Z
batch_0005,order_00010066,order_00013730,ETH-USD,1857.13,74,2026-01-01T03:48:49Z
batch_0005,order_00010066,order_00014806,ETH-USD,1857.13,136,2026-01-01T04:06:45Z
batch_0005,order_00013623,order_00014806,ETH-USD,1857.13,360,2026-01-01T04:06:45Z
batch_0005,order_00008120,order_00014806,ETH-USD,1857.13,279,2026-01-01T04:06:45Z
batch_0005,order_00008120,order_00012233,ETH-USD,1857.16,580,2026-01-01T03:23:52Z
batch_0005,order_00008214,order_00012233,ETH-USD,1857.16,214,2026-01-01T03:23:52Z
batch_0005,order_00008214,order_00011829,ETH-USD,1857.37,573,2026-01-01T03:17:08Z
batch_0005,order_00012198,order_00011829,ETH-USD,1857.37,76,2026-01-01T03:23:17Z
batch_0005,order_00012198,order_00014337,ETH-USD,1857.55,185,2026-01-01T03:58:56Z
batch_0005,order_00008465,order_00014337,ETH-USD,1857.55,328,2026-01-01T03:58:56Z
batch_0005,order_00013861,order_00014337,ETH-USD,1857.55,134,2026-01-01T03:58:56Z
batch_0005,order_00013861,order_00010092,ETH-USD,1857.63,174,2026-01-01T03:51:00Z
batch_0005,order_00013861,order_00007159,ETH-USD,1857.66,69,2026-01-01T03:51:00Z
batch_0005,order_00009283,order_00007159,ETH-USD,1857.66,790,2026-01-01T02:34:42Z
batch_0005,order_00009283,order_00008332,ETH-USD,1857.73,154,2026-01-01T02:34:42Z
batch_0005,order_00013614,order_00008332,ETH-USD,1857.73,263,2026-01-01T03:46:53Z
batch_0005,order_00013614,order_00013696,ETH-USD,1857.82,384,2026-01-01T03:48:15Z
batch_0005,order_00013355,order_00013696,ETH-USD,1857.82,11,2026-01-01T03:48:15Z
batch_0005,order_00013355,order_00016227,ETH-USD,1857.91,210,2026-01-01T04:30:26Z
batch_0005,order_00013355,order_00009964,ETH-USD,1858.11,193,2026-01-01T03:42:34Z
batch_0005,order_00013355,order_00011999,ETH-USD,1858.34,320,2026-01-01T03:42:34Z
batch_0005,order_00009405,order_00011999,ETH-USD,1858.34,221,2026-01-01T03:19:58Z
batch_0005,order_00009405,order_00007270,ETH-USD,1858.36,536,2026-01-01T02:36:44Z
batch_0005,order_00007409,order_00007270,ETH-USD,1858.36,9,2026-01-01T02:03:28Z
batch_0005,order_00010204,order_00007270,ETH-USD,1858.36,139,2026-01-01T02:50:03Z
batch_0005,order_00010204,order_00009893,ETH-USD,1858.36,560,2026-01-01T02:50:03Z
batch_0005,order_00014383,order_00009893,ETH-USD,1858.36,107,2026-01-01T03:59:42Z
batch_0005,order_00007053,order_00009893,ETH-USD,1858.36,143,2026-01-01T02:44:52Z
batch_0005,order_00007053,order_00007703,ETH-USD,1858.48,169,2026-01-01T02:08:22Z
batch_0005,order_00015868,order_00007703,ETH-USD,1858.48,437,2026-01-01T04:24:27Z
batch_0005,order_00013489,order_00007703,ETH-USD,1858.48,135,2026-01-01T03:44:48Z
batch_0005,order_00013489,order_00014350,ETH-USD,1858.64,222,2026-01-01T03:59:09Z
batch_0005,order_00010320,order_00014350,ETH-USD,1858.64,227,2026-01-01T03:59:09Z
batch_0005,order_00010320,order_00009556,ETH-USD,1858.75,55,2026-01-01T02:51:59Z
batch_0005,order_00013210,order_00009556,ETH-USD,1858.75,784,2026-01-01T03:40:09Z
batch_0005,order_00008791,order_00009556,ETH-USD,1858.75,66,2026-01-01T02:39:15Z
batch_0005,order_00008791,order_00009308,ETH-USD,1858.81,648,2026-01-01T02:35:07Z
batch_0005,order_00008791,order_00006919,ETH-USD,1858.86,3,2026-01-01T02:26:30Z
batch_0005,order_00007665,order_00006919,ETH-USD,1858.86,274,2026-01-01T02:07:44Z
batch_0005,order_00007665,order_00007385,ETH-USD,1858.94,79,2026-01-01T02:07:44Z
batch_0005,order_00007910,order_00007385,ETH-USD,1858.94,82,2026-01-01T02:11:49Z
batch_0005,order_00012815,order_00007385,ETH-USD,1858.94,30,2026-01-01T03:33:34Z
batch_0005,order_00012815,order_00010610,ETH-USD,1858.94,173,2026-01-01T03:33:34Z
batch_0005,order_00008911,order_00010610,ETH-USD,1858.94,3,2026-01-01T02:56:49Z
batch_0005,order_00012392,order_00010610,ETH-USD,1858.94,72,2026-01-01T03:26:31Z
batch_0005,order_00006973,order_00010610,ETH-USD,1858.94,11,2026-01-01T02:56:49Z
batch_0005,order_00006973,order_00012129,ETH-USD,1858.97,250,2026-01-01T03:22:08Z
batch_0005,order_00006973,order_00013286,ETH-USD,1859.07,518,2026-01-01T03:41:25Z
batch_0005,order_00014991,order_00013286,ETH-USD,1859.07,181,2026-01-01T04:09:50Z
batch_0005,order_00008803,order_00013286,ETH-USD,1859.07,140,2026-01-01T03:41:25Z
batch_0005,order_00008803,order_00014453,ETH-USD,1859.21,590,2026-01-01T04:00:52Z
batch_0005,order_00008803,order_00011993,ETH-USD,1859.42,181,2026-01-01T03:19:52Z
batch_0005,order_00007128,order_00011993,ETH-USD,1859.42,415,2026-01-01T03:19:52Z
batch_0005,order_00008012,order_00011993,ETH-USD,1859.42,201,2026-01-01T03:19:52Z
batch_0005,order_00013552,order_00011993,ETH-USD,1859.42,186,2026-01-01T03:45:51Z
batch_0005,order_00013552,order_00016341,ETH-USD,1859.42,328,2026-01-01T04:32:20Z
batch_0005,order_00007289,order_00016341,ETH-USD,1859.42,312,2026-01-01T04:32:20Z
batch_0005,order_00007289,order_00007708,ETH-USD,1859.56,164,2026-01-01T02:08:27Z
batch_0005,order_00007289,order_00009353,ETH-USD,1859.78,133,2026-01-01T02:35:52Z
batch_0005,order_00007289,order_00015935,ETH-USD,1859.87,19,2026-01-01T04:25:34Z
batch_0005,order_00013084,order_00015935,ETH-USD,1859.87,80,2026-01-01T04:25:34Z
batch_0005,order_00007399,order_00015935,ETH-USD,1859.87,123,2026-01-01T04:25:34Z
batch_0005,order_00007399,order_00012536,ETH-USD,1859.88,21,2026-01-01T03:28:55Z
batch_0005,order_00012614,order_00012536,ETH-USD,1859.88,287,2026-01-01T03:30:13Z
batch_0005,order_00012614,order_00012825,ETH-USD,1860.01,499,2026-01-01T03:33:44Z
batch_0005,order_00008400,order_00012825,ETH-USD,1860.01,123,2026-01-01T03:33:44Z
batch_0005,order_00010258,order_00012825,ETH-USD,1860.01,100,2026-01-01T03:33:44Z
batch_0005,order_00010258,order_00011957,ETH-USD,1860.03,29,2026-01-01T03:19:16Z
batch_0005,order_00010258,order_00011427,ETH-USD,1860.19,193,2026-01-01T03:10:26Z
batch_0005,order_00010614,order_00011427,ETH-USD,1860.19,49,2026-01-01T03:10:26Z
batch_0005,order_00008592,order_00011427,ETH-USD,1860.19,323,2026-01-01T03:10:26Z
batch_0005,order_00012064,order_00011427,ETH-USD,1860.19,47,2026-01-01T03:21:03Z
batch_0005,order_00012064,order_00013821,ETH-USD,1860.41,936,2026-01-01T03:50:20Z
batch_0005,order_00012209,order_00013821,ETH-USD,1860.41,4,2026-01-01T03:50:20Z
batch_0005,order_00012209,order_00009563,ETH-USD,1860.45,558,2026-01-01T03:23:28Z
batch_0005,order_00012209,order_00015263,ETH-USD,1860.57,248,2026-01-01T04:14:22Z
batch_0005,order_00012209,order_00006716,ETH-USD,1860.62,13,2026-01-01T03:23:28Z
batch_0005,order_00012209,order_00007401,ETH-USD,1860.62,128,2026-01-01T03:23:28Z
batch_0005,order_00011383,order_00007401,ETH-USD,1860.62,407,2026-01-01T03:09:42Z
batch_0005,order_00007020,order_00007401,ETH-USD,1860.62,311,2026-01-01T02:03:20Z
batch_0005,order_00007020,order_00007036,ETH-USD,1860.63,83,2026-01-01T01:57:15Z
batch_0005,order_00012322,order_00007036,ETH-USD,1860.63,277,2026-01-01T03:25:21Z
batch_0005,order_00010346,order_00007036,ETH-USD,1860.63,472,2026-01-01T02:52:25Z
batch_0005,order_00010346,order_00008320,ETH-USD,1860.68,436,2026-01-01T02:52:25Z
batch_0005,order_00015343,order_00008320,ETH-USD,1860.68,31,2026-01-01T04:15:42Z
batch_0005,order_00015343,order_00014512,ETH-USD,1860.74,26,2026-01-01T04:15:42Z
batch_0005,order_00011521,order_00014512,ETH-USD,1860.74,480,2026-01-01T04:01:51Z
batch_0005,order_00012699,order_00014512,ETH-USD,1860.74,332,2026-01-01T04:01:51Z
batch_0005,order_00012699,order_00012764,ETH-USD,1860.84,326,2026-01-01T03:32:43Z
batch_0005,order_00007351,order_00012764,ETH-USD,1860.84,293,2026-01-01T03:32:43Z
batch_0005,order_00012006,order_00012764,ETH-USD,1860.84,67,2026-01-01T03:32:43Z
batch_0005,order_00014876,order_00012764,ETH-USD,1860.84,16,2026-01-01T04:07:55Z
batch_0005,order_00014876,order_00007666,ETH-USD,1860.9,83,2026-01-01T04:07:55Z
batch_0005,order_00008925,order_00007666,ETH-USD,1860.9,14,2026-01-01T02:28:44Z
batch_0005,order_00016479,order_00007666,ETH-USD,1860.9,569,2026-01-01T04:34:38Z
batch_0005,order_00016479,order_00007483,ETH-USD,1860.94,202,2026-01-01T04:34:38Z
batch_0005,order_00007656,order_00007483,ETH-USD,1860.94,174,2026-01-01T02:07:35Z
batch_0005,order_00007656,order_00016225,ETH-USD,1861.37,613,2026-01-01T04:30:24Z
batch_0005,order_00007656,order_00008132,ETH-USD,1861.43,23,2026-01-01T02:15:31Z
batch_0005,order_00010860,order_00008132,ETH-USD,1861.43,677,2026-01-01T03:00:59Z
batch_0005,order_00010860,order_00009480,ETH-USD,1861.48,46,2026-01-01T03:00:59Z
batch_0005,order_00014777,order_00009480,ETH-USD,1861.48,40,2026-01-01T04:06:16Z
batch_0005,order_00014777,order_00011365,ETH-USD,1861.55,308,2026-01-01T04:06:16Z
batch_0005,order_00012307,order_00011365,ETH-USD,1861.55,5,2026-01-01T03:25:06Z
batch_0005,order_00012307,order_00014247,ETH-USD,1861.57,449,2026-01-01T03:57:26Z
batch_0005,order_00010983,order_00014247,ETH-USD,1861.57,332,2026-01-01T03:57:26Z
batch_0005,order_00010709,order_00014247,ETH-USD,1861.57,20,2026-01-01T03:57:26Z
batch_0005,order_00010709,order_00006880,ETH-USD,1861.67,331,2026-01-01T02:58:28Z
batch_0005,order_00013366,order_00006880,ETH-USD,1861.67,125,2026-01-01T03:42:45Z
batch_0005,order_00013366,order_00013471,ETH-USD,1861.82,34,2026-01-01T03:44:30Z
batch_0005,order_00013366,order_00013483,ETH-USD,1861.83,39,2026-01-01T03:44:42Z
batch_0005,order_00015831,order_00013483,ETH-USD,1861.83,303,2026-01-01T04:23:50Z
batch_0005,order_00011846,order_00013483,ETH-USD,1861.83,75,2026-01-01T03:44:42Z
batch_0005,order_00008455,order_00013483,ETH-USD,1861.83,226,2026-01-01T03:44:42Z
batch_0005,order_00008455,order_00010893,ETH-USD,1861.88,82,2026-01-01T03:01:32Z
batch_0005,order_00012715,order_00010893,ETH-USD,1861.88,686,2026-01-01T03:31:54Z
batch_0005,order_00012715,order_00010306,ETH-USD,1861.93,194,2026-01-01T03:31:54Z
batch_0005,order_00011803,order_00010306,ETH-USD,1861.93,170,2026-01-01T03:16:42Z
batch_0005,order_00012758,order_00010306,ETH-USD,1861.93,324,2026-01-01T03:32:37Z
batch_0005,order_00012758,order_00013953,ETH-USD,1862.03,485,2026-01-01T03:52:32Z
batch_0005,order_00016436,order_00013953,ETH-USD,1862.03,118,2026-01-01T04:33:55Z
batch_0005,order_00016436,order_00014102,ETH-USD,1862.07,369,2026-01-01T04:33:55Z
batch_0005,order_00016436,order_00012265,ETH-USD,1862.28,508,2026-01-01T04:33:55Z
batch_0005,order_00007571,order_00012265,ETH-USD,1862.28,48,2026-01-01T03:24:24Z
batch_0005,order_00007571,order_00012755,ETH-USD,1862.29,69,2026-01-01T03:32:34Z
batch_0005,order_00010076,order_00012755,ETH-USD,1862.29,286,2026-01-01T03:32:34Z
batch_0005,order_00009759,order_00012755,ETH-USD,1862.29,530,2026-01-01T03:32:34Z
batch_0005,order_00011606,order_00012755,ETH-USD,1862.29,45,2026-01-01T03:32:34Z
batch_0005,order_00011606,order_00007504,ETH-USD,1862.31,428,2026-01-01T03:13:25Z
batch_0005,order_00007393,order_00007504,ETH-USD,1862.31,404,2026-01-01T02:05:03Z
batch_0005,order_00007393,order_00013985,ETH-USD,1862.33,63,2026-01-01T03:53:04Z
batch_0005,order_00007393,order_00012625,ETH-USD,1862.42,127,2026-01-01T03:30:24Z
batch_0005,order_00007393,order_00011946,ETH-USD,1862.47,103,2026-01-01T03:19:05Z
batch_0005,order_00015283,order_00011946,ETH-USD,1862.47,391,2026-01-01T04:14:42Z
batch_0005,order_00006777,order_00011946,ETH-USD,1862.47,431,2026-01-01T03:19:05Z
batch_0005,order_00011736,order_00011946,ETH-USD,1862.47,52,2026-01-01T03:19:05Z
batch_0005,order_00011736,order_00012026,ETH-USD,1862.49,369,2026-01-01T03:20:25Z
batch_0005,order_00011736,order_00013945,ETH-USD,1862.51,144,2026-01-01T03:52:24Z
batch_0005,order_00015861,order_00013945,ETH-USD,1862.51,564,2026-01-01T04:24:20Z
batch_0005,order_00015861,order_00015684,ETH-USD,1862.55,168,2026-01-01T04:24:20Z
batch_0005,order_00013387,order_00015684,ETH-USD,1862.55,622,2026-01-01T04:21:23Z
batch_0005,order_00014693,order_00015684,ETH-USD,1862.55,52,2026-01-01T04:21:23Z
batch_0005,order_00014693,order_00015870,ETH-USD,1862.55,417,2026-01-01T04:24:29Z
batch_0005,order_00008018,order_00015870,ETH-USD,1862.55,501,2026-01-01T04:24:29Z
batch_0005,order_00008018,order_00011573,ETH-USD,1862.65,259,2026-01-01T03:12:52Z
batch_0005,order_00009540,order_00011573,ETH-USD,1862.65,21,2026-01-01T03:12:52Z
batch_0005,order_00009540,order_00008425,ETH-USD,1862.68,141,2026-01-01T02:38:59Z
batch_0005,order_00012885,order_00008425,ETH-USD,1862.68,675,2026-01-01T03:34:44Z
batch_0005,order_00007983,order_00008425,ETH-USD,1862.68,39,2026-01-01T02:20:24Z
batch_0005,order_00007983,order_00007677,ETH-USD,1862.71,193,2026-01-01T02:13:02Z
batch_0005,order_00007044,order_00007677,ETH-USD,1862.71,684,2026-01-01T02:07:56Z
batch_0005,order_00007044,order_00011409,ETH-USD,1862.71,186,2026-01-01T03:10:08Z
batch_0005,order_00009117,order_00011409,ETH-USD,1862.71,99,2026-01-01T03:10:08Z
batch_0005,order_00009117,order_00012187,ETH-USD,1862.85,188,2026-01-01T03:23:06Z
batch_0005,order_00012337,order_00012187,ETH-USD,1862.85,9,2026-01-01T03:25:36Z
batch_0005,order_00012450,order_00012187,ETH-USD,1862.85,477,2026-01-01T03:27:29Z
batch_0005,order_00011614,order_00012187,ETH-USD,1862.85,54,2026-01-01T03:23:06Z
batch_0005,order_00011614,order_00014134,ETH-USD,1863.02,240,2026-01-01T03:55:33Z
batch_0005,order_00011614,order_00011399,ETH-USD,1863.03,326,2026-01-01T03:13:33Z
batch_0005,order_00007832,order_00011399,ETH-USD,1863.03,199,2026-01-01T03:09:58Z
batch_0005,order_00007832,order_00015659,ETH-USD,1863.08,629,2026-01-01T04:20:58Z
batch_0005,order_00008703,order_00015659,ETH-USD,1863.08,16,2026-01-01T04:20:58Z
batch_0005,order_00009819,order_00015659,ETH-USD,1863.08,216,2026-01-01T04:20:58Z
batch_0005,order_00009819,order_00012569,ETH-USD,1863.14,204,2026-01-01T03:29:28Z
batch_0005,order_00009819,order_00010802,ETH-USD,1863.22,367,2026-01-01T03:00:01Z
batch_0005,order_00015282,order_00010802,ETH-USD,1863.22,232,2026-01-01T04:14:41Z
batch_0005,order_00014988,order_00010802,ETH-USD,1863.22,47,2026-01-01T04:09:47Z
batch_0005,order_00014988,order_00016506,ETH-USD,1863.25,572,2026-01-01T04:35:05Z
batch_0005,order_00014988,order_00009852,ETH-USD,1863.47,138,2026-01-01T04:09:47Z
batch_0005,order_00010308,order_00009852,ETH-USD,1863.47,607,2026-01-01T02:51:47Z
batch_0005,order_00011927,order_00009852,ETH-USD,1863.47,40,2026-01-01T03:18:46Z
batch_0005,order_00011927,order_00016196,ETH-USD,1863.48,574,2026-01-01T04:29:55Z
batch_0005,order_00012781,order_00016196,ETH-USD,1863.48,39,2026-01-01T04:29:55Z
batch_0005,order_00012781,order_00016267,ETH-USD,1863.49,259,2026-01-01T04:31:06Z
batch_0005,order_00012781,order_00015782,ETH-USD,1863.57,340,2026-01-01T04:23:01Z
batch_0005,order_00007792,order_00015782,ETH-USD,1863.57,484,2026-01-01T04:23:01Z
batch_0005,order_00007792,order_00012805,ETH-USD,1863.69,133,2026-01-01T03:33:24Z
batch_0005,order_00015519,order_00012805,ETH-USD,1863.69,128,2026-01-01T04:18:38Z
batch_0005,order_00011356,order_00012805,ETH-USD,1863.69,294,2026-01-01T03:33:24Z
batch_0005,order_00011356,order_00013539,ETH-USD,1863.73,344,2026-01-01T03:45:38Z
batch_0005,order_00013441,order_00013539,ETH-USD,1863.73,576,2026-01-01T03:45:38Z
batch_0005,order_00013441,order_00006813,ETH-USD,1863.78,66,2026-01-01T03:44:00Z
batch_0005,order_00015614,order_00006813,ETH-USD,1863.78,661,2026-01-01T04:20:13Z
batch_0005,order_00015614,order_00008367,ETH-USD,1863.79,241,2026-01-01T04:20:13Z
batch_0005,order_00007425,order_00008367,ETH-USD,1863.79,219,2026-01-01T02:19:26Z
batch_0005,order_00012901,order_00008367,ETH-USD,1863.79,36,2026-01-01T03:35:00Z
batch_0005,order_00012901,order_00012932,ETH-USD,1863.8,664,2026-01-01T03:35:31Z
batch_0005,order_00012901,order_00015592,ETH-USD,1863.83,164,2026-01-01T04:19:51Z
batch_0005,order_00016125,order_00015592,ETH-USD,1863.83,61,2026-01-01T04:28:44Z
batch_0005,order_00009654,order_00015592,ETH-USD,1863.83,214,2026-01-01T04:19:51Z
batch_0005,order_00009775,order_00015592,ETH-USD,1863.83,212,2026-01-01T04:19:51Z
batch_0005,order_00006896,order_00015592,ETH-USD,1863.83,254,2026-01-01T04:19:51Z
batch_0005,order_00006896,order_00014513,ETH-USD,1863.84,545,2026-01-01T04:01:52Z
batch_0005,order_00006896,order_00009107,ETH-USD,1863.86,70,2026-01-01T02:31:46Z
batch_0005,order_00007865,order_00009107,ETH-USD,1863.86,841,2026-01-01T02:31:46Z
batch_0005,order_00016324,order_00009107,ETH-USD,1863.86,71,2026-01-01T04:32:03Z
batch_0005,order_00016324,order_00008786,ETH-USD,1863.92,232,2026-01-01T04:32:03Z
batch_0005,order_00016258,order_00008786,ETH-USD,1863.92,150,2026-01-01T04:30:57Z
batch_0005,order_00016258,order_00014661,ETH-USD,1863.93,625,2026-01-01T04:30:57Z
batch_0005,order_00012761,order_00014661,ETH-USD,1863.93,334,2026-01-01T04:04:20Z
batch_0005,order_00012761,order_00013468,ETH-USD,1863.99,651,2026-01-01T03:44:27Z
batch_0005,order_00013110,order_00013468,ETH-USD,1863.99,101,2026-01-01T03:44:27Z
batch_0005,order_00013110,order_00007603,ETH-USD,1864.01,259,2026-01-01T03:38:29Z
batch_0005,order_00010153,order_00007603,ETH-USD,1864.01,247,2026-01-01T02:49:12Z
batch_0005,order_00006826,order_00007603,ETH-USD,1864.01,140,2026-01-01T02:06:42Z
batch_0005,order_00006826,order_00013482,ETH-USD,1864.1,594,2026-01-01T03:44:41Z
batch_0005,order_00012078,order_00013482,ETH-USD,1864.1,51,2026-01-01T03:44:41Z
batch_0005,order_00012078,order_00011465,ETH-USD,1864.31,77,2026-01-01T03:21:17Z
batch_0005,order_00012078,order_00011505,ETH-USD,1864.4,34,2026-01-01T03:21:17Z
batch_0005,order_00012078,order_00007770,ETH-USD,1864.49,324,2026-01-01T03:21:17Z
batch_0005,order_00012078,order_00010818,ETH-USD,1864.57,52,2026-01-01T03:21:17Z
batch_0005,order_00014877,order_00010818,ETH-USD,1864.57,25,2026-01-01T04:07:56Z
batch_0005,order_00014877,order_00010378,ETH-USD,1864.77,618,2026-01-01T04:07:56Z
batch_0005,order_00014877,order_00014828,ETH-USD,1864.81,347,2026-01-01T04:07:56Z
batch_0005,order_00010088,order_00014828,ETH-USD,1864.81,310,2026-01-01T04:07:07Z
batch_0005,order_00015671,order_00014828,ETH-USD,1864.81,26,2026-01-01T04:21:10Z
batch_0005,order_00014851,order_00014828,ETH-USD,1864.81,262,2026-01-01T04:07:30Z
batch_0005,order_00014851,order_00016540,ETH-USD,1864.82,316,2026-01-01T04:35:39Z
batch_0005,order_00012258,order_00016540,ETH-USD,1864.82,183,2026-01-01T04:35:39Z
batch_0005,order_00009076,order_00016540,ETH-USD,1864.82,232,2026-01-01T04:35:39Z
batch_0005,order_00011925,order_00016540,ETH-USD,1864.82,218,2026-01-01T04:35:39Z
batch_0005,order_00011925,order_00014166,ETH-USD,1864.84,427,2026-01-01T03:56:05Z
batch_0005,order_00007186,order_00014166,ETH-USD,1864.84,253,2026-01-01T03:56:05Z
batch_0005,order_00007186,order_00016059,ETH-USD,1865.07,323,2026-01-01T04:27:38Z
batch_0005,order_00012221,order_00016059,ETH-USD,1865.07,68,2026-01-01T04:27:38Z
batch_0005,order_00012221,order_00009477,ETH-USD,1865.17,588,2026-01-01T03:23:40Z
batch_0005,order_00014267,order_00009477,ETH-USD,1865.17,137,2026-01-01T03:57:46Z
batch_0005,order_00014267,order_00015731,ETH-USD,1865.2,522,2026-01-01T04:22:10Z
batch_0005,order_00014267,order_00006864,ETH-USD,1865.34,328,2026-01-01T03:57:46Z
batch_0005,order_00011952,order_00006864,ETH-USD,1865.34,569,2026-01-01T03:19:11Z
batch_0005,order_00011952,order_00012674,ETH-USD,1865.41,293,2026-01-01T03:31:13Z
batch_0005,order_00012748,order_00012674,ETH-USD,1865.41,64,2026-01-01T03:32:27Z
batch_0005,order_00012748,order_00013747,ETH-USD,1865.41,191,2026-01-01T03:49:06Z
batch_0005,order_00012748,order_00013654,ETH-USD,1865.52,137,2026-01-01T03:47:33Z
batch_0005,order_00012748,order_00009133,ETH-USD,1865.61,278,2026-01-01T03:32:27Z
batch_0005,order_00014986,order_00009133,ETH-USD,1865.61,235,2026-01-01T04:09:45Z
batch_0005,order_00014986,order_00010727,ETH-USD,1865.61,545,2026-01-01T04:09:45Z
batch_0005,order_00011241,order_00010727,ETH-USD,1865.61,361,2026-01-01T03:07:20Z
batch_0005,order_00011241,order_00015515,ETH-USD,1865.71,163,2026-01-01T04:18:34Z
batch_0005,order_00016033,order_00015515,ETH-USD,1865.71,245,2026-01-01T04:27:12Z
batch_0005,order_00009392,order_00015515,ETH-USD,1865.71,305,2026-01-01T04:18:34Z
batch_0005,order_00008962,order_00015515,ETH-USD,1865.71,245,2026-01-01T04:18:34Z
batch_0005,order_00008962,order_00007160,ETH-USD,1865.78,649,2026-01-01T02:29:21Z
batch_0005,order_00008962,order_00011737,ETH-USD,1865.84,55,2026-01-01T03:15:36Z
batch_0005,order_00012228,order_00011737,ETH-USD,1865.84,248,2026-01-01T03:23:47Z
batch_0005,order_00014754,order_00011737,ETH-USD,1865.84,150,2026-01-01T04:05:53Z
batch_0005,order_00014754,order_00012590,ETH-USD,1865.88,51,2026-01-01T04:05:53Z
batch_0005,order_00009545,order_00012590,ETH-USD,1865.88,350,2026-01-01T03:29:49Z
batch_0005,order_00007979,order_00012590,ETH-USD,1865.88,310,2026-01-01T03:29:49Z
batch_0005,order_00008279,order_00012590,ETH-USD,1865.88,228,2026-01-01T03:29:49Z
batch_0005,order_00008279,order_00013156,ETH-USD,1865.89,288,2026-01-01T03:39:15Z
batch_0005,order_00006949,order_00013156,ETH-USD,1865.89,599,2026-01-01T03:39:15Z
batch_0005,order_00006949,order_00013796,ETH-USD,1865.9,97,2026-01-01T03:49:55Z
batch_0005,order_00014272,order_00013796,ETH-USD,1865.9,21,2026-01-01T03:57:51Z
batch_0005,order_00014272,order_00014963,ETH-USD,1865.98,487,2026-01-01T04:09:22Z
batch_0005,order_00014076,order_00014963,ETH-USD,1865.98,470,2026-01-01T04:09:22Z
batch_0005,order_00014076,order_00016289,ETH-USD,1866.01,392,2026-01-01T04:31:28Z
batch_0005,order_00013657,order_00016289,ETH-USD,1866.01,39,2026-01-01T04:31:28Z
batch_0005,order_00010199,order_00016289,ETH-USD,1866.01,57,2026-01-01T04:31:28Z
batch_0005,order_00010199,order_00007026,ETH-USD,1866.23,920,2026-01-01T02:49:58Z
batch_0005,order_00010199,order_00009119,ETH-USD,1866.28,2,2026-01-01T02:49:58Z
batch_0005,order_00007345,order_00009119,ETH-USD,1866.28,501,2026-01-01T02:31:58Z
batch_0005,order_00007345,order_00009002,ETH-USD,1866.38,144,2026-01-01T02:30:01Z
batch_0005,order_00011634,order_00009002,ETH-USD,1866.38,695,2026-01-01T03:13:53Z
batch_0005,order_00011634,order_00010166,ETH-USD,1866.56,18,2026-01-01T03:13:53Z
batch_0005,order_00009317,order_00010166,ETH-USD,1866.56,624,2026-01-01T02:49:25Z
batch_0005,order_00009317,order_00007464,ETH-USD,1866.77,153,2026-01-01T02:35:16Z
batch_0005,order_00008385,order_00007464,ETH-USD,1866.77,175,2026-01-01T02:19:44Z
batch_0005,order_00015795,order_00007464,ETH-USD,1866.77,537,2026-01-01T04:23:14Z
batch_0005,order_00015795,order_00013488,ETH-USD,1866.93,356,2026-01-01T04:23:14Z
batch_0005,order_00007842,order_00013488,ETH-USD,1866.93,45,2026-01-01T03:44:47Z
batch_0005,order_00007842,order_00007978,ETH-USD,1867.06,348,2026-01-01T02:12:57Z
batch_0005,order_00007842,order_00008180,ETH-USD,1867.06,421,2026-01-01T02:16:19Z
batch_0005,order_00007842,order_00009408,ETH-USD,1867.1,118,2026-01-01T02:36:47Z
batch_0005,order_00010186,order_00009408,ETH-USD,1867.1,867,2026-01-01T02:49:45Z
batch_0005,order_00006837,order_00009408,ETH-USD,1867.1,12,2026-01-01T02:36:47Z
batch_0005,order_00006837,order_00012670,ETH-USD,1867.11,701,2026-01-01T03:31:09Z
batch_0005,order_00006837,order_00013720,ETH-USD,1867.28,33,2026-01-01T03:48:39Z
batch_0005,order_00015266,order_00013720,ETH-USD,1867.28,326,2026-01-01T04:14:25Z
batch_0005,order_00015266,order_00014394,ETH-USD,1867.32,224,2026-01-01T04:14:25Z
batch_0005,order_00016579,order_00014394,ETH-USD,1867.32,17,2026-01-01T04:36:18Z
batch_0005,order_00016579,order_00012099,ETH-USD,1867.62,380,2026-01-01T04:36:18Z
batch_0005,order_00009274,order_00012099,ETH-USD,1867.62,26,2026-01-01T03:21:38Z
batch_0005,order_00009274,order_00014290,ETH-USD,1867.73,208,2026-01-01T03:58:09Z
batch_0005,order_00007738,order_00014290,ETH-USD,1867.73,294,2026-01-01T03:58:09Z
batch_0005,order_00014730,order_00014290,ETH-USD,1867.73,222,2026-01-01T04:05:29Z
batch_0005,order_00007616,order_00014290,ETH-USD,1867.73,7,2026-01-01T03:58:09Z
batch_0005,order_00007616,order_00013761,ETH-USD,1867.82,450,2026-01-01T03:49:20Z
batch_0005,order_00007616,order_00009982,ETH-USD,1867.85,294,2026-01-01T02:46:21Z
batch_0005,order_00009778,order_00009982,ETH-USD,1867.85,344,2026-01-01T02:46:21Z
batch_0005,order_00009778,order_00011153,ETH-USD,1867.9,271,2026-01-01T03:05:52Z
batch_0005,order_00008487,order_00011153,ETH-USD,1867.9,256,2026-01-01T03:05:52Z
batch_0005,order_00014997,order_00011153,ETH-USD,1867.9,132,2026-01-01T04:09:56Z
batch_0005,order_00014997,order_00010897,ETH-USD,1867.96,731,2026-01-01T04:09:56Z
batch_0005,order_00013119,order_00010897,ETH-USD,1867.96,61,2026-01-01T03:38:38Z
batch_0005,order_00013119,order_00015446,ETH-USD,1867.96,731,2026-01-01T04:17:25Z
batch_0005,order_00013119,order_00009410,ETH-USD,1868.0,122,2026-01-01T03:38:38Z
batch_0005,order_00009542,order_00009410,ETH-USD,1868.0,69,2026-01-01T02:39:01Z
batch_0005,order_00009542,order_00008842,ETH-USD,1868.14,304,2026-01-01T02:39:01Z
batch_0005,order_00015026,order_00008842,ETH-USD,1868.14,293,2026-01-01T04:10:25Z
batch_0005,order_00009589,order_00008842,ETH-USD,1868.14,252,2026-01-01T02:39:48Z
batch_0005,order_00009589,order_00012160,ETH-USD,1868.16,360,2026-01-01T03:22:39Z
batch_0005,order_00009589,order_00010866,ETH-USD,1868.17,251,2026-01-01T03:01:05Z
batch_0005,order_00010526,order_00010866,ETH-USD,1868.17,265,2026-01-01T03:01:05Z
batch_0005,order_00010526,order_00015405,ETH-USD,1868.32,316,2026-01-01T04:16:44Z
batch_0005,order_00011261,order_00015405,ETH-USD,1868.32,6,2026-01-01T04:16:44Z
batch_0005,order_00007164,order_00015405,ETH-USD,1868.32,135,2026-01-01T04:16:44Z
batch_0005,order_00007164,order_00014542,ETH-USD,1868.51,270,2026-01-01T04:02:21Z
batch_0005,order_00008212,order_00014542,ETH-USD,1868.51,452,2026-01-01T04:02:21Z
batch_0005,order_00008212,order_00015189,ETH-USD,1868.68,336,2026-01-01T04:13:08Z
batch_0005,order_00014701,order_00015189,ETH-USD,1868.68,66,2026-01-01T04:13:08Z
batch_0005,order_00014701,order_00015034,ETH-USD,1868.69,70,2026-01-01T04:10:33Z
batch_0005,order_00008668,order_00015034,ETH-USD,1868.69,214,2026-01-01T04:10:33Z
batch_0005,order_00007314,order_00015034,ETH-USD,1868.69,130,2026-01-01T04:10:33Z
batch_0005,order_00015658,order_00015034,ETH-USD,1868.69,30,2026-01-01T04:20:57Z
batch_0005,order_00015237,order_00015034,ETH-USD,1868.69,444,2026-01-01T04:13:56Z
batch_0005,order_00015237,order_00011851,ETH-USD,1868.77,13,2026-01-01T04:13:56Z
batch_0005,order_00014016,order_00011851,ETH-USD,1868.77,893,2026-01-01T03:53:35Z
batch_0005,order_00008782,order_00011851,ETH-USD,1868.77,39,2026-01-01T03:17:30Z
batch_0005,order_00008782,order_00016102,ETH-USD,1869.02,174,2026-01-01T04:28:21Z
batch_0005,order_00008782,order_00006866,ETH-USD,1869.05,113,2026-01-01T02:26:21Z
batch_0005,order_00015990,order_00006866,ETH-USD,1869.05,195,2026-01-01T04:26:29Z
batch_0005,order_00015990,order_00014088,ETH-USD,1869.12,535,2026-01-01T04:26:29Z
batch_0005,order_00011133,order_00014088,ETH-USD,1869.12,228,2026-01-01T03:54:47Z
batch_0005,order_00011133,order_00016522,ETH-USD,1869.12,399,2026-01-01T04:35:21Z
batch_0005,order_00015117,order_00016522,ETH-USD,1869.12,54,2026-01-01T04:35:21Z
batch_0005,order_00015117,order_00011917,ETH-USD,1869.17,213,2026-01-01T04:11:56Z
batch_0005,order_00015117,order_00016229,ETH-USD,1869.19,165,2026-01-01T04:30:28Z
batch_0005,order_00014304,order_00016229,ETH-USD,1869.19,462,2026-01-01T04:30:28Z
batch_0005,order_00012408,order_00016229,ETH-USD,1869.19,100,2026-01-01T04:30:28Z
batch_0005,order_00007635,order_00016229,ETH-USD,1869.19,160,2026-01-01T04:30:28Z
batch_0005,order_00007635,order_00007662,ETH-USD,1869.3,312,2026-01-01T02:07:41Z
batch_0005,order_00015973,order_00007662,ETH-USD,1869.3,64,2026-01-01T04:26:12Z
batch_0005,order_00010633,order_00007662,ETH-USD,1869.3,595,2026-01-01T02:57:12Z
batch_0005,order_00010633,order_00008008,ETH-USD,1869.36,105,2026-01-01T02:57:12Z
batch_0005,order_00010633,order_00010822,ETH-USD,1869.41,21,2026-01-01T03:00:21Z
batch_0005,order_00013089,order_00010822,ETH-USD,1869.41,220,2026-01-01T03:38:08Z
batch_0005,order_00015928,order_00010822,ETH-USD,1869.41,212,2026-01-01T04:25:27Z
batch_0005,order_00015928,order_00014785,ETH-USD,1869.61,110,2026-01-01T04:25:27Z
batch_0005,order_00015928,order_00011916,ETH-USD,1869.64,642,2026-01-01T04:25:27Z
batch_0005,order_00009454,order_00011916,ETH-USD,1869.64,320,2026-01-01T03:18:35Z
batch_0005,order_00009454,order_00010140,ETH-USD,1869.66,269,2026-01-01T02:48:59Z
batch_0005,order_00009273,order_00010140,ETH-USD,1869.66,121,2026-01-01T02:48:59Z
batch_0005,order_00009461,order_00010140,ETH-USD,1869.66,15,2026-01-01T02:48:59Z
batch_0005,order_00009461,order_00015841,ETH-USD,1869.78,88,2026-01-01T04:24:00Z
batch_0005,order_00009709,order_00015841,ETH-USD,1869.78,678,2026-01-01T04:24:00Z
batch_0005,order_00009709,order_00014911,ETH-USD,1869.85,147,2026-01-01T04:08:30Z
batch_0005,order_00010855,order_00014911,ETH-USD,1869.85,301,2026-01-01T04:08:30Z
batch_0005,order_00010855,order_00010787,ETH-USD,1869.86,319,2026-01-01T03:00:54Z
batch_0005,order_00011980,order_00010787,ETH-USD,1869.86,192,2026-01-01T03:19:39Z
batch_0005,order_00011980,order_00012259,ETH-USD,1870.24,567,2026-01-01T03:24:18Z
batch_0005,order_00010155,order_00012259,ETH-USD,1870.24,167,2026-01-01T03:24:18Z
batch_0005,order_00010155,order_00011195,ETH-USD,1870.28,523,2026-01-01T03:06:34Z
batch_0005,order_00011752,order_00011195,ETH-USD,1870.28,464,2026-01-01T03:15:51Z
batch_0005,order_00011752,order_00014998,ETH-USD,1870.28,109,2026-01-01T04:09:57Z
batch_0005,order_00011752,order_00012681,ETH-USD,1870.32,326,2026-01-01T03:31:20Z
batch_0005,order_00011273,order_00012681,ETH-USD,1870.32,68,2026-01-01T03:31:20Z
batch_0005,order_00011273,order_00016393,ETH-USD,1870.33,245,2026-01-01T04:33:12Z
batch_0005,order_00011273,order_00008459,ETH-USD,1870.41,94,2026-01-01T03:07:52Z
batch_0005,order_00011009,order_00008459,ETH-USD,1870.41,197,2026-01-01T03:03:28Z
batch_0005,order_00011009,order_00007312,ETH-USD,1870.44,159,2026-01-01T03:03:28Z
batch_0005,order_00010144,order_00007312,ETH-USD,1870.44,41,2026-01-01T02:49:03Z
batch_0005,order_00015357,order_00007312,ETH-USD,1870.44,77,2026-01-01T04:15:56Z
batch_0005,order_00009302,order_00007312,ETH-USD,1870.44,328,2026-01-01T02:35:01Z
batch_0005,order_00009302,order_00012847,ETH-USD,1870.48,422,2026-01-01T03:34:06Z
batch_0005,order_00010815,order_00012847,ETH-USD,1870.48,513,2026-01-01T03:34:06Z
batch_0005,order_00010815,order_00015004,ETH-USD,1870.54,271,2026-01-01T04:10:03Z
batch_0005,order_00010412,order_00015004,ETH-USD,1870.54,78,2026-01-01T04:10:03Z
batch_0005,order_00010830,order_00015004,ETH-USD,1870.54,299,2026-01-01T04:10:03Z
batch_0005,order_00010830,order_00013448,ETH-USD,1870.58,178,2026-01-01T03:44:07Z
batch_0005,order_00016261,order_00013448,ETH-USD,1870.58,165,2026-01-01T04:31:00Z
batch_0005,order_00010304,order_00013448,ETH-USD,1870.58,211,2026-01-01T03:44:07Z
batch_0005,order_00010304,order_00014491,ETH-USD,1870.59,457,2026-01-01T04:01:30Z
batch_0005,order_00010304,order_00016277,ETH-USD,1870.64,223,2026-01-01T04:31:16Z
batch_0005,order_00010304,order_00012356,ETH-USD,1870.71,105,2026-01-01T03:25:55Z
batch_0005,order_00015734,order_00012356,ETH-USD,1870.71,234,2026-01-01T04:22:13Z
batch_0005,order_00015275,order_00012356,ETH-USD,1870.71,565,2026-01-01T04:14:34Z
batch_0005,order_00015275,order_00010806,ETH-USD,1870.82,72,2026-01-01T04:14:34Z
batch_0005,order_00012477,order_00010806,ETH-USD,1870.82,42,2026-01-01T03:27:56Z
batch_0005,order_00006790,order_00010806,ETH-USD,1870.82,238,2026-01-01T03:00:05Z
batch_0005,order_00006790,order_00010102,ETH-USD,1870.93,459,2026-01-01T02:48:21Z
batch_0005,order_00013044,order_00010102,ETH-USD,1870.93,299,2026-01-01T03:37:23Z
batch_0005,order_00013044,order_00011648,ETH-USD,1870.93,663,2026-01-01T03:37:23Z
batch_0005,order_00008462,order_00011648,ETH-USD,1870.93,68,2026-01-01T03:14:07Z
batch_0005,order_00008462,order_00013856,ETH-USD,1870.95,305,2026-01-01T03:50:55Z
batch_0005,order_00007606,order_00013856,ETH-USD,1870.95,610,2026-01-01T03:50:55Z
batch_0005,order_00007606,order_00009956,ETH-USD,1871.13,69,2026-01-01T02:45:55Z
batch_0005,order_00008045,order_00009956,ETH-USD,1871.13,735,2026-01-01T02:45:55Z
batch_0005,order_00010849,order_00009956,ETH-USD,1871.13,191,2026-01-01T03:00:48Z
batch_0005,order_00010849,order_00010821,ETH-USD,1871.21,296,2026-01-01T03:00:48Z
batch_0005,order_00010849,order_00008804,ETH-USD,1871.24,135,2026-01-01T03:00:48Z
batch_0005,order_00010849,order_00010114,ETH-USD,1871.31,329,2026-01-01T03:00:48Z
batch_0005,order_00008887,order_00010114,ETH-USD,1871.31,278,2026-01-01T02:48:33Z
batch_0005,order_00008887,order_00015581,ETH-USD,1871.32,54,2026-01-01T04:19:40Z
batch_0005,order_00014763,order_00015581,ETH-USD,1871.32,635,2026-01-01T04:19:40Z
batch_0005,order_00016476,order_00015581,ETH-USD,1871.32,87,2026-01-01T04:34:35Z
batch_0005,order_00007457,order_00015581,ETH-USD,1871.32,108,2026-01-01T04:19:40Z
batch_0005,order_00007457,order_00015493,ETH-USD,1871.42,269,2026-01-01T04:18:12Z
batch_0005,order_00007457,order_00006610,ETH-USD,1871.46,3,2026-01-01T02:04:16Z
batch_0005,order_00007731,order_00006610,ETH-USD,1871.46,81,2026-01-01T02:08:50Z
batch_0005,order_00007731,order_00015709,ETH-USD,1871.55,620,2026-01-01T04:21:48Z
batch_0005,order_00013398,order_00015709,ETH-USD,1871.55,209,2026-01-01T04:21:48Z
batch_0005,order_00013398,order_00011230,ETH-USD,1871.57,442,2026-01-01T03:43:17Z
batch_0005,order_00013398,order_00014154,ETH-USD,1871.65,11,2026-01-01T03:55:53Z
batch_0005,order_00006688,order_00014154,ETH-USD,1871.65,189,2026-01-01T03:55:53Z
batch_0005,order_00013016,order_00014154,ETH-USD,1871.65,304,2026-01-01T03:55:53Z
batch_0005,order_00013016,order_00014766,ETH-USD,1871.66,59,2026-01-01T04:06:05Z
batch_0005,order_00008639,order_00014766,ETH-USD,1871.66,616,2026-01-01T04:06:05Z
batch_0005,order_00008639,order_00013619,ETH-USD,1871.69,380,2026-01-01T03:46:58Z
batch_0005,order_00015417,order_00013619,ETH-USD,1871.69,274,2026-01-01T04:16:56Z
batch_0005,order_00015417,order_00013926,ETH-USD,1871.74,73,2026-01-01T04:16:56Z
batch_0005,order_00015417,order_00014354,ETH-USD,1871.78,239,2026-01-01T04:16:56Z
batch_0005,order_00007523,order_00014354,ETH-USD,1871.78,4,2026-01-01T03:59:13Z
batch_0005,order_00011470,order_00014354,ETH-USD,1871.78,253,2026-01-01T03:59:13Z
batch_0005,order_00011470,order_00015510,ETH-USD,1871.8,167,2026-01-01T04:18:29Z
batch_0005,order_00011470,order_00014312,ETH-USD,1871.88,117,2026-01-01T03:58:31Z
batch_0005,order_00011470,order_00016588,ETH-USD,1872.01,301,2026-01-01T04:36:27Z
batch_0005,order_00009685,order_00016588,ETH-USD,1872.01,441,2026-01-01T04:36:27Z
batch_0005,order_00009685,order_00016430,ETH-USD,1872.08,200,2026-01-01T04:33:49Z
batch_0005,order_00008987,order_00016430,ETH-USD,1872.08,91,2026-01-01T04:33:49Z
batch_0005,order_00015455,order_00016430,ETH-USD,1872.08,76,2026-01-01T04:33:49Z
batch_0005,order_00015455,order_00009958,ETH-USD,1872.09,67,2026-01-01T04:17:34Z
batch_0005,order_00013453,order_00009958,ETH-USD,1872.09,110,2026-01-01T03:44:12Z
batch_0005,order_00008606,order_00009958,ETH-USD,1872.09,653,2026-01-01T02:45:57Z
batch_0005,order_00008606,order_00009018,ETH-USD,1872.1,176,2026-01-01T02:30:17Z
batch_0005,order_00014528,order_00009018,ETH-USD,1872.1,314,2026-01-01T04:02:07Z
batch_0005,order_00008183,order_00009018,ETH-USD,1872.1,411,2026-01-01T02:30:17Z
batch_0005,order_00014684,order_00014596,ETH-USD,1872.21,162,2026-01-01T04:04:43Z
batch_0005,order_00014684,order_00013245,ETH-USD,1872.24,563,2026-01-01T04:04:43Z
batch_0005,order_00006630,order_00013245,ETH-USD,1872.24,122,2026-01-01T03:40:44Z
batch_0005,order_00006630,order_00014564,ETH-USD,1872.27,291,2026-01-01T04:02:43Z
batch_0005,order_00014460,order_00014564,ETH-USD,1872.27,379,2026-01-01T04:02:43Z
batch_0005,order_00012203,order_00014564,ETH-USD,1872.27,146,2026-01-01T04:02:43Z
batch_0005,order_00012203,order_00014018,ETH-USD,1872.29,300,2026-01-01T03:53:37Z
batch_0005,order_00008603,order_00014018,ETH-USD,1872.29,49,2026-01-01T03:53:37Z
batch_0005,order_00009533,order_00014018,ETH-USD,1872.29,530,2026-01-01T03:53:37Z
batch_0005,order_00009533,order_00009021,ETH-USD,1872.37,94,2026-01-01T02:38:52Z
batch_0005,order_00012126,order_00009021,ETH-USD,1872.37,148,2026-01-01T03:22:05Z
batch_0005,order_00011742,order_00009021,ETH-USD,1872.37,564,2026-01-01T03:15:41Z
batch_0005,order_00007150,order_00009021,ETH-USD,1872.37,113,2026-01-01T02:30:20Z
batch_0005,order_00007150,order_00009676,ETH-USD,1872.48,397,2026-01-01T02:41:15Z
batch_0005,order_00010303,order_00009676,ETH-USD,1872.48,73,2026-01-01T02:51:42Z
batch_0005,order_00010303,order_00008817,ETH-USD,1872.61,172,2026-01-01T02:51:42Z
batch_0005,order_00010303,order_00008796,ETH-USD,1872.63,146,2026-01-01T02:51:42Z
batch_0005,order_00011317,order_00008796,ETH-USD,1872.63,615,2026-01-01T03:08:36Z
batch_0005,order_00008369,order_00008796,ETH-USD,1872.63,94,2026-01-01T02:26:35Z
batch_0005,order_00008369,order_00009892,ETH-USD,1872.82,68,2026-01-01T02:44:51Z
batch_0005,order_00014605,order_00009892,ETH-USD,1872.82,483,2026-01-01T04:03:24Z
batch_0005,order_00014605,order_00011566,ETH-USD,1872.88,289,2026-01-01T04:03:24Z
batch_0005,order_00011188,order_00011566,ETH-USD,1872.88,116,2026-01-01T03:12:45Z
batch_0005,order_00011188,order_00008906,ETH-USD,1872.93,392,2026-01-01T03:06:27Z
batch_0005,order_00011188,order_00009745,ETH-USD,1872.93,233,2026-01-01T03:06:27Z
batch_0005,order_00012217,order_00009745,ETH-USD,1872.93,364,2026-01-01T03:23:36Z
batch_0005,order_00010251,order_00009745,ETH-USD,1872.93,18,2026-01-01T02:50:50Z
batch_0005,order_00010251,order_00010637,ETH-USD,1872.94,158,2026-01-01T02:57:16Z
batch_0005,order_00010251,order_00010256,ETH-USD,1873.08,321,2026-01-01T02:50:55Z
batch_0005,order_00013023,order_00010256,ETH-USD,1873.08,123,2026-01-01T03:37:02Z
batch_0005,order_00010920,order_00010256,ETH-USD,1873.08,88,2026-01-01T03:01:59Z
batch_0005,order_00010924,order_00010256,ETH-USD,1873.08,66,2026-01-01T03:02:03Z
batch_0005,order_00010924,order_00016596,ETH-USD,1873.28,55,2026-01-01T04:36:35Z
batch_0005,order_00010924,order_00010625,ETH-USD,1873.52,226,2026-01-01T03:02:03Z
batch_0005,order_00010924,order_00013073,ETH-USD,1873.53,322,2026-01-01T03:37:52Z
batch_0005,order_00010157,order_00013073,ETH-USD,1873.53,474,2026-01-01T03:37:52Z
batch_0005,order_00013830,order_00013073,ETH-USD,1873.53,16,2026-01-01T03:50:29Z
batch_0005,order_00013830,order_00014184,ETH-USD,1873.53,713,2026-01-01T03:56:23Z
batch_0005,order_00013830,order_00015922,ETH-USD,1873.59,169,2026-01-01T04:25:21Z
batch_0005,order_00013830,order_00015670,ETH-USD,1873.6,12,2026-01-01T04:21:09Z
batch_0005,order_00010108,order_00015670,ETH-USD,1873.6,69,2026-01-01T04:21:09Z
batch_0005,order_00010108,order_00007292,ETH-USD,1873.67,680,2026-01-01T02:48:27Z
batch_0005,order_00014883,order_00007292,ETH-USD,1873.67,12,2026-01-01T04:08:02Z
batch_0005,order_00014883,order_00011462,ETH-USD,1873.75,650,2026-01-01T04:08:02Z
batch_0005,order_00014883,order_00013799,ETH-USD,1873.89,149,2026-01-01T04:08:02Z
batch_0005,order_00014674,order_00013799,ETH-USD,1873.89,115,2026-01-01T04:04:33Z
batch_0005,order_00011768,order_00013799,ETH-USD,1873.89,395,2026-01-01T03:49:58Z
batch_0005,order_00011768,order_00009135,ETH-USD,1873.99,450,2026-01-01T03:16:07Z
batch_0005,order_00013091,order_00009135,ETH-USD,1873.99,227,2026-01-01T03:38:10Z
batch_0005,order_00006833,order_00009135,ETH-USD,1873.99,50,2026-01-01T02:32:14Z
batch_0005,order_00006833,order_00014155,ETH-USD,1874.01,503,2026-01-01T03:55:54Z
batch_0005,order_00006833,order_00014753,ETH-USD,1874.1,221,2026-01-01T04:05:52Z
batch_0005,order_00006833,order_00010163,ETH-USD,1874.11,174,2026-01-01T02:49:22Z
batch_0005,order_00014324,order_00010163,ETH-USD,1874.11,543,2026-01-01T03:58:43Z
batch_0005,order_00014324,order_00016564,ETH-USD,1874.11,291,2026-01-01T04:36:03Z
batch_0005,order_00012659,order_00016564,ETH-USD,1874.11,116,2026-01-01T04:36:03Z
batch_0005,order_00007873,order_00016564,ETH-USD,1874.11,13,2026-01-01T04:36:03Z
batch_0005,order_00007873,order_00009160,ETH-USD,1874.26,90,2026-01-01T02:32:39Z
batch_0005,order_00007873,order_00015791,ETH-USD,1874.31,25,2026-01-01T04:23:10Z
batch_0005,order_00014955,order_00015791,ETH-USD,1874.31,803,2026-01-01T04:23:10Z
batch_0005,order_00014955,order_00014446,ETH-USD,1874.42,90,2026-01-01T04:09:14Z
batch_0005,order_00009441,order_00014446,ETH-USD,1874.42,403,2026-01-01T04:00:45Z
batch_0005,order_00009720,order_00014446,ETH-USD,1874.42,43,2026-01-01T04:00:45Z
batch_0005,order_00009720,order_00010049,ETH-USD,1874.52,4,2026-01-01T02:47:28Z
batch_0005,order_00014463,order_00010049,ETH-USD,1874.52,113,2026-01-01T04:01:02Z
batch_0005,order_00014463,order_00014677,ETH-USD,1874.55,648,2026-01-01T04:04:36Z
batch_0005,order_00014463,order_00010067,ETH-USD,1874.58,40,2026-01-01T04:01:02Z
batch_0005,order_00016326,order_00010067,ETH-USD,1874.58,388,2026-01-01T04:32:05Z
batch_0005,order_00016326,order_00011531,ETH-USD,1874.68,302,2026-01-01T04:32:05Z
batch_0005,order_00015307,order_00011531,ETH-USD,1874.68,51,2026-01-01T04:15:06Z
batch_0005,order_00015307,order_00012587,ETH-USD,1874.92,586,2026-01-01T04:15:06Z
batch_0005,order_00014992,order_00012587,ETH-USD,1874.92,171,2026-01-01T04:09:51Z
batch_0005,order_00014992,order_00008337,ETH-USD,1874.97,176,2026-01-01T04:09:51Z
batch_0005,order_00006703,order_00008337,ETH-USD,1874.97,1,2026-01-01T02:18:56Z
batch_0005,order_00006703,order_00014357,ETH-USD,1875.04,593,2026-01-01T03:59:16Z
batch_0005,order_00006703,order_00015264,ETH-USD,1875.12,142,2026-01-01T04:14:23Z
batch_0005,order_00010235,order_00015264,ETH-USD,1875.12,369,2026-01-01T04:14:23Z
batch_0005,order_00010235,order_00012958,ETH-USD,1875.28,83,2026-01-01T03:35:57Z
batch_0005,order_00010235,order_00016385,ETH-USD,1875.28,84,2026-01-01T04:33:04Z
batch_0005,order_00008157,order_00016385,ETH-USD,1875.28,421,2026-01-01T04:33:04Z
batch_0005,order_00007947,order_00016385,ETH-USD,1875.28,104,2026-01-01T04:33:04Z
batch_0005,order_00007947,order_00008388,ETH-USD,1875.46,825,2026-01-01T02:19:47Z
batch_0005,order_00007947,order_00010596,ETH-USD,1875.58,53,2026-01-01T02:56:35Z
batch_0005,order_00006666,order_00010596,ETH-USD,1875.58,432,2026-01-01T02:56:35Z
batch_0005,order_00006666,order_00009256,ETH-USD,1875.59,72,2026-01-01T02:34:15Z
batch_0005,order_00006666,order_00009992,ETH-USD,1875.68,462,2026-01-01T02:46:31Z
batch_0005,order_00011430,order_00009992,ETH-USD,1875.68,100,2026-01-01T03:10:29Z
batch_0005,order_00011430,order_00014525,ETH-USD,1875.7,395,2026-01-01T04:02:04Z
batch_0005,order_00014987,order_00014525,ETH-USD,1875.7,303,2026-01-01T04:09:46Z
batch_0005,order_00014987,order_00012807,ETH-USD,1875.71,27,2026-01-01T04:09:46Z
batch_0005,order_00010793,order_00012807,ETH-USD,1875.71,564,2026-01-01T03:33:26Z
batch_0005,order_00010793,order_00015478,ETH-USD,1875.74,57,2026-01-01T04:17:57Z
batch_0005,order_00009944,order_00015478,ETH-USD,1875.74,115,2026-01-01T04:17:57Z
batch_0005,order_00009944,order_00008699,ETH-USD,1875.83,140,2026-01-01T02:45:43Z
batch_0005,order_00010807,order_00008699,ETH-USD,1875.83,20,2026-01-01T03:00:06Z
batch_0005,order_00010807,order_00016049,ETH-USD,1876.19,156,2026-01-01T04:27:28Z
batch_0005,order_00008037,order_00016049,ETH-USD,1876.19,27,2026-01-01T04:27:28Z
batch_0005,order_00008037,order_00008474,ETH-USD,1876.35,384,2026-01-01T02:21:13Z
batch_0005,order_00008037,order_00006982,ETH-USD,1876.4,267,2026-01-01T02:13:56Z
batch_0005,order_00009241,order_00006982,ETH-USD,1876.4,731,2026-01-01T02:34:00Z
batch_0005,order_00009241,order_00011279,ETH-USD,1876.43,20,2026-01-01T03:07:58Z
batch_0005,order_00009241,order_00010173,ETH-USD,1876.47,148,2026-01-01T02:49:32Z
batch_0005,order_00010269,order_00010173,ETH-USD,1876.47,519,2026-01-01T02:51:08Z
batch_0005,order_00010269,order_00013388,ETH-USD,1876.57,344,2026-01-01T03:43:07Z
batch_0005,order_00010269,order_00012689,ETH-USD,1876.6,134,2026-01-01T03:31:28Z
batch_0005,order_00012318,order_00012689,ETH-USD,1876.6,827,2026-01-01T03:31:28Z
batch_0005,order_00012318,order_00016000,ETH-USD,1876.95,15,2026-01-01T04:26:39Z
batch_0005,order_00012318,order_00014276,ETH-USD,1876.99,5,2026-01-01T03:57:55Z
batch_0005,order_00016558,order_00014276,ETH-USD,1876.99,576,2026-01-01T04:35:57Z
batch_0005,order_00016558,order_00007839,ETH-USD,1877.01,264,2026-01-01T04:35:57Z
batch_0005,order_00014549,order_00007839,ETH-USD,1877.01,108,2026-01-01T04:02:28Z
batch_0005,order_00007641,order_00007839,ETH-USD,1877.01,42,2026-01-01T02:10:38Z
batch_0005,order_00011953,order_00007839,ETH-USD,1877.01,452,2026-01-01T03:19:12Z
batch_0005,order_00012798,order_00007839,ETH-USD,1877.01,53,2026-01-01T03:33:17Z
batch_0005,order_00012798,order_00006878,ETH-USD,1877.12,305,2026-01-01T03:33:17Z
batch_0005,order_00014982,order_00006878,ETH-USD,1877.12,92,2026-01-01T04:09:41Z
batch_0005,order_00014982,order_00011961,ETH-USD,1877.31,856,2026-01-01T04:09:41Z
batch_0005,order_00008368,order_00011961,ETH-USD,1877.31,135,2026-01-01T03:19:20Z
batch_0005,order_00008368,order_00010385,ETH-USD,1877.41,468,2026-01-01T02:53:04Z
batch_0005,order_00008368,order_00011093,ETH-USD,1877.51,244,2026-01-01T03:04:52Z
batch_0005,order_00015392,order_00011093,ETH-USD,1877.51,623,2026-01-01T04:16:31Z
batch_0005,order_00015392,order_00006679,ETH-USD,1877.67,170,2026-01-01T04:16:31Z
batch_0005,order_00013432,order_00006679,ETH-USD,1877.67,263,2026-01-01T03:43:51Z
batch_0005,order_00006903,order_00006679,ETH-USD,1877.67,47,2026-01-01T01:55:02Z
batch_0005,order_00016391,order_00006679,ETH-USD,1877.67,193,2026-01-01T04:33:10Z
batch_0005,order_00016391,order_00014901,ETH-USD,1877.72,752,2026-01-01T04:33:10Z
batch_0005,order_00008233,order_00014901,ETH-USD,1877.72,100,2026-01-01T04:08:20Z
batch_0005,order_00010880,order_00014901,ETH-USD,1877.72,84,2026-01-01T04:08:20Z
batch_0005,order_00008443,order_00014901,ETH-USD,1877.72,49,2026-01-01T04:08:20Z
batch_0005,order_00008443,order_00011135,ETH-USD,1877.77,577,2026-01-01T03:05:34Z
batch_0005,order_00011388,order_00011135,ETH-USD,1877.77,92,2026-01-01T03:09:47Z
batch_0005,order_00011388,order_00012673,ETH-USD,1877.77,325,2026-01-01T03:31:12Z
batch_0005,order_00011388,order_00006606,ETH-USD,1877.85,432,2026-01-01T03:09:47Z
batch_0005,order_00011388,order_00013463,ETH-USD,1877.85,46,2026-01-01T03:44:22Z
batch_0005,order_00012001,order_00013463,ETH-USD,1877.85,76,2026-01-01T03:44:22Z
batch_0005,order_00006950,order_00013463,ETH-USD,1877.85,225,2026-01-01T03:44:22Z
batch_0005,order_00006950,order_00007174,ETH-USD,1877.87,84,2026-01-01T01:59:33Z
batch_0005,order_00006950,order_00011210,ETH-USD,1877.88,95,2026-01-01T03:06:49Z
batch_0005,order_00006950,order_00014256,ETH-USD,1878.05,429,2026-01-01T03:57:35Z
batch_0005,order_00008678,order_00014256,ETH-USD,1878.05,209,2026-01-01T03:57:35Z
batch_0005,order_00008678,order_00015983,ETH-USD,1878.18,533,2026-01-01T04:26:22Z
batch_0005,order_00008678,order_00014497,ETH-USD,1878.23,238,2026-01-01T04:01:36Z
batch_0005,order_00008678,order_00008246,ETH-USD,1878.24,2,2026-01-01T02:24:37Z
batch_0005,order_00015688,order_00008246,ETH-USD,1878.24,10,2026-01-01T04:21:27Z
batch_0005,order_00015688,order_00007139,ETH-USD,1878.61,257,2026-01-01T04:21:27Z
batch_0005,order_00009092,order_00007139,ETH-USD,1878.61,593,2026-01-01T02:31:31Z
batch_0005,order_00009599,order_00007139,ETH-USD,1878.61,124,2026-01-01T02:39:58Z
batch_0005,order_00009599,order_00013694,ETH-USD,1878.74,85,2026-01-01T03:48:13Z
batch_0005,order_00009599,order_00011437,ETH-USD,1878.94,115,2026-01-01T03:10:36Z
batch_0005,order_00009599,order_00012568,ETH-USD,1879.0,286,2026-01-01T03:29:27Z
batch_0005,order_00008202,order_00012568,ETH-USD,1879.0,559,2026-01-01T03:29:27Z
batch_0005,order_00008202,order_00013997,ETH-USD,1879.0,131,2026-01-01T03:53:16Z
batch_0005,order_00007676,order_00013997,ETH-USD,1879.0,377,2026-01-01T03:53:16Z
batch_0005,order_00007676,order_00009422,ETH-USD,1879.13,561,2026-01-01T02:37:01Z
batch_0005,order_00016304,order_00009422,ETH-USD,1879.13,16,2026-01-01T04:31:43Z
batch_0005,order_00011036,order_00009422,ETH-USD,1879.13,37,2026-01-01T03:03:55Z
batch_0005,order_00011036,order_00010179,ETH-USD,1879.13,410,2026-01-01T03:03:55Z
batch_0005,order_00011036,order_00007089,ETH-USD,1879.17,50,2026-01-01T03:03:55Z
batch_0005,order_00010500,order_00007089,ETH-USD,1879.17,623,2026-01-01T02:54:59Z
batch_0005,order_00010500,order_00014300,ETH-USD,1879.36,272,2026-01-01T03:58:19Z
batch_0005,order_00010500,order_00008793,ETH-USD,1879.39,51,2026-01-01T02:54:59Z
batch_0005,order_00009421,order_00008793,ETH-USD,1879.39,442,2026-01-01T02:37:00Z
batch_0005,order_00013637,order_00008793,ETH-USD,1879.39,200,2026-01-01T03:47:16Z
batch_0005,order_00013637,order_00012469,ETH-USD,1879.39,132,2026-01-01T03:47:16Z
batch_0005,order_00013637,order_00014098,ETH-USD,1879.61,244,2026-01-01T03:54:57Z
batch_0005,order_00014087,order_00014098,ETH-USD,1879.61,135,2026-01-01T03:54:57Z
batch_0005,order_00014087,order_00009551,ETH-USD,1879.69,49,2026-01-01T03:54:46Z
batch_0005,order_00012626,order_00009551,ETH-USD,1879.69,104,2026-01-01T03:30:25Z
batch_0005,order_00007328,order_00009551,ETH-USD,1879.69,186,2026-01-01T02:39:10Z
batch_0005,order_00007328,order_00013990,ETH-USD,1879.75,107,2026-01-01T03:53:09Z
batch_0005,order_00015777,order_00013990,ETH-USD,1879.75,304,2026-01-01T04:22:56Z
batch_0005,order_00015777,order_00014501,ETH-USD,1879.93,255,2026-01-01T04:22:56Z
batch_0005,order_00012671,order_00014501,ETH-USD,1879.93,320,2026-01-01T04:01:40Z
batch_0005,order_00012671,order_00015473,ETH-USD,1880.05,543,2026-01-01T04:17:52Z
batch_0005,order_00016257,order_00015473,ETH-USD,1880.05,176,2026-01-01T04:30:56Z
batch_0005,order_00016257,order_00013496,ETH-USD,1880.09,97,2026-01-01T04:30:56Z
batch_0005,order_00008979,order_00013496,ETH-USD,1880.09,303,2026-01-01T03:44:55Z
batch_0005,order_00008979,order_00007190,ETH-USD,1880.23,661,2026-01-01T02:29:38Z
batch_0005,order_00010091,order_00007190,ETH-USD,1880.23,128,2026-01-01T02:48:10Z
batch_0005,order_00010091,order_00014065,ETH-USD,1880.23,129,2026-01-01T03:54:24Z
batch_0005,order_00008950,order_00014065,ETH-USD,1880.23,409,2026-01-01T03:54:24Z
batch_0005,order_00016285,order_00014065,ETH-USD,1880.23,250,2026-01-01T04:31:24Z
batch_0005,order_00016285,order_00010629,ETH-USD,1880.28,105,2026-01-01T04:31:24Z
batch_0005,order_00008305,order_00010629,ETH-USD,1880.28,595,2026-01-01T02:57:08Z
batch_0005,order_00014230,order_00010629,ETH-USD,1880.28,53,2026-01-01T03:57:09Z
batch_0005,order_00014230,order_00009850,ETH-USD,1880.37,166,2026-01-01T03:57:09Z
batch_0005,order_00008541,order_00009850,ETH-USD,1880.37,135,2026-01-01T02:44:09Z
batch_0005,order_00008541,order_00012483,ETH-USD,1880.5,151,2026-01-01T03:28:02Z
batch_0005,order_00008541,order_00008943,ETH-USD,1880.51,491,2026-01-01T02:29:02Z
batch_0005,order_00013272,order_00008943,ETH-USD,1880.51,245,2026-01-01T03:41:11Z
batch_0005,order_00009630,order_00008943,ETH-USD,1880.51,78,2026-01-01T02:40:29Z
batch_0005,order_00009630,order_00015434,ETH-USD,1880.64,91,2026-01-01T04:17:13Z
batch_0005,order_00009630,order_00013171,ETH-USD,1880.69,557,2026-01-01T03:39:30Z
batch_0005,order_00007433,order_00013171,ETH-USD,1880.69,103,2026-01-01T03:39:30Z
batch_0005,order_00007433,order_00013382,ETH-USD,1880.79,371,2026-01-01T03:43:01Z
batch_0005,order_00009859,order_00013382,ETH-USD,1880.79,125,2026-01-01T03:43:01Z
batch_0005,order_00009859,order_00008634,ETH-USD,1880.8,256,2026-01-01T02:44:18Z
batch_0005,order_00014161,order_00008634,ETH-USD,1880.8,573,2026-01-01T03:56:00Z
batch_0005,order_00014161,order_00016342,ETH-USD,1880.8,184,2026-01-01T04:32:21Z
batch_0005,order_00014161,order_00010523,ETH-USD,1880.87,242,2026-01-01T03:56:00Z
batch_0005,order_00014879,order_00010523,ETH-USD,1880.87,201,2026-01-01T04:07:58Z
batch_0005,order_00011933,order_00013954,ETH-USD,1880.9,455,2026-01-01T03:52:33Z
batch_0005,order_00011775,order_00013954,ETH-USD,1880.9,61,2026-01-01T03:52:33Z
batch_0005,order_00008342,order_00013954,ETH-USD,1880.9,24,2026-01-01T03:52:33Z
batch_0005,order_00008178,order_00013954,ETH-USD,1880.9,160,2026-01-01T03:52:33Z
batch_0005,order_00016592,order_00013954,ETH-USD,1880.9,110,2026-01-01T04:36:31Z
batch_0005,order_00016592,order_00007453,ETH-USD,1880.96,739,2026-01-01T04:36:31Z
batch_0005,order_00007418,order_00007453,ETH-USD,1880.96,57,2026-01-01T02:04:12Z
batch_0005,order_00007418,order_00008748,ETH-USD,1881.09,297,2026-01-01T02:25:47Z
batch_0005,order_00010197,order_00008748,ETH-USD,1881.09,241,2026-01-01T02:49:56Z
batch_0005,order_00010197,order_00016545,ETH-USD,1881.44,274,2026-01-01T04:35:44Z
batch_0005,order_00014890,order_00016545,ETH-USD,1881.44,78,2026-01-01T04:35:44Z
batch_0005,order_00014890,order_00015564,ETH-USD,1881.52,231,2026-01-01T04:19:23Z
batch_0005,order_00015013,order_00015564,ETH-USD,1881.52,76,2026-01-01T04:19:23Z
batch_0005,order_00015013,order_00009163,ETH-USD,1881.53,359,2026-01-01T04:10:12Z
batch_0005,order_00009765,order_00009163,ETH-USD,1881.53,366,2026-01-01T02:42:44Z
batch_0005,order_00009765,order_00009379,ETH-USD,1881.67,314,2026-01-01T02:42:44Z
batch_0005,order_00009463,order_00009379,ETH-USD,1881.67,318,2026-01-01T02:37:42Z
batch_0005,order_00009463,order_00007435,ETH-USD,1881.68,29,2026-01-01T02:37:42Z
batch_0005,order_00007171,order_00007435,ETH-USD,1881.68,359,2026-01-01T02:03:54Z
batch_0005,order_00016510,order_00007435,ETH-USD,1881.68,333,2026-01-01T04:35:09Z
batch_0005,order_00016510,order_00015143,ETH-USD,1881.69,31,2026-01-01T04:35:09Z
batch_0005,order_00012215,order_00015143,ETH-USD,1881.69,285,2026-01-01T04:12:22Z
batch_0005,order_00016036,order_00015143,ETH-USD,1881.69,475,2026-01-01T04:27:15Z
batch_0005,order_00014046,order_00015143,ETH-USD,1881.69,143,2026-01-01T04:12:22Z
batch_0005,order_00014046,order_00009361,ETH-USD,1881.77,35,2026-01-01T03:54:05Z
batch_0005,order_00014046,order_00012103,ETH-USD,1881.79,549,2026-01-01T03:54:05Z
batch_0005,order_00015093,order_00012103,ETH-USD,1881.79,240,2026-01-01T04:11:32Z
batch_0005,order_00010478,order_00012103,ETH-USD,1881.79,53,2026-01-01T03:21:42Z
batch_0005,order_00008496,order_00012103,ETH-USD,1881.79,33,2026-01-01T03:21:42Z
batch_0005,order_00008496,order_00007454,ETH-USD,1881.8,350,2026-01-01T02:21:35Z
batch_0005,order_00008496,order_00009794,ETH-USD,1881.83,478,2026-01-01T02:43:13Z
batch_0005,order_00012069,order_00009794,ETH-USD,1881.83,429,2026-01-01T03:21:08Z
batch_0005,order_00012069,order_00012897,ETH-USD,1881.88,259,2026-01-01T03:34:56Z
batch_0005,order_00007653,order_00012897,ETH-USD,1881.88,659,2026-01-01T03:34:56Z
batch_0005,order_00007653,order_00009756,ETH-USD,1881.99,341,2026-01-01T02:42:35Z
batch_0005,order_00012367,order_00009756,ETH-USD,1881.99,200,2026-01-01T03:26:06Z
batch_0005,order_00012367,order_00014632,ETH-USD,1882.02,271,2026-01-01T04:03:51Z
batch_0005,order_00013609,order_00014632,ETH-USD,1882.02,317,2026-01-01T04:03:51Z
batch_0005,order_00013609,order_00008741,ETH-USD,1882.11,165,2026-01-01T03:46:48Z
batch_0005,order_00013609,order_00006963,ETH-USD,1882.15,421,2026-01-01T03:46:48Z
batch_0005,order_00013609,order_00010938,ETH-USD,1882.17,30,2026-01-01T03:46:48Z
batch_0005,order_00008050,order_00010938,ETH-USD,1882.17,351,2026-01-01T03:02:17Z
batch_0005,order_00008050,order_00012832,ETH-USD,1882.21,78,2026-01-01T03:33:51Z
batch_0005,order_00007127,order_00012832,ETH-USD,1882.21,485,2026-01-01T03:33:51Z
batch_0005,order_00015076,order_00012832,ETH-USD,1882.21,110,2026-01-01T04:11:15Z
batch_0005,order_00015076,order_00010835,ETH-USD,1882.24,316,2026-01-01T04:11:15Z
batch_0005,order_00015076,order_00015942,ETH-USD,1882.53,186,2026-01-01T04:25:41Z
batch_0005,order_00007384,order_00015942,ETH-USD,1882.53,324,2026-01-01T04:25:41Z
batch_0005,order_00007384,order_00015399,ETH-USD,1882.65,566,2026-01-01T04:16:38Z
batch_0005,order_00015041,order_00015399,ETH-USD,1882.65,204,2026-01-01T04:16:38Z
batch_0005,order_00015041,order_00012904,ETH-USD,1882.78,96,2026-01-01T04:10:40Z
batch_0005,order_00011794,order_00012904,ETH-USD,1882.78,7,2026-01-01T03:35:03Z
batch_0005,order_00011794,order_00011026,ETH-USD,1882.81,60,2026-01-01T03:16:33Z
batch_0005,order_00007551,order_00011026,ETH-USD,1882.81,331,2026-01-01T03:03:45Z
batch_0005,order_00007551,order_00013212,ETH-USD,1883.05,402,2026-01-01T03:40:11Z
batch_0005,order_00007551,order_00009250,ETH-USD,1883.06,62,2026-01-01T02:34:09Z
batch_0005,order_00009847,order_00009250,ETH-USD,1883.06,761,2026-01-01T02:44:06Z
batch_0005,order_00009847,order_00016471,ETH-USD,1883.28,80,2026-01-01T04:34:30Z
batch_0005,order_00007681,order_00016471,ETH-USD,1883.28,97,2026-01-01T04:34:30Z
batch_0005,order_00007681,order_00013157,ETH-USD,1883.32,622,2026-01-01T03:39:16Z
batch_0005,order_00007681,order_00011940,ETH-USD,1883.52,206,2026-01-01T03:18:59Z
batch_0005,order_00013270,order_00011940,ETH-USD,1883.52,735,2026-01-01T03:41:09Z
batch_0005,order_00013270,order_00011189,ETH-USD,1883.65,26,2026-01-01T03:41:09Z
batch_0005,order_00013270,order_00011151,ETH-USD,1883.69,14,2026-01-01T03:41:09Z
batch_0005,order_00013270,order_00014023,ETH-USD,1883.81,120,2026-01-01T03:53:42Z
batch_0005,order_00013270,order_00015211,ETH-USD,1883.81,8,2026-01-01T04:13:30Z
batch_0005,order_00013270,order_00009447,ETH-USD,1883.83,47,2026-01-01T03:41:09Z
batch_0005,order_00013270,order_00012049,ETH-USD,1883.87,20,2026-01-01T03:41:09Z
batch_0005,order_00014592,order_00012049,ETH-USD,1883.87,145,2026-01-01T04:03:11Z
batch_0005,order_00014592,order_00012835,ETH-USD,1883.88,125,2026-01-01T04:03:11Z
batch_0005,order_00014592,order_00008762,ETH-USD,1883.92,14,2026-01-01T04:03:11Z
batch_0005,order_00014592,order_00009350,ETH-USD,1883.98,438,2026-01-01T04:03:11Z
batch_0005,order_00015456,order_00009350,ETH-USD,1883.98,212,2026-01-01T04:17:35Z
batch_0005,order_00011558,order_00009350,ETH-USD,1883.98,251,2026-01-01T03:12:37Z
batch_0005,order_00011558,order_00015045,ETH-USD,1883.99,514,2026-01-01T04:10:44Z
batch_0005,order_00011558,order_00006807,ETH-USD,1884.13,137,2026-01-01T03:12:37Z
batch_0005,order_00011558,order_00013847,ETH-USD,1884.2,36,2026-01-01T03:50:46Z
batch_0005,order_00008328,order_00013847,ETH-USD,1884.2,420,2026-01-01T03:50:46Z
batch_0005,order_00007249,order_00013847,ETH-USD,1884.2,94,2026-01-01T03:50:46Z
batch_0005,order_00007249,order_00014770,ETH-USD,1884.2,554,2026-01-01T04:06:09Z
batch_0005,order_00007249,order_00009364,ETH-USD,1884.22,264,2026-01-01T02:36:03Z
batch_0005,order_00013042,order_00009364,ETH-USD,1884.22,263,2026-01-01T03:37:21Z
batch_0005,order_00013042,order_00014726,ETH-USD,1884.23,277,2026-01-01T04:05:25Z
batch_0005,order_00013163,order_00014726,ETH-USD,1884.23,397,2026-01-01T04:05:25Z
batch_0005,order_00012918,order_00014726,ETH-USD,1884.23,20,2026-01-01T04:05:25Z
batch_0005,order_00012918,order_00011115,ETH-USD,1884.27,108,2026-01-01T03:35:17Z
batch_0005,order_00012918,order_00010667,ETH-USD,1884.29,150,2026-01-01T03:35:17Z
batch_0005,order_00012918,order_00013332,ETH-USD,1884.32,275,2026-01-01T03:42:11Z
batch_0005,order_00012918,order_00011771,ETH-USD,1884.49,155,2026-01-01T03:35:17Z
batch_0005,order_00012918,order_00009868,ETH-USD,1884.5,143,2026-01-01T03:35:17Z
batch_0005,order_00013537,order_00009868,ETH-USD,1884.5,276,2026-01-01T03:45:36Z
batch_0005,order_00006645,order_00009868,ETH-USD,1884.5,211,2026-01-01T02:44:27Z
batch_0005,order_00006645,order_00012820,ETH-USD,1884.62,432,2026-01-01T03:33:39Z
batch_0005,order_00006645,order_00009213,ETH-USD,1884.63,116,2026-01-01T02:33:32Z
batch_0005,order_00006645,order_00010497,ETH-USD,1884.65,126,2026-01-01T02:54:56Z
batch_0005,order_00006645,order_00016046,ETH-USD,1884.69,54,2026-01-01T04:27:25Z
batch_0005,order_00008981,order_00016046,ETH-USD,1884.69,59,2026-01-01T04:27:25Z
batch_0005,order_00008981,order_00010333,ETH-USD,1884.73,828,2026-01-01T02:52:12Z
batch_0005,order_00008981,order_00013566,ETH-USD,1884.8,73,2026-01-01T03:46:05Z
batch_0005,order_00008152,order_00013566,ETH-USD,1884.8,322,2026-01-01T03:46:05Z
batch_0005,order_00008152,order_00010564,ETH-USD,1884.86,67,2026-01-01T02:56:03Z
batch_0005,order_00010737,order_00010564,ETH-USD,1884.86,240,2026-01-01T02:58:56Z
batch_0005,order_00013277,order_00010564,ETH-USD,1884.86,169,2026-01-01T03:41:16Z
batch_0005,order_00006975,order_00010564,ETH-USD,1884.86,141,2026-01-01T02:56:03Z
batch_0005,order_00006975,order_00016480,ETH-USD,1884.93,352,2026-01-01T04:34:39Z
batch_0005,order_00008500,order_00016480,ETH-USD,1884.93,241,2026-01-01T04:34:39Z
batch_0005,order_00008500,order_00009627,ETH-USD,1885.01,654,2026-01-01T02:40:26Z
batch_0005,order_00015170,order_00009627,ETH-USD,1885.01,297,2026-01-01T04:12:49Z
batch_0005,order_00015170,order_00009574,ETH-USD,1885.28,428,2026-01-01T04:12:49Z
batch_0005,order_00015170,order_00016367,ETH-USD,1885.41,271,2026-01-01T04:32:46Z
batch_0005,order_00013491,order_00016367,ETH-USD,1885.41,649,2026-01-01T04:32:46Z
batch_0005,order_00013491,order_00007074,ETH-USD,1885.46,210,2026-01-01T03:44:50Z
batch_0005,order_00014303,order_00007074,ETH-USD,1885.46,115,2026-01-01T03:58:22Z
batch_0005,order_00014303,order_00010823,ETH-USD,1885.76,309,2026-01-01T03:58:22Z
batch_0005,order_00013208,order_00010823,ETH-USD,1885.76,22,2026-01-01T03:40:07Z
batch_0005,order_00013208,order_00011084,ETH-USD,1885.87,469,2026-01-01T03:40:07Z
batch_0005,order_00011176,order_00011084,ETH-USD,1885.87,212,2026-01-01T03:06:15Z
batch_0005,order_00011104,order_00011084,ETH-USD,1885.87,49,2026-01-01T03:05:03Z
batch_0005,order_00011104,order_00009844,ETH-USD,1885.88,459,2026-01-01T03:05:03Z
batch_0005,order_00007799,order_00009844,ETH-USD,1885.88,221,2026-01-01T02:44:03Z
batch_0005,order_00007799,order_00008231,ETH-USD,1885.91,109,2026-01-01T02:17:10Z
batch_0005,order_00014356,order_00008231,ETH-USD,1885.91,52,2026-01-01T03:59:15Z
batch_0005,order_00006905,order_00008231,ETH-USD,1885.91,556,2026-01-01T02:17:10Z
batch_0005,order_00006905,order_00007958,ETH-USD,1886.01,68,2026-01-01T02:12:37Z
batch_0005,order_00007449,order_00007958,ETH-USD,1886.01,447,2026-01-01T02:12:37Z
batch_0005,order_00007449,order_00007415,ETH-USD,1886.06,481,2026-01-01T02:04:08Z
batch_0005,order_00013121,order_00007415,ETH-USD,1886.06,424,2026-01-01T03:38:40Z
batch_0005,order_00013321,order_00007415,ETH-USD,1886.06,48,2026-01-01T03:42:00Z
batch_0005,order_00013321,order_00013783,ETH-USD,1886.18,357,2026-01-01T03:49:42Z
batch_0005,order_00013321,order_00015411,ETH-USD,1886.19,124,2026-01-01T04:16:50Z
batch_0005,order_00013321,order_00006749,ETH-USD,1886.43,7,2026-01-01T03:42:00Z
batch_0005,order_00013321,order_00010034,ETH-USD,1886.46,118,2026-01-01T03:42:00Z
batch_0005,order_00015848,order_00010034,ETH-USD,1886.46,197,2026-01-01T04:24:07Z
batch_0005,order_00015848,order_00012745,ETH-USD,1886.65,130,2026-01-01T04:24:07Z
batch_0005,order_00007794,order_00012745,ETH-USD,1886.65,529,2026-01-01T03:32:24Z
batch_0005,order_00015113,order_00012745,ETH-USD,1886.65,143,2026-01-01T04:11:52Z
batch_0005,order_00015113,order_00013494,ETH-USD,1886.66,235,2026-01-01T04:11:52Z
batch_0005,order_00016395,order_00013494,ETH-USD,1886.66,184,2026-01-01T04:33:14Z
batch_0005,order_00016395,order_00009459,ETH-USD,1886.67,221,2026-01-01T04:33:14Z
batch_0005,order_00016395,order_00007420,ETH-USD,1886.69,50,2026-01-01T04:33:14Z
batch_0005,order_00016395,order_00010043,ETH-USD,1886.7,188,2026-01-01T04:33:14Z
batch_0005,order_00011384,order_00010043,ETH-USD,1886.7,383,2026-01-01T03:09:43Z
batch_0005,order_00011384,order_00015804,ETH-USD,1886.89,109,2026-01-01T04:23:23Z
batch_0005,order_00011894,order_00015804,ETH-USD,1886.89,738,2026-01-01T04:23:23Z
batch_0005,order_00011894,order_00012810,ETH-USD,1887.03,74,2026-01-01T03:33:29Z
batch_0005,order_00015720,order_00012810,ETH-USD,1887.03,668,2026-01-01T04:21:59Z
batch_0005,order_00015720,order_00009383,ETH-USD,1887.08,139,2026-01-01T04:21:59Z
batch_0005,order_00007172,order_00009383,ETH-USD,1887.08,411,2026-01-01T02:36:22Z
batch_0005,order_00013362,order_00009383,ETH-USD,1887.08,334,2026-01-01T03:42:41Z
batch_0005,order_00013362,order_00011615,ETH-USD,1887.08,392,2026-01-01T03:42:41Z
batch_0005,order_00011416,order_00011615,ETH-USD,1887.08,19,2026-01-01T03:13:34Z
batch_0005,order_00011416,order_00016266,ETH-USD,1887.08,167,2026-01-01T04:31:05Z
batch_0005,order_00011416,order_00009085,ETH-USD,1887.33,202,2026-01-01T03:10:15Z
batch_0005,order_00012595,order_00009085,ETH-USD,1887.33,234,2026-01-01T03:29:54Z
batch_0005,order_00014597,order_00009085,ETH-USD,1887.33,46,2026-01-01T04:03:16Z
batch_0005,order_00014597,order_00009619,ETH-USD,1887.34,538,2026-01-01T04:03:16Z
batch_0005,order_00014597,order_00007169,ETH-USD,1887.38,201,2026-01-01T04:03:16Z
batch_0005,order_00015549,order_00007169,ETH-USD,1887.38,29,2026-01-01T04:19:08Z
batch_0005,order_00015549,order_00013271,ETH-USD,1887.41,466,2026-01-01T04:19:08Z
batch_0005,order_00015549,order_00007007,ETH-USD,1887.45,22,2026-01-01T04:19:08Z
batch_0005,order_00009704,order_00007007,ETH-USD,1887.45,25,2026-01-01T02:41:43Z
batch_0005,order_00016437,order_00007007,ETH-USD,1887.45,445,2026-01-01T04:33:56Z
batch_0005,order_00016437,order_00014467,ETH-USD,1887.74,217,2026-01-01T04:33:56Z
batch_0005,order_00007121,order_00014467,ETH-USD,1887.74,718,2026-01-01T04:01:06Z
batch_0005,order_00007121,order_00011721,ETH-USD,1887.8,137,2026-01-01T03:15:20Z
batch_0005,order_00014583,order_00011721,ETH-USD,1887.8,330,2026-01-01T04:03:02Z
batch_0005,order_00014583,order_00014515,ETH-USD,1887.9,418,2026-01-01T04:03:02Z
batch_0005,order_00007012,order_00014515,ETH-USD,1887.9,567,2026-01-01T04:01:54Z
batch_0005,order_00007012,order_00014224,ETH-USD,1888.1,6,2026-01-01T03:57:03Z
batch_0005,order_00007577,order_00014224,ETH-USD,1888.1,18,2026-01-01T03:57:03Z
batch_0005,order_00007290,order_00014224,ETH-USD,1888.1,471,2026-01-01T03:57:03Z
batch_0005,order_00009285,order_00014224,ETH-USD,1888.1,166,2026-01-01T03:57:03Z
batch_0005,order_00009285,order_00007366,ETH-USD,1888.13,194,2026-01-01T02:34:44Z
batch_0005,order_00015158,order_00007366,ETH-USD,1888.13,309,2026-01-01T04:12:37Z
batch_0005,order_00010145,order_00007366,ETH-USD,1888.13,319,2026-01-01T02:49:04Z
batch_0005,order_00013096,order_00007366,ETH-USD,1888.13,76,2026-01-01T03:38:15Z
batch_0005,order_00013096,order_00012296,ETH-USD,1888.16,293,2026-01-01T03:38:15Z
batch_0005,order_00010411,order_00012296,ETH-USD,1888.16,205,2026-01-01T03:24:55Z
batch_0005,order_00010411,order_00010457,ETH-USD,1888.23,219,2026-01-01T02:54:16Z
batch_0005,order_00008694,order_00010457,ETH-USD,1888.23,74,2026-01-01T02:54:16Z
batch_0005,order_00015062,order_00010457,ETH-USD,1888.23,690,2026-01-01T04:11:01Z
batch_0005,order_00015062,order_00007350,ETH-USD,1888.27,117,2026-01-01T04:11:01Z
batch_0005,order_00008211,order_00007350,ETH-USD,1888.27,308,2026-01-01T02:16:50Z
batch_0005,order_00008211,order_00009938,ETH-USD,1888.33,127,2026-01-01T02:45:37Z
batch_0005,order_00008211,order_00015000,ETH-USD,1888.35,126,2026-01-01T04:09:59Z
batch_0005,order_00008211,order_00015374,ETH-USD,1888.35,169,2026-01-01T04:16:13Z
batch_0005,order_00015911,order_00015374,ETH-USD,1888.35,108,2026-01-01T04:25:10Z
batch_0005,order_00015911,order_00007223,ETH-USD,1888.36,218,2026-01-01T04:25:10Z
batch_0005,order_00008283,order_00007223,ETH-USD,1888.36,223,2026-01-01T02:18:02Z
batch_0005,order_00013748,order_00007223,ETH-USD,1888.36,172,2026-01-01T03:49:07Z
batch_0005,order_00013748,order_00011524,ETH-USD,1888.68,660,2026-01-01T03:49:07Z
batch_0005,order_00013748,order_00007456,ETH-USD,1888.79,49,2026-01-01T03:49:07Z
batch_0005,order_00011792,order_00007456,ETH-USD,1888.79,334,2026-01-01T03:16:31Z
batch_0005,order_00008843,order_00007456,ETH-USD,1888.79,280,2026-01-01T02:27:22Z
batch_0005,order_00008843,order_00014854,ETH-USD,1888.85,376,2026-01-01T04:07:33Z
batch_0005,order_00012661,order_00014854,ETH-USD,1888.85,362,2026-01-01T04:07:33Z
batch_0005,order_00012661,order_00007922,ETH-USD,1888.94,201,2026-01-01T03:31:00Z
batch_0005,order_00012661,order_00010350,ETH-USD,1889.02,63,2026-01-01T03:31:00Z
batch_0005,order_00014122,order_00010350,ETH-USD,1889.02,771,2026-01-01T03:55:21Z
batch_0005,order_00014122,order_00013116,ETH-USD,1889.12,3,2026-01-01T03:55:21Z
batch_0005,order_00014122,order_00015152,ETH-USD,1889.18,97,2026-01-01T04:12:31Z
batch_0005,order_00008199,order_00015152,ETH-USD,1889.18,563,2026-01-01T04:12:31Z
batch_0005,order_00014939,order_00015152,ETH-USD,1889.18,166,2026-01-01T04:12:31Z
batch_0005,order_00014939,order_00016051,ETH-USD,1889.21,208,2026-01-01T04:27:30Z
batch_0005,order_00014521,order_00016051,ETH-USD,1889.21,7,2026-01-01T04:27:30Z
batch_0005,order_00013546,order_00016051,ETH-USD,1889.21,492,2026-01-01T04:27:30Z
batch_0005,order_00013546,order_00013693,ETH-USD,1889.23,151,2026-01-01T03:48:12Z
batch_0005,order_00011816,order_00013693,ETH-USD,1889.23,177,2026-01-01T03:48:12Z
batch_0005,order_00015225,order_00013693,ETH-USD,1889.23,294,2026-01-01T04:13:44Z
batch_0005,order_00011825,order_00013693,ETH-USD,1889.23,253,2026-01-01T03:48:12Z
batch_0005,order_00011825,order_00008557,ETH-USD,1889.36,299,2026-01-01T03:17:04Z
batch_0005,order_00011825,order_00007638,ETH-USD,1889.38,379,2026-01-01T03:17:04Z
batch_0005,order_00014495,order_00007638,ETH-USD,1889.38,129,2026-01-01T04:01:34Z
batch_0005,order_00014495,order_00007630,ETH-USD,1889.52,591,2026-01-01T04:01:34Z
batch_0005,order_00016241,order_00007630,ETH-USD,1889.52,254,2026-01-01T04:30:40Z
batch_0005,order_00016241,order_00015235,ETH-USD,1889.54,270,2026-01-01T04:30:40Z
batch_0005,order_00016389,order_00015235,ETH-USD,1889.54,152,2026-01-01T04:33:08Z
batch_0005,order_00012696,order_00015235,ETH-USD,1889.54,2,2026-01-01T04:13:54Z
batch_0005,order_00008760,order_00015235,ETH-USD,1889.54,232,2026-01-01T04:13:54Z
batch_0005,order_00008760,order_00012653,ETH-USD,1889.55,319,2026-01-01T03:30:52Z
batch_0005,order_00009318,order_00012653,ETH-USD,1889.55,112,2026-01-01T03:30:52Z
batch_0005,order_00015081,order_00012653,ETH-USD,1889.55,322,2026-01-01T04:11:20Z
batch_0005,order_00015081,order_00009910,ETH-USD,1889.68,308,2026-01-01T04:11:20Z
batch_0005,order_00014925,order_00009910,ETH-USD,1889.68,480,2026-01-01T04:08:44Z
batch_0005,order_00011568,order_00009910,ETH-USD,1889.68,150,2026-01-01T03:12:47Z
batch_0005,order_00011568,order_00009129,ETH-USD,1889.7,447,2026-01-01T03:12:47Z
batch_0005,order_00009158,order_00009129,ETH-USD,1889.7,126,2026-01-01T02:32:37Z
batch_0005,order_00009158,order_00014824,ETH-USD,1889.76,490,2026-01-01T04:07:03Z
batch_0005,order_00009083,order_00014824,ETH-USD,1889.76,483,2026-01-01T04:07:03Z
batch_0005,order_00009083,order_00011006,ETH-USD,1889.79,248,2026-01-01T03:03:25Z
batch_0005,order_00008833,order_00011006,ETH-USD,1889.79,705,2026-01-01T03:03:25Z
batch_0005,order_00008833,order_00013892,ETH-USD,1889.84,87,2026-01-01T03:51:31Z
batch_0005,order_00012817,order_00013892,ETH-USD,1889.84,308,2026-01-01T03:51:31Z
batch_0005,order_00007941,order_00013892,ETH-USD,1889.84,473,2026-01-01T03:51:31Z
batch_0005,order_00007941,order_00013368,ETH-USD,1890.05,10,2026-01-01T03:42:47Z
batch_0005,order_00009365,order_00013368,ETH-USD,1890.05,650,2026-01-01T03:42:47Z
batch_0005,order_00016486,order_00013368,ETH-USD,1890.05,320,2026-01-01T04:34:45Z
batch_0005,order_00016486,order_00012088,ETH-USD,1890.08,127,2026-01-01T04:34:45Z
batch_0005,order_00016486,order_00009110,ETH-USD,1890.16,49,2026-01-01T04:34:45Z
batch_0005,order_00016486,order_00015835,ETH-USD,1890.29,104,2026-01-01T04:34:45Z
batch_0005,order_00016486,order_00013445,ETH-USD,1890.34,98,2026-01-01T04:34:45Z
batch_0005,order_00006984,order_00013445,ETH-USD,1890.34,20,2026-01-01T03:44:04Z
batch_0005,order_00006984,order_00014734,ETH-USD,1890.45,84,2026-01-01T04:05:33Z
batch_0005,order_00015729,order_00014734,ETH-USD,1890.45,131,2026-01-01T04:22:08Z
batch_0005,order_00015729,order_00014738,ETH-USD,1890.55,65,2026-01-01T04:22:08Z
batch_0005,order_00013607,order_00014738,ETH-USD,1890.55,105,2026-01-01T04:05:37Z
batch_0005,order_00008632,order_00014738,ETH-USD,1890.55,797,2026-01-01T04:05:37Z
batch_0005,order_00008632,order_00015273,ETH-USD,1890.65,182,2026-01-01T04:14:32Z
batch_0005,order_00009877,order_00015273,ETH-USD,1890.65,682,2026-01-01T04:14:32Z
batch_0005,order_00009877,order_00006655,ETH-USD,1890.73,19,2026-01-01T02:44:36Z
batch_0005,order_00014678,order_00006655,ETH-USD,1890.73,282,2026-01-01T04:04:37Z
batch_0005,order_00015932,order_00006655,ETH-USD,1890.73,377,2026-01-01T04:25:31Z
batch_0005,order_00015932,order_00006994,ETH-USD,1890.73,361,2026-01-01T04:25:31Z
batch_0005,order_00009337,order_00006994,ETH-USD,1890.73,342,2026-01-01T02:35:36Z
batch_0005,order_00015355,order_00006994,ETH-USD,1890.73,256,2026-01-01T04:15:54Z
batch_0005,order_00015355,order_00012019,ETH-USD,1890.97,540,2026-01-01T04:15:54Z
batch_0005,order_00015355,order_00007108,ETH-USD,1891.13,136,2026-01-01T04:15:54Z
batch_0005,order_00015057,order_00007108,ETH-USD,1891.13,62,2026-01-01T04:10:56Z
batch_0005,order_00015057,order_00007754,ETH-USD,1891.13,333,2026-01-01T04:10:56Z
batch_0005,order_00010321,order_00007754,ETH-USD,1891.13,324,2026-01-01T02:52:00Z
batch_0005,order_00010321,order_00009399,ETH-USD,1891.14,126,2026-01-01T02:52:00Z
batch_0005,order_00007613,order_00009399,ETH-USD,1891.14,25,2026-01-01T02:36:38Z
batch_0005,order_00014032,order_00009399,ETH-USD,1891.14,274,2026-01-01T03:53:51Z
batch_0005,order_00014032,order_00012468,ETH-USD,1891.31,311,2026-01-01T03:53:51Z
batch_0005,order_00012791,order_00012468,ETH-USD,1891.31,489,2026-01-01T03:33:10Z
batch_0005,order_00012791,order_00013007,ETH-USD,1891.34,70,2026-01-01T03:36:46Z
batch_0005,order_00007519,order_00013007,ETH-USD,1891.34,730,2026-01-01T03:36:46Z
batch_0005,order_00013711,order_00013007,ETH-USD,1891.34,171,2026-01-01T03:48:30Z
batch_0005,order_00013711,order_00013198,ETH-USD,1891.36,32,2026-01-01T03:48:30Z
batch_0005,order_00013711,order_00014483,ETH-USD,1891.39,46,2026-01-01T04:01:22Z
batch_0005,order_00016069,order_00014483,ETH-USD,1891.39,944,2026-01-01T04:27:48Z
batch_0005,order_00016069,order_00012898,ETH-USD,1891.48,8,2026-01-01T04:27:48Z
batch_0005,order_00007874,order_00012898,ETH-USD,1891.48,39,2026-01-01T03:34:57Z
batch_0005,order_00014557,order_00012898,ETH-USD,1891.48,313,2026-01-01T04:02:36Z
batch_0005,order_00014557,order_00008614,ETH-USD,1891.5,208,2026-01-01T04:02:36Z
batch_0005,order_00011164,order_00008614,ETH-USD,1891.5,107,2026-01-01T03:06:03Z
batch_0005,order_00013959,order_00008614,ETH-USD,1891.5,411,2026-01-01T03:52:38Z
batch_0005,order_00013959,order_00014716,ETH-USD,1891.73,72,2026-01-01T04:05:15Z
batch_0005,order_00015594,order_00014716,ETH-USD,1891.73,554,2026-01-01T04:19:53Z
batch_0005,order_00015594,order_00013289,ETH-USD,1891.77,69,2026-01-01T04:19:53Z
batch_0005,order_00014341,order_00013289,ETH-USD,1891.77,747,2026-01-01T03:59:00Z
batch_0005,order_00012192,order_00013289,ETH-USD,1891.77,14,2026-01-01T03:41:28Z
batch_0005,order_00012192,order_00009490,ETH-USD,1891.82,666,2026-01-01T03:23:11Z
batch_0005,order_00012192,order_00009711,ETH-USD,1891.83,192,2026-01-01T03:23:11Z
batch_0005,order_00008101,order_00009711,ETH-USD,1891.83,192,2026-01-01T02:41:50Z
batch_0005,order_00008101,order_00008967,ETH-USD,1891.86,139,2026-01-01T02:29:26Z
batch_0005,order_00014637,order_00008967,ETH-USD,1891.86,217,2026-01-01T04:03:56Z
batch_0005,order_00016443,order_00008967,ETH-USD,1891.86,116,2026-01-01T04:34:02Z
batch_0005,order_00015177,order_00008967,ETH-USD,1891.86,77,2026-01-01T04:12:56Z
batch_0005,order_00012828,order_00008967,ETH-USD,1891.86,93,2026-01-01T03:33:47Z
batch_0005,order_00012828,order_00011081,ETH-USD,1891.9,107,2026-01-01T03:33:47Z
batch_0005,order_00014245,order_00011081,ETH-USD,1891.9,160,2026-01-01T03:57:24Z
batch_0005,order_00015695,order_00011081,ETH-USD,1891.9,11,2026-01-01T04:21:34Z
batch_0005,order_00006745,order_00011081,ETH-USD,1891.9,410,2026-01-01T03:04:40Z
batch_0005,order_00006745,order_00013051,ETH-USD,1891.94,310,2026-01-01T03:37:30Z
batch_0005,order_00010796,order_00013051,ETH-USD,1891.94,447,2026-01-01T03:37:30Z
batch_0005,order_00010796,order_00010781,ETH-USD,1892.0,294,2026-01-01T02:59:55Z
batch_0005,order_00008229,order_00010781,ETH-USD,1892.0,687,2026-01-01T02:59:40Z
batch_0005,order_00008229,order_00009496,ETH-USD,1892.01,90,2026-01-01T02:38:15Z
batch_0005,order_00008518,order_00009496,ETH-USD,1892.01,410,2026-01-01T02:38:15Z
batch_0005,order_00013275,order_00009496,ETH-USD,1892.01,299,2026-01-01T03:41:14Z
batch_0005,order_00013275,order_00007853,ETH-USD,1892.2,555,2026-01-01T03:41:14Z
batch_0005,order_00016453,order_00007853,ETH-USD,1892.2,258,2026-01-01T04:34:12Z
batch_0005,order_00016453,order_00007525,ETH-USD,1892.26,187,2026-01-01T04:34:12Z
batch_0005,order_00007059,order_00007525,ETH-USD,1892.26,597,2026-01-01T02:05:24Z
batch_0005,order_00007998,order_00007525,ETH-USD,1892.26,188,2026-01-01T02:13:17Z
batch_0005,order_00007998,order_00013013,ETH-USD,1892.27,166,2026-01-01T03:36:52Z
batch_0005,order_00011637,order_00013013,ETH-USD,1892.27,445,2026-01-01T03:36:52Z
batch_0005,order_00015495,order_00013013,ETH-USD,1892.27,266,2026-01-01T04:18:14Z
batch_0005,order_00015495,order_00011780,ETH-USD,1892.38,92,2026-01-01T04:18:14Z
batch_0005,order_00015495,order_00009960,ETH-USD,1892.54,437,2026-01-01T04:18:14Z
batch_0005,order_00010731,order_00009960,ETH-USD,1892.54,505,2026-01-01T02:58:50Z
batch_0005,order_00010731,order_00013893,ETH-USD,1892.74,263,2026-01-01T03:51:32Z
batch_0005,order_00006605,order_00013893,ETH-USD,1892.74,651,2026-01-01T03:51:32Z
batch_0005,order_00013317,order_00013893,ETH-USD,1892.74,12,2026-01-01T03:51:32Z
batch_0005,order_00013317,order_00016279,ETH-USD,1892.78,48,2026-01-01T04:31:18Z
batch_0005,order_00009320,order_00016279,ETH-USD,1892.78,725,2026-01-01T04:31:18Z
batch_0005,order_00009320,order_00010232,ETH-USD,1892.81,127,2026-01-01T02:50:31Z
batch_0005,order_00011077,order_00010232,ETH-USD,1892.81,569,2026-01-01T03:04:36Z
batch_0005,order_00011077,order_00006746,ETH-USD,1892.84,373,2026-01-01T03:04:36Z
batch_0005,order_00011077,order_00011166,ETH-USD,1892.89,17,2026-01-01T03:06:05Z
batch_0005,order_00006935,order_00011166,ETH-USD,1892.89,638,2026-01-01T03:06:05Z
batch_0005,order_00007267,order_00011166,ETH-USD,1892.89,152,2026-01-01T03:06:05Z
batch_0005,order_00007267,order_00012106,ETH-USD,1892.94,76,2026-01-01T03:21:45Z
batch_0005,order_00011272,order_00012106,ETH-USD,1892.94,688,2026-01-01T03:21:45Z
batch_0005,order_00011272,order_00009872,ETH-USD,1893.03,72,2026-01-01T03:07:51Z
batch_0005,order_00014795,order_00009872,ETH-USD,1893.03,485,2026-01-01T04:06:34Z
batch_0005,order_00014795,order_00014390,ETH-USD,1893.03,352,2026-01-01T04:06:34Z
batch_0005,order_00016165,order_00014390,ETH-USD,1893.03,587,2026-01-01T04:29:24Z
batch_0005,order_00016165,order_00013752,ETH-USD,1893.1,175,2026-01-01T04:29:24Z
batch_0005,order_00015621,order_00013752,ETH-USD,1893.1,528,2026-01-01T04:20:20Z
batch_0005,order_00009507,order_00013752,ETH-USD,1893.1,145,2026-01-01T03:49:11Z
batch_0005,order_00013131,order_00013752,ETH-USD,1893.1,42,2026-01-01T03:49:11Z
batch_0005,order_00013131,order_00007543,ETH-USD,1893.11,621,2026-01-01T03:38:50Z
batch_0005,order_00013131,order_00016312,ETH-USD,1893.19,13,2026-01-01T04:31:51Z
batch_0005,order_00013131,order_00008914,ETH-USD,1893.27,91,2026-01-01T03:38:50Z
batch_0005,order_00007791,order_00008914,ETH-USD,1893.27,38,2026-01-01T02:28:33Z
batch_0005,order_00011283,order_00008914,ETH-USD,1893.27,59,2026-01-01T03:08:02Z
batch_0005,order_00008027,order_00008914,ETH-USD,1893.27,336,2026-01-01T02:28:33Z
batch_0005,order_00008027,order_00007806,ETH-USD,1893.31,405,2026-01-01T02:13:46Z
batch_0005,order_00008027,order_00009978,ETH-USD,1893.31,176,2026-01-01T02:46:17Z
batch_0005,order_00011196,order_00009978,ETH-USD,1893.31,94,2026-01-01T03:06:35Z
batch_0005,order_00011196,order_00009146,ETH-USD,1893.42,429,2026-01-01T03:06:35Z
batch_0005,order_00011926,order_00009146,ETH-USD,1893.42,18,2026-01-01T03:18:45Z
batch_0005,order_00011926,order_00013708,ETH-USD,1893.72,259,2026-01-01T03:48:27Z
batch_0005,order_00012138,order_00013708,ETH-USD,1893.72,619,2026-01-01T03:48:27Z
batch_0005,order_00016281,order_00013708,ETH-USD,1893.72,6,2026-01-01T04:31:20Z
batch_0005,order_00015661,order_00013708,ETH-USD,1893.72,1,2026-01-01T04:21:00Z
batch_0005,order_00015661,order_00011922,ETH-USD,1893.89,86,2026-01-01T04:21:00Z
batch_0005,order_00011113,order_00011922,ETH-USD,1893.89,213,2026-01-01T03:18:41Z
batch_0005,order_00011113,order_00012521,ETH-USD,1893.97,101,2026-01-01T03:28:40Z
batch_0005,order_00011113,order_00009641,ETH-USD,1894.02,98,2026-01-01T03:05:12Z
batch_0005,order_00009680,order_00009641,ETH-USD,1894.02,670,2026-01-01T02:41:19Z
batch_0005,order_00009680,order_00013334,ETH-USD,1894.06,195,2026-01-01T03:42:13Z
batch_0005,order_00015477,order_00013334,ETH-USD,1894.06,485,2026-01-01T04:17:56Z
batch_0005,order_00015477,order_00010171,ETH-USD,1894.11,68,2026-01-01T04:17:56Z
batch_0005,order_00011024,order_00010171,ETH-USD,1894.11,224,2026-01-01T03:03:43Z
batch_0005,order_00012741,order_00010171,ETH-USD,1894.11,301,2026-01-01T03:32:20Z
batch_0005,order_00016060,order_00013458,ETH-USD,1894.12,623,2026-01-01T04:27:39Z
batch_0005,order_00011139,order_00013458,ETH-USD,1894.12,45,2026-01-01T03:44:17Z
batch_0005,order_00011139,order_00008725,ETH-USD,1894.15,350,2026-01-01T03:05:38Z
batch_0005,order_00010384,order_00008725,ETH-USD,1894.15,627,2026-01-01T02:53:03Z
batch_0005,order_00010384,order_00016020,ETH-USD,1894.32,306,2026-01-01T04:26:59Z
batch_0005,order_00009939,order_00016020,ETH-USD,1894.32,62,2026-01-01T04:26:59Z
batch_0005,order_00009939,order_00006719,ETH-USD,1894.69,548,2026-01-01T02:45:38Z
batch_0005,order_00010118,order_00006719,ETH-USD,1894.69,8,2026-01-01T02:48:37Z
batch_0005,order_00015160,order_00006719,ETH-USD,1894.69,184,2026-01-01T04:12:39Z
batch_0005,order_00015160,order_00015423,ETH-USD,1894.76,443,2026-01-01T04:17:02Z
batch_0005,order_00015160,order_00009863,ETH-USD,1894.95,85,2026-01-01T04:12:39Z
batch_0005,order_00011596,order_00009863,ETH-USD,1894.95,123,2026-01-01T03:13:15Z
batch_0005,order_00007706,order_00009863,ETH-USD,1894.95,544,2026-01-01T02:44:22Z
batch_0005,order_00007706,order_00010817,ETH-USD,1895.05,349,2026-01-01T03:00:16Z
batch_0005,order_00013350,order_00010817,ETH-USD,1895.05,39,2026-01-01T03:42:29Z
batch_0005,order_00013350,order_00016292,ETH-USD,1895.07,565,2026-01-01T04:31:31Z
batch_0005,order_00011232,order_00016292,ETH-USD,1895.07,130,2026-01-01T04:31:31Z
batch_0005,order_00011232,order_00007699,ETH-USD,1895.1,49,2026-01-01T03:07:11Z
batch_0005,order_00011232,order_00011056,ETH-USD,1895.18,119,2026-01-01T03:07:11Z
batch_0005,order_00013027,order_00011056,ETH-USD,1895.18,399,2026-01-01T03:37:06Z
batch_0005,order_00013027,order_00007858,ETH-USD,1895.25,412,2026-01-01T03:37:06Z
batch_0005,order_00009591,order_00007858,ETH-USD,1895.25,564,2026-01-01T02:39:50Z
batch_0005,order_00009591,order_00011202,ETH-USD,1895.61,232,2026-01-01T03:06:41Z
batch_0005,order_00014959,order_00011202,ETH-USD,1895.61,142,2026-01-01T04:09:18Z
batch_0005,order_00016467,order_00011202,ETH-USD,1895.61,126,2026-01-01T04:34:26Z
batch_0005,order_00012295,order_00011202,ETH-USD,1895.61,439,2026-01-01T03:24:54Z
batch_0005,order_00012295,order_00014671,ETH-USD,1895.69,416,2026-01-01T04:04:30Z
batch_0005,order_00007037,order_00014671,ETH-USD,1895.69,318,2026-01-01T04:04:30Z
batch_0005,order_00007037,order_00013869,ETH-USD,1895.73,638,2026-01-01T03:51:08Z
batch_0005,order_00009264,order_00013869,ETH-USD,1895.73,230,2026-01-01T03:51:08Z
batch_0005,order_00009264,order_00012073,ETH-USD,1895.74,88,2026-01-01T03:21:12Z
batch_0005,order_00009264,order_00007932,ETH-USD,1895.77,310,2026-01-01T02:34:23Z
batch_0005,order_00015021,order_00007932,ETH-USD,1895.77,356,2026-01-01T04:10:20Z
batch_0005,order_00015021,order_00010477,ETH-USD,1895.85,611,2026-01-01T04:10:20Z
batch_0005,order_00015668,order_00010477,ETH-USD,1895.85,196,2026-01-01T04:21:07Z
batch_0005,order_00015668,order_00014523,ETH-USD,1895.91,325,2026-01-01T04:21:07Z
batch_0005,order_00015668,order_00014698,ETH-USD,1895.93,108,2026-01-01T04:21:07Z
batch_0005,order_00015668,order_00014205,ETH-USD,1895.95,125,2026-01-01T04:21:07Z
batch_0005,order_00010912,order_00014205,ETH-USD,1895.95,7,2026-01-01T03:56:44Z
batch_0005,order_00010912,order_00007936,ETH-USD,1896.01,438,2026-01-01T03:01:51Z
batch_0005,order_00012030,order_00007936,ETH-USD,1896.01,365,2026-01-01T03:20:29Z
batch_0005,order_00012030,order_00006809,ETH-USD,1896.03,330,2026-01-01T03:20:29Z
batch_0005,order_00012030,order_00012169,ETH-USD,1896.11,239,2026-01-01T03:22:48Z
batch_0005,order_00013787,order_00012169,ETH-USD,1896.11,77,2026-01-01T03:49:46Z
batch_0005,order_00013787,order_00014822,ETH-USD,1896.38,525,2026-01-01T04:07:01Z
batch_0005,order_00013787,order_00010673,ETH-USD,1896.39,140,2026-01-01T03:49:46Z
batch_0005,order_00009980,order_00010673,ETH-USD,1896.39,557,2026-01-01T02:57:52Z
batch_0005,order_00009980,order_00015938,ETH-USD,1896.42,433,2026-01-01T04:25:37Z
batch_0005,order_00007042,order_00015938,ETH-USD,1896.42,217,2026-01-01T04:25:37Z
batch_0005,order_00007042,order_00014554,ETH-USD,1896.44,104,2026-01-01T04:02:33Z
batch_0005,order_00010946,order_00014554,ETH-USD,1896.44,127,2026-01-01T04:02:33Z
batch_0005,order_00007981,order_00014554,ETH-USD,1896.44,312,2026-01-01T04:02:33Z
batch_0005,order_00007981,order_00013155,ETH-USD,1896.45,607,2026-01-01T03:39:14Z
batch_0005,order_00009604,order_00013155,ETH-USD,1896.45,47,2026-01-01T03:39:14Z
batch_0005,order_00006649,order_00013155,ETH-USD,1896.45,247,2026-01-01T03:39:14Z
batch_0005,order_00006649,order_00012704,ETH-USD,1896.52,156,2026-01-01T03:31:43Z
batch_0005,order_00006649,order_00008659,ETH-USD,1896.57,138,2026-01-01T02:24:18Z
batch_0005,order_00016005,order_00008659,ETH-USD,1896.57,114,2026-01-01T04:26:44Z
batch_0005,order_00006857,order_00008659,ETH-USD,1896.57,135,2026-01-01T02:24:18Z
batch_0005,order_00010941,order_00008659,ETH-USD,1896.57,595,2026-01-01T03:02:20Z
batch_0005,order_00010941,order_00010143,ETH-USD,1896.7,101,2026-01-01T03:02:20Z
batch_0005,order_00013948,order_00010143,ETH-USD,1896.7,62,2026-01-01T03:52:27Z
batch_0005,order_00013948,order_00009950,ETH-USD,1896.78,309,2026-01-01T03:52:27Z
batch_0005,order_00010541,order_00009950,ETH-USD,1896.78,382,2026-01-01T02:55:40Z
batch_0005,order_00010541,order_00008446,ETH-USD,1896.94,525,2026-01-01T02:55:40Z
batch_0005,order_00011023,order_00008446,ETH-USD,1896.94,128,2026-01-01T03:03:42Z
batch_0005,order_00011023,order_00010753,ETH-USD,1896.95,454,2026-01-01T03:03:42Z
batch_0005,order_00011023,order_00009864,ETH-USD,1897.2,294,2026-01-01T03:03:42Z
batch_0005,order_00013927,order_00009864,ETH-USD,1897.2,150,2026-01-01T03:52:06Z
batch_0005,order_00013927,order_00014506,ETH-USD,1897.23,512,2026-01-01T04:01:45Z
batch_0005,order_00008567,order_00014506,ETH-USD,1897.23,68,2026-01-01T04:01:45Z
batch_0005,order_00008567,order_00007110,ETH-USD,1897.3,163,2026-01-01T02:22:46Z
batch_0005,order_00008567,order_00015362,ETH-USD,1897.35,161,2026-01-01T04:16:01Z
batch_0005,order_00012785,order_00015362,ETH-USD,1897.35,390,2026-01-01T04:16:01Z
batch_0005,order_00012785,order_00014871,ETH-USD,1897.47,285,2026-01-01T04:07:50Z
batch_0005,order_00010663,order_00014871,ETH-USD,1897.47,521,2026-01-01T04:07:50Z
batch_0005,order_00010663,order_00007608,ETH-USD,1897.48,178,2026-01-01T02:57:42Z
batch_0005,order_00011943,order_00007608,ETH-USD,1897.48,120,2026-01-01T03:19:02Z
batch_0005,order_00011943,order_00006742,ETH-USD,1897.55,278,2026-01-01T03:19:02Z
batch_0005,order_00013154,order_00006742,ETH-USD,1897.55,469,2026-01-01T03:39:13Z
batch_0005,order_00013154,order_00016236,ETH-USD,1897.55,353,2026-01-01T04:30:35Z
batch_0005,order_00006661,order_00016236,ETH-USD,1897.55,164,2026-01-01T04:30:35Z
batch_0005,order_00013433,order_00016236,ETH-USD,1897.55,158,2026-01-01T04:30:35Z
batch_0005,order_00013433,order_00010887,ETH-USD,1897.67,657,2026-01-01T03:43:52Z
batch_0005,order_00013433,order_00008895,ETH-USD,1897.68,73,2026-01-01T03:43:52Z
batch_0005,order_00007734,order_00008895,ETH-USD,1897.68,138,2026-01-01T02:28:14Z
batch_0005,order_00016140,order_00008895,ETH-USD,1897.68,473,2026-01-01T04:28:59Z
batch_0005,order_00008020,order_00008895,ETH-USD,1897.68,161,2026-01-01T02:28:14Z
batch_0005,order_00008020,order_00010314,ETH-USD,1897.74,411,2026-01-01T02:51:53Z
batch_0005,order_00011387,order_00010314,ETH-USD,1897.74,219,2026-01-01T03:09:46Z
batch_0005,order_00013715,order_00010314,ETH-USD,1897.74,187,2026-01-01T03:48:34Z
batch_0005,order_00011621,order_00010314,ETH-USD,1897.74,152,2026-01-01T03:13:40Z
batch_0005,order_00011621,order_00007539,ETH-USD,1897.8,58,2026-01-01T03:13:40Z
batch_0005,order_00011367,order_00007539,ETH-USD,1897.8,702,2026-01-01T03:09:26Z
batch_0005,order_00011367,order_00015234,ETH-USD,1897.84,141,2026-01-01T04:13:53Z
batch_0005,order_00016398,order_00015234,ETH-USD,1897.84,477,2026-01-01T04:33:17Z
batch_0005,order_00016398,order_00011598,ETH-USD,1897.99,186,2026-01-01T04:33:17Z
batch_0005,order_00012089,order_00011598,ETH-USD,1897.99,644,2026-01-01T03:21:28Z
batch_0005,order_00012089,order_00007052,ETH-USD,1898.13,217,2026-01-01T03:21:28Z
batch_0005,order_00012089,order_00010682,ETH-USD,1898.32,109,2026-01-01T03:21:28Z
batch_0005,order_00008251,order_00010682,ETH-USD,1898.32,148,2026-01-01T02:58:01Z
batch_0005,order_00010831,order_00010682,ETH-USD,1898.32,333,2026-01-01T03:00:30Z
batch_0005,order_00008029,order_00010682,ETH-USD,1898.32,183,2026-01-01T02:58:01Z
batch_0005,order_00008029,order_00010470,ETH-USD,1898.36,637,2026-01-01T02:54:29Z
batch_0005,order_00011659,order_00010470,ETH-USD,1898.36,362,2026-01-01T03:14:18Z
batch_0005,order_00011659,order_00013682,ETH-USD,1898.39,51,2026-01-01T03:48:01Z
batch_0005,order_00008684,order_00013682,ETH-USD,1898.39,351,2026-01-01T03:48:01Z
batch_0005,order_00008684,order_00015082,ETH-USD,1898.39,338,2026-01-01T04:11:21Z
batch_0005,order_00009472,order_00015082,ETH-USD,1898.39,246,2026-01-01T04:11:21Z
batch_0005,order_00009472,order_00007948,ETH-USD,1898.4,375,2026-01-01T02:37:51Z
batch_0005,order_00009472,order_00007142,ETH-USD,1898.54,212,2026-01-01T02:37:51Z
batch_0005,order_00012547,order_00007142,ETH-USD,1898.54,228,2026-01-01T03:29:06Z
batch_0005,order_00012547,order_00010357,ETH-USD,1898.61,286,2026-01-01T03:29:06Z
batch_0005,order_00011708,order_00010357,ETH-USD,1898.61,19,2026-01-01T03:15:07Z
batch_0005,order_00011708,order_00009393,ETH-USD,1898.65,439,2026-01-01T03:15:07Z
batch_0005,order_00011708,order_00012506,ETH-USD,1898.67,216,2026-01-01T03:28:25Z
batch_0005,order_00015811,order_00012506,ETH-USD,1898.67,331,2026-01-01T04:23:30Z
batch_0005,order_00015811,order_00015616,ETH-USD,1898.71,121,2026-01-01T04:23:30Z
batch_0005,order_00015811,order_00014162,ETH-USD,1898.73,237,2026-01-01T04:23:30Z
batch_0005,order_00011788,order_00014162,ETH-USD,1898.73,26,2026-01-01T03:56:01Z
batch_0005,order_00011788,order_00006648,ETH-USD,1898.81,331,2026-01-01T03:16:27Z
batch_0005,order_00007070,order_00006648,ETH-USD,1898.81,502,2026-01-01T01:57:49Z
batch_0005,order_00007070,order_00011722,ETH-USD,1898.9,247,2026-01-01T03:15:21Z
batch_0005,order_00010259,order_00011722,ETH-USD,1898.9,56,2026-01-01T03:15:21Z
batch_0005,order_00009074,order_00011722,ETH-USD,1898.9,440,2026-01-01T03:15:21Z
batch_0005,order_00009074,order_00011720,ETH-USD,1899.02,34,2026-01-01T03:15:19Z
batch_0005,order_00014199,order_00011720,ETH-USD,1899.02,402,2026-01-01T03:56:38Z
batch_0005,order_00014199,order_00009973,ETH-USD,1899.13,14,2026-01-01T03:56:38Z
batch_0005,order_00010505,order_00009973,ETH-USD,1899.13,727,2026-01-01T02:55:04Z
batch_0005,order_00010505,order_00012823,ETH-USD,1899.27,112,2026-01-01T03:33:42Z
batch_0005,order_00013331,order_00012823,ETH-USD,1899.27,229,2026-01-01T03:42:10Z
batch_0005,order_00013331,order_00015173,ETH-USD,1899.3,598,2026-01-01T04:12:52Z
batch_0005,order_00011125,order_00015173,ETH-USD,1899.3,143,2026-01-01T04:12:52Z
batch_0005,order_00011125,order_00012024,ETH-USD,1899.44,481,2026-01-01T03:20:23Z
batch_0005,order_00011125,order_00006709,ETH-USD,1899.46,16,2026-01-01T03:05:24Z
batch_0005,order_00012478,order_00006709,ETH-USD,1899.46,44,2026-01-01T03:27:57Z
batch_0005,order_00015919,order_00006709,ETH-USD,1899.46,720,2026-01-01T04:25:18Z
batch_0005,order_00015919,order_00008773,ETH-USD,1899.49,10,2026-01-01T04:25:18Z
batch_0005,order_00015919,order_00011920,ETH-USD,1899.53,55,2026-01-01T04:25:18Z
batch_0005,order_00011734,order_00011920,ETH-USD,1899.53,81,2026-01-01T03:18:39Z
batch_0005,order_00009280,order_00011920,ETH-USD,1899.53,77,2026-01-01T03:18:39Z
batch_0005,order_00012992,order_00011920,ETH-USD,1899.53,108,2026-01-01T03:36:31Z
batch_0005,order_00014369,order_00011920,ETH-USD,1899.53,198,2026-01-01T03:59:28Z
batch_0005,order_00010328,order_00011920,ETH-USD,1899.53,174,2026-01-01T03:18:39Z
batch_0005,order_00010328,order_00013550,ETH-USD,1899.68,468,2026-01-01T03:45:49Z
batch_0005,order_00010328,order_00009885,ETH-USD,1899.73,44,2026-01-01T02:52:07Z
batch_0005,order_00014761,order_00009885,ETH-USD,1899.73,299,2026-01-01T04:06:00Z
batch_0005,order_00014761,order_00015361,ETH-USD,1899.73,288,2026-01-01T04:16:00Z
batch_0005,order_00015713,order_00015361,ETH-USD,1899.73,520,2026-01-01T04:21:52Z
batch_0005,order_00015713,order_00012300,ETH-USD,1899.74,287,2026-01-01T04:21:52Z
batch_0005,order_00015713,order_00013020,ETH-USD,1899.75,115,2026-01-01T04:21:52Z
batch_0005,order_00014183,order_00013020,ETH-USD,1899.75,359,2026-01-01T03:56:22Z
batch_0005,order_00014183,order_00007211,ETH-USD,1899.8,174,2026-01-01T03:56:22Z
batch_0005,order_00014183,order_00009203,ETH-USD,1899.86,65,2026-01-01T03:56:22Z
batch_0005,order_00007953,order_00009203,ETH-USD,1899.86,62,2026-01-01T02:33:22Z
batch_0005,order_00010238,order_00009203,ETH-USD,1899.86,76,2026-01-01T02:50:37Z
batch_0005,order_00010238,order_00013545,ETH-USD,1899.94,412,2026-01-01T03:45:44Z
batch_0005,order_00014656,order_00013545,ETH-USD,1899.94,16,2026-01-01T04:04:15Z
batch_0005,order_00014656,order_00013066,ETH-USD,1900.35,538,2026-01-01T04:04:15Z
batch_0005,order_00012393,order_00013066,ETH-USD,1900.35,49,2026-01-01T03:37:45Z
batch_0005,order_00013264,order_00013066,ETH-USD,1900.35,116,2026-01-01T03:41:03Z
batch_0005,order_00013264,order_00008581,ETH-USD,1900.42,153,2026-01-01T03:41:03Z
batch_0005,order_00013264,order_00009443,ETH-USD,1900.45,367,2026-01-01T03:41:03Z
batch_0005,order_00013264,order_00014723,ETH-USD,1900.54,255,2026-01-01T04:05:22Z
batch_0005,order_00008882,order_00014723,ETH-USD,1900.54,116,2026-01-01T04:05:22Z
batch_0005,order_00008882,order_00010257,ETH-USD,1900.67,324,2026-01-01T02:50:56Z
batch_0005,order_00008882,order_00007808,ETH-USD,1900.68,9,2026-01-01T02:28:01Z
batch_0005,order_00016223,order_00007808,ETH-USD,1900.68,360,2026-01-01T04:30:22Z
batch_0005,order_00010668,order_00007808,ETH-USD,1900.68,200,2026-01-01T02:57:47Z
batch_0005,order_00010668,order_00014114,ETH-USD,1900.8,259,2026-01-01T03:55:13Z
batch_0005,order_00016589,order_00014114,ETH-USD,1900.8,209,2026-01-01T04:36:28Z
batch_0005,order_00016589,order_00009017,ETH-USD,1900.83,111,2026-01-01T04:36:28Z
batch_0005,order_00010193,order_00009017,ETH-USD,1900.83,365,2026-01-01T02:49:52Z
batch_0005,order_00008846,order_00009017,ETH-USD,1900.83,465,2026-01-01T02:30:16Z
batch_0005,order_00008846,order_00013308,ETH-USD,1900.83,47,2026-01-01T03:41:47Z
batch_0005,order_00008846,order_00007501,ETH-USD,1900.86,308,2026-01-01T02:27:25Z
batch_0005,order_00008509,order_00007501,ETH-USD,1900.86,52,2026-01-01T02:21:48Z
batch_0005,order_00006884,order_00007501,ETH-USD,1900.86,327,2026-01-01T02:05:00Z
batch_0005,order_00014309,order_00007501,ETH-USD,1900.86,151,2026-01-01T03:58:28Z
batch_0005,order_00014309,order_00015295,ETH-USD,1900.86,111,2026-01-01T04:14:54Z
batch_0005,order_00014309,order_00008628,ETH-USD,1900.93,141,2026-01-01T03:58:28Z
batch_0005,order_00006789,order_00008628,ETH-USD,1900.93,271,2026-01-01T02:23:47Z
batch_0005,order_00016175,order_00008628,ETH-USD,1900.93,109,2026-01-01T04:29:34Z
batch_0005,order_00016175,order_00014469,ETH-USD,1900.97,365,2026-01-01T04:29:34Z
batch_0005,order_00016175,order_00015383,ETH-USD,1901.01,139,2026-01-01T04:29:34Z
batch_0005,order_00012739,order_00015383,ETH-USD,1901.01,211,2026-01-01T04:16:22Z
batch_0005,order_00012739,order_00008904,ETH-USD,1901.14,214,2026-01-01T03:32:18Z
batch_0005,order_00012739,order_00015799,ETH-USD,1901.15,359,2026-01-01T04:23:18Z
batch_0005,order_00013754,order_00015799,ETH-USD,1901.15,41,2026-01-01T04:23:18Z
batch_0005,order_00011020,order_00015799,ETH-USD,1901.15,439,2026-01-01T04:23:18Z
batch_0005,order_00011020,order_00007977,ETH-USD,1901.33,93,2026-01-01T03:03:39Z
batch_0005,order_00011020,order_00008473,ETH-USD,1901.4,104,2026-01-01T03:03:39Z
batch_0005,order_00016386,order_00008473,ETH-USD,1901.4,852,2026-01-01T04:33:05Z
batch_0005,order_00016386,order_00015334,ETH-USD,1901.4,11,2026-01-01T04:33:05Z
batch_0005,order_00008069,order_00015334,ETH-USD,1901.4,371,2026-01-01T04:15:33Z
batch_0005,order_00008069,order_00015583,ETH-USD,1901.4,130,2026-01-01T04:19:42Z
batch_0005,order_00008069,order_00008350,ETH-USD,1901.52,238,2026-01-01T02:19:09Z
batch_0005,order_00014930,order_00008350,ETH-USD,1901.52,34,2026-01-01T04:08:49Z
batch_0005,order_00014930,order_00008116,ETH-USD,1901.62,785,2026-01-01T04:08:49Z
batch_0005,order_00014930,order_00010038,ETH-USD,1901.67,95,2026-01-01T04:08:49Z
batch_0005,order_00014589,order_00010038,ETH-USD,1901.67,819,2026-01-01T04:03:08Z
batch_0005,order_00014589,order_00008184,ETH-USD,1901.79,50,2026-01-01T04:03:08Z
batch_0005,order_00010302,order_00008184,ETH-USD,1901.79,49,2026-01-01T02:51:41Z
batch_0005,order_00010302,order_00014760,ETH-USD,1901.8,154,2026-01-01T04:05:59Z
batch_0005,order_00011112,order_00014760,ETH-USD,1901.8,160,2026-01-01T04:05:59Z
batch_0005,order_00011112,order_00010717,ETH-USD,1901.81,157,2026-01-01T03:05:11Z
batch_0005,order_00009373,order_00010717,ETH-USD,1901.81,310,2026-01-01T02:58:36Z
batch_0005,order_00007021,order_00010717,ETH-USD,1901.81,181,2026-01-01T02:58:36Z
batch_0005,order_00010846,order_00010717,ETH-USD,1901.81,143,2026-01-01T03:00:45Z
batch_0005,order_00012749,order_00010717,ETH-USD,1901.81,74,2026-01-01T03:32:28Z
batch_0005,order_00012749,order_00011280,ETH-USD,1901.86,451,2026-01-01T03:32:28Z
batch_0005,order_00016573,order_00011280,ETH-USD,1901.86,205,2026-01-01T04:36:12Z
batch_0005,order_00016573,order_00013223,ETH-USD,1901.86,430,2026-01-01T04:36:12Z
batch_0005,order_00014144,order_00013223,ETH-USD,1901.86,489,2026-01-01T03:55:43Z
batch_0005,order_00014144,order_00012154,ETH-USD,1901.94,73,2026-01-01T03:55:43Z
batch_0005,order_00008645,order_00012154,ETH-USD,1901.94,217,2026-01-01T03:22:33Z
batch_0005,order_00015186,order_00012154,ETH-USD,1901.94,574,2026-01-01T04:13:05Z
batch_0005,order_00015186,order_00012768,ETH-USD,1901.98,12,2026-01-01T04:13:05Z
batch_0005,order_00015186,order_00007422,ETH-USD,1902.11,293,2026-01-01T04:13:05Z
batch_0005,order_00015186,order_00012638,ETH-USD,1902.13,9,2026-01-01T04:13:05Z
batch_0005,order_00012119,order_00012638,ETH-USD,1902.13,45,2026-01-01T03:30:37Z
batch_0005,order_00012119,order_00013085,ETH-USD,1902.13,1,2026-01-01T03:38:04Z
batch_0005,order_00012119,order_00008993,ETH-USD,1902.2,165,2026-01-01T03:21:58Z
batch_0005,order_00013191,order_00008993,ETH-USD,1902.2,290,2026-01-01T03:39:50Z
batch_0005,order_00013191,order_00014218,ETH-USD,1902.2,62,2026-01-01T03:56:57Z
batch_0005,order_00010748,order_00014218,ETH-USD,1902.2,555,2026-01-01T03:56:57Z
batch_0005,order_00010748,order_00007594,ETH-USD,1902.28,116,2026-01-01T02:59:07Z
batch_0005,order_00013295,order_00007594,ETH-USD,1902.28,185,2026-01-01T03:41:34Z
batch_0005,order_00007945,order_00007594,ETH-USD,1902.28,207,2026-01-01T02:12:24Z
batch_0005,order_00007945,order_00012628,ETH-USD,1902.41,159,2026-01-01T03:30:27Z
batch_0005,order_00009643,order_00012628,ETH-USD,1902.41,169,2026-01-01T03:30:27Z
batch_0005,order_00009643,order_00016387,ETH-USD,1902.43,341,2026-01-01T04:33:06Z
batch_0005,order_00009643,order_00010638,ETH-USD,1902.51,218,2026-01-01T02:57:17Z
batch_0005,order_00013952,order_00010638,ETH-USD,1902.51,311,2026-01-01T03:52:31Z
batch_0005,order_00013952,order_00016500,ETH-USD,1902.52,103,2026-01-01T04:34:59Z
batch_0005,order_00013952,order_00012833,ETH-USD,1902.56,506,2026-01-01T03:52:31Z
batch_0005,order_00006946,order_00012833,ETH-USD,1902.56,346,2026-01-01T03:33:52Z
batch_0005,order_00006946,order_00010736,ETH-USD,1902.64,126,2026-01-01T02:58:55Z
batch_0005,order_00013778,order_00010736,ETH-USD,1902.64,770,2026-01-01T03:49:37Z
batch_0005,order_00013778,order_00015867,ETH-USD,1902.72,116,2026-01-01T04:24:26Z
batch_0005,order_00007632,order_00015867,ETH-USD,1902.72,668,2026-01-01T04:24:26Z
batch_0005,order_00007632,order_00012291,ETH-USD,1902.84,71,2026-01-01T03:24:50Z
batch_0005,order_00012514,order_00012291,ETH-USD,1902.84,421,2026-01-01T03:28:33Z
batch_0005,order_00012514,order_00008939,ETH-USD,1902.86,90,2026-01-01T03:28:33Z
batch_0005,order_00007597,order_00008939,ETH-USD,1902.86,297,2026-01-01T02:28:58Z
batch_0005,order_00007597,order_00008053,ETH-USD,1902.87,24,2026-01-01T02:14:12Z
batch_0005,order_00007597,order_00010183,ETH-USD,1902.88,18,2026-01-01T02:49:42Z
batch_0005,order_00014543,order_00010183,ETH-USD,1902.88,354,2026-01-01T04:02:22Z
batch_0005,order_00013396,order_00010183,ETH-USD,1902.88,471,2026-01-01T03:43:15Z
batch_0005,order_00013396,order_00015975,ETH-USD,1903.02,222,2026-01-01T04:26:14Z
batch_0005,order_00016383,order_00015975,ETH-USD,1903.02,221,2026-01-01T04:33:02Z
batch_0005,order_00015582,order_00015975,ETH-USD,1903.02,388,2026-01-01T04:26:14Z
batch_0005,order_00015582,order_00009719,ETH-USD,1903.03,563,2026-01-01T04:19:41Z
batch_0005,order_00014843,order_00009719,ETH-USD,1903.03,9,2026-01-01T04:07:22Z
batch_0005,order_00016050,order_00009719,ETH-USD,1903.03,152,2026-01-01T04:27:29Z
batch_0005,order_00016050,order_00014006,ETH-USD,1903.05,129,2026-01-01T04:27:29Z
batch_0005,order_00016050,order_00007359,ETH-USD,1903.14,587,2026-01-01T04:27:29Z
batch_0005,order_00012650,order_00007359,ETH-USD,1903.14,144,2026-01-01T03:30:49Z
batch_0005,order_00012650,order_00008976,ETH-USD,1903.17,474,2026-01-01T03:30:49Z
batch_0005,order_00016533,order_00008976,ETH-USD,1903.17,286,2026-01-01T04:35:32Z
batch_0005,order_00016533,order_00014442,ETH-USD,1903.2,92,2026-01-01T04:35:32Z
batch_0005,order_00016533,order_00007879,ETH-USD,1903.29,563,2026-01-01T04:35:32Z
batch_0005,order_00016440,order_00007879,ETH-USD,1903.29,31,2026-01-01T04:33:59Z
batch_0005,order_00016440,order_00007487,ETH-USD,1903.35,779,2026-01-01T04:33:59Z
batch_0005,order_00016440,order_00008344,ETH-USD,1903.44,81,2026-01-01T04:33:59Z
batch_0005,order_00010889,order_00008344,ETH-USD,1903.44,458,2026-01-01T03:01:28Z
batch_0005,order_00012941,order_00008344,ETH-USD,1903.44,147,2026-01-01T03:35:40Z
batch_0005,order_00012527,order_00008344,ETH-USD,1903.44,232,2026-01-01T03:28:46Z
batch_0005,order_00007946,order_00008344,ETH-USD,1903.44,80,2026-01-01T02:19:03Z
batch_0005,order_00007946,order_00015514,ETH-USD,1903.75,218,2026-01-01T04:18:33Z
batch_0005,order_00008239,order_00015514,ETH-USD,1903.75,716,2026-01-01T04:18:33Z
batch_0005,order_00008239,order_00006954,ETH-USD,1903.8,259,2026-01-01T02:17:18Z
batch_0005,order_00007064,order_00006954,ETH-USD,1903.8,462,2026-01-01T01:57:43Z
batch_0005,order_00007064,order_00011989,ETH-USD,1903.81,285,2026-01-01T03:19:48Z
batch_0005,order_00010936,order_00011989,ETH-USD,1903.81,148,2026-01-01T03:19:48Z
batch_0005,order_00010936,order_00008458,ETH-USD,1903.92,326,2026-01-01T03:02:15Z
batch_0005,order_00010936,order_00014827,ETH-USD,1903.98,283,2026-01-01T04:07:06Z
batch_0005,order_00012325,order_00014827,ETH-USD,1903.98,212,2026-01-01T04:07:06Z
batch_0005,order_00012325,order_00015060,ETH-USD,1904.0,344,2026-01-01T04:10:59Z
batch_0005,order_00010605,order_00015060,ETH-USD,1904.0,514,2026-01-01T04:10:59Z
batch_0005,order_00010605,order_00014339,ETH-USD,1904.01,156,2026-01-01T03:58:58Z
batch_0005,order_00016344,order_00014339,ETH-USD,1904.01,180,2026-01-01T04:32:23Z
batch_0005,order_00016344,order_00014105,ETH-USD,1904.17,621,2026-01-01T04:32:23Z
batch_0005,order_00016344,order_00013440,ETH-USD,1904.22,185,2026-01-01T04:32:23Z
batch_0005,order_00015012,order_00013440,ETH-USD,1904.22,151,2026-01-01T04:10:11Z
batch_0005,order_00015012,order_00010290,ETH-USD,1904.31,12,2026-01-01T04:10:11Z
batch_0005,order_00009295,order_00010290,ETH-USD,1904.31,47,2026-01-01T02:51:29Z
batch_0005,order_00009295,order_00009768,ETH-USD,1904.44,908,2026-01-01T02:42:47Z
batch_0005,order_00012971,order_00009768,ETH-USD,1904.44,63,2026-01-01T03:36:10Z
batch_0005,order_00012971,order_00016164,ETH-USD,1904.61,222,2026-01-01T04:29:23Z
batch_0005,order_00011074,order_00016164,ETH-USD,1904.61,155,2026-01-01T04:29:23Z
batch_0005,order_00011074,order_00011240,ETH-USD,1904.74,200,2026-01-01T03:07:19Z
batch_0005,order_00007241,order_00011240,ETH-USD,1904.74,253,2026-01-01T03:07:19Z
batch_0005,order_00007241,order_00006846,ETH-USD,1904.95,261,2026-01-01T02:00:40Z
batch_0005,order_00010174,order_00006846,ETH-USD,1904.95,479,2026-01-01T02:49:33Z
batch_0005,order_00010870,order_00006846,ETH-USD,1904.95,75,2026-01-01T03:01:09Z
batch_0005,order_00010870,order_00008570,ETH-USD,1904.96,245,2026-01-01T03:01:09Z
batch_0005,order_00013774,order_00008570,ETH-USD,1904.96,273,2026-01-01T03:49:33Z
batch_0005,order_00011242,order_00008570,ETH-USD,1904.96,328,2026-01-01T03:07:21Z
batch_0005,order_00011242,order_00008869,ETH-USD,1904.99,160,2026-01-01T03:07:21Z
batch_0005,order_00011242,order_00010362,ETH-USD,1905.03,355,2026-01-01T03:07:21Z
batch_0005,order_00014694,order_00010362,ETH-USD,1905.03,292,2026-01-01T04:04:53Z
batch_0005,order_00016109,order_00010362,ETH-USD,1905.03,97,2026-01-01T04:28:28Z
batch_0005,order_00016109,order_00012422,ETH-USD,1905.12,3,2026-01-01T04:28:28Z
batch_0005,order_00008978,order_00012422,ETH-USD,1905.12,57,2026-01-01T03:27:01Z
batch_0005,order_00008978,order_00015329,ETH-USD,1905.38,334,2026-01-01T04:15:28Z
batch_0005,order_00008978,order_00013358,ETH-USD,1905.5,26,2026-01-01T03:42:37Z
batch_0005,order_00008978,order_00013547,ETH-USD,1905.66,381,2026-01-01T03:45:46Z
batch_0005,order_00014000,order_00013547,ETH-USD,1905.66,459,2026-01-01T03:53:19Z
batch_0005,order_00014000,order_00012615,ETH-USD,1905.8,235,2026-01-01T03:53:19Z
batch_0005,order_00014000,order_00014164,ETH-USD,1905.8,100,2026-01-01T03:56:03Z
batch_0005,order_00011563,order_00014164,ETH-USD,1905.8,45,2026-01-01T03:56:03Z
batch_0005,order_00011563,order_00014918,ETH-USD,1905.88,519,2026-01-01T04:08:37Z
batch_0005,order_00007495,order_00014918,ETH-USD,1905.88,351,2026-01-01T04:08:37Z
batch_0005,order_00007495,order_00007726,ETH-USD,1905.93,235,2026-01-01T02:08:45Z
batch_0005,order_00008653,order_00007726,ETH-USD,1905.93,403,2026-01-01T02:24:12Z
batch_0005,order_00008653,order_00013427,ETH-USD,1905.93,105,2026-01-01T03:43:46Z
batch_0005,order_00008649,order_00013427,ETH-USD,1905.93,252,2026-01-01T03:43:46Z
batch_0005,order_00008649,order_00008927,ETH-USD,1906.11,144,2026-01-01T02:28:46Z
batch_0005,order_00012235,order_00008927,ETH-USD,1906.11,830,2026-01-01T03:23:54Z
batch_0005,order_00012235,order_00016189,ETH-USD,1906.4,140,2026-01-01T04:29:48Z
batch_0005,order_00009996,order_00016189,ETH-USD,1906.4,43,2026-01-01T04:29:48Z
batch_0005,order_00009996,order_00011249,ETH-USD,1906.43,355,2026-01-01T03:07:28Z
batch_0005,order_00009996,order_00010589,ETH-USD,1906.5,324,2026-01-01T02:56:28Z
batch_0005,order_00008942,order_00010589,ETH-USD,1906.5,298,2026-01-01T02:56:28Z
batch_0005,order_00008942,order_00014049,ETH-USD,1906.54,180,2026-01-01T03:54:08Z
batch_0005,order_00008942,order_00015817,ETH-USD,1906.69,269,2026-01-01T04:23:36Z
batch_0005,order_00013133,order_00015817,ETH-USD,1906.69,536,2026-01-01T04:23:36Z
batch_0005,order_00009607,order_00015817,ETH-USD,1906.69,98,2026-01-01T04:23:36Z
batch_0005,order_00009607,order_00008022,ETH-USD,1906.76,467,2026-01-01T02:40:06Z
batch_0005,order_00011738,order_00008022,ETH-USD,1906.76,93,2026-01-01T03:15:37Z
batch_0005,order_00010084,order_00008022,ETH-USD,1906.76,53,2026-01-01T02:48:03Z
batch_0005,order_00010084,order_00010689,ETH-USD,1907.14,196,2026-01-01T02:58:08Z
batch_0005,order_00010084,order_00010775,ETH-USD,1907.19,84,2026-01-01T02:59:34Z
batch_0005,order_00010810,order_00010775,ETH-USD,1907.19,49,2026-01-01T03:00:09Z
batch_0005,order_00010810,order_00013529,ETH-USD,1907.41,561,2026-01-01T03:45:28Z
batch_0005,order_00010810,order_00008403,ETH-USD,1907.46,209,2026-01-01T03:00:09Z
batch_0005,order_00009148,order_00008403,ETH-USD,1907.46,643,2026-01-01T02:32:27Z
batch_0005,order_00009148,order_00007045,ETH-USD,1907.47,174,2026-01-01T02:32:27Z
batch_0005,order_00008001,order_00007045,ETH-USD,1907.47,52,2026-01-01T02:13:20Z
batch_0005,order_00008001,order_00006910,ETH-USD,1907.49,569,2026-01-01T02:13:20Z
batch_0005,order_00008001,order_00008609,ETH-USD,1907.52,292,2026-01-01T02:23:28Z
batch_0005,order_00008754,order_00008609,ETH-USD,1907.52,323,2026-01-01T02:25:53Z
batch_0005,order_00008754,order_00011064,ETH-USD,1907.56,376,2026-01-01T03:04:23Z
batch_0005,order_00013664,order_00011064,ETH-USD,1907.56,3,2026-01-01T03:47:43Z
batch_0005,order_00006867,order_00011064,ETH-USD,1907.56,294,2026-01-01T03:04:23Z
batch_0005,order_00006867,order_00012225,ETH-USD,1907.63,114,2026-01-01T03:23:44Z
batch_0005,order_00015468,order_00012225,ETH-USD,1907.63,64,2026-01-01T04:17:47Z
batch_0005,order_00014915,order_00012225,ETH-USD,1907.63,385,2026-01-01T04:08:34Z
batch_0005,order_00014915,order_00006906,ETH-USD,1907.65,218,2026-01-01T04:08:34Z
batch_0005,order_00014915,order_00009367,ETH-USD,1907.75,13,2026-01-01T04:08:34Z
batch_0005,order_00014915,order_00013267,ETH-USD,1907.77,196,2026-01-01T04:08:34Z
batch_0005,order_00015685,order_00013267,ETH-USD,1907.77,565,2026-01-01T04:21:24Z
batch_0005,order_00011376,order_00013267,ETH-USD,1907.77,27,2026-01-01T03:41:06Z
batch_0005,order_00011376,order_00012623,ETH-USD,1907.79,637,2026-01-01T03:30:22Z
batch_0005,order_00008559,order_00012623,ETH-USD,1907.79,302,2026-01-01T03:30:22Z
batch_0005,order_00008559,order_00012829,ETH-USD,1907.93,399,2026-01-01T03:33:48Z
batch_0005,order_00008559,order_00013608,ETH-USD,1908.0,297,2026-01-01T03:46:47Z
batch_0005,order_00010720,order_00013608,ETH-USD,1908.0,180,2026-01-01T03:46:47Z
batch_0005,order_00010720,order_00007856,ETH-USD,1908.06,193,2026-01-01T02:58:39Z
batch_0005,order_00010720,order_00014271,ETH-USD,1908.19,217,2026-01-01T03:57:50Z
batch_0005,order_00010720,order_00015156,ETH-USD,1908.19,53,2026-01-01T04:12:35Z
batch_0005,order_00011334,order_00015156,ETH-USD,1908.19,500,2026-01-01T04:12:35Z
batch_0005,order_00011334,order_00011097,ETH-USD,1908.22,350,2026-01-01T03:08:53Z
batch_0005,order_00011334,order_00010441,ETH-USD,1908.29,27,2026-01-01T03:08:53Z
batch_0005,order_00016191,order_00010441,ETH-USD,1908.29,431,2026-01-01T04:29:50Z
batch_0005,order_00016191,order_00012349,ETH-USD,1908.33,269,2026-01-01T04:29:50Z
batch_0005,order_00016191,order_00009795,ETH-USD,1908.36,154,2026-01-01T04:29:50Z
batch_0005,order_00016191,order_00011493,ETH-USD,1908.52,58,2026-01-01T04:29:50Z
batch_0005,order_00012157,order_00011493,ETH-USD,1908.52,300,2026-01-01T03:22:36Z
batch_0005,order_00007897,order_00011493,ETH-USD,1908.52,20,2026-01-01T03:11:32Z
batch_0005,order_00007897,order_00013172,ETH-USD,1908.52,136,2026-01-01T03:39:31Z
batch_0005,order_00007897,order_00009020,ETH-USD,1908.57,689,2026-01-01T02:30:19Z
batch_0005,order_00008525,order_00009020,ETH-USD,1908.57,140,2026-01-01T02:30:19Z
batch_0005,order_00008525,order_00013981,ETH-USD,1908.57,239,2026-01-01T03:53:00Z
batch_0005,order_00008525,order_00009426,ETH-USD,1908.76,363,2026-01-01T02:37:05Z
batch_0005,order_00009593,order_00009426,ETH-USD,1908.76,303,2026-01-01T02:39:52Z
batch_0005,order_00009812,order_00009426,ETH-USD,1908.76,67,2026-01-01T02:43:31Z
batch_0005,order_00009812,order_00007868,ETH-USD,1908.79,350,2026-01-01T02:43:31Z
batch_0005,order_00011741,order_00007868,ETH-USD,1908.79,274,2026-01-01T03:15:40Z
batch_0005,order_00011741,order_00009259,ETH-USD,1908.8,64,2026-01-01T03:15:40Z
batch_0005,order_00007337,order_00009259,ETH-USD,1908.8,431,2026-01-01T02:34:18Z
batch_0005,order_00009606,order_00009259,ETH-USD,1908.8,81,2026-01-01T02:40:05Z
batch_0005,order_00009606,order_00008207,ETH-USD,1908.84,77,2026-01-01T02:40:05Z
batch_0005,order_00009606,order_00016346,ETH-USD,1908.84,599,2026-01-01T04:32:25Z
batch_0005,order_00008072,order_00016346,ETH-USD,1908.84,66,2026-01-01T04:32:25Z
batch_0005,order_00008072,order_00008151,ETH-USD,1908.85,488,2026-01-01T02:15:50Z
batch_0005,order_00008072,order_00015338,ETH-USD,1908.89,50,2026-01-01T04:15:37Z
batch_0005,order_00013742,order_00015338,ETH-USD,1908.89,267,2026-01-01T04:15:37Z
batch_0005,order_00013742,order_00009061,ETH-USD,1909.0,596,2026-01-01T03:49:01Z
batch_0005,order_00007847,order_00009061,ETH-USD,1909.0,33,2026-01-01T02:31:00Z
batch_0005,order_00007847,order_00015570,ETH-USD,1909.01,359,2026-01-01T04:19:29Z
batch_0005,order_00009555,order_00015570,ETH-USD,1909.01,340,2026-01-01T04:19:29Z
batch_0005,order_00009555,order_00010749,ETH-USD,1909.04,396,2026-01-01T02:59:08Z
batch_0005,order_00015066,order_00010749,ETH-USD,1909.04,7,2026-01-01T04:11:05Z
batch_0005,order_00015066,order_00009881,ETH-USD,1909.05,214,2026-01-01T04:11:05Z
batch_0005,order_00013924,order_00009881,ETH-USD,1909.05,96,2026-01-01T03:52:03Z
batch_0005,order_00013924,order_00008990,ETH-USD,1909.15,282,2026-01-01T03:52:03Z
batch_0005,order_00013924,order_00009514,ETH-USD,1909.27,150,2026-01-01T03:52:03Z
batch_0005,order_00015660,order_00009514,ETH-USD,1909.27,92,2026-01-01T04:20:59Z
batch_0005,order_00015660,order_00016299,ETH-USD,1909.5,229,2026-01-01T04:31:38Z
batch_0005,order_00011291,order_00016299,ETH-USD,1909.5,206,2026-01-01T04:31:38Z
batch_0005,order_00008573,order_00016299,ETH-USD,1909.5,45,2026-01-01T04:31:38Z
batch_0005,order_00014140,order_00016299,ETH-USD,1909.5,128,2026-01-01T04:31:38Z
batch_0005,order_00014140,order_00009694,ETH-USD,1909.52,41,2026-01-01T03:55:39Z
batch_0005,order_00008770,order_00009694,ETH-USD,1909.52,380,2026-01-01T02:41:33Z
batch_0005,order_00008770,order_00014117,ETH-USD,1909.52,46,2026-01-01T03:55:16Z
batch_0005,order_00006663,order_00014117,ETH-USD,1909.52,901,2026-01-01T03:55:16Z
batch_0005,order_00006663,order_00009290,ETH-USD,1909.57,92,2026-01-01T02:34:49Z
batch_0005,order_00008818,order_00009290,ETH-USD,1909.57,296,2026-01-01T02:34:49Z
batch_0005,order_00008818,order_00011231,ETH-USD,1909.65,93,2026-01-01T03:07:10Z
batch_0005,order_00011867,order_00011231,ETH-USD,1909.65,267,2026-01-01T03:17:46Z
batch_0005,order_00006718,order_00011231,ETH-USD,1909.65,177,2026-01-01T03:07:10Z
batch_0005,order_00006718,order_00007051,ETH-USD,1909.74,124,2026-01-01T01:57:30Z
batch_0005,order_00006718,order_00009202,ETH-USD,1909.74,68,2026-01-01T02:33:21Z
batch_0005,order_00006718,order_00009212,ETH-USD,1909.74,79,2026-01-01T02:33:31Z
batch_0005,order_00013443,order_00009212,ETH-USD,1909.74,341,2026-01-01T03:44:02Z
batch_0005,order_00011898,order_00009212,ETH-USD,1909.74,140,2026-01-01T03:18:17Z
batch_0005,order_00009792,order_00009212,ETH-USD,1909.74,201,2026-01-01T02:43:11Z
batch_0005,order_00009792,order_00008097,ETH-USD,1909.82,94,2026-01-01T02:43:11Z
batch_0005,order_00015999,order_00008097,ETH-USD,1909.82,219,2026-01-01T04:26:38Z
batch_0005,order_00011305,order_00008097,ETH-USD,1909.82,188,2026-01-01T03:08:24Z
batch_0005,order_00011305,order_00016220,ETH-USD,1909.88,444,2026-01-01T04:30:19Z
batch_0005,order_00011305,order_00009717,ETH-USD,1909.93,161,2026-01-01T03:08:24Z
batch_0005,order_00014650,order_00009717,ETH-USD,1909.93,601,2026-01-01T04:04:09Z
batch_0005,order_00011227,order_00009717,ETH-USD,1909.93,135,2026-01-01T03:07:06Z
batch_0005,order_00011227,order_00009258,ETH-USD,1910.04,247,2026-01-01T03:07:06Z
batch_0005,order_00011227,order_00013944,ETH-USD,1910.1,286,2026-01-01T03:52:23Z
batch_0005,order_00013325,order_00013944,ETH-USD,1910.1,371,2026-01-01T03:52:23Z
batch_0005,order_00013325,order_00015125,ETH-USD,1910.15,347,2026-01-01T04:12:04Z
batch_0005,order_00009230,order_00015125,ETH-USD,1910.15,116,2026-01-01T04:12:04Z
batch_0005,order_00012998,order_00015125,ETH-USD,1910.15,474,2026-01-01T04:12:04Z
batch_0005,order_00012998,order_00015449,ETH-USD,1910.19,395,2026-01-01T04:17:28Z
batch_0005,order_00012998,order_00009838,ETH-USD,1910.52,90,2026-01-01T03:36:37Z
batch_0005,order_00011935,order_00009838,ETH-USD,1910.52,117,2026-01-01T03:18:54Z
batch_0005,order_00011935,order_00015947,ETH-USD,1910.64,485,2026-01-01T04:25:46Z
batch_0005,order_00006977,order_00015947,ETH-USD,1910.64,53,2026-01-01T04:25:46Z
batch_0005,order_00006977,order_00015201,ETH-USD,1910.66,755,2026-01-01T04:13:20Z
batch_0005,order_00006977,order_00009637,ETH-USD,1910.85,120,2026-01-01T02:40:36Z
batch_0005,order_00010217,order_00009637,ETH-USD,1910.85,78,2026-01-01T02:50:16Z
batch_0005,order_00016492,order_00009637,ETH-USD,1910.85,547,2026-01-01T04:34:51Z
batch_0005,order_00016492,order_00008146,ETH-USD,1910.93,245,2026-01-01T04:34:51Z
batch_0005,order_00013922,order_00008146,ETH-USD,1910.93,299,2026-01-01T03:52:01Z
batch_0005,order_00016594,order_00008146,ETH-USD,1910.93,161,2026-01-01T04:36:33Z
batch_0005,order_00016594,order_00006885,ETH-USD,1911.11,106,2026-01-01T04:36:33Z
batch_0005,order_00012293,order_00006885,ETH-USD,1911.11,389,2026-01-01T03:24:52Z
batch_0005,order_00014622,order_00006885,ETH-USD,1911.11,479,2026-01-01T04:03:41Z
batch_0005,order_00014622,order_00012682,ETH-USD,1911.18,389,2026-01-01T04:03:41Z
batch_0005,order_00008850,order_00012682,ETH-USD,1911.18,178,2026-01-01T03:31:21Z
batch_0005,order_00008850,order_00014704,ETH-USD,1911.2,443,2026-01-01T04:05:03Z
batch_0005,order_00015575,order_00014704,ETH-USD,1911.2,82,2026-01-01T04:19:34Z
batch_0005,order_00010335,order_00014704,ETH-USD,1911.2,73,2026-01-01T04:05:03Z
batch_0005,order_00010335,order_00008637,ETH-USD,1911.21,38,2026-01-01T02:52:14Z
batch_0005,order_00010335,order_00013706,ETH-USD,1911.33,177,2026-01-01T03:48:25Z
batch_0005,order_00016449,order_00013706,ETH-USD,1911.33,294,2026-01-01T04:34:08Z
batch_0005,order_00016449,order_00009925,ETH-USD,1911.66,547,2026-01-01T04:34:08Z
batch_0005,order_00008197,order_00009925,ETH-USD,1911.66,252,2026-01-01T02:45:24Z
batch_0005,order_00008197,order_00012870,ETH-USD,1911.71,484,2026-01-01T03:34:29Z
batch_0005,order_00008197,order_00016328,ETH-USD,1911.71,190,2026-01-01T04:32:07Z
batch_0005,order_00008636,order_00016328,ETH-USD,1911.71,329,2026-01-01T04:32:07Z
batch_0005,order_00008636,order_00013759,ETH-USD,1911.79,27,2026-01-01T03:49:18Z
batch_0005,order_00008636,order_00013704,ETH-USD,1911.82,36,2026-01-01T03:48:23Z
batch_0005,order_00008636,order_00013516,ETH-USD,1911.83,196,2026-01-01T03:45:15Z
batch_0005,order_00015667,order_00013516,ETH-USD,1911.83,330,2026-01-01T04:21:06Z
batch_0005,order_00015667,order_00007925,ETH-USD,1911.98,309,2026-01-01T04:21:06Z
batch_0005,order_00015667,order_00011819,ETH-USD,1912.04,195,2026-01-01T04:21:06Z
batch_0005,order_00007355,order_00011819,ETH-USD,1912.04,250,2026-01-01T03:16:58Z
batch_0005,order_00015693,order_00011819,ETH-USD,1912.04,56,2026-01-01T04:21:32Z
batch_0005,order_00015693,order_00008232,ETH-USD,1912.07,325,2026-01-01T04:21:32Z
batch_0005,order_00015693,order_00011194,ETH-USD,1912.21,137,2026-01-01T04:21:32Z
batch_0005,order_00011172,order_00011194,ETH-USD,1912.21,332,2026-01-01T03:06:33Z
batch_0005,order_00014529,order_00011194,ETH-USD,1912.21,506,2026-01-01T04:02:08Z
batch_0005,order_00014529,order_00010247,ETH-USD,1912.22,9,2026-01-01T04:02:08Z
batch_0005,order_00013832,order_00010247,ETH-USD,1912.22,220,2026-01-01T03:50:31Z
batch_0005,order_00013832,order_00008092,ETH-USD,1912.29,181,2026-01-01T03:50:31Z
batch_0005,order_00007588,order_00008092,ETH-USD,1912.29,266,2026-01-01T02:14:51Z
batch_0005,order_00016419,order_00008092,ETH-USD,1912.29,305,2026-01-01T04:33:38Z
batch_0005,order_00016419,order_00009242,ETH-USD,1912.32,61,2026-01-01T04:33:38Z
batch_0005,order_00007715,order_00009242,ETH-USD,1912.32,262,2026-01-01T02:34:01Z
batch_0005,order_00007715,order_00013941,ETH-USD,1912.34,484,2026-01-01T03:52:20Z
batch_0005,order_00007715,order_00009559,ETH-USD,1912.41,77,2026-01-01T02:39:18Z
batch_0005,order_00007715,order_00014794,ETH-USD,1912.54,138,2026-01-01T04:06:33Z
batch_0005,order_00016554,order_00014794,ETH-USD,1912.54,196,2026-01-01T04:35:53Z
batch_0005,order_00016554,order_00009977,ETH-USD,1912.72,384,2026-01-01T04:35:53Z
batch_0005,order_00009038,order_00009977,ETH-USD,1912.72,136,2026-01-01T02:46:16Z
batch_0005,order_00011223,order_00009977,ETH-USD,1912.72,213,2026-01-01T03:07:02Z
batch_0005,order_00014466,order_00009977,ETH-USD,1912.72,189,2026-01-01T04:01:05Z
batch_0005,order_00014466,order_00007430,ETH-USD,1912.73,21,2026-01-01T04:01:05Z
batch_0005,order_00015470,order_00007430,ETH-USD,1912.73,12,2026-01-01T04:17:49Z
batch_0005,order_00013222,order_00007430,ETH-USD,1912.73,79,2026-01-01T03:40:21Z
batch_0005,order_00014188,order_00007430,ETH-USD,1912.73,172,2026-01-01T03:56:27Z
batch_0005,order_00007255,order_00007430,ETH-USD,1912.73,107,2026-01-01T02:03:49Z
batch_0005,order_00007255,order_00009013,ETH-USD,1912.77,548,2026-01-01T02:30:12Z
batch_0005,order_00014195,order_00009013,ETH-USD,1912.77,276,2026-01-01T03:56:34Z
batch_0005,order_00014195,order_00014670,ETH-USD,1912.77,313,2026-01-01T04:04:29Z
batch_0005,order_00014195,order_00008555,ETH-USD,1912.84,391,2026-01-01T03:56:34Z
batch_0005,order_00014075,order_00008555,ETH-USD,1912.84,400,2026-01-01T03:54:34Z
batch_0005,order_00014075,order_00014800,ETH-USD,1912.85,578,2026-01-01T04:06:39Z
batch_0005,order_00007335,order_00014800,ETH-USD,1912.85,333,2026-01-01T04:06:39Z
batch_0005,order_00007335,order_00012598,ETH-USD,1912.95,297,2026-01-01T03:29:57Z
batch_0005,order_00007132,order_00012598,ETH-USD,1912.95,453,2026-01-01T03:29:57Z
batch_0005,order_00007132,order_00012430,ETH-USD,1913.1,142,2026-01-01T03:27:09Z
batch_0005,order_00013863,order_00012430,ETH-USD,1913.1,413,2026-01-01T03:51:02Z
batch_0005,order_00013863,order_00006772,ETH-USD,1913.2,265,2026-01-01T03:51:02Z
batch_0005,order_00010266,order_00006772,ETH-USD,1913.2,480,2026-01-01T02:51:05Z
batch_0005,order_00011157,order_00006772,ETH-USD,1913.2,121,2026-01-01T03:05:56Z
batch_0005,order_00011157,order_00009663,ETH-USD,1913.22,144,2026-01-01T03:05:56Z
batch_0005,order_00010706,order_00009663,ETH-USD,1913.22,172,2026-01-01T02:58:25Z
batch_0005,order_00010706,order_00015584,ETH-USD,1913.27,418,2026-01-01T04:19:43Z
batch_0005,order_00016141,order_00015584,ETH-USD,1913.27,47,2026-01-01T04:29:00Z
batch_0005,order_00016141,order_00008992,ETH-USD,1913.3,143,2026-01-01T04:29:00Z
batch_0005,order_00012141,order_00008992,ETH-USD,1913.3,33,2026-01-01T03:22:20Z
batch_0005,order_00012141,order_00009102,ETH-USD,1913.37,167,2026-01-01T03:22:20Z
batch_0005,order_00012141,order_00009821,ETH-USD,1913.55,379,2026-01-01T03:22:20Z
batch_0005,order_00012141,order_00007862,ETH-USD,1913.71,180,2026-01-01T03:22:20Z
batch_0005,order_00012141,order_00009047,ETH-USD,1913.71,3,2026-01-01T03:22:20Z
batch_0005,order_00013594,order_00009047,ETH-USD,1913.71,163,2026-01-01T03:46:33Z
batch_0005,order_00013594,order_00012557,ETH-USD,1913.9,78,2026-01-01T03:46:33Z
batch_0005,order_00013594,order_00013168,ETH-USD,1913.93,54,2026-01-01T03:46:33Z
batch_0005,order_00013594,order_00015642,ETH-USD,1913.96,32,2026-01-01T04:20:41Z
batch_0005,order_00016349,order_00015642,ETH-USD,1913.96,922,2026-01-01T04:32:28Z
batch_0005,order_00007079,order_00015642,ETH-USD,1913.96,10,2026-01-01T04:20:41Z
batch_0005,order_00007079,order_00007837,ETH-USD,1914.0,590,2026-01-01T02:10:36Z
batch_0005,order_00007079,order_00014702,ETH-USD,1914.12,141,2026-01-01T04:05:01Z
batch_0005,order_00010110,order_00014702,ETH-USD,1914.12,399,2026-01-01T04:05:01Z
batch_0005,order_00010110,order_00011912,ETH-USD,1914.17,43,2026-01-01T03:18:31Z
batch_0005,order_00007928,order_00011912,ETH-USD,1914.17,321,2026-01-01T03:18:31Z
batch_0005,order_00016273,order_00011912,ETH-USD,1914.17,141,2026-01-01T04:31:12Z
batch_0005,order_00016273,order_00009529,ETH-USD,1914.28,149,2026-01-01T04:31:12Z
batch_0005,order_00011091,order_00009529,ETH-USD,1914.28,645,2026-01-01T03:04:50Z
batch_0005,order_00016264,order_00009529,ETH-USD,1914.28,197,2026-01-01T04:31:03Z
batch_0005,order_00016264,order_00009034,ETH-USD,1914.54,541,2026-01-01T04:31:03Z
batch_0005,order_00016264,order_00012385,ETH-USD,1914.63,150,2026-01-01T04:31:03Z
batch_0005,order_00009206,order_00012385,ETH-USD,1914.63,678,2026-01-01T03:26:24Z
batch_0005,order_00009206,order_00007028,ETH-USD,1914.67,225,2026-01-01T02:33:25Z
batch_0005,order_00010935,order_00007028,ETH-USD,1914.67,741,2026-01-01T03:02:14Z
batch_0005,order_00010935,order_00007263,ETH-USD,1915.16,141,2026-01-01T03:02:14Z
batch_0005,order_00015890,order_00007263,ETH-USD,1915.16,128,2026-01-01T04:24:49Z
batch_0005,order_00015890,order_00007373,ETH-USD,1915.19,592,2026-01-01T04:24:49Z
batch_0005,order_00015890,order_00014849,ETH-USD,1915.4,67,2026-01-01T04:24:49Z
batch_0005,order_00015890,order_00016114,ETH-USD,1915.42,8,2026-01-01T04:28:33Z
batch_0005,order_00011191,order_00016114,ETH-USD,1915.42,207,2026-01-01T04:28:33Z
batch_0005,order_00011191,order_00013540,ETH-USD,1915.54,497,2026-01-01T03:45:39Z
batch_0005,order_00011191,order_00008615,ETH-USD,1915.57,188,2026-01-01T03:06:30Z
batch_0005,order_00013601,order_00008615,ETH-USD,1915.57,442,2026-01-01T03:46:40Z
batch_0005,order_00013601,order_00007096,ETH-USD,1915.71,91,2026-01-01T03:46:40Z
batch_0005,order_00013067,order_00007096,ETH-USD,1915.71,8,2026-01-01T03:37:46Z
batch_0005,order_00013067,order_00013290,ETH-USD,1915.71,339,2026-01-01T03:41:29Z
batch_0005,order_00008647,order_00013290,ETH-USD,1915.71,453,2026-01-01T03:41:29Z
batch_0005,order_00008647,order_00010624,ETH-USD,1915.72,180,2026-01-01T02:57:03Z
batch_0005,order_00015018,order_00010624,ETH-USD,1915.72,68,2026-01-01T04:10:17Z
batch_0005,order_00015018,order_00010498,ETH-USD,1915.79,7,2026-01-01T04:10:17Z
batch_0005,order_00015018,order_00007075,ETH-USD,1915.81,9,2026-01-01T04:10:17Z
batch_0005,order_00015018,order_00016508,ETH-USD,1915.83,599,2026-01-01T04:35:07Z
batch_0005,order_00012786,order_00016508,ETH-USD,1915.83,204,2026-01-01T04:35:07Z
batch_0005,order_00015554,order_00016508,ETH-USD,1915.83,15,2026-01-01T04:35:07Z
batch_0005,order_00015554,order_00008318,ETH-USD,1915.97,371,2026-01-01T04:19:13Z
batch_0005,order_00015554,order_00014187,ETH-USD,1915.98,302,2026-01-01T04:19:13Z
batch_0005,order_00010131,order_00014187,ETH-USD,1915.98,280,2026-01-01T03:56:26Z
batch_0005,order_00007992,order_00014187,ETH-USD,1915.98,172,2026-01-01T03:56:26Z
batch_0005,order_00015216,order_00014187,ETH-USD,1915.98,52,2026-01-01T04:13:35Z
batch_0005,order_00015216,order_00012921,ETH-USD,1916.18,671,2026-01-01T04:13:35Z
batch_0005,order_00013139,order_00012921,ETH-USD,1916.18,299,2026-01-01T03:38:58Z
batch_0005,order_00015293,order_00012921,ETH-USD,1916.18,4,2026-01-01T04:14:52Z
batch_0005,order_00015293,order_00016571,ETH-USD,1916.19,306,2026-01-01T04:36:10Z
batch_0005,order_00015293,order_00009179,ETH-USD,1916.22,491,2026-01-01T04:14:52Z
batch_0005,order_00015293,order_00013386,ETH-USD,1916.33,104,2026-01-01T04:14:52Z
batch_0005,order_00015293,order_00011904,ETH-USD,1916.36,10,2026-01-01T04:14:52Z
batch_0005,order_00016460,order_00011904,ETH-USD,1916.36,107,2026-01-01T04:34:19Z
batch_0005,order_00016460,order_00013158,ETH-USD,1916.49,705,2026-01-01T04:34:19Z
batch_0005,order_00016460,order_00007189,ETH-USD,1916.79,97,2026-01-01T04:34:19Z
batch_0005,order_00014331,order_00007189,ETH-USD,1916.79,156,2026-01-01T03:58:50Z
batch_0005,order_00014331,order_00011559,ETH-USD,1916.82,51,2026-01-01T03:58:50Z
batch_0005,order_00014474,order_00011559,ETH-USD,1916.82,311,2026-01-01T04:01:13Z
batch_0005,order_00014474,order_00014866,ETH-USD,1916.82,375,2026-01-01T04:07:45Z
batch_0005,order_00007969,order_00014866,ETH-USD,1916.82,107,2026-01-01T04:07:45Z
batch_0005,order_00007969,order_00009874,ETH-USD,1916.84,132,2026-01-01T02:44:33Z
batch_0005,order_00013372,order_00009874,ETH-USD,1916.84,314,2026-01-01T03:42:51Z
batch_0005,order_00013372,order_00011054,ETH-USD,1916.84,597,2026-01-01T03:42:51Z
batch_0005,order_00010804,order_00011054,ETH-USD,1916.84,41,2026-01-01T03:04:13Z
batch_0005,order_00010804,order_00013301,ETH-USD,1916.93,228,2026-01-01T03:41:40Z
batch_0005,order_00016095,order_00013301,ETH-USD,1916.93,203,2026-01-01T04:28:14Z
batch_0005,order_00011444,order_00013301,ETH-USD,1916.93,341,2026-01-01T03:41:40Z
batch_0005,order_00011444,order_00008387,ETH-USD,1916.94,200,2026-01-01T03:10:43Z
batch_0005,order_00014240,order_00008387,ETH-USD,1916.94,150,2026-01-01T03:57:19Z
batch_0005,order_00014240,order_00012179,ETH-USD,1917.01,309,2026-01-01T03:57:19Z
batch_0005,order_00007591,order_00012179,ETH-USD,1917.01,634,2026-01-01T03:22:58Z
batch_0005,order_00007591,order_00012465,ETH-USD,1917.42,167,2026-01-01T03:27:44Z
batch_0005,order_00010707,order_00012465,ETH-USD,1917.42,6,2026-01-01T03:27:44Z
batch_0005,order_00013656,order_00012465,ETH-USD,1917.42,245,2026-01-01T03:47:35Z
batch_0005,order_00007307,order_00012465,ETH-USD,1917.42,521,2026-01-01T03:27:44Z
batch_0005,order_00007307,order_00010285,ETH-USD,1917.5,382,2026-01-01T02:51:24Z
batch_0005,order_00012051,order_00010285,ETH-USD,1917.5,294,2026-01-01T03:20:50Z
batch_0005,order_00012051,order_00011118,ETH-USD,1917.52,359,2026-01-01T03:20:50Z
batch_0005,order_00012051,order_00009873,ETH-USD,1917.58,191,2026-01-01T03:20:50Z
batch_0005,order_00012051,order_00007232,ETH-USD,1917.62,1,2026-01-01T03:20:50Z
batch_0005,order_00006822,order_00007232,ETH-USD,1917.62,84,2026-01-01T02:00:31Z
batch_0005,order_00006822,order_00010656,ETH-USD,1917.62,192,2026-01-01T02:57:35Z
batch_0005,order_00010715,order_00010656,ETH-USD,1917.62,481,2026-01-01T02:58:34Z
batch_0005,order_00010715,order_00011862,ETH-USD,1917.69,252,2026-01-01T03:17:41Z
batch_0005,order_00006824,order_00011862,ETH-USD,1917.69,519,2026-01-01T03:17:41Z
batch_0005,order_00006824,order_00015772,ETH-USD,1917.82,64,2026-01-01T04:22:51Z
batch_0005,order_00010805,order_00015772,ETH-USD,1917.82,408,2026-01-01T04:22:51Z
batch_0005,order_00013232,order_00015772,ETH-USD,1917.82,472,2026-01-01T04:22:51Z
batch_0005,order_00013232,order_00013911,ETH-USD,1917.83,55,2026-01-01T03:51:50Z
batch_0005,order_00012005,order_00013911,ETH-USD,1917.83,685,2026-01-01T03:51:50Z
batch_0005,order_00012005,order_00010334,ETH-USD,1917.88,257,2026-01-01T03:20:04Z
batch_0005,order_00007955,order_00010334,ETH-USD,1917.88,586,2026-01-01T02:52:13Z
batch_0005,order_00007955,order_00006942,ETH-USD,1917.96,29,2026-01-01T02:12:34Z
batch_0005,order_00015580,order_00006942,ETH-USD,1917.96,125,2026-01-01T04:19:39Z
batch_0005,order_00015580,order_00006733,ETH-USD,1918.11,34,2026-01-01T04:19:39Z
batch_0005,order_00015580,order_00010853,ETH-USD,1918.14,115,2026-01-01T04:19:39Z
batch_0005,order_00012053,order_00010853,ETH-USD,1918.14,180,2026-01-01T03:20:52Z
batch_0005,order_00008390,order_00010853,ETH-USD,1918.14,244,2026-01-01T03:00:52Z
batch_0005,order_00015788,order_00010853,ETH-USD,1918.14,23,2026-01-01T04:23:07Z
batch_0005,order_00015788,order_00012943,ETH-USD,1918.17,512,2026-01-01T04:23:07Z
batch_0005,order_00010599,order_00012943,ETH-USD,1918.17,115,2026-01-01T03:35:42Z
batch_0005,order_00010274,order_00012943,ETH-USD,1918.17,109,2026-01-01T03:35:42Z
batch_0005,order_00011271,order_00012943,ETH-USD,1918.17,225,2026-01-01T03:35:42Z
batch_0005,order_00011271,order_00009931,ETH-USD,1918.19,763,2026-01-01T03:07:50Z
batch_0005,order_00012949,order_00009931,ETH-USD,1918.19,178,2026-01-01T03:35:48Z
batch_0005,order_00012949,order_00012159,ETH-USD,1918.28,217,2026-01-01T03:35:48Z
batch_0005,order_00012949,order_00011921,ETH-USD,1918.3,65,2026-01-01T03:35:48Z
batch_0005,order_00012510,order_00011921,ETH-USD,1918.3,517,2026-01-01T03:28:29Z
batch_0005,order_00009502,order_00011921,ETH-USD,1918.3,333,2026-01-01T03:18:40Z
batch_0005,order_00009502,order_00008549,ETH-USD,1918.31,341,2026-01-01T02:38:21Z
batch_0005,order_00014509,order_00008549,ETH-USD,1918.31,10,2026-01-01T04:01:48Z
batch_0005,order_00014509,order_00008321,ETH-USD,1918.42,216,2026-01-01T04:01:48Z
batch_0005,order_00014509,order_00016152,ETH-USD,1918.58,510,2026-01-01T04:29:11Z
batch_0005,order_00014101,order_00016152,ETH-USD,1918.58,301,2026-01-01T04:29:11Z
batch_0005,order_00014101,order_00008427,ETH-USD,1918.73,151,2026-01-01T03:55:00Z
batch_0005,order_00015276,order_00008427,ETH-USD,1918.73,506,2026-01-01T04:14:35Z
batch_0005,order_00015276,order_00006662,ETH-USD,1918.74,139,2026-01-01T04:14:35Z
batch_0005,order_00015276,order_00007743,ETH-USD,1918.74,1,2026-01-01T04:14:35Z
batch_0005,order_00015276,order_00014573,ETH-USD,1918.8,275,2026-01-01T04:14:35Z
batch_0005,order_00006928,order_00014573,ETH-USD,1918.8,621,2026-01-01T04:02:52Z
batch_0005,order_00006928,order_00008419,ETH-USD,1918.83,265,2026-01-01T02:20:18Z
batch_0005,order_00006928,order_00007279,ETH-USD,1919.21,45,2026-01-01T02:01:18Z
batch_0005,order_00008687,order_00007279,ETH-USD,1919.21,662,2026-01-01T02:24:46Z
batch_0005,order_00008687,order_00014138,ETH-USD,1919.43,35,2026-01-01T03:55:37Z
batch_0005,order_00009902,order_00014138,ETH-USD,1919.43,395,2026-01-01T03:55:37Z
batch_0005,order_00008858,order_00014138,ETH-USD,1919.43,148,2026-01-01T03:55:37Z
batch_0005,order_00008858,order_00016278,ETH-USD,1919.56,275,2026-01-01T04:31:17Z
batch_0005,order_00008858,order_00008482,ETH-USD,1919.66,521,2026-01-01T02:27:37Z
batch_0005,order_00010492,order_00008482,ETH-USD,1919.66,171,2026-01-01T02:54:51Z
batch_0005,order_00010492,order_00010816,ETH-USD,1919.71,94,2026-01-01T03:00:15Z
batch_0005,order_00012874,order_00010816,ETH-USD,1919.71,135,2026-01-01T03:34:33Z
batch_0005,order_00015933,order_00010816,ETH-USD,1919.71,507,2026-01-01T04:25:32Z
batch_0005,order_00015933,order_00013699,ETH-USD,1919.72,285,2026-01-01T04:25:32Z
batch_0005,order_00015933,order_00012377,ETH-USD,1919.76,206,2026-01-01T04:25:32Z
batch_0005,order_00011589,order_00012377,ETH-USD,1919.76,33,2026-01-01T03:26:16Z
batch_0005,order_00011589,order_00006721,ETH-USD,1919.99,480,2026-01-01T03:13:08Z
batch_0005,order_00011589,order_00009427,ETH-USD,1920.06,404,2026-01-01T03:13:08Z
batch_0005,order_00008898,order_00009427,ETH-USD,1920.06,452,2026-01-01T02:37:06Z
batch_0005,order_00008898,order_00011122,ETH-USD,1920.09,518,2026-01-01T03:05:21Z
batch_0005,order_00010354,order_00011122,ETH-USD,1920.09,98,2026-01-01T03:05:21Z
batch_0005,order_00010354,order_00010485,ETH-USD,1920.42,30,2026-01-01T02:54:44Z
batch_0005,order_00016491,order_00010485,ETH-USD,1920.42,484,2026-01-01T04:34:50Z
batch_0005,order_00011198,order_00010485,ETH-USD,1920.42,247,2026-01-01T03:06:37Z
batch_0005,order_00014273,order_00010485,ETH-USD,1920.42,59,2026-01-01T03:57:52Z
batch_0005,order_00014273,order_00009834,ETH-USD,1920.45,385,2026-01-01T03:57:52Z
batch_0005,order_00014273,order_00007209,ETH-USD,1920.67,365,2026-01-01T03:57:52Z
batch_0005,order_00013326,order_00007209,ETH-USD,1920.67,147,2026-01-01T03:42:05Z
batch_0005,order_00013326,order_00009282,ETH-USD,1920.69,580,2026-01-01T03:42:05Z
batch_0005,order_00013326,order_00014425,ETH-USD,1921.03,250,2026-01-01T04:00:24Z
batch_0005,order_00012017,order_00014425,ETH-USD,1921.03,360,2026-01-01T04:00:24Z
batch_0005,order_00012017,order_00011776,ETH-USD,1921.19,496,2026-01-01T03:20:16Z
batch_0005,order_00011655,order_00011776,ETH-USD,1921.19,286,2026-01-01T03:16:15Z
batch_0005,order_00011655,order_00016412,ETH-USD,1921.41,180,2026-01-01T04:33:31Z
batch_0005,order_00008023,order_00016412,ETH-USD,1921.41,163,2026-01-01T04:33:31Z
batch_0005,order_00008023,order_00013891,ETH-USD,1921.46,152,2026-01-01T03:51:30Z
batch_0005,order_00015956,order_00013891,ETH-USD,1921.46,160,2026-01-01T04:25:55Z
batch_0005,order_00015956,order_00007512,ETH-USD,1921.68,89,2026-01-01T04:25:55Z
batch_0005,order_00015956,order_00006836,ETH-USD,1921.69,294,2026-01-01T04:25:55Z
batch_0005,order_00012769,order_00006836,ETH-USD,1921.69,522,2026-01-01T03:32:48Z
batch_0005,order_00012769,order_00014121,ETH-USD,1921.77,207,2026-01-01T03:55:20Z
batch_0005,order_00015127,order_00014121,ETH-USD,1921.77,160,2026-01-01T04:12:06Z
batch_0005,order_00015127,order_00012803,ETH-USD,1921.93,594,2026-01-01T04:12:06Z
batch_0005,order_00016439,order_00012803,ETH-USD,1921.93,321,2026-01-01T04:33:58Z
batch_0005,order_00016439,order_00016354,ETH-USD,1922.19,434,2026-01-01T04:33:58Z
batch_0005,order_00016439,order_00013049,ETH-USD,1922.21,8,2026-01-01T04:33:58Z
batch_0005,order_00016439,order_00010255,ETH-USD,1922.27,177,2026-01-01T04:33:58Z
batch_0005,order_00008712,order_00010255,ETH-USD,1922.27,309,2026-01-01T02:50:54Z
batch_0005,order_00008095,order_00010255,ETH-USD,1922.27,353,2026-01-01T02:50:54Z
batch_0005,order_00016561,order_00010255,ETH-USD,1922.27,9,2026-01-01T04:36:00Z
batch_0005,order_00016561,order_00013896,ETH-USD,1922.38,53,2026-01-01T04:36:00Z
batch_0005,order_00009600,order_00013896,ETH-USD,1922.38,126,2026-01-01T03:51:35Z
batch_0005,order_00008813,order_00013896,ETH-USD,1922.38,439,2026-01-01T03:51:35Z
batch_0005,order_00008813,order_00007717,ETH-USD,1922.5,450,2026-01-01T02:26:52Z
batch_0005,order_00006986,order_00007717,ETH-USD,1922.5,44,2026-01-01T02:08:36Z
batch_0005,order_00013284,order_00007717,ETH-USD,1922.5,230,2026-01-01T03:41:23Z
batch_0005,order_00013284,order_00013495,ETH-USD,1922.54,109,2026-01-01T03:44:54Z
batch_0005,order_00016002,order_00013495,ETH-USD,1922.54,135,2026-01-01T04:26:41Z
batch_0005,order_00016002,order_00014216,ETH-USD,1922.72,60,2026-01-01T04:26:41Z
batch_0005,order_00009200,order_00014216,ETH-USD,1922.72,588,2026-01-01T03:56:55Z
batch_0005,order_00009200,order_00007374,ETH-USD,1922.73,23,2026-01-01T02:33:19Z
batch_0005,order_00009200,order_00010125,ETH-USD,1922.89,150,2026-01-01T02:48:44Z
batch_0005,order_00012113,order_00010125,ETH-USD,1922.89,427,2026-01-01T03:21:52Z
batch_0005,order_00008384,order_00010125,ETH-USD,1922.89,142,2026-01-01T02:48:44Z
batch_0005,order_00008384,order_00013758,ETH-USD,1922.96,494,2026-01-01T03:49:17Z
batch_0005,order_00008384,order_00014200,ETH-USD,1922.96,62,2026-01-01T03:56:39Z
batch_0005,order_00011778,order_00014200,ETH-USD,1922.96,421,2026-01-01T03:56:39Z
batch_0005,order_00011778,order_00008074,ETH-USD,1923.05,239,2026-01-01T03:16:17Z
batch_0005,order_00011778,order_00012876,ETH-USD,1923.37,18,2026-01-01T03:34:35Z
batch_0005,order_00011778,order_00016556,ETH-USD,1923.5,107,2026-01-01T04:35:55Z
batch_0005,order_00006609,order_00016556,ETH-USD,1923.5,535,2026-01-01T04:35:55Z
batch_0005,order_00016503,order_00016556,ETH-USD,1923.5,303,2026-01-01T04:35:55Z
batch_0005,order_00016503,order_00012560,ETH-USD,1923.56,331,2026-01-01T04:35:02Z
batch_0005,order_00016503,order_00015306,ETH-USD,1923.66,87,2026-01-01T04:35:02Z
batch_0005,order_00007972,order_00015306,ETH-USD,1923.66,493,2026-01-01T04:15:05Z
batch_0005,order_00015981,order_00015306,ETH-USD,1923.66,50,2026-01-01T04:26:20Z
batch_0005,order_00015981,order_00012873,ETH-USD,1923.67,90,2026-01-01T04:26:20Z
batch_0005,order_00010473,order_00012873,ETH-USD,1923.67,362,2026-01-01T03:34:32Z
batch_0005,order_00010473,order_00012155,ETH-USD,1923.73,368,2026-01-01T03:22:34Z
batch_0005,order_00010473,order_00011021,ETH-USD,1923.76,182,2026-01-01T03:03:40Z
batch_0005,order_00013254,order_00011021,ETH-USD,1923.76,308,2026-01-01T03:40:53Z
batch_0005,order_00007668,order_00011021,ETH-USD,1923.76,44,2026-01-01T03:03:40Z
batch_0005,order_00007668,order_00014965,ETH-USD,1923.76,90,2026-01-01T04:09:24Z
batch_0005,order_00007668,order_00015840,ETH-USD,1923.86,746,2026-01-01T04:23:59Z
batch_0005,order_00006876,order_00015840,ETH-USD,1923.86,134,2026-01-01T04:23:59Z
batch_0005,order_00006876,order_00011132,ETH-USD,1923.9,638,2026-01-01T03:05:31Z
batch_0005,order_00013079,order_00011132,ETH-USD,1923.9,214,2026-01-01T03:37:58Z
batch_0005,order_00013079,order_00016541,ETH-USD,1923.9,182,2026-01-01T04:35:40Z
batch_0005,order_00013079,order_00007985,ETH-USD,1924.04,424,2026-01-01T03:37:58Z
batch_0005,order_00013079,order_00007427,ETH-USD,1924.12,61,2026-01-01T03:37:58Z
batch_0005,order_00013302,order_00007427,ETH-USD,1924.12,328,2026-01-01T03:41:41Z
batch_0005,order_00010438,order_00007427,ETH-USD,1924.12,100,2026-01-01T02:53:57Z
batch_0005,order_00010438,order_00007507,ETH-USD,1924.15,146,2026-01-01T02:53:57Z
batch_0005,order_00010438,order_00009215,ETH-USD,1924.33,670,2026-01-01T02:53:57Z
batch_0005,order_00012572,order_00009215,ETH-USD,1924.33,272,2026-01-01T03:29:31Z
batch_0005,order_00012572,order_00015747,ETH-USD,1924.42,177,2026-01-01T04:22:26Z
batch_0005,order_00012572,order_00010932,ETH-USD,1924.46,96,2026-01-01T03:29:31Z
batch_0005,order_00016300,order_00010932,ETH-USD,1924.46,291,2026-01-01T04:31:39Z
batch_0005,order_00016300,order_00008282,ETH-USD,1924.6,63,2026-01-01T04:31:39Z
batch_0005,order_00010901,order_00008282,ETH-USD,1924.6,261,2026-01-01T03:01:40Z
batch_0005,order_00007678,order_00008282,ETH-USD,1924.6,122,2026-01-01T02:18:01Z
batch_0005,order_00012836,order_00008282,ETH-USD,1924.6,46,2026-01-01T03:33:55Z
batch_0005,order_00012836,order_00007627,ETH-USD,1924.66,97,2026-01-01T03:33:55Z
batch_0005,order_00012836,order_00010249,ETH-USD,1924.68,430,2026-01-01T03:33:55Z
batch_0005,order_00007995,order_00010249,ETH-USD,1924.68,368,2026-01-01T02:50:48Z
batch_0005,order_00007995,order_00010801,ETH-USD,1924.7,540,2026-01-01T03:00:00Z
batch_0005,order_00014444,order_00010801,ETH-USD,1924.7,338,2026-01-01T04:00:43Z
batch_0005,order_00014444,order_00008601,ETH-USD,1924.73,81,2026-01-01T04:00:43Z
batch_0005,order_00010925,order_00008601,ETH-USD,1924.73,186,2026-01-01T03:02:04Z
batch_0005,order_00008200,order_00008601,ETH-USD,1924.73,51,2026-01-01T02:23:20Z
batch_0005,order_00008200,order_00009669,ETH-USD,1924.75,19,2026-01-01T02:41:08Z
batch_0005,order_00008200,order_00011002,ETH-USD,1924.76,342,2026-01-01T03:03:21Z
batch_0005,order_00007714,order_00011002,ETH-USD,1924.76,572,2026-01-01T03:03:21Z
batch_0005,order_00007714,order_00013626,ETH-USD,1924.8,7,2026-01-01T03:47:05Z
batch_0005,order_00014819,order_00013626,ETH-USD,1924.8,24,2026-01-01T04:06:58Z
batch_0005,order_00009898,order_00013626,ETH-USD,1924.8,397,2026-01-01T03:47:05Z
batch_0005,order_00013251,order_00013626,ETH-USD,1924.8,247,2026-01-01T03:47:05Z
batch_0005,order_00013251,order_00007080,ETH-USD,1924.81,63,2026-01-01T03:40:50Z
batch_0005,order_00007857,order_00007080,ETH-USD,1924.81,25,2026-01-01T02:10:56Z
batch_0005,order_00007857,order_00009936,ETH-USD,1924.84,46,2026-01-01T02:45:35Z
batch_0005,order_00007857,order_00009088,ETH-USD,1924.87,24,2026-01-01T02:31:27Z
batch_0005,order_00007857,order_00014024,ETH-USD,1925.09,213,2026-01-01T03:53:43Z
batch_0005,order_00011529,order_00014024,ETH-USD,1925.09,92,2026-01-01T03:53:43Z
batch_0005,order_00011529,order_00010555,ETH-USD,1925.12,365,2026-01-01T03:12:08Z
batch_0005,order_00007532,order_00010555,ETH-USD,1925.12,141,2026-01-01T02:55:54Z
batch_0005,order_00014001,order_00010555,ETH-USD,1925.12,130,2026-01-01T03:53:20Z
batch_0005,order_00014001,order_00016011,ETH-USD,1925.16,635,2026-01-01T04:26:50Z
batch_0005,order_00010107,order_00016011,ETH-USD,1925.16,210,2026-01-01T04:26:50Z
batch_0005,order_00010107,order_00009130,ETH-USD,1925.18,14,2026-01-01T02:48:26Z
batch_0005,order_00007147,order_00009130,ETH-USD,1925.18,230,2026-01-01T02:32:09Z
batch_0005,order_00015312,order_00009130,ETH-USD,1925.18,463,2026-01-01T04:15:11Z
batch_0005,order_00015312,order_00014975,ETH-USD,1925.19,213,2026-01-01T04:15:11Z
batch_0005,order_00012020,order_00014975,ETH-USD,1925.19,641,2026-01-01T04:09:34Z
batch_0005,order_00012020,order_00013733,ETH-USD,1925.23,72,2026-01-01T03:48:52Z
batch_0005,order_00012197,order_00013733,ETH-USD,1925.23,654,2026-01-01T03:48:52Z
batch_0005,order_00011831,order_00013733,ETH-USD,1925.23,31,2026-01-01T03:48:52Z
batch_0005,order_00011831,order_00007605,ETH-USD,1925.28,531,2026-01-01T03:17:10Z
batch_0005,order_00011831,order_00006854,ETH-USD,1925.43,114,2026-01-01T03:17:10Z
batch_0005,order_00012261,order_00006854,ETH-USD,1925.43,389,2026-01-01T03:24:20Z
batch_0005,order_00015585,order_00006854,ETH-USD,1925.43,331,2026-01-01T04:19:44Z
batch_0005,order_00015585,order_00010995,ETH-USD,1925.43,46,2026-01-01T04:19:44Z
batch_0005,order_00015059,order_00010995,ETH-USD,1925.43,185,2026-01-01T04:10:58Z
batch_0005,order_00008210,order_00010995,ETH-USD,1925.43,149,2026-01-01T03:03:14Z
batch_0005,order_00008210,order_00008607,ETH-USD,1925.88,279,2026-01-01T02:23:26Z
batch_0005,order_00008210,order_00009707,ETH-USD,1925.93,408,2026-01-01T02:41:46Z
batch_0005,order_00008210,order_00012421,ETH-USD,1925.95,36,2026-01-01T03:27:00Z
batch_0005,order_00013203,order_00012421,ETH-USD,1925.95,670,2026-01-01T03:40:02Z
batch_0005,order_00016176,order_00012421,ETH-USD,1925.95,264,2026-01-01T04:29:35Z
batch_0005,order_00016176,order_00009041,ETH-USD,1926.43,448,2026-01-01T04:29:35Z
batch_0005,order_00008949,order_00009041,ETH-USD,1926.43,383,2026-01-01T02:30:40Z
batch_0005,order_00013670,order_00009041,ETH-USD,1926.43,57,2026-01-01T03:47:49Z
batch_0005,order_00013670,order_00016184,ETH-USD,1926.48,619,2026-01-01T04:29:43Z
batch_0005,order_00013080,order_00016184,ETH-USD,1926.48,28,2026-01-01T04:29:43Z
batch_0005,order_00013080,order_00015420,ETH-USD,1926.5,612,2026-01-01T04:16:59Z
batch_0005,order_00013080,order_00010057,ETH-USD,1926.51,57,2026-01-01T03:37:59Z
batch_0005,order_00013080,order_00011158,ETH-USD,1926.54,214,2026-01-01T03:37:59Z
batch_0005,order_00012496,order_00011158,ETH-USD,1926.54,103,2026-01-01T03:28:15Z
batch_0005,order_00012496,order_00009935,ETH-USD,1926.61,221,2026-01-01T03:28:15Z
batch_0005,order_00012496,order_00007396,ETH-USD,1926.66,234,2026-01-01T03:28:15Z
batch_0005,order_00015877,order_00007396,ETH-USD,1926.66,5,2026-01-01T04:24:36Z
batch_0005,order_00009924,order_00007396,ETH-USD,1926.66,38,2026-01-01T02:45:23Z
batch_0005,order_00009924,order_00015149,ETH-USD,1926.74,464,2026-01-01T04:12:28Z
batch_0005,order_00011740,order_00015149,ETH-USD,1926.74,436,2026-01-01T04:12:28Z
batch_0005,order_00011740,order_00010446,ETH-USD,1926.81,83,2026-01-01T03:15:39Z
batch_0005,order_00014636,order_00010446,ETH-USD,1926.81,832,2026-01-01T04:03:55Z
batch_0005,order_00014636,order_00013885,ETH-USD,1926.83,98,2026-01-01T04:03:55Z
batch_0005,order_00012744,order_00013885,ETH-USD,1926.83,286,2026-01-01T03:51:24Z
batch_0005,order_00014165,order_00013885,ETH-USD,1926.83,218,2026-01-01T03:56:04Z
batch_0005,order_00014165,order_00014713,ETH-USD,1926.83,164,2026-01-01T04:05:12Z
batch_0005,order_00014165,order_00011991,ETH-USD,1926.88,277,2026-01-01T03:56:04Z
batch_0005,order_00015741,order_00011991,ETH-USD,1926.88,511,2026-01-01T04:22:20Z
batch_0005,order_00010060,order_00011991,ETH-USD,1926.88,129,2026-01-01T03:19:50Z
batch_0005,order_00013069,order_00011991,ETH-USD,1926.88,16,2026-01-01T03:37:48Z
batch_0005,order_00013069,order_00013902,ETH-USD,1926.94,81,2026-01-01T03:51:41Z
batch_0005,order_00013069,order_00009492,ETH-USD,1927.2,426,2026-01-01T03:37:48Z
batch_0005,order_00015628,order_00009492,ETH-USD,1927.2,14,2026-01-01T04:20:27Z
batch_0005,order_00015628,order_00014845,ETH-USD,1927.27,109,2026-01-01T04:20:27Z
batch_0005,order_00007962,order_00014845,ETH-USD,1927.27,87,2026-01-01T04:07:24Z
batch_0005,order_00007962,order_00015862,ETH-USD,1927.41,167,2026-01-01T04:24:21Z
batch_0005,order_00007962,order_00013120,ETH-USD,1927.53,245,2026-01-01T03:38:39Z
batch_0005,order_00015261,order_00013120,ETH-USD,1927.53,44,2026-01-01T04:14:20Z
batch_0005,order_00014420,order_00013120,ETH-USD,1927.53,96,2026-01-01T04:00:19Z
batch_0005,order_00014420,order_00013473,ETH-USD,1927.59,656,2026-01-01T04:00:19Z
batch_0005,order_00014420,order_00007467,ETH-USD,1927.62,19,2026-01-01T04:00:19Z
batch_0005,order_00011795,order_00007467,ETH-USD,1927.62,125,2026-01-01T03:16:34Z
batch_0005,order_00011795,order_00009920,ETH-USD,1927.8,534,2026-01-01T03:16:34Z
batch_0005,order_00013574,order_00009920,ETH-USD,1927.8,27,2026-01-01T03:46:13Z
batch_0005,order_00013574,order_00010263,ETH-USD,1927.84,604,2026-01-01T03:46:13Z
batch_0005,order_00008299,order_00010263,ETH-USD,1927.84,86,2026-01-01T02:51:02Z
batch_0005,order_00008299,order_00011338,ETH-USD,1928.11,397,2026-01-01T03:08:57Z
batch_0005,order_00008299,order_00015874,ETH-USD,1928.17,23,2026-01-01T04:24:33Z
batch_0005,order_00008299,order_00006642,ETH-USD,1928.25,221,2026-01-01T02:18:18Z
batch_0005,order_00008299,order_00012137,ETH-USD,1928.33,160,2026-01-01T03:22:16Z
batch_0005,order_00015002,order_00012137,ETH-USD,1928.33,244,2026-01-01T04:10:01Z
batch_0005,order_00007131,order_00012137,ETH-USD,1928.33,315,2026-01-01T03:22:16Z
batch_0005,order_00007131,order_00009586,ETH-USD,1928.38,11,2026-01-01T02:39:45Z
batch_0005,order_00010501,order_00009586,ETH-USD,1928.38,296,2026-01-01T02:55:00Z
batch_0005,order_00010501,order_00008808,ETH-USD,1928.47,454,2026-01-01T02:55:00Z
batch_0005,order_00010501,order_00015039,ETH-USD,1928.53,98,2026-01-01T04:10:38Z
batch_0005,order_00008704,order_00015039,ETH-USD,1928.53,592,2026-01-01T04:10:38Z
batch_0005,order_00012540,order_00015039,ETH-USD,1928.53,8,2026-01-01T04:10:38Z
batch_0005,order_00012540,order_00006658,ETH-USD,1928.56,436,2026-01-01T03:28:59Z
batch_0005,order_00008853,order_00006658,ETH-USD,1928.56,72,2026-01-01T02:27:32Z
batch_0005,order_00008853,order_00006765,ETH-USD,1928.67,355,2026-01-01T02:27:32Z
batch_0005,order_00011990,order_00006765,ETH-USD,1928.67,66,2026-01-01T03:19:49Z
batch_0005,order_00011586,order_00006765,ETH-USD,1928.67,212,2026-01-01T03:13:05Z
batch_0005,order_00014123,order_00006765,ETH-USD,1928.67,45,2026-01-01T03:55:22Z
batch_0005,order_00014123,order_00013462,ETH-USD,1928.68,152,2026-01-01T03:55:22Z
batch_0005,order_00015105,order_00013462,ETH-USD,1928.68,783,2026-01-01T04:11:44Z
batch_0005,order_00012655,order_00013462,ETH-USD,1928.68,2,2026-01-01T03:44:21Z
batch_0005,order_00012655,order_00007687,ETH-USD,1928.91,806,2026-01-01T03:30:54Z
batch_0005,order_00012655,order_00008070,ETH-USD,1929.06,5,2026-01-01T03:30:54Z
batch_0005,order_00014359,order_00008070,ETH-USD,1929.06,722,2026-01-01T03:59:18Z
batch_0005,order_00012684,order_00008070,ETH-USD,1929.06,57,2026-01-01T03:31:23Z
batch_0005,order_00012684,order_00007801,ETH-USD,1929.07,189,2026-01-01T03:31:23Z
batch_0005,order_00012684,order_00014093,ETH-USD,1929.08,339,2026-01-01T03:54:52Z
batch_0005,order_00012684,order_00011491,ETH-USD,1929.16,379,2026-01-01T03:31:23Z
batch_0005,order_00009138,order_00011491,ETH-USD,1929.16,326,2026-01-01T03:11:30Z
batch_0005,order_00009138,order_00009970,ETH-USD,1929.2,67,2026-01-01T02:46:09Z
batch_0005,order_00009138,order_00007291,ETH-USD,1929.24,185,2026-01-01T02:32:17Z
batch_0005,order_00009138,order_00011161,ETH-USD,1929.26,249,2026-01-01T03:06:00Z
batch_0005,order_00010903,order_00011161,ETH-USD,1929.26,230,2026-01-01T03:06:00Z
batch_0005,order_00010050,order_00011161,ETH-USD,1929.26,398,2026-01-01T03:06:00Z
batch_0005,order_00010050,order_00012306,ETH-USD,1929.32,478,2026-01-01T03:25:05Z
batch_0005,order_00010105,order_00012306,ETH-USD,1929.32,259,2026-01-01T03:25:05Z
batch_0005,order_00010105,order_00012952,ETH-USD,1929.36,1,2026-01-01T03:35:51Z
batch_0005,order_00012813,order_00012952,ETH-USD,1929.36,267,2026-01-01T03:35:51Z
batch_0005,order_00012813,order_00007560,ETH-USD,1929.38,139,2026-01-01T03:33:32Z
batch_0005,order_00012813,order_00011453,ETH-USD,1929.45,19,2026-01-01T03:33:32Z
batch_0005,order_00012813,order_00007140,ETH-USD,1929.59,230,2026-01-01T03:33:32Z
batch_0005,order_00012813,order_00016029,ETH-USD,1929.68,69,2026-01-01T04:27:08Z
batch_0005,order_00010224,order_00016029,ETH-USD,1929.68,319,2026-01-01T04:27:08Z
batch_0005,order_00014893,order_00016029,ETH-USD,1929.68,41,2026-01-01T04:27:08Z
batch_0005,order_00014893,order_00008795,ETH-USD,1929.85,490,2026-01-01T04:08:12Z
batch_0005,order_00007105,order_00008795,ETH-USD,1929.85,347,2026-01-01T02:26:34Z
batch_0005,order_00007105,order_00007556,ETH-USD,1929.95,637,2026-01-01T02:05:55Z
batch_0005,order_00008975,order_00007556,ETH-USD,1929.95,200,2026-01-01T02:29:34Z
batch_0005,order_00008975,order_00014362,ETH-USD,1930.0,193,2026-01-01T03:59:21Z
batch_0005,order_00015559,order_00014362,ETH-USD,1930.0,68,2026-01-01T04:19:18Z
batch_0005,order_00015450,order_00014362,ETH-USD,1930.0,23,2026-01-01T04:17:29Z
batch_0005,order_00008114,order_00014362,ETH-USD,1930.0,519,2026-01-01T03:59:21Z
batch_0005,order_00008114,order_00009210,ETH-USD,1930.01,272,2026-01-01T02:33:29Z
batch_0005,order_00015106,order_00009210,ETH-USD,1930.01,639,2026-01-01T04:11:45Z
batch_0005,order_00015106,order_00016352,ETH-USD,1930.1,83,2026-01-01T04:32:31Z
batch_0005,order_00012063,order_00016352,ETH-USD,1930.1,313,2026-01-01T04:32:31Z
batch_0005,order_00012063,order_00013781,ETH-USD,1930.25,568,2026-01-01T03:49:40Z
batch_0005,order_00012114,order_00013781,ETH-USD,1930.25,419,2026-01-01T03:49:40Z
batch_0005,order_00012114,order_00015096,ETH-USD,1930.31,452,2026-01-01T04:11:35Z
batch_0005,order_00012114,order_00012146,ETH-USD,1930.33,41,2026-01-01T03:22:25Z
batch_0005,order_00007889,order_00012146,ETH-USD,1930.33,504,2026-01-01T03:22:25Z
batch_0005,order_00015544,order_00012146,ETH-USD,1930.33,137,2026-01-01T04:19:03Z
batch_0005,order_00015544,order_00008807,ETH-USD,1930.39,47,2026-01-01T04:19:03Z
batch_0005,order_00015544,order_00012403,ETH-USD,1930.49,183,2026-01-01T04:19:03Z
batch_0005,order_00015544,order_00014242,ETH-USD,1930.61,167,2026-01-01T04:19:03Z
batch_0005,order_00015544,order_00014107,ETH-USD,1930.62,147,2026-01-01T04:19:03Z
batch_0005,order_00015544,order_00011764,ETH-USD,1930.86,32,2026-01-01T04:19:03Z
batch_0005,order_00008641,order_00011764,ETH-USD,1930.86,682,2026-01-01T03:16:03Z
batch_0005,order_00012305,order_00011764,ETH-USD,1930.86,65,2026-01-01T03:25:04Z
batch_0005,order_00013411,order_00011764,ETH-USD,1930.86,31,2026-01-01T03:43:30Z
batch_0005,order_00013411,order_00010634,ETH-USD,1930.88,24,2026-01-01T03:43:30Z
batch_0005,order_00008249,order_00010634,ETH-USD,1930.88,395,2026-01-01T02:57:13Z
batch_0005,order_00008249,order_00014030,ETH-USD,1931.0,37,2026-01-01T03:53:49Z
batch_0005,order_00008041,order_00014030,ETH-USD,1931.0,425,2026-01-01T03:53:49Z
batch_0005,order_00008041,order_00011105,ETH-USD,1931.11,236,2026-01-01T03:05:04Z
batch_0005,order_00015847,order_00011105,ETH-USD,1931.11,342,2026-01-01T04:24:06Z
batch_0005,order_00015847,order_00014832,ETH-USD,1931.12,172,2026-01-01T04:24:06Z
batch_0005,order_00008604,order_00014832,ETH-USD,1931.12,304,2026-01-01T04:07:11Z
batch_0005,order_00011509,order_00014832,ETH-USD,1931.12,65,2026-01-01T04:07:11Z
batch_0005,order_00011509,order_00012354,ETH-USD,1931.36,67,2026-01-01T03:25:53Z
batch_0005,order_00011509,order_00010654,ETH-USD,1931.37,264,2026-01-01T03:11:48Z
batch_0005,order_00010557,order_00010654,ETH-USD,1931.37,566,2026-01-01T02:57:33Z
batch_0005,order_00010557,order_00014896,ETH-USD,1931.47,413,2026-01-01T04:08:15Z
batch_0005,order_00007242,order_00014896,ETH-USD,1931.47,582,2026-01-01T04:08:15Z
batch_0005,order_00007242,order_00015687,ETH-USD,1931.61,230,2026-01-01T04:21:26Z
batch_0005,order_00015100,order_00015687,ETH-USD,1931.61,188,2026-01-01T04:21:26Z
batch_0005,order_00015100,order_00007191,ETH-USD,1931.65,384,2026-01-01T04:11:39Z
batch_0005,order_00014899,order_00007191,ETH-USD,1931.65,119,2026-01-01T04:08:18Z
batch_0005,order_00016287,order_00007191,ETH-USD,1931.65,200,2026-01-01T04:31:26Z
batch_0005,order_00014524,order_00007191,ETH-USD,1931.65,254,2026-01-01T04:02:03Z
batch_0005,order_00014524,order_00008778,ETH-USD,1931.68,23,2026-01-01T04:02:03Z
batch_0005,order_00009104,order_00008778,ETH-USD,1931.68,11,2026-01-01T02:31:43Z
batch_0005,order_00011576,order_00008778,ETH-USD,1931.68,69,2026-01-01T03:12:55Z
batch_0005,order_00011576,order_00010113,ETH-USD,1931.68,652,2026-01-01T03:12:55Z
batch_0005,order_00009830,order_00010113,ETH-USD,1931.68,69,2026-01-01T02:48:32Z
batch_0005,order_00009830,order_00009553,ETH-USD,1931.75,18,2026-01-01T02:43:49Z
batch_0005,order_00009830,order_00008848,ETH-USD,1931.76,345,2026-01-01T02:43:49Z
batch_0005,order_00012315,order_00008848,ETH-USD,1931.76,184,2026-01-01T03:25:14Z
batch_0005,order_00012315,order_00010512,ETH-USD,1931.81,319,2026-01-01T03:25:14Z
batch_0005,order_00012315,order_00011053,ETH-USD,1931.91,146,2026-01-01T03:25:14Z
batch_0005,order_00007338,order_00011053,ETH-USD,1931.91,182,2026-01-01T03:04:12Z
batch_0005,order_00011530,order_00011053,ETH-USD,1931.91,80,2026-01-01T03:12:09Z
batch_0005,order_00011530,order_00013665,ETH-USD,1931.95,30,2026-01-01T03:47:44Z
batch_0005,order_00009251,order_00013665,ETH-USD,1931.95,377,2026-01-01T03:47:44Z
batch_0005,order_00010623,order_00013665,ETH-USD,1931.95,546,2026-01-01T03:47:44Z
batch_0005,order_00010623,order_00008785,ETH-USD,1931.96,21,2026-01-01T02:57:02Z
batch_0005,order_00013760,order_00008785,ETH-USD,1931.96,56,2026-01-01T03:49:19Z
batch_0005,order_00012167,order_00008785,ETH-USD,1931.96,49,2026-01-01T03:22:46Z
batch_0005,order_00012167,order_00015101,ETH-USD,1931.97,649,2026-01-01T04:11:40Z
batch_0005,order_00009696,order_00015101,ETH-USD,1931.97,267,2026-01-01T04:11:40Z
batch_0005,order_00009696,order_00014203,ETH-USD,1932.2,238,2026-01-01T03:56:42Z
batch_0005,order_00012207,order_00014203,ETH-USD,1932.2,356,2026-01-01T03:56:42Z
batch_0005,order_00012207,order_00006750,ETH-USD,1932.26,50,2026-01-01T03:23:26Z
batch_0005,order_00012207,order_00009054,ETH-USD,1932.53,185,2026-01-01T03:23:26Z
batch_0005,order_00006612,order_00009054,ETH-USD,1932.53,167,2026-01-01T02:30:53Z
batch_0005,order_00006871,order_00009054,ETH-USD,1932.53,171,2026-01-01T02:30:53Z
batch_0005,order_00006871,order_00014607,ETH-USD,1932.6,167,2026-01-01T04:03:26Z
batch_0005,order_00008156,order_00014607,ETH-USD,1932.6,66,2026-01-01T04:03:26Z
batch_0005,order_00008156,order_00013094,ETH-USD,1932.73,417,2026-01-01T03:38:13Z
batch_0005,order_00011256,order_00013094,ETH-USD,1932.73,228,2026-01-01T03:38:13Z
batch_0005,order_00013439,order_00013094,ETH-USD,1932.73,59,2026-01-01T03:43:58Z
batch_0005,order_00013439,order_00013580,ETH-USD,1932.74,533,2026-01-01T03:46:19Z
batch_0005,order_00013439,order_00009517,ETH-USD,1932.97,113,2026-01-01T03:43:58Z
batch_0005,order_00007633,order_00009517,ETH-USD,1932.97,245,2026-01-01T02:38:36Z
batch_0005,order_00007176,order_00009517,ETH-USD,1932.97,400,2026-01-01T02:38:36Z
batch_0005,order_00007176,order_00009708,ETH-USD,1933.11,94,2026-01-01T02:41:47Z
batch_0005,order_00013970,order_00009708,ETH-USD,1933.11,171,2026-01-01T03:52:49Z
batch_0005,order_00013970,order_00010185,ETH-USD,1933.12,238,2026-01-01T03:52:49Z
batch_0005,order_00009592,order_00010185,ETH-USD,1933.12,98,2026-01-01T02:49:44Z
batch_0005,order_00015031,order_00010185,ETH-USD,1933.12,261,2026-01-01T04:10:30Z
batch_0005,order_00015031,order_00008357,ETH-USD,1933.21,374,2026-01-01T04:10:30Z
batch_0005,order_00015031,order_00008410,ETH-USD,1933.7,75,2026-01-01T04:10:30Z
batch_0005,order_00016434,order_00008410,ETH-USD,1933.7,344,2026-01-01T04:33:53Z
batch_0005,order_00011281,order_00008410,ETH-USD,1933.7,59,2026-01-01T03:08:00Z
batch_0005,order_00011281,order_00007933,ETH-USD,1933.71,363,2026-01-01T03:08:00Z
batch_0005,order_00016337,order_00007933,ETH-USD,1933.71,367,2026-01-01T04:32:16Z
batch_0005,order_00016337,order_00013176,ETH-USD,1933.79,314,2026-01-01T04:32:16Z
batch_0005,order_00016337,order_00007766,ETH-USD,1933.87,210,2026-01-01T04:32:16Z
batch_0005,order_00013503,order_00007766,ETH-USD,1933.87,282,2026-01-01T03:45:02Z
batch_0005,order_00013503,order_00014995,ETH-USD,1933.87,128,2026-01-01T04:09:54Z
batch_0005,order_00013955,order_00014995,ETH-USD,1933.87,482,2026-01-01T04:09:54Z
batch_0005,order_00013955,order_00008093,ETH-USD,1933.89,133,2026-01-01T03:52:34Z
batch_0005,order_00012284,order_00008093,ETH-USD,1933.89,354,2026-01-01T03:24:43Z
batch_0005,order_00012284,order_00011585,ETH-USD,1933.92,509,2026-01-01T03:24:43Z
batch_0005,order_00008252,order_00011585,ETH-USD,1933.92,279,2026-01-01T03:13:04Z
batch_0005,order_00008252,order_00011033,ETH-USD,1933.94,153,2026-01-01T03:03:52Z
batch_0005,order_00008764,order_00011033,ETH-USD,1933.94,423,2026-01-01T03:03:52Z
batch_0005,order_00008764,order_00015924,ETH-USD,1933.94,341,2026-01-01T04:25:23Z
batch_0005,order_00010445,order_00015924,ETH-USD,1933.94,43,2026-01-01T04:25:23Z
batch_0005,order_00010445,order_00007526,ETH-USD,1934.04,67,2026-01-01T02:54:04Z
batch_0005,order_00010445,order_00015162,ETH-USD,1934.11,132,2026-01-01T04:12:41Z
batch_0005,order_00010002,order_00015162,ETH-USD,1934.11,69,2026-01-01T04:12:41Z
batch_0005,order_00010002,order_00007772,ETH-USD,1934.3,82,2026-01-01T02:46:41Z
batch_0005,order_00009657,order_00007772,ETH-USD,1934.3,561,2026-01-01T02:40:56Z
batch_0005,order_00015356,order_00007772,ETH-USD,1934.3,167,2026-01-01T04:15:55Z
batch_0005,order_00015356,order_00015518,ETH-USD,1934.43,109,2026-01-01T04:18:37Z
batch_0005,order_00015356,order_00011711,ETH-USD,1934.49,416,2026-01-01T04:15:55Z
batch_0005,order_00008856,order_00011711,ETH-USD,1934.49,1,2026-01-01T03:15:10Z
batch_0005,order_00008856,order_00011041,ETH-USD,1934.51,287,2026-01-01T03:04:00Z
batch_0005,order_00008856,order_00014440,ETH-USD,1934.52,166,2026-01-01T04:00:39Z
batch_0005,order_00012665,order_00014440,ETH-USD,1934.52,323,2026-01-01T04:00:39Z
batch_0005,order_00012665,order_00008572,ETH-USD,1934.73,13,2026-01-01T03:31:04Z
batch_0005,order_00012665,order_00008548,ETH-USD,1934.81,298,2026-01-01T03:31:04Z
batch_0005,order_00012665,order_00015183,ETH-USD,1934.83,286,2026-01-01T04:13:02Z
batch_0005,order_00011015,order_00015183,ETH-USD,1934.83,500,2026-01-01T04:13:02Z
batch_0005,order_00011015,order_00014584,ETH-USD,1934.84,199,2026-01-01T04:03:03Z
batch_0005,order_00016057,order_00014584,ETH-USD,1934.84,687,2026-01-01T04:27:36Z
batch_0005,order_00016057,order_00007612,ETH-USD,1934.89,29,2026-01-01T04:27:36Z
batch_0005,order_00009879,order_00007612,ETH-USD,1934.89,679,2026-01-01T02:44:38Z
batch_0005,order_00009879,order_00014142,ETH-USD,1934.9,125,2026-01-01T03:55:41Z
batch_0005,order_00010827,order_00014142,ETH-USD,1934.9,266,2026-01-01T03:55:41Z
batch_0005,order_00010827,order_00014235,ETH-USD,1934.96,383,2026-01-01T03:57:14Z
batch_0005,order_00010827,order_00012909,ETH-USD,1934.97,318,2026-01-01T03:35:08Z
batch_0005,order_00007330,order_00012909,ETH-USD,1934.97,107,2026-01-01T03:35:08Z
batch_0005,order_00007330,order_00009073,ETH-USD,1935.17,288,2026-01-01T02:31:12Z
batch_0005,order_00013536,order_00009073,ETH-USD,1935.17,509,2026-01-01T03:45:35Z
batch_0005,order_00013536,order_00012908,ETH-USD,1935.19,207,2026-01-01T03:45:35Z
batch_0005,order_00013536,order_00016350,ETH-USD,1935.2,202,2026-01-01T04:32:29Z
batch_0005,order_00012564,order_00016350,ETH-USD,1935.2,624,2026-01-01T04:32:29Z
batch_0005,order_00012564,order_00010843,ETH-USD,1935.27,154,2026-01-01T03:29:23Z
batch_0005,order_00015636,order_00010843,ETH-USD,1935.27,195,2026-01-01T04:20:35Z
batch_0005,order_00013750,order_00010843,ETH-USD,1935.27,47,2026-01-01T03:49:09Z
batch_0005,order_00013750,order_00016104,ETH-USD,1935.33,157,2026-01-01T04:28:23Z
batch_0005,order_00013750,order_00015888,ETH-USD,1935.5,245,2026-01-01T04:24:47Z
batch_0005,order_00008629,order_00015888,ETH-USD,1935.5,298,2026-01-01T04:24:47Z
batch_0005,order_00008629,order_00007134,ETH-USD,1935.63,622,2026-01-01T02:23:48Z
batch_0005,order_00009298,order_00007134,ETH-USD,1935.63,288,2026-01-01T02:34:57Z
batch_0005,order_00009298,order_00010428,ETH-USD,1935.65,442,2026-01-01T02:53:47Z
batch_0005,order_00012061,order_00010428,ETH-USD,1935.65,379,2026-01-01T03:21:00Z
batch_0005,order_00013193,order_00010428,ETH-USD,1935.65,158,2026-01-01T03:39:52Z
batch_0005,order_00013193,order_00013895,ETH-USD,1935.78,449,2026-01-01T03:51:34Z
batch_0005,order_00013193,order_00016446,ETH-USD,1935.79,241,2026-01-01T04:34:05Z
batch_0005,order_00011168,order_00016446,ETH-USD,1935.79,38,2026-01-01T04:34:05Z
batch_0005,order_00008956,order_00016446,ETH-USD,1935.79,193,2026-01-01T04:34:05Z
batch_0005,order_00008956,order_00014966,ETH-USD,1935.88,286,2026-01-01T04:09:25Z
batch_0005,order_00008960,order_00014966,ETH-USD,1935.88,156,2026-01-01T04:09:25Z
batch_0005,order_00015358,order_00014966,ETH-USD,1935.88,28,2026-01-01T04:15:57Z
batch_0005,order_00015358,order_00016535,ETH-USD,1935.89,330,2026-01-01T04:35:34Z
batch_0005,order_00015358,order_00016334,ETH-USD,1935.91,90,2026-01-01T04:32:13Z
batch_0005,order_00008789,order_00016334,ETH-USD,1935.91,467,2026-01-01T04:32:13Z
batch_0005,order_00015643,order_00016334,ETH-USD,1935.91,362,2026-01-01T04:32:13Z
batch_0005,order_00015643,order_00008187,ETH-USD,1936.02,160,2026-01-01T04:20:42Z
batch_0005,order_00011310,order_00008187,ETH-USD,1936.02,426,2026-01-01T03:08:29Z
batch_0005,order_00011310,order_00014373,ETH-USD,1936.09,429,2026-01-01T03:59:32Z
batch_0005,order_00010857,order_00014373,ETH-USD,1936.09,64,2026-01-01T03:59:32Z
batch_0005,order_00015224,order_00014373,ETH-USD,1936.09,28,2026-01-01T04:13:43Z
batch_0005,order_00015224,order_00014720,ETH-USD,1936.09,512,2026-01-01T04:13:43Z
batch_0005,order_00015224,order_00013712,ETH-USD,1936.11,217,2026-01-01T04:13:43Z
batch_0005,order_00015696,order_00013712,ETH-USD,1936.11,58,2026-01-01T04:21:35Z
batch_0005,order_00015696,order_00016494,ETH-USD,1936.21,171,2026-01-01T04:34:53Z
batch_0005,order_00015696,order_00012109,ETH-USD,1936.24,716,2026-01-01T04:21:35Z
batch_0005,order_00012578,order_00012109,ETH-USD,1936.24,269,2026-01-01T03:29:37Z
batch_0005,order_00012578,order_00008346,ETH-USD,1936.41,196,2026-01-01T03:29:37Z
batch_0005,order_00012578,order_00016463,ETH-USD,1936.74,125,2026-01-01T04:34:22Z
batch_0005,order_00012688,order_00016463,ETH-USD,1936.74,91,2026-01-01T04:34:22Z
batch_0005,order_00014445,order_00016463,ETH-USD,1936.74,339,2026-01-01T04:34:22Z
batch_0005,order_00008194,order_00016463,ETH-USD,1936.74,172,2026-01-01T04:34:22Z
batch_0005,order_00008194,order_00013707,ETH-USD,1936.8,638,2026-01-01T03:48:26Z
batch_0005,order_00006848,order_00013707,ETH-USD,1936.8,242,2026-01-01T03:48:26Z
batch_0005,order_00006848,order_00009773,ETH-USD,1936.91,256,2026-01-01T02:42:52Z
batch_0005,order_00014387,order_00009773,ETH-USD,1936.91,589,2026-01-01T03:59:46Z
batch_0005,order_00014387,order_00015617,ETH-USD,1937.05,402,2026-01-01T04:20:16Z
batch_0005,order_00011543,order_00015617,ETH-USD,1937.05,134,2026-01-01T04:20:16Z
batch_0005,order_00016132,order_00015617,ETH-USD,1937.05,120,2026-01-01T04:28:51Z
batch_0005,order_00016132,order_00015085,ETH-USD,1937.07,136,2026-01-01T04:28:51Z
batch_0005,order_00008456,order_00015085,ETH-USD,1937.07,217,2026-01-01T04:11:24Z
batch_0005,order_00008456,order_00013137,ETH-USD,1937.15,644,2026-01-01T03:38:56Z
batch_0005,order_00011547,order_00013137,ETH-USD,1937.15,32,2026-01-01T03:38:56Z
batch_0005,order_00011547,order_00011047,ETH-USD,1937.18,424,2026-01-01T03:12:26Z
batch_0005,order_00013269,order_00011047,ETH-USD,1937.18,334,2026-01-01T03:41:08Z
batch_0005,order_00013269,order_00011071,ETH-USD,1937.3,309,2026-01-01T03:41:08Z
batch_0005,order_00008391,order_00011071,ETH-USD,1937.3,139,2026-01-01T03:04:30Z
batch_0005,order_00008391,order_00012585,ETH-USD,1937.34,511,2026-01-01T03:29:44Z
batch_0005,order_00008391,order_00010532,ETH-USD,1937.44,75,2026-01-01T02:55:31Z
batch_0005,order_00013001,order_00010532,ETH-USD,1937.44,32,2026-01-01T03:36:40Z
batch_0005,order_00013001,order_00007993,ETH-USD,1937.49,336,2026-01-01T03:36:40Z
batch_0005,order_00013001,order_00012588,ETH-USD,1937.71,198,2026-01-01T03:36:40Z
batch_0005,order_00006870,order_00012588,ETH-USD,1937.71,492,2026-01-01T03:29:47Z
batch_0005,order_00006870,order_00007216,ETH-USD,1937.76,47,2026-01-01T02:00:15Z
batch_0005,order_00007913,order_00007216,ETH-USD,1937.76,302,2026-01-01T02:11:52Z
batch_0005,order_00015568,order_00007216,ETH-USD,1937.76,143,2026-01-01T04:19:27Z
batch_0005,order_00009781,order_00007216,ETH-USD,1937.76,342,2026-01-01T02:43:00Z
batch_0005,order_00009781,order_00007582,ETH-USD,1937.85,270,2026-01-01T02:43:00Z
batch_0005,order_00012742,order_00007582,ETH-USD,1937.85,346,2026-01-01T03:32:21Z
batch_0005,order_00012742,order_00012596,ETH-USD,1938.02,278,2026-01-01T03:32:21Z
batch_0005,order_00006939,order_00012596,ETH-USD,1938.02,39,2026-01-01T03:29:55Z
batch_0005,order_00006939,order_00012384,ETH-USD,1938.12,47,2026-01-01T03:26:23Z
batch_0005,order_00006939,order_00015401,ETH-USD,1938.2,202,2026-01-01T04:16:40Z
batch_0005,order_00006939,order_00012438,ETH-USD,1938.21,702,2026-01-01T03:27:17Z
batch_0005,order_00008859,order_00012438,ETH-USD,1938.21,27,2026-01-01T03:27:17Z
batch_0005,order_00014234,order_00012438,ETH-USD,1938.21,65,2026-01-01T03:57:13Z
batch_0005,order_00014234,order_00015778,ETH-USD,1938.33,388,2026-01-01T04:22:57Z
batch_0005,order_00010591,order_00015778,ETH-USD,1938.33,475,2026-01-01T04:22:57Z
batch_0005,order_00010591,order_00015056,ETH-USD,1938.46,382,2026-01-01T04:10:55Z
batch_0005,order_00010591,order_00013285,ETH-USD,1938.48,100,2026-01-01T03:41:24Z
batch_0005,order_00010974,order_00013285,ETH-USD,1938.48,624,2026-01-01T03:41:24Z
batch_0005,order_00010974,order_00012777,ETH-USD,1938.49,153,2026-01-01T03:32:56Z
batch_0005,order_00015023,order_00012777,ETH-USD,1938.49,711,2026-01-01T04:10:22Z
batch_0005,order_00015023,order_00014994,ETH-USD,1938.56,245,2026-01-01T04:10:22Z
batch_0005,order_00011680,order_00014994,ETH-USD,1938.56,426,2026-01-01T04:09:53Z
batch_0005,order_00011680,order_00009814,ETH-USD,1938.67,370,2026-01-01T03:14:39Z
batch_0005,order_00011680,order_00013650,ETH-USD,1938.8,135,2026-01-01T03:47:29Z
batch_0005,order_00011460,order_00013650,ETH-USD,1938.8,267,2026-01-01T03:47:29Z
batch_0005,order_00011460,order_00009990,ETH-USD,1938.86,703,2026-01-01T03:10:59Z
batch_0005,order_00011460,order_00015380,ETH-USD,1939.02,11,2026-01-01T04:16:19Z
batch_0005,order_00014365,order_00015380,ETH-USD,1939.02,107,2026-01-01T04:16:19Z
batch_0005,order_00014365,order_00007444,ETH-USD,1939.11,46,2026-01-01T03:59:24Z
batch_0005,order_00012512,order_00007444,ETH-USD,1939.11,557,2026-01-01T03:28:31Z
batch_0005,order_00012512,order_00012729,ETH-USD,1939.29,388,2026-01-01T03:32:08Z
batch_0005,order_00010994,order_00012729,ETH-USD,1939.29,79,2026-01-01T03:32:08Z
batch_0005,order_00010994,order_00015242,ETH-USD,1939.44,339,2026-01-01T04:14:01Z
batch_0005,order_00014569,order_00015242,ETH-USD,1939.44,49,2026-01-01T04:14:01Z
batch_0005,order_00014569,order_00006764,ETH-USD,1939.53,133,2026-01-01T04:02:48Z
batch_0005,order_00013413,order_00006764,ETH-USD,1939.53,86,2026-01-01T03:43:32Z
batch_0005,order_00007408,order_00006764,ETH-USD,1939.53,256,2026-01-01T02:03:27Z
batch_0005,order_00007408,order_00012267,ETH-USD,1939.55,502,2026-01-01T03:24:26Z
batch_0005,order_00009520,order_00012267,ETH-USD,1939.55,103,2026-01-01T03:24:26Z
batch_0005,order_00009520,order_00014936,ETH-USD,1939.64,224,2026-01-01T04:08:55Z
batch_0005,order_00009520,order_00011746,ETH-USD,1939.68,25,2026-01-01T03:15:45Z
batch_0005,order_00009520,order_00010917,ETH-USD,1939.73,282,2026-01-01T03:01:56Z
batch_0005,order_00015028,order_00010917,ETH-USD,1939.73,642,2026-01-01T04:10:27Z
batch_0005,order_00015028,order_00008540,ETH-USD,1939.8,133,2026-01-01T04:10:27Z
batch_0005,order_00012074,order_00008540,ETH-USD,1939.8,5,2026-01-01T03:21:13Z
batch_0005,order_00012074,order_00015134,ETH-USD,1939.86,312,2026-01-01T04:12:13Z
batch_0005,order_00012074,order_00007639,ETH-USD,1940.04,593,2026-01-01T03:21:13Z
batch_0005,order_00012600,order_00007639,ETH-USD,1940.04,101,2026-01-01T03:29:59Z
batch_0005,order_00012600,order_00011381,ETH-USD,1940.08,162,2026-01-01T03:29:59Z
batch_0005,order_00012600,order_00010725,ETH-USD,1940.12,389,2026-01-01T03:29:59Z
batch_0005,order_00007840,order_00010725,ETH-USD,1940.12,384,2026-01-01T02:58:44Z
batch_0005,order_00007840,order_00014570,ETH-USD,1940.18,467,2026-01-01T04:02:49Z
batch_0005,order_00008627,order_00014570,ETH-USD,1940.18,493,2026-01-01T04:02:49Z
batch_0005,order_00008627,order_00010036,ETH-USD,1940.27,158,2026-01-01T02:47:15Z
batch_0005,order_00007050,order_00010036,ETH-USD,1940.27,24,2026-01-01T02:47:15Z
batch_0005,order_00007050,order_00014846,ETH-USD,1940.35,130,2026-01-01T04:07:25Z
batch_0005,order_00014943,order_00014846,ETH-USD,1940.35,368,2026-01-01T04:09:02Z
batch_0005,order_00014943,order_00008108,ETH-USD,1940.38,212,2026-01-01T04:09:02Z
batch_0005,order_00014943,order_00012395,ETH-USD,1940.7,249,2026-01-01T04:09:02Z
batch_0005,order_00016042,order_00012395,ETH-USD,1940.7,385,2026-01-01T04:27:21Z
batch_0005,order_00016042,order_00012811,ETH-USD,1940.82,377,2026-01-01T04:27:21Z
batch_0005,order_00016042,order_00016252,ETH-USD,1940.89,30,2026-01-01T04:30:51Z
batch_0005,order_00014243,order_00016252,ETH-USD,1940.89,224,2026-01-01T04:30:51Z
batch_0005,order_00014243,order_00013888,ETH-USD,1940.91,72,2026-01-01T03:57:22Z
batch_0005,order_00013635,order_00013888,ETH-USD,1940.91,210,2026-01-01T03:51:27Z
batch_0005,order_00013635,order_00007569,ETH-USD,1940.99,656,2026-01-01T03:47:14Z
batch_0005,order_00013868,order_00007569,ETH-USD,1940.99,228,2026-01-01T03:51:07Z
batch_0005,order_00013868,order_00008830,ETH-USD,1941.11,28,2026-01-01T03:51:07Z
batch_0005,order_00007584,order_00008830,ETH-USD,1941.11,122,2026-01-01T02:27:09Z
batch_0005,order_00010641,order_00008830,ETH-USD,1941.11,543,2026-01-01T02:57:20Z
batch_0005,order_00010641,order_00008401,ETH-USD,1941.13,59,2026-01-01T02:57:20Z
batch_0005,order_00015730,order_00008401,ETH-USD,1941.13,346,2026-01-01T04:22:09Z
batch_0005,order_00010250,order_00008401,ETH-USD,1941.13,334,2026-01-01T02:50:49Z
batch_0005,order_00010250,order_00016408,ETH-USD,1941.14,308,2026-01-01T04:33:27Z
batch_0005,order_00013627,order_00016408,ETH-USD,1941.14,53,2026-01-01T04:33:27Z
batch_0005,order_00015174,order_00016408,ETH-USD,1941.14,457,2026-01-01T04:33:27Z
batch_0005,order_00015174,order_00015522,ETH-USD,1941.18,380,2026-01-01T04:18:41Z
batch_0005,order_00008827,order_00015522,ETH-USD,1941.18,108,2026-01-01T04:18:41Z
batch_0005,order_00011678,order_00015522,ETH-USD,1941.18,167,2026-01-01T04:18:41Z
batch_0005,order_00011678,order_00007364,ETH-USD,1941.24,764,2026-01-01T03:14:37Z
batch_0005,order_00011045,order_00007364,ETH-USD,1941.24,60,2026-01-01T03:04:04Z
batch_0005,order_00011045,order_00007602,ETH-USD,1941.27,294,2026-01-01T03:04:04Z
batch_0005,order_00015737,order_00007602,ETH-USD,1941.27,656,2026-01-01T04:22:16Z
batch_0005,order_00015737,order_00011657,ETH-USD,1941.37,262,2026-01-01T04:22:16Z
batch_0005,order_00008031,order_00011657,ETH-USD,1941.37,86,2026-01-01T03:14:16Z
batch_0005,order_00013310,order_00011657,ETH-USD,1941.37,22,2026-01-01T03:41:49Z
batch_0005,order_00013078,order_00011657,ETH-USD,1941.37,172,2026-01-01T03:37:57Z
batch_0005,order_00009363,order_00011657,ETH-USD,1941.37,127,2026-01-01T03:14:16Z
batch_0005,order_00007950,order_00011657,ETH-USD,1941.37,33,2026-01-01T03:14:16Z
batch_0005,order_00013298,order_00011657,ETH-USD,1941.37,270,2026-01-01T03:41:37Z
batch_0005,order_00013298,order_00008757,ETH-USD,1941.39,101,2026-01-01T03:41:37Z
batch_0005,order_00007854,order_00008757,ETH-USD,1941.39,235,2026-01-01T02:25:56Z
batch_0005,order_00007854,order_00010529,ETH-USD,1941.46,411,2026-01-01T02:55:28Z
batch_0005,order_00007854,order_00007599,ETH-USD,1941.57,24,2026-01-01T02:10:53Z
batch_0005,order_00014086,order_00007599,ETH-USD,1941.57,405,2026-01-01T03:54:45Z
batch_0005,order_00014086,order_00015962,ETH-USD,1941.58,419,2026-01-01T04:26:01Z
batch_0005,order_00012426,order_00015962,ETH-USD,1941.58,101,2026-01-01T04:26:01Z
batch_0005,order_00012426,order_00011264,ETH-USD,1941.69,697,2026-01-01T03:27:05Z
batch_0005,order_00012426,order_00012034,ETH-USD,1941.72,146,2026-01-01T03:27:05Z
batch_0005,order_00009420,order_00012034,ETH-USD,1941.72,372,2026-01-01T03:20:33Z
batch_0005,order_00010141,order_00012034,ETH-USD,1941.72,84,2026-01-01T03:20:33Z
batch_0005,order_00014868,order_00012034,ETH-USD,1941.72,359,2026-01-01T04:07:47Z
batch_0005,order_00014868,order_00011477,ETH-USD,1941.77,21,2026-01-01T04:07:47Z
batch_0005,order_00015645,order_00011477,ETH-USD,1941.77,380,2026-01-01T04:20:44Z
batch_0005,order_00015645,order_00009800,ETH-USD,1942.01,111,2026-01-01T04:20:44Z
batch_0005,order_00016030,order_00009800,ETH-USD,1942.01,490,2026-01-01T04:27:09Z
batch_0005,order_00016030,order_00014375,ETH-USD,1942.08,54,2026-01-01T04:27:09Z
batch_0005,order_00012950,order_00014375,ETH-USD,1942.08,316,2026-01-01T03:59:34Z
batch_0005,order_00012950,order_00011055,ETH-USD,1942.22,107,2026-01-01T03:35:49Z
batch_0005,order_00014287,order_00011055,ETH-USD,1942.22,248,2026-01-01T03:58:06Z
batch_0005,order_00011391,order_00011055,ETH-USD,1942.22,158,2026-01-01T03:09:50Z
batch_0005,order_00011391,order_00009445,ETH-USD,1942.27,403,2026-01-01T03:09:50Z
batch_0005,order_00013405,order_00009445,ETH-USD,1942.27,300,2026-01-01T03:43:24Z
batch_0005,order_00013405,order_00013802,ETH-USD,1942.38,402,2026-01-01T03:50:01Z
batch_0005,order_00015232,order_00013802,ETH-USD,1942.38,116,2026-01-01T04:13:51Z
batch_0005,order_00007673,order_00013802,ETH-USD,1942.38,293,2026-01-01T03:50:01Z
batch_0005,order_00014961,order_00013802,ETH-USD,1942.38,9,2026-01-01T04:09:20Z
batch_0005,order_00014961,order_00014703,ETH-USD,1942.39,263,2026-01-01T04:09:20Z
batch_0005,order_00014961,order_00012580,ETH-USD,1942.45,151,2026-01-01T04:09:20Z
batch_0005,order_00015415,order_00012580,ETH-USD,1942.45,589,2026-01-01T04:16:54Z
batch_0005,order_00009701,order_00012580,ETH-USD,1942.45,197,2026-01-01T03:29:39Z
batch_0005,order_00009701,order_00014192,ETH-USD,1942.47,666,2026-01-01T03:56:31Z
batch_0005,order_00010407,order_00014192,ETH-USD,1942.47,134,2026-01-01T03:56:31Z
batch_0005,order_00010407,order_00007022,ETH-USD,1942.69,537,2026-01-01T02:53:26Z
batch_0005,order_00014465,order_00007022,ETH-USD,1942.69,50,2026-01-01T04:01:04Z
batch_0005,order_00014465,order_00011258,ETH-USD,1942.73,325,2026-01-01T04:01:04Z
batch_0005,order_00014465,order_00011418,ETH-USD,1942.76,304,2026-01-01T04:01:04Z
batch_0005,order_00014465,order_00011799,ETH-USD,1942.79,33,2026-01-01T04:01:04Z
batch_0005,order_00015541,order_00011799,ETH-USD,1942.79,234,2026-01-01T04:19:00Z
batch_0005,order_00015541,order_00008134,ETH-USD,1942.97,683,2026-01-01T04:19:00Z
batch_0005,order_00015490,order_00008134,ETH-USD,1942.97,131,2026-01-01T04:18:09Z
batch_0005,order_00014608,order_00008134,ETH-USD,1942.97,159,2026-01-01T04:03:27Z
batch_0005,order_00014608,order_00014624,ETH-USD,1943.04,298,2026-01-01T04:03:43Z
batch_0005,order_00014608,order_00015451,ETH-USD,1943.05,167,2026-01-01T04:17:30Z
batch_0005,order_00012553,order_00015451,ETH-USD,1943.05,101,2026-01-01T04:17:30Z
batch_0005,order_00012553,order_00012391,ETH-USD,1943.07,137,2026-01-01T03:29:12Z
batch_0005,order_00012071,order_00012391,ETH-USD,1943.07,16,2026-01-01T03:26:30Z
batch_0005,order_00012071,order_00010484,ETH-USD,1943.11,723,2026-01-01T03:21:10Z
batch_0005,order_00013393,order_00010484,ETH-USD,1943.11,206,2026-01-01T03:43:12Z
batch_0005,order_00013393,order_00007048,ETH-USD,1943.23,192,2026-01-01T03:43:12Z
batch_0005,order_00012830,order_00007048,ETH-USD,1943.23,163,2026-01-01T03:33:49Z
batch_0005,order_00015175,order_00007048,ETH-USD,1943.23,145,2026-01-01T04:12:54Z
batch_0005,order_00015175,order_00009186,ETH-USD,1943.24,158,2026-01-01T04:12:54Z
batch_0005,order_00015175,order_00013202,ETH-USD,1943.29,481,2026-01-01T04:12:54Z
batch_0005,order_00015175,order_00007317,ETH-USD,1943.32,122,2026-01-01T04:12:54Z
batch_0005,order_00009174,order_00007317,ETH-USD,1943.32,720,2026-01-01T02:32:53Z
batch_0005,order_00009174,order_00008075,ETH-USD,1943.36,164,2026-01-01T02:32:53Z
batch_0005,order_00011538,order_00008075,ETH-USD,1943.36,439,2026-01-01T03:12:17Z
batch_0005,order_00011538,order_00012311,ETH-USD,1943.78,266,2026-01-01T03:25:10Z
batch_0005,order_00011174,order_00012311,ETH-USD,1943.78,196,2026-01-01T03:25:10Z
batch_0005,order_00011174,order_00011772,ETH-USD,1943.92,748,2026-01-01T03:16:11Z
batch_0005,order_00010421,order_00011772,ETH-USD,1943.92,27,2026-01-01T03:16:11Z
batch_0005,order_00010421,order_00009590,ETH-USD,1943.96,499,2026-01-01T02:53:40Z
batch_0005,order_00014508,order_00009590,ETH-USD,1943.96,70,2026-01-01T04:01:47Z
batch_0005,order_00014508,order_00015717,ETH-USD,1944.05,132,2026-01-01T04:21:56Z
batch_0005,order_00014508,order_00014034,ETH-USD,1944.15,2,2026-01-01T04:01:47Z
batch_0005,order_00014508,order_00008877,ETH-USD,1944.18,702,2026-01-01T04:01:47Z
batch_0005,order_00007851,order_00008877,ETH-USD,1944.18,67,2026-01-01T02:27:56Z
batch_0005,order_00012092,order_00008877,ETH-USD,1944.18,43,2026-01-01T03:21:31Z
batch_0005,order_00012092,order_00010516,ETH-USD,1944.24,67,2026-01-01T03:21:31Z
batch_0005,order_00016426,order_00010516,ETH-USD,1944.24,413,2026-01-01T04:33:45Z
batch_0005,order_00016426,order_00014472,ETH-USD,1944.29,404,2026-01-01T04:33:45Z
batch_0005,order_00014649,order_00014472,ETH-USD,1944.29,571,2026-01-01T04:04:08Z
batch_0005,order_00014649,order_00010394,ETH-USD,1944.48,70,2026-01-01T04:04:08Z
batch_0005,order_00014649,order_00013170,ETH-USD,1944.51,305,2026-01-01T04:04:08Z
batch_0005,order_00012419,order_00013170,ETH-USD,1944.51,316,2026-01-01T03:39:29Z
batch_0005,order_00012419,order_00016238,ETH-USD,1944.52,66,2026-01-01T04:30:37Z
batch_0005,order_00010657,order_00016238,ETH-USD,1944.52,373,2026-01-01T04:30:37Z
batch_0005,order_00010657,order_00009646,ETH-USD,1944.57,331,2026-01-01T02:57:36Z
batch_0005,order_00011177,order_00009646,ETH-USD,1944.57,308,2026-01-01T03:06:16Z
batch_0005,order_00009101,order_00009646,ETH-USD,1944.57,183,2026-01-01T02:40:45Z
batch_0005,order_00006877,order_00009646,ETH-USD,1944.57,126,2026-01-01T02:40:45Z
batch_0005,order_00006877,order_00006943,ETH-USD,1944.73,329,2026-01-01T01:55:42Z
batch_0005,order_00015839,order_00006943,ETH-USD,1944.73,515,2026-01-01T04:23:58Z
batch_0005,order_00015839,order_00010119,ETH-USD,1944.73,342,2026-01-01T04:23:58Z
batch_0005,order_00012639,order_00010119,ETH-USD,1944.73,526,2026-01-01T03:30:38Z
batch_0005,order_00011512,order_00010119,ETH-USD,1944.73,117,2026-01-01T03:11:51Z
batch_0005,order_00011512,order_00010518,ETH-USD,1944.73,136,2026-01-01T03:11:51Z
batch_0005,order_00008676,order_00010518,ETH-USD,1944.73,25,2026-01-01T02:55:17Z
batch_0005,order_00007838,order_00010518,ETH-USD,1944.73,198,2026-01-01T02:55:17Z
batch_0005,order_00008916,order_00010518,ETH-USD,1944.73,209,2026-01-01T02:55:17Z
batch_0005,order_00008916,order_00012486,ETH-USD,1944.77,84,2026-01-01T03:28:05Z
batch_0005,order_00010578,order_00012486,ETH-USD,1944.77,394,2026-01-01T03:28:05Z
batch_0005,order_00010578,order_00012379,ETH-USD,1944.95,114,2026-01-01T03:26:18Z
batch_0005,order_00010578,order_00011601,ETH-USD,1944.96,422,2026-01-01T03:13:20Z
batch_0005,order_00013492,order_00011601,ETH-USD,1944.96,138,2026-01-01T03:44:51Z
batch_0005,order_00008172,order_00011601,ETH-USD,1944.96,220,2026-01-01T03:13:20Z
batch_0005,order_00008380,order_00011601,ETH-USD,1944.96,125,2026-01-01T03:13:20Z
batch_0005,order_00008380,order_00010890,ETH-USD,1945.01,386,2026-01-01T03:01:29Z
batch_0005,order_00014069,order_00010890,ETH-USD,1945.01,341,2026-01-01T03:54:28Z
batch_0005,order_00011319,order_00010890,ETH-USD,1945.01,222,2026-01-01T03:08:38Z
batch_0005,order_00011319,order_00010601,ETH-USD,1945.05,39,2026-01-01T03:08:38Z
batch_0005,order_00010425,order_00010601,ETH-USD,1945.05,304,2026-01-01T02:56:40Z
batch_0005,order_00007685,order_00010601,ETH-USD,1945.05,464,2026-01-01T02:56:40Z
batch_0005,order_00007685,order_00009679,ETH-USD,1945.23,376,2026-01-01T02:41:18Z
batch_0005,order_00010272,order_00009679,ETH-USD,1945.23,558,2026-01-01T02:51:11Z
batch_0005,order_00010272,order_00009300,ETH-USD,1945.3,217,2026-01-01T02:51:11Z
batch_0005,order_00010854,order_00009300,ETH-USD,1945.3,252,2026-01-01T03:00:53Z
batch_0005,order_00010854,order_00012380,ETH-USD,1945.42,222,2026-01-01T03:26:19Z
batch_0005,order_00011939,order_00012380,ETH-USD,1945.42,542,2026-01-01T03:26:19Z
batch_0005,order_00011939,order_00015557,ETH-USD,1945.46,366,2026-01-01T04:19:16Z
batch_0005,order_00015344,order_00015557,ETH-USD,1945.46,358,2026-01-01T04:19:16Z
batch_0005,order_00012283,order_00015557,ETH-USD,1945.46,28,2026-01-01T04:19:16Z
batch_0005,order_00012283,order_00012066,ETH-USD,1945.65,427,2026-01-01T03:24:42Z
batch_0005,order_00015678,order_00012066,ETH-USD,1945.65,162,2026-01-01T04:21:17Z
batch_0005,order_00015678,order_00014546,ETH-USD,1945.66,392,2026-01-01T04:21:17Z
batch_0005,order_00013421,order_00014546,ETH-USD,1945.66,22,2026-01-01T04:02:25Z
batch_0005,order_00012946,order_00014546,ETH-USD,1945.66,283,2026-01-01T04:02:25Z
batch_0005,order_00012946,order_00011421,ETH-USD,1945.67,9,2026-01-01T03:35:45Z
batch_0005,order_00012946,order_00008216,ETH-USD,1945.68,352,2026-01-01T03:35:45Z
batch_0005,order_00014179,order_00008216,ETH-USD,1945.68,472,2026-01-01T03:56:18Z
batch_0005,order_00014179,order_00012895,ETH-USD,1945.78,290,2026-01-01T03:56:18Z
batch_0005,order_00014179,order_00013451,ETH-USD,1945.84,169,2026-01-01T03:56:18Z
batch_0005,order_00013526,order_00013451,ETH-USD,1945.84,733,2026-01-01T03:45:25Z
batch_0005,order_00013526,order_00013059,ETH-USD,1946.02,190,2026-01-01T03:45:25Z
batch_0005,order_00013526,order_00008536,ETH-USD,1946.18,7,2026-01-01T03:45:25Z
batch_0005,order_00012528,order_00008536,ETH-USD,1946.18,808,2026-01-01T03:28:47Z
batch_0005,order_00012528,order_00012180,ETH-USD,1946.19,77,2026-01-01T03:28:47Z
batch_0005,order_00012062,order_00012180,ETH-USD,1946.19,213,2026-01-01T03:22:59Z
batch_0005,order_00012062,order_00009424,ETH-USD,1946.3,513,2026-01-01T03:21:01Z
batch_0005,order_00016088,order_00009424,ETH-USD,1946.3,165,2026-01-01T04:28:07Z
batch_0005,order_00016088,order_00007009,ETH-USD,1946.42,280,2026-01-01T04:28:07Z
batch_0005,order_00009008,order_00007009,ETH-USD,1946.42,231,2026-01-01T02:30:07Z
batch_0005,order_00009008,order_00009157,ETH-USD,1946.76,124,2026-01-01T02:32:36Z
batch_0005,order_00009824,order_00009157,ETH-USD,1946.76,482,2026-01-01T02:43:43Z
batch_0005,order_00014552,order_00009157,ETH-USD,1946.76,122,2026-01-01T04:02:31Z
batch_0005,order_00014552,order_00009131,ETH-USD,1946.79,215,2026-01-01T04:02:31Z
batch_0005,order_00014055,order_00009131,ETH-USD,1946.79,607,2026-01-01T03:54:14Z
batch_0005,order_00006726,order_00009131,ETH-USD,1946.79,97,2026-01-01T02:32:10Z
batch_0005,order_00006726,order_00011347,ETH-USD,1946.81,522,2026-01-01T03:09:06Z
batch_0005,order_00006726,order_00013126,ETH-USD,1946.86,98,2026-01-01T03:38:45Z
batch_0005,order_00008711,order_00013126,ETH-USD,1946.86,716,2026-01-01T03:38:45Z
batch_0005,order_00008711,order_00009837,ETH-USD,1947.13,213,2026-01-01T02:43:56Z
batch_0005,order_00015077,order_00009837,ETH-USD,1947.13,531,2026-01-01T04:11:16Z
batch_0005,order_00015452,order_00009837,ETH-USD,1947.13,93,2026-01-01T04:17:31Z
batch_0005,order_00015452,order_00009403,ETH-USD,1947.2,532,2026-01-01T04:17:31Z
batch_0005,order_00015967,order_00009403,ETH-USD,1947.2,80,2026-01-01T04:26:06Z
batch_0005,order_00007381,order_00009403,ETH-USD,1947.2,23,2026-01-01T02:36:42Z
batch_0005,order_00011497,order_00009403,ETH-USD,1947.2,34,2026-01-01T03:11:36Z
batch_0005,order_00011497,order_00015215,ETH-USD,1947.22,357,2026-01-01T04:13:34Z
batch_0005,order_00012262,order_00015215,ETH-USD,1947.22,188,2026-01-01T04:13:34Z
batch_0005,order_00012262,order_00012168,ETH-USD,1947.25,121,2026-01-01T03:24:21Z
batch_0005,order_00012262,order_00011539,ETH-USD,1947.4,253,2026-01-01T03:24:21Z
batch_0005,order_00012262,order_00010323,ETH-USD,1947.5,64,2026-01-01T03:24:21Z
batch_0005,order_00008260,order_00010323,ETH-USD,1947.5,576,2026-01-01T02:52:02Z
batch_0005,order_00008260,order_00015465,ETH-USD,1947.66,27,2026-01-01T04:17:44Z
batch_0005,order_00014295,order_00015465,ETH-USD,1947.66,395,2026-01-01T04:17:44Z
batch_0005,order_00010187,order_00015465,ETH-USD,1947.66,336,2026-01-01T04:17:44Z
batch_0005,order_00010400,order_00015465,ETH-USD,1947.66,106,2026-01-01T04:17:44Z
batch_0005,order_00010400,order_00011697,ETH-USD,1947.68,28,2026-01-01T03:14:56Z
batch_0005,order_00010324,order_00011697,ETH-USD,1947.68,428,2026-01-01T03:14:56Z
batch_0005,order_00010324,order_00009372,ETH-USD,1947.81,303,2026-01-01T02:52:03Z
batch_0005,order_00010324,order_00010041,ETH-USD,1947.82,141,2026-01-01T02:52:03Z
batch_0005,order_00009342,order_00010041,ETH-USD,1947.82,11,2026-01-01T02:47:20Z
batch_0005,order_00010037,order_00010041,ETH-USD,1947.82,64,2026-01-01T02:47:20Z
batch_0005,order_00010037,order_00006960,ETH-USD,1947.84,19,2026-01-01T02:47:16Z
batch_0005,order_00014944,order_00006960,ETH-USD,1947.84,291,2026-01-01T04:09:03Z
batch_0005,order_00014944,order_00014035,ETH-USD,1947.88,129,2026-01-01T04:09:03Z
batch_0005,order_00014944,order_00012961,ETH-USD,1947.99,392,2026-01-01T04:09:03Z
batch_0005,order_00015881,order_00012961,ETH-USD,1947.99,112,2026-01-01T04:24:40Z
batch_0005,order_00015881,order_00006670,ETH-USD,1948.01,376,2026-01-01T04:24:40Z
batch_0005,order_00007815,order_00006670,ETH-USD,1948.01,502,2026-01-01T02:10:14Z
batch_0005,order_00007815,order_00014204,ETH-USD,1948.03,121,2026-01-01T03:56:43Z
batch_0005,order_00007815,order_00012223,ETH-USD,1948.08,136,2026-01-01T03:23:42Z
batch_0005,order_00007815,order_00006774,ETH-USD,1948.4,9,2026-01-01T02:10:14Z
batch_0005,order_00009862,order_00006774,ETH-USD,1948.4,34,2026-01-01T02:44:21Z
batch_0005,order_00016272,order_00006774,ETH-USD,1948.4,356,2026-01-01T04:31:11Z
batch_0005,order_00012473,order_00006774,ETH-USD,1948.4,28,2026-01-01T03:27:52Z
batch_0005,order_00015812,order_00006774,ETH-USD,1948.4,276,2026-01-01T04:23:31Z
batch_0005,order_00015812,order_00008545,ETH-USD,1948.47,57,2026-01-01T04:23:31Z
batch_0005,order_00007912,order_00008545,ETH-USD,1948.47,54,2026-01-01T02:22:24Z
batch_0005,order_00007912,order_00013100,ETH-USD,1948.61,772,2026-01-01T03:38:19Z
batch_0005,order_00009027,order_00013100,ETH-USD,1948.61,81,2026-01-01T03:38:19Z
batch_0005,order_00009027,order_00013565,ETH-USD,1948.75,319,2026-01-01T03:46:04Z
batch_0005,order_00009027,order_00013756,ETH-USD,1948.77,10,2026-01-01T03:49:15Z
batch_0005,order_00009027,order_00007275,ETH-USD,1948.83,531,2026-01-01T02:30:26Z
batch_0005,order_00012621,order_00007275,ETH-USD,1948.83,273,2026-01-01T03:30:20Z
batch_0005,order_00012621,order_00009647,ETH-USD,1948.91,64,2026-01-01T03:30:20Z
batch_0005,order_00014588,order_00009647,ETH-USD,1948.91,663,2026-01-01T04:03:07Z
batch_0005,order_00014588,order_00015345,ETH-USD,1949.04,318,2026-01-01T04:15:44Z
batch_0005,order_00016259,order_00015345,ETH-USD,1949.04,342,2026-01-01T04:30:58Z
batch_0005,order_00016259,order_00006632,ETH-USD,1949.13,133,2026-01-01T04:30:58Z
batch_0005,order_00016259,order_00007692,ETH-USD,1949.26,83,2026-01-01T04:30:58Z
batch_0005,order_00016259,order_00011582,ETH-USD,1949.26,125,2026-01-01T04:30:58Z
batch_0005,order_00011728,order_00011582,ETH-USD,1949.26,350,2026-01-01T03:15:27Z
batch_0005,order_00011728,order_00015866,ETH-USD,1949.45,352,2026-01-01T04:24:25Z
batch_0005,order_00011728,order_00015801,ETH-USD,1949.46,266,2026-01-01T04:23:20Z
batch_0005,order_00014288,order_00015801,ETH-USD,1949.46,288,2026-01-01T04:23:20Z
batch_0005,order_00014288,order_00010045,ETH-USD,1949.56,410,2026-01-01T03:58:07Z
batch_0005,order_00012678,order_00010045,ETH-USD,1949.56,79,2026-01-01T03:31:17Z
batch_0005,order_00012678,order_00007078,ETH-USD,1949.59,591,2026-01-01T03:31:17Z
batch_0005,order_00008190,order_00007078,ETH-USD,1949.59,196,2026-01-01T02:16:29Z
batch_0005,order_00014082,order_00007078,ETH-USD,1949.59,37,2026-01-01T03:54:41Z
batch_0005,order_00014082,order_00016414,ETH-USD,1949.66,179,2026-01-01T04:33:33Z
batch_0005,order_00015563,order_00016414,ETH-USD,1949.66,463,2026-01-01T04:33:33Z
batch_0005,order_00016362,order_00016414,ETH-USD,1949.66,304,2026-01-01T04:33:33Z
batch_0005,order_00016362,order_00007931,ETH-USD,1949.73,223,2026-01-01T04:32:41Z
batch_0005,order_00007205,order_00007931,ETH-USD,1949.73,657,2026-01-01T02:12:10Z
batch_0005,order_00007205,order_00016347,ETH-USD,1950.15,58,2026-01-01T04:32:26Z
batch_0005,order_00007205,order_00012679,ETH-USD,1950.24,237,2026-01-01T03:31:18Z
batch_0005,order_00009234,order_00012679,ETH-USD,1950.24,342,2026-01-01T03:31:18Z
batch_0005,order_00009234,order_00015318,ETH-USD,1950.3,187,2026-01-01T04:15:17Z
batch_0005,order_00014562,order_00015318,ETH-USD,1950.3,517,2026-01-01T04:15:17Z
batch_0005,order_00014562,order_00012336,ETH-USD,1950.41,264,2026-01-01T04:02:41Z
batch_0005,order_00009382,order_00012336,ETH-USD,1950.41,77,2026-01-01T03:25:35Z
batch_0005,order_00009382,order_00007904,ETH-USD,1950.56,774,2026-01-01T02:36:21Z
batch_0005,order_00009382,order_00008422,ETH-USD,1950.56,82,2026-01-01T02:36:21Z
batch_0005,order_00008502,order_00008422,ETH-USD,1950.56,322,2026-01-01T02:21:41Z
batch_0005,order_00009776,order_00008422,ETH-USD,1950.56,134,2026-01-01T02:42:55Z
batch_0005,order_00012334,order_00008422,ETH-USD,1950.56,350,2026-01-01T03:25:33Z
batch_0005,order_00012334,order_00011459,ETH-USD,1950.66,147,2026-01-01T03:25:33Z
batch_0005,order_00009659,order_00011459,ETH-USD,1950.66,201,2026-01-01T03:10:58Z
batch_0005,order_00009659,order_00011175,ETH-USD,1950.73,353,2026-01-01T03:06:14Z
batch_0005,order_00009659,order_00009032,ETH-USD,1950.75,69,2026-01-01T02:40:58Z
batch_0005,order_00010208,order_00009032,ETH-USD,1950.75,189,2026-01-01T02:50:07Z
batch_0005,order_00010208,order_00014430,ETH-USD,1950.81,125,2026-01-01T04:00:29Z
batch_0005,order_00007434,order_00014430,ETH-USD,1950.81,536,2026-01-01T04:00:29Z
batch_0005,order_00007434,order_00012842,ETH-USD,1951.08,383,2026-01-01T03:34:01Z
batch_0005,order_00016004,order_00012842,ETH-USD,1951.08,73,2026-01-01T04:26:43Z
batch_0005,order_00008563,order_00012842,ETH-USD,1951.08,293,2026-01-01T03:34:01Z
batch_0005,order_00008563,order_00009691,ETH-USD,1951.4,242,2026-01-01T02:41:30Z
batch_0005,order_00007870,order_00009691,ETH-USD,1951.4,271,2026-01-01T02:41:30Z
batch_0005,order_00007870,order_00009986,ETH-USD,1951.44,465,2026-01-01T02:46:25Z
batch_0005,order_00007870,order_00014715,ETH-USD,1951.56,191,2026-01-01T04:05:14Z
batch_0005,order_00012754,order_00014715,ETH-USD,1951.56,101,2026-01-01T04:05:14Z
batch_0005,order_00009527,order_00014715,ETH-USD,1951.56,14,2026-01-01T04:05:14Z
batch_0005,order_00009527,order_00010298,ETH-USD,1951.58,386,2026-01-01T02:51:37Z
batch_0005,order_00006819,order_00010298,ETH-USD,1951.58,73,2026-01-01T02:51:37Z
batch_0005,order_00007700,order_00010298,ETH-USD,1951.58,9,2026-01-01T02:51:37Z
batch_0005,order_00009254,order_00010298,ETH-USD,1951.58,238,2026-01-01T02:51:37Z
batch_0005,order_00009254,order_00010309,ETH-USD,1951.67,29,2026-01-01T02:51:48Z
batch_0005,order_00009254,order_00015927,ETH-USD,1951.76,118,2026-01-01T04:25:26Z
batch_0005,order_00009254,order_00012476,ETH-USD,1951.81,349,2026-01-01T03:27:55Z
batch_0005,order_00008675,order_00012476,ETH-USD,1951.81,130,2026-01-01T03:27:55Z
batch_0005,order_00009987,order_00012476,ETH-USD,1951.81,364,2026-01-01T03:27:55Z
batch_0005,order_00010768,order_00012476,ETH-USD,1951.81,109,2026-01-01T03:27:55Z
batch_0005,order_00010768,order_00014172,ETH-USD,1951.9,568,2026-01-01T03:56:11Z
batch_0005,order_00008863,order_00014172,ETH-USD,1951.9,317,2026-01-01T03:56:11Z
batch_0005,order_00008863,order_00007484,ETH-USD,1951.94,285,2026-01-01T02:27:42Z
batch_0005,order_00012716,order_00007484,ETH-USD,1951.94,406,2026-01-01T03:31:55Z
batch_0005,order_00012716,order_00013723,ETH-USD,1952.4,1,2026-01-01T03:48:42Z
batch_0005,order_00014020,order_00013723,ETH-USD,1952.4,789,2026-01-01T03:53:39Z
batch_0005,order_00014020,order_00009777,ETH-USD,1952.44,12,2026-01-01T03:53:39Z
batch_0005,order_00014202,order_00009777,ETH-USD,1952.44,115,2026-01-01T03:56:41Z
batch_0005,order_00014956,order_00009777,ETH-USD,1952.44,285,2026-01-01T04:09:15Z
batch_0005,order_00014956,order_00012841,ETH-USD,1952.45,73,2026-01-01T04:09:15Z
batch_0005,order_00014956,order_00012042,ETH-USD,1952.49,604,2026-01-01T04:09:15Z
batch_0005,order_00006804,order_00012042,ETH-USD,1952.49,27,2026-01-01T03:20:41Z
batch_0005,order_00013567,order_00012042,ETH-USD,1952.49,178,2026-01-01T03:46:06Z
batch_0005,order_00013567,order_00010165,ETH-USD,1952.53,260,2026-01-01T03:46:06Z
batch_0005,order_00011324,order_00010165,ETH-USD,1952.53,70,2026-01-01T03:08:43Z
batch_0005,order_00015653,order_00010165,ETH-USD,1952.53,600,2026-01-01T04:20:52Z
batch_0005,order_00015653,order_00009672,ETH-USD,1952.57,28,2026-01-01T04:20:52Z
batch_0005,order_00015653,order_00010039,ETH-USD,1952.61,153,2026-01-01T04:20:52Z
batch_0005,order_00015653,order_00010937,ETH-USD,1952.73,97,2026-01-01T04:20:52Z
batch_0005,order_00012452,order_00010937,ETH-USD,1952.73,47,2026-01-01T03:27:31Z
batch_0005,order_00012452,order_00008432,ETH-USD,1952.78,162,2026-01-01T03:27:31Z
batch_0005,order_00013422,order_00008432,ETH-USD,1952.78,134,2026-01-01T03:43:41Z
batch_0005,order_00007469,order_00008432,ETH-USD,1952.78,120,2026-01-01T02:20:31Z
batch_0005,order_00007469,order_00008294,ETH-USD,1952.79,679,2026-01-01T02:18:13Z
batch_0005,order_00015979,order_00008294,ETH-USD,1952.79,37,2026-01-01T04:26:18Z
batch_0005,order_00015979,order_00016101,ETH-USD,1952.82,313,2026-01-01T04:28:20Z
batch_0005,order_00008708,order_00016101,ETH-USD,1952.82,670,2026-01-01T04:28:20Z
batch_0005,order_00008708,order_00009957,ETH-USD,1953.23,240,2026-01-01T02:45:56Z
batch_0005,order_00010691,order_00009957,ETH-USD,1953.23,506,2026-01-01T02:58:10Z
batch_0005,order_00015210,order_00009957,ETH-USD,1953.23,124,2026-01-01T04:13:29Z
batch_0005,order_00015210,order_00010758,ETH-USD,1953.34,155,2026-01-01T04:13:29Z
batch_0005,order_00014051,order_00010758,ETH-USD,1953.34,442,2026-01-01T03:54:10Z
batch_0005,order_00015138,order_00010758,ETH-USD,1953.34,274,2026-01-01T04:12:17Z
batch_0005,order_00015138,order_00013938,ETH-USD,1953.52,712,2026-01-01T04:12:17Z
batch_0005,order_00007793,order_00013938,ETH-USD,1953.52,127,2026-01-01T03:52:17Z
batch_0005,order_00007793,order_00016451,ETH-USD,1953.6,41,2026-01-01T04:34:10Z
batch_0005,order_00015852,order_00016451,ETH-USD,1953.6,347,2026-01-01T04:34:10Z
batch_0005,order_00015852,order_00007038,ETH-USD,1953.79,600,2026-01-01T04:24:11Z
batch_0005,order_00015852,order_00012737,ETH-USD,1953.86,35,2026-01-01T04:24:11Z
batch_0005,order_00014639,order_00012737,ETH-USD,1953.86,187,2026-01-01T04:03:58Z
batch_0005,order_00014639,order_00013014,ETH-USD,1953.86,455,2026-01-01T04:03:58Z
batch_0005,order_00014639,order_00007587,ETH-USD,1953.96,227,2026-01-01T04:03:58Z
batch_0005,order_00014652,order_00007587,ETH-USD,1953.96,268,2026-01-01T04:04:11Z
batch_0005,order_00010868,order_00007587,ETH-USD,1953.96,432,2026-01-01T03:01:07Z
batch_0005,order_00010868,order_00013976,ETH-USD,1954.04,409,2026-01-01T03:52:55Z
batch_0005,order_00006735,order_00013976,ETH-USD,1954.04,71,2026-01-01T03:52:55Z
batch_0005,order_00006735,order_00008003,ETH-USD,1954.07,161,2026-01-01T02:13:22Z
batch_0005,order_00009705,order_00008003,ETH-USD,1954.07,174,2026-01-01T02:41:44Z
batch_0005,order_00016338,order_00008003,ETH-USD,1954.07,91,2026-01-01T04:32:17Z
batch_0005,order_00007040,order_00008003,ETH-USD,1954.07,127,2026-01-01T02:13:22Z
batch_0005,order_00007326,order_00008003,ETH-USD,1954.07,334,2026-01-01T02:13:22Z
batch_0005,order_00007326,order_00007908,ETH-USD,1954.15,660,2026-01-01T02:11:47Z
batch_0005,order_00006875,order_00007908,ETH-USD,1954.15,28,2026-01-01T02:11:47Z
batch_0005,order_00006875,order_00014119,ETH-USD,1954.52,561,2026-01-01T03:55:18Z
batch_0005,order_00008905,order_00014119,ETH-USD,1954.52,166,2026-01-01T03:55:18Z
batch_0005,order_00008905,order_00010676,ETH-USD,1954.53,281,2026-01-01T02:57:55Z
batch_0005,order_00011295,order_00010676,ETH-USD,1954.53,285,2026-01-01T03:08:14Z
batch_0005,order_00010915,order_00010676,ETH-USD,1954.53,196,2026-01-01T03:01:54Z
batch_0005,order_00010915,order_00011063,ETH-USD,1954.69,344,2026-01-01T03:04:22Z
batch_0005,order_00009932,order_00011063,ETH-USD,1954.69,425,2026-01-01T03:04:22Z
batch_0005,order_00009932,order_00009504,ETH-USD,1954.76,208,2026-01-01T02:45:31Z
batch_0005,order_00016058,order_00009504,ETH-USD,1954.76,360,2026-01-01T04:27:37Z
batch_0005,order_00010047,order_00009504,ETH-USD,1954.76,140,2026-01-01T02:47:26Z
batch_0005,order_00011498,order_00009504,ETH-USD,1954.76,13,2026-01-01T03:11:37Z
batch_0005,order_00011498,order_00013450,ETH-USD,1954.76,122,2026-01-01T03:44:09Z
batch_0005,order_00011498,order_00013142,ETH-USD,1954.83,803,2026-01-01T03:39:01Z
batch_0005,order_00011096,order_00013142,ETH-USD,1954.83,34,2026-01-01T03:39:01Z
batch_0005,order_00011096,order_00012492,ETH-USD,1954.88,588,2026-01-01T03:28:11Z
batch_0005,order_00011096,order_00015964,ETH-USD,1955.08,122,2026-01-01T04:26:03Z
batch_0005,order_00015480,order_00015964,ETH-USD,1955.08,611,2026-01-01T04:26:03Z
batch_0005,order_00015480,order_00015262,ETH-USD,1955.17,51,2026-01-01T04:17:59Z
batch_0005,order_00007214,order_00015262,ETH-USD,1955.17,93,2026-01-01T04:14:21Z
batch_0005,order_00007214,order_00011229,ETH-USD,1955.28,101,2026-01-01T03:07:08Z
batch_0005,order_00007214,order_00013776,ETH-USD,1955.31,227,2026-01-01T03:49:35Z
batch_0005,order_00010759,order_00013776,ETH-USD,1955.31,326,2026-01-01T03:49:35Z
batch_0005,order_00010759,order_00014784,ETH-USD,1955.36,307,2026-01-01T04:06:23Z
batch_0005,order_00009732,order_00014784,ETH-USD,1955.36,580,2026-01-01T04:06:23Z
batch_0005,order_00009732,order_00007215,ETH-USD,1955.41,190,2026-01-01T02:42:11Z
batch_0005,order_00009732,order_00008721,ETH-USD,1955.46,125,2026-01-01T02:42:11Z
batch_0005,order_00013274,order_00008721,ETH-USD,1955.46,783,2026-01-01T03:41:13Z
batch_0005,order_00012854,order_00008721,ETH-USD,1955.46,24,2026-01-01T03:34:13Z
batch_0005,order_00012854,order_00010453,ETH-USD,1955.59,206,2026-01-01T03:34:13Z
batch_0005,order_00012854,order_00007788,ETH-USD,1955.61,60,2026-01-01T03:34:13Z
batch_0005,order_00015624,order_00007788,ETH-USD,1955.61,58,2026-01-01T04:20:23Z
batch_0005,order_00015624,order_00013470,ETH-USD,1955.62,676,2026-01-01T04:20:23Z
batch_0005,order_00010839,order_00013470,ETH-USD,1955.62,107,2026-01-01T03:44:29Z
batch_0005,order_00010839,order_00011128,ETH-USD,1955.68,480,2026-01-01T03:05:27Z
batch_0005,order_00010839,order_00014541,ETH-USD,1955.68,299,2026-01-01T04:02:20Z
batch_0005,order_00007691,order_00014541,ETH-USD,1955.68,292,2026-01-01T04:02:20Z
batch_0005,order_00007691,order_00010869,ETH-USD,1955.98,214,2026-01-01T03:01:08Z
batch_0005,order_00007691,order_00015683,ETH-USD,1956.01,365,2026-01-01T04:21:22Z
batch_0005,order_00009728,order_00015683,ETH-USD,1956.01,115,2026-01-01T04:21:22Z
batch_0005,order_00009728,order_00008222,ETH-USD,1956.14,229,2026-01-01T02:42:07Z
batch_0005,order_00013666,order_00008222,ETH-USD,1956.14,307,2026-01-01T03:47:45Z
batch_0005,order_00013666,order_00010337,ETH-USD,1956.21,449,2026-01-01T03:47:45Z
batch_0005,order_00007574,order_00010337,ETH-USD,1956.21,131,2026-01-01T02:52:16Z
batch_0005,order_00007574,order_00006961,ETH-USD,1956.24,146,2026-01-01T02:06:13Z
batch_0005,order_00011300,order_00006961,ETH-USD,1956.24,497,2026-01-01T03:08:19Z
batch_0005,order_00011300,order_00013345,ETH-USD,1956.28,33,2026-01-01T03:42:24Z
batch_0005,order_00006811,order_00013345,ETH-USD,1956.28,753,2026-01-01T03:42:24Z
batch_0005,order_00006811,order_00007592,ETH-USD,1956.41,128,2026-01-01T02:06:31Z
batch_0005,order_00013097,order_00007592,ETH-USD,1956.41,185,2026-01-01T03:38:16Z
batch_0005,order_00013097,order_00012386,ETH-USD,1956.43,238,2026-01-01T03:38:16Z
batch_0005,order_00007157,order_00012386,ETH-USD,1956.43,202,2026-01-01T03:26:25Z
batch_0005,order_00015708,order_00012386,ETH-USD,1956.43,352,2026-01-01T04:21:47Z
batch_0005,order_00015708,order_00013828,ETH-USD,1956.43,35,2026-01-01T04:21:47Z
batch_0005,order_00015834,order_00013828,ETH-USD,1956.43,454,2026-01-01T04:23:53Z
batch_0005,order_00015834,order_00014910,ETH-USD,1956.56,428,2026-01-01T04:23:53Z
batch_0005,order_00015834,order_00008878,ETH-USD,1956.65,102,2026-01-01T04:23:53Z
batch_0005,order_00012108,order_00008878,ETH-USD,1956.65,493,2026-01-01T03:21:47Z
batch_0005,order_00014985,order_00008878,ETH-USD,1956.65,224,2026-01-01T04:09:44Z
batch_0005,order_00014985,order_00012730,ETH-USD,1956.68,428,2026-01-01T04:09:44Z
batch_0005,order_00007246,order_00012730,ETH-USD,1956.68,331,2026-01-01T03:32:09Z
batch_0005,order_00007246,order_00016581,ETH-USD,1956.73,290,2026-01-01T04:36:20Z
batch_0005,order_00007224,order_00016581,ETH-USD,1956.73,109,2026-01-01T04:36:20Z
batch_0005,order_00009611,order_00016581,ETH-USD,1956.73,346,2026-01-01T04:36:20Z
batch_0005,order_00009611,order_00012559,ETH-USD,1956.89,241,2026-01-01T03:29:18Z
batch_0005,order_00015753,order_00012559,ETH-USD,1956.89,94,2026-01-01T04:22:32Z
batch_0005,order_00015704,order_00012559,ETH-USD,1956.89,106,2026-01-01T04:21:43Z
batch_0005,order_00015704,order_00006762,ETH-USD,1956.97,755,2026-01-01T04:21:43Z
batch_0005,order_00011641,order_00006762,ETH-USD,1956.97,238,2026-01-01T03:14:00Z
batch_0005,order_00011641,order_00011265,ETH-USD,1956.99,502,2026-01-01T03:14:00Z
batch_0005,order_00012735,order_00011265,ETH-USD,1956.99,341,2026-01-01T03:32:14Z
batch_0005,order_00013487,order_00011265,ETH-USD,1956.99,51,2026-01-01T03:44:46Z
batch_0005,order_00013487,order_00009697,ETH-USD,1957.48,609,2026-01-01T03:44:46Z
batch_0005,order_00013487,order_00013806,ETH-USD,1957.49,65,2026-01-01T03:50:05Z
batch_0005,order_00011587,order_00013806,ETH-USD,1957.49,663,2026-01-01T03:50:05Z
batch_0005,order_00015694,order_00013806,ETH-USD,1957.49,147,2026-01-01T04:21:33Z
batch_0005,order_00015694,order_00010607,ETH-USD,1957.55,195,2026-01-01T04:21:33Z
batch_0005,order_00015694,order_00013207,ETH-USD,1957.77,522,2026-01-01T04:21:33Z
batch_0005,order_00012773,order_00013207,ETH-USD,1957.77,308,2026-01-01T03:40:06Z
batch_0005,order_00012773,order_00009723,ETH-USD,1957.83,48,2026-01-01T03:32:52Z
batch_0005,order_00007654,order_00009723,ETH-USD,1957.83,15,2026-01-01T02:42:02Z
batch_0005,order_00009890,order_00009723,ETH-USD,1957.83,884,2026-01-01T02:44:49Z
batch_0005,order_00009890,order_00010999,ETH-USD,1957.97,95,2026-01-01T03:03:18Z
batch_0005,order_00016374,order_00010999,ETH-USD,1957.97,288,2026-01-01T04:32:53Z
batch_0005,order_00016374,order_00016538,ETH-USD,1958.11,194,2026-01-01T04:35:37Z
batch_0005,order_00014441,order_00016538,ETH-USD,1958.11,148,2026-01-01T04:35:37Z
batch_0005,order_00014441,order_00010632,ETH-USD,1958.35,512,2026-01-01T04:00:40Z
batch_0005,order_00014441,order_00013031,ETH-USD,1958.57,179,2026-01-01T04:00:40Z
batch_0005,order_00016063,order_00013031,ETH-USD,1958.57,619,2026-01-01T04:27:42Z
batch_0005,order_00016063,order_00014100,ETH-USD,1958.58,375,2026-01-01T04:27:42Z
batch_0005,order_00014031,order_00014100,ETH-USD,1958.58,336,2026-01-01T03:54:59Z
batch_0005,order_00014031,order_00013216,ETH-USD,1958.6,258,2026-01-01T03:53:50Z
batch_0005,order_00015750,order_00013216,ETH-USD,1958.6,155,2026-01-01T04:22:29Z
batch_0005,order_00015750,order_00011469,ETH-USD,1958.62,195,2026-01-01T04:22:29Z
batch_0005,order_00015750,order_00008832,ETH-USD,1958.63,292,2026-01-01T04:22:29Z
batch_0005,order_00006711,order_00008832,ETH-USD,1958.63,215,2026-01-01T02:27:11Z
batch_0005,order_00009748,order_00008832,ETH-USD,1958.63,18,2026-01-01T02:42:27Z
batch_0005,order_00009748,order_00007158,ETH-USD,1958.74,453,2026-01-01T02:42:27Z
batch_0005,order_00009748,order_00009197,ETH-USD,1958.76,190,2026-01-01T02:42:27Z
batch_0005,order_00009940,order_00009197,ETH-USD,1958.76,563,2026-01-01T02:45:39Z
batch_0005,order_00010008,order_00009197,ETH-USD,1958.76,4,2026-01-01T02:46:47Z
batch_0005,order_00010981,order_00009197,ETH-USD,1958.76,235,2026-01-01T03:03:00Z
batch_0005,order_00010981,order_00014306,ETH-USD,1958.89,265,2026-01-01T03:58:25Z
batch_0005,order_00014299,order_00014306,ETH-USD,1958.89,85,2026-01-01T03:58:25Z
batch_0005,order_00011375,order_00014306,ETH-USD,1958.89,478,2026-01-01T03:58:25Z
batch_0005,order_00011375,order_00011910,ETH-USD,1959.12,182,2026-01-01T03:18:29Z
batch_0005,order_00011375,order_00008345,ETH-USD,1959.53,3,2026-01-01T03:09:34Z
batch_0005,order_00011375,order_00008936,ETH-USD,1959.55,159,2026-01-01T03:09:34Z
batch_0005,order_00011375,order_00009535,ETH-USD,1959.61,176,2026-01-01T03:09:34Z
batch_0005,order_00010244,order_00009535,ETH-USD,1959.61,120,2026-01-01T02:50:43Z
batch_0005,order_00014709,order_00009535,ETH-USD,1959.61,258,2026-01-01T04:05:08Z
batch_0005,order_00014709,order_00010986,ETH-USD,1959.85,6,2026-01-01T04:05:08Z
batch_0005,order_00016021,order_00010986,ETH-USD,1959.85,555,2026-01-01T04:27:00Z
batch_0005,order_00016275,order_00010986,ETH-USD,1959.85,212,2026-01-01T04:31:14Z
batch_0005,order_00016275,order_00007397,ETH-USD,1960.08,258,2026-01-01T04:31:14Z
batch_0005,order_00007967,order_00007397,ETH-USD,1960.08,242,2026-01-01T02:12:46Z
batch_0005,order_00007967,order_00012002,ETH-USD,1960.13,268,2026-01-01T03:20:01Z
batch_0005,order_00007967,order_00007818,ETH-USD,1960.18,105,2026-01-01T02:12:46Z
batch_0005,order_00011567,order_00007818,ETH-USD,1960.18,324,2026-01-01T03:12:46Z
batch_0005,order_00011567,order_00007765,ETH-USD,1960.19,8,2026-01-01T03:12:46Z
batch_0005,order_00006859,order_00007765,ETH-USD,1960.19,562,2026-01-01T02:09:24Z
batch_0005,order_00009312,order_00007765,ETH-USD,1960.19,399,2026-01-01T02:35:11Z
batch_0005,order_00009312,order_00009530,ETH-USD,1960.34,596,2026-01-01T02:38:49Z
batch_0005,order_00014292,order_00009530,ETH-USD,1960.34,50,2026-01-01T03:58:11Z
batch_0005,order_00014292,order_00010018,ETH-USD,1960.49,429,2026-01-01T03:58:11Z
batch_0005,order_00009253,order_00010018,ETH-USD,1960.49,502,2026-01-01T02:46:57Z
batch_0005,order_00009253,order_00008364,ETH-USD,1960.51,307,2026-01-01T02:34:12Z
batch_0005,order_00010494,order_00008364,ETH-USD,1960.51,267,2026-01-01T02:54:53Z
batch_0005,order_00010494,order_00010023,ETH-USD,1960.51,378,2026-01-01T02:54:53Z
batch_0005,order_00010494,order_00008944,ETH-USD,1960.57,246,2026-01-01T02:54:53Z
batch_0005,order_00013508,order_00008944,ETH-USD,1960.57,411,2026-01-01T03:45:07Z
batch_0005,order_00013508,order_00008552,ETH-USD,1960.58,326,2026-01-01T03:45:07Z
batch_0005,order_00013884,order_00008552,ETH-USD,1960.58,182,2026-01-01T03:51:23Z
batch_0005,order_00013884,order_00010322,ETH-USD,1960.59,158,2026-01-01T03:51:23Z
batch_0005,order_00011277,order_00015577,ETH-USD,1960.62,611,2026-01-01T04:19:36Z
batch_0005,order_00008674,order_00015577,ETH-USD,1960.62,94,2026-01-01T04:19:36Z
batch_0005,order_00008674,order_00007959,ETH-USD,1960.72,284,2026-01-01T02:24:33Z
batch_0005,order_00008674,order_00007226,ETH-USD,1960.76,388,2026-01-01T02:24:33Z
batch_0005,order_00007018,order_00007226,ETH-USD,1960.76,254,2026-01-01T02:00:25Z
batch_0005,order_00009451,order_00007226,ETH-USD,1960.76,298,2026-01-01T02:37:30Z
batch_0005,order_00009451,order_00012537,ETH-USD,1960.76,433,2026-01-01T03:28:56Z
batch_0005,order_00009451,order_00007877,ETH-USD,1960.79,205,2026-01-01T02:37:30Z
batch_0005,order_00012304,order_00007877,ETH-USD,1960.79,81,2026-01-01T03:25:03Z
batch_0005,order_00013792,order_00007877,ETH-USD,1960.79,375,2026-01-01T03:49:51Z
batch_0005,order_00013792,order_00011304,ETH-USD,1960.86,120,2026-01-01T03:49:51Z
batch_0005,order_00013792,order_00013469,ETH-USD,1960.94,459,2026-01-01T03:49:51Z
batch_0005,order_00011948,order_00013469,ETH-USD,1960.94,424,2026-01-01T03:44:28Z
batch_0005,order_00011948,order_00012693,ETH-USD,1960.97,390,2026-01-01T03:31:32Z
batch_0005,order_00014922,order_00012693,ETH-USD,1960.97,436,2026-01-01T04:08:41Z
batch_0005,order_00014922,order_00009196,ETH-USD,1961.04,288,2026-01-01T04:08:41Z
batch_0005,order_00014922,order_00006938,ETH-USD,1961.14,41,2026-01-01T04:08:41Z
batch_0005,order_00013845,order_00006938,ETH-USD,1961.14,95,2026-01-01T03:50:44Z
batch_0005,order_00010120,order_00006938,ETH-USD,1961.14,258,2026-01-01T02:48:39Z
batch_0005,order_00010120,order_00013773,ETH-USD,1961.26,334,2026-01-01T03:49:32Z
batch_0005,order_00016302,order_00013773,ETH-USD,1961.26,7,2026-01-01T04:31:41Z
batch_0005,order_00016302,order_00012780,ETH-USD,1961.41,791,2026-01-01T04:31:41Z
batch_0005,order_00010003,order_00012780,ETH-USD,1961.41,39,2026-01-01T03:32:59Z
batch_0005,order_00010003,order_00013180,ETH-USD,1961.47,75,2026-01-01T03:39:39Z
batch_0005,order_00011937,order_00013180,ETH-USD,1961.47,383,2026-01-01T03:39:39Z
batch_0005,order_00011937,order_00015248,ETH-USD,1961.55,48,2026-01-01T04:14:07Z
batch_0005,order_00014283,order_00015248,ETH-USD,1961.55,564,2026-01-01T04:14:07Z
batch_0005,order_00014283,order_00010293,ETH-USD,1961.58,268,2026-01-01T03:58:02Z
batch_0005,order_00014283,order_00007091,ETH-USD,1961.7,13,2026-01-01T03:58:02Z
batch_0005,order_00014283,order_00014310,ETH-USD,1961.7,112,2026-01-01T03:58:29Z
batch_0005,order_00016147,order_00014310,ETH-USD,1961.7,578,2026-01-01T04:29:06Z
batch_0005,order_00016147,order_00016422,ETH-USD,1961.75,10,2026-01-01T04:33:41Z
batch_0005,order_00016147,order_00012352,ETH-USD,1961.76,44,2026-01-01T04:29:06Z
batch_0005,order_00016297,order_00012352,ETH-USD,1961.76,37,2026-01-01T04:31:36Z
batch_0005,order_00012750,order_00012352,ETH-USD,1961.76,686,2026-01-01T03:32:29Z
batch_0005,order_00012750,order_00013037,ETH-USD,1961.84,107,2026-01-01T03:37:16Z
batch_0005,order_00012750,order_00006680,ETH-USD,1961.88,34,2026-01-01T03:32:29Z
batch_0005,order_00009271,order_00006680,ETH-USD,1961.88,473,2026-01-01T02:34:30Z
batch_0005,order_00012552,order_00006680,ETH-USD,1961.88,364,2026-01-01T03:29:11Z
batch_0005,order_00012552,order_00007872,ETH-USD,1961.94,427,2026-01-01T03:29:11Z
batch_0005,order_00010072,order_00007872,ETH-USD,1961.94,55,2026-01-01T02:47:51Z
batch_0005,order_00010072,order_00008688,ETH-USD,1961.95,874,2026-01-01T02:47:51Z
batch_0005,order_00010072,order_00007034,ETH-USD,1962.03,16,2026-01-01T02:47:51Z
batch_0005,order_00015005,order_00007034,ETH-USD,1962.03,440,2026-01-01T04:10:04Z
batch_0005,order_00010861,order_00007034,ETH-USD,1962.03,93,2026-01-01T03:01:00Z
batch_0005,order_00010861,order_00007230,ETH-USD,1962.04,270,2026-01-01T03:01:00Z
batch_0005,order_00010035,order_00007230,ETH-USD,1962.04,101,2026-01-01T02:47:14Z
batch_0005,order_00010035,order_00012789,ETH-USD,1962.16,489,2026-01-01T03:33:08Z
batch_0005,order_00010035,order_00012926,ETH-USD,1962.39,8,2026-01-01T03:35:25Z
batch_0005,order_00010035,order_00008622,ETH-USD,1962.42,21,2026-01-01T02:47:14Z
batch_0005,order_00013454,order_00008622,ETH-USD,1962.42,597,2026-01-01T03:44:13Z
batch_0005,order_00013454,order_00009660,ETH-USD,1962.42,188,2026-01-01T03:44:13Z
batch_0005,order_00010387,order_00009660,ETH-USD,1962.42,682,2026-01-01T02:53:06Z
batch_0005,order_00010387,order_00014135,ETH-USD,1962.49,83,2026-01-01T03:55:34Z
batch_0005,order_00014957,order_00014135,ETH-USD,1962.49,531,2026-01-01T04:09:16Z
batch_0005,order_00014957,order_00016585,ETH-USD,1962.52,129,2026-01-01T04:36:24Z
batch_0005,order_00016096,order_00016585,ETH-USD,1962.52,269,2026-01-01T04:36:24Z
batch_0005,order_00008994,order_00016585,ETH-USD,1962.52,331,2026-01-01T04:36:24Z
batch_0005,order_00008994,order_00013209,ETH-USD,1962.53,186,2026-01-01T03:40:08Z
batch_0005,order_00008994,order_00011797,ETH-USD,1962.79,116,2026-01-01T03:16:36Z
batch_0005,order_00008371,order_00011797,ETH-USD,1962.79,612,2026-01-01T03:16:36Z
batch_0005,order_00008371,order_00014786,ETH-USD,1962.82,71,2026-01-01T04:06:25Z
batch_0005,order_00014568,order_00014786,ETH-USD,1962.82,126,2026-01-01T04:06:25Z
batch_0005,order_00014568,order_00009511,ETH-USD,1962.83,248,2026-01-01T04:02:47Z
batch_0005,order_00010068,order_00009511,ETH-USD,1962.83,205,2026-01-01T02:47:47Z
batch_0005,order_00009262,order_00009511,ETH-USD,1962.83,374,2026-01-01T02:38:30Z
batch_0005,order_00009262,order_00014628,ETH-USD,1962.83,303,2026-01-01T04:03:47Z
batch_0005,order_00009473,order_00014628,ETH-USD,1962.83,670,2026-01-01T04:03:47Z
batch_0005,order_00009473,order_00008642,ETH-USD,1962.86,281,2026-01-01T02:37:52Z
batch_0005,order_00014326,order_00008642,ETH-USD,1962.86,467,2026-01-01T03:58:45Z
batch_0005,order_00014326,order_00008016,ETH-USD,1962.91,183,2026-01-01T03:58:45Z
batch_0005,order_00015322,order_00008016,ETH-USD,1962.91,518,2026-01-01T04:15:21Z
batch_0005,order_00011541,order_00008016,ETH-USD,1962.91,58,2026-01-01T03:12:20Z
batch_0005,order_00011541,order_00015408,ETH-USD,1962.93,335,2026-01-01T04:16:47Z
batch_0005,order_00013412,order_00015408,ETH-USD,1962.93,554,2026-01-01T04:16:47Z
batch_0005,order_00013412,order_00015416,ETH-USD,1962.93,356,2026-01-01T04:16:55Z
batch_0005,order_00013412,order_00016557,ETH-USD,1963.01,43,2026-01-01T04:35:56Z
batch_0005,order_00015068,order_00016557,ETH-USD,1963.01,394,2026-01-01T04:35:56Z
batch_0005,order_00015068,order_00013676,ETH-USD,1963.16,213,2026-01-01T04:11:07Z
batch_0005,order_00011804,order_00013676,ETH-USD,1963.16,69,2026-01-01T03:47:55Z
batch_0005,order_00011804,order_00008783,ETH-USD,1963.18,635,2026-01-01T03:16:43Z
batch_0005,order_00016380,order_00008783,ETH-USD,1963.18,59,2026-01-01T04:32:59Z
batch_0005,order_00011234,order_00008783,ETH-USD,1963.18,132,2026-01-01T03:07:13Z
batch_0005,order_00011234,order_00007701,ETH-USD,1963.23,280,2026-01-01T03:07:13Z
batch_0005,order_00011234,order_00016097,ETH-USD,1963.23,505,2026-01-01T04:28:16Z
batch_0005,order_00012680,order_00016097,ETH-USD,1963.23,101,2026-01-01T04:28:16Z
batch_0005,order_00012680,order_00015252,ETH-USD,1963.33,158,2026-01-01T04:14:11Z
batch_0005,order_00012680,order_00014686,ETH-USD,1963.4,239,2026-01-01T04:04:45Z
batch_0005,order_00012680,order_00008131,ETH-USD,1963.51,197,2026-01-01T03:31:19Z
batch_0005,order_00014239,order_00008131,ETH-USD,1963.51,161,2026-01-01T03:57:18Z
batch_0005,order_00014239,order_00010876,ETH-USD,1963.93,27,2026-01-01T03:57:18Z
batch_0005,order_00007003,order_00010876,ETH-USD,1963.93,485,2026-01-01T03:01:15Z
batch_0005,order_00012191,order_00010876,ETH-USD,1963.93,6,2026-01-01T03:23:10Z
batch_0005,order_00015765,order_00010876,ETH-USD,1963.93,130,2026-01-01T04:22:44Z
batch_0005,order_00015765,order_00007141,ETH-USD,1964.33,269,2026-01-01T04:22:44Z
batch_0005,order_00015285,order_00007141,ETH-USD,1964.33,25,2026-01-01T04:14:44Z
batch_0005,order_00015285,order_00015314,ETH-USD,1964.48,214,2026-01-01T04:15:13Z
batch_0005,order_00015285,order_00013744,ETH-USD,1964.5,702,2026-01-01T04:14:44Z
batch_0005,order_00015436,order_00013744,ETH-USD,1964.5,114,2026-01-01T04:17:15Z
batch_0005,order_00016409,order_00013744,ETH-USD,1964.5,143,2026-01-01T04:33:28Z
batch_0005,order_00016409,order_00016405,ETH-USD,1964.52,118,2026-01-01T04:33:28Z
batch_0005,order_00014254,order_00016405,ETH-USD,1964.52,57,2026-01-01T04:33:24Z
batch_0005,order_00009968,order_00016405,ETH-USD,1964.52,114,2026-01-01T04:33:24Z
batch_0005,order_00010738,order_00016405,ETH-USD,1964.52,614,2026-01-01T04:33:24Z
batch_0005,order_00010738,order_00008530,ETH-USD,1964.66,16,2026-01-01T02:58:57Z
batch_0005,order_00010071,order_00008530,ETH-USD,1964.66,194,2026-01-01T02:47:50Z
batch_0005,order_00010071,order_00016043,ETH-USD,1964.69,216,2026-01-01T04:27:22Z
batch_0005,order_00009169,order_00016043,ETH-USD,1964.69,45,2026-01-01T04:27:22Z
batch_0005,order_00009169,order_00008413,ETH-USD,1964.82,597,2026-01-01T02:32:48Z
batch_0005,order_00009169,order_00013437,ETH-USD,1964.89,118,2026-01-01T03:43:56Z
batch_0005,order_00009169,order_00014044,ETH-USD,1965.0,85,2026-01-01T03:54:03Z
batch_0005,order_00014379,order_00014044,ETH-USD,1965.0,314,2026-01-01T03:59:38Z
batch_0005,order_00009150,order_00014044,ETH-USD,1965.0,404,2026-01-01T03:54:03Z
batch_0005,order_00009150,order_00015751,ETH-USD,1965.08,86,2026-01-01T04:22:30Z
batch_0005,order_00016413,order_00015751,ETH-USD,1965.08,491,2026-01-01T04:33:32Z
batch_0005,order_00016413,order_00012453,ETH-USD,1965.11,376,2026-01-01T04:33:32Z
batch_0005,order_00016413,order_00013003,ETH-USD,1965.26,10,2026-01-01T04:33:32Z
batch_0005,order_00011004,order_00013003,ETH-USD,1965.26,372,2026-01-01T03:36:42Z
batch_0005,order_00011004,order_00012480,ETH-USD,1965.33,122,2026-01-01T03:27:59Z
batch_0005,order_00012035,order_00012480,ETH-USD,1965.33,86,2026-01-01T03:27:59Z
batch_0005,order_00012035,order_00006693,ETH-USD,1965.42,482,2026-01-01T03:20:34Z
batch_0005,order_00012035,order_00008702,ETH-USD,1965.53,68,2026-01-01T03:20:34Z
batch_0005,order_00012035,order_00013240,ETH-USD,1965.67,86,2026-01-01T03:40:39Z
batch_0005,order_00012035,order_00012692,ETH-USD,1965.7,222,2026-01-01T03:31:31Z
batch_0005,order_00007500,order_00012692,ETH-USD,1965.7,161,2026-01-01T03:31:31Z
batch_0005,order_00007500,order_00016537,ETH-USD,1965.8,130,2026-01-01T04:35:36Z
batch_0005,order_00009727,order_00016537,ETH-USD,1965.8,142,2026-01-01T04:35:36Z
batch_0005,order_00009727,order_00011237,ETH-USD,1965.83,661,2026-01-01T03:07:16Z
batch_0005,order_00013465,order_00011237,ETH-USD,1965.83,132,2026-01-01T03:44:24Z
batch_0005,order_00013465,order_00009846,ETH-USD,1965.84,368,2026-01-01T03:44:24Z
batch_0005,order_00007849,order_00009846,ETH-USD,1965.84,172,2026-01-01T02:44:05Z
batch_0005,order_00014264,order_00009846,ETH-USD,1965.84,243,2026-01-01T03:57:43Z
batch_0005,order_00014264,order_00009402,ETH-USD,1965.9,293,2026-01-01T03:57:43Z
batch_0005,order_00014264,order_00012340,ETH-USD,1966.01,15,2026-01-01T03:57:43Z
batch_0005,order_00015790,order_00012340,ETH-USD,1966.01,377,2026-01-01T04:23:09Z
batch_0005,order_00014005,order_00012340,ETH-USD,1966.01,121,2026-01-01T03:53:24Z
batch_0005,order_00014005,order_00007713,ETH-USD,1966.13,228,2026-01-01T03:53:24Z
batch_0005,order_00014005,order_00011624,ETH-USD,1966.25,127,2026-01-01T03:53:24Z
batch_0005,order_00010392,order_00011624,ETH-USD,1966.25,492,2026-01-01T03:13:43Z
batch_0005,order_00010392,order_00015607,ETH-USD,1966.29,407,2026-01-01T04:20:06Z
batch_0005,order_00010040,order_00015607,ETH-USD,1966.29,92,2026-01-01T04:20:06Z
batch_0005,order_00006668,order_00015607,ETH-USD,1966.29,329,2026-01-01T04:20:06Z
batch_0005,order_00006668,order_00008253,ETH-USD,1966.41,632,2026-01-01T02:17:32Z
batch_0005,order_00013456,order_00008253,ETH-USD,1966.41,20,2026-01-01T03:44:15Z
batch_0005,order_00013456,order_00010089,ETH-USD,1966.49,208,2026-01-01T03:44:15Z
batch_0005,order_00015891,order_00010089,ETH-USD,1966.49,83,2026-01-01T04:24:50Z
batch_0005,order_00015891,order_00010798,ETH-USD,1966.52,377,2026-01-01T04:24:50Z
batch_0005,order_00010396,order_00010798,ETH-USD,1966.52,190,2026-01-01T02:59:57Z
batch_0005,order_00010396,order_00010991,ETH-USD,1966.56,384,2026-01-01T03:03:10Z
batch_0005,order_00015565,order_00010991,ETH-USD,1966.56,269,2026-01-01T04:19:24Z
batch_0005,order_00013071,order_00010991,ETH-USD,1966.56,41,2026-01-01T03:37:50Z
batch_0005,order_00013071,order_00011974,ETH-USD,1966.59,609,2026-01-01T03:37:50Z
batch_0005,order_00006969,order_00011974,ETH-USD,1966.59,381,2026-01-01T03:19:33Z
batch_0005,order_00006969,order_00016319,ETH-USD,1966.66,523,2026-01-01T04:31:58Z
batch_0005,order_00006969,order_00008062,ETH-USD,1966.68,47,2026-01-01T02:14:21Z
batch_0005,order_00016357,order_00008062,ETH-USD,1966.68,7,2026-01-01T04:32:36Z
batch_0005,order_00016357,order_00009323,ETH-USD,1966.77,89,2026-01-01T04:32:36Z
batch_0005,order_00008560,order_00009323,ETH-USD,1966.77,582,2026-01-01T02:35:22Z
batch_0005,order_00009515,order_00009323,ETH-USD,1966.77,80,2026-01-01T02:38:34Z
batch_0005,order_00009515,order_00006882,ETH-USD,1966.87,145,2026-01-01T02:38:34Z
batch_0005,order_00009515,order_00014579,ETH-USD,1967.08,63,2026-01-01T04:02:58Z
batch_0005,order_00009397,order_00014579,ETH-USD,1967.08,361,2026-01-01T04:02:58Z
batch_0005,order_00014960,order_00014579,ETH-USD,1967.08,24,2026-01-01T04:09:19Z
batch_0005,order_00014960,order_00012812,ETH-USD,1967.23,140,2026-01-01T04:09:19Z
batch_0005,order_00014960,order_00013962,ETH-USD,1967.26,168,2026-01-01T04:09:19Z
batch_0005,order_00014960,order_00015461,ETH-USD,1967.33,75,2026-01-01T04:17:40Z
batch_0005,order_00012889,order_00015461,ETH-USD,1967.33,94,2026-01-01T04:17:40Z
batch_0005,order_00012889,order_00009048,ETH-USD,1967.35,361,2026-01-01T03:34:48Z
batch_0005,order_00012889,order_00013824,ETH-USD,1967.39,416,2026-01-01T03:50:23Z
batch_0005,order_00014189,order_00013824,ETH-USD,1967.39,223,2026-01-01T03:56:28Z
batch_0005,order_00010754,order_00013824,ETH-USD,1967.39,192,2026-01-01T03:50:23Z
batch_0005,order_00008879,order_00013824,ETH-USD,1967.39,54,2026-01-01T03:50:23Z
batch_0005,order_00008879,order_00011902,ETH-USD,1967.5,220,2026-01-01T03:18:21Z
batch_0005,order_00008879,order_00009802,ETH-USD,1967.52,291,2026-01-01T02:43:21Z
batch_0005,order_00007178,order_00009802,ETH-USD,1967.52,412,2026-01-01T02:43:21Z
batch_0005,order_00007178,order_00011239,ETH-USD,1967.54,304,2026-01-01T03:07:18Z
batch_0005,order_00007178,order_00008693,ETH-USD,1967.6,130,2026-01-01T02:24:52Z
batch_0005,order_00008073,order_00008693,ETH-USD,1967.6,613,2026-01-01T02:24:52Z
batch_0005,order_00008073,order_00013385,ETH-USD,1967.67,216,2026-01-01T03:43:04Z
batch_0005,order_00009401,order_00013385,ETH-USD,1967.67,65,2026-01-01T03:43:04Z
batch_0005,order_00009401,order_00007412,ETH-USD,1967.72,505,2026-01-01T02:36:40Z
batch_0005,order_00007123,order_00007412,ETH-USD,1967.72,341,2026-01-01T02:03:31Z
batch_0005,order_00016448,order_00007412,ETH-USD,1967.72,94,2026-01-01T04:34:07Z
batch_0005,order_00016448,order_00010895,ETH-USD,1967.72,201,2026-01-01T04:34:07Z
batch_0005,order_00009218,order_00010895,ETH-USD,1967.72,97,2026-01-01T03:01:34Z
batch_0005,order_00009218,order_00012649,ETH-USD,1967.76,104,2026-01-01T03:30:48Z
batch_0005,order_00009218,order_00015806,ETH-USD,1968.15,699,2026-01-01T04:23:25Z
batch_0005,order_00006861,order_00015806,ETH-USD,1968.15,197,2026-01-01T04:23:25Z
batch_0005,order_00006861,order_00006945,ETH-USD,1968.16,99,2026-01-01T01:55:44Z
batch_0005,order_00011278,order_00006945,ETH-USD,1968.16,749,2026-01-01T03:07:57Z
batch_0005,order_00014825,order_00006945,ETH-USD,1968.16,108,2026-01-01T04:07:04Z
batch_0005,order_00014825,order_00011663,ETH-USD,1968.19,541,2026-01-01T04:07:04Z
batch_0005,order_00007601,order_00011663,ETH-USD,1968.19,303,2026-01-01T03:14:22Z
batch_0005,order_00007601,order_00016345,ETH-USD,1968.19,1,2026-01-01T04:32:24Z
batch_0005,order_00010686,order_00016345,ETH-USD,1968.19,444,2026-01-01T04:32:24Z
batch_0005,order_00010686,order_00007803,ETH-USD,1968.39,427,2026-01-01T02:58:05Z
batch_0005,order_00016305,order_00007803,ETH-USD,1968.39,462,2026-01-01T04:31:44Z
batch_0005,order_00016305,order_00008441,ETH-USD,1968.44,151,2026-01-01T04:31:44Z
batch_0005,order_00014348,order_00008441,ETH-USD,1968.44,186,2026-01-01T03:59:07Z
batch_0005,order_00014348,order_00013215,ETH-USD,1968.55,362,2026-01-01T03:59:07Z
batch_0005,order_00015736,order_00013215,ETH-USD,1968.55,167,2026-01-01T04:22:15Z
batch_0005,order_00015736,order_00013908,ETH-USD,1968.62,240,2026-01-01T04:22:15Z
batch_0005,order_00008217,order_00013908,ETH-USD,1968.62,374,2026-01-01T03:51:47Z
batch_0005,order_00010315,order_00013908,ETH-USD,1968.62,205,2026-01-01T03:51:47Z
batch_0005,order_00009895,order_00013908,ETH-USD,1968.62,49,2026-01-01T03:51:47Z
batch_0005,order_00009895,order_00007623,ETH-USD,1968.68,65,2026-01-01T02:44:54Z
batch_0005,order_00009895,order_00015226,ETH-USD,1968.75,279,2026-01-01T04:13:45Z
batch_0005,order_00012945,order_00015226,ETH-USD,1968.75,156,2026-01-01T04:13:45Z
batch_0005,order_00012945,order_00008089,ETH-USD,1968.96,825,2026-01-01T03:35:44Z
batch_0005,order_00015376,order_00008089,ETH-USD,1968.96,27,2026-01-01T04:16:15Z
batch_0005,order_00015376,order_00015655,ETH-USD,1968.99,83,2026-01-01T04:20:54Z
batch_0005,order_00011141,order_00015655,ETH-USD,1968.99,281,2026-01-01T04:20:54Z
batch_0005,order_00011141,order_00012784,ETH-USD,1969.06,36,2026-01-01T03:33:03Z
batch_0005,order_00008745,order_00012784,ETH-USD,1969.06,134,2026-01-01T03:33:03Z
batch_0005,order_00008745,order_00012381,ETH-USD,1969.13,201,2026-01-01T03:26:20Z
batch_0005,order_00008745,order_00007405,ETH-USD,1969.14,218,2026-01-01T02:25:44Z
batch_0005,order_00008745,order_00010619,ETH-USD,1969.2,100,2026-01-01T02:56:58Z
batch_0005,order_00009897,order_00010619,ETH-USD,1969.2,582,2026-01-01T02:56:58Z
batch_0005,order_00009897,order_00006784,ETH-USD,1969.26,93,2026-01-01T02:44:56Z
batch_0005,order_00009897,order_00013233,ETH-USD,1969.26,49,2026-01-01T03:40:32Z
batch_0005,order_00014977,order_00013233,ETH-USD,1969.26,253,2026-01-01T04:09:36Z
batch_0005,order_00009418,order_00013233,ETH-USD,1969.26,172,2026-01-01T03:40:32Z
batch_0005,order_00009418,order_00007506,ETH-USD,1969.31,418,2026-01-01T02:36:57Z
batch_0005,order_00009418,order_00007047,ETH-USD,1969.35,198,2026-01-01T02:36:57Z
batch_0005,order_00006603,order_00007047,ETH-USD,1969.35,16,2026-01-01T01:57:26Z
batch_0005,order_00010579,order_00007047,ETH-USD,1969.35,686,2026-01-01T02:56:18Z
batch_0005,order_00012031,order_00007047,ETH-USD,1969.35,96,2026-01-01T03:20:30Z
batch_0005,order_00012031,order_00015666,ETH-USD,1969.42,45,2026-01-01T04:21:05Z
batch_0005,order_00012031,order_00011516,ETH-USD,1969.82,267,2026-01-01T03:20:30Z
batch_0005,order_00011843,order_00011516,ETH-USD,1969.82,89,2026-01-01T03:17:22Z
batch_0005,order_00006767,order_00011516,ETH-USD,1969.82,554,2026-01-01T03:11:55Z
batch_0005,order_00006767,order_00013434,ETH-USD,1970.13,212,2026-01-01T03:43:53Z
batch_0005,order_00014410,order_00013434,ETH-USD,1970.13,267,2026-01-01T04:00:09Z
batch_0005,order_00014410,order_00013090,ETH-USD,1970.29,424,2026-01-01T04:00:09Z
batch_0005,order_00007256,order_00013090,ETH-USD,1970.29,146,2026-01-01T03:38:09Z
batch_0005,order_00007256,order_00010837,ETH-USD,1970.31,14,2026-01-01T03:00:36Z
batch_0005,order_00007256,order_00007835,ETH-USD,1970.32,342,2026-01-01T02:10:34Z
batch_0005,order_00008043,order_00007835,ETH-USD,1970.32,186,2026-01-01T02:14:02Z
batch_0005,order_00008043,order_00012363,ETH-USD,1970.37,10,2026-01-01T03:26:02Z
batch_0005,order_00012345,order_00012363,ETH-USD,1970.37,216,2026-01-01T03:26:02Z
batch_0005,order_00012345,order_00009452,ETH-USD,1970.41,84,2026-01-01T03:25:44Z
batch_0005,order_00012345,order_00014772,ETH-USD,1970.49,110,2026-01-01T04:06:11Z
batch_0005,order_00012345,order_00016331,ETH-USD,1970.56,578,2026-01-01T04:32:10Z
batch_0005,order_00016268,order_00016331,ETH-USD,1970.56,99,2026-01-01T04:32:10Z
batch_0005,order_00016268,order_00011086,ETH-USD,1970.77,633,2026-01-01T04:31:07Z
batch_0005,order_00016268,order_00016216,ETH-USD,1970.8,160,2026-01-01T04:31:07Z
batch_0005,order_00009486,order_00016216,ETH-USD,1970.8,469,2026-01-01T04:30:15Z
batch_0005,order_00009486,order_00007683,ETH-USD,1970.94,66,2026-01-01T02:38:05Z
batch_0005,order_00010326,order_00007683,ETH-USD,1970.94,356,2026-01-01T02:52:05Z
batch_0005,order_00012972,order_00007683,ETH-USD,1970.94,441,2026-01-01T03:36:11Z
batch_0005,order_00012972,order_00014181,ETH-USD,1970.97,34,2026-01-01T03:56:20Z
batch_0005,order_00011874,order_00014181,ETH-USD,1970.97,96,2026-01-01T03:56:20Z
batch_0005,order_00011874,order_00015998,ETH-USD,1970.97,117,2026-01-01T04:26:37Z
batch_0005,order_00011220,order_00015998,ETH-USD,1970.97,873,2026-01-01T04:26:37Z
batch_0005,order_00014118,order_00010277,ETH-USD,1971.01,74,2026-01-01T03:55:17Z
batch_0005,order_00015677,order_00010277,ETH-USD,1971.01,492,2026-01-01T04:21:16Z
batch_0005,order_00015677,order_00008652,ETH-USD,1971.03,262,2026-01-01T04:21:16Z
batch_0005,order_00008922,order_00008652,ETH-USD,1971.03,520,2026-01-01T02:28:41Z
batch_0005,order_00008922,order_00009022,ETH-USD,1971.14,71,2026-01-01T02:30:21Z
batch_0005,order_00008115,order_00009022,ETH-USD,1971.14,421,2026-01-01T02:30:21Z
batch_0005,order_00015386,order_00009022,ETH-USD,1971.14,368,2026-01-01T04:16:25Z
batch_0005,order_00015386,order_00015097,ETH-USD,1971.16,182,2026-01-01T04:16:25Z
batch_0005,order_00014689,order_00015097,ETH-USD,1971.16,121,2026-01-01T04:11:36Z
batch_0005,order_00014689,order_00015476,ETH-USD,1971.21,178,2026-01-01T04:17:55Z
batch_0005,order_00014689,order_00009216,ETH-USD,1971.35,130,2026-01-01T04:04:48Z
batch_0005,order_00015212,order_00009216,ETH-USD,1971.35,111,2026-01-01T04:13:31Z
batch_0005,order_00015212,order_00014578,ETH-USD,1971.36,277,2026-01-01T04:13:31Z
batch_0005,order_00012437,order_00014578,ETH-USD,1971.36,280,2026-01-01T04:02:57Z
batch_0005,order_00012437,order_00008201,ETH-USD,1971.37,169,2026-01-01T03:27:16Z
batch_0005,order_00008237,order_00008201,ETH-USD,1971.37,212,2026-01-01T02:17:16Z
batch_0005,order_00012914,order_00008201,ETH-USD,1971.37,429,2026-01-01T03:35:13Z
batch_0005,order_00012914,order_00013346,ETH-USD,1971.42,386,2026-01-01T03:42:25Z
batch_0005,order_00007274,order_00013346,ETH-USD,1971.42,309,2026-01-01T03:42:25Z
batch_0005,order_00007274,order_00011834,ETH-USD,1971.43,31,2026-01-01T03:17:13Z
batch_0005,order_00013306,order_00011834,ETH-USD,1971.43,594,2026-01-01T03:41:45Z
batch_0005,order_00012463,order_00011834,ETH-USD,1971.43,224,2026-01-01T03:27:42Z
batch_0005,order_00012463,order_00012362,ETH-USD,1971.67,46,2026-01-01T03:27:42Z
batch_0005,order_00012463,order_00016569,ETH-USD,1971.81,161,2026-01-01T04:36:08Z
batch_0005,order_00007286,order_00016569,ETH-USD,1971.81,238,2026-01-01T04:36:08Z
batch_0005,order_00007286,order_00007878,ETH-USD,1971.88,445,2026-01-01T02:11:17Z
batch_0005,order_00007286,order_00012458,ETH-USD,1972.1,238,2026-01-01T03:27:37Z
batch_0005,order_00014160,order_00012458,ETH-USD,1972.1,94,2026-01-01T03:55:59Z
batch_0005,order_00008091,order_00012458,ETH-USD,1972.1,584,2026-01-01T03:27:37Z
batch_0005,order_00008091,order_00006763,ETH-USD,1972.15,237,2026-01-01T02:14:50Z
batch_0005,order_00016415,order_00006763,ETH-USD,1972.15,253,2026-01-01T04:33:34Z
batch_0005,order_00012161,order_00006763,ETH-USD,1972.15,57,2026-01-01T03:22:40Z
batch_0005,order_00012161,order_00012414,ETH-USD,1972.24,284,2026-01-01T03:26:53Z
batch_0005,order_00012161,order_00012548,ETH-USD,1972.29,576,2026-01-01T03:29:07Z
batch_0005,order_00010622,order_00012548,ETH-USD,1972.29,339,2026-01-01T03:29:07Z
batch_0005,order_00010622,order_00009914,ETH-USD,1972.52,40,2026-01-01T02:57:01Z
batch_0005,order_00007567,order_00009914,ETH-USD,1972.52,483,2026-01-01T02:45:13Z
batch_0005,order_00007567,order_00008057,ETH-USD,1972.57,12,2026-01-01T02:14:16Z
batch_0005,order_00008039,order_00008057,ETH-USD,1972.57,136,2026-01-01T02:14:16Z
batch_0005,order_00014408,order_00008057,ETH-USD,1972.57,215,2026-01-01T04:00:07Z
batch_0005,order_00014408,order_00007006,ETH-USD,1972.8,68,2026-01-01T04:00:07Z
batch_0005,order_00014408,order_00008397,ETH-USD,1972.91,509,2026-01-01T04:00:07Z
batch_0005,order_00009057,order_00008397,ETH-USD,1972.91,71,2026-01-01T02:30:56Z
batch_0005,order_00009057,order_00012799,ETH-USD,1972.98,805,2026-01-01T03:33:18Z
batch_0005,order_00014547,order_00012799,ETH-USD,1972.98,103,2026-01-01T04:02:26Z
batch_0005,order_00014547,order_00008499,ETH-USD,1973.03,213,2026-01-01T04:02:26Z
batch_0005,order_00007875,order_00008499,ETH-USD,1973.03,140,2026-01-01T02:21:38Z
batch_0005,order_00011892,order_00008499,ETH-USD,1973.03,381,2026-01-01T03:18:11Z
batch_0005,order_00011892,order_00007225,ETH-USD,1973.07,349,2026-01-01T03:18:11Z
batch_0005,order_00011892,order_00011475,ETH-USD,1973.09,71,2026-01-01T03:18:11Z
batch_0005,order_00007119,order_00011475,ETH-USD,1973.09,587,2026-01-01T03:11:14Z
batch_0005,order_00009880,order_00011475,ETH-USD,1973.09,105,2026-01-01T03:11:14Z
batch_0005,order_00009880,order_00009639,ETH-USD,1973.2,605,2026-01-01T02:44:39Z
batch_0005,order_00012404,order_00009639,ETH-USD,1973.2,213,2026-01-01T03:26:43Z
batch_0005,order_00012404,order_00010508,ETH-USD,1973.21,612,2026-01-01T03:26:43Z
batch_0005,order_00011675,order_00010508,ETH-USD,1973.21,125,2026-01-01T03:14:34Z
batch_0005,order_00011675,order_00014416,ETH-USD,1973.45,87,2026-01-01T04:00:15Z
batch_0005,order_00016075,order_00014416,ETH-USD,1973.45,112,2026-01-01T04:27:54Z
batch_0005,order_00010678,order_00014416,ETH-USD,1973.45,791,2026-01-01T04:00:15Z
batch_0005,order_00010678,order_00014514,ETH-USD,1973.53,43,2026-01-01T04:01:53Z
batch_0005,order_00012348,order_00014514,ETH-USD,1973.53,756,2026-01-01T04:01:53Z
batch_0005,order_00015977,order_00014514,ETH-USD,1973.53,107,2026-01-01T04:26:16Z
batch_0005,order_00015977,order_00010417,ETH-USD,1973.58,258,2026-01-01T04:26:16Z
batch_0005,order_00013409,order_00010417,ETH-USD,1973.58,190,2026-01-01T03:43:28Z
batch_0005,order_00007344,order_00010417,ETH-USD,1973.58,366,2026-01-01T02:53:36Z
batch_0005,order_00007344,order_00007604,ETH-USD,1973.67,222,2026-01-01T02:06:43Z
batch_0005,order_00007344,order_00011549,ETH-USD,1973.81,54,2026-01-01T03:12:28Z
batch_0005,order_00007709,order_00011549,ETH-USD,1973.81,674,2026-01-01T03:12:28Z
batch_0005,order_00013149,order_00011549,ETH-USD,1973.81,52,2026-01-01T03:39:08Z
batch_0005,order_00008227,order_00011549,ETH-USD,1973.81,27,2026-01-01T03:12:28Z
batch_0005,order_00008227,order_00007861,ETH-USD,1973.86,520,2026-01-01T02:17:06Z
batch_0005,order_00008227,order_00006794,ETH-USD,1973.89,111,2026-01-01T02:17:06Z
batch_0005,order_00010724,order_00006794,ETH-USD,1973.89,78,2026-01-01T02:58:43Z
batch_0005,order_00013182,order_00006794,ETH-USD,1973.89,219,2026-01-01T03:39:41Z
batch_0005,order_00013182,order_00010348,ETH-USD,1974.03,566,2026-01-01T03:39:41Z
batch_0005,order_00007445,order_00010348,ETH-USD,1974.03,52,2026-01-01T02:52:27Z
batch_0005,order_00007445,order_00009328,ETH-USD,1974.08,102,2026-01-01T02:35:27Z
batch_0005,order_00010200,order_00009328,ETH-USD,1974.08,607,2026-01-01T02:49:59Z
batch_0005,order_00010200,order_00013148,ETH-USD,1974.09,239,2026-01-01T03:39:07Z
batch_0005,order_00015974,order_00013148,ETH-USD,1974.09,238,2026-01-01T04:26:13Z
batch_0005,order_00011170,order_00013148,ETH-USD,1974.09,499,2026-01-01T03:39:07Z
batch_0005,order_00011170,order_00007041,ETH-USD,1974.2,125,2026-01-01T03:06:09Z
batch_0005,order_00016283,order_00007041,ETH-USD,1974.2,299,2026-01-01T04:31:22Z
batch_0005,order_00016283,order_00011642,ETH-USD,1974.29,436,2026-01-01T04:31:22Z
batch_0005,order_00007195,order_00011642,ETH-USD,1974.29,49,2026-01-01T03:14:01Z
batch_0005,order_00007195,order_00007675,ETH-USD,1974.35,255,2026-01-01T02:07:54Z
batch_0005,order_00007195,order_00012290,ETH-USD,1974.48,639,2026-01-01T03:24:49Z
batch_0005,order_00008250,order_00012290,ETH-USD,1974.48,352,2026-01-01T03:24:49Z
batch_0005,order_00008250,order_00009070,ETH-USD,1974.59,536,2026-01-01T02:31:09Z
batch_0005,order_00008250,order_00011998,ETH-USD,1974.6,107,2026-01-01T03:19:57Z
batch_0005,order_00010908,order_00011998,ETH-USD,1974.6,712,2026-01-01T03:19:57Z
batch_0005,order_00012887,order_00011998,ETH-USD,1974.6,147,2026-01-01T03:34:46Z
batch_0005,order_00012887,order_00015917,ETH-USD,1974.68,53,2026-01-01T04:25:16Z
batch_0005,order_00008286,order_00015917,ETH-USD,1974.68,207,2026-01-01T04:25:16Z
batch_0005,order_00008286,order_00016247,ETH-USD,1974.69,587,2026-01-01T04:30:46Z
batch_0005,order_00008286,order_00009432,ETH-USD,1974.7,139,2026-01-01T02:37:11Z
batch_0005,order_00012464,order_00009432,ETH-USD,1974.7,260,2026-01-01T03:27:43Z
batch_0005,order_00012464,order_00016464,ETH-USD,1974.79,513,2026-01-01T04:34:23Z
batch_0005,order_00011127,order_00016464,ETH-USD,1974.79,404,2026-01-01T04:34:23Z
batch_0005,order_00011127,order_00011646,ETH-USD,1974.87,168,2026-01-01T03:14:05Z
batch_0005,order_00016314,order_00011646,ETH-USD,1974.87,389,2026-01-01T04:31:53Z
batch_0005,order_00010029,order_00011646,ETH-USD,1974.87,363,2026-01-01T03:14:05Z
batch_0005,order_00010029,order_00007117,ETH-USD,1974.91,9,2026-01-01T02:47:08Z
batch_0005,order_00013107,order_00007117,ETH-USD,1974.91,245,2026-01-01T03:38:26Z
batch_0005,order_00013107,order_00014775,ETH-USD,1975.03,75,2026-01-01T04:06:14Z
batch_0005,order_00010423,order_00014775,ETH-USD,1975.03,403,2026-01-01T04:06:14Z
batch_0005,order_00010423,order_00012096,ETH-USD,1975.07,297,2026-01-01T03:21:35Z
batch_0005,order_00007407,order_00012096,ETH-USD,1975.07,369,2026-01-01T03:21:35Z
batch_0005,order_00007407,order_00013749,ETH-USD,1975.21,289,2026-01-01T03:49:08Z
batch_0005,order_00007407,order_00015699,ETH-USD,1975.21,50,2026-01-01T04:21:38Z
batch_0005,order_00009014,order_00015699,ETH-USD,1975.21,599,2026-01-01T04:21:38Z
batch_0005,order_00009014,order_00011554,ETH-USD,1975.29,148,2026-01-01T03:12:33Z
batch_0005,order_00014679,order_00011554,ETH-USD,1975.29,128,2026-01-01T04:04:38Z
batch_0005,order_00008890,order_00011554,ETH-USD,1975.29,491,2026-01-01T03:12:33Z
batch_0005,order_00008890,order_00010451,ETH-USD,1975.42,296,2026-01-01T02:54:10Z
batch_0005,order_00015098,order_00010451,ETH-USD,1975.42,260,2026-01-01T04:11:37Z
batch_0005,order_00014222,order_00010451,ETH-USD,1975.42,123,2026-01-01T03:57:01Z
batch_0005,order_00015761,order_00010451,ETH-USD,1975.42,280,2026-01-01T04:22:40Z
batch_0005,order_00015761,order_00009818,ETH-USD,1975.46,427,2026-01-01T04:22:40Z
batch_0005,order_00012202,order_00009818,ETH-USD,1975.46,31,2026-01-01T03:23:21Z
batch_0005,order_00012202,order_00012517,ETH-USD,1975.53,247,2026-01-01T03:28:36Z
batch_0005,order_00012202,order_00013851,ETH-USD,1975.55,446,2026-01-01T03:50:50Z
batch_0005,order_00012202,order_00011858,ETH-USD,1975.59,144,2026-01-01T03:23:21Z
batch_0005,order_00013177,order_00011858,ETH-USD,1975.59,168,2026-01-01T03:39:36Z
batch_0005,order_00015346,order_00011858,ETH-USD,1975.59,128,2026-01-01T04:15:45Z
batch_0005,order_00015346,order_00010056,ETH-USD,1975.75,369,2026-01-01T04:15:45Z
batch_0005,order_00015398,order_00010056,ETH-USD,1975.75,344,2026-01-01T04:16:37Z
batch_0005,order_00016071,order_00010056,ETH-USD,1975.75,152,2026-01-01T04:27:50Z
batch_0005,order_00016071,order_00013542,ETH-USD,1975.79,342,2026-01-01T04:27:50Z
batch_0005,order_00016071,order_00009192,ETH-USD,1975.8,266,2026-01-01T04:27:50Z
batch_0005,order_00009094,order_00009192,ETH-USD,1975.8,508,2026-01-01T02:33:11Z
batch_0005,order_00009094,order_00008661,ETH-USD,1976.13,64,2026-01-01T02:31:33Z
batch_0005,order_00006991,order_00008661,ETH-USD,1976.13,336,2026-01-01T02:24:20Z
batch_0005,order_00006991,order_00010782,ETH-USD,1976.17,167,2026-01-01T02:59:41Z
batch_0005,order_00006991,order_00010053,ETH-USD,1976.2,19,2026-01-01T02:47:32Z
batch_0005,order_00011316,order_00010053,ETH-USD,1976.2,66,2026-01-01T03:08:35Z
batch_0005,order_00011316,order_00016517,ETH-USD,1976.27,133,2026-01-01T04:35:16Z
batch_0005,order_00011316,order_00007661,ETH-USD,1976.29,429,2026-01-01T03:08:35Z
batch_0005,order_00011316,order_00013890,ETH-USD,1976.36,42,2026-01-01T03:51:29Z
batch_0005,order_00010514,order_00013890,ETH-USD,1976.36,528,2026-01-01T03:51:29Z
batch_0005,order_00010514,order_00012640,ETH-USD,1976.37,111,2026-01-01T03:30:39Z
batch_0005,order_00007921,order_00012640,ETH-USD,1976.37,108,2026-01-01T03:30:39Z
batch_0005,order_00009628,order_00012640,ETH-USD,1976.37,29,2026-01-01T03:30:39Z
batch_0005,order_00009628,order_00010474,ETH-USD,1976.48,822,2026-01-01T02:54:33Z
batch_0005,order_00009628,order_00009757,ETH-USD,1976.55,131,2026-01-01T02:42:36Z
batch_0005,order_00006730,order_00009757,ETH-USD,1976.55,178,2026-01-01T02:42:36Z
batch_0005,order_00006730,order_00015193,ETH-USD,1976.68,166,2026-01-01T04:13:12Z
batch_0005,order_00007899,order_00015193,ETH-USD,1976.68,54,2026-01-01T04:13:12Z
batch_0005,order_00007899,order_00011766,ETH-USD,1976.77,666,2026-01-01T03:16:05Z
batch_0005,order_00008240,order_00011766,ETH-USD,1976.77,103,2026-01-01T03:16:05Z
batch_0005,order_00015901,order_00011766,ETH-USD,1976.77,141,2026-01-01T04:25:00Z
batch_0005,order_00015901,order_00009226,ETH-USD,1976.91,396,2026-01-01T04:25:00Z
batch_0005,order_00013420,order_00009226,ETH-USD,1976.91,193,2026-01-01T03:43:39Z
batch_0005,order_00013420,order_00014358,ETH-USD,1977.04,627,2026-01-01T03:59:17Z
batch_0005,order_00014449,order_00014358,ETH-USD,1977.04,303,2026-01-01T04:00:48Z
batch_0005,order_00014449,order_00008959,ETH-USD,1977.05,65,2026-01-01T04:00:48Z
batch_0005,order_00013105,order_00008959,ETH-USD,1977.05,76,2026-01-01T03:38:24Z
batch_0005,order_00013265,order_00008959,ETH-USD,1977.05,609,2026-01-01T03:41:04Z
batch_0005,order_00013265,order_00009700,ETH-USD,1977.05,289,2026-01-01T03:41:04Z
batch_0005,order_00013986,order_00009700,ETH-USD,1977.05,707,2026-01-01T03:53:05Z
batch_0005,order_00013986,order_00014634,ETH-USD,1977.12,202,2026-01-01T04:03:53Z
batch_0005,order_00008917,order_00014634,ETH-USD,1977.12,555,2026-01-01T04:03:53Z
batch_0005,order_00011181,order_00014634,ETH-USD,1977.12,119,2026-01-01T04:03:53Z
batch_0005,order_00011181,order_00011208,ETH-USD,1977.21,78,2026-01-01T03:06:47Z
batch_0005,order_00012457,order_00011208,ETH-USD,1977.21,291,2026-01-01T03:27:36Z
batch_0005,order_00012457,order_00013934,ETH-USD,1977.31,30,2026-01-01T03:52:13Z
batch_0005,order_00007082,order_00013934,ETH-USD,1977.31,27,2026-01-01T03:52:13Z
batch_0005,order_00007082,order_00009793,ETH-USD,1977.39,368,2026-01-01T02:43:12Z
batch_0005,order_00007082,order_00012634,ETH-USD,1977.51,98,2026-01-01T03:30:33Z
batch_0005,order_00006691,order_00012634,ETH-USD,1977.51,92,2026-01-01T03:30:33Z
batch_0005,order_00006691,order_00006740,ETH-USD,1977.52,82,2026-01-01T01:52:19Z
batch_0005,order_00006691,order_00008334,ETH-USD,1977.62,808,2026-01-01T02:18:53Z
batch_0005,order_00009205,order_00008334,ETH-USD,1977.62,137,2026-01-01T02:33:24Z
batch_0005,order_00009205,order_00008982,ETH-USD,1977.66,774,2026-01-01T02:33:24Z
batch_0005,order_00007331,order_00008982,ETH-USD,1977.66,116,2026-01-01T02:29:41Z
batch_0005,order_00007331,order_00011583,ETH-USD,1977.71,510,2026-01-01T03:13:02Z
batch_0005,order_00007331,order_00015402,ETH-USD,1977.71,175,2026-01-01T04:16:41Z
batch_0005,order_00007570,order_00015402,ETH-USD,1977.71,96,2026-01-01T04:16:41Z
batch_0005,order_00013304,order_00015402,ETH-USD,1977.71,698,2026-01-01T04:16:41Z
batch_0005,order_00013304,order_00009698,ETH-USD,1977.78,264,2026-01-01T03:41:43Z
batch_0005,order_00013384,order_00009698,ETH-USD,1977.78,267,2026-01-01T03:43:03Z
batch_0005,order_00013384,order_00012676,ETH-USD,1977.79,27,2026-01-01T03:43:03Z
batch_0005,order_00013384,order_00007394,ETH-USD,1977.88,111,2026-01-01T03:43:03Z
batch_0005,order_00008204,order_00007394,ETH-USD,1977.88,87,2026-01-01T02:16:43Z
batch_0005,order_00008204,order_00013153,ETH-USD,1977.96,50,2026-01-01T03:39:12Z
batch_0005,order_00012416,order_00013153,ETH-USD,1977.96,490,2026-01-01T03:39:12Z
batch_0005,order_00012416,order_00012515,ETH-USD,1978.05,217,2026-01-01T03:28:34Z
batch_0005,order_00012416,order_00010220,ETH-USD,1978.25,19,2026-01-01T03:26:55Z
batch_0005,order_00008706,order_00010220,ETH-USD,1978.25,527,2026-01-01T02:50:19Z
batch_0005,order_00008706,order_00007900,ETH-USD,1978.28,395,2026-01-01T02:25:05Z
batch_0005,order_00007203,order_00007900,ETH-USD,1978.28,426,2026-01-01T02:11:39Z
batch_0005,order_00007203,order_00008141,ETH-USD,1978.32,3,2026-01-01T02:15:40Z
batch_0005,order_00007203,order_00010615,ETH-USD,1978.41,432,2026-01-01T02:56:54Z
batch_0005,order_00015829,order_00010615,ETH-USD,1978.41,511,2026-01-01T04:23:48Z
batch_0005,order_00015829,order_00013525,ETH-USD,1978.55,301,2026-01-01T04:23:48Z
batch_0005,order_00011683,order_00013525,ETH-USD,1978.55,29,2026-01-01T03:45:24Z
batch_0005,order_00011683,order_00009321,ETH-USD,1978.81,22,2026-01-01T03:14:42Z
batch_0005,order_00011683,order_00010454,ETH-USD,1978.82,535,2026-01-01T03:14:42Z
batch_0005,order_00010213,order_00010454,ETH-USD,1978.82,324,2026-01-01T02:54:13Z
batch_0005,order_00010213,order_00011540,ETH-USD,1978.83,319,2026-01-01T03:12:19Z
batch_0005,order_00010213,order_00008984,ETH-USD,1978.92,308,2026-01-01T02:50:12Z
batch_0005,order_00007564,order_00008984,ETH-USD,1978.92,315,2026-01-01T02:29:43Z
batch_0005,order_00007564,order_00015240,ETH-USD,1978.96,445,2026-01-01T04:13:59Z
batch_0005,order_00007615,order_00015240,ETH-USD,1978.96,180,2026-01-01T04:13:59Z
batch_0005,order_00015368,order_00015240,ETH-USD,1978.96,358,2026-01-01T04:16:07Z
batch_0005,order_00015368,order_00006778,ETH-USD,1979.06,32,2026-01-01T04:16:07Z
batch_0005,order_00015368,order_00008640,ETH-USD,1979.1,389,2026-01-01T04:16:07Z
batch_0005,order_00015191,order_00008640,ETH-USD,1979.1,45,2026-01-01T04:13:10Z
batch_0005,order_00015191,order_00006952,ETH-USD,1979.21,654,2026-01-01T04:13:10Z
batch_0005,order_00015191,order_00011466,ETH-USD,1979.21,8,2026-01-01T04:13:10Z
batch_0005,order_00014735,order_00011466,ETH-USD,1979.21,1,2026-01-01T04:05:34Z
batch_0005,order_00014999,order_00011466,ETH-USD,1979.21,371,2026-01-01T04:09:58Z
batch_0005,order_00012504,order_00011466,ETH-USD,1979.21,606,2026-01-01T03:28:23Z
batch_0005,order_00012504,order_00007228,ETH-USD,1979.3,189,2026-01-01T03:28:23Z
batch_0005,order_00012504,order_00010365,ETH-USD,1979.45,136,2026-01-01T03:28:23Z
batch_0005,order_00011148,order_00010365,ETH-USD,1979.45,42,2026-01-01T03:05:47Z
batch_0005,order_00011148,order_00009064,ETH-USD,1979.6,118,2026-01-01T03:05:47Z
batch_0005,order_00007253,order_00009064,ETH-USD,1979.6,176,2026-01-01T02:31:03Z
batch_0005,order_00007253,order_00010437,ETH-USD,1979.65,387,2026-01-01T02:53:56Z
batch_0005,order_00007253,order_00012231,ETH-USD,1979.73,96,2026-01-01T03:23:50Z
batch_0005,order_00011293,order_00012231,ETH-USD,1979.73,607,2026-01-01T03:23:50Z
batch_0005,order_00011293,order_00012498,ETH-USD,1979.83,364,2026-01-01T03:28:17Z
batch_0005,order_00011152,order_00012498,ETH-USD,1979.83,330,2026-01-01T03:28:17Z
batch_0005,order_00011152,order_00008611,ETH-USD,1979.89,171,2026-01-01T03:05:51Z
batch_0005,order_00012423,order_00008611,ETH-USD,1979.89,671,2026-01-01T03:27:02Z
batch_0005,order_00006771,order_00008611,ETH-USD,1979.89,118,2026-01-01T02:23:30Z
batch_0005,order_00006771,order_00007032,ETH-USD,1979.9,241,2026-01-01T01:57:11Z
batch_0005,order_00008690,order_00007032,ETH-USD,1979.9,269,2026-01-01T02:24:49Z
batch_0005,order_00010571,order_00007032,ETH-USD,1979.9,290,2026-01-01T02:56:10Z
batch_0005,order_00010923,order_00007032,ETH-USD,1979.9,31,2026-01-01T03:02:02Z
batch_0005,order_00010923,order_00013849,ETH-USD,1979.97,58,2026-01-01T03:50:48Z
batch_0005,order_00012302,order_00013849,ETH-USD,1979.97,38,2026-01-01T03:50:48Z
batch_0005,order_00012302,order_00016246,ETH-USD,1980.06,411,2026-01-01T04:30:45Z
batch_0005,order_00010368,order_00016246,ETH-USD,1980.06,95,2026-01-01T04:30:45Z
batch_0005,order_00010368,order_00006947,ETH-USD,1980.12,15,2026-01-01T02:52:47Z
batch_0005,order_00016495,order_00006947,ETH-USD,1980.12,107,2026-01-01T04:34:54Z
batch_0005,order_00016495,order_00016284,ETH-USD,1980.19,168,2026-01-01T04:34:54Z
batch_0005,order_00013339,order_00016284,ETH-USD,1980.19,465,2026-01-01T04:31:23Z
batch_0005,order_00014947,order_00016284,ETH-USD,1980.19,52,2026-01-01T04:31:23Z
batch_0005,order_00014947,order_00012604,ETH-USD,1980.27,420,2026-01-01T04:09:06Z
batch_0005,order_00014947,order_00011326,ETH-USD,1980.29,319,2026-01-01T04:09:06Z
batch_0005,order_00012529,order_00011326,ETH-USD,1980.29,33,2026-01-01T03:28:48Z
batch_0005,order_00012875,order_00011326,ETH-USD,1980.29,502,2026-01-01T03:34:34Z
batch_0005,order_00009917,order_00011326,ETH-USD,1980.29,115,2026-01-01T03:08:45Z
batch_0005,order_00009917,order_00015042,ETH-USD,1980.29,880,2026-01-01T04:10:41Z
batch_0005,order_00013947,order_00015042,ETH-USD,1980.29,111,2026-01-01T04:10:41Z
batch_0005,order_00013947,order_00009602,ETH-USD,1980.37,344,2026-01-01T03:52:26Z
batch_0005,order_00009582,order_00009602,ETH-USD,1980.37,612,2026-01-01T02:40:01Z
batch_0005,order_00009582,order_00008051,ETH-USD,1980.46,142,2026-01-01T02:39:41Z
batch_0005,order_00011687,order_00008051,ETH-USD,1980.46,128,2026-01-01T03:14:46Z
batch_0005,order_00011687,order_00008306,ETH-USD,1980.48,414,2026-01-01T03:14:46Z
batch_0005,order_00009882,order_00008306,ETH-USD,1980.48,329,2026-01-01T02:44:41Z
batch_0005,order_00009882,order_00007336,ETH-USD,1980.54,69,2026-01-01T02:44:41Z
batch_0005,order_00010883,order_00007336,ETH-USD,1980.54,107,2026-01-01T03:01:22Z
batch_0005,order_00008696,order_00007336,ETH-USD,1980.54,84,2026-01-01T02:24:55Z
batch_0005,order_00008854,order_00007336,ETH-USD,1980.54,427,2026-01-01T02:27:33Z
batch_0005,order_00008854,order_00013047,ETH-USD,1980.57,62,2026-01-01T03:37:26Z
batch_0005,order_00014962,order_00013047,ETH-USD,1980.57,133,2026-01-01T04:09:21Z
batch_0005,order_00014962,order_00009446,ETH-USD,1980.75,516,2026-01-01T04:09:21Z
batch_0005,order_00013834,order_00009446,ETH-USD,1980.75,1,2026-01-01T03:50:33Z
batch_0005,order_00013834,order_00007682,ETH-USD,1980.77,20,2026-01-01T03:50:33Z
batch_0005,order_00011716,order_00007682,ETH-USD,1980.77,1,2026-01-01T03:15:15Z
batch_0005,order_00007825,order_00007682,ETH-USD,1980.77,632,2026-01-01T02:10:24Z
batch_0005,order_00006988,order_00007682,ETH-USD,1980.77,96,2026-01-01T02:08:01Z
batch_0005,order_00014286,order_00007682,ETH-USD,1980.77,183,2026-01-01T03:58:05Z
batch_0005,order_00014286,order_00007248,ETH-USD,1980.95,275,2026-01-01T03:58:05Z
batch_0005,order_00014286,order_00016435,ETH-USD,1980.96,357,2026-01-01T04:33:54Z
batch_0005,order_00007915,order_00016435,ETH-USD,1980.96,359,2026-01-01T04:33:54Z
batch_0005,order_00011363,order_00016435,ETH-USD,1980.96,129,2026-01-01T04:33:54Z
batch_0005,order_00011363,order_00012827,ETH-USD,1981.16,292,2026-01-01T03:33:46Z
batch_0005,order_00011793,order_00012827,ETH-USD,1981.16,40,2026-01-01T03:33:46Z
batch_0005,order_00009368,order_00012827,ETH-USD,1981.16,7,2026-01-01T03:33:46Z
batch_0005,order_00009368,order_00011906,ETH-USD,1981.35,600,2026-01-01T03:18:25Z
batch_0005,order_00010487,order_00011906,ETH-USD,1981.35,125,2026-01-01T03:18:25Z
batch_0005,order_00009608,order_00011906,ETH-USD,1981.35,273,2026-01-01T03:18:25Z
batch_0005,order_00009608,order_00015317,ETH-USD,1981.35,66,2026-01-01T04:15:16Z
batch_0005,order_00009608,order_00016077,ETH-USD,1981.43,205,2026-01-01T04:27:56Z
batch_0005,order_00013702,order_00016077,ETH-USD,1981.43,27,2026-01-01T04:27:56Z
batch_0005,order_00013772,order_00016077,ETH-USD,1981.43,99,2026-01-01T04:27:56Z
batch_0005,order_00013772,order_00009948,ETH-USD,1981.48,173,2026-01-01T03:49:31Z
batch_0005,order_00013416,order_00009948,ETH-USD,1981.48,84,2026-01-01T03:43:35Z
batch_0005,order_00013416,order_00008935,ETH-USD,1981.5,622,2026-01-01T03:43:35Z
batch_0005,order_00013416,order_00014313,ETH-USD,1981.64,250,2026-01-01T03:58:32Z
batch_0005,order_00011744,order_00014313,ETH-USD,1981.64,448,2026-01-01T03:58:32Z
batch_0005,order_00014788,order_00008707,ETH-USD,1981.69,680,2026-01-01T04:06:27Z
batch_0005,order_00009638,order_00008707,ETH-USD,1981.69,145,2026-01-01T02:40:37Z
batch_0005,order_00009638,order_00013484,ETH-USD,1981.72,11,2026-01-01T03:44:43Z
batch_0005,order_00009638,order_00013347,ETH-USD,1981.82,380,2026-01-01T03:42:26Z
batch_0005,order_00009638,order_00008164,ETH-USD,1981.94,454,2026-01-01T02:40:37Z
batch_0005,order_00014064,order_00008164,ETH-USD,1981.94,20,2026-01-01T03:54:23Z
batch_0005,order_00014064,order_00013689,ETH-USD,1981.95,411,2026-01-01T03:54:23Z
batch_0005,order_00010942,order_00013689,ETH-USD,1981.95,475,2026-01-01T03:48:08Z
batch_0005,order_00010942,order_00009023,ETH-USD,1982.0,196,2026-01-01T03:02:21Z
batch_0005,order_00012772,order_00009023,ETH-USD,1982.0,438,2026-01-01T03:32:51Z
batch_0005,order_00012772,order_00008276,ETH-USD,1982.2,368,2026-01-01T03:32:51Z
batch_0005,order_00014623,order_00008276,ETH-USD,1982.2,155,2026-01-01T04:03:42Z
batch_0005,order_00014623,order_00013769,ETH-USD,1982.28,526,2026-01-01T04:03:42Z
batch_0005,order_00014623,order_00011353,ETH-USD,1982.29,115,2026-01-01T04:03:42Z
batch_0005,order_00007390,order_00011353,ETH-USD,1982.29,105,2026-01-01T03:09:12Z
batch_0005,order_00007390,order_00007465,ETH-USD,1982.35,481,2026-01-01T02:04:24Z
batch_0005,order_00007390,order_00009612,ETH-USD,1982.54,223,2026-01-01T02:40:11Z
batch_0005,order_00007390,order_00010364,ETH-USD,1982.57,76,2026-01-01T02:52:43Z
batch_0005,order_00009891,order_00010364,ETH-USD,1982.57,787,2026-01-01T02:52:43Z
batch_0005,order_00009891,order_00014232,ETH-USD,1982.71,41,2026-01-01T03:57:11Z
batch_0005,order_00016291,order_00014232,ETH-USD,1982.71,571,2026-01-01T04:31:30Z
batch_0005,order_00016291,order_00008608,ETH-USD,1983.09,157,2026-01-01T04:31:30Z
batch_0005,order_00016291,order_00010443,ETH-USD,1983.09,220,2026-01-01T04:31:30Z
batch_0005,order_00007997,order_00010443,ETH-USD,1983.09,228,2026-01-01T02:54:02Z
batch_0005,order_00007997,order_00007535,ETH-USD,1983.2,600,2026-01-01T02:13:16Z
batch_0005,order_00007763,order_00007535,ETH-USD,1983.2,128,2026-01-01T02:09:22Z
batch_0005,order_00015444,order_00007535,ETH-USD,1983.2,60,2026-01-01T04:17:23Z
batch_0005,order_00015444,order_00010085,ETH-USD,1983.22,307,2026-01-01T04:17:23Z
batch_0005,order_00015444,order_00013724,ETH-USD,1983.23,143,2026-01-01T04:17:23Z
batch_0005,order_00015444,order_00013143,ETH-USD,1983.27,23,2026-01-01T04:17:23Z
batch_0005,order_00013296,order_00013143,ETH-USD,1983.27,314,2026-01-01T03:41:35Z
batch_0005,order_00013296,order_00012996,ETH-USD,1983.28,143,2026-01-01T03:41:35Z
batch_0005,order_00015433,order_00012996,ETH-USD,1983.28,450,2026-01-01T04:17:12Z
batch_0005,order_00015433,order_00015469,ETH-USD,1983.36,546,2026-01-01T04:17:48Z
batch_0005,order_00015719,order_00015469,ETH-USD,1983.36,178,2026-01-01T04:21:58Z
batch_0005,order_00015719,order_00010483,ETH-USD,1983.37,327,2026-01-01T04:21:58Z
batch_0005,order_00011628,order_00010483,ETH-USD,1983.37,306,2026-01-01T03:13:47Z
batch_0005,order_00011732,order_00010483,ETH-USD,1983.37,87,2026-01-01T03:15:31Z
batch_0005,order_00011732,order_00010059,ETH-USD,1983.47,81,2026-01-01T03:15:31Z
batch_0005,order_00011732,order_00007534,ETH-USD,1983.55,292,2026-01-01T03:15:31Z
batch_0005,order_00013584,order_00007534,ETH-USD,1983.55,507,2026-01-01T03:46:23Z
batch_0005,order_00013584,order_00009930,ETH-USD,1983.65,358,2026-01-01T03:46:23Z
batch_0005,order_00013584,order_00009316,ETH-USD,1983.75,107,2026-01-01T03:46:23Z
batch_0005,order_00014207,order_00009316,ETH-USD,1983.75,263,2026-01-01T03:56:46Z
batch_0005,order_00014207,order_00013587,ETH-USD,1983.76,682,2026-01-01T03:56:46Z
batch_0005,order_00010422,order_00013587,ETH-USD,1983.76,143,2026-01-01T03:46:26Z
batch_0005,order_00010422,order_00009620,ETH-USD,1983.93,215,2026-01-01T02:53:41Z
batch_0005,order_00011224,order_00009620,ETH-USD,1983.93,51,2026-01-01T03:07:03Z
batch_0005,order_00013987,order_00009620,ETH-USD,1983.93,52,2026-01-01T03:53:06Z
batch_0005,order_00013987,order_00007167,ETH-USD,1984.07,383,2026-01-01T03:53:06Z
batch_0005,order_00014344,order_00007167,ETH-USD,1984.07,198,2026-01-01T03:59:03Z
batch_0005,order_00014344,order_00014010,ETH-USD,1984.1,368,2026-01-01T03:59:03Z
batch_0005,order_00014344,order_00016593,ETH-USD,1984.2,19,2026-01-01T04:36:32Z
batch_0005,order_00014344,order_00013645,ETH-USD,1984.34,4,2026-01-01T03:59:03Z
batch_0005,order_00014344,order_00011250,ETH-USD,1984.37,15,2026-01-01T03:59:03Z
batch_0005,order_00014344,order_00011134,ETH-USD,1984.45,335,2026-01-01T03:59:03Z
batch_0005,order_00009552,order_00011134,ETH-USD,1984.45,122,2026-01-01T03:05:33Z
batch_0005,order_00009345,order_00011134,ETH-USD,1984.45,90,2026-01-01T03:05:33Z
batch_0005,order_00009345,order_00012723,ETH-USD,1984.47,354,2026-01-01T03:32:02Z
batch_0005,order_00014672,order_00012723,ETH-USD,1984.47,209,2026-01-01T04:04:31Z
batch_0005,order_00014672,order_00013025,ETH-USD,1984.51,294,2026-01-01T04:04:31Z
batch_0005,order_00015061,order_00015556,ETH-USD,1984.66,291,2026-01-01T04:19:15Z
batch_0005,order_00014106,order_00015556,ETH-USD,1984.66,572,2026-01-01T04:19:15Z
batch_0005,order_00014106,order_00009673,ETH-USD,1984.72,240,2026-01-01T03:55:05Z
batch_0005,order_00010104,order_00009673,ETH-USD,1984.72,151,2026-01-01T02:48:23Z
batch_0005,order_00010104,order_00010013,ETH-USD,1984.73,242,2026-01-01T02:48:23Z
batch_0005,order_00009275,order_00010013,ETH-USD,1984.73,295,2026-01-01T02:46:52Z
batch_0005,order_00009275,order_00011392,ETH-USD,1984.74,417,2026-01-01T03:09:51Z
batch_0005,order_00009275,order_00007149,ETH-USD,1984.76,38,2026-01-01T02:34:34Z
batch_0005,order_00009822,order_00007149,ETH-USD,1984.76,223,2026-01-01T02:43:41Z
batch_0005,order_00007988,order_00007149,ETH-USD,1984.76,364,2026-01-01T02:13:07Z
batch_0005,order_00007077,order_00007149,ETH-USD,1984.76,87,2026-01-01T01:59:08Z
batch_0005,order_00007077,order_00008583,ETH-USD,1984.81,11,2026-01-01T02:23:02Z
batch_0005,order_00008218,order_00008583,ETH-USD,1984.81,26,2026-01-01T02:23:02Z
batch_0005,order_00008510,order_00008583,ETH-USD,1984.81,204,2026-01-01T02:23:02Z
batch_0005,order_00008510,order_00013575,ETH-USD,1984.81,648,2026-01-01T03:46:14Z
batch_0005,order_00009140,order_00013575,ETH-USD,1984.81,27,2026-01-01T03:46:14Z
batch_0005,order_00006902,order_00013575,ETH-USD,1984.81,218,2026-01-01T03:46:14Z
batch_0005,order_00016599,order_00013575,ETH-USD,1984.81,19,2026-01-01T04:36:38Z
batch_0005,order_00016599,order_00010956,ETH-USD,1984.84,465,2026-01-01T04:36:38Z
batch_0005,order_00016599,order_00009955,ETH-USD,1984.94,91,2026-01-01T04:36:38Z
batch_0005,order_00015738,order_00009955,ETH-USD,1984.94,236,2026-01-01T04:22:17Z
batch_0005,order_00015738,order_00015194,ETH-USD,1985.0,244,2026-01-01T04:22:17Z
batch_0005,order_00010006,order_00015194,ETH-USD,1985.0,216,2026-01-01T04:13:13Z
batch_0005,order_00010006,order_00013122,ETH-USD,1985.01,231,2026-01-01T03:38:41Z
batch_0005,order_00016210,order_00013122,ETH-USD,1985.01,239,2026-01-01T04:30:09Z
batch_0005,order_00007002,order_00013122,ETH-USD,1985.01,138,2026-01-01T03:38:41Z
batch_0005,order_00007002,order_00008839,ETH-USD,1985.02,299,2026-01-01T02:27:18Z
batch_0005,order_00008140,order_00008839,ETH-USD,1985.02,22,2026-01-01T02:27:18Z
batch_0005,order_00008140,order_00013309,ETH-USD,1985.08,635,2026-01-01T03:41:48Z
batch_0005,order_00012355,order_00013309,ETH-USD,1985.08,273,2026-01-01T03:41:48Z
batch_0005,order_00012355,order_00012709,ETH-USD,1985.14,413,2026-01-01T03:31:48Z
batch_0005,order_00013978,order_00012709,ETH-USD,1985.14,246,2026-01-01T03:52:57Z
batch_0005,order_00010327,order_00012709,ETH-USD,1985.14,260,2026-01-01T03:31:48Z
batch_0005,order_00010327,order_00009783,ETH-USD,1985.16,97,2026-01-01T02:52:06Z
batch_0005,order_00013064,order_00009783,ETH-USD,1985.16,159,2026-01-01T03:37:43Z
batch_0005,order_00008485,order_00009783,ETH-USD,1985.16,239,2026-01-01T02:43:02Z
batch_0005,order_00016047,order_00009783,ETH-USD,1985.16,205,2026-01-01T04:27:26Z
batch_0005,order_00016047,order_00014641,ETH-USD,1985.21,254,2026-01-01T04:27:26Z
batch_0005,order_00007262,order_00014641,ETH-USD,1985.21,243,2026-01-01T04:04:00Z
batch_0005,order_00007262,order_00012406,ETH-USD,1985.23,538,2026-01-01T03:26:45Z
batch_0005,order_00011443,order_00012406,ETH-USD,1985.23,416,2026-01-01T03:26:45Z
batch_0005,order_00011443,order_00009876,ETH-USD,1985.24,264,2026-01-01T03:10:42Z
batch_0005,order_00011443,order_00008006,ETH-USD,1985.32,13,2026-01-01T03:10:42Z
batch_0005,order_00011143,order_00008006,ETH-USD,1985.32,482,2026-01-01T03:05:42Z
batch_0005,order_00013554,order_00008006,ETH-USD,1985.32,94,2026-01-01T03:45:53Z
batch_0005,order_00013554,order_00010128,ETH-USD,1985.34,151,2026-01-01T03:45:53Z
batch_0005,order_00013554,order_00009260,ETH-USD,1985.36,95,2026-01-01T03:45:53Z
batch_0005,order_00014626,order_00009260,ETH-USD,1985.36,693,2026-01-01T04:03:45Z
batch_0005,order_00009816,order_00009260,ETH-USD,1985.36,45,2026-01-01T02:43:35Z
batch_0005,order_00009816,order_00014771,ETH-USD,1985.4,296,2026-01-01T04:06:10Z
batch_0005,order_00008514,order_00014771,ETH-USD,1985.4,284,2026-01-01T04:06:10Z
batch_0005,order_00008514,order_00009375,ETH-USD,1985.43,228,2026-01-01T02:36:14Z
batch_0005,order_00008514,order_00016306,ETH-USD,1985.45,479,2026-01-01T04:31:45Z
batch_0005,order_00015132,order_00016306,ETH-USD,1985.45,379,2026-01-01T04:31:45Z
batch_0005,order_00015132,order_00010542,ETH-USD,1985.59,70,2026-01-01T04:12:11Z
batch_0005,order_00015132,order_00013871,ETH-USD,1985.62,361,2026-01-01T04:12:11Z
batch_0005,order_00013928,order_00013871,ETH-USD,1985.62,90,2026-01-01T03:52:07Z
batch_0005,order_00016600,order_00013871,ETH-USD,1985.62,140,2026-01-01T04:36:39Z
batch_0005,order_00016600,order_00012485,ETH-USD,1985.66,129,2026-01-01T04:36:39Z
batch_0005,order_00007498,order_00012485,ETH-USD,1985.66,173,2026-01-01T03:28:04Z
batch_0005,order_00007498,order_00013376,ETH-USD,1985.77,123,2026-01-01T03:42:55Z
batch_0005,order_00008821,order_00013376,ETH-USD,1985.77,675,2026-01-01T03:42:55Z
batch_0005,order_00008821,order_00010943,ETH-USD,1985.8,13,2026-01-01T03:02:22Z
batch_0005,order_00013101,order_00010943,ETH-USD,1985.8,17,2026-01-01T03:38:20Z
batch_0005,order_00013101,order_00012110,ETH-USD,1985.8,225,2026-01-01T03:38:20Z
batch_0005,order_00013101,order_00007269,ETH-USD,1985.86,233,2026-01-01T03:38:20Z
batch_0005,order_00013101,order_00010826,ETH-USD,1985.89,63,2026-01-01T03:38:20Z
batch_0005,order_00013101,order_00008815,ETH-USD,1985.9,344,2026-01-01T03:38:20Z
batch_0005,order_00016444,order_00008815,ETH-USD,1985.9,241,2026-01-01T04:34:03Z
batch_0005,order_00016444,order_00009346,ETH-USD,1985.99,279,2026-01-01T04:34:03Z
batch_0005,order_00016444,order_00010714,ETH-USD,1986.08,117,2026-01-01T04:34:03Z
batch_0005,order_00016444,order_00014629,ETH-USD,1986.09,77,2026-01-01T04:34:03Z
batch_0005,order_00011110,order_00014629,ETH-USD,1986.09,532,2026-01-01T04:03:48Z
batch_0005,order_00012479,order_00014629,ETH-USD,1986.09,245,2026-01-01T04:03:48Z
batch_0005,order_00012479,order_00014860,ETH-USD,1986.1,507,2026-01-01T04:07:39Z
batch_0005,order_00016315,order_00014860,ETH-USD,1986.1,14,2026-01-01T04:31:54Z
batch_0005,order_00006831,order_00014860,ETH-USD,1986.1,45,2026-01-01T04:07:39Z
batch_0005,order_00006831,order_00009562,ETH-USD,1986.23,651,2026-01-01T02:39:21Z
batch_0005,order_00006831,order_00014633,ETH-USD,1986.35,48,2026-01-01T04:03:52Z
batch_0005,order_00011688,order_00014633,ETH-USD,1986.35,307,2026-01-01T04:03:52Z
batch_0005,order_00010462,order_00014633,ETH-USD,1986.35,423,2026-01-01T04:03:52Z
batch_0005,order_00010462,order_00008857,ETH-USD,1986.39,253,2026-01-01T02:54:21Z
batch_0005,order_00010489,order_00008857,ETH-USD,1986.39,501,2026-01-01T02:54:48Z
batch_0005,order_00008348,order_00008857,ETH-USD,1986.39,107,2026-01-01T02:27:36Z
batch_0005,order_00008348,order_00013983,ETH-USD,1986.46,33,2026-01-01T03:53:02Z
batch_0005,order_00012629,order_00013983,ETH-USD,1986.46,567,2026-01-01T03:53:02Z
batch_0005,order_00008506,order_00013983,ETH-USD,1986.46,79,2026-01-01T03:53:02Z
batch_0005,order_00008506,order_00008946,ETH-USD,1986.48,148,2026-01-01T02:29:05Z
batch_0005,order_00008506,order_00014550,ETH-USD,1986.5,729,2026-01-01T04:02:29Z
batch_0005,order_00013406,order_00014550,ETH-USD,1986.5,265,2026-01-01T04:02:29Z
batch_0005,order_00013406,order_00012121,ETH-USD,1986.6,532,2026-01-01T03:43:25Z
batch_0005,order_00016044,order_00012121,ETH-USD,1986.6,464,2026-01-01T04:27:23Z
batch_0005,order_00016044,order_00011218,ETH-USD,1986.73,268,2026-01-01T04:27:23Z
batch_0005,order_00009411,order_00011218,ETH-USD,1986.73,137,2026-01-01T03:06:57Z
batch_0005,order_00009411,order_00015133,ETH-USD,1986.8,638,2026-01-01T04:12:12Z
batch_0005,order_00009411,order_00006760,ETH-USD,1987.0,166,2026-01-01T02:36:50Z
batch_0005,order_00010934,order_00006760,ETH-USD,1987.0,417,2026-01-01T03:02:13Z
batch_0005,order_00010934,order_00010672,ETH-USD,1987.01,277,2026-01-01T03:02:13Z
batch_0005,order_00010934,order_00012365,ETH-USD,1987.01,292,2026-01-01T03:26:04Z
batch_0005,order_00013501,order_00012365,ETH-USD,1987.01,514,2026-01-01T03:45:00Z
batch_0005,order_00013501,order_00006791,ETH-USD,1987.02,24,2026-01-01T03:45:00Z
batch_0005,order_00014493,order_00006791,ETH-USD,1987.02,494,2026-01-01T04:01:32Z
batch_0005,order_00011364,order_00006791,ETH-USD,1987.02,422,2026-01-01T03:09:23Z
batch_0005,order_00011364,order_00016160,ETH-USD,1987.05,154,2026-01-01T04:29:19Z
batch_0005,order_00015633,order_00016160,ETH-USD,1987.05,132,2026-01-01T04:29:19Z
batch_0005,order_00015633,order_00014919,ETH-USD,1987.11,340,2026-01-01T04:20:32Z
batch_0005,order_00007698,order_00014919,ETH-USD,1987.11,13,2026-01-01T04:08:38Z
batch_0005,order_00007698,order_00015464,ETH-USD,1987.3,311,2026-01-01T04:17:43Z
batch_0005,order_00016582,order_00015464,ETH-USD,1987.3,266,2026-01-01T04:36:21Z
batch_0005,order_00016582,order_00012977,ETH-USD,1987.4,308,2026-01-01T04:36:21Z
batch_0005,order_00011100,order_00012977,ETH-USD,1987.4,57,2026-01-01T03:36:16Z
batch_0005,order_00011100,order_00016523,ETH-USD,1987.44,814,2026-01-01T04:35:22Z
batch_0005,order_00011100,order_00011515,ETH-USD,1987.46,121,2026-01-01T03:11:54Z
batch_0005,order_00016150,order_00011515,ETH-USD,1987.46,859,2026-01-01T04:29:09Z
batch_0005,order_00016116,order_00011515,ETH-USD,1987.46,10,2026-01-01T04:28:35Z
batch_0005,order_00016116,order_00014293,ETH-USD,1987.53,585,2026-01-01T04:28:35Z
batch_0005,order_00016116,order_00015991,ETH-USD,1987.56,386,2026-01-01T04:28:35Z
batch_0005,order_00011758,order_00015991,ETH-USD,1987.56,587,2026-01-01T04:26:30Z
batch_0005,order_00011758,order_00014421,ETH-USD,1987.85,357,2026-01-01T04:00:20Z
batch_0005,order_00010744,order_00014421,ETH-USD,1987.85,35,2026-01-01T04:00:20Z
batch_0005,order_00010744,order_00010149,ETH-USD,1987.91,231,2026-01-01T02:59:03Z
batch_0005,order_00015131,order_00010149,ETH-USD,1987.91,701,2026-01-01T04:12:10Z
batch_0005,order_00015131,order_00010907,ETH-USD,1987.91,268,2026-01-01T04:12:10Z
batch_0005,order_00011051,order_00010907,ETH-USD,1987.91,60,2026-01-01T03:04:10Z
batch_0005,order_00011051,order_00011298,ETH-USD,1987.99,353,2026-01-01T03:08:17Z
batch_0005,order_00013557,order_00011298,ETH-USD,1987.99,462,2026-01-01T03:45:56Z
batch_0005,order_00013557,order_00010491,ETH-USD,1988.05,513,2026-01-01T03:45:56Z
batch_0005,order_00013557,order_00016025,ETH-USD,1988.07,16,2026-01-01T04:27:04Z
batch_0005,order_00006929,order_00016025,ETH-USD,1988.07,4,2026-01-01T04:27:04Z
batch_0005,order_00011973,order_00016025,ETH-USD,1988.07,273,2026-01-01T04:27:04Z
batch_0005,order_00011973,order_00013582,ETH-USD,1988.13,278,2026-01-01T03:46:21Z
batch_0005,order_00011973,order_00014332,ETH-USD,1988.14,275,2026-01-01T03:58:51Z
batch_0005,order_00012759,order_00014332,ETH-USD,1988.14,13,2026-01-01T03:58:51Z
batch_0005,order_00012759,order_00008491,ETH-USD,1988.18,626,2026-01-01T03:32:38Z
batch_0005,order_00009268,order_00008491,ETH-USD,1988.18,173,2026-01-01T02:34:27Z
batch_0005,order_00015930,order_00008491,ETH-USD,1988.18,83,2026-01-01T04:25:29Z
batch_0005,order_00015721,order_00008491,ETH-USD,1988.18,14,2026-01-01T04:22:00Z
batch_0005,order_00015721,order_00012164,ETH-USD,1988.21,714,2026-01-01T04:22:00Z
batch_0005,order_00015721,order_00010864,ETH-USD,1988.22,115,2026-01-01T04:22:00Z
batch_0005,order_00016534,order_00010864,ETH-USD,1988.22,561,2026-01-01T04:35:33Z
batch_0005,order_00016534,order_00012793,ETH-USD,1988.22,77,2026-01-01T04:35:33Z
batch_0005,order_00016162,order_00012793,ETH-USD,1988.22,133,2026-01-01T04:29:21Z
batch_0005,order_00016162,order_00009024,ETH-USD,1988.25,443,2026-01-01T04:29:21Z
batch_0005,order_00011931,order_00009024,ETH-USD,1988.25,521,2026-01-01T03:18:50Z
batch_0005,order_00011931,order_00009984,ETH-USD,1988.28,239,2026-01-01T03:18:50Z
batch_0005,order_00011638,order_00009984,ETH-USD,1988.28,369,2026-01-01T03:13:57Z
batch_0005,order_00014322,order_00009984,ETH-USD,1988.28,15,2026-01-01T03:58:41Z
batch_0005,order_00013784,order_00009984,ETH-USD,1988.28,140,2026-01-01T03:49:43Z
batch_0005,order_00013784,order_00012250,ETH-USD,1988.29,65,2026-01-01T03:49:43Z
batch_0005,order_00007299,order_00012250,ETH-USD,1988.29,639,2026-01-01T03:24:09Z
batch_0005,order_00007299,order_00011963,ETH-USD,1988.33,216,2026-01-01T03:19:22Z
batch_0005,order_00010867,order_00011963,ETH-USD,1988.33,161,2026-01-01T03:19:22Z
batch_0005,order_00010867,order_00014038,ETH-USD,1988.33,161,2026-01-01T03:53:57Z
batch_0005,order_00009325,order_00014038,ETH-USD,1988.33,38,2026-01-01T03:53:57Z
batch_0005,order_00008479,order_00014038,ETH-USD,1988.33,697,2026-01-01T03:53:57Z
batch_0005,order_00008479,order_00016325,ETH-USD,1988.49,183,2026-01-01T04:32:04Z
batch_0005,order_00013811,order_00016325,ETH-USD,1988.49,72,2026-01-01T04:32:04Z
batch_0005,order_00013811,order_00012177,ETH-USD,1988.72,411,2026-01-01T03:50:10Z
batch_0005,order_00009999,order_00012177,ETH-USD,1988.72,1,2026-01-01T03:22:56Z
batch_0005,order_00009999,order_00013065,ETH-USD,1988.83,15,2026-01-01T03:37:44Z
batch_0005,order_00009999,order_00012624,ETH-USD,1989.03,664,2026-01-01T03:30:23Z
batch_0005,order_00014384,order_00012624,ETH-USD,1989.03,97,2026-01-01T03:59:43Z
batch_0005,order_00014384,order_00008317,ETH-USD,1989.06,26,2026-01-01T03:59:43Z
batch_0005,order_00010331,order_00008317,ETH-USD,1989.06,564,2026-01-01T02:52:10Z
batch_0005,order_00010331,order_00012447,ETH-USD,1989.13,158,2026-01-01T03:27:26Z
batch_0005,order_00010331,order_00006840,ETH-USD,1989.3,172,2026-01-01T02:52:10Z
batch_0005,order_00015204,order_00006840,ETH-USD,1989.3,273,2026-01-01T04:13:23Z
batch_0005,order_00015204,order_00010112,ETH-USD,1989.38,286,2026-01-01T04:13:23Z
batch_0005,order_00012055,order_00010112,ETH-USD,1989.38,179,2026-01-01T03:20:54Z
batch_0005,order_00012526,order_00010112,ETH-USD,1989.38,114,2026-01-01T03:28:45Z
batch_0005,order_00010195,order_00010112,ETH-USD,1989.38,166,2026-01-01T02:49:54Z
batch_0005,order_00010195,order_00008966,ETH-USD,1989.42,78,2026-01-01T02:49:54Z
batch_0005,order_00010746,order_00008966,ETH-USD,1989.42,501,2026-01-01T02:59:05Z
batch_0005,order_00010746,order_00010671,ETH-USD,1989.43,170,2026-01-01T02:59:05Z
batch_0005,order_00010746,order_00014296,ETH-USD,1989.43,130,2026-01-01T03:58:15Z
batch_0005,order_00008562,order_00014296,ETH-USD,1989.43,190,2026-01-01T03:58:15Z
batch_0005,order_00008562,order_00013957,ETH-USD,1989.55,445,2026-01-01T03:52:36Z
batch_0005,order_00015389,order_00013957,ETH-USD,1989.55,126,2026-01-01T04:16:28Z
batch_0005,order_00015389,order_00013036,ETH-USD,1989.57,375,2026-01-01T04:16:28Z
batch_0005,order_00015389,order_00010075,ETH-USD,1989.58,321,2026-01-01T04:16:28Z
batch_0005,order_00009185,order_00010075,ETH-USD,1989.58,287,2026-01-01T02:47:54Z
batch_0005,order_00009185,order_00011629,ETH-USD,1989.68,38,2026-01-01T03:13:48Z
batch_0005,order_00009185,order_00008076,ETH-USD,1989.69,408,2026-01-01T02:33:04Z
batch_0005,order_00006681,order_00008076,ETH-USD,1989.69,11,2026-01-01T02:14:35Z
batch_0005,order_00006681,order_00013367,ETH-USD,1989.88,92,2026-01-01T03:42:46Z
batch_0005,order_00006681,order_00010581,ETH-USD,1989.89,399,2026-01-01T02:56:20Z
batch_0005,order_00008823,order_00010581,ETH-USD,1989.89,102,2026-01-01T02:56:20Z
batch_0005,order_00008823,order_00011205,ETH-USD,1989.94,442,2026-01-01T03:06:44Z
batch_0005,order_00008823,order_00008111,ETH-USD,1990.16,399,2026-01-01T02:27:02Z
batch_0005,order_00012245,order_00008111,ETH-USD,1990.16,191,2026-01-01T03:24:04Z
batch_0005,order_00012245,order_00007649,ETH-USD,1990.25,299,2026-01-01T03:24:04Z
batch_0005,order_00013859,order_00007649,ETH-USD,1990.25,435,2026-01-01T03:50:58Z
batch_0005,order_00014229,order_00007649,ETH-USD,1990.25,117,2026-01-01T03:57:08Z
batch_0005,order_00014229,order_00015270,ETH-USD,1990.32,309,2026-01-01T04:14:29Z
batch_0005,order_00010978,order_00015270,ETH-USD,1990.32,48,2026-01-01T04:14:29Z
batch_0005,order_00010978,order_00008404,ETH-USD,1990.65,603,2026-01-01T03:02:57Z
batch_0005,order_00007505,order_00008404,ETH-USD,1990.65,170,2026-01-01T02:20:03Z
batch_0005,order_00007505,order_00015067,ETH-USD,1990.7,149,2026-01-01T04:11:06Z
batch_0005,order_00007505,order_00007923,ETH-USD,1990.71,91,2026-01-01T02:12:02Z
batch_0005,order_00007505,order_00012818,ETH-USD,1990.72,455,2026-01-01T03:33:37Z
batch_0005,order_00007505,order_00008542,ETH-USD,1990.73,108,2026-01-01T02:22:21Z
batch_0005,order_00010568,order_00008542,ETH-USD,1990.73,613,2026-01-01T02:56:07Z
batch_0005,order_00010568,order_00006736,ETH-USD,1990.96,46,2026-01-01T02:56:07Z
batch_0005,order_00012368,order_00006736,ETH-USD,1990.96,442,2026-01-01T03:26:07Z
batch_0005,order_00012368,order_00010953,ETH-USD,1991.19,374,2026-01-01T03:26:07Z
batch_0005,order_00009391,order_00010953,ETH-USD,1991.19,305,2026-01-01T03:02:32Z
batch_0005,order_00012877,order_00010953,ETH-USD,1991.19,144,2026-01-01T03:34:36Z
batch_0005,order_00014285,order_00010953,ETH-USD,1991.19,22,2026-01-01T03:58:04Z
batch_0005,order_00014285,order_00006801,ETH-USD,1991.31,455,2026-01-01T03:58:04Z
batch_0005,order_00016055,order_00006801,ETH-USD,1991.31,256,2026-01-01T04:27:34Z
batch_0005,order_00016055,order_00013741,ETH-USD,1991.38,213,2026-01-01T04:27:34Z
batch_0005,order_00016055,order_00008519,ETH-USD,1991.45,14,2026-01-01T04:27:34Z
batch_0005,order_00013853,order_00008519,ETH-USD,1991.45,376,2026-01-01T03:50:52Z
batch_0005,order_00013853,order_00011561,ETH-USD,1991.48,470,2026-01-01T03:50:52Z
batch_0005,order_00016010,order_00011561,ETH-USD,1991.48,255,2026-01-01T04:26:49Z
batch_0005,order_00016010,order_00008722,ETH-USD,1991.56,544,2026-01-01T04:26:49Z
batch_0005,order_00016010,order_00013920,ETH-USD,1991.75,23,2026-01-01T04:26:49Z
batch_0005,order_00016010,order_00014003,ETH-USD,1991.81,166,2026-01-01T04:26:49Z
batch_0005,order_00006690,order_00014003,ETH-USD,1991.81,276,2026-01-01T03:53:22Z
batch_0005,order_00006690,order_00014388,ETH-USD,1991.83,2,2026-01-01T03:59:47Z
batch_0005,order_00009183,order_00014388,ETH-USD,1991.83,860,2026-01-01T03:59:47Z
batch_0005,order_00009183,order_00013311,ETH-USD,1992.0,122,2026-01-01T03:41:50Z
batch_0005,order_00015454,order_00013311,ETH-USD,1992.0,136,2026-01-01T04:17:33Z
batch_0005,order_00015454,order_00008644,ETH-USD,1992.02,46,2026-01-01T04:17:33Z
batch_0005,order_00007595,order_00008644,ETH-USD,1992.02,66,2026-01-01T02:24:03Z
batch_0005,order_00007595,order_00014053,ETH-USD,1992.05,515,2026-01-01T03:54:12Z
batch_0005,order_00007595,order_00011039,ETH-USD,1992.06,312,2026-01-01T03:03:58Z
batch_0005,order_00007595,order_00013395,ETH-USD,1992.17,32,2026-01-01T03:43:14Z
batch_0005,order_00009209,order_00013395,ETH-USD,1992.17,592,2026-01-01T03:43:14Z
batch_0005,order_00010713,order_00013395,ETH-USD,1992.17,49,2026-01-01T03:43:14Z
batch_0005,order_00010713,order_00008697,ETH-USD,1992.28,125,2026-01-01T02:58:32Z
batch_0005,order_00010713,order_00013068,ETH-USD,1992.31,428,2026-01-01T03:37:47Z
batch_0005,order_00010713,order_00009743,ETH-USD,1992.35,62,2026-01-01T02:58:32Z
batch_0005,order_00010713,order_00015229,ETH-USD,1992.51,61,2026-01-01T04:13:48Z
batch_0005,order_00010713,order_00015780,ETH-USD,1992.57,12,2026-01-01T04:22:59Z
batch_0005,order_00008460,order_00015780,ETH-USD,1992.57,301,2026-01-01T04:22:59Z
batch_0005,order_00008460,order_00007797,ETH-USD,1992.73,157,2026-01-01T02:20:59Z
batch_0005,order_00008460,order_00014840,ETH-USD,1992.93,177,2026-01-01T04:07:19Z
batch_0005,order_00009652,order_00014840,ETH-USD,1992.93,246,2026-01-01T04:07:19Z
batch_0005,order_00009652,order_00011011,ETH-USD,1993.07,138,2026-01-01T03:03:30Z
batch_0005,order_00009652,order_00016282,ETH-USD,1993.13,149,2026-01-01T04:31:21Z
batch_0005,order_00008058,order_00016282,ETH-USD,1993.13,312,2026-01-01T04:31:21Z
batch_0005,order_00008058,order_00009305,ETH-USD,1993.14,261,2026-01-01T02:35:04Z
batch_0005,order_00010747,order_00009305,ETH-USD,1993.14,425,2026-01-01T02:59:06Z
batch_0005,order_00010747,order_00006696,ETH-USD,1993.33,92,2026-01-01T02:59:06Z
batch_0005,order_00010747,order_00008398,ETH-USD,1993.35,108,2026-01-01T02:59:06Z
batch_0005,order_00009747,order_00008398,ETH-USD,1993.35,193,2026-01-01T02:42:26Z
batch_0005,order_00009899,order_00008398,ETH-USD,1993.35,424,2026-01-01T02:44:58Z
batch_0005,order_00015109,order_00008398,ETH-USD,1993.35,274,2026-01-01T04:11:48Z
batch_0005,order_00015109,order_00007816,ETH-USD,1993.38,472,2026-01-01T04:11:48Z
batch_0005,order_00015109,order_00010977,ETH-USD,1993.42,160,2026-01-01T04:11:48Z
batch_0005,order_00013636,order_00010977,ETH-USD,1993.42,313,2026-01-01T03:47:15Z
batch_0005,order_00013636,order_00010702,ETH-USD,1993.56,206,2026-01-01T03:47:15Z
batch_0005,order_00011244,order_00010702,ETH-USD,1993.56,231,2026-01-01T03:07:23Z
batch_0005,order_00011244,order_00010776,ETH-USD,1993.58,99,2026-01-01T03:07:23Z
batch_0005,order_00011244,order_00014108,ETH-USD,1993.63,312,2026-01-01T03:55:07Z
batch_0005,order_00010506,order_00014108,ETH-USD,1993.63,21,2026-01-01T03:55:07Z
batch_0005,order_00010506,order_00011652,ETH-USD,1993.77,308,2026-01-01T03:14:11Z
batch_0005,order_00010506,order_00007896,ETH-USD,1993.79,82,2026-01-01T02:55:05Z
batch_0005,order_00009658,order_00007896,ETH-USD,1993.79,153,2026-01-01T02:40:57Z
batch_0005,order_00009658,order_00012214,ETH-USD,1993.97,426,2026-01-01T03:23:33Z
batch_0005,order_00009658,order_00015359,ETH-USD,1993.98,227,2026-01-01T04:15:58Z
batch_0005,order_00011042,order_00015359,ETH-USD,1993.98,14,2026-01-01T04:15:58Z
batch_0005,order_00011042,order_00016271,ETH-USD,1994.06,687,2026-01-01T04:31:10Z
batch_0005,order_00012894,order_00016271,ETH-USD,1994.06,110,2026-01-01T04:31:10Z
batch_0005,order_00012894,order_00016217,ETH-USD,1994.18,492,2026-01-01T04:30:16Z
batch_0005,order_00012894,order_00013307,ETH-USD,1994.25,36,2026-01-01T03:41:46Z
batch_0005,order_00012894,order_00014813,ETH-USD,1994.33,278,2026-01-01T04:06:52Z
batch_0005,order_00006980,order_00014813,ETH-USD,1994.33,360,2026-01-01T04:06:52Z
batch_0005,order_00006980,order_00010705,ETH-USD,1994.38,71,2026-01-01T02:58:24Z
batch_0005,order_00012800,order_00010705,ETH-USD,1994.38,7,2026-01-01T03:33:19Z
batch_0005,order_00009404,order_00010705,ETH-USD,1994.38,390,2026-01-01T02:58:24Z
batch_0005,order_00009404,order_00007219,ETH-USD,1994.62,136,2026-01-01T02:36:43Z
batch_0005,order_00015245,order_00007219,ETH-USD,1994.62,154,2026-01-01T04:14:04Z
batch_0005,order_00015245,order_00008264,ETH-USD,1994.62,769,2026-01-01T04:14:04Z
batch_0005,order_00015245,order_00015886,ETH-USD,1994.68,76,2026-01-01T04:24:45Z
batch_0005,order_00010030,order_00015886,ETH-USD,1994.68,116,2026-01-01T04:24:45Z
batch_0005,order_00012057,order_00015886,ETH-USD,1994.68,717,2026-01-01T04:24:45Z
batch_0005,order_00014059,order_00009521,ETH-USD,1994.84,42,2026-01-01T03:54:18Z
batch_0005,order_00014059,order_00006723,ETH-USD,1994.95,264,2026-01-01T03:54:18Z
batch_0005,order_00010389,order_00006723,ETH-USD,1994.95,2,2026-01-01T02:53:08Z
batch_0005,order_00009374,order_00006723,ETH-USD,1994.95,177,2026-01-01T02:36:13Z
batch_0005,order_00009374,order_00016138,ETH-USD,1994.95,200,2026-01-01T04:28:57Z
batch_0005,order_00010234,order_00016138,ETH-USD,1994.95,88,2026-01-01T04:28:57Z
batch_0005,order_00008457,order_00016138,ETH-USD,1994.95,29,2026-01-01T04:28:57Z
batch_0005,order_00008457,order_00009954,ETH-USD,1994.97,487,2026-01-01T02:45:53Z
batch_0005,order_00009682,order_00009954,ETH-USD,1994.97,77,2026-01-01T02:45:53Z
batch_0005,order_00009682,order_00013991,ETH-USD,1995.06,179,2026-01-01T03:53:10Z
batch_0005,order_00009682,order_00016182,ETH-USD,1995.2,407,2026-01-01T04:29:41Z
batch_0005,order_00009682,order_00013506,ETH-USD,1995.3,235,2026-01-01T03:45:05Z
batch_0005,order_00013995,order_00013506,ETH-USD,1995.3,334,2026-01-01T03:53:14Z
batch_0005,order_00013995,order_00014479,ETH-USD,1995.4,425,2026-01-01T04:01:18Z
batch_0005,order_00015965,order_00014479,ETH-USD,1995.4,198,2026-01-01T04:26:04Z
